solid MATLAB_1
facet normal -0.34930706 0.73799479 0.577363193
  outer loop
   vertex 75656.1641 75199.3984 47007.4805
   vertex 75518.75 75210.1953 46910.543
   vertex 75520.8125 75128.9375 47015.6523
  endloop
 endfacet
facet normal -0.780733407 -0.578342855 0.236590147
  outer loop
   vertex 76747.0938 73917.8984 47373.6836
   vertex 76839.7344 73868.2734 47558.1133
   vertex 76665.8438 74080.8672 47503.9648
  endloop
 endfacet
facet normal 0.42271632 0.467199713 0.776553512
  outer loop
   vertex 76871.9609 74702.5781 47703.5078
   vertex 76889.8047 74605.1406 47752.4141
   vertex 76964.4531 74665.5859 47675.4102
  endloop
 endfacet
facet normal -0.302518368 -0.19704625 0.932553172
  outer loop
   vertex 76315.7031 74518.625 47484.1523
   vertex 76294.4688 74703.7656 47516.3828
   vertex 76183.4922 74647.6797 47468.5352
  endloop
 endfacet
facet normal -0.31616503 -0.887167752 -0.336114615
  outer loop
   vertex 76368.2344 74291.8594 47061.0547
   vertex 76008.6953 74435.6484 47019.7422
   vertex 76099.7734 74443.0391 46914.543
  endloop
 endfacet
facet normal 0.0889109373 -0.607245564 -0.789523721
  outer loop
   vertex 76368.2344 74291.8594 47061.0547
   vertex 76099.7734 74443.0391 46914.543
   vertex 76272.8984 74537.4922 46861.3945
  endloop
 endfacet
facet normal 0.1010148 -0.994003415 -0.041871164
  outer loop
   vertex 75321.7891 74620.7109 46482.0352
   vertex 75538.6328 74638.6953 46578.3008
   vertex 75387.0312 74618.6484 46688.3711
  endloop
 endfacet
facet normal 0.507854581 0.722076058 -0.469776452
  outer loop
   vertex 76450.1094 74947.8516 47163.4961
   vertex 76676.3906 74805.9453 47190.0039
   vertex 76392.3359 74878.1484 46993.9062
  endloop
 endfacet
facet normal 0.54460746 -0.162947133 -0.822709501
  outer loop
   vertex 75586.4922 74764.5859 46492.8594
   vertex 75762.875 74916.3125 46579.5664
   vertex 75868.4219 74658.2578 46700.5469
  endloop
 endfacet
facet normal -0.0112675596 0.178385064 -0.983896255
  outer loop
   vertex 77154.6484 74214.2578 46944.168
   vertex 77250.3281 74190.3594 46938.7383
   vertex 77238.6562 74142.7188 46930.2344
  endloop
 endfacet
facet normal -0.0534070134 -0.746488392 -0.663251638
  outer loop
   vertex 77481.0859 73656.0938 47088.2969
   vertex 77440.3281 73592.625 47163.0156
   vertex 77264.1641 73709.9531 47045.1484
  endloop
 endfacet
facet normal -0.514081061 0.266536206 0.81527859
  outer loop
   vertex 74460.7734 74840.2969 46304.9766
   vertex 74651.2031 75002.6406 46371.9727
   vertex 74437.0156 75019.5781 46231.3828
  endloop
 endfacet
facet normal 0.53951937 -0.276827097 -0.79516387
  outer loop
   vertex 74765.7812 74765.5078 45902.3516
   vertex 74662.4297 74748.2734 45838.2266
   vertex 74699.5078 74807.8984 45842.625
  endloop
 endfacet
facet normal 0.327842295 -0.522718549 -0.786946476
  outer loop
   vertex 74827.0312 74665.2734 45994.4492
   vertex 74765.7812 74765.5078 45902.3516
   vertex 74872.8906 74744.6016 45960.8594
  endloop
 endfacet
facet normal -0.122464754 -0.964746177 0.23295328
  outer loop
   vertex 73333.0391 74606.2656 45584.9883
   vertex 73550.5078 74588.7656 45626.8477
   vertex 73421.6875 74626.3047 45714.5977
  endloop
 endfacet
facet normal -0.562701344 -0.230863929 -0.793768883
  outer loop
   vertex 76807.1328 73956.2656 46991.3203
   vertex 76868.7969 73986.6484 46938.7695
   vertex 76877 73915.1719 46953.7422
  endloop
 endfacet
facet normal -0.29097718 -0.307665408 0.90591073
  outer loop
   vertex 73826.8047 74819.5859 46051.3398
   vertex 73988.7812 74702.9922 46063.7695
   vertex 74100.1016 74831.1875 46143.0625
  endloop
 endfacet
facet normal 0.0659445524 -0.930833995 -0.359443188
  outer loop
   vertex 74462.7031 74609.2812 45996.5195
   vertex 74176.2891 74610.2812 45941.3867
   vertex 74367.875 74657.2188 45854.9883
  endloop
 endfacet
facet normal 0.297617793 -0.800024271 -0.520946085
  outer loop
   vertex 75538.6328 74638.6953 46578.3008
   vertex 75321.7891 74620.7109 46482.0352
   vertex 75416.8047 74689.0469 46431.3711
  endloop
 endfacet
facet normal -0.0538537391 -0.0144685004 -0.998444021
  outer loop
   vertex 77016.4062 73977.1641 46924.7031
   vertex 76941.5859 74146.125 46926.293
   vertex 77136.6953 74064.2031 46916.957
  endloop
 endfacet
facet normal 0.153469145 0.240232885 -0.958506823
  outer loop
   vertex 76953.25 74393.0781 46990.0547
   vertex 76941.5859 74146.125 46926.293
   vertex 76754.6875 74288.3125 46932.0039
  endloop
 endfacet
facet normal 0.205318034 0.146995082 -0.967593372
  outer loop
   vertex 76953.25 74393.0781 46990.0547
   vertex 76754.6875 74288.3125 46932.0039
   vertex 76632.3828 74463.8203 46932.7148
  endloop
 endfacet
facet normal -0.244830325 -0.941081941 -0.233287066
  outer loop
   vertex 76008.6953 74435.6484 47019.7422
   vertex 75827.2969 74494.375 46973.2148
   vertex 75865.9688 74512.0234 46861.4219
  endloop
 endfacet
facet normal -0.219512552 -0.941357315 -0.256243378
  outer loop
   vertex 76008.6953 74435.6484 47019.7422
   vertex 75865.9688 74512.0234 46861.4219
   vertex 76099.7734 74443.0391 46914.543
  endloop
 endfacet
facet normal -0.880726039 -0.205756739 0.426598012
  outer loop
   vertex 77457.8203 73836.1406 48560.9297
   vertex 77494.0781 73948.9766 48690.2188
   vertex 77419.5078 73955.8203 48539.5625
  endloop
 endfacet
facet normal -0.665707886 -0.742817581 -0.0710989535
  outer loop
   vertex 77001.7656 73685.5078 47259.2109
   vertex 76871.5625 73791.2578 47373.4102
   vertex 76829.4062 73848.0781 47174.4883
  endloop
 endfacet
facet normal -0.409695446 -0.897601604 0.162668303
  outer loop
   vertex 77181.7344 73663.5469 47687.7227
   vertex 77236.2578 73591.625 47428.1719
   vertex 77398.5938 73561.8828 47672.9102
  endloop
 endfacet
facet normal -0.793816507 -0.497860402 0.349271238
  outer loop
   vertex 76803.9531 73991.2188 47652.0391
   vertex 76839.7344 73868.2734 47558.1133
   vertex 76875.7109 73895.7109 47678.9883
  endloop
 endfacet
facet normal -0.908662379 -0.25727579 0.328849226
  outer loop
   vertex 76880.2578 73843.4688 47650.6641
   vertex 76875.7109 73895.7109 47678.9883
   vertex 76839.7344 73868.2734 47558.1133
  endloop
 endfacet
facet normal -0.383883297 -0.897209048 0.218287691
  outer loop
   vertex 76109.125 74442.2656 47223.5898
   vertex 76008.6953 74435.6484 47019.7422
   vertex 76368.2344 74291.8594 47061.0547
  endloop
 endfacet
facet normal -0.448333681 -0.453823417 -0.770091712
  outer loop
   vertex 76543.5156 74333.2266 46934.6328
   vertex 76709.8203 74123.7578 46961.2578
   vertex 76368.2344 74291.8594 47061.0547
  endloop
 endfacet
facet normal -0.0135953957 -0.0054261405 -0.999892831
  outer loop
   vertex 76754.6875 74288.3125 46932.0039
   vertex 76543.5156 74333.2266 46934.6328
   vertex 76632.3828 74463.8203 46932.7148
  endloop
 endfacet
facet normal -0.0857749358 0.660757124 -0.745682716
  outer loop
   vertex 73666.5078 75003.8281 45712.0273
   vertex 73681.875 74930.5 45645.2852
   vertex 73469.4609 74909.7031 45651.2891
  endloop
 endfacet
facet normal -0.617983103 -0.376714677 0.690060079
  outer loop
   vertex 75481.3672 74882.7969 47069.8086
   vertex 75320.6641 74870.0156 46918.9141
   vertex 75482.1172 74724.1484 46983.8789
  endloop
 endfacet
facet normal -0.0969302282 -0.0335785113 -0.994724572
  outer loop
   vertex 76941.5859 74146.125 46926.293
   vertex 77016.4062 73977.1641 46924.7031
   vertex 76868.7969 73986.6484 46938.7695
  endloop
 endfacet
facet normal 0.501901627 0.795783401 -0.33885619
  outer loop
   vertex 76676.3906 74805.9453 47190.0039
   vertex 76763.8516 74829.4297 47374.7031
   vertex 76969.0547 74723.625 47430.1719
  endloop
 endfacet
facet normal 0.458675653 0.847031057 -0.268616855
  outer loop
   vertex 76906.5703 74687.8203 47210.5625
   vertex 76676.3906 74805.9453 47190.0039
   vertex 76969.0547 74723.625 47430.1719
  endloop
 endfacet
facet normal -0.523819506 -0.742823005 0.416925848
  outer loop
   vertex 75847.0625 74537.9609 47107.8984
   vertex 75668.6953 74655.6797 47093.5273
   vertex 75635.8047 74577.8438 46913.543
  endloop
 endfacet
facet normal -0.462154031 -0.82160759 0.333728313
  outer loop
   vertex 75847.0625 74537.9609 47107.8984
   vertex 75635.8047 74577.8438 46913.543
   vertex 75827.2969 74494.375 46973.2148
  endloop
 endfacet
facet normal 0.454682678 0.116895653 -0.882949054
  outer loop
   vertex 75561.7891 74909.6562 46443.2734
   vertex 75340.8047 74826.3984 46318.4531
   vertex 75452.6172 75007.6484 46400.0312
  endloop
 endfacet
facet normal 0.436418086 0.465057969 -0.770233929
  outer loop
   vertex 76542.4141 74738.6328 46994.707
   vertex 76349.5078 74731.7734 46881.2617
   vertex 76392.3359 74878.1484 46993.9062
  endloop
 endfacet
facet normal 0.446302742 0.420300156 -0.790039003
  outer loop
   vertex 76000.6328 74847 46723.4688
   vertex 76143.8047 74968.0156 46868.7266
   vertex 76190.8906 74798.8359 46805.3242
  endloop
 endfacet
facet normal 0.455363035 0.884985685 -0.0971845388
  outer loop
   vertex 76579.1953 74902.2969 47353.4922
   vertex 76450.1094 74947.8516 47163.4961
   vertex 76302.4531 75032.4766 47242.2969
  endloop
 endfacet
facet normal -0.550092995 0.393406808 0.73663342
  outer loop
   vertex 75731.4688 74922.2578 47238.5312
   vertex 75921.3281 75000.9922 47338.2695
   vertex 75851.8125 75088.4688 47239.6367
  endloop
 endfacet
facet normal -0.480339229 0.458400369 0.747758865
  outer loop
   vertex 75555.0781 74999.4922 47117.0195
   vertex 75681.7422 75102.1172 47135.4727
   vertex 75520.8125 75128.9375 47015.6523
  endloop
 endfacet
facet normal -0.60935837 0.0155309848 0.792742848
  outer loop
   vertex 75083.5703 75021.6953 46724.4023
   vertex 75111.1641 74872.1172 46748.5391
   vertex 75232.75 75018.3359 46839.1367
  endloop
 endfacet
facet normal -0.588754296 -0.283295482 0.757041633
  outer loop
   vertex 74460.7734 74840.2969 46304.9766
   vertex 74324.4453 74661.1797 46131.9258
   vertex 74520.8047 74670.1328 46287.9844
  endloop
 endfacet
facet normal 0.497650981 0.168437317 -0.850865662
  outer loop
   vertex 74765.7812 74765.5078 45902.3516
   vertex 74892.75 74851.0859 45993.5547
   vertex 74872.8906 74744.6016 45960.8594
  endloop
 endfacet
facet normal -0.457220644 -0.156038851 0.875557661
  outer loop
   vertex 73343.1406 74853.7266 45833.7461
   vertex 73230.4766 74874.8594 45778.6797
   vertex 73130.8203 74812.8281 45715.582
  endloop
 endfacet
facet normal 0.225097805 0.721920967 -0.654340208
  outer loop
   vertex 73343.1406 74853.7266 45833.7461
   vertex 73130.8203 74812.8281 45715.582
   vertex 73174.4922 74865.6016 45788.8242
  endloop
 endfacet
facet normal 0.174904421 -0.185724586 -0.966909945
  outer loop
   vertex 73095.7422 74599.4297 45505.1523
   vertex 73109.6797 74654.4844 45497.0977
   vertex 73269.9062 74640.2188 45528.8242
  endloop
 endfacet
facet normal 0.568780661 -0.258191049 -0.780913532
  outer loop
   vertex 73036.5078 74593.9922 45463.8047
   vertex 73109.6797 74654.4844 45497.0977
   vertex 73095.7422 74599.4297 45505.1523
  endloop
 endfacet
facet normal -0.539277017 0.840052545 -0.0590939559
  outer loop
   vertex 73023.7969 74732.9141 45556.2773
   vertex 73130.8203 74812.8281 45715.582
   vertex 73211.7031 74861.3438 45667.0859
  endloop
 endfacet
facet normal -0.210102901 0.801304698 -0.56014961
  outer loop
   vertex 73496.9688 74985.4453 45749.3242
   vertex 73666.5078 75003.8281 45712.0273
   vertex 73469.4609 74909.7031 45651.2891
  endloop
 endfacet
facet normal -0.312313974 0.325031459 0.892644703
  outer loop
   vertex 74437.0156 75019.5781 46231.3828
   vertex 74139.5469 75010.4766 46130.6211
   vertex 74460.7734 74840.2969 46304.9766
  endloop
 endfacet
facet normal -0.848318398 0.378787607 0.369967312
  outer loop
   vertex 77662.0469 74043.3359 48989.0508
   vertex 77577.4609 74057.6172 48780.4805
   vertex 77578.3359 73941.2422 48901.6445
  endloop
 endfacet
facet normal 0.179641575 0.139304563 -0.973818839
  outer loop
   vertex 73600.4922 74809.9844 45599.9688
   vertex 73862.7969 74875.5938 45657.7422
   vertex 73745.9688 74733.4219 45615.8516
  endloop
 endfacet
facet normal -0.228568912 -0.642039418 0.731807113
  outer loop
   vertex 74324.4453 74661.1797 46131.9258
   vertex 73988.7812 74702.9922 46063.7695
   vertex 74077.3906 74622.8594 46021.1367
  endloop
 endfacet
facet normal 0.555751026 -0.182561234 -0.811056197
  outer loop
   vertex 75762.875 74916.3125 46579.5664
   vertex 75586.4922 74764.5859 46492.8594
   vertex 75561.7891 74909.6562 46443.2734
  endloop
 endfacet
facet normal 0.465472102 0.881432652 0.0800761729
  outer loop
   vertex 77481.5391 74336.2344 48029.1953
   vertex 77647.2891 74222.1719 48321.2969
   vertex 77739.7188 74191.6016 48120.4141
  endloop
 endfacet
facet normal 0.428633511 0.896895707 -0.108864218
  outer loop
   vertex 77257.8672 74590.6016 47471.3828
   vertex 76969.0547 74723.625 47430.1719
   vertex 77136.8281 74657.7891 47548.3125
  endloop
 endfacet
facet normal 0.432603687 0.883348048 -0.180416852
  outer loop
   vertex 77257.8672 74590.6016 47471.3828
   vertex 77080.3594 74640.9453 47292.2148
   vertex 76969.0547 74723.625 47430.1719
  endloop
 endfacet
facet normal -0.179555446 0.846867502 0.500574887
  outer loop
   vertex 74331.3672 75079.8594 46091.5078
   vertex 74437.0156 75019.5781 46231.3828
   vertex 74634.1953 75078.5 46202.4258
  endloop
 endfacet
facet normal 0.46494332 0.787542701 -0.404480189
  outer loop
   vertex 74804.6641 75037.6406 46060.4297
   vertex 74743.1484 75016.9922 45949.5078
   vertex 74709.1719 75033.625 45942.8359
  endloop
 endfacet
facet normal -0.312207818 0.936786294 0.15798004
  outer loop
   vertex 78130.2031 74158.6016 49638.9336
   vertex 78185.2031 74140.9688 49852.2266
   vertex 78302.3984 74189.5547 49795.7188
  endloop
 endfacet
facet normal -0.152679622 0.987898052 -0.0273208581
  outer loop
   vertex 78130.2031 74158.6016 49638.9336
   vertex 78302.3984 74189.5547 49795.7188
   vertex 78272.8984 74180.6484 49638.6055
  endloop
 endfacet
facet normal 0.348321378 0.759766579 0.549023688
  outer loop
   vertex 77431.6562 74465.875 47777.1367
   vertex 77307.5 74503.9922 47803.1523
   vertex 77321.6797 74441.1016 47881.1914
  endloop
 endfacet
facet normal 0.00319267972 0.778884411 0.627159357
  outer loop
   vertex 77321.6797 74441.1016 47881.1914
   vertex 77307.5 74503.9922 47803.1523
   vertex 77244.9453 74478.9453 47834.5781
  endloop
 endfacet
facet normal -0.828455806 0.207648173 0.520137668
  outer loop
   vertex 77233.4375 74122.6875 48186.5078
   vertex 77128.6484 74348.2656 47929.5586
   vertex 77174.7734 74154.3047 48080.4531
  endloop
 endfacet
facet normal 0.0194279794 0.975254893 0.22022821
  outer loop
   vertex 77647.2891 74222.1719 48321.2969
   vertex 77433.625 74240.9062 48257.1562
   vertex 77588.6484 74189.0156 48473.2891
  endloop
 endfacet
facet normal 0.300014645 -0.373669595 -0.877702832
  outer loop
   vertex 77566.4844 73600.1172 47141.3242
   vertex 77481.0859 73656.0938 47088.2969
   vertex 77621.3281 73689.8906 47121.8477
  endloop
 endfacet
facet normal 0.458944708 0.885164797 0.0765048116
  outer loop
   vertex 77830.6719 74116.7422 48441.0312
   vertex 77739.7188 74191.6016 48120.4141
   vertex 77647.2891 74222.1719 48321.2969
  endloop
 endfacet
facet normal 0.370084286 0.507468462 -0.778147399
  outer loop
   vertex 76953.25 74393.0781 46990.0547
   vertex 76753.5547 74619.3125 47042.6211
   vertex 77016.1484 74570.75 47135.8359
  endloop
 endfacet
facet normal 0.53935039 0.826728106 -0.160067916
  outer loop
   vertex 77257.8672 74590.6016 47471.3828
   vertex 77505.6875 74444.1406 47549.9375
   vertex 77370 74492.4219 47342.0977
  endloop
 endfacet
facet normal 0.532576621 0.561407506 -0.633390665
  outer loop
   vertex 77257.8672 74590.6016 47471.3828
   vertex 77388.8281 74547.6562 47543.4375
   vertex 77505.6875 74444.1406 47549.9375
  endloop
 endfacet
facet normal 0.390199602 0.847459495 -0.359939814
  outer loop
   vertex 78516.7578 74167.0625 49951.1016
   vertex 78678.1953 74167.6953 50127.6094
   vertex 78744.0547 74099.5469 50038.5586
  endloop
 endfacet
facet normal -0.024016764 0.978633761 0.204203665
  outer loop
   vertex 77647.2891 74222.1719 48321.2969
   vertex 77588.6484 74189.0156 48473.2891
   vertex 77753.9297 74169.7969 48584.8242
  endloop
 endfacet
facet normal -0.518917322 0.789842904 0.326914459
  outer loop
   vertex 77450.2109 74092.2578 48494.8125
   vertex 77577.4609 74057.6172 48780.4805
   vertex 77648.2109 74144.9531 48681.7656
  endloop
 endfacet
facet normal 0.0187092386 0.999633431 -0.0195702463
  outer loop
   vertex 78018.5234 74151.0547 49414.5508
   vertex 78069.7344 74147.2656 49270.2227
   vertex 77940.2969 74148.9297 49231.1523
  endloop
 endfacet
facet normal 0.0218057632 0.999316752 -0.0298416279
  outer loop
   vertex 77959.1875 74143.7812 49072.6719
   vertex 77940.2969 74148.9297 49231.1523
   vertex 78069.7344 74147.2656 49270.2227
  endloop
 endfacet
facet normal 0.602719307 0.632846534 -0.486039817
  outer loop
   vertex 79117.1016 74062.8516 50476.793
   vertex 79130.4453 74000.4453 50412.082
   vertex 78982.6094 74049.375 50292.4648
  endloop
 endfacet
facet normal -0.41559276 0.362986416 0.833980501
  outer loop
   vertex 75555.0781 74999.4922 47117.0195
   vertex 75731.4688 74922.2578 47238.5312
   vertex 75681.7422 75102.1172 47135.4727
  endloop
 endfacet
facet normal -0.439644158 0.827816129 0.348473012
  outer loop
   vertex 78252.3203 74100.4453 50037.8125
   vertex 78410.3984 74161.8828 50091.2969
   vertex 78325.1953 74175.6406 49951.1172
  endloop
 endfacet
facet normal 0.846076548 0.503536999 -0.174942672
  outer loop
   vertex 78652.0469 74067.7812 49830.332
   vertex 78646.5938 74095.6953 49884.3125
   vertex 78710.0391 73984.6406 49871.4844
  endloop
 endfacet
facet normal -0.267907202 -0.724692523 -0.634859443
  outer loop
   vertex 79059.3125 73737.6016 50475.9297
   vertex 79036.0469 73725.9297 50499.0664
   vertex 78978.7109 73764.8047 50478.8945
  endloop
 endfacet
facet normal -0.22728835 0.901065111 0.369353116
  outer loop
   vertex 78482.9766 74127.0078 50221.0469
   vertex 78570.2422 74169.4141 50171.2812
   vertex 78410.3984 74161.8828 50091.2969
  endloop
 endfacet
facet normal 0.56313324 -0.593767226 -0.574735999
  outer loop
   vertex 78711.6328 73901.7422 49854.4766
   vertex 78754.3047 73880.6406 49918.082
   vertex 78619.9219 73860.8203 49806.8867
  endloop
 endfacet
facet normal -0.00156630098 -0.997925282 -0.0643638149
  outer loop
   vertex 78833.3672 73788.1328 50177.543
   vertex 79016.7969 73774.4453 50385.2422
   vertex 78779.5859 73779.0703 50319.4023
  endloop
 endfacet
facet normal 0.871911287 0.275038928 -0.405122548
  outer loop
   vertex 78095.7812 74058.5 49099.7617
   vertex 78200.1719 74098.9375 49351.8906
   vertex 78265.6797 73945.5078 49388.707
  endloop
 endfacet
facet normal 0.965874493 -0.254188031 0.049748905
  outer loop
   vertex 77892.8125 73779.5078 48576.3516
   vertex 77917.8438 73839.0547 48394.5586
   vertex 77938.5547 73956.4062 48592.0156
  endloop
 endfacet
facet normal 0.457055598 0.810522139 -0.366270512
  outer loop
   vertex 78272.8984 74180.6484 49638.6055
   vertex 78344.8516 74105.0078 49561.0039
   vertex 78175.5078 74161.8281 49475.4258
  endloop
 endfacet
facet normal 0.382810652 0.870552421 0.309183568
  outer loop
   vertex 77568.2578 74419.7344 47737.9219
   vertex 77431.6562 74465.875 47777.1367
   vertex 77620.8047 74346.1328 47880.0898
  endloop
 endfacet
facet normal 0.3971183 0.830933988 -0.389673889
  outer loop
   vertex 78646.5938 74095.6953 49884.3125
   vertex 78652.0469 74067.7812 49830.332
   vertex 78555.7891 74083.4844 49765.7266
  endloop
 endfacet
facet normal 0.50276053 0.82277894 -0.265078545
  outer loop
   vertex 78403.1406 74167.8438 49738.0469
   vertex 78516.7578 74167.0625 49951.1016
   vertex 78555.7891 74083.4844 49765.7266
  endloop
 endfacet
facet normal 0.909397662 -0.208890617 -0.359667391
  outer loop
   vertex 79342.7969 74036.625 50665.0234
   vertex 79336.7188 73995.9922 50673.2656
   vertex 79306.7422 73975.4531 50609.3906
  endloop
 endfacet
facet normal -0.12875469 0.655456126 0.744177043
  outer loop
   vertex 77128.6484 74348.2656 47929.5586
   vertex 77321.6797 74441.1016 47881.1914
   vertex 77244.9453 74478.9453 47834.5781
  endloop
 endfacet
facet normal -0.712596893 -0.592275679 0.376052111
  outer loop
   vertex 77863.5078 73852.9062 49480.5508
   vertex 77899.4453 73765.5938 49411.1367
   vertex 77999.0312 73785.5469 49631.2734
  endloop
 endfacet
facet normal -0.240856647 0.853570402 0.461958498
  outer loop
   vertex 75305.9531 75205.7344 46729.7539
   vertex 75365.3125 75150.9297 46861.9766
   vertex 75452.8516 75227.9922 46765.2227
  endloop
 endfacet
facet normal 0.47485429 -0.289618552 0.831044197
  outer loop
   vertex 79288.1094 74084.5625 50770.1562
   vertex 79283.9219 74076.3906 50769.7031
   vertex 79322.6562 74046.5625 50737.1719
  endloop
 endfacet
facet normal -0.603341937 -0.141382098 0.784850061
  outer loop
   vertex 78482.3047 74009.6406 50278.1016
   vertex 78290.8672 74026.6094 50133.9922
   vertex 78320.125 73875.9297 50129.3398
  endloop
 endfacet
facet normal 0.635931969 -0.719970345 0.277908713
  outer loop
   vertex 79059.3125 73737.6016 50475.9297
   vertex 79070.7109 73734.3281 50441.3672
   vertex 79104.8125 73774.3125 50466.9258
  endloop
 endfacet
facet normal -0.594273388 0.0314040221 0.803649783
  outer loop
   vertex 79322.6562 74046.5625 50737.1719
   vertex 79336.4766 74003.9531 50749.0547
   vertex 79351.4688 74020.1172 50759.5117
  endloop
 endfacet
facet normal 0.682926953 0.543464899 -0.48811543
  outer loop
   vertex 78555.7891 74083.4844 49765.7266
   vertex 78710.0391 73984.6406 49871.4844
   vertex 78608.6406 73987.6016 49732.9102
  endloop
 endfacet
facet normal 0.554276586 -0.0251921173 -0.831951201
  outer loop
   vertex 78652.0469 74067.7812 49830.332
   vertex 78710.0391 73984.6406 49871.4844
   vertex 78555.7891 74083.4844 49765.7266
  endloop
 endfacet
facet normal -0.258449703 -0.964502394 0.0542112552
  outer loop
   vertex 77398.5938 73561.8828 47672.9102
   vertex 77236.2578 73591.625 47428.1719
   vertex 77495.2109 73526.8672 47510.5664
  endloop
 endfacet
facet normal 0.504307568 -0.766772568 -0.397157103
  outer loop
   vertex 78853.1094 73865.6094 50053.0352
   vertex 78968.7188 73854.8984 50220.5195
   vertex 78833.3672 73788.1328 50177.543
  endloop
 endfacet
facet normal -0.873491466 -0.240426466 0.423329413
  outer loop
   vertex 77191.9688 73989.5703 48088.4805
   vertex 77321.4375 73824.4453 48261.8359
   vertex 77336.2578 73958.3594 48368.4766
  endloop
 endfacet
facet normal -0.386077732 -0.295239359 0.873943746
  outer loop
   vertex 78638.4688 73915.9062 50381.3828
   vertex 78787.1406 74000.4375 50475.6172
   vertex 78613.0703 74013.9844 50403.2969
  endloop
 endfacet
facet normal -0.447247267 0.796458364 0.406969279
  outer loop
   vertex 78410.3984 74161.8828 50091.2969
   vertex 78252.3203 74100.4453 50037.8125
   vertex 78369.2812 74100.8125 50165.6172
  endloop
 endfacet
facet normal -0.413314015 0.0615864061 0.908503532
  outer loop
   vertex 73673.7734 74920 45979.6719
   vertex 73343.1406 74853.7266 45833.7461
   vertex 73606.1953 74802.8203 45956.8711
  endloop
 endfacet
facet normal -0.736139417 -0.214950323 0.641790569
  outer loop
   vertex 78193.6562 73813.4062 49952.5508
   vertex 78075.0547 73936.7422 49857.8203
   vertex 78037.7109 73824.3047 49777.332
  endloop
 endfacet
facet normal 0.639022768 -0.745723963 0.18853572
  outer loop
   vertex 79104.8125 73774.3125 50466.9258
   vertex 79134.7656 73819.8828 50545.6445
   vertex 79059.3125 73737.6016 50475.9297
  endloop
 endfacet
facet normal 0.852808774 -0.521739781 -0.0224673767
  outer loop
   vertex 79104.8125 73774.3125 50466.9258
   vertex 79188.2188 73909.6797 50489.4961
   vertex 79134.7656 73819.8828 50545.6445
  endloop
 endfacet
facet normal -0.250492245 -0.427308619 0.868712246
  outer loop
   vertex 73243.7578 74732.1797 45745.3008
   vertex 73343.1406 74853.7266 45833.7461
   vertex 73182.4922 74846.1719 45783.707
  endloop
 endfacet
facet normal -0.396971643 -0.3052558 0.865582108
  outer loop
   vertex 73243.7578 74732.1797 45745.3008
   vertex 73506.5156 74703.8516 45855.8203
   vertex 73343.1406 74853.7266 45833.7461
  endloop
 endfacet
facet normal -0.880266428 -0.0922240242 0.465430677
  outer loop
   vertex 77764.8984 73925.3281 49297.6406
   vertex 77698.9375 73803.3984 49148.7227
   vertex 77788.4219 73806.7188 49318.6172
  endloop
 endfacet
facet normal -0.264221162 -0.959971726 0.092959173
  outer loop
   vertex 77545.0938 73590.4609 48009.5977
   vertex 77371.7188 73628.7812 47912.5664
   vertex 77548.4375 73572.3281 47831.9023
  endloop
 endfacet
facet normal 0.583396494 -0.555355072 -0.592645943
  outer loop
   vertex 78834.4531 73918.2891 49985.3008
   vertex 78879.0938 73912.4375 50034.7344
   vertex 78853.1094 73865.6094 50053.0352
  endloop
 endfacet
facet normal 0.356337786 0.381578058 -0.852890134
  outer loop
   vertex 77532.2188 74130.5547 47073.1445
   vertex 77552.4453 74034.3594 47038.5586
   vertex 77444.5 74037.9922 46995.082
  endloop
 endfacet
facet normal 0.967938304 -0.251171291 -0.00290193479
  outer loop
   vertex 77871.5859 73902.5859 47551.9492
   vertex 77839.0625 73778.0938 47477.7422
   vertex 77870.5625 73900.5859 47381.9023
  endloop
 endfacet
facet normal -0.900210381 -0.170034662 0.40088594
  outer loop
   vertex 77494.0781 73948.9766 48690.2188
   vertex 77457.8203 73836.1406 48560.9297
   vertex 77570.2031 73818.9453 48806.0078
  endloop
 endfacet
facet normal 0.260464936 -0.965393722 0.0131515674
  outer loop
   vertex 77629.1328 73615.0156 48148.1055
   vertex 77545.0938 73590.4609 48009.5977
   vertex 77679.625 73626.4219 47985.3516
  endloop
 endfacet
facet normal 0.385386586 -0.921113908 0.055012349
  outer loop
   vertex 77629.1328 73615.0156 48148.1055
   vertex 77679.625 73626.4219 47985.3516
   vertex 77778.9844 73682.2266 48223.6797
  endloop
 endfacet
facet normal 0.0503607839 -0.998395205 -0.0258995257
  outer loop
   vertex 75387.0312 74618.6484 46688.3711
   vertex 75175.5469 74612.4219 46517.2148
   vertex 75321.7891 74620.7109 46482.0352
  endloop
 endfacet
facet normal -0.650299013 -0.580376565 -0.49017778
  outer loop
   vertex 76829.4062 73848.0781 47174.4883
   vertex 76976.7266 73839.5 46989.207
   vertex 76980.6172 73717.9062 47128.0195
  endloop
 endfacet
facet normal -0.157770276 0.579728782 -0.799389184
  outer loop
   vertex 73211.7031 74861.3438 45667.0859
   vertex 73469.4609 74909.7031 45651.2891
   vertex 73322.8984 74751.0781 45565.1758
  endloop
 endfacet
facet normal -0.167470187 0.650577188 -0.740744948
  outer loop
   vertex 73351.1953 74936.5859 45701.6367
   vertex 73469.4609 74909.7031 45651.2891
   vertex 73211.7031 74861.3438 45667.0859
  endloop
 endfacet
facet normal 0.168216616 -0.0519504286 -0.984380186
  outer loop
   vertex 77136.6953 74064.2031 46916.957
   vertex 77238.6562 74142.7188 46930.2344
   vertex 77287.3047 74035.375 46944.2148
  endloop
 endfacet
facet normal 0.975029469 -0.218134493 0.0416512974
  outer loop
   vertex 77848.0156 73789.0938 47325.6953
   vertex 77870.5625 73900.5859 47381.9023
   vertex 77839.0625 73778.0938 47477.7422
  endloop
 endfacet
facet normal 0.588060796 -0.455765903 0.668178082
  outer loop
   vertex 77848.0156 73789.0938 47325.6953
   vertex 77895.3672 73848.2578 47324.3789
   vertex 77870.5625 73900.5859 47381.9023
  endloop
 endfacet
facet normal 0.153089896 -0.773873329 -0.61455965
  outer loop
   vertex 72927.7109 74586.9453 45567.3438
   vertex 72935.25 74600.5859 45552.043
   vertex 72998.3047 74604.7031 45562.5664
  endloop
 endfacet
facet normal -0.379972249 0.35725078 0.853225052
  outer loop
   vertex 79236.5625 74070.875 50725.4805
   vertex 79151.375 74015.4453 50710.75
   vertex 79257.6094 74030.7422 50751.6562
  endloop
 endfacet
facet normal -0.685148776 0.11032109 0.720000267
  outer loop
   vertex 79283.9219 74076.3906 50769.7031
   vertex 79236.5625 74070.875 50725.4805
   vertex 79257.6094 74030.7422 50751.6562
  endloop
 endfacet
facet normal -0.077508375 0.38525334 -0.919550061
  outer loop
   vertex 73023.8828 74583.2344 45460.3594
   vertex 73036.5078 74593.9922 45463.8047
   vertex 73038.5781 74574.1484 45455.3125
  endloop
 endfacet
facet normal -0.705097675 -0.320053518 -0.632774115
  outer loop
   vertex 72918.7734 74597.8828 45571.7695
   vertex 72935.25 74600.5859 45552.043
   vertex 72927.7109 74586.9453 45567.3438
  endloop
 endfacet
facet normal -0.680929482 -0.155941948 0.715553701
  outer loop
   vertex 72956.375 74653.4453 45582.4062
   vertex 73011.9453 74713.4922 45648.3828
   vertex 73000.2891 74724.6016 45639.7031
  endloop
 endfacet
facet normal 0.131251484 -0.776141465 -0.616747439
  outer loop
   vertex 73527.6719 74645.0938 45577.5352
   vertex 73333.0391 74606.2656 45584.9883
   vertex 73269.9062 74640.2188 45528.8242
  endloop
 endfacet
facet normal 0.504707634 0.383520573 -0.77342242
  outer loop
   vertex 73036.5078 74593.9922 45463.8047
   vertex 73095.7422 74599.4297 45505.1523
   vertex 73038.5781 74574.1484 45455.3125
  endloop
 endfacet
facet normal -0.125024021 0.746663094 -0.653347671
  outer loop
   vertex 73124.0859 74737.7266 45542.5859
   vertex 73023.7969 74732.9141 45556.2773
   vertex 73211.7031 74861.3438 45667.0859
  endloop
 endfacet
facet normal 0.252408296 -0.675952613 -0.692371368
  outer loop
   vertex 73333.0391 74606.2656 45584.9883
   vertex 73095.7422 74599.4297 45505.1523
   vertex 73269.9062 74640.2188 45528.8242
  endloop
 endfacet
facet normal 0.0685258135 0.469248116 -0.880403578
  outer loop
   vertex 73124.0859 74737.7266 45542.5859
   vertex 73322.8984 74751.0781 45565.1758
   vertex 73109.6797 74654.4844 45497.0977
  endloop
 endfacet
facet normal -0.0842037648 -0.974436998 0.208284065
  outer loop
   vertex 73176.6641 74627.8516 45622.7695
   vertex 73333.0391 74606.2656 45584.9883
   vertex 73421.6875 74626.3047 45714.5977
  endloop
 endfacet
facet normal -0.242216796 -0.721025646 0.649194121
  outer loop
   vertex 73023.8828 74583.2344 45460.3594
   vertex 73095.7422 74599.4297 45505.1523
   vertex 72979.8828 74627.3359 45492.918
  endloop
 endfacet
facet normal -0.065488942 -0.958706021 0.276756108
  outer loop
   vertex 73333.0391 74606.2656 45584.9883
   vertex 73176.6641 74627.8516 45622.7695
   vertex 73095.7422 74599.4297 45505.1523
  endloop
 endfacet
facet normal 0.301924288 -0.363983542 -0.881111622
  outer loop
   vertex 73527.6719 74645.0938 45577.5352
   vertex 73745.9688 74733.4219 45615.8516
   vertex 73742.0625 74620.1172 45661.3203
  endloop
 endfacet
facet normal 0.36887446 0.463246375 -0.805812895
  outer loop
   vertex 73619.2578 74583.75 45584.1914
   vertex 73527.6719 74645.0938 45577.5352
   vertex 73742.0625 74620.1172 45661.3203
  endloop
 endfacet
facet normal 0.0614479184 -0.979009807 0.194329485
  outer loop
   vertex 73095.7422 74599.4297 45505.1523
   vertex 73176.6641 74627.8516 45622.7695
   vertex 72998.3047 74604.7031 45562.5664
  endloop
 endfacet
facet normal -0.456216097 0.140508428 0.878705978
  outer loop
   vertex 72948.4688 74609.7969 45585.2812
   vertex 72956.375 74653.4453 45582.4062
   vertex 72918.7734 74597.8828 45571.7695
  endloop
 endfacet
facet normal 0.112864166 -0.993091762 0.0320996791
  outer loop
   vertex 77710.8047 73735.3984 48842.0859
   vertex 77846.9297 73748.8438 48779.3242
   vertex 77872.2344 73759.9609 49034.2773
  endloop
 endfacet
facet normal 0.122107372 -0.992221236 0.024224773
  outer loop
   vertex 77730.1641 73743.3281 49069.1758
   vertex 77710.8047 73735.3984 48842.0859
   vertex 77872.2344 73759.9609 49034.2773
  endloop
 endfacet
facet normal -0.162094593 -0.97071141 0.17732659
  outer loop
   vertex 73550.5078 74588.7656 45626.8477
   vertex 73640.9531 74597.0781 45755.043
   vertex 73421.6875 74626.3047 45714.5977
  endloop
 endfacet
facet normal -0.168136209 -0.961669922 0.21661298
  outer loop
   vertex 73640.9531 74597.0781 45755.043
   vertex 73559.6016 74623.1094 45807.4453
   vertex 73421.6875 74626.3047 45714.5977
  endloop
 endfacet
facet normal 0.22556369 -0.720124602 0.656156659
  outer loop
   vertex 72927.7109 74586.9453 45567.3438
   vertex 72998.3047 74604.7031 45562.5664
   vertex 72948.4688 74609.7969 45585.2812
  endloop
 endfacet
facet normal 0.182040408 -0.795754731 0.577612102
  outer loop
   vertex 73048.2734 74672.2812 45639.9102
   vertex 72948.4688 74609.7969 45585.2812
   vertex 72998.3047 74604.7031 45562.5664
  endloop
 endfacet
facet normal -0.146961167 -0.695902526 0.702938199
  outer loop
   vertex 73048.2734 74672.2812 45639.9102
   vertex 72998.3047 74604.7031 45562.5664
   vertex 73176.6641 74627.8516 45622.7695
  endloop
 endfacet
facet normal -0.596484721 -0.64049536 0.483706176
  outer loop
   vertex 72932.4609 74657.9531 45474.9883
   vertex 72979.8828 74627.3359 45492.918
   vertex 72951.3828 74676.9766 45523.5117
  endloop
 endfacet
facet normal -0.186864495 -0.496015966 0.847968042
  outer loop
   vertex 72927.7109 74586.9453 45567.3438
   vertex 72948.4688 74609.7969 45585.2812
   vertex 72918.7734 74597.8828 45571.7695
  endloop
 endfacet
facet normal -0.384148687 -0.498354554 0.777221024
  outer loop
   vertex 72956.375 74653.4453 45582.4062
   vertex 73048.2734 74672.2812 45639.9102
   vertex 73011.9453 74713.4922 45648.3828
  endloop
 endfacet
facet normal -0.546530128 0.153213575 0.823304534
  outer loop
   vertex 72956.375 74653.4453 45582.4062
   vertex 72948.4688 74609.7969 45585.2812
   vertex 73048.2734 74672.2812 45639.9102
  endloop
 endfacet
facet normal 0.1333915 0.457374632 -0.879212797
  outer loop
   vertex 73109.6797 74654.4844 45497.0977
   vertex 73021.75 74681.8359 45497.9844
   vertex 73124.0859 74737.7266 45542.5859
  endloop
 endfacet
facet normal -0.676110923 0.551146924 -0.48898983
  outer loop
   vertex 72956.375 74653.4453 45582.4062
   vertex 72935.25 74600.5859 45552.043
   vertex 72918.7734 74597.8828 45571.7695
  endloop
 endfacet
facet normal -0.124842837 0.748377383 -0.65141809
  outer loop
   vertex 73023.7969 74732.9141 45556.2773
   vertex 73124.0859 74737.7266 45542.5859
   vertex 73021.75 74681.8359 45497.9844
  endloop
 endfacet
facet normal 0.0318090357 0.751156032 -0.659357846
  outer loop
   vertex 73023.7969 74732.9141 45556.2773
   vertex 73021.75 74681.8359 45497.9844
   vertex 72953.8516 74669.7266 45480.918
  endloop
 endfacet
facet normal -0.177843124 -0.976311982 0.123234503
  outer loop
   vertex 73623.6953 74571.4375 45595.1836
   vertex 73550.5078 74588.7656 45626.8477
   vertex 73580.2578 74577.1328 45577.6523
  endloop
 endfacet
facet normal 0.230224177 -0.60053879 -0.765734971
  outer loop
   vertex 73623.6953 74571.4375 45595.1836
   vertex 73580.2578 74577.1328 45577.6523
   vertex 73619.2578 74583.75 45584.1914
  endloop
 endfacet
facet normal -0.750007093 -0.580917954 -0.316265166
  outer loop
   vertex 73580.2578 74577.1328 45577.6523
   vertex 73550.5078 74588.7656 45626.8477
   vertex 73527.6719 74645.0938 45577.5352
  endloop
 endfacet
facet normal 0.0969063789 -0.633039236 -0.768030286
  outer loop
   vertex 73333.0391 74606.2656 45584.9883
   vertex 73527.6719 74645.0938 45577.5352
   vertex 73550.5078 74588.7656 45626.8477
  endloop
 endfacet
facet normal -0.233492866 -0.732583284 0.639376938
  outer loop
   vertex 73095.7422 74599.4297 45505.1523
   vertex 73023.8828 74583.2344 45460.3594
   vertex 73038.5781 74574.1484 45455.3125
  endloop
 endfacet
facet normal 0.865676403 -0.0223576743 -0.500104487
  outer loop
   vertex 73174.4922 74865.6016 45788.8242
   vertex 73130.8203 74812.8281 45715.582
   vertex 73155.7344 74880.0469 45755.6992
  endloop
 endfacet
facet normal 0.116906926 -0.935046554 -0.334694922
  outer loop
   vertex 72979.8828 74627.3359 45492.918
   vertex 72998.3047 74604.7031 45562.5664
   vertex 72935.25 74600.5859 45552.043
  endloop
 endfacet
facet normal -0.201023012 -0.946035147 -0.254179478
  outer loop
   vertex 73095.7422 74599.4297 45505.1523
   vertex 72998.3047 74604.7031 45562.5664
   vertex 72979.8828 74627.3359 45492.918
  endloop
 endfacet
facet normal 0.563749135 0.114587002 -0.817958891
  outer loop
   vertex 72933.6406 74646.9688 45463.8008
   vertex 72953.8516 74669.7266 45480.918
   vertex 72979.8828 74627.3359 45492.918
  endloop
 endfacet
facet normal -0.592049122 -0.605319142 0.53204
  outer loop
   vertex 72979.8828 74627.3359 45492.918
   vertex 72932.4609 74657.9531 45474.9883
   vertex 72933.6406 74646.9688 45463.8008
  endloop
 endfacet
facet normal -0.888738334 -0.446646065 -0.103206173
  outer loop
   vertex 72979.8828 74627.3359 45492.918
   vertex 72956.375 74653.4453 45582.4062
   vertex 72951.3828 74676.9766 45523.5117
  endloop
 endfacet
facet normal -0.779607832 0.515714645 -0.355316758
  outer loop
   vertex 72979.8828 74627.3359 45492.918
   vertex 72935.25 74600.5859 45552.043
   vertex 72956.375 74653.4453 45582.4062
  endloop
 endfacet
facet normal 0.114821263 0.706164181 -0.69867605
  outer loop
   vertex 72944.1406 74684.0078 45493.7539
   vertex 73023.7969 74732.9141 45556.2773
   vertex 72953.8516 74669.7266 45480.918
  endloop
 endfacet
facet normal -0.123241089 0.615763307 -0.778233349
  outer loop
   vertex 72932.4609 74657.9531 45474.9883
   vertex 72944.1406 74684.0078 45493.7539
   vertex 72953.8516 74669.7266 45480.918
  endloop
 endfacet
facet normal -0.166744053 0.472582877 -0.865368009
  outer loop
   vertex 73036.5078 74593.9922 45463.8047
   vertex 73023.8828 74583.2344 45460.3594
   vertex 72979.8828 74627.3359 45492.918
  endloop
 endfacet
facet normal -0.186778292 0.690953314 -0.69835335
  outer loop
   vertex 72933.6406 74646.9688 45463.8008
   vertex 72932.4609 74657.9531 45474.9883
   vertex 72953.8516 74669.7266 45480.918
  endloop
 endfacet
facet normal 0.260899007 -0.111297943 -0.958928823
  outer loop
   vertex 72979.8828 74627.3359 45492.918
   vertex 72953.8516 74669.7266 45480.918
   vertex 73021.75 74681.8359 45497.9844
  endloop
 endfacet
facet normal 0.0151467631 0.0809679702 -0.996601582
  outer loop
   vertex 72979.8828 74627.3359 45492.918
   vertex 73021.75 74681.8359 45497.9844
   vertex 73109.6797 74654.4844 45497.0977
  endloop
 endfacet
facet normal -0.0912494436 0.562628865 -0.821658254
  outer loop
   vertex 73109.6797 74654.4844 45497.0977
   vertex 73036.5078 74593.9922 45463.8047
   vertex 72979.8828 74627.3359 45492.918
  endloop
 endfacet
facet normal -0.418614656 0.541036963 0.729411244
  outer loop
   vertex 73673.7734 74920 45979.6719
   vertex 73878.2969 75051.2031 45999.7305
   vertex 73552.9531 74980.9297 45865.1367
  endloop
 endfacet
facet normal -0.394756854 -0.439466715 0.806868017
  outer loop
   vertex 74872.2812 74696.7031 46515.1953
   vertex 75090.2266 74696.1562 46621.5234
   vertex 74887.9844 74827.0156 46593.8555
  endloop
 endfacet
facet normal 0.146006167 0.111318633 -0.983000696
  outer loop
   vertex 73527.6719 74645.0938 45577.5352
   vertex 73619.2578 74583.75 45584.1914
   vertex 73580.2578 74577.1328 45577.6523
  endloop
 endfacet
facet normal 0.144775346 0.0703254715 -0.986962199
  outer loop
   vertex 73600.4922 74809.9844 45599.9688
   vertex 73745.9688 74733.4219 45615.8516
   vertex 73527.6719 74645.0938 45577.5352
  endloop
 endfacet
facet normal 0.260470778 0.0696875304 -0.962963462
  outer loop
   vertex 73984.8516 74746.6484 45681.4219
   vertex 73745.9688 74733.4219 45615.8516
   vertex 73862.7969 74875.5938 45657.7422
  endloop
 endfacet
facet normal -0.316909075 -0.849164248 0.422479212
  outer loop
   vertex 75090.2266 74696.1562 46621.5234
   vertex 75175.5469 74612.4219 46517.2148
   vertex 75387.0312 74618.6484 46688.3711
  endloop
 endfacet
facet normal 0.496325046 -0.565715611 -0.65850383
  outer loop
   vertex 74872.8906 74744.6016 45960.8594
   vertex 74942.625 74735.3594 46021.3594
   vertex 74827.0312 74665.2734 45994.4492
  endloop
 endfacet
facet normal 0.192860469 0.503076017 -0.842448413
  outer loop
   vertex 73862.7969 74875.5938 45657.7422
   vertex 74034.1016 75002.7344 45772.8789
   vertex 74156.125 74875.4453 45724.8047
  endloop
 endfacet
facet normal 0.460903943 -0.690711319 -0.557212174
  outer loop
   vertex 74765.7812 74765.5078 45902.3516
   vertex 74624.9453 74667.0938 45907.8477
   vertex 74662.4297 74748.2734 45838.2266
  endloop
 endfacet
facet normal 0.222778231 0.0319200121 -0.974346459
  outer loop
   vertex 73862.7969 74875.5938 45657.7422
   vertex 74156.125 74875.4453 45724.8047
   vertex 73984.8516 74746.6484 45681.4219
  endloop
 endfacet
facet normal 0.199931651 -0.219684198 -0.954864502
  outer loop
   vertex 74662.4297 74748.2734 45838.2266
   vertex 74521.5859 74738.6641 45810.9492
   vertex 74624.7109 74809.3438 45816.2812
  endloop
 endfacet
facet normal 0.0528447069 -0.974255085 0.219167709
  outer loop
   vertex 74077.3906 74622.8594 46021.1367
   vertex 74176.2891 74610.2812 45941.3867
   vertex 74324.4453 74661.1797 46131.9258
  endloop
 endfacet
facet normal 0.503630817 -0.587344348 -0.633547604
  outer loop
   vertex 74970.6016 74663.6016 46110.125
   vertex 74827.0312 74665.2734 45994.4492
   vertex 74942.625 74735.3594 46021.3594
  endloop
 endfacet
facet normal 0.327380508 -0.500880718 -0.801211894
  outer loop
   vertex 73742.0625 74620.1172 45661.3203
   vertex 73984.8516 74746.6484 45681.4219
   vertex 74080.6172 74651.1328 45780.2656
  endloop
 endfacet
facet normal 0.216810808 -0.578420341 -0.786398768
  outer loop
   vertex 74367.875 74657.2188 45854.9883
   vertex 74080.6172 74651.1328 45780.2656
   vertex 74286.2578 74762.3438 45755.1602
  endloop
 endfacet
facet normal 0.221313477 -0.585307002 -0.780023098
  outer loop
   vertex 74080.6172 74651.1328 45780.2656
   vertex 73984.8516 74746.6484 45681.4219
   vertex 74286.2578 74762.3438 45755.1602
  endloop
 endfacet
facet normal 0.183044657 -0.687339485 -0.702893376
  outer loop
   vertex 74624.9453 74667.0938 45907.8477
   vertex 74521.5859 74738.6641 45810.9492
   vertex 74662.4297 74748.2734 45838.2266
  endloop
 endfacet
facet normal 0.224481761 -0.813426912 -0.536604702
  outer loop
   vertex 74683.8125 74593.6875 46043.0508
   vertex 74827.0312 74665.2734 45994.4492
   vertex 74840.1016 74595.8984 46105.0781
  endloop
 endfacet
facet normal 0.223408163 -0.812516987 -0.538428187
  outer loop
   vertex 74624.9453 74667.0938 45907.8477
   vertex 74827.0312 74665.2734 45994.4492
   vertex 74683.8125 74593.6875 46043.0508
  endloop
 endfacet
facet normal 0.332523674 -0.519818246 -0.786903441
  outer loop
   vertex 74765.7812 74765.5078 45902.3516
   vertex 74827.0312 74665.2734 45994.4492
   vertex 74624.9453 74667.0938 45907.8477
  endloop
 endfacet
facet normal 0.223544791 -0.0968226865 -0.969872713
  outer loop
   vertex 74286.2578 74762.3438 45755.1602
   vertex 74339.2656 74866.9141 45756.9414
   vertex 74485.2734 74845.9688 45792.6836
  endloop
 endfacet
facet normal 0.171249986 -0.98357594 -0.0570245646
  outer loop
   vertex 73550.5078 74588.7656 45626.8477
   vertex 73742.0625 74620.1172 45661.3203
   vertex 73640.9531 74597.0781 45755.043
  endloop
 endfacet
facet normal 0.0385081656 -0.836403847 0.546759367
  outer loop
   vertex 73550.5078 74588.7656 45626.8477
   vertex 73623.6953 74571.4375 45595.1836
   vertex 73742.0625 74620.1172 45661.3203
  endloop
 endfacet
facet normal 0.265073031 -0.366950542 -0.891674578
  outer loop
   vertex 73984.8516 74746.6484 45681.4219
   vertex 73742.0625 74620.1172 45661.3203
   vertex 73745.9688 74733.4219 45615.8516
  endloop
 endfacet
facet normal 0.169973552 -0.697315395 -0.696319044
  outer loop
   vertex 74521.5859 74738.6641 45810.9492
   vertex 74624.9453 74667.0938 45907.8477
   vertex 74367.875 74657.2188 45854.9883
  endloop
 endfacet
facet normal 0.568388522 -0.42419517 -0.704977274
  outer loop
   vertex 73623.6953 74571.4375 45595.1836
   vertex 73619.2578 74583.75 45584.1914
   vertex 73742.0625 74620.1172 45661.3203
  endloop
 endfacet
facet normal 0.221097603 -0.0904721469 -0.97104615
  outer loop
   vertex 74521.5859 74738.6641 45810.9492
   vertex 74286.2578 74762.3438 45755.1602
   vertex 74485.2734 74845.9688 45792.6836
  endloop
 endfacet
facet normal 0.117265381 -0.634446561 -0.764019907
  outer loop
   vertex 74521.5859 74738.6641 45810.9492
   vertex 74367.875 74657.2188 45854.9883
   vertex 74286.2578 74762.3438 45755.1602
  endloop
 endfacet
facet normal 0.135218233 -0.938324809 -0.318217874
  outer loop
   vertex 74080.6172 74651.1328 45780.2656
   vertex 74176.2891 74610.2812 45941.3867
   vertex 73892.5547 74600.8984 45848.4844
  endloop
 endfacet
facet normal -0.330583423 -0.729290426 0.599040985
  outer loop
   vertex 73506.5156 74703.8516 45855.8203
   vertex 73243.7578 74732.1797 45745.3008
   vertex 73421.6875 74626.3047 45714.5977
  endloop
 endfacet
facet normal 0.0978189707 -0.949292004 -0.298791051
  outer loop
   vertex 74176.2891 74610.2812 45941.3867
   vertex 74080.6172 74651.1328 45780.2656
   vertex 74367.875 74657.2188 45854.9883
  endloop
 endfacet
facet normal 0.170299143 -0.95691222 -0.235196188
  outer loop
   vertex 73742.0625 74620.1172 45661.3203
   vertex 74080.6172 74651.1328 45780.2656
   vertex 73892.5547 74600.8984 45848.4844
  endloop
 endfacet
facet normal 0.0748018846 -0.984083176 -0.161198661
  outer loop
   vertex 73640.9531 74597.0781 45755.043
   vertex 73742.0625 74620.1172 45661.3203
   vertex 73892.5547 74600.8984 45848.4844
  endloop
 endfacet
facet normal 0.102247067 -0.955286145 0.277441829
  outer loop
   vertex 74176.2891 74610.2812 45941.3867
   vertex 74077.3906 74622.8594 46021.1367
   vertex 74010.4062 74595.4688 45951.5234
  endloop
 endfacet
facet normal -0.437065095 -0.495550573 0.750602245
  outer loop
   vertex 74872.2812 74696.7031 46515.1953
   vertex 74709.0078 74761.1406 46462.6562
   vertex 74754.6797 74647.8984 46414.4922
  endloop
 endfacet
facet normal 0.351735711 -0.824483633 -0.443293035
  outer loop
   vertex 74938.8281 74597.4766 46244.2734
   vertex 75131.1172 74680.4531 46242.5156
   vertex 75135.75 74612.7578 46372.0977
  endloop
 endfacet
facet normal 0.409384131 -0.750411987 -0.51892817
  outer loop
   vertex 74840.1016 74595.8984 46105.0781
   vertex 74827.0312 74665.2734 45994.4492
   vertex 74970.6016 74663.6016 46110.125
  endloop
 endfacet
facet normal 0.100042045 -0.970932901 -0.217441753
  outer loop
   vertex 74734.8203 74569.5391 46174.3516
   vertex 74683.8125 74593.6875 46043.0508
   vertex 74840.1016 74595.8984 46105.0781
  endloop
 endfacet
facet normal 0.447500527 -0.839612544 -0.307886362
  outer loop
   vertex 74840.1016 74595.8984 46105.0781
   vertex 74970.6016 74663.6016 46110.125
   vertex 74938.8281 74597.4766 46244.2734
  endloop
 endfacet
facet normal 0.675830364 -0.454382479 -0.580336034
  outer loop
   vertex 74942.625 74735.3594 46021.3594
   vertex 75078.5156 74803.3203 46126.4102
   vertex 74970.6016 74663.6016 46110.125
  endloop
 endfacet
facet normal 0.609786689 -0.390632838 -0.689613104
  outer loop
   vertex 74970.6016 74663.6016 46110.125
   vertex 75078.5156 74803.3203 46126.4102
   vertex 75131.1172 74680.4531 46242.5156
  endloop
 endfacet
facet normal 0.259457409 -0.0647222325 -0.96358335
  outer loop
   vertex 75868.4219 74658.2578 46700.5469
   vertex 76000.6328 74847 46723.4688
   vertex 76115.2812 74700.4766 46764.1797
  endloop
 endfacet
facet normal 0.400090277 0.371547908 -0.837782741
  outer loop
   vertex 76542.4141 74738.6328 46994.707
   vertex 76753.5547 74619.3125 47042.6211
   vertex 76512.8047 74619.2969 46927.6406
  endloop
 endfacet
facet normal 0.219791129 0.137522981 -0.965804994
  outer loop
   vertex 76632.3828 74463.8203 46932.7148
   vertex 76272.8984 74537.4922 46861.3945
   vertex 76512.8047 74619.2969 46927.6406
  endloop
 endfacet
facet normal 0.167601988 -0.128410101 -0.977456093
  outer loop
   vertex 76632.3828 74463.8203 46932.7148
   vertex 76543.5156 74333.2266 46934.6328
   vertex 76272.8984 74537.4922 46861.3945
  endloop
 endfacet
facet normal -0.118018426 0.00827563554 -0.992976904
  outer loop
   vertex 77119.2656 73765.0781 46971.6445
   vertex 77072.3594 73742.9609 46977.0352
   vertex 76976.7266 73839.5 46989.207
  endloop
 endfacet
facet normal -0.129395038 -0.732771516 -0.668058991
  outer loop
   vertex 76021.6406 74521.3594 46821.0273
   vertex 75865.9688 74512.0234 46861.4219
   vertex 75868.4219 74658.2578 46700.5469
  endloop
 endfacet
facet normal 0.157969534 -0.688083231 -0.708228171
  outer loop
   vertex 76272.8984 74537.4922 46861.3945
   vertex 76099.7734 74443.0391 46914.543
   vertex 76021.6406 74521.3594 46821.0273
  endloop
 endfacet
facet normal 0.136421576 -0.734093308 -0.665203869
  outer loop
   vertex 75868.4219 74658.2578 46700.5469
   vertex 75865.9688 74512.0234 46861.4219
   vertex 75653.5469 74581.8047 46740.8477
  endloop
 endfacet
facet normal 0.306628168 -0.611583948 -0.729345083
  outer loop
   vertex 75586.4922 74764.5859 46492.8594
   vertex 75868.4219 74658.2578 46700.5469
   vertex 75538.6328 74638.6953 46578.3008
  endloop
 endfacet
facet normal 0.22067602 -0.861401916 -0.457480937
  outer loop
   vertex 75653.5469 74581.8047 46740.8477
   vertex 75538.6328 74638.6953 46578.3008
   vertex 75868.4219 74658.2578 46700.5469
  endloop
 endfacet
facet normal -0.103892878 -0.803524494 -0.586135328
  outer loop
   vertex 76021.6406 74521.3594 46821.0273
   vertex 76099.7734 74443.0391 46914.543
   vertex 75865.9688 74512.0234 46861.4219
  endloop
 endfacet
facet normal 0.412543535 0.289101034 -0.86384511
  outer loop
   vertex 76512.8047 74619.2969 46927.6406
   vertex 76753.5547 74619.3125 47042.6211
   vertex 76632.3828 74463.8203 46932.7148
  endloop
 endfacet
facet normal 0.495508313 -0.608843803 -0.619500399
  outer loop
   vertex 75538.6328 74638.6953 46578.3008
   vertex 75416.8047 74689.0469 46431.3711
   vertex 75586.4922 74764.5859 46492.8594
  endloop
 endfacet
facet normal 0.35100919 -0.821368515 -0.449606836
  outer loop
   vertex 75274.6172 74669.2734 46356.4844
   vertex 75416.8047 74689.0469 46431.3711
   vertex 75321.7891 74620.7109 46482.0352
  endloop
 endfacet
facet normal -0.0770682618 -0.956793666 -0.280368209
  outer loop
   vertex 75538.6328 74638.6953 46578.3008
   vertex 75653.5469 74581.8047 46740.8477
   vertex 75387.0312 74618.6484 46688.3711
  endloop
 endfacet
facet normal -0.561537683 -0.812761962 -0.155220434
  outer loop
   vertex 76976.7266 73839.5 46989.207
   vertex 76807.1328 73956.2656 46991.3203
   vertex 76877 73915.1719 46953.7422
  endloop
 endfacet
facet normal 0.37017858 -0.865007639 -0.33871752
  outer loop
   vertex 74938.8281 74597.4766 46244.2734
   vertex 74970.6016 74663.6016 46110.125
   vertex 75131.1172 74680.4531 46242.5156
  endloop
 endfacet
facet normal 0.0265156291 0.175306067 -0.984156847
  outer loop
   vertex 77136.6953 74064.2031 46916.957
   vertex 76941.5859 74146.125 46926.293
   vertex 77154.6484 74214.2578 46944.168
  endloop
 endfacet
facet normal -0.47602123 -0.751610219 0.456602484
  outer loop
   vertex 75847.0625 74537.9609 47107.8984
   vertex 76109.125 74442.2656 47223.5898
   vertex 75947.3438 74559.8281 47248.4336
  endloop
 endfacet
facet normal 0.551710904 -0.133360356 -0.823304355
  outer loop
   vertex 76272.8984 74537.4922 46861.3945
   vertex 76234.25 74688.1094 46811.0977
   vertex 76349.5078 74731.7734 46881.2617
  endloop
 endfacet
facet normal 0.268495321 -0.00737539213 -0.963252783
  outer loop
   vertex 76512.8047 74619.2969 46927.6406
   vertex 76272.8984 74537.4922 46861.3945
   vertex 76349.5078 74731.7734 46881.2617
  endloop
 endfacet
facet normal 0.283715814 -0.273783058 -0.918992996
  outer loop
   vertex 76272.8984 74537.4922 46861.3945
   vertex 75868.4219 74658.2578 46700.5469
   vertex 76115.2812 74700.4766 46764.1797
  endloop
 endfacet
facet normal 0.167235434 -0.539232552 -0.825385094
  outer loop
   vertex 76272.8984 74537.4922 46861.3945
   vertex 76021.6406 74521.3594 46821.0273
   vertex 75868.4219 74658.2578 46700.5469
  endloop
 endfacet
facet normal 0.597809553 0.120726183 -0.79249537
  outer loop
   vertex 75012.8594 74944.9141 46098.4531
   vertex 75078.5156 74803.3203 46126.4102
   vertex 74892.75 74851.0859 45993.5547
  endloop
 endfacet
facet normal 0.475326598 0.140832797 -0.868464589
  outer loop
   vertex 76349.5078 74731.7734 46881.2617
   vertex 76234.25 74688.1094 46811.0977
   vertex 76190.8906 74798.8359 46805.3242
  endloop
 endfacet
facet normal 0.373918384 0.0983208939 -0.92223537
  outer loop
   vertex 76190.8906 74798.8359 46805.3242
   vertex 76234.25 74688.1094 46811.0977
   vertex 76115.2812 74700.4766 46764.1797
  endloop
 endfacet
facet normal 0.338211089 -0.218858972 -0.915267169
  outer loop
   vertex 76234.25 74688.1094 46811.0977
   vertex 76272.8984 74537.4922 46861.3945
   vertex 76115.2812 74700.4766 46764.1797
  endloop
 endfacet
facet normal 0.408529609 0.0667240843 -0.910302937
  outer loop
   vertex 76190.8906 74798.8359 46805.3242
   vertex 76115.2812 74700.4766 46764.1797
   vertex 76000.6328 74847 46723.4688
  endloop
 endfacet
facet normal 0.470967174 -0.389924258 -0.791295767
  outer loop
   vertex 75416.8047 74689.0469 46431.3711
   vertex 75274.6172 74669.2734 46356.4844
   vertex 75340.8047 74826.3984 46318.4531
  endloop
 endfacet
facet normal 0.0991333276 -0.989400089 0.106113367
  outer loop
   vertex 74734.8203 74569.5391 46174.3516
   vertex 74938.8281 74597.4766 46244.2734
   vertex 74769.1094 74587.4688 46309.5391
  endloop
 endfacet
facet normal 0.463405162 -0.395502001 -0.792990446
  outer loop
   vertex 75586.4922 74764.5859 46492.8594
   vertex 75416.8047 74689.0469 46431.3711
   vertex 75340.8047 74826.3984 46318.4531
  endloop
 endfacet
facet normal 0.536114156 -0.189825654 -0.822525263
  outer loop
   vertex 75561.7891 74909.6562 46443.2734
   vertex 75586.4922 74764.5859 46492.8594
   vertex 75340.8047 74826.3984 46318.4531
  endloop
 endfacet
facet normal 0.458540082 -0.21651879 -0.861893594
  outer loop
   vertex 76000.6328 74847 46723.4688
   vertex 75868.4219 74658.2578 46700.5469
   vertex 75762.875 74916.3125 46579.5664
  endloop
 endfacet
facet normal 0.557310939 -0.431674123 -0.70926857
  outer loop
   vertex 75131.1172 74680.4531 46242.5156
   vertex 75078.5156 74803.3203 46126.4102
   vertex 75340.8047 74826.3984 46318.4531
  endloop
 endfacet
facet normal 0.548211277 -0.40768531 -0.730244577
  outer loop
   vertex 75274.6172 74669.2734 46356.4844
   vertex 75131.1172 74680.4531 46242.5156
   vertex 75340.8047 74826.3984 46318.4531
  endloop
 endfacet
facet normal -0.0939067304 -0.951871276 0.291757792
  outer loop
   vertex 73892.5547 74600.8984 45848.4844
   vertex 73701.2266 74628.6094 45877.3086
   vertex 73640.9531 74597.0781 45755.043
  endloop
 endfacet
facet normal -0.268534631 -0.65588361 0.705482721
  outer loop
   vertex 73176.6641 74627.8516 45622.7695
   vertex 73421.6875 74626.3047 45714.5977
   vertex 73243.7578 74732.1797 45745.3008
  endloop
 endfacet
facet normal -0.153581604 -0.709271967 0.688001454
  outer loop
   vertex 73048.2734 74672.2812 45639.9102
   vertex 73176.6641 74627.8516 45622.7695
   vertex 73243.7578 74732.1797 45745.3008
  endloop
 endfacet
facet normal -0.228542686 -0.360825032 0.904197752
  outer loop
   vertex 73988.7812 74702.9922 46063.7695
   vertex 74324.4453 74661.1797 46131.9258
   vertex 74100.1016 74831.1875 46143.0625
  endloop
 endfacet
facet normal -0.27114889 -0.61885494 0.737222433
  outer loop
   vertex 73988.7812 74702.9922 46063.7695
   vertex 73745.5781 74706.8594 45977.5625
   vertex 73898.4453 74627.7656 45967.3984
  endloop
 endfacet
facet normal -0.240431353 -0.944169164 0.225249603
  outer loop
   vertex 73898.4453 74627.7656 45967.3984
   vertex 73892.5547 74600.8984 45848.4844
   vertex 74010.4062 74595.4688 45951.5234
  endloop
 endfacet
facet normal -0.432245672 -0.655294299 0.619478047
  outer loop
   vertex 73421.6875 74626.3047 45714.5977
   vertex 73559.6016 74623.1094 45807.4453
   vertex 73506.5156 74703.8516 45855.8203
  endloop
 endfacet
facet normal -0.116441458 -0.980294049 0.159577623
  outer loop
   vertex 74734.8203 74569.5391 46174.3516
   vertex 74769.1094 74587.4688 46309.5391
   vertex 74591.2344 74596.0938 46232.707
  endloop
 endfacet
facet normal 0.266832173 0.831424713 0.487374127
  outer loop
   vertex 74062.6641 75094.625 46029.1523
   vertex 74001.9375 75093.3281 46064.6133
   vertex 74139.5469 75010.4766 46130.6211
  endloop
 endfacet
facet normal -0.425730646 -0.429444164 0.796449065
  outer loop
   vertex 74709.0078 74761.1406 46462.6562
   vertex 74872.2812 74696.7031 46515.1953
   vertex 74887.9844 74827.0156 46593.8555
  endloop
 endfacet
facet normal -0.393665433 -0.565081239 0.725059152
  outer loop
   vertex 74610.4922 74697.1406 46374.582
   vertex 74644.2578 74622.0703 46334.4062
   vertex 74754.6797 74647.8984 46414.4922
  endloop
 endfacet
facet normal -0.383686274 -0.488175124 0.783881307
  outer loop
   vertex 74610.4922 74697.1406 46374.582
   vertex 74754.6797 74647.8984 46414.4922
   vertex 74709.0078 74761.1406 46462.6562
  endloop
 endfacet
facet normal -0.30499053 -0.95087707 0.0530428328
  outer loop
   vertex 74324.4453 74661.1797 46131.9258
   vertex 74462.7031 74609.2812 45996.5195
   vertex 74562.5781 74583.9844 46117.3086
  endloop
 endfacet
facet normal 0.07935711 -0.986574113 -0.142737582
  outer loop
   vertex 73892.5547 74600.8984 45848.4844
   vertex 74176.2891 74610.2812 45941.3867
   vertex 74010.4062 74595.4688 45951.5234
  endloop
 endfacet
facet normal -0.17364718 -0.848025024 0.500699759
  outer loop
   vertex 74077.3906 74622.8594 46021.1367
   vertex 73898.4453 74627.7656 45967.3984
   vertex 74010.4062 74595.4688 45951.5234
  endloop
 endfacet
facet normal -0.235650152 -0.646548569 0.725564599
  outer loop
   vertex 74077.3906 74622.8594 46021.1367
   vertex 73988.7812 74702.9922 46063.7695
   vertex 73898.4453 74627.7656 45967.3984
  endloop
 endfacet
facet normal -0.408128411 -0.417782545 0.811719716
  outer loop
   vertex 73745.5781 74706.8594 45977.5625
   vertex 73606.1953 74802.8203 45956.8711
   vertex 73506.5156 74703.8516 45855.8203
  endloop
 endfacet
facet normal -0.307239711 -0.679492116 0.666253924
  outer loop
   vertex 73745.5781 74706.8594 45977.5625
   vertex 73701.2266 74628.6094 45877.3086
   vertex 73898.4453 74627.7656 45967.3984
  endloop
 endfacet
facet normal -0.110655203 -0.947824717 0.298971146
  outer loop
   vertex 73559.6016 74623.1094 45807.4453
   vertex 73640.9531 74597.0781 45755.043
   vertex 73701.2266 74628.6094 45877.3086
  endloop
 endfacet
facet normal -0.106529489 -0.968711674 0.224163234
  outer loop
   vertex 73892.5547 74600.8984 45848.4844
   vertex 73898.4453 74627.7656 45967.3984
   vertex 73701.2266 74628.6094 45877.3086
  endloop
 endfacet
facet normal -0.331415623 -0.667050719 0.667238355
  outer loop
   vertex 73745.5781 74706.8594 45977.5625
   vertex 73506.5156 74703.8516 45855.8203
   vertex 73701.2266 74628.6094 45877.3086
  endloop
 endfacet
facet normal -0.322409928 -0.633400559 0.70345968
  outer loop
   vertex 73559.6016 74623.1094 45807.4453
   vertex 73701.2266 74628.6094 45877.3086
   vertex 73506.5156 74703.8516 45855.8203
  endloop
 endfacet
facet normal 0.0418942682 -0.870289028 -0.490756422
  outer loop
   vertex 74462.7031 74609.2812 45996.5195
   vertex 74624.9453 74667.0938 45907.8477
   vertex 74683.8125 74593.6875 46043.0508
  endloop
 endfacet
facet normal 0.114682615 -0.915027618 -0.3867459
  outer loop
   vertex 74462.7031 74609.2812 45996.5195
   vertex 74367.875 74657.2188 45854.9883
   vertex 74624.9453 74667.0938 45907.8477
  endloop
 endfacet
facet normal -0.0614385605 -0.951354623 0.301910102
  outer loop
   vertex 74324.4453 74661.1797 46131.9258
   vertex 74176.2891 74610.2812 45941.3867
   vertex 74462.7031 74609.2812 45996.5195
  endloop
 endfacet
facet normal 0.295833617 -0.848246574 -0.439272374
  outer loop
   vertex 75321.7891 74620.7109 46482.0352
   vertex 75135.75 74612.7578 46372.0977
   vertex 75274.6172 74669.2734 46356.4844
  endloop
 endfacet
facet normal 0.292483866 -0.843249679 -0.450980216
  outer loop
   vertex 75131.1172 74680.4531 46242.5156
   vertex 75274.6172 74669.2734 46356.4844
   vertex 75135.75 74612.7578 46372.0977
  endloop
 endfacet
facet normal -0.189202234 -0.923233628 0.334428161
  outer loop
   vertex 74644.2578 74622.0703 46334.4062
   vertex 74591.2344 74596.0938 46232.707
   vertex 74769.1094 74587.4688 46309.5391
  endloop
 endfacet
facet normal 0.172082752 -0.97881341 -0.110958621
  outer loop
   vertex 74938.8281 74597.4766 46244.2734
   vertex 74734.8203 74569.5391 46174.3516
   vertex 74840.1016 74595.8984 46105.0781
  endloop
 endfacet
facet normal -0.0314937867 -0.983187318 -0.179863438
  outer loop
   vertex 74462.7031 74609.2812 45996.5195
   vertex 74683.8125 74593.6875 46043.0508
   vertex 74562.5781 74583.9844 46117.3086
  endloop
 endfacet
facet normal -0.80902344 -0.519434512 -0.275079668
  outer loop
   vertex 76787.7734 74011.1406 46944.6289
   vertex 76807.1328 73956.2656 46991.3203
   vertex 76709.8203 74123.7578 46961.2578
  endloop
 endfacet
facet normal -0.383972675 -0.758428514 0.526641428
  outer loop
   vertex 74520.8047 74670.1328 46287.9844
   vertex 74324.4453 74661.1797 46131.9258
   vertex 74591.2344 74596.0938 46232.707
  endloop
 endfacet
facet normal -0.165859178 -0.797419965 0.58018285
  outer loop
   vertex 74872.2812 74696.7031 46515.1953
   vertex 74754.6797 74647.8984 46414.4922
   vertex 74959.3359 74616.9766 46430.4961
  endloop
 endfacet
facet normal -0.736397088 -0.668451786 0.104362361
  outer loop
   vertex 76368.2344 74291.8594 47061.0547
   vertex 76597.9844 74069.2891 47256.6172
   vertex 76398.7656 74305.3984 47363.1836
  endloop
 endfacet
facet normal 0.0525690466 -0.998476982 -0.0167391691
  outer loop
   vertex 75175.5469 74612.4219 46517.2148
   vertex 75135.75 74612.7578 46372.0977
   vertex 75321.7891 74620.7109 46482.0352
  endloop
 endfacet
facet normal -0.127020851 -0.982718408 0.134648755
  outer loop
   vertex 74734.8203 74569.5391 46174.3516
   vertex 74591.2344 74596.0938 46232.707
   vertex 74562.5781 74583.9844 46117.3086
  endloop
 endfacet
facet normal -0.0259642452 -0.984918118 -0.171061754
  outer loop
   vertex 74683.8125 74593.6875 46043.0508
   vertex 74734.8203 74569.5391 46174.3516
   vertex 74562.5781 74583.9844 46117.3086
  endloop
 endfacet
facet normal -0.167675972 -0.864147186 0.474483281
  outer loop
   vertex 74754.6797 74647.8984 46414.4922
   vertex 74769.1094 74587.4688 46309.5391
   vertex 74959.3359 74616.9766 46430.4961
  endloop
 endfacet
facet normal 0.0943446755 -0.991149306 0.0933922455
  outer loop
   vertex 74769.1094 74587.4688 46309.5391
   vertex 74938.8281 74597.4766 46244.2734
   vertex 74959.3359 74616.9766 46430.4961
  endloop
 endfacet
facet normal 0.010324629 -0.99462676 0.103009582
  outer loop
   vertex 75135.75 74612.7578 46372.0977
   vertex 74959.3359 74616.9766 46430.4961
   vertex 74938.8281 74597.4766 46244.2734
  endloop
 endfacet
facet normal -0.0226165522 -0.999736726 0.00387618993
  outer loop
   vertex 75135.75 74612.7578 46372.0977
   vertex 75175.5469 74612.4219 46517.2148
   vertex 74959.3359 74616.9766 46430.4961
  endloop
 endfacet
facet normal -0.252339095 -0.820467591 0.512989223
  outer loop
   vertex 75090.2266 74696.1562 46621.5234
   vertex 74872.2812 74696.7031 46515.1953
   vertex 74959.3359 74616.9766 46430.4961
  endloop
 endfacet
facet normal -0.217030063 -0.840189099 0.496971101
  outer loop
   vertex 75175.5469 74612.4219 46517.2148
   vertex 75090.2266 74696.1562 46621.5234
   vertex 74959.3359 74616.9766 46430.4961
  endloop
 endfacet
facet normal -0.366861016 -0.867963731 0.334741652
  outer loop
   vertex 75827.2969 74494.375 46973.2148
   vertex 76008.6953 74435.6484 47019.7422
   vertex 75847.0625 74537.9609 47107.8984
  endloop
 endfacet
facet normal -0.294239372 -0.940179408 0.171714589
  outer loop
   vertex 74562.5781 74583.9844 46117.3086
   vertex 74591.2344 74596.0938 46232.707
   vertex 74324.4453 74661.1797 46131.9258
  endloop
 endfacet
facet normal -0.144598782 -0.865982413 0.478712469
  outer loop
   vertex 74754.6797 74647.8984 46414.4922
   vertex 74644.2578 74622.0703 46334.4062
   vertex 74769.1094 74587.4688 46309.5391
  endloop
 endfacet
facet normal -0.324239999 -0.669265628 -0.66854465
  outer loop
   vertex 76272.8984 74537.4922 46861.3945
   vertex 76543.5156 74333.2266 46934.6328
   vertex 76368.2344 74291.8594 47061.0547
  endloop
 endfacet
facet normal -0.464492172 -0.769314647 0.438636571
  outer loop
   vertex 74520.8047 74670.1328 46287.9844
   vertex 74591.2344 74596.0938 46232.707
   vertex 74644.2578 74622.0703 46334.4062
  endloop
 endfacet
facet normal -0.474333495 -0.571635842 0.669507444
  outer loop
   vertex 74520.8047 74670.1328 46287.9844
   vertex 74644.2578 74622.0703 46334.4062
   vertex 74610.4922 74697.1406 46374.582
  endloop
 endfacet
facet normal -0.285314322 -0.957062721 -0.0512507968
  outer loop
   vertex 75653.5469 74581.8047 46740.8477
   vertex 75865.9688 74512.0234 46861.4219
   vertex 75635.8047 74577.8438 46913.543
  endloop
 endfacet
facet normal -0.318738103 -0.913055837 -0.254430771
  outer loop
   vertex 75865.9688 74512.0234 46861.4219
   vertex 75827.2969 74494.375 46973.2148
   vertex 75635.8047 74577.8438 46913.543
  endloop
 endfacet
facet normal -0.423904806 -0.874079406 0.237255022
  outer loop
   vertex 76008.6953 74435.6484 47019.7422
   vertex 76109.125 74442.2656 47223.5898
   vertex 75847.0625 74537.9609 47107.8984
  endloop
 endfacet
facet normal -0.367610961 -0.897533476 0.24350737
  outer loop
   vertex 75387.0312 74618.6484 46688.3711
   vertex 75635.8047 74577.8438 46913.543
   vertex 75437.7578 74642.7109 46853.6367
  endloop
 endfacet
facet normal -0.129882544 -0.990873516 -0.0360585228
  outer loop
   vertex 75653.5469 74581.8047 46740.8477
   vertex 75635.8047 74577.8438 46913.543
   vertex 75387.0312 74618.6484 46688.3711
  endloop
 endfacet
facet normal -0.623769939 -0.473976225 -0.62149626
  outer loop
   vertex 76652.3359 74045.3516 47078.7422
   vertex 76709.8203 74123.7578 46961.2578
   vertex 76807.1328 73956.2656 46991.3203
  endloop
 endfacet
facet normal -0.63714844 -0.545830071 -0.544161201
  outer loop
   vertex 76829.4062 73848.0781 47174.4883
   vertex 76980.6172 73717.9062 47128.0195
   vertex 76924.2578 73731.9141 47179.9609
  endloop
 endfacet
facet normal -0.254678041 -0.677200913 -0.690317333
  outer loop
   vertex 76807.1328 73956.2656 46991.3203
   vertex 76787.7734 74011.1406 46944.6289
   vertex 76868.7969 73986.6484 46938.7695
  endloop
 endfacet
facet normal -0.607458353 -0.714108884 -0.347912133
  outer loop
   vertex 76829.4062 73848.0781 47174.4883
   vertex 76652.3359 74045.3516 47078.7422
   vertex 76807.1328 73956.2656 46991.3203
  endloop
 endfacet
facet normal 0.207180992 -0.177788749 -0.962012053
  outer loop
   vertex 76868.7969 73986.6484 46938.7695
   vertex 76976.7266 73839.5 46989.207
   vertex 76877 73915.1719 46953.7422
  endloop
 endfacet
facet normal -0.112255044 -0.394886911 -0.911845982
  outer loop
   vertex 77016.4062 73977.1641 46924.7031
   vertex 76976.7266 73839.5 46989.207
   vertex 76868.7969 73986.6484 46938.7695
  endloop
 endfacet
facet normal -0.482092947 -0.601331234 -0.637171209
  outer loop
   vertex 76652.3359 74045.3516 47078.7422
   vertex 76368.2344 74291.8594 47061.0547
   vertex 76709.8203 74123.7578 46961.2578
  endloop
 endfacet
facet normal -0.0468155704 -0.162451014 -0.985605359
  outer loop
   vertex 76543.5156 74333.2266 46934.6328
   vertex 76754.6875 74288.3125 46932.0039
   vertex 76709.8203 74123.7578 46961.2578
  endloop
 endfacet
facet normal -0.134749055 -0.137701809 -0.981264949
  outer loop
   vertex 76754.6875 74288.3125 46932.0039
   vertex 76941.5859 74146.125 46926.293
   vertex 76709.8203 74123.7578 46961.2578
  endloop
 endfacet
facet normal -0.0347670466 0.122384571 -0.991873622
  outer loop
   vertex 76787.7734 74011.1406 46944.6289
   vertex 76709.8203 74123.7578 46961.2578
   vertex 76868.7969 73986.6484 46938.7695
  endloop
 endfacet
facet normal -0.148256451 -0.00969784427 -0.988901377
  outer loop
   vertex 76941.5859 74146.125 46926.293
   vertex 76868.7969 73986.6484 46938.7695
   vertex 76709.8203 74123.7578 46961.2578
  endloop
 endfacet
facet normal 0.00131715089 0.249937594 -0.968261063
  outer loop
   vertex 76941.5859 74146.125 46926.293
   vertex 76953.25 74393.0781 46990.0547
   vertex 77154.6484 74214.2578 46944.168
  endloop
 endfacet
facet normal 0.0398078375 -0.315496385 -0.948091447
  outer loop
   vertex 77072.3594 73742.9609 46977.0352
   vertex 77119.2656 73765.0781 46971.6445
   vertex 77130.625 73716.3516 46988.3359
  endloop
 endfacet
facet normal -0.540891707 -0.640133381 -0.545587182
  outer loop
   vertex 76976.7266 73839.5 46989.207
   vertex 77081.8438 73714.0703 47032.1602
   vertex 76980.6172 73717.9062 47128.0195
  endloop
 endfacet
facet normal -0.316458672 -0.861485839 -0.397109568
  outer loop
   vertex 77072.3594 73742.9609 46977.0352
   vertex 77130.625 73716.3516 46988.3359
   vertex 77081.8438 73714.0703 47032.1602
  endloop
 endfacet
facet normal -0.705726922 -0.67015779 -0.229865119
  outer loop
   vertex 76976.7266 73839.5 46989.207
   vertex 77072.3594 73742.9609 46977.0352
   vertex 77081.8438 73714.0703 47032.1602
  endloop
 endfacet
facet normal -0.386563301 -0.842800021 -0.374508858
  outer loop
   vertex 76980.6172 73717.9062 47128.0195
   vertex 77081.8438 73714.0703 47032.1602
   vertex 77100.1172 73652.9375 47150.8789
  endloop
 endfacet
facet normal -0.262043297 -0.711430013 -0.652074099
  outer loop
   vertex 77015.7734 73665.0391 47171.5664
   vertex 76980.6172 73717.9062 47128.0195
   vertex 77100.1172 73652.9375 47150.8789
  endloop
 endfacet
facet normal 0.52586782 -0.157128885 -0.835926771
  outer loop
   vertex 77731.625 73779.9922 47174.293
   vertex 77621.3281 73689.8906 47121.8477
   vertex 77647.9688 73850.2344 47108.4648
  endloop
 endfacet
facet normal -0.526904345 -0.758321464 -0.383823395
  outer loop
   vertex 76807.1328 73956.2656 46991.3203
   vertex 76976.7266 73839.5 46989.207
   vertex 76829.4062 73848.0781 47174.4883
  endloop
 endfacet
facet normal -0.230305076 -0.972281218 -0.0403583311
  outer loop
   vertex 77236.2578 73591.625 47428.1719
   vertex 77441.1953 73547.5938 47319.4258
   vertex 77495.2109 73526.8672 47510.5664
  endloop
 endfacet
facet normal 0.617753863 -0.0110218655 -0.786294281
  outer loop
   vertex 77250.3281 74190.3594 46938.7383
   vertex 77334.8906 74201.8047 47005.0156
   vertex 77238.6562 74142.7188 46930.2344
  endloop
 endfacet
facet normal -0.0174275376 -0.997302234 -0.0713061839
  outer loop
   vertex 77130.625 73716.3516 46988.3359
   vertex 77264.1641 73709.9531 47045.1484
   vertex 77081.8438 73714.0703 47032.1602
  endloop
 endfacet
facet normal -0.466390967 -0.0861036554 0.880378127
  outer loop
   vertex 76811.0234 74281.3516 47754.75
   vertex 76951.0234 74024.3828 47803.7852
   vertex 77128.6484 74348.2656 47929.5586
  endloop
 endfacet
facet normal -0.459534585 -0.453832239 0.763455451
  outer loop
   vertex 76972.1562 73814.6172 47688.8359
   vertex 76875.7109 73895.7109 47678.9883
   vertex 76880.2578 73843.4688 47650.6641
  endloop
 endfacet
facet normal -0.65340364 -0.294096917 0.697546184
  outer loop
   vertex 76803.9531 73991.2188 47652.0391
   vertex 76875.7109 73895.7109 47678.9883
   vertex 76951.0234 74024.3828 47803.7852
  endloop
 endfacet
facet normal -0.589052498 -0.755572259 0.28657937
  outer loop
   vertex 76972.1562 73814.6172 47688.8359
   vertex 76839.7344 73868.2734 47558.1133
   vertex 77005.9219 73717.4609 47502.0586
  endloop
 endfacet
facet normal -0.237481162 -0.959240198 -0.153169468
  outer loop
   vertex 76972.1562 73814.6172 47688.8359
   vertex 76880.2578 73843.4688 47650.6641
   vertex 76839.7344 73868.2734 47558.1133
  endloop
 endfacet
facet normal -0.619201124 -0.613510132 0.490097195
  outer loop
   vertex 76109.125 74442.2656 47223.5898
   vertex 76209.9766 74456.8906 47369.3125
   vertex 76069.4297 74598.9297 47369.5391
  endloop
 endfacet
facet normal -0.727009952 -0.575968444 0.373787194
  outer loop
   vertex 77001.7656 73685.5078 47259.2109
   vertex 76829.4062 73848.0781 47174.4883
   vertex 76924.2578 73731.9141 47179.9609
  endloop
 endfacet
facet normal 0.033007361 -0.986435413 0.160797119
  outer loop
   vertex 77781.4375 73668.5391 48388.2695
   vertex 77761.0781 73698.7344 48577.707
   vertex 77633.4062 73658.2891 48355.7695
  endloop
 endfacet
facet normal -0.644205689 -0.320589632 0.694421589
  outer loop
   vertex 76803.9531 73991.2188 47652.0391
   vertex 76951.0234 74024.3828 47803.7852
   vertex 76755.625 74138.0625 47674.9922
  endloop
 endfacet
facet normal -0.614610314 -0.188695922 0.76592952
  outer loop
   vertex 76811.0234 74281.3516 47754.75
   vertex 76755.625 74138.0625 47674.9922
   vertex 76951.0234 74024.3828 47803.7852
  endloop
 endfacet
facet normal -0.744450569 0.15619041 0.649151623
  outer loop
   vertex 77128.6484 74348.2656 47929.5586
   vertex 76951.0234 74024.3828 47803.7852
   vertex 77191.9688 73989.5703 48088.4805
  endloop
 endfacet
facet normal -0.0102084493 -0.93935895 0.34278357
  outer loop
   vertex 77740.4766 73646.0703 48325.4805
   vertex 77781.4375 73668.5391 48388.2695
   vertex 77633.4062 73658.2891 48355.7695
  endloop
 endfacet
facet normal -0.877213001 -0.235892311 0.418153226
  outer loop
   vertex 77321.4375 73824.4453 48261.8359
   vertex 77394.1016 73795.0859 48397.7188
   vertex 77336.2578 73958.3594 48368.4766
  endloop
 endfacet
facet normal -0.871208549 -0.424853206 0.24595809
  outer loop
   vertex 77321.4375 73824.4453 48261.8359
   vertex 77191.9688 73989.5703 48088.4805
   vertex 77316.8281 73744.5938 48107.5898
  endloop
 endfacet
facet normal -0.700185418 -0.396066546 0.594030023
  outer loop
   vertex 76951.0234 74024.3828 47803.7852
   vertex 76972.1562 73814.6172 47688.8359
   vertex 77154.3125 73794.3906 47890.0508
  endloop
 endfacet
facet normal -0.464829654 -0.461048812 0.755888462
  outer loop
   vertex 76875.7109 73895.7109 47678.9883
   vertex 76972.1562 73814.6172 47688.8359
   vertex 76951.0234 74024.3828 47803.7852
  endloop
 endfacet
facet normal -0.194402605 -0.933537424 -0.301190168
  outer loop
   vertex 77100.1172 73652.9375 47150.8789
   vertex 77266.75 73595.8984 47220.1094
   vertex 77142.6953 73609.0312 47259.4766
  endloop
 endfacet
facet normal -0.784891784 -0.360746086 0.503792763
  outer loop
   vertex 77191.9688 73989.5703 48088.4805
   vertex 77154.3125 73794.3906 47890.0508
   vertex 77316.8281 73744.5938 48107.5898
  endloop
 endfacet
facet normal -0.715915859 -0.425015479 0.553919077
  outer loop
   vertex 77191.9688 73989.5703 48088.4805
   vertex 76951.0234 74024.3828 47803.7852
   vertex 77154.3125 73794.3906 47890.0508
  endloop
 endfacet
facet normal -0.83147186 -0.555557847 -0.0031563323
  outer loop
   vertex 76980.6172 73717.9062 47128.0195
   vertex 77015.7734 73665.0391 47171.5664
   vertex 77001.7656 73685.5078 47259.2109
  endloop
 endfacet
facet normal -0.648853362 -0.754744768 -0.0966935083
  outer loop
   vertex 76597.9844 74069.2891 47256.6172
   vertex 76368.2344 74291.8594 47061.0547
   vertex 76652.3359 74045.3516 47078.7422
  endloop
 endfacet
facet normal -0.781541944 -0.339099228 0.523644805
  outer loop
   vertex 76803.9531 73991.2188 47652.0391
   vertex 76755.625 74138.0625 47674.9922
   vertex 76665.8438 74080.8672 47503.9648
  endloop
 endfacet
facet normal -0.617348731 -0.758205175 0.209774733
  outer loop
   vertex 77005.9219 73717.4609 47502.0586
   vertex 76839.7344 73868.2734 47558.1133
   vertex 76871.5625 73791.2578 47373.4102
  endloop
 endfacet
facet normal -0.702961206 -0.69131273 0.167129427
  outer loop
   vertex 76839.7344 73868.2734 47558.1133
   vertex 76747.0938 73917.8984 47373.6836
   vertex 76871.5625 73791.2578 47373.4102
  endloop
 endfacet
facet normal -0.75843972 -0.520443916 0.392310232
  outer loop
   vertex 76839.7344 73868.2734 47558.1133
   vertex 76803.9531 73991.2188 47652.0391
   vertex 76665.8438 74080.8672 47503.9648
  endloop
 endfacet
facet normal -0.712368011 -0.700092971 -0.0490065813
  outer loop
   vertex 76747.0938 73917.8984 47373.6836
   vertex 76829.4062 73848.0781 47174.4883
   vertex 76871.5625 73791.2578 47373.4102
  endloop
 endfacet
facet normal -0.693393826 -0.685404897 0.222317591
  outer loop
   vertex 76597.9844 74069.2891 47256.6172
   vertex 76665.8438 74080.8672 47503.9648
   vertex 76398.7656 74305.3984 47363.1836
  endloop
 endfacet
facet normal -0.69738996 -0.715718448 -0.0373404436
  outer loop
   vertex 76597.9844 74069.2891 47256.6172
   vertex 76829.4062 73848.0781 47174.4883
   vertex 76747.0938 73917.8984 47373.6836
  endloop
 endfacet
facet normal -0.778079331 -0.580249548 0.240630388
  outer loop
   vertex 76665.8438 74080.8672 47503.9648
   vertex 76597.9844 74069.2891 47256.6172
   vertex 76747.0938 73917.8984 47373.6836
  endloop
 endfacet
facet normal -0.708178878 -0.695267439 -0.122824736
  outer loop
   vertex 76829.4062 73848.0781 47174.4883
   vertex 76597.9844 74069.2891 47256.6172
   vertex 76652.3359 74045.3516 47078.7422
  endloop
 endfacet
facet normal -0.459260404 -0.884127021 0.0860190019
  outer loop
   vertex 76368.2344 74291.8594 47061.0547
   vertex 76398.7656 74305.3984 47363.1836
   vertex 76109.125 74442.2656 47223.5898
  endloop
 endfacet
facet normal -0.377744973 -0.911245048 -0.16413784
  outer loop
   vertex 76980.6172 73717.9062 47128.0195
   vertex 77001.7656 73685.5078 47259.2109
   vertex 76924.2578 73731.9141 47179.9609
  endloop
 endfacet
facet normal -0.0873318389 -0.973083436 0.213264659
  outer loop
   vertex 77100.1172 73652.9375 47150.8789
   vertex 77001.7656 73685.5078 47259.2109
   vertex 77015.7734 73665.0391 47171.5664
  endloop
 endfacet
facet normal -0.47012794 -0.865795732 0.17139852
  outer loop
   vertex 77142.6953 73609.0312 47259.4766
   vertex 77236.2578 73591.625 47428.1719
   vertex 77001.7656 73685.5078 47259.2109
  endloop
 endfacet
facet normal -0.562077999 -0.818718553 0.1173383
  outer loop
   vertex 77005.9219 73717.4609 47502.0586
   vertex 76871.5625 73791.2578 47373.4102
   vertex 77001.7656 73685.5078 47259.2109
  endloop
 endfacet
facet normal -0.444697142 -0.887011707 0.124316879
  outer loop
   vertex 77005.9219 73717.4609 47502.0586
   vertex 77001.7656 73685.5078 47259.2109
   vertex 77236.2578 73591.625 47428.1719
  endloop
 endfacet
facet normal -0.470068723 -0.866853535 -0.166133463
  outer loop
   vertex 77142.6953 73609.0312 47259.4766
   vertex 77001.7656 73685.5078 47259.2109
   vertex 77100.1172 73652.9375 47150.8789
  endloop
 endfacet
facet normal -0.494028211 -0.490008861 0.718211293
  outer loop
   vertex 76315.7031 74518.625 47484.1523
   vertex 76069.4297 74598.9297 47369.5391
   vertex 76209.9766 74456.8906 47369.3125
  endloop
 endfacet
facet normal -0.449860156 -0.203010127 0.869719923
  outer loop
   vertex 76294.4688 74703.7656 47516.3828
   vertex 76315.7031 74518.625 47484.1523
   vertex 76516.2578 74591.0703 47604.7969
  endloop
 endfacet
facet normal -0.549654186 -0.703210652 0.450971276
  outer loop
   vertex 76398.7656 74305.3984 47363.1836
   vertex 76209.9766 74456.8906 47369.3125
   vertex 76109.125 74442.2656 47223.5898
  endloop
 endfacet
facet normal -0.537057579 -0.795486689 0.280660093
  outer loop
   vertex 75293.625 74724.7578 46810.3789
   vertex 75387.0312 74618.6484 46688.3711
   vertex 75437.7578 74642.7109 46853.6367
  endloop
 endfacet
facet normal -0.491339356 -0.410368562 0.768233836
  outer loop
   vertex 76315.7031 74518.625 47484.1523
   vertex 76183.4922 74647.6797 47468.5352
   vertex 76069.4297 74598.9297 47369.5391
  endloop
 endfacet
facet normal -0.431749791 -0.56643796 0.701954544
  outer loop
   vertex 76209.9766 74456.8906 47369.3125
   vertex 76398.7656 74305.3984 47363.1836
   vertex 76315.7031 74518.625 47484.1523
  endloop
 endfacet
facet normal -0.273080111 0.200686723 0.940825224
  outer loop
   vertex 76458.7344 74784.1797 47546.9102
   vertex 76294.4688 74703.7656 47516.3828
   vertex 76516.2578 74591.0703 47604.7969
  endloop
 endfacet
facet normal -0.471719563 -0.143071637 0.870063901
  outer loop
   vertex 76315.7031 74518.625 47484.1523
   vertex 76607.7734 74342.0625 47613.4688
   vertex 76516.2578 74591.0703 47604.7969
  endloop
 endfacet
facet normal -0.755806088 -0.388906389 0.526791155
  outer loop
   vertex 76665.8438 74080.8672 47503.9648
   vertex 76755.625 74138.0625 47674.9922
   vertex 76607.7734 74342.0625 47613.4688
  endloop
 endfacet
facet normal -0.670175374 -0.408739924 0.619513273
  outer loop
   vertex 76398.7656 74305.3984 47363.1836
   vertex 76665.8438 74080.8672 47503.9648
   vertex 76607.7734 74342.0625 47613.4688
  endloop
 endfacet
facet normal -0.594092786 -0.559384882 0.578050435
  outer loop
   vertex 76315.7031 74518.625 47484.1523
   vertex 76398.7656 74305.3984 47363.1836
   vertex 76607.7734 74342.0625 47613.4688
  endloop
 endfacet
facet normal -0.598808467 -0.20012486 0.775485933
  outer loop
   vertex 76607.7734 74342.0625 47613.4688
   vertex 76755.625 74138.0625 47674.9922
   vertex 76811.0234 74281.3516 47754.75
  endloop
 endfacet
facet normal -0.603324175 -0.308451593 0.735430181
  outer loop
   vertex 76607.7734 74342.0625 47613.4688
   vertex 76811.0234 74281.3516 47754.75
   vertex 76716.4219 74365.7812 47712.5547
  endloop
 endfacet
facet normal -0.392805815 0.0193738267 0.919417322
  outer loop
   vertex 76811.0234 74281.3516 47754.75
   vertex 76760.8594 74467.2188 47729.3984
   vertex 76716.4219 74365.7812 47712.5547
  endloop
 endfacet
facet normal -0.397180617 -0.677447677 0.619122088
  outer loop
   vertex 76109.125 74442.2656 47223.5898
   vertex 76069.4297 74598.9297 47369.5391
   vertex 75947.3438 74559.8281 47248.4336
  endloop
 endfacet
facet normal -0.534770966 -0.481332004 0.694506645
  outer loop
   vertex 75947.3438 74559.8281 47248.4336
   vertex 76069.4297 74598.9297 47369.5391
   vertex 75820.0547 74711.6016 47255.6133
  endloop
 endfacet
facet normal -0.458260357 -0.616187036 0.640555203
  outer loop
   vertex 75668.6953 74655.6797 47093.5273
   vertex 75847.0625 74537.9609 47107.8984
   vertex 75820.0547 74711.6016 47255.6133
  endloop
 endfacet
facet normal -0.633042753 -0.556355417 0.538261592
  outer loop
   vertex 75947.3438 74559.8281 47248.4336
   vertex 75820.0547 74711.6016 47255.6133
   vertex 75847.0625 74537.9609 47107.8984
  endloop
 endfacet
facet normal -0.540445924 -0.482625663 0.689195693
  outer loop
   vertex 75626.7109 74795.3516 47162.6445
   vertex 75820.0547 74711.6016 47255.6133
   vertex 75711.2344 74806.1797 47236.5117
  endloop
 endfacet
facet normal -0.541424572 -0.49795115 0.67742461
  outer loop
   vertex 75668.6953 74655.6797 47093.5273
   vertex 75820.0547 74711.6016 47255.6133
   vertex 75626.7109 74795.3516 47162.6445
  endloop
 endfacet
facet normal 0.397442997 0.664274693 -0.633070469
  outer loop
   vertex 76753.5547 74619.3125 47042.6211
   vertex 76676.3906 74805.9453 47190.0039
   vertex 76906.5703 74687.8203 47210.5625
  endloop
 endfacet
facet normal 0.498864383 0.654721022 -0.56786859
  outer loop
   vertex 76753.5547 74619.3125 47042.6211
   vertex 76542.4141 74738.6328 46994.707
   vertex 76676.3906 74805.9453 47190.0039
  endloop
 endfacet
facet normal -0.356776744 -0.301968187 0.884039342
  outer loop
   vertex 76069.4297 74598.9297 47369.5391
   vertex 76095.1641 74768.4766 47437.8359
   vertex 75964.9141 74731.0078 47372.4727
  endloop
 endfacet
facet normal -0.581375778 -0.226556391 0.78145659
  outer loop
   vertex 76069.4297 74598.9297 47369.5391
   vertex 76183.4922 74647.6797 47468.5352
   vertex 76095.1641 74768.4766 47437.8359
  endloop
 endfacet
facet normal -0.52933526 -0.435057878 0.728374064
  outer loop
   vertex 76069.4297 74598.9297 47369.5391
   vertex 75964.9141 74731.0078 47372.4727
   vertex 75820.0547 74711.6016 47255.6133
  endloop
 endfacet
facet normal -0.377926856 -0.0413276665 0.924912572
  outer loop
   vertex 76183.4922 74647.6797 47468.5352
   vertex 76294.4688 74703.7656 47516.3828
   vertex 76095.1641 74768.4766 47437.8359
  endloop
 endfacet
facet normal -0.367374182 0.190344349 0.910387397
  outer loop
   vertex 76516.2578 74591.0703 47604.7969
   vertex 76760.8594 74467.2188 47729.3984
   vertex 76695.9453 74691.4375 47656.3242
  endloop
 endfacet
facet normal -0.480508178 -0.0100914817 0.876932204
  outer loop
   vertex 76811.0234 74281.3516 47754.75
   vertex 77128.6484 74348.2656 47929.5586
   vertex 76760.8594 74467.2188 47729.3984
  endloop
 endfacet
facet normal -0.405987293 0.232076257 0.883920193
  outer loop
   vertex 77128.6484 74348.2656 47929.5586
   vertex 76889.8047 74605.1406 47752.4141
   vertex 76760.8594 74467.2188 47729.3984
  endloop
 endfacet
facet normal -0.154353678 0.459622294 0.874598384
  outer loop
   vertex 77128.6484 74348.2656 47929.5586
   vertex 76993.7109 74555.5938 47796.7891
   vertex 76889.8047 74605.1406 47752.4141
  endloop
 endfacet
facet normal -0.510621965 -0.158237904 0.84511888
  outer loop
   vertex 76607.7734 74342.0625 47613.4688
   vertex 76760.8594 74467.2188 47729.3984
   vertex 76516.2578 74591.0703 47604.7969
  endloop
 endfacet
facet normal -0.683954716 0.182281777 0.706384659
  outer loop
   vertex 76607.7734 74342.0625 47613.4688
   vertex 76716.4219 74365.7812 47712.5547
   vertex 76760.8594 74467.2188 47729.3984
  endloop
 endfacet
facet normal 0.0748782158 0.747829616 0.659654558
  outer loop
   vertex 76889.8047 74605.1406 47752.4141
   vertex 76993.7109 74555.5938 47796.7891
   vertex 76964.4531 74665.5859 47675.4102
  endloop
 endfacet
facet normal 0.248852521 0.422195166 -0.87167865
  outer loop
   vertex 76953.25 74393.0781 46990.0547
   vertex 76632.3828 74463.8203 46932.7148
   vertex 76753.5547 74619.3125 47042.6211
  endloop
 endfacet
facet normal 0.467241108 0.342204213 -0.815218985
  outer loop
   vertex 76512.8047 74619.2969 46927.6406
   vertex 76349.5078 74731.7734 46881.2617
   vertex 76542.4141 74738.6328 46994.707
  endloop
 endfacet
facet normal 0.271407604 0.88996613 0.366467148
  outer loop
   vertex 76393.0781 74929.8203 47424.4844
   vertex 76579.1953 74902.2969 47353.4922
   vertex 76302.4531 75032.4766 47242.2969
  endloop
 endfacet
facet normal -0.624388635 -0.389620245 0.677004397
  outer loop
   vertex 75293.625 74724.7578 46810.3789
   vertex 75482.1172 74724.1484 46983.8789
   vertex 75320.6641 74870.0156 46918.9141
  endloop
 endfacet
facet normal -0.626383662 -0.261538893 0.734330237
  outer loop
   vertex 75481.3672 74882.7969 47069.8086
   vertex 75626.7109 74795.3516 47162.6445
   vertex 75584.5312 74900.9219 47164.2656
  endloop
 endfacet
facet normal -0.528647423 -0.627030849 0.572157502
  outer loop
   vertex 75482.1172 74724.1484 46983.8789
   vertex 75293.625 74724.7578 46810.3789
   vertex 75437.7578 74642.7109 46853.6367
  endloop
 endfacet
facet normal -0.320605904 -0.822473288 0.469839901
  outer loop
   vertex 75090.2266 74696.1562 46621.5234
   vertex 75387.0312 74618.6484 46688.3711
   vertex 75293.625 74724.7578 46810.3789
  endloop
 endfacet
facet normal -0.575713694 -0.41793257 0.702770293
  outer loop
   vertex 75111.1641 74872.1172 46748.5391
   vertex 75293.625 74724.7578 46810.3789
   vertex 75320.6641 74870.0156 46918.9141
  endloop
 endfacet
facet normal -0.568032205 -0.49579519 0.656906784
  outer loop
   vertex 75668.6953 74655.6797 47093.5273
   vertex 75626.7109 74795.3516 47162.6445
   vertex 75482.1172 74724.1484 46983.8789
  endloop
 endfacet
facet normal -0.406617612 -0.705934346 0.579930007
  outer loop
   vertex 75635.8047 74577.8438 46913.543
   vertex 75482.1172 74724.1484 46983.8789
   vertex 75437.7578 74642.7109 46853.6367
  endloop
 endfacet
facet normal -0.519056439 -0.745901287 0.417386711
  outer loop
   vertex 75635.8047 74577.8438 46913.543
   vertex 75668.6953 74655.6797 47093.5273
   vertex 75482.1172 74724.1484 46983.8789
  endloop
 endfacet
facet normal -0.647189438 -0.365456969 0.669019461
  outer loop
   vertex 75482.1172 74724.1484 46983.8789
   vertex 75626.7109 74795.3516 47162.6445
   vertex 75481.3672 74882.7969 47069.8086
  endloop
 endfacet
facet normal -0.424649537 -0.496142596 0.757307947
  outer loop
   vertex 74887.9844 74827.0156 46593.8555
   vertex 75090.2266 74696.1562 46621.5234
   vertex 75111.1641 74872.1172 46748.5391
  endloop
 endfacet
facet normal -0.581228673 -0.429680377 0.691048443
  outer loop
   vertex 75090.2266 74696.1562 46621.5234
   vertex 75293.625 74724.7578 46810.3789
   vertex 75111.1641 74872.1172 46748.5391
  endloop
 endfacet
facet normal -0.559132338 -0.115814798 0.820949435
  outer loop
   vertex 74709.0078 74761.1406 46462.6562
   vertex 74887.9844 74827.0156 46593.8555
   vertex 74719.5078 74897.625 46489.0664
  endloop
 endfacet
facet normal -0.654637873 0.0184541419 0.755717337
  outer loop
   vertex 75232.75 75018.3359 46839.1367
   vertex 75320.6641 74870.0156 46918.9141
   vertex 75400.6484 75015.6094 46984.6445
  endloop
 endfacet
facet normal -0.460377514 -0.130761594 0.878039837
  outer loop
   vertex 74946.9062 74960.8438 46644.6758
   vertex 74834.8281 74927.4922 46580.9414
   vertex 74887.9844 74827.0156 46593.8555
  endloop
 endfacet
facet normal -0.558649898 -0.115912773 0.821263969
  outer loop
   vertex 74460.7734 74840.2969 46304.9766
   vertex 74709.0078 74761.1406 46462.6562
   vertex 74719.5078 74897.625 46489.0664
  endloop
 endfacet
facet normal -0.571266592 -0.21189931 0.792939544
  outer loop
   vertex 74460.7734 74840.2969 46304.9766
   vertex 74610.4922 74697.1406 46374.582
   vertex 74709.0078 74761.1406 46462.6562
  endloop
 endfacet
facet normal -0.577221453 -0.203804836 0.790745854
  outer loop
   vertex 74887.9844 74827.0156 46593.8555
   vertex 74834.8281 74927.4922 46580.9414
   vertex 74719.5078 74897.625 46489.0664
  endloop
 endfacet
facet normal 0.310247838 0.802513659 -0.509625494
  outer loop
   vertex 75475.9531 75146.3438 46533.793
   vertex 75584.3828 75212.3828 46703.8008
   vertex 75717.9375 75118.6094 46637.4414
  endloop
 endfacet
facet normal -0.641796887 0.0976945832 0.760626376
  outer loop
   vertex 75481.3672 74882.7969 47069.8086
   vertex 75555.0781 74999.4922 47117.0195
   vertex 75400.6484 75015.6094 46984.6445
  endloop
 endfacet
facet normal -0.681905389 0.140336901 0.7178514
  outer loop
   vertex 75584.5312 74900.9219 47164.2656
   vertex 75555.0781 74999.4922 47117.0195
   vertex 75481.3672 74882.7969 47069.8086
  endloop
 endfacet
facet normal 0.73309356 0.646382987 -0.211572468
  outer loop
   vertex 76862.6172 74763.6406 47622.1211
   vertex 76964.4531 74665.5859 47675.4102
   vertex 76801.1797 74801.1875 47523.9453
  endloop
 endfacet
facet normal -0.765583396 0.295378417 0.571518719
  outer loop
   vertex 77306.1172 74186.3047 48250.9922
   vertex 77128.6484 74348.2656 47929.5586
   vertex 77233.4375 74122.6875 48186.5078
  endloop
 endfacet
facet normal -0.0107720271 0.931686878 0.363102585
  outer loop
   vertex 76862.6172 74763.6406 47622.1211
   vertex 76801.1797 74801.1875 47523.9453
   vertex 76808.375 74755.8828 47640.4258
  endloop
 endfacet
facet normal 0.251902431 0.918702245 0.304189682
  outer loop
   vertex 76625.625 74829.7734 47534.0664
   vertex 76579.1953 74902.2969 47353.4922
   vertex 76393.0781 74929.8203 47424.4844
  endloop
 endfacet
facet normal 0.416790128 0.707115352 -0.571203887
  outer loop
   vertex 77149.1094 74462.4531 47098.7891
   vertex 77016.1484 74570.75 47135.8359
   vertex 77210.1953 74542.7188 47242.7305
  endloop
 endfacet
facet normal 0.034969341 0.780470371 0.624213994
  outer loop
   vertex 76871.9609 74702.5781 47703.5078
   vertex 76808.375 74755.8828 47640.4258
   vertex 76817.6719 74707.2578 47700.6992
  endloop
 endfacet
facet normal 0.568801641 0.67299825 0.472798079
  outer loop
   vertex 77128.6484 74348.2656 47929.5586
   vertex 76964.4531 74665.5859 47675.4102
   vertex 76993.7109 74555.5938 47796.7891
  endloop
 endfacet
facet normal -0.366496235 0.190690249 0.91066885
  outer loop
   vertex 76760.8594 74467.2188 47729.3984
   vertex 76889.8047 74605.1406 47752.4141
   vertex 76695.9453 74691.4375 47656.3242
  endloop
 endfacet
facet normal -0.358738899 0.207471028 0.910089076
  outer loop
   vertex 76817.6719 74707.2578 47700.6992
   vertex 76695.9453 74691.4375 47656.3242
   vertex 76889.8047 74605.1406 47752.4141
  endloop
 endfacet
facet normal 0.298116297 0.83381182 0.464633733
  outer loop
   vertex 76964.4531 74665.5859 47675.4102
   vertex 77217.1016 74563.2031 47697.0508
   vertex 77077.1484 74672.5312 47590.6406
  endloop
 endfacet
facet normal 0.175631404 0.604643345 0.776891232
  outer loop
   vertex 76862.6172 74763.6406 47622.1211
   vertex 76808.375 74755.8828 47640.4258
   vertex 76964.4531 74665.5859 47675.4102
  endloop
 endfacet
facet normal 0.429904431 0.855264485 0.289317936
  outer loop
   vertex 76871.9609 74702.5781 47703.5078
   vertex 76964.4531 74665.5859 47675.4102
   vertex 76808.375 74755.8828 47640.4258
  endloop
 endfacet
facet normal -0.00768847857 0.447452396 0.894274712
  outer loop
   vertex 76889.8047 74605.1406 47752.4141
   vertex 76871.9609 74702.5781 47703.5078
   vertex 76817.6719 74707.2578 47700.6992
  endloop
 endfacet
facet normal -0.422302634 -0.182356402 0.887922645
  outer loop
   vertex 75584.5312 74900.9219 47164.2656
   vertex 75626.7109 74795.3516 47162.6445
   vertex 75731.4688 74922.2578 47238.5312
  endloop
 endfacet
facet normal -0.357655138 0.16879417 0.91847229
  outer loop
   vertex 76695.9453 74691.4375 47656.3242
   vertex 76458.7344 74784.1797 47546.9102
   vertex 76516.2578 74591.0703 47604.7969
  endloop
 endfacet
facet normal -0.335959554 0.716320992 0.611567974
  outer loop
   vertex 75681.7422 75102.1172 47135.4727
   vertex 75656.1641 75199.3984 47007.4805
   vertex 75520.8125 75128.9375 47015.6523
  endloop
 endfacet
facet normal -0.661984682 0.102450036 0.742482483
  outer loop
   vertex 75626.7109 74795.3516 47162.6445
   vertex 75711.2344 74806.1797 47236.5117
   vertex 75731.4688 74922.2578 47238.5312
  endloop
 endfacet
facet normal -0.570706189 -0.174952537 0.802300453
  outer loop
   vertex 75820.0547 74711.6016 47255.6133
   vertex 75921.6016 74850.9062 47358.2227
   vertex 75731.4688 74922.2578 47238.5312
  endloop
 endfacet
facet normal -0.163321391 0.0113014765 0.986508191
  outer loop
   vertex 75711.2344 74806.1797 47236.5117
   vertex 75820.0547 74711.6016 47255.6133
   vertex 75731.4688 74922.2578 47238.5312
  endloop
 endfacet
facet normal -0.630072355 0.0435545892 0.775314033
  outer loop
   vertex 75320.6641 74870.0156 46918.9141
   vertex 75232.75 75018.3359 46839.1367
   vertex 75111.1641 74872.1172 46748.5391
  endloop
 endfacet
facet normal -0.465327889 0.265672952 0.844326854
  outer loop
   vertex 75731.4688 74922.2578 47238.5312
   vertex 75555.0781 74999.4922 47117.0195
   vertex 75584.5312 74900.9219 47164.2656
  endloop
 endfacet
facet normal -0.436237216 -0.0507937819 0.898396969
  outer loop
   vertex 75964.9141 74731.0078 47372.4727
   vertex 76095.1641 74768.4766 47437.8359
   vertex 75921.6016 74850.9062 47358.2227
  endloop
 endfacet
facet normal -0.612216532 -0.128410503 0.780193329
  outer loop
   vertex 75820.0547 74711.6016 47255.6133
   vertex 75964.9141 74731.0078 47372.4727
   vertex 75921.6016 74850.9062 47358.2227
  endloop
 endfacet
facet normal -0.498485953 0.113357797 0.859454334
  outer loop
   vertex 75921.6016 74850.9062 47358.2227
   vertex 75921.3281 75000.9922 47338.2695
   vertex 75731.4688 74922.2578 47238.5312
  endloop
 endfacet
facet normal -0.569169283 0.40822953 0.71371913
  outer loop
   vertex 75400.6484 75015.6094 46984.6445
   vertex 75555.0781 74999.4922 47117.0195
   vertex 75520.8125 75128.9375 47015.6523
  endloop
 endfacet
facet normal -0.685763001 0.0488879606 0.726181149
  outer loop
   vertex 75320.6641 74870.0156 46918.9141
   vertex 75481.3672 74882.7969 47069.8086
   vertex 75400.6484 75015.6094 46984.6445
  endloop
 endfacet
facet normal -0.1460668 0.79713589 0.585865915
  outer loop
   vertex 75818.8125 75176.7969 47111.2344
   vertex 75851.8125 75088.4688 47239.6367
   vertex 75999.5625 75137.5625 47209.6797
  endloop
 endfacet
facet normal -0.446693838 0.703578472 0.552667975
  outer loop
   vertex 75365.3125 75150.9297 46861.9766
   vertex 75520.8125 75128.9375 47015.6523
   vertex 75518.75 75210.1953 46910.543
  endloop
 endfacet
facet normal -0.595249295 0.448794186 0.666529834
  outer loop
   vertex 75365.3125 75150.9297 46861.9766
   vertex 75400.6484 75015.6094 46984.6445
   vertex 75520.8125 75128.9375 47015.6523
  endloop
 endfacet
facet normal -0.482576966 0.759927154 0.435465515
  outer loop
   vertex 75183.3125 75135.0859 46717.1328
   vertex 75305.9531 75205.7344 46729.7539
   vertex 75229.7344 75199.6484 46655.9102
  endloop
 endfacet
facet normal -0.472083896 0.336404204 0.814842939
  outer loop
   vertex 75681.7422 75102.1172 47135.4727
   vertex 75731.4688 74922.2578 47238.5312
   vertex 75851.8125 75088.4688 47239.6367
  endloop
 endfacet
facet normal -0.577002466 0.460699886 0.67440623
  outer loop
   vertex 75232.75 75018.3359 46839.1367
   vertex 75400.6484 75015.6094 46984.6445
   vertex 75365.3125 75150.9297 46861.9766
  endloop
 endfacet
facet normal -0.0950480402 0.965536177 0.242292732
  outer loop
   vertex 75626.5547 75233.5234 46859.8594
   vertex 75518.75 75210.1953 46910.543
   vertex 75656.1641 75199.3984 47007.4805
  endloop
 endfacet
facet normal -0.290544689 0.732943654 0.615123868
  outer loop
   vertex 75681.7422 75102.1172 47135.4727
   vertex 75818.8125 75176.7969 47111.2344
   vertex 75656.1641 75199.3984 47007.4805
  endloop
 endfacet
facet normal -0.302466869 0.747235477 0.591737211
  outer loop
   vertex 75681.7422 75102.1172 47135.4727
   vertex 75851.8125 75088.4688 47239.6367
   vertex 75818.8125 75176.7969 47111.2344
  endloop
 endfacet
facet normal -0.402771711 0.525156438 0.749657035
  outer loop
   vertex 75851.8125 75088.4688 47239.6367
   vertex 75921.3281 75000.9922 47338.2695
   vertex 75984.9844 75081.2344 47316.2578
  endloop
 endfacet
facet normal -0.203016266 0.876899898 0.435696006
  outer loop
   vertex 75999.5625 75137.5625 47209.6797
   vertex 75851.8125 75088.4688 47239.6367
   vertex 75984.9844 75081.2344 47316.2578
  endloop
 endfacet
facet normal -0.408101588 0.528035104 0.744736195
  outer loop
   vertex 75921.3281 75000.9922 47338.2695
   vertex 76021.7422 75035.4141 47368.8867
   vertex 75984.9844 75081.2344 47316.2578
  endloop
 endfacet
facet normal 0.106172942 0.785467565 0.6097278
  outer loop
   vertex 75984.9844 75081.2344 47316.2578
   vertex 76021.7422 75035.4141 47368.8867
   vertex 76141.9922 75037.8828 47344.7695
  endloop
 endfacet
facet normal -0.276317686 0.208288014 0.938224196
  outer loop
   vertex 76294.4688 74703.7656 47516.3828
   vertex 76458.7344 74784.1797 47546.9102
   vertex 76236.3438 74874.8672 47461.2812
  endloop
 endfacet
facet normal -0.351361841 0.21431379 0.911380529
  outer loop
   vertex 75921.3281 75000.9922 47338.2695
   vertex 76051.5938 74941.6797 47402.4375
   vertex 76021.7422 75035.4141 47368.8867
  endloop
 endfacet
facet normal -0.394011259 0.120425195 0.911182165
  outer loop
   vertex 75921.3281 75000.9922 47338.2695
   vertex 75921.6016 74850.9062 47358.2227
   vertex 76051.5938 74941.6797 47402.4375
  endloop
 endfacet
facet normal -0.37826708 0.0930938199 0.92100358
  outer loop
   vertex 75921.6016 74850.9062 47358.2227
   vertex 76095.1641 74768.4766 47437.8359
   vertex 76051.5938 74941.6797 47402.4375
  endloop
 endfacet
facet normal -0.257592469 0.130873829 0.957349539
  outer loop
   vertex 76095.1641 74768.4766 47437.8359
   vertex 76236.3438 74874.8672 47461.2812
   vertex 76051.5938 74941.6797 47402.4375
  endloop
 endfacet
facet normal -0.303383797 0.197168857 0.932246089
  outer loop
   vertex 76095.1641 74768.4766 47437.8359
   vertex 76294.4688 74703.7656 47516.3828
   vertex 76236.3438 74874.8672 47461.2812
  endloop
 endfacet
facet normal -0.0629271194 0.555967569 0.82881856
  outer loop
   vertex 76236.3438 74874.8672 47461.2812
   vertex 76141.9922 75037.8828 47344.7695
   vertex 76051.5938 74941.6797 47402.4375
  endloop
 endfacet
facet normal -0.0400452465 0.632307768 0.773681641
  outer loop
   vertex 76236.3438 74874.8672 47461.2812
   vertex 76458.7344 74784.1797 47546.9102
   vertex 76393.0781 74929.8203 47424.4844
  endloop
 endfacet
facet normal -0.0107326256 0.577331305 0.81643945
  outer loop
   vertex 76141.9922 75037.8828 47344.7695
   vertex 76236.3438 74874.8672 47461.2812
   vertex 76393.0781 74929.8203 47424.4844
  endloop
 endfacet
facet normal -0.221634835 0.580068707 0.783835649
  outer loop
   vertex 76695.9453 74691.4375 47656.3242
   vertex 76808.375 74755.8828 47640.4258
   vertex 76625.625 74829.7734 47534.0664
  endloop
 endfacet
facet normal -0.320168942 0.712606192 0.624246955
  outer loop
   vertex 76695.9453 74691.4375 47656.3242
   vertex 76817.6719 74707.2578 47700.6992
   vertex 76808.375 74755.8828 47640.4258
  endloop
 endfacet
facet normal -0.111517027 0.625657916 0.772085547
  outer loop
   vertex 76458.7344 74784.1797 47546.9102
   vertex 76695.9453 74691.4375 47656.3242
   vertex 76625.625 74829.7734 47534.0664
  endloop
 endfacet
facet normal 0.398586154 0.417055964 -0.816819072
  outer loop
   vertex 76190.8906 74798.8359 46805.3242
   vertex 76143.8047 74968.0156 46868.7266
   vertex 76275.4531 74850.75 46873.0938
  endloop
 endfacet
facet normal 0.174318969 0.38060385 0.908159435
  outer loop
   vertex 76021.7422 75035.4141 47368.8867
   vertex 76051.5938 74941.6797 47402.4375
   vertex 76141.9922 75037.8828 47344.7695
  endloop
 endfacet
facet normal -0.106627159 0.611191928 0.784267187
  outer loop
   vertex 76625.625 74829.7734 47534.0664
   vertex 76393.0781 74929.8203 47424.4844
   vertex 76458.7344 74784.1797 47546.9102
  endloop
 endfacet
facet normal 0.265900344 0.890395761 0.369448751
  outer loop
   vertex 76141.9922 75037.8828 47344.7695
   vertex 76393.0781 74929.8203 47424.4844
   vertex 76302.4531 75032.4766 47242.2969
  endloop
 endfacet
facet normal 0.33710894 0.91522038 -0.220746964
  outer loop
   vertex 75793.9062 75212.0781 46958.3555
   vertex 75938.9453 75182.9141 47058.957
   vertex 75956.2031 75137.7031 46897.8594
  endloop
 endfacet
facet normal 0.170204222 0.928778291 0.32924366
  outer loop
   vertex 76625.625 74829.7734 47534.0664
   vertex 76801.1797 74801.1875 47523.9453
   vertex 76579.1953 74902.2969 47353.4922
  endloop
 endfacet
facet normal 0.170168802 0.92187953 0.348110139
  outer loop
   vertex 76625.625 74829.7734 47534.0664
   vertex 76808.375 74755.8828 47640.4258
   vertex 76801.1797 74801.1875 47523.9453
  endloop
 endfacet
facet normal 0.287556052 0.942902982 0.168063939
  outer loop
   vertex 75999.5625 75137.5625 47209.6797
   vertex 76109.7031 75124.0938 47096.8086
   vertex 75938.9453 75182.9141 47058.957
  endloop
 endfacet
facet normal 0.35703212 0.930060267 0.0866943523
  outer loop
   vertex 76579.1953 74902.2969 47353.4922
   vertex 76801.1797 74801.1875 47523.9453
   vertex 76763.8516 74829.4297 47374.7031
  endloop
 endfacet
facet normal 0.379891843 0.877893746 -0.291521341
  outer loop
   vertex 76676.3906 74805.9453 47190.0039
   vertex 76579.1953 74902.2969 47353.4922
   vertex 76763.8516 74829.4297 47374.7031
  endloop
 endfacet
facet normal 0.53779161 0.826320827 -0.167254418
  outer loop
   vertex 76450.1094 74947.8516 47163.4961
   vertex 76579.1953 74902.2969 47353.4922
   vertex 76676.3906 74805.9453 47190.0039
  endloop
 endfacet
facet normal 0.0874457657 0.84338522 0.530145884
  outer loop
   vertex 76141.9922 75037.8828 47344.7695
   vertex 76142.7578 75108.9844 47231.5273
   vertex 75999.5625 75137.5625 47209.6797
  endloop
 endfacet
facet normal 0.152077094 0.865084291 0.478018582
  outer loop
   vertex 76141.9922 75037.8828 47344.7695
   vertex 75999.5625 75137.5625 47209.6797
   vertex 75984.9844 75081.2344 47316.2578
  endloop
 endfacet
facet normal 0.0655214861 0.962495685 0.263266057
  outer loop
   vertex 75818.8125 75176.7969 47111.2344
   vertex 75999.5625 75137.5625 47209.6797
   vertex 75938.9453 75182.9141 47058.957
  endloop
 endfacet
facet normal 0.346344203 0.793419063 0.500531614
  outer loop
   vertex 76141.9922 75037.8828 47344.7695
   vertex 76302.4531 75032.4766 47242.2969
   vertex 76142.7578 75108.9844 47231.5273
  endloop
 endfacet
facet normal 0.185878694 0.980461955 0.0643693805
  outer loop
   vertex 76109.7031 75124.0938 47096.8086
   vertex 75999.5625 75137.5625 47209.6797
   vertex 76142.7578 75108.9844 47231.5273
  endloop
 endfacet
facet normal 0.49313426 0.845162511 -0.20620127
  outer loop
   vertex 76261.6797 75024.5625 47052.3281
   vertex 76126.0078 75084.5234 46973.6406
   vertex 76109.7031 75124.0938 47096.8086
  endloop
 endfacet
facet normal -0.00872407947 0.973876894 0.226908997
  outer loop
   vertex 75626.5547 75233.5234 46859.8594
   vertex 75656.1641 75199.3984 47007.4805
   vertex 75793.9062 75212.0781 46958.3555
  endloop
 endfacet
facet normal 0.556510866 0.684500515 -0.470908403
  outer loop
   vertex 76392.3359 74878.1484 46993.9062
   vertex 76261.6797 75024.5625 47052.3281
   vertex 76450.1094 74947.8516 47163.4961
  endloop
 endfacet
facet normal 0.554137051 0.592765093 -0.584432781
  outer loop
   vertex 76676.3906 74805.9453 47190.0039
   vertex 76542.4141 74738.6328 46994.707
   vertex 76392.3359 74878.1484 46993.9062
  endloop
 endfacet
facet normal 0.511974335 0.846647978 -0.145153344
  outer loop
   vertex 76109.7031 75124.0938 47096.8086
   vertex 76302.4531 75032.4766 47242.2969
   vertex 76261.6797 75024.5625 47052.3281
  endloop
 endfacet
facet normal 0.432310939 0.901711106 -0.00493559707
  outer loop
   vertex 76142.7578 75108.9844 47231.5273
   vertex 76302.4531 75032.4766 47242.2969
   vertex 76109.7031 75124.0938 47096.8086
  endloop
 endfacet
facet normal 0.439283609 0.888701081 -0.131302312
  outer loop
   vertex 76302.4531 75032.4766 47242.2969
   vertex 76450.1094 74947.8516 47163.4961
   vertex 76261.6797 75024.5625 47052.3281
  endloop
 endfacet
facet normal 0.633546591 0.346865386 -0.691594601
  outer loop
   vertex 76392.3359 74878.1484 46993.9062
   vertex 76349.5078 74731.7734 46881.2617
   vertex 76275.4531 74850.75 46873.0938
  endloop
 endfacet
facet normal 0.503509939 0.256771237 -0.824952304
  outer loop
   vertex 76349.5078 74731.7734 46881.2617
   vertex 76190.8906 74798.8359 46805.3242
   vertex 76275.4531 74850.75 46873.0938
  endloop
 endfacet
facet normal 0.51249063 0.671082497 -0.535725355
  outer loop
   vertex 76392.3359 74878.1484 46993.9062
   vertex 76143.8047 74968.0156 46868.7266
   vertex 76261.6797 75024.5625 47052.3281
  endloop
 endfacet
facet normal 0.524892092 0.565585792 -0.63608259
  outer loop
   vertex 76275.4531 74850.75 46873.0938
   vertex 76143.8047 74968.0156 46868.7266
   vertex 76392.3359 74878.1484 46993.9062
  endloop
 endfacet
facet normal 0.0450385921 0.974984825 0.217660472
  outer loop
   vertex 75818.8125 75176.7969 47111.2344
   vertex 75938.9453 75182.9141 47058.957
   vertex 75793.9062 75212.0781 46958.3555
  endloop
 endfacet
facet normal -0.00897665694 0.974030137 0.226240337
  outer loop
   vertex 75656.1641 75199.3984 47007.4805
   vertex 75818.8125 75176.7969 47111.2344
   vertex 75793.9062 75212.0781 46958.3555
  endloop
 endfacet
facet normal 0.58401078 0.590625048 -0.556860387
  outer loop
   vertex 76261.6797 75024.5625 47052.3281
   vertex 76143.8047 74968.0156 46868.7266
   vertex 76126.0078 75084.5234 46973.6406
  endloop
 endfacet
facet normal 0.203004807 0.970011652 -0.133665621
  outer loop
   vertex 75793.9062 75212.0781 46958.3555
   vertex 75757.3125 75197.5469 46797.3555
   vertex 75626.5547 75233.5234 46859.8594
  endloop
 endfacet
facet normal 0.180192888 0.96707803 -0.17969583
  outer loop
   vertex 75757.3125 75197.5469 46797.3555
   vertex 75584.3828 75212.3828 46703.8008
   vertex 75626.5547 75233.5234 46859.8594
  endloop
 endfacet
facet normal 0.359540194 0.91849798 -0.164597407
  outer loop
   vertex 75757.3125 75197.5469 46797.3555
   vertex 75793.9062 75212.0781 46958.3555
   vertex 75956.2031 75137.7031 46897.8594
  endloop
 endfacet
facet normal 0.360472202 0.907404184 -0.216049641
  outer loop
   vertex 76109.7031 75124.0938 47096.8086
   vertex 75956.2031 75137.7031 46897.8594
   vertex 75938.9453 75182.9141 47058.957
  endloop
 endfacet
facet normal 0.384681135 0.892435789 -0.235751584
  outer loop
   vertex 76109.7031 75124.0938 47096.8086
   vertex 76126.0078 75084.5234 46973.6406
   vertex 75956.2031 75137.7031 46897.8594
  endloop
 endfacet
facet normal 0.472536802 0.628493965 -0.61782223
  outer loop
   vertex 76126.0078 75084.5234 46973.6406
   vertex 76143.8047 74968.0156 46868.7266
   vertex 75956.2031 75137.7031 46897.8594
  endloop
 endfacet
facet normal 0.414983451 0.854507327 -0.312419534
  outer loop
   vertex 75757.3125 75197.5469 46797.3555
   vertex 75956.2031 75137.7031 46897.8594
   vertex 75838.6875 75141.3281 46751.6719
  endloop
 endfacet
facet normal 0.664284825 0.536270738 -0.520710409
  outer loop
   vertex 75956.2031 75137.7031 46897.8594
   vertex 75893.5703 75034.5312 46711.6992
   vertex 75838.6875 75141.3281 46751.6719
  endloop
 endfacet
facet normal 0.516171038 0.663622797 -0.541453838
  outer loop
   vertex 75956.2031 75137.7031 46897.8594
   vertex 76143.8047 74968.0156 46868.7266
   vertex 75893.5703 75034.5312 46711.6992
  endloop
 endfacet
facet normal 0.562328994 0.272036344 -0.780885577
  outer loop
   vertex 76143.8047 74968.0156 46868.7266
   vertex 76000.6328 74847 46723.4688
   vertex 75893.5703 75034.5312 46711.6992
  endloop
 endfacet
facet normal 0.689381182 0.0459174737 -0.722941995
  outer loop
   vertex 75893.5703 75034.5312 46711.6992
   vertex 75762.875 74916.3125 46579.5664
   vertex 75784.9062 75035.9297 46608.1719
  endloop
 endfacet
facet normal 0.554789782 0.267292798 -0.78788507
  outer loop
   vertex 75893.5703 75034.5312 46711.6992
   vertex 76000.6328 74847 46723.4688
   vertex 75762.875 74916.3125 46579.5664
  endloop
 endfacet
facet normal 0.539759755 0.535571039 -0.649479091
  outer loop
   vertex 75475.9531 75146.3438 46533.793
   vertex 75452.6172 75007.6484 46400.0312
   vertex 75347.5 75089.6641 46380.3047
  endloop
 endfacet
facet normal 0.0972763672 0.994270742 -0.0443051532
  outer loop
   vertex 75584.3828 75212.3828 46703.8008
   vertex 75461.1016 75222.1406 46651.957
   vertex 75452.8516 75227.9922 46765.2227
  endloop
 endfacet
facet normal -0.127756417 0.975803494 0.17744261
  outer loop
   vertex 75518.75 75210.1953 46910.543
   vertex 75626.5547 75233.5234 46859.8594
   vertex 75452.8516 75227.9922 46765.2227
  endloop
 endfacet
facet normal 0.0485904887 0.987949014 -0.146954745
  outer loop
   vertex 75584.3828 75212.3828 46703.8008
   vertex 75452.8516 75227.9922 46765.2227
   vertex 75626.5547 75233.5234 46859.8594
  endloop
 endfacet
facet normal -0.485379905 0.0843485445 0.870225072
  outer loop
   vertex 74001.9375 75093.3281 46064.6133
   vertex 73969.5859 75110 46044.9492
   vertex 73878.2969 75051.2031 45999.7305
  endloop
 endfacet
facet normal -0.424437642 0.855283558 0.297225118
  outer loop
   vertex 75452.8516 75227.9922 46765.2227
   vertex 75365.3125 75150.9297 46861.9766
   vertex 75518.75 75210.1953 46910.543
  endloop
 endfacet
facet normal 0.370198846 0.609196007 -0.701308072
  outer loop
   vertex 75624.8906 75030.6797 46511.9375
   vertex 75475.9531 75146.3438 46533.793
   vertex 75717.9375 75118.6094 46637.4414
  endloop
 endfacet
facet normal 0.341304868 0.631937861 -0.695820034
  outer loop
   vertex 75731.2578 75034.6562 46567.7266
   vertex 75624.8906 75030.6797 46511.9375
   vertex 75717.9375 75118.6094 46637.4414
  endloop
 endfacet
facet normal -0.185294136 0.976102829 -0.113531403
  outer loop
   vertex 75023.125 75113.3125 46303.1406
   vertex 74866.8281 75095.4453 46404.5938
   vertex 75123.1797 75159.5625 46537.5195
  endloop
 endfacet
facet normal -0.503842235 0.765559673 0.400076747
  outer loop
   vertex 74866.8281 75095.4453 46404.5938
   vertex 74827.8047 75004.5312 46529.4023
   vertex 74997.5312 75077.2422 46604.0273
  endloop
 endfacet
facet normal -0.0619046502 0.983885586 -0.167740822
  outer loop
   vertex 75123.1797 75159.5625 46537.5195
   vertex 75253.5859 75150.7266 46437.5273
   vertex 75023.125 75113.3125 46303.1406
  endloop
 endfacet
facet normal -0.620946884 0.367866486 0.692169905
  outer loop
   vertex 74827.8047 75004.5312 46529.4023
   vertex 74651.2031 75002.6406 46371.9727
   vertex 74719.5078 74897.625 46489.0664
  endloop
 endfacet
facet normal -0.5590837 -0.0676718205 0.826344907
  outer loop
   vertex 74887.9844 74827.0156 46593.8555
   vertex 75111.1641 74872.1172 46748.5391
   vertex 74946.9062 74960.8438 46644.6758
  endloop
 endfacet
facet normal -0.517483175 0.0424656495 0.854638994
  outer loop
   vertex 75083.5703 75021.6953 46724.4023
   vertex 74946.9062 74960.8438 46644.6758
   vertex 75111.1641 74872.1172 46748.5391
  endloop
 endfacet
facet normal -0.520185828 0.50185889 0.691045821
  outer loop
   vertex 75083.5703 75021.6953 46724.4023
   vertex 75232.75 75018.3359 46839.1367
   vertex 75183.3125 75135.0859 46717.1328
  endloop
 endfacet
facet normal -0.633504927 0.389498681 0.668552399
  outer loop
   vertex 74834.8281 74927.4922 46580.9414
   vertex 74827.8047 75004.5312 46529.4023
   vertex 74719.5078 74897.625 46489.0664
  endloop
 endfacet
facet normal -0.576922059 0.46059531 0.674546421
  outer loop
   vertex 75183.3125 75135.0859 46717.1328
   vertex 75232.75 75018.3359 46839.1367
   vertex 75365.3125 75150.9297 46861.9766
  endloop
 endfacet
facet normal -0.468288869 0.721901536 0.509473979
  outer loop
   vertex 75183.3125 75135.0859 46717.1328
   vertex 75365.3125 75150.9297 46861.9766
   vertex 75305.9531 75205.7344 46729.7539
  endloop
 endfacet
facet normal -0.51653856 0.473754734 0.713263154
  outer loop
   vertex 74827.8047 75004.5312 46529.4023
   vertex 74946.9062 74960.8438 46644.6758
   vertex 74997.5312 75077.2422 46604.0273
  endloop
 endfacet
facet normal -0.539461255 0.433658749 0.721749008
  outer loop
   vertex 74827.8047 75004.5312 46529.4023
   vertex 74834.8281 74927.4922 46580.9414
   vertex 74946.9062 74960.8438 46644.6758
  endloop
 endfacet
facet normal -0.555303812 0.529556096 0.641255021
  outer loop
   vertex 75083.5703 75021.6953 46724.4023
   vertex 75183.3125 75135.0859 46717.1328
   vertex 74997.5312 75077.2422 46604.0273
  endloop
 endfacet
facet normal -0.591636419 0.482806265 0.645650387
  outer loop
   vertex 75083.5703 75021.6953 46724.4023
   vertex 74997.5312 75077.2422 46604.0273
   vertex 74946.9062 74960.8438 46644.6758
  endloop
 endfacet
facet normal -0.452824205 -0.0425527245 0.890583813
  outer loop
   vertex 74139.5469 75010.4766 46130.6211
   vertex 74001.9375 75093.3281 46064.6133
   vertex 73878.2969 75051.2031 45999.7305
  endloop
 endfacet
facet normal -0.33572647 0.469986171 0.816333711
  outer loop
   vertex 73912.2266 74939.2578 46078.1328
   vertex 74139.5469 75010.4766 46130.6211
   vertex 73878.2969 75051.2031 45999.7305
  endloop
 endfacet
facet normal -0.58848685 0.400389731 0.702403903
  outer loop
   vertex 74460.7734 74840.2969 46304.9766
   vertex 74719.5078 74897.625 46489.0664
   vertex 74651.2031 75002.6406 46371.9727
  endloop
 endfacet
facet normal -0.612689495 0.729302943 0.304513961
  outer loop
   vertex 75183.3125 75135.0859 46717.1328
   vertex 75229.7344 75199.6484 46655.9102
   vertex 75123.1797 75159.5625 46537.5195
  endloop
 endfacet
facet normal -0.428421766 0.864969611 0.261309028
  outer loop
   vertex 74997.5312 75077.2422 46604.0273
   vertex 75183.3125 75135.0859 46717.1328
   vertex 75123.1797 75159.5625 46537.5195
  endloop
 endfacet
facet normal -0.387452722 0.859876812 0.332403749
  outer loop
   vertex 74866.8281 75095.4453 46404.5938
   vertex 74997.5312 75077.2422 46604.0273
   vertex 75123.1797 75159.5625 46537.5195
  endloop
 endfacet
facet normal -0.40959543 0.793580711 0.449956954
  outer loop
   vertex 74651.2031 75002.6406 46371.9727
   vertex 74827.8047 75004.5312 46529.4023
   vertex 74866.8281 75095.4453 46404.5938
  endloop
 endfacet
facet normal 0.0674539879 0.933643818 -0.351794213
  outer loop
   vertex 74804.6641 75037.6406 46060.4297
   vertex 74833.8516 75103.875 46241.8008
   vertex 75023.125 75113.3125 46303.1406
  endloop
 endfacet
facet normal 0.215272829 0.86035955 -0.461994708
  outer loop
   vertex 74804.6641 75037.6406 46060.4297
   vertex 75023.125 75113.3125 46303.1406
   vertex 75053.2031 75039.4219 46179.5547
  endloop
 endfacet
facet normal -0.198522329 0.836648703 0.51049763
  outer loop
   vertex 74139.5469 75010.4766 46130.6211
   vertex 74437.0156 75019.5781 46231.3828
   vertex 74331.3672 75079.8594 46091.5078
  endloop
 endfacet
facet normal -0.205542952 -0.367609352 0.906981528
  outer loop
   vertex 73011.9453 74713.4922 45648.3828
   vertex 73048.2734 74672.2812 45639.9102
   vertex 73130.8203 74812.8281 45715.582
  endloop
 endfacet
facet normal -0.542414308 0.0835767463 0.83594358
  outer loop
   vertex 73000.2891 74724.6016 45639.7031
   vertex 73011.9453 74713.4922 45648.3828
   vertex 73130.8203 74812.8281 45715.582
  endloop
 endfacet
facet normal -0.264153808 -0.345984012 0.900287628
  outer loop
   vertex 73174.4922 74865.6016 45788.8242
   vertex 73182.4922 74846.1719 45783.707
   vertex 73343.1406 74853.7266 45833.7461
  endloop
 endfacet
facet normal -0.451570272 -0.372870982 0.810587168
  outer loop
   vertex 73506.5156 74703.8516 45855.8203
   vertex 73606.1953 74802.8203 45956.8711
   vertex 73343.1406 74853.7266 45833.7461
  endloop
 endfacet
facet normal -0.403084725 -0.238911316 0.883427441
  outer loop
   vertex 73048.2734 74672.2812 45639.9102
   vertex 73243.7578 74732.1797 45745.3008
   vertex 73130.8203 74812.8281 45715.582
  endloop
 endfacet
facet normal -0.542480111 -0.515130877 0.663592875
  outer loop
   vertex 73182.4922 74846.1719 45783.707
   vertex 73130.8203 74812.8281 45715.582
   vertex 73243.7578 74732.1797 45745.3008
  endloop
 endfacet
facet normal 0.272933602 0.479417503 -0.834066033
  outer loop
   vertex 74339.2656 74866.9141 45756.9414
   vertex 74386.5234 74973.0234 45833.3984
   vertex 74485.2734 74845.9688 45792.6836
  endloop
 endfacet
facet normal -0.371061385 0.454632491 0.809705377
  outer loop
   vertex 73912.2266 74939.2578 46078.1328
   vertex 73878.2969 75051.2031 45999.7305
   vertex 73673.7734 74920 45979.6719
  endloop
 endfacet
facet normal -0.119731508 0.717724502 0.68595624
  outer loop
   vertex 74139.5469 75010.4766 46130.6211
   vertex 74331.3672 75079.8594 46091.5078
   vertex 74062.6641 75094.625 46029.1523
  endloop
 endfacet
facet normal 0.215098992 0.89049536 0.400936902
  outer loop
   vertex 74062.6641 75094.625 46029.1523
   vertex 73969.5859 75110 46044.9492
   vertex 74001.9375 75093.3281 46064.6133
  endloop
 endfacet
facet normal -0.396373123 0.0502191 0.916714966
  outer loop
   vertex 73673.7734 74920 45979.6719
   vertex 73606.1953 74802.8203 45956.8711
   vertex 73826.8047 74819.5859 46051.3398
  endloop
 endfacet
facet normal -0.385514855 0.0691859573 0.920104146
  outer loop
   vertex 73912.2266 74939.2578 46078.1328
   vertex 73673.7734 74920 45979.6719
   vertex 73826.8047 74819.5859 46051.3398
  endloop
 endfacet
facet normal -0.317495108 0.929087937 0.189716861
  outer loop
   vertex 73723.5234 75046.5938 45829.0234
   vertex 73496.9688 74985.4453 45749.3242
   vertex 73552.9531 74980.9297 45865.1367
  endloop
 endfacet
facet normal 0.0801778287 0.990597486 -0.110851727
  outer loop
   vertex 74062.6641 75094.625 46029.1523
   vertex 74331.3672 75079.8594 46091.5078
   vertex 74214.7109 75071.3359 45931.0273
  endloop
 endfacet
facet normal -0.161964715 0.949653506 -0.268189579
  outer loop
   vertex 73496.9688 74985.4453 45749.3242
   vertex 73723.5234 75046.5938 45829.0234
   vertex 73666.5078 75003.8281 45712.0273
  endloop
 endfacet
facet normal -0.532606065 0.579770446 -0.616601169
  outer loop
   vertex 73207.4609 74915.6094 45721.7734
   vertex 73211.7031 74861.3438 45667.0859
   vertex 73187.5625 74910.7812 45734.4258
  endloop
 endfacet
facet normal -0.740614951 0.386761189 -0.54945904
  outer loop
   vertex 73211.7031 74861.3438 45667.0859
   vertex 73155.7344 74880.0469 45755.6992
   vertex 73187.5625 74910.7812 45734.4258
  endloop
 endfacet
facet normal -0.646673858 0.553114414 -0.525240362
  outer loop
   vertex 73211.7031 74861.3438 45667.0859
   vertex 73130.8203 74812.8281 45715.582
   vertex 73155.7344 74880.0469 45755.6992
  endloop
 endfacet
facet normal -0.412810892 0.491700113 0.766692996
  outer loop
   vertex 73343.1406 74853.7266 45833.7461
   vertex 73552.9531 74980.9297 45865.1367
   vertex 73274.3359 74917.6094 45755.7266
  endloop
 endfacet
facet normal 0.792603314 -0.501075625 0.347423702
  outer loop
   vertex 73155.7344 74880.0469 45755.6992
   vertex 73130.8203 74812.8281 45715.582
   vertex 73169.2109 74896.0391 45748.0117
  endloop
 endfacet
facet normal -0.429323435 0.527169406 0.733330607
  outer loop
   vertex 73343.1406 74853.7266 45833.7461
   vertex 73673.7734 74920 45979.6719
   vertex 73552.9531 74980.9297 45865.1367
  endloop
 endfacet
facet normal -0.204412609 0.788811445 0.579648137
  outer loop
   vertex 73169.2109 74896.0391 45748.0117
   vertex 73274.3359 74917.6094 45755.7266
   vertex 73187.5625 74910.7812 45734.4258
  endloop
 endfacet
facet normal 0.00671885442 -0.365779221 0.930677414
  outer loop
   vertex 73130.8203 74812.8281 45715.582
   vertex 73274.3359 74917.6094 45755.7266
   vertex 73169.2109 74896.0391 45748.0117
  endloop
 endfacet
facet normal -0.615014017 0.75427258 0.229849145
  outer loop
   vertex 73230.4766 74874.8594 45778.6797
   vertex 73274.3359 74917.6094 45755.7266
   vertex 73130.8203 74812.8281 45715.582
  endloop
 endfacet
facet normal -0.282489121 0.943476498 0.173355177
  outer loop
   vertex 73552.9531 74980.9297 45865.1367
   vertex 73496.9688 74985.4453 45749.3242
   vertex 73274.3359 74917.6094 45755.7266
  endloop
 endfacet
facet normal -0.238399044 0.637729406 0.73243916
  outer loop
   vertex 73230.4766 74874.8594 45778.6797
   vertex 73343.1406 74853.7266 45833.7461
   vertex 73274.3359 74917.6094 45755.7266
  endloop
 endfacet
facet normal -0.12134026 0.975914836 0.181292102
  outer loop
   vertex 73207.4609 74915.6094 45721.7734
   vertex 73187.5625 74910.7812 45734.4258
   vertex 73274.3359 74917.6094 45755.7266
  endloop
 endfacet
facet normal -0.236848995 0.970136344 0.052326642
  outer loop
   vertex 73878.2969 75051.2031 45999.7305
   vertex 74062.6641 75094.625 46029.1523
   vertex 73953.7734 75075.7109 45887
  endloop
 endfacet
facet normal -0.0262528583 0.634707153 -0.772306681
  outer loop
   vertex 73878.2969 75051.2031 45999.7305
   vertex 73969.5859 75110 46044.9492
   vertex 74062.6641 75094.625 46029.1523
  endloop
 endfacet
facet normal 0.232915148 0.364515811 -0.901597917
  outer loop
   vertex 74601.9297 75031.5391 45912.7031
   vertex 74682.2266 74924.2969 45890.0898
   vertex 74386.5234 74973.0234 45833.3984
  endloop
 endfacet
facet normal 0.175891861 0.757124007 -0.629146516
  outer loop
   vertex 73836.1719 75045.7578 45769.3203
   vertex 74034.1016 75002.7344 45772.8789
   vertex 73816.2266 74988.75 45695.1406
  endloop
 endfacet
facet normal 0.0443560556 0.985279739 -0.165095106
  outer loop
   vertex 74062.6641 75094.625 46029.1523
   vertex 74214.7109 75071.3359 45931.0273
   vertex 73953.7734 75075.7109 45887
  endloop
 endfacet
facet normal -0.152258456 0.982025504 0.111549638
  outer loop
   vertex 73953.7734 75075.7109 45887
   vertex 73723.5234 75046.5938 45829.0234
   vertex 73878.2969 75051.2031 45999.7305
  endloop
 endfacet
facet normal 0.0107734222 0.791451216 -0.61113745
  outer loop
   vertex 73836.1719 75045.7578 45769.3203
   vertex 73816.2266 74988.75 45695.1406
   vertex 73666.5078 75003.8281 45712.0273
  endloop
 endfacet
facet normal 0.0967073441 0.868032813 -0.486997694
  outer loop
   vertex 73953.7734 75075.7109 45887
   vertex 74214.7109 75071.3359 45931.0273
   vertex 74034.1016 75002.7344 45772.8789
  endloop
 endfacet
facet normal 0.53645885 0.0829326361 -0.839841723
  outer loop
   vertex 75078.5156 74803.3203 46126.4102
   vertex 75012.8594 74944.9141 46098.4531
   vertex 75177.5469 74954.0547 46204.5469
  endloop
 endfacet
facet normal 0.199624985 0.88324976 -0.424287349
  outer loop
   vertex 74034.1016 75002.7344 45772.8789
   vertex 73836.1719 75045.7578 45769.3203
   vertex 73953.7734 75075.7109 45887
  endloop
 endfacet
facet normal -0.301671833 0.920410812 0.248672634
  outer loop
   vertex 73552.9531 74980.9297 45865.1367
   vertex 73878.2969 75051.2031 45999.7305
   vertex 73723.5234 75046.5938 45829.0234
  endloop
 endfacet
facet normal -0.0818596557 0.982348561 -0.168197095
  outer loop
   vertex 73836.1719 75045.7578 45769.3203
   vertex 73723.5234 75046.5938 45829.0234
   vertex 73953.7734 75075.7109 45887
  endloop
 endfacet
facet normal -0.140667886 0.950019598 -0.278702974
  outer loop
   vertex 73723.5234 75046.5938 45829.0234
   vertex 73836.1719 75045.7578 45769.3203
   vertex 73666.5078 75003.8281 45712.0273
  endloop
 endfacet
facet normal -0.708008647 0.286543787 -0.645458281
  outer loop
   vertex 73169.2109 74896.0391 45748.0117
   vertex 73187.5625 74910.7812 45734.4258
   vertex 73155.7344 74880.0469 45755.6992
  endloop
 endfacet
facet normal 0.312866837 0.686211169 -0.656679928
  outer loop
   vertex 73274.3359 74917.6094 45755.7266
   vertex 73211.7031 74861.3438 45667.0859
   vertex 73207.4609 74915.6094 45721.7734
  endloop
 endfacet
facet normal -0.404885918 0.873981595 -0.268744349
  outer loop
   vertex 73351.1953 74936.5859 45701.6367
   vertex 73211.7031 74861.3438 45667.0859
   vertex 73274.3359 74917.6094 45755.7266
  endloop
 endfacet
facet normal -0.29264456 0.952730417 -0.0816329718
  outer loop
   vertex 73496.9688 74985.4453 45749.3242
   vertex 73351.1953 74936.5859 45701.6367
   vertex 73274.3359 74917.6094 45755.7266
  endloop
 endfacet
facet normal -0.0159988534 0.671206832 -0.74109745
  outer loop
   vertex 73816.2266 74988.75 45695.1406
   vertex 73681.875 74930.5 45645.2852
   vertex 73666.5078 75003.8281 45712.0273
  endloop
 endfacet
facet normal -0.0725270063 0.798986673 -0.596959054
  outer loop
   vertex 73351.1953 74936.5859 45701.6367
   vertex 73496.9688 74985.4453 45749.3242
   vertex 73469.4609 74909.7031 45651.2891
  endloop
 endfacet
facet normal 0.284240693 0.40430212 -0.869337082
  outer loop
   vertex 73816.2266 74988.75 45695.1406
   vertex 74034.1016 75002.7344 45772.8789
   vertex 73862.7969 74875.5938 45657.7422
  endloop
 endfacet
facet normal 0.176049441 0.373473823 -0.910782039
  outer loop
   vertex 73681.875 74930.5 45645.2852
   vertex 73816.2266 74988.75 45695.1406
   vertex 73862.7969 74875.5938 45657.7422
  endloop
 endfacet
facet normal -0.064056024 0.388843656 -0.919074237
  outer loop
   vertex 73600.4922 74809.9844 45599.9688
   vertex 73469.4609 74909.7031 45651.2891
   vertex 73681.875 74930.5 45645.2852
  endloop
 endfacet
facet normal 0.14492172 0.261007786 -0.954396486
  outer loop
   vertex 73862.7969 74875.5938 45657.7422
   vertex 73600.4922 74809.9844 45599.9688
   vertex 73681.875 74930.5 45645.2852
  endloop
 endfacet
facet normal -0.553163648 0.815577149 -0.169834971
  outer loop
   vertex 73023.7969 74732.9141 45556.2773
   vertex 72951.3828 74676.9766 45523.5117
   vertex 72991.5703 74720.4297 45601.2695
  endloop
 endfacet
facet normal -0.665672302 0.673613012 0.321132153
  outer loop
   vertex 73023.7969 74732.9141 45556.2773
   vertex 72944.1406 74684.0078 45493.7539
   vertex 72951.3828 74676.9766 45523.5117
  endloop
 endfacet
facet normal 0.0111266514 0.469104886 -0.883072376
  outer loop
   vertex 73469.4609 74909.7031 45651.2891
   vertex 73600.4922 74809.9844 45599.9688
   vertex 73322.8984 74751.0781 45565.1758
  endloop
 endfacet
facet normal 0.208013847 0.213583171 -0.954522133
  outer loop
   vertex 73109.6797 74654.4844 45497.0977
   vertex 73322.8984 74751.0781 45565.1758
   vertex 73269.9062 74640.2188 45528.8242
  endloop
 endfacet
facet normal 0.0345933288 0.696929693 -0.7163046
  outer loop
   vertex 73124.0859 74737.7266 45542.5859
   vertex 73211.7031 74861.3438 45667.0859
   vertex 73322.8984 74751.0781 45565.1758
  endloop
 endfacet
facet normal -0.935181975 0.218001887 0.279123425
  outer loop
   vertex 72944.1406 74684.0078 45493.7539
   vertex 72932.4609 74657.9531 45474.9883
   vertex 72951.3828 74676.9766 45523.5117
  endloop
 endfacet
facet normal -0.891804636 0.42460981 0.156176314
  outer loop
   vertex 72956.375 74653.4453 45582.4062
   vertex 73000.2891 74724.6016 45639.7031
   vertex 72991.5703 74720.4297 45601.2695
  endloop
 endfacet
facet normal -0.886160314 0.399522543 0.234737352
  outer loop
   vertex 72951.3828 74676.9766 45523.5117
   vertex 72956.375 74653.4453 45582.4062
   vertex 72991.5703 74720.4297 45601.2695
  endloop
 endfacet
facet normal -0.576155782 0.81625706 0.0420588888
  outer loop
   vertex 73130.8203 74812.8281 45715.582
   vertex 72991.5703 74720.4297 45601.2695
   vertex 73000.2891 74724.6016 45639.7031
  endloop
 endfacet
facet normal -0.486639202 0.866910219 -0.10793025
  outer loop
   vertex 73130.8203 74812.8281 45715.582
   vertex 73023.7969 74732.9141 45556.2773
   vertex 72991.5703 74720.4297 45601.2695
  endloop
 endfacet
facet normal 0.105423868 0.0881877244 -0.990509331
  outer loop
   vertex 73600.4922 74809.9844 45599.9688
   vertex 73527.6719 74645.0938 45577.5352
   vertex 73322.8984 74751.0781 45565.1758
  endloop
 endfacet
facet normal 0.176544726 0.229491293 -0.95716548
  outer loop
   vertex 73527.6719 74645.0938 45577.5352
   vertex 73269.9062 74640.2188 45528.8242
   vertex 73322.8984 74751.0781 45565.1758
  endloop
 endfacet
facet normal -0.771963537 -0.0894958973 0.629335165
  outer loop
   vertex 73130.8203 74812.8281 45715.582
   vertex 73182.4922 74846.1719 45783.707
   vertex 73155.7344 74880.0469 45755.6992
  endloop
 endfacet
facet normal 0.471586019 0.87438637 0.114259034
  outer loop
   vertex 73174.4922 74865.6016 45788.8242
   vertex 73155.7344 74880.0469 45755.6992
   vertex 73150.6016 74878.1406 45791.4766
  endloop
 endfacet
facet normal -0.717784345 -0.682190657 -0.139289409
  outer loop
   vertex 73155.7344 74880.0469 45755.6992
   vertex 73182.4922 74846.1719 45783.707
   vertex 73150.6016 74878.1406 45791.4766
  endloop
 endfacet
facet normal -0.0336932391 -0.267634839 0.962931156
  outer loop
   vertex 73182.4922 74846.1719 45783.707
   vertex 73174.4922 74865.6016 45788.8242
   vertex 73150.6016 74878.1406 45791.4766
  endloop
 endfacet
facet normal -0.318123817 -0.347938091 0.881893575
  outer loop
   vertex 73745.5781 74706.8594 45977.5625
   vertex 73988.7812 74702.9922 46063.7695
   vertex 73826.8047 74819.5859 46051.3398
  endloop
 endfacet
facet normal -0.351951987 -0.32167542 0.879007816
  outer loop
   vertex 73606.1953 74802.8203 45956.8711
   vertex 73745.5781 74706.8594 45977.5625
   vertex 73826.8047 74819.5859 46051.3398
  endloop
 endfacet
facet normal -0.442295283 -0.754603505 0.484714806
  outer loop
   vertex 78978.7109 73764.8047 50478.8945
   vertex 78811.2969 73848.4531 50456.3633
   vertex 78779.5859 73779.0703 50319.4023
  endloop
 endfacet
facet normal -0.342972219 -0.504502416 0.792368174
  outer loop
   vertex 74324.4453 74661.1797 46131.9258
   vertex 74460.7734 74840.2969 46304.9766
   vertex 74100.1016 74831.1875 46143.0625
  endloop
 endfacet
facet normal -0.617798805 -0.290896624 0.730550349
  outer loop
   vertex 74460.7734 74840.2969 46304.9766
   vertex 74520.8047 74670.1328 46287.9844
   vertex 74610.4922 74697.1406 46374.582
  endloop
 endfacet
facet normal -0.259859324 0.123624556 0.957700431
  outer loop
   vertex 74139.5469 75010.4766 46130.6211
   vertex 73912.2266 74939.2578 46078.1328
   vertex 74100.1016 74831.1875 46143.0625
  endloop
 endfacet
facet normal -0.318714947 0.0153195262 0.947726786
  outer loop
   vertex 73912.2266 74939.2578 46078.1328
   vertex 73826.8047 74819.5859 46051.3398
   vertex 74100.1016 74831.1875 46143.0625
  endloop
 endfacet
facet normal -0.407975078 0.152217075 0.900214612
  outer loop
   vertex 74460.7734 74840.2969 46304.9766
   vertex 74139.5469 75010.4766 46130.6211
   vertex 74100.1016 74831.1875 46143.0625
  endloop
 endfacet
facet normal 0.463156819 0.0351534709 -0.88557893
  outer loop
   vertex 75762.875 74916.3125 46579.5664
   vertex 75624.8906 75030.6797 46511.9375
   vertex 75731.2578 75034.6562 46567.7266
  endloop
 endfacet
facet normal -0.0709767491 0.844092309 0.531479537
  outer loop
   vertex 77244.9453 74478.9453 47834.5781
   vertex 77307.5 74503.9922 47803.1523
   vertex 77217.1016 74563.2031 47697.0508
  endloop
 endfacet
facet normal 0.548044801 0.17795451 -0.817299843
  outer loop
   vertex 75624.8906 75030.6797 46511.9375
   vertex 75762.875 74916.3125 46579.5664
   vertex 75561.7891 74909.6562 46443.2734
  endloop
 endfacet
facet normal 0.591021717 0.0614661835 -0.804310381
  outer loop
   vertex 74942.625 74735.3594 46021.3594
   vertex 74892.75 74851.0859 45993.5547
   vertex 75078.5156 74803.3203 46126.4102
  endloop
 endfacet
facet normal 0.659599662 0.105468117 -0.74418056
  outer loop
   vertex 74892.75 74851.0859 45993.5547
   vertex 74942.625 74735.3594 46021.3594
   vertex 74872.8906 74744.6016 45960.8594
  endloop
 endfacet
facet normal 0.338689029 0.339825422 -0.877387285
  outer loop
   vertex 74743.1484 75016.9922 45949.5078
   vertex 74682.2266 74924.2969 45890.0898
   vertex 74709.1719 75033.625 45942.8359
  endloop
 endfacet
facet normal 0.32691282 -0.134288669 -0.935464919
  outer loop
   vertex 74699.5078 74807.8984 45842.625
   vertex 74662.4297 74748.2734 45838.2266
   vertex 74624.7109 74809.3438 45816.2812
  endloop
 endfacet
facet normal 0.134392336 -0.121911034 -0.983400404
  outer loop
   vertex 74521.5859 74738.6641 45810.9492
   vertex 74485.2734 74845.9688 45792.6836
   vertex 74624.7109 74809.3438 45816.2812
  endloop
 endfacet
facet normal 0.169293746 -0.0690963119 -0.983140528
  outer loop
   vertex 74156.125 74875.4453 45724.8047
   vertex 74339.2656 74866.9141 45756.9414
   vertex 74286.2578 74762.3438 45755.1602
  endloop
 endfacet
facet normal 0.237030357 0.011984773 -0.971428335
  outer loop
   vertex 74156.125 74875.4453 45724.8047
   vertex 74286.2578 74762.3438 45755.1602
   vertex 73984.8516 74746.6484 45681.4219
  endloop
 endfacet
facet normal -0.0683744177 0.879216373 -0.471490741
  outer loop
   vertex 74523.4766 75068.9375 45993.8203
   vertex 74667.4375 75065.375 45966.2969
   vertex 74601.9297 75031.5391 45912.7031
  endloop
 endfacet
facet normal 0.513817072 0.204767421 -0.833104014
  outer loop
   vertex 75624.8906 75030.6797 46511.9375
   vertex 75561.7891 74909.6562 46443.2734
   vertex 75452.6172 75007.6484 46400.0312
  endloop
 endfacet
facet normal 0.858029902 -0.293928951 -0.421177506
  outer loop
   vertex 74682.2266 74924.2969 45890.0898
   vertex 74743.1484 75016.9922 45949.5078
   vertex 74804.6641 75037.6406 46060.4297
  endloop
 endfacet
facet normal 0.372110695 0.611145139 -0.698595166
  outer loop
   vertex 75475.9531 75146.3438 46533.793
   vertex 75624.8906 75030.6797 46511.9375
   vertex 75452.6172 75007.6484 46400.0312
  endloop
 endfacet
facet normal 0.353316337 0.45901984 -0.815149248
  outer loop
   vertex 75012.8594 74944.9141 46098.4531
   vertex 74892.75 74851.0859 45993.5547
   vertex 74804.6641 75037.6406 46060.4297
  endloop
 endfacet
facet normal 0.173892349 0.722770333 -0.668853164
  outer loop
   vertex 74709.1719 75033.625 45942.8359
   vertex 74601.9297 75031.5391 45912.7031
   vertex 74667.4375 75065.375 45966.2969
  endloop
 endfacet
facet normal 0.464588225 0.454081029 -0.760242224
  outer loop
   vertex 75177.5469 74954.0547 46204.5469
   vertex 75012.8594 74944.9141 46098.4531
   vertex 75053.2031 75039.4219 46179.5547
  endloop
 endfacet
facet normal 0.417908579 0.491893023 -0.763802111
  outer loop
   vertex 75202.7031 75072.4375 46289.9844
   vertex 75347.5 75089.6641 46380.3047
   vertex 75313.9766 74998.4453 46303.2148
  endloop
 endfacet
facet normal 0.571718454 0.0164891575 -0.820284188
  outer loop
   vertex 75452.6172 75007.6484 46400.0312
   vertex 75340.8047 74826.3984 46318.4531
   vertex 75313.9766 74998.4453 46303.2148
  endloop
 endfacet
facet normal 0.515797198 0.49434787 -0.69969523
  outer loop
   vertex 74892.75 74851.0859 45993.5547
   vertex 74682.2266 74924.2969 45890.0898
   vertex 74804.6641 75037.6406 46060.4297
  endloop
 endfacet
facet normal 0.588629603 0.0320315734 -0.807768047
  outer loop
   vertex 75340.8047 74826.3984 46318.4531
   vertex 75078.5156 74803.3203 46126.4102
   vertex 75177.5469 74954.0547 46204.5469
  endloop
 endfacet
facet normal 0.581900835 0.0187182091 -0.81304431
  outer loop
   vertex 75313.9766 74998.4453 46303.2148
   vertex 75340.8047 74826.3984 46318.4531
   vertex 75177.5469 74954.0547 46204.5469
  endloop
 endfacet
facet normal 0.187361658 0.499151945 -0.84601593
  outer loop
   vertex 74156.125 74875.4453 45724.8047
   vertex 74034.1016 75002.7344 45772.8789
   vertex 74386.5234 74973.0234 45833.3984
  endloop
 endfacet
facet normal 0.311595261 0.3980878 -0.862806201
  outer loop
   vertex 74699.5078 74807.8984 45842.625
   vertex 74624.7109 74809.3438 45816.2812
   vertex 74682.2266 74924.2969 45890.0898
  endloop
 endfacet
facet normal 0.598811328 0.0802737698 -0.796856999
  outer loop
   vertex 75784.9062 75035.9297 46608.1719
   vertex 75762.875 74916.3125 46579.5664
   vertex 75731.2578 75034.6562 46567.7266
  endloop
 endfacet
facet normal 0.7404719 0.345093399 -0.576725125
  outer loop
   vertex 74765.7812 74765.5078 45902.3516
   vertex 74699.5078 74807.8984 45842.625
   vertex 74682.2266 74924.2969 45890.0898
  endloop
 endfacet
facet normal 0.485375047 0.189486399 -0.853525639
  outer loop
   vertex 74892.75 74851.0859 45993.5547
   vertex 74765.7812 74765.5078 45902.3516
   vertex 74682.2266 74924.2969 45890.0898
  endloop
 endfacet
facet normal 0.368923277 0.509572387 -0.777323306
  outer loop
   vertex 75012.8594 74944.9141 46098.4531
   vertex 74804.6641 75037.6406 46060.4297
   vertex 75053.2031 75039.4219 46179.5547
  endloop
 endfacet
facet normal 0.170796216 0.524799347 -0.833915055
  outer loop
   vertex 74339.2656 74866.9141 45756.9414
   vertex 74156.125 74875.4453 45724.8047
   vertex 74386.5234 74973.0234 45833.3984
  endloop
 endfacet
facet normal 0.244391918 0.37183404 -0.895551264
  outer loop
   vertex 74709.1719 75033.625 45942.8359
   vertex 74682.2266 74924.2969 45890.0898
   vertex 74601.9297 75031.5391 45912.7031
  endloop
 endfacet
facet normal 0.239721119 0.460251719 -0.854811192
  outer loop
   vertex 74485.2734 74845.9688 45792.6836
   vertex 74386.5234 74973.0234 45833.3984
   vertex 74682.2266 74924.2969 45890.0898
  endloop
 endfacet
facet normal 0.258767605 0.426885635 -0.866491795
  outer loop
   vertex 74485.2734 74845.9688 45792.6836
   vertex 74682.2266 74924.2969 45890.0898
   vertex 74624.7109 74809.3438 45816.2812
  endloop
 endfacet
facet normal 0.162713781 0.823715031 -0.543155372
  outer loop
   vertex 74214.7109 75071.3359 45931.0273
   vertex 74386.5234 74973.0234 45833.3984
   vertex 74034.1016 75002.7344 45772.8789
  endloop
 endfacet
facet normal -0.0661588311 0.880271792 -0.469834626
  outer loop
   vertex 74523.4766 75068.9375 45993.8203
   vertex 74601.9297 75031.5391 45912.7031
   vertex 74386.5234 74973.0234 45833.3984
  endloop
 endfacet
facet normal 0.12534897 0.800728679 -0.585765481
  outer loop
   vertex 74214.7109 75071.3359 45931.0273
   vertex 74523.4766 75068.9375 45993.8203
   vertex 74386.5234 74973.0234 45833.3984
  endloop
 endfacet
facet normal 0.421424031 0.827720404 -0.370514095
  outer loop
   vertex 74709.1719 75033.625 45942.8359
   vertex 74667.4375 75065.375 45966.2969
   vertex 74804.6641 75037.6406 46060.4297
  endloop
 endfacet
facet normal 0.0217234958 0.997399211 -0.0687232241
  outer loop
   vertex 74331.3672 75079.8594 46091.5078
   vertex 74523.4766 75068.9375 45993.8203
   vertex 74214.7109 75071.3359 45931.0273
  endloop
 endfacet
facet normal 0.408738822 0.475372285 -0.779072404
  outer loop
   vertex 75313.9766 74998.4453 46303.2148
   vertex 75177.5469 74954.0547 46204.5469
   vertex 75202.7031 75072.4375 46289.9844
  endloop
 endfacet
facet normal 0.491042942 0.449925244 -0.745951831
  outer loop
   vertex 75452.6172 75007.6484 46400.0312
   vertex 75313.9766 74998.4453 46303.2148
   vertex 75347.5 75089.6641 46380.3047
  endloop
 endfacet
facet normal 0.46339187 0.451712579 -0.762380302
  outer loop
   vertex 75053.2031 75039.4219 46179.5547
   vertex 75202.7031 75072.4375 46289.9844
   vertex 75177.5469 74954.0547 46204.5469
  endloop
 endfacet
facet normal 0.161671147 0.863839447 -0.47712034
  outer loop
   vertex 75053.2031 75039.4219 46179.5547
   vertex 75023.125 75113.3125 46303.1406
   vertex 75202.7031 75072.4375 46289.9844
  endloop
 endfacet
facet normal -0.16158843 0.969759107 -0.182910919
  outer loop
   vertex 75123.1797 75159.5625 46537.5195
   vertex 75229.7344 75199.6484 46655.9102
   vertex 75327.7422 75208.4766 46616.1016
  endloop
 endfacet
facet normal 0.0571345054 0.84359479 -0.53393203
  outer loop
   vertex 75461.1016 75222.1406 46651.957
   vertex 75475.9531 75146.3438 46533.793
   vertex 75327.7422 75208.4766 46616.1016
  endloop
 endfacet
facet normal 0.234232277 0.831826568 -0.503189683
  outer loop
   vertex 75475.9531 75146.3438 46533.793
   vertex 75347.5 75089.6641 46380.3047
   vertex 75253.5859 75150.7266 46437.5273
  endloop
 endfacet
facet normal 0.156324401 0.849155426 -0.504477739
  outer loop
   vertex 75202.7031 75072.4375 46289.9844
   vertex 75023.125 75113.3125 46303.1406
   vertex 75253.5859 75150.7266 46437.5273
  endloop
 endfacet
facet normal 0.223389149 0.827029705 -0.515867352
  outer loop
   vertex 75347.5 75089.6641 46380.3047
   vertex 75202.7031 75072.4375 46289.9844
   vertex 75253.5859 75150.7266 46437.5273
  endloop
 endfacet
facet normal 0.273326218 0.824915051 -0.494780719
  outer loop
   vertex 75584.3828 75212.3828 46703.8008
   vertex 75475.9531 75146.3438 46533.793
   vertex 75461.1016 75222.1406 46651.957
  endloop
 endfacet
facet normal -0.130901903 0.957925081 -0.255429536
  outer loop
   vertex 75253.5859 75150.7266 46437.5273
   vertex 75123.1797 75159.5625 46537.5195
   vertex 75327.7422 75208.4766 46616.1016
  endloop
 endfacet
facet normal -0.20353426 0.885926545 0.416782826
  outer loop
   vertex 74437.0156 75019.5781 46231.3828
   vertex 74651.2031 75002.6406 46371.9727
   vertex 74634.1953 75078.5 46202.4258
  endloop
 endfacet
facet normal -0.0709994584 0.995295405 0.0659248158
  outer loop
   vertex 74866.8281 75095.4453 46404.5938
   vertex 75023.125 75113.3125 46303.1406
   vertex 74833.8516 75103.875 46241.8008
  endloop
 endfacet
facet normal -0.0534987897 0.940727949 -0.334916085
  outer loop
   vertex 74634.1953 75078.5 46202.4258
   vertex 74833.8516 75103.875 46241.8008
   vertex 74804.6641 75037.6406 46060.4297
  endloop
 endfacet
facet normal 0.177651167 0.91236341 -0.368826568
  outer loop
   vertex 75475.9531 75146.3438 46533.793
   vertex 75253.5859 75150.7266 46437.5273
   vertex 75327.7422 75208.4766 46616.1016
  endloop
 endfacet
facet normal 0.137419075 0.983458638 -0.118004531
  outer loop
   vertex 74804.6641 75037.6406 46060.4297
   vertex 74523.4766 75068.9375 45993.8203
   vertex 74634.1953 75078.5 46202.4258
  endloop
 endfacet
facet normal 0.0620426945 0.978283644 0.197767183
  outer loop
   vertex 74667.4375 75065.375 45966.2969
   vertex 74523.4766 75068.9375 45993.8203
   vertex 74804.6641 75037.6406 46060.4297
  endloop
 endfacet
facet normal 0.026334811 0.997868538 -0.0597068369
  outer loop
   vertex 74523.4766 75068.9375 45993.8203
   vertex 74331.3672 75079.8594 46091.5078
   vertex 74634.1953 75078.5 46202.4258
  endloop
 endfacet
facet normal -0.0866812989 0.996208906 0.00736349635
  outer loop
   vertex 75229.7344 75199.6484 46655.9102
   vertex 75305.9531 75205.7344 46729.7539
   vertex 75327.7422 75208.4766 46616.1016
  endloop
 endfacet
facet normal -0.141112089 0.986781478 0.0796852261
  outer loop
   vertex 74634.1953 75078.5 46202.4258
   vertex 74866.8281 75095.4453 46404.5938
   vertex 74833.8516 75103.875 46241.8008
  endloop
 endfacet
facet normal -0.412383556 0.815442145 0.406194389
  outer loop
   vertex 74634.1953 75078.5 46202.4258
   vertex 74651.2031 75002.6406 46371.9727
   vertex 74866.8281 75095.4453 46404.5938
  endloop
 endfacet
facet normal 0.330354065 0.811549425 -0.481927127
  outer loop
   vertex 75584.3828 75212.3828 46703.8008
   vertex 75757.3125 75197.5469 46797.3555
   vertex 75717.9375 75118.6094 46637.4414
  endloop
 endfacet
facet normal -0.148676842 0.988874674 -0.00469750399
  outer loop
   vertex 75305.9531 75205.7344 46729.7539
   vertex 75452.8516 75227.9922 46765.2227
   vertex 75327.7422 75208.4766 46616.1016
  endloop
 endfacet
facet normal -0.0863804743 0.994589448 -0.0577086322
  outer loop
   vertex 75461.1016 75222.1406 46651.957
   vertex 75327.7422 75208.4766 46616.1016
   vertex 75452.8516 75227.9922 46765.2227
  endloop
 endfacet
facet normal 0.531917989 0.522710741 -0.666210771
  outer loop
   vertex 75838.6875 75141.3281 46751.6719
   vertex 75893.5703 75034.5312 46711.6992
   vertex 75717.9375 75118.6094 46637.4414
  endloop
 endfacet
facet normal 0.53828305 0.632964313 -0.556423843
  outer loop
   vertex 75784.9062 75035.9297 46608.1719
   vertex 75717.9375 75118.6094 46637.4414
   vertex 75893.5703 75034.5312 46711.6992
  endloop
 endfacet
facet normal 0.469136387 0.607043147 -0.641412258
  outer loop
   vertex 75731.2578 75034.6562 46567.7266
   vertex 75717.9375 75118.6094 46637.4414
   vertex 75784.9062 75035.9297 46608.1719
  endloop
 endfacet
facet normal 0.299618185 0.824173093 -0.48059091
  outer loop
   vertex 75757.3125 75197.5469 46797.3555
   vertex 75838.6875 75141.3281 46751.6719
   vertex 75717.9375 75118.6094 46637.4414
  endloop
 endfacet
facet normal -0.398067206 0.744140804 0.536467135
  outer loop
   vertex 77128.6484 74348.2656 47929.5586
   vertex 77244.9453 74478.9453 47834.5781
   vertex 77217.1016 74563.2031 47697.0508
  endloop
 endfacet
facet normal 0.213355988 0.675614357 0.705708504
  outer loop
   vertex 76964.4531 74665.5859 47675.4102
   vertex 77128.6484 74348.2656 47929.5586
   vertex 77217.1016 74563.2031 47697.0508
  endloop
 endfacet
facet normal -0.979364574 -0.0934990868 0.179172918
  outer loop
   vertex 77191.9688 73989.5703 48088.4805
   vertex 77174.7734 74154.3047 48080.4531
   vertex 77128.6484 74348.2656 47929.5586
  endloop
 endfacet
facet normal -0.347095847 0.74644959 0.567747712
  outer loop
   vertex 77306.1172 74186.3047 48250.9922
   vertex 77433.625 74240.9062 48257.1562
   vertex 77128.6484 74348.2656 47929.5586
  endloop
 endfacet
facet normal 0.569506228 0.797357023 0.199710757
  outer loop
   vertex 77257.8672 74590.6016 47471.3828
   vertex 77136.8281 74657.7891 47548.3125
   vertex 77217.1016 74563.2031 47697.0508
  endloop
 endfacet
facet normal 0.323847383 0.945990086 0.0150217982
  outer loop
   vertex 77431.6562 74465.875 47777.1367
   vertex 77568.2578 74419.7344 47737.9219
   vertex 77505.6875 74444.1406 47549.9375
  endloop
 endfacet
facet normal -0.8544572 0.308500022 0.41800791
  outer loop
   vertex 77494.0781 73948.9766 48690.2188
   vertex 77577.4609 74057.6172 48780.4805
   vertex 77450.2109 74092.2578 48494.8125
  endloop
 endfacet
facet normal -0.510361612 0.800219536 0.314928204
  outer loop
   vertex 77648.2109 74144.9531 48681.7656
   vertex 77588.6484 74189.0156 48473.2891
   vertex 77450.2109 74092.2578 48494.8125
  endloop
 endfacet
facet normal -0.443763524 0.745504797 0.497289181
  outer loop
   vertex 77450.2109 74092.2578 48494.8125
   vertex 77588.6484 74189.0156 48473.2891
   vertex 77433.625 74240.9062 48257.1562
  endloop
 endfacet
facet normal -0.358769178 0.77990222 0.512871563
  outer loop
   vertex 77450.2109 74092.2578 48494.8125
   vertex 77433.625 74240.9062 48257.1562
   vertex 77306.1172 74186.3047 48250.9922
  endloop
 endfacet
facet normal -0.16921851 0.708709359 0.684905946
  outer loop
   vertex 77321.6797 74441.1016 47881.1914
   vertex 77128.6484 74348.2656 47929.5586
   vertex 77481.5391 74336.2344 48029.1953
  endloop
 endfacet
facet normal -0.0733688399 0.92549032 0.371597499
  outer loop
   vertex 77128.6484 74348.2656 47929.5586
   vertex 77433.625 74240.9062 48257.1562
   vertex 77481.5391 74336.2344 48029.1953
  endloop
 endfacet
facet normal 0.303348571 0.94788146 0.0974701419
  outer loop
   vertex 76969.0547 74723.625 47430.1719
   vertex 77077.1484 74672.5312 47590.6406
   vertex 77136.8281 74657.7891 47548.3125
  endloop
 endfacet
facet normal 0.610909104 0.78188926 0.124254845
  outer loop
   vertex 77505.6875 74444.1406 47549.9375
   vertex 77369 74541.5312 47609.1367
   vertex 77431.6562 74465.875 47777.1367
  endloop
 endfacet
facet normal 0.632366121 0.730082154 0.259023488
  outer loop
   vertex 77505.6875 74444.1406 47549.9375
   vertex 77388.8281 74547.6562 47543.4375
   vertex 77369 74541.5312 47609.1367
  endloop
 endfacet
facet normal 0.30071485 0.906584203 0.296100706
  outer loop
   vertex 77431.6562 74465.875 47777.1367
   vertex 77369 74541.5312 47609.1367
   vertex 77217.1016 74563.2031 47697.0508
  endloop
 endfacet
facet normal 0.329400629 0.91567409 0.230295882
  outer loop
   vertex 77431.6562 74465.875 47777.1367
   vertex 77217.1016 74563.2031 47697.0508
   vertex 77307.5 74503.9922 47803.1523
  endloop
 endfacet
facet normal 0.432382107 0.583313942 -0.687597692
  outer loop
   vertex 77331.9375 74400.2891 47161.0195
   vertex 77192.5156 74343.0703 47024.8086
   vertex 77149.1094 74462.4531 47098.7891
  endloop
 endfacet
facet normal 0.114078179 0.966284931 0.230823681
  outer loop
   vertex 76964.4531 74665.5859 47675.4102
   vertex 77077.1484 74672.5312 47590.6406
   vertex 76969.0547 74723.625 47430.1719
  endloop
 endfacet
facet normal 0.503567219 0.838566899 0.207907543
  outer loop
   vertex 76801.1797 74801.1875 47523.9453
   vertex 76964.4531 74665.5859 47675.4102
   vertex 76969.0547 74723.625 47430.1719
  endloop
 endfacet
facet normal 0.445128381 0.893601716 0.057763949
  outer loop
   vertex 76763.8516 74829.4297 47374.7031
   vertex 76801.1797 74801.1875 47523.9453
   vertex 76969.0547 74723.625 47430.1719
  endloop
 endfacet
facet normal 0.359538764 0.899312973 -0.248933852
  outer loop
   vertex 77080.3594 74640.9453 47292.2148
   vertex 76906.5703 74687.8203 47210.5625
   vertex 76969.0547 74723.625 47430.1719
  endloop
 endfacet
facet normal 0.428696066 0.849105299 0.308609664
  outer loop
   vertex 77077.1484 74672.5312 47590.6406
   vertex 77217.1016 74563.2031 47697.0508
   vertex 77136.8281 74657.7891 47548.3125
  endloop
 endfacet
facet normal 0.228459761 0.960658312 0.157929704
  outer loop
   vertex 77217.1016 74563.2031 47697.0508
   vertex 77369 74541.5312 47609.1367
   vertex 77257.8672 74590.6016 47471.3828
  endloop
 endfacet
facet normal 0.22786437 0.960717142 0.158430994
  outer loop
   vertex 77369 74541.5312 47609.1367
   vertex 77388.8281 74547.6562 47543.4375
   vertex 77257.8672 74590.6016 47471.3828
  endloop
 endfacet
facet normal 0.646351993 0.733060062 -0.211783022
  outer loop
   vertex 77505.6875 74444.1406 47549.9375
   vertex 77647.6875 74263.4844 47358.0117
   vertex 77486.5 74391.9453 47310.7227
  endloop
 endfacet
facet normal 0.453604966 0.554890931 -0.697379768
  outer loop
   vertex 77192.5156 74343.0703 47024.8086
   vertex 77331.9375 74400.2891 47161.0195
   vertex 77334.8906 74201.8047 47005.0156
  endloop
 endfacet
facet normal 0.603709817 0.767423451 -0.215860307
  outer loop
   vertex 77370 74492.4219 47342.0977
   vertex 77505.6875 74444.1406 47549.9375
   vertex 77486.5 74391.9453 47310.7227
  endloop
 endfacet
facet normal 0.498341769 0.725885272 -0.474073857
  outer loop
   vertex 77370 74492.4219 47342.0977
   vertex 77486.5 74391.9453 47310.7227
   vertex 77331.9375 74400.2891 47161.0195
  endloop
 endfacet
facet normal 0.649913013 -0.744172156 -0.154340148
  outer loop
   vertex 77612.9766 73571.6562 47232
   vertex 77720.5156 73667.875 47220.8672
   vertex 77729.9219 73641.0703 47389.7422
  endloop
 endfacet
facet normal 0.438213706 0.857094109 -0.270847648
  outer loop
   vertex 77370 74492.4219 47342.0977
   vertex 77210.1953 74542.7188 47242.7305
   vertex 77257.8672 74590.6016 47471.3828
  endloop
 endfacet
facet normal 0.518001795 0.713446259 -0.471877724
  outer loop
   vertex 77331.9375 74400.2891 47161.0195
   vertex 77210.1953 74542.7188 47242.7305
   vertex 77370 74492.4219 47342.0977
  endloop
 endfacet
facet normal 0.389670223 0.769797981 -0.50553751
  outer loop
   vertex 77080.3594 74640.9453 47292.2148
   vertex 77210.1953 74542.7188 47242.7305
   vertex 77016.1484 74570.75 47135.8359
  endloop
 endfacet
facet normal 0.43956849 0.738126397 -0.511809468
  outer loop
   vertex 76906.5703 74687.8203 47210.5625
   vertex 77080.3594 74640.9453 47292.2148
   vertex 77016.1484 74570.75 47135.8359
  endloop
 endfacet
facet normal 0.347831219 0.713671744 -0.60801816
  outer loop
   vertex 76753.5547 74619.3125 47042.6211
   vertex 76906.5703 74687.8203 47210.5625
   vertex 77016.1484 74570.75 47135.8359
  endloop
 endfacet
facet normal 0.239083424 0.56393975 -0.790449917
  outer loop
   vertex 77149.1094 74462.4531 47098.7891
   vertex 76953.25 74393.0781 46990.0547
   vertex 77016.1484 74570.75 47135.8359
  endloop
 endfacet
facet normal 0.510366142 0.814158261 -0.276898384
  outer loop
   vertex 77210.1953 74542.7188 47242.7305
   vertex 77080.3594 74640.9453 47292.2148
   vertex 77257.8672 74590.6016 47471.3828
  endloop
 endfacet
facet normal 0.233772039 0.572154164 -0.786123574
  outer loop
   vertex 76953.25 74393.0781 46990.0547
   vertex 77149.1094 74462.4531 47098.7891
   vertex 77192.5156 74343.0703 47024.8086
  endloop
 endfacet
facet normal 0.22225754 0.469575763 -0.854458988
  outer loop
   vertex 77154.6484 74214.2578 46944.168
   vertex 76953.25 74393.0781 46990.0547
   vertex 77192.5156 74343.0703 47024.8086
  endloop
 endfacet
facet normal 0.431826025 0.697293818 -0.57210803
  outer loop
   vertex 77149.1094 74462.4531 47098.7891
   vertex 77210.1953 74542.7188 47242.7305
   vertex 77331.9375 74400.2891 47161.0195
  endloop
 endfacet
facet normal 0.199357674 0.890838325 -0.408244491
  outer loop
   vertex 77250.3281 74190.3594 46938.7383
   vertex 77154.6484 74214.2578 46944.168
   vertex 77334.8906 74201.8047 47005.0156
  endloop
 endfacet
facet normal 0.314788938 0.435439676 -0.843386173
  outer loop
   vertex 77192.5156 74343.0703 47024.8086
   vertex 77334.8906 74201.8047 47005.0156
   vertex 77154.6484 74214.2578 46944.168
  endloop
 endfacet
facet normal -0.0101879323 0.179611653 -0.983684838
  outer loop
   vertex 77238.6562 74142.7188 46930.2344
   vertex 77136.6953 74064.2031 46916.957
   vertex 77154.6484 74214.2578 46944.168
  endloop
 endfacet
facet normal 0.147077844 -0.155274734 -0.976861238
  outer loop
   vertex 77167.4062 73888.2891 46949.543
   vertex 77136.6953 74064.2031 46916.957
   vertex 77287.3047 74035.375 46944.2148
  endloop
 endfacet
facet normal 0.0607772581 -0.171535417 -0.983301461
  outer loop
   vertex 77167.4062 73888.2891 46949.543
   vertex 77016.4062 73977.1641 46924.7031
   vertex 77136.6953 74064.2031 46916.957
  endloop
 endfacet
facet normal 0.373439997 -0.0050860527 -0.927640378
  outer loop
   vertex 77535.75 73933.1172 47032.3906
   vertex 77444.5 74037.9922 46995.082
   vertex 77552.4453 74034.3594 47038.5586
  endloop
 endfacet
facet normal -0.771786273 0.0594983958 0.633092344
  outer loop
   vertex 77336.2578 73958.3594 48368.4766
   vertex 77450.2109 74092.2578 48494.8125
   vertex 77320.3984 74092.7812 48336.5039
  endloop
 endfacet
facet normal -0.847641408 0.327652991 0.41730991
  outer loop
   vertex 77336.2578 73958.3594 48368.4766
   vertex 77419.5078 73955.8203 48539.5625
   vertex 77450.2109 74092.2578 48494.8125
  endloop
 endfacet
facet normal -0.881102204 -0.206040516 0.425683171
  outer loop
   vertex 77336.2578 73958.3594 48368.4766
   vertex 77457.8203 73836.1406 48560.9297
   vertex 77419.5078 73955.8203 48539.5625
  endloop
 endfacet
facet normal -0.882311583 -0.240085363 0.404827476
  outer loop
   vertex 77394.1016 73795.0859 48397.7188
   vertex 77457.8203 73836.1406 48560.9297
   vertex 77336.2578 73958.3594 48368.4766
  endloop
 endfacet
facet normal -0.839870155 0.33030197 0.430718869
  outer loop
   vertex 77450.2109 74092.2578 48494.8125
   vertex 77419.5078 73955.8203 48539.5625
   vertex 77494.0781 73948.9766 48690.2188
  endloop
 endfacet
facet normal -0.775137007 0.357771665 0.520732224
  outer loop
   vertex 77306.1172 74186.3047 48250.9922
   vertex 77233.4375 74122.6875 48186.5078
   vertex 77320.3984 74092.7812 48336.5039
  endloop
 endfacet
facet normal -0.701100886 0.419897318 0.576319158
  outer loop
   vertex 77450.2109 74092.2578 48494.8125
   vertex 77306.1172 74186.3047 48250.9922
   vertex 77320.3984 74092.7812 48336.5039
  endloop
 endfacet
facet normal -0.863416433 0.0180240031 0.504169881
  outer loop
   vertex 77233.4375 74122.6875 48186.5078
   vertex 77336.2578 73958.3594 48368.4766
   vertex 77320.3984 74092.7812 48336.5039
  endloop
 endfacet
facet normal -0.881567538 -0.0692722499 0.466947615
  outer loop
   vertex 77191.9688 73989.5703 48088.4805
   vertex 77233.4375 74122.6875 48186.5078
   vertex 77174.7734 74154.3047 48080.4531
  endloop
 endfacet
facet normal -0.890046299 -0.0559372641 0.452425271
  outer loop
   vertex 77191.9688 73989.5703 48088.4805
   vertex 77336.2578 73958.3594 48368.4766
   vertex 77233.4375 74122.6875 48186.5078
  endloop
 endfacet
facet normal -0.774487138 0.406160295 0.484977871
  outer loop
   vertex 77734.7656 74029.1406 49162.5703
   vertex 77764.8984 73925.3281 49297.6406
   vertex 77860.1016 74076.8125 49322.8086
  endloop
 endfacet
facet normal 0.517243743 0.85493052 -0.0394046195
  outer loop
   vertex 77830.6719 74116.7422 48441.0312
   vertex 77647.2891 74222.1719 48321.2969
   vertex 77753.9297 74169.7969 48584.8242
  endloop
 endfacet
facet normal 0.413944453 0.909046173 -0.0478024185
  outer loop
   vertex 77926.5859 74098.9766 48733.1641
   vertex 77753.9297 74169.7969 48584.8242
   vertex 77829.5938 74149.3047 48850.3906
  endloop
 endfacet
facet normal 0.860422313 0.492994428 -0.128956899
  outer loop
   vertex 77879.3125 73993.6484 48295.0156
   vertex 77739.7188 74191.6016 48120.4141
   vertex 77830.6719 74116.7422 48441.0312
  endloop
 endfacet
facet normal 0.838879764 -0.458139062 -0.293920666
  outer loop
   vertex 78076.875 73845.7344 49168.6602
   vertex 77973.3672 73854.5234 48859.5312
   vertex 78078.2734 73941.2109 49023.832
  endloop
 endfacet
facet normal 0.832202911 -0.453102469 0.319588035
  outer loop
   vertex 77876.2812 73738.2266 48359.8477
   vertex 77916.2578 73787.5156 48325.6211
   vertex 77917.8438 73839.0547 48394.5586
  endloop
 endfacet
facet normal 0.639871776 0.373975068 -0.671346962
  outer loop
   vertex 77532.2188 74130.5547 47073.1445
   vertex 77631.3906 74170.8047 47190.0898
   vertex 77646.7188 74025.2109 47123.5938
  endloop
 endfacet
facet normal 0.527061462 -0.586355031 0.615137398
  outer loop
   vertex 77612.9766 73571.6562 47232
   vertex 77651.7812 73555.2969 47183.1641
   vertex 77667.6484 73575.6016 47188.9258
  endloop
 endfacet
facet normal 0.727157652 0.307903349 -0.613544822
  outer loop
   vertex 77786.3359 73921.7109 47237.1211
   vertex 77646.7188 74025.2109 47123.5938
   vertex 77740.5 74104.3516 47274.4531
  endloop
 endfacet
facet normal 0.773114085 0.505005479 -0.383750051
  outer loop
   vertex 77829.6328 74033.0234 47360.1562
   vertex 77740.5 74104.3516 47274.4531
   vertex 77787.0625 74144.6484 47421.293
  endloop
 endfacet
facet normal 0.633840382 0.630294859 -0.44830209
  outer loop
   vertex 77647.6875 74263.4844 47358.0117
   vertex 77507.6562 74272.5234 47172.7383
   vertex 77486.5 74391.9453 47310.7227
  endloop
 endfacet
facet normal 0.528513253 0.680331528 -0.507762492
  outer loop
   vertex 77331.9375 74400.2891 47161.0195
   vertex 77486.5 74391.9453 47310.7227
   vertex 77507.6562 74272.5234 47172.7383
  endloop
 endfacet
facet normal 0.574001849 0.713616312 -0.401588917
  outer loop
   vertex 77895.3672 73848.2578 47324.3789
   vertex 77872.0625 73852.2344 47298.1328
   vertex 77870.5625 73900.5859 47381.9023
  endloop
 endfacet
facet normal 0.775802016 0.307340503 -0.551065385
  outer loop
   vertex 77786.3359 73921.7109 47237.1211
   vertex 77740.5 74104.3516 47274.4531
   vertex 77829.6328 74033.0234 47360.1562
  endloop
 endfacet
facet normal 0.975548565 0.128192022 -0.178526863
  outer loop
   vertex 77879.3125 73993.6484 48295.0156
   vertex 77938.5547 73956.4062 48592.0156
   vertex 77917.8438 73839.0547 48394.5586
  endloop
 endfacet
facet normal 0.870540798 0.47879985 -0.11361976
  outer loop
   vertex 77830.6719 74116.7422 48441.0312
   vertex 77938.5547 73956.4062 48592.0156
   vertex 77879.3125 73993.6484 48295.0156
  endloop
 endfacet
facet normal 0.693691254 0.607642651 -0.386733592
  outer loop
   vertex 77740.5 74104.3516 47274.4531
   vertex 77647.6875 74263.4844 47358.0117
   vertex 77787.0625 74144.6484 47421.293
  endloop
 endfacet
facet normal 0.860613823 0.188257828 -0.473183721
  outer loop
   vertex 77786.3359 73921.7109 47237.1211
   vertex 77829.6328 74033.0234 47360.1562
   vertex 77870.5625 73900.5859 47381.9023
  endloop
 endfacet
facet normal 0.725480676 0.601635337 -0.334234446
  outer loop
   vertex 77786.3359 73921.7109 47237.1211
   vertex 77870.5625 73900.5859 47381.9023
   vertex 77872.0625 73852.2344 47298.1328
  endloop
 endfacet
facet normal 0.8946082 0.421863735 -0.147333622
  outer loop
   vertex 77829.6328 74033.0234 47360.1562
   vertex 77787.0625 74144.6484 47421.293
   vertex 77850.8516 74040.1016 47509.2617
  endloop
 endfacet
facet normal 0.836718559 0.545278728 -0.0507256873
  outer loop
   vertex 77879.3125 73993.6484 48295.0156
   vertex 77843.0156 74021.6875 47997.6992
   vertex 77739.7188 74191.6016 48120.4141
  endloop
 endfacet
facet normal 0.697710454 0.357085526 -0.62103951
  outer loop
   vertex 77740.5 74104.3516 47274.4531
   vertex 77646.7188 74025.2109 47123.5938
   vertex 77631.3906 74170.8047 47190.0898
  endloop
 endfacet
facet normal 0.682732403 0.609654546 -0.402737916
  outer loop
   vertex 77740.5 74104.3516 47274.4531
   vertex 77631.3906 74170.8047 47190.0898
   vertex 77647.6875 74263.4844 47358.0117
  endloop
 endfacet
facet normal 0.659842372 0.0693995804 -0.74819231
  outer loop
   vertex 77646.7188 74025.2109 47123.5938
   vertex 77786.3359 73921.7109 47237.1211
   vertex 77647.9688 73850.2344 47108.4648
  endloop
 endfacet
facet normal 0.411772519 0.327084124 -0.850564122
  outer loop
   vertex 77444.5 74037.9922 46995.082
   vertex 77334.8906 74201.8047 47005.0156
   vertex 77532.2188 74130.5547 47073.1445
  endloop
 endfacet
facet normal 0.53789109 0.544525623 -0.643556535
  outer loop
   vertex 77631.3906 74170.8047 47190.0898
   vertex 77532.2188 74130.5547 47073.1445
   vertex 77507.6562 74272.5234 47172.7383
  endloop
 endfacet
facet normal 0.444084466 0.564782858 -0.695564032
  outer loop
   vertex 77532.2188 74130.5547 47073.1445
   vertex 77334.8906 74201.8047 47005.0156
   vertex 77507.6562 74272.5234 47172.7383
  endloop
 endfacet
facet normal 0.450683624 0.555779278 -0.698565423
  outer loop
   vertex 77334.8906 74201.8047 47005.0156
   vertex 77331.9375 74400.2891 47161.0195
   vertex 77507.6562 74272.5234 47172.7383
  endloop
 endfacet
facet normal 0.609058559 0.667898417 -0.427737564
  outer loop
   vertex 77507.6562 74272.5234 47172.7383
   vertex 77647.6875 74263.4844 47358.0117
   vertex 77631.3906 74170.8047 47190.0898
  endloop
 endfacet
facet normal 0.34100312 0.861715496 0.375717044
  outer loop
   vertex 77431.6562 74465.875 47777.1367
   vertex 77481.5391 74336.2344 48029.1953
   vertex 77620.8047 74346.1328 47880.0898
  endloop
 endfacet
facet normal 0.195344493 0.887329698 0.417715907
  outer loop
   vertex 77321.6797 74441.1016 47881.1914
   vertex 77481.5391 74336.2344 48029.1953
   vertex 77431.6562 74465.875 47777.1367
  endloop
 endfacet
facet normal 0.628142476 0.761083364 0.161830485
  outer loop
   vertex 77568.2578 74419.7344 47737.9219
   vertex 77620.8047 74346.1328 47880.0898
   vertex 77659.3672 74345.7109 47732.4062
  endloop
 endfacet
facet normal 0.671556592 0.720406055 0.173282668
  outer loop
   vertex 77620.8047 74346.1328 47880.0898
   vertex 77760.8359 74220.0469 47861.6172
   vertex 77659.3672 74345.7109 47732.4062
  endloop
 endfacet
facet normal 0.861655414 0.476602793 0.174355313
  outer loop
   vertex 77843.0156 74021.6875 47997.6992
   vertex 77826.9453 74121.6562 47803.8438
   vertex 77760.8359 74220.0469 47861.6172
  endloop
 endfacet
facet normal 0.698981881 0.679806411 -0.222008109
  outer loop
   vertex 77659.3672 74345.7109 47732.4062
   vertex 77755.9688 74209.9141 47620.7109
   vertex 77505.6875 74444.1406 47549.9375
  endloop
 endfacet
facet normal 0.623061478 0.774847746 -0.106796168
  outer loop
   vertex 77659.3672 74345.7109 47732.4062
   vertex 77505.6875 74444.1406 47549.9375
   vertex 77568.2578 74419.7344 47737.9219
  endloop
 endfacet
facet normal 0.95147413 0.269692034 -0.148199901
  outer loop
   vertex 77829.6328 74033.0234 47360.1562
   vertex 77850.8516 74040.1016 47509.2617
   vertex 77870.5625 73900.5859 47381.9023
  endloop
 endfacet
facet normal 0.985672295 0.162581772 0.0449144579
  outer loop
   vertex 77849.6562 73986.9141 47727.9609
   vertex 77871.5859 73902.5859 47551.9492
   vertex 77850.8516 74040.1016 47509.2617
  endloop
 endfacet
facet normal 0.989140868 0.14676787 -0.00771513442
  outer loop
   vertex 77871.5859 73902.5859 47551.9492
   vertex 77870.5625 73900.5859 47381.9023
   vertex 77850.8516 74040.1016 47509.2617
  endloop
 endfacet
facet normal 0.864172697 0.50232172 -0.0296376981
  outer loop
   vertex 77850.8516 74040.1016 47509.2617
   vertex 77787.0625 74144.6484 47421.293
   vertex 77755.9688 74209.9141 47620.7109
  endloop
 endfacet
facet normal 0.697603464 0.701778173 -0.144418657
  outer loop
   vertex 77647.6875 74263.4844 47358.0117
   vertex 77505.6875 74444.1406 47549.9375
   vertex 77755.9688 74209.9141 47620.7109
  endloop
 endfacet
facet normal 0.677054644 0.724107981 -0.131395057
  outer loop
   vertex 77787.0625 74144.6484 47421.293
   vertex 77647.6875 74263.4844 47358.0117
   vertex 77755.9688 74209.9141 47620.7109
  endloop
 endfacet
facet normal 0.896553159 0.429244936 0.109276041
  outer loop
   vertex 77850.8516 74040.1016 47509.2617
   vertex 77755.9688 74209.9141 47620.7109
   vertex 77849.6562 73986.9141 47727.9609
  endloop
 endfacet
facet normal 0.9322474 0.283655435 -0.224620447
  outer loop
   vertex 77826.9453 74121.6562 47803.8438
   vertex 77849.6562 73986.9141 47727.9609
   vertex 77755.9688 74209.9141 47620.7109
  endloop
 endfacet
facet normal 0.797765911 0.601542771 -0.0414230451
  outer loop
   vertex 77659.3672 74345.7109 47732.4062
   vertex 77760.8359 74220.0469 47861.6172
   vertex 77755.9688 74209.9141 47620.7109
  endloop
 endfacet
facet normal 0.818121254 0.573606551 -0.0406590179
  outer loop
   vertex 77826.9453 74121.6562 47803.8438
   vertex 77755.9688 74209.9141 47620.7109
   vertex 77760.8359 74220.0469 47861.6172
  endloop
 endfacet
facet normal 0.884716749 0.449981779 0.121624961
  outer loop
   vertex 77760.8359 74220.0469 47861.6172
   vertex 77739.7188 74191.6016 48120.4141
   vertex 77843.0156 74021.6875 47997.6992
  endloop
 endfacet
facet normal 0.672806978 0.727428377 0.134828731
  outer loop
   vertex 77760.8359 74220.0469 47861.6172
   vertex 77620.8047 74346.1328 47880.0898
   vertex 77739.7188 74191.6016 48120.4141
  endloop
 endfacet
facet normal 0.346120059 0.857686818 0.380229205
  outer loop
   vertex 77620.8047 74346.1328 47880.0898
   vertex 77481.5391 74336.2344 48029.1953
   vertex 77739.7188 74191.6016 48120.4141
  endloop
 endfacet
facet normal -0.0318537578 0.976013839 0.215365618
  outer loop
   vertex 77588.6484 74189.0156 48473.2891
   vertex 77648.2109 74144.9531 48681.7656
   vertex 77753.9297 74169.7969 48584.8242
  endloop
 endfacet
facet normal 0.534553945 0.84430325 -0.0374716856
  outer loop
   vertex 78095.7812 74058.5 49099.7617
   vertex 77980.3672 74123.8594 48925.9648
   vertex 77959.1875 74143.7812 49072.6719
  endloop
 endfacet
facet normal -0.181880891 0.968396604 0.170667246
  outer loop
   vertex 77698.7891 74119.5312 48879.9141
   vertex 77829.5938 74149.3047 48850.3906
   vertex 77648.2109 74144.9531 48681.7656
  endloop
 endfacet
facet normal 0.214571387 0.971476853 -0.100954823
  outer loop
   vertex 77980.3672 74123.8594 48925.9648
   vertex 77829.5938 74149.3047 48850.3906
   vertex 77959.1875 74143.7812 49072.6719
  endloop
 endfacet
facet normal 0.444319189 0.891163528 -0.0916950032
  outer loop
   vertex 77926.5859 74098.9766 48733.1641
   vertex 77830.6719 74116.7422 48441.0312
   vertex 77753.9297 74169.7969 48584.8242
  endloop
 endfacet
facet normal -0.0328934379 0.924524605 0.379700303
  outer loop
   vertex 77433.625 74240.9062 48257.1562
   vertex 77647.2891 74222.1719 48321.2969
   vertex 77481.5391 74336.2344 48029.1953
  endloop
 endfacet
facet normal -0.594715118 0.76412946 0.249840245
  outer loop
   vertex 77577.4609 74057.6172 48780.4805
   vertex 77698.7891 74119.5312 48879.9141
   vertex 77648.2109 74144.9531 48681.7656
  endloop
 endfacet
facet normal 0.256974488 0.946772456 -0.193871304
  outer loop
   vertex 77829.5938 74149.3047 48850.3906
   vertex 77980.3672 74123.8594 48925.9648
   vertex 77926.5859 74098.9766 48733.1641
  endloop
 endfacet
facet normal -0.128290325 0.985325396 0.112585373
  outer loop
   vertex 77753.9297 74169.7969 48584.8242
   vertex 77648.2109 74144.9531 48681.7656
   vertex 77829.5938 74149.3047 48850.3906
  endloop
 endfacet
facet normal 0.547933221 0.796501875 -0.255644172
  outer loop
   vertex 77926.5859 74098.9766 48733.1641
   vertex 77980.3672 74123.8594 48925.9648
   vertex 78024.5859 74084.6406 48898.5508
  endloop
 endfacet
facet normal 0.849479198 0.206763655 -0.4854213
  outer loop
   vertex 78023.375 74004.1406 48862.1523
   vertex 77926.5859 74098.9766 48733.1641
   vertex 78024.5859 74084.6406 48898.5508
  endloop
 endfacet
facet normal 0.61725533 0.777963996 -0.117336787
  outer loop
   vertex 77980.3672 74123.8594 48925.9648
   vertex 78095.7812 74058.5 49099.7617
   vertex 78024.5859 74084.6406 48898.5508
  endloop
 endfacet
facet normal 0.95171392 0.0536206067 -0.302267104
  outer loop
   vertex 78078.2734 73941.2109 49023.832
   vertex 78023.375 74004.1406 48862.1523
   vertex 78095.7812 74058.5 49099.7617
  endloop
 endfacet
facet normal 0.940016329 0.128763154 -0.315894455
  outer loop
   vertex 78024.5859 74084.6406 48898.5508
   vertex 78095.7812 74058.5 49099.7617
   vertex 78023.375 74004.1406 48862.1523
  endloop
 endfacet
facet normal 0.363349974 0.89693284 -0.251968831
  outer loop
   vertex 78646.5938 74095.6953 49884.3125
   vertex 78516.7578 74167.0625 49951.1016
   vertex 78744.0547 74099.5469 50038.5586
  endloop
 endfacet
facet normal 0.44699192 0.830105186 -0.333352119
  outer loop
   vertex 78344.8516 74105.0078 49561.0039
   vertex 78200.1719 74098.9375 49351.8906
   vertex 78175.5078 74161.8281 49475.4258
  endloop
 endfacet
facet normal 0.162468091 0.982940197 -0.0862128437
  outer loop
   vertex 78302.3984 74189.5547 49795.7188
   vertex 78403.1406 74167.8438 49738.0469
   vertex 78272.8984 74180.6484 49638.6055
  endloop
 endfacet
facet normal 0.163862035 0.982920051 -0.0837702751
  outer loop
   vertex 78403.1406 74167.8438 49738.0469
   vertex 78302.3984 74189.5547 49795.7188
   vertex 78516.7578 74167.0625 49951.1016
  endloop
 endfacet
facet normal 0.495088547 0.754517436 -0.430802435
  outer loop
   vertex 78344.8516 74105.0078 49561.0039
   vertex 78403.1406 74167.8438 49738.0469
   vertex 78555.7891 74083.4844 49765.7266
  endloop
 endfacet
facet normal 0.316378832 0.88799268 -0.333726615
  outer loop
   vertex 78646.5938 74095.6953 49884.3125
   vertex 78555.7891 74083.4844 49765.7266
   vertex 78516.7578 74167.0625 49951.1016
  endloop
 endfacet
facet normal 0.401318491 0.813517869 -0.420870632
  outer loop
   vertex 78403.1406 74167.8438 49738.0469
   vertex 78344.8516 74105.0078 49561.0039
   vertex 78272.8984 74180.6484 49638.6055
  endloop
 endfacet
facet normal -0.446414828 0.826897919 0.341984838
  outer loop
   vertex 78185.2031 74140.9688 49852.2266
   vertex 78252.3203 74100.4453 50037.8125
   vertex 78325.1953 74175.6406 49951.1172
  endloop
 endfacet
facet normal -0.528971851 0.774133205 0.347716302
  outer loop
   vertex 78039.4062 74052.4531 49737.1289
   vertex 78130.2031 74158.6016 49638.9336
   vertex 77963.5156 74086.8906 49545.0234
  endloop
 endfacet
facet normal 0.546613395 0.774019122 -0.319543749
  outer loop
   vertex 78095.7812 74058.5 49099.7617
   vertex 77959.1875 74143.7812 49072.6719
   vertex 78069.7344 74147.2656 49270.2227
  endloop
 endfacet
facet normal 0.505192697 0.794650435 -0.336616963
  outer loop
   vertex 78200.1719 74098.9375 49351.8906
   vertex 78095.7812 74058.5 49099.7617
   vertex 78069.7344 74147.2656 49270.2227
  endloop
 endfacet
facet normal 0.496137828 0.809787869 -0.313194603
  outer loop
   vertex 78175.5078 74161.8281 49475.4258
   vertex 78200.1719 74098.9375 49351.8906
   vertex 78069.7344 74147.2656 49270.2227
  endloop
 endfacet
facet normal -0.051284954 0.997698605 -0.0443543941
  outer loop
   vertex 78018.5234 74151.0547 49414.5508
   vertex 78175.5078 74161.8281 49475.4258
   vertex 78069.7344 74147.2656 49270.2227
  endloop
 endfacet
facet normal -0.511413157 0.833663881 0.208473265
  outer loop
   vertex 77860.1016 74076.8125 49322.8086
   vertex 78018.5234 74151.0547 49414.5508
   vertex 77940.2969 74148.9297 49231.1523
  endloop
 endfacet
facet normal -0.158255935 0.980486453 0.116624877
  outer loop
   vertex 77829.5938 74149.3047 48850.3906
   vertex 77806.4219 74118.7969 49075.4531
   vertex 77959.1875 74143.7812 49072.6719
  endloop
 endfacet
facet normal -0.162122235 0.985435665 -0.0513119362
  outer loop
   vertex 77959.1875 74143.7812 49072.6719
   vertex 77806.4219 74118.7969 49075.4531
   vertex 77940.2969 74148.9297 49231.1523
  endloop
 endfacet
facet normal -0.196462557 0.974113584 0.111826845
  outer loop
   vertex 77829.5938 74149.3047 48850.3906
   vertex 77698.7891 74119.5312 48879.9141
   vertex 77806.4219 74118.7969 49075.4531
  endloop
 endfacet
facet normal -0.617140293 0.727383316 0.300085664
  outer loop
   vertex 77698.7891 74119.5312 48879.9141
   vertex 77577.4609 74057.6172 48780.4805
   vertex 77662.0469 74043.3359 48989.0508
  endloop
 endfacet
facet normal -0.583180487 0.745008349 0.323825687
  outer loop
   vertex 77698.7891 74119.5312 48879.9141
   vertex 77662.0469 74043.3359 48989.0508
   vertex 77806.4219 74118.7969 49075.4531
  endloop
 endfacet
facet normal -0.577847123 0.75736618 0.304120362
  outer loop
   vertex 77662.0469 74043.3359 48989.0508
   vertex 77734.7656 74029.1406 49162.5703
   vertex 77806.4219 74118.7969 49075.4531
  endloop
 endfacet
facet normal -0.615270436 0.744258642 0.259848803
  outer loop
   vertex 77734.7656 74029.1406 49162.5703
   vertex 77860.1016 74076.8125 49322.8086
   vertex 77806.4219 74118.7969 49075.4531
  endloop
 endfacet
facet normal -0.476782292 0.843701661 0.246670052
  outer loop
   vertex 77940.2969 74148.9297 49231.1523
   vertex 77806.4219 74118.7969 49075.4531
   vertex 77860.1016 74076.8125 49322.8086
  endloop
 endfacet
facet normal -0.825314641 0.465592414 0.319498718
  outer loop
   vertex 77874.1641 73980.9922 49498.7695
   vertex 77860.1016 74076.8125 49322.8086
   vertex 77764.8984 73925.3281 49297.6406
  endloop
 endfacet
facet normal 0.044660639 0.9964993 0.070671916
  outer loop
   vertex 78325.1953 74175.6406 49951.1172
   vertex 78410.3984 74161.8828 50091.2969
   vertex 78516.7578 74167.0625 49951.1016
  endloop
 endfacet
facet normal -0.507718384 0.838400066 0.198260903
  outer loop
   vertex 78018.5234 74151.0547 49414.5508
   vertex 77860.1016 74076.8125 49322.8086
   vertex 77963.5156 74086.8906 49545.0234
  endloop
 endfacet
facet normal 0.707188427 0.0447167046 -0.70560962
  outer loop
   vertex 78577.0156 73926.9688 49697.375
   vertex 78608.6406 73987.6016 49732.9102
   vertex 78644.8281 73937.4062 49766
  endloop
 endfacet
facet normal 0.670231879 0.0826983973 -0.737529814
  outer loop
   vertex 78481.1875 73990.8203 49617.4453
   vertex 78608.6406 73987.6016 49732.9102
   vertex 78577.0156 73926.9688 49697.375
  endloop
 endfacet
facet normal -0.484859437 0.848315001 0.212774396
  outer loop
   vertex 78018.5234 74151.0547 49414.5508
   vertex 77963.5156 74086.8906 49545.0234
   vertex 78130.2031 74158.6016 49638.9336
  endloop
 endfacet
facet normal -0.628721178 0.744753122 0.223724097
  outer loop
   vertex 78130.2031 74158.6016 49638.9336
   vertex 78039.4062 74052.4531 49737.1289
   vertex 78185.2031 74140.9688 49852.2266
  endloop
 endfacet
facet normal -0.15268676 0.988011241 -0.0228150301
  outer loop
   vertex 78272.8984 74180.6484 49638.6055
   vertex 78175.5078 74161.8281 49475.4258
   vertex 78130.2031 74158.6016 49638.9336
  endloop
 endfacet
facet normal -0.0687275827 0.997635245 0.000638361205
  outer loop
   vertex 78175.5078 74161.8281 49475.4258
   vertex 78018.5234 74151.0547 49414.5508
   vertex 78130.2031 74158.6016 49638.9336
  endloop
 endfacet
facet normal 0.0446206816 0.995586395 0.0825632662
  outer loop
   vertex 78516.7578 74167.0625 49951.1016
   vertex 78302.3984 74189.5547 49795.7188
   vertex 78325.1953 74175.6406 49951.1172
  endloop
 endfacet
facet normal -0.251206249 0.906474948 0.339409202
  outer loop
   vertex 79098.0469 74050.5234 50659.5742
   vertex 79108.1406 74079.9766 50588.3867
   vertex 78978.9766 74052.6719 50565.7188
  endloop
 endfacet
facet normal -0.662355959 0.442082196 0.60485363
  outer loop
   vertex 78369.2812 74100.8125 50165.6172
   vertex 78252.3203 74100.4453 50037.8125
   vertex 78290.8672 74026.6094 50133.9922
  endloop
 endfacet
facet normal -0.306909025 0.691542208 0.653893113
  outer loop
   vertex 78225.8047 74046.9453 50081.9453
   vertex 78290.8672 74026.6094 50133.9922
   vertex 78252.3203 74100.4453 50037.8125
  endloop
 endfacet
facet normal 0.737752199 0.476663977 -0.478030443
  outer loop
   vertex 78744.0547 74099.5469 50038.5586
   vertex 78710.0391 73984.6406 49871.4844
   vertex 78646.5938 74095.6953 49884.3125
  endloop
 endfacet
facet normal 0.266155869 0.963863671 0.0113082994
  outer loop
   vertex 78721.1016 74154.3203 50257.4688
   vertex 78823.2422 74126.6406 50213.1133
   vertex 78678.1953 74167.6953 50127.6094
  endloop
 endfacet
facet normal -0.652193069 0.656407893 0.379174024
  outer loop
   vertex 78185.2031 74140.9688 49852.2266
   vertex 78132.1797 74052.9609 49913.375
   vertex 78252.3203 74100.4453 50037.8125
  endloop
 endfacet
facet normal -0.399646014 0.804302633 0.439750314
  outer loop
   vertex 78482.9766 74127.0078 50221.0469
   vertex 78410.3984 74161.8828 50091.2969
   vertex 78369.2812 74100.8125 50165.6172
  endloop
 endfacet
facet normal -0.67297554 0.650323153 0.352397174
  outer loop
   vertex 78039.4062 74052.4531 49737.1289
   vertex 78132.1797 74052.9609 49913.375
   vertex 78185.2031 74140.9688 49852.2266
  endloop
 endfacet
facet normal -0.324888498 0.936566949 0.131490946
  outer loop
   vertex 78185.2031 74140.9688 49852.2266
   vertex 78325.1953 74175.6406 49951.1172
   vertex 78302.3984 74189.5547 49795.7188
  endloop
 endfacet
facet normal -0.0474978536 0.998870969 0.000842819922
  outer loop
   vertex 78410.3984 74161.8828 50091.2969
   vertex 78570.2422 74169.4141 50171.2812
   vertex 78516.7578 74167.0625 49951.1016
  endloop
 endfacet
facet normal 0.0105856378 0.999855816 -0.0132773388
  outer loop
   vertex 78678.1953 74167.6953 50127.6094
   vertex 78516.7578 74167.0625 49951.1016
   vertex 78570.2422 74169.4141 50171.2812
  endloop
 endfacet
facet normal -0.687488973 -0.0861185789 0.721070409
  outer loop
   vertex 78613.0703 74013.9844 50403.2969
   vertex 78580.125 74056 50376.9023
   vertex 78482.3047 74009.6406 50278.1016
  endloop
 endfacet
facet normal -0.533210158 0.108920299 0.838941753
  outer loop
   vertex 78642.0469 74054.0625 50416.5117
   vertex 78580.125 74056 50376.9023
   vertex 78613.0703 74013.9844 50403.2969
  endloop
 endfacet
facet normal 0.293883502 0.764798999 -0.57333672
  outer loop
   vertex 79288.1094 74084.5625 50770.1562
   vertex 79322.6562 74046.5625 50737.1719
   vertex 79236.5625 74070.875 50725.4805
  endloop
 endfacet
facet normal 0.415066302 -0.150097385 -0.897324204
  outer loop
   vertex 79285.6641 74065.3984 50633.7852
   vertex 79355.0859 74079.6953 50663.5078
   vertex 79342.7969 74036.625 50665.0234
  endloop
 endfacet
facet normal 0.596579015 0.534477949 -0.598687589
  outer loop
   vertex 79285.6641 74065.3984 50633.7852
   vertex 79342.7969 74036.625 50665.0234
   vertex 79292.1484 73996.0156 50578.3008
  endloop
 endfacet
facet normal 0.430372804 0.841772437 -0.325880975
  outer loop
   vertex 78744.0547 74099.5469 50038.5586
   vertex 78678.1953 74167.6953 50127.6094
   vertex 78823.2422 74126.6406 50213.1133
  endloop
 endfacet
facet normal -0.16424039 0.881888688 0.441924721
  outer loop
   vertex 78570.2422 74169.4141 50171.2812
   vertex 78637.5703 74098.4609 50337.8984
   vertex 78721.1016 74154.3203 50257.4688
  endloop
 endfacet
facet normal -0.173665628 0.87882036 0.444426566
  outer loop
   vertex 78482.9766 74127.0078 50221.0469
   vertex 78637.5703 74098.4609 50337.8984
   vertex 78570.2422 74169.4141 50171.2812
  endloop
 endfacet
facet normal 0.442388713 0.896692097 -0.0153475795
  outer loop
   vertex 78982.6094 74049.375 50292.4648
   vertex 78823.2422 74126.6406 50213.1133
   vertex 78896.8828 74093.6406 50407.8828
  endloop
 endfacet
facet normal 0.050567206 0.995032668 0.0857494324
  outer loop
   vertex 78570.2422 74169.4141 50171.2812
   vertex 78721.1016 74154.3203 50257.4688
   vertex 78678.1953 74167.6953 50127.6094
  endloop
 endfacet
facet normal 0.521499276 0.814483821 -0.25427261
  outer loop
   vertex 78873.7031 74076.3516 50155.5391
   vertex 78823.2422 74126.6406 50213.1133
   vertex 78982.6094 74049.375 50292.4648
  endloop
 endfacet
facet normal -0.253400207 0.896097183 0.364414901
  outer loop
   vertex 78978.9766 74052.6719 50565.7188
   vertex 79108.1406 74079.9766 50588.3867
   vertex 78896.8828 74093.6406 50407.8828
  endloop
 endfacet
facet normal -0.470002919 0.687782288 0.553220391
  outer loop
   vertex 79353.7188 74089.0078 50662.2539
   vertex 79285.6641 74065.3984 50633.7852
   vertex 79351.6484 74075.1719 50677.6992
  endloop
 endfacet
facet normal -0.289308816 0.898322463 0.330631435
  outer loop
   vertex 79098.0469 74050.5234 50659.5742
   vertex 79236.5625 74070.875 50725.4805
   vertex 79108.1406 74079.9766 50588.3867
  endloop
 endfacet
facet normal 0.0853274167 0.996257365 -0.0138037167
  outer loop
   vertex 79108.1406 74079.9766 50588.3867
   vertex 79236.5625 74070.875 50725.4805
   vertex 79285.6641 74065.3984 50633.7852
  endloop
 endfacet
facet normal 0.628431797 0.520767748 -0.577818692
  outer loop
   vertex 79221.3516 74013.1953 50516.793
   vertex 79285.6641 74065.3984 50633.7852
   vertex 79292.1484 73996.0156 50578.3008
  endloop
 endfacet
facet normal -0.320010483 0.905254841 0.279476285
  outer loop
   vertex 79285.6641 74065.3984 50633.7852
   vertex 79322.6562 74046.5625 50737.1719
   vertex 79351.6484 74075.1719 50677.6992
  endloop
 endfacet
facet normal 0.260548085 0.961966097 0.0820729658
  outer loop
   vertex 79285.6641 74065.3984 50633.7852
   vertex 79236.5625 74070.875 50725.4805
   vertex 79322.6562 74046.5625 50737.1719
  endloop
 endfacet
facet normal 0.283405811 0.95741868 0.0550511591
  outer loop
   vertex 78896.8828 74093.6406 50407.8828
   vertex 78823.2422 74126.6406 50213.1133
   vertex 78721.1016 74154.3203 50257.4688
  endloop
 endfacet
facet normal 0.521739841 0.665289402 -0.534020185
  outer loop
   vertex 79117.1016 74062.8516 50476.793
   vertex 79221.3516 74013.1953 50516.793
   vertex 79130.4453 74000.4453 50412.082
  endloop
 endfacet
facet normal 0.403741091 -0.0631565005 -0.912690759
  outer loop
   vertex 79285.6641 74065.3984 50633.7852
   vertex 79353.7188 74089.0078 50662.2539
   vertex 79355.0859 74079.6953 50663.5078
  endloop
 endfacet
facet normal 0.448139101 0.82998389 -0.332111567
  outer loop
   vertex 78873.7031 74076.3516 50155.5391
   vertex 78744.0547 74099.5469 50038.5586
   vertex 78823.2422 74126.6406 50213.1133
  endloop
 endfacet
facet normal 0.178598315 0.974581718 -0.135252088
  outer loop
   vertex 79108.1406 74079.9766 50588.3867
   vertex 79117.1016 74062.8516 50476.793
   vertex 78896.8828 74093.6406 50407.8828
  endloop
 endfacet
facet normal 0.116896704 0.98301208 -0.141500652
  outer loop
   vertex 79108.1406 74079.9766 50588.3867
   vertex 79285.6641 74065.3984 50633.7852
   vertex 79117.1016 74062.8516 50476.793
  endloop
 endfacet
facet normal 0.521204293 0.635221422 -0.569947183
  outer loop
   vertex 79221.3516 74013.1953 50516.793
   vertex 79117.1016 74062.8516 50476.793
   vertex 79285.6641 74065.3984 50633.7852
  endloop
 endfacet
facet normal 0.655253589 0.370640516 -0.658231258
  outer loop
   vertex 79056.1172 73938.7969 50303.3789
   vertex 78982.6094 74049.375 50292.4648
   vertex 79130.4453 74000.4453 50412.082
  endloop
 endfacet
facet normal 0.201403037 0.955217957 -0.216784373
  outer loop
   vertex 78896.8828 74093.6406 50407.8828
   vertex 79117.1016 74062.8516 50476.793
   vertex 78982.6094 74049.375 50292.4648
  endloop
 endfacet
facet normal 0.732923269 0.435665369 -0.522512317
  outer loop
   vertex 78982.6094 74049.375 50292.4648
   vertex 79056.1172 73938.7969 50303.3789
   vertex 78892.5078 73968.5156 50098.6641
  endloop
 endfacet
facet normal 0.752810359 0.404942393 -0.518939495
  outer loop
   vertex 78892.5078 73968.5156 50098.6641
   vertex 78873.7031 74076.3516 50155.5391
   vertex 78982.6094 74049.375 50292.4648
  endloop
 endfacet
facet normal 0.278991491 0.779609442 -0.560689688
  outer loop
   vertex 79288.1094 74084.5625 50770.1562
   vertex 79236.5625 74070.875 50725.4805
   vertex 79276.5312 74092.5703 50775.5312
  endloop
 endfacet
facet normal 0.293637216 -0.202432424 0.934236765
  outer loop
   vertex 79276.5312 74092.5703 50775.5312
   vertex 79283.9219 74076.3906 50769.7031
   vertex 79288.1094 74084.5625 50770.1562
  endloop
 endfacet
facet normal 0.941944599 0.177311674 0.285133153
  outer loop
   vertex 79355.0859 74079.6953 50663.5078
   vertex 79353.7188 74089.0078 50662.2539
   vertex 79351.6484 74075.1719 50677.6992
  endloop
 endfacet
facet normal -0.435271502 0.463934839 0.77155894
  outer loop
   vertex 79236.5625 74070.875 50725.4805
   vertex 79098.0469 74050.5234 50659.5742
   vertex 79151.375 74015.4453 50710.75
  endloop
 endfacet
facet normal -0.529943585 0.837755442 0.131626695
  outer loop
   vertex 78637.5703 74098.4609 50337.8984
   vertex 78482.3047 74009.6406 50278.1016
   vertex 78580.125 74056 50376.9023
  endloop
 endfacet
facet normal -0.561469972 -0.495165646 0.66299504
  outer loop
   vertex 79236.5625 74070.875 50725.4805
   vertex 79283.9219 74076.3906 50769.7031
   vertex 79276.5312 74092.5703 50775.5312
  endloop
 endfacet
facet normal -0.283596784 0.827975512 0.4837659
  outer loop
   vertex 78642.0469 74054.0625 50416.5117
   vertex 78637.5703 74098.4609 50337.8984
   vertex 78580.125 74056 50376.9023
  endloop
 endfacet
facet normal 0.123862281 0.867039204 0.482598364
  outer loop
   vertex 78642.0469 74054.0625 50416.5117
   vertex 78787.1406 74000.4375 50475.6172
   vertex 78637.5703 74098.4609 50337.8984
  endloop
 endfacet
facet normal -0.172811225 0.704056919 0.688796163
  outer loop
   vertex 78896.8828 74093.6406 50407.8828
   vertex 78637.5703 74098.4609 50337.8984
   vertex 78787.1406 74000.4375 50475.6172
  endloop
 endfacet
facet normal -0.114438623 0.867675722 0.48377955
  outer loop
   vertex 78896.8828 74093.6406 50407.8828
   vertex 78721.1016 74154.3203 50257.4688
   vertex 78637.5703 74098.4609 50337.8984
  endloop
 endfacet
facet normal -0.418436199 0.802206099 0.425883234
  outer loop
   vertex 78978.9766 74052.6719 50565.7188
   vertex 78896.8828 74093.6406 50407.8828
   vertex 78787.1406 74000.4375 50475.6172
  endloop
 endfacet
facet normal -0.385249883 -0.0255907439 0.922457397
  outer loop
   vertex 78787.1406 74000.4375 50475.6172
   vertex 78642.0469 74054.0625 50416.5117
   vertex 78613.0703 74013.9844 50403.2969
  endloop
 endfacet
facet normal 0.899444282 0.434531808 0.0467124954
  outer loop
   vertex 79322.6562 74046.5625 50737.1719
   vertex 79342.75 74004.3672 50742.8633
   vertex 79341.6172 74010.25 50709.9609
  endloop
 endfacet
facet normal 0.666535914 -0.363947392 0.650593698
  outer loop
   vertex 79342.75 74004.3672 50742.8633
   vertex 79336.4766 74003.9531 50749.0547
   vertex 79335.625 73986.4141 50740.1133
  endloop
 endfacet
facet normal 0.877693594 -0.0890633315 -0.470873296
  outer loop
   vertex 79292.1484 73996.0156 50578.3008
   vertex 79342.7969 74036.625 50665.0234
   vertex 79306.7422 73975.4531 50609.3906
  endloop
 endfacet
facet normal 0.676875412 0.534900248 -0.505689085
  outer loop
   vertex 78744.0547 74099.5469 50038.5586
   vertex 78892.5078 73968.5156 50098.6641
   vertex 78710.0391 73984.6406 49871.4844
  endloop
 endfacet
facet normal 0.643224359 0.441917002 -0.62527734
  outer loop
   vertex 78744.0547 74099.5469 50038.5586
   vertex 78873.7031 74076.3516 50155.5391
   vertex 78892.5078 73968.5156 50098.6641
  endloop
 endfacet
facet normal 0.724943817 0.410492271 -0.553129792
  outer loop
   vertex 78710.0391 73984.6406 49871.4844
   vertex 78892.5078 73968.5156 50098.6641
   vertex 78834.4531 73918.2891 49985.3008
  endloop
 endfacet
facet normal 0.648780406 -0.511710227 -0.563237607
  outer loop
   vertex 78577.0156 73926.9688 49697.375
   vertex 78644.8281 73937.4062 49766
   vertex 78619.9219 73860.8203 49806.8867
  endloop
 endfacet
facet normal 0.680654466 0.474012196 -0.55858922
  outer loop
   vertex 78892.5078 73968.5156 50098.6641
   vertex 78879.0938 73912.4375 50034.7344
   vertex 78834.4531 73918.2891 49985.3008
  endloop
 endfacet
facet normal 0.984547496 -0.161096513 -0.0686599761
  outer loop
   vertex 79341.6172 74010.25 50709.9609
   vertex 79336.7188 73995.9922 50673.2656
   vertex 79342.7969 74036.625 50665.0234
  endloop
 endfacet
facet normal -0.291083187 -0.230262011 0.928574145
  outer loop
   vertex 79105.4297 73958.8125 50682.3047
   vertex 79191.6953 73970.4141 50712.2227
   vertex 79151.375 74015.4453 50710.75
  endloop
 endfacet
facet normal -0.474555492 0.387035489 0.790569782
  outer loop
   vertex 78369.2812 74100.8125 50165.6172
   vertex 78482.3047 74009.6406 50278.1016
   vertex 78482.9766 74127.0078 50221.0469
  endloop
 endfacet
facet normal -0.565057635 0.263904482 0.781706035
  outer loop
   vertex 78290.8672 74026.6094 50133.9922
   vertex 78482.3047 74009.6406 50278.1016
   vertex 78369.2812 74100.8125 50165.6172
  endloop
 endfacet
facet normal -0.649104536 -0.322051167 0.689163506
  outer loop
   vertex 78638.4688 73915.9062 50381.3828
   vertex 78613.0703 74013.9844 50403.2969
   vertex 78482.3047 74009.6406 50278.1016
  endloop
 endfacet
facet normal -0.51294136 0.377679765 0.770875573
  outer loop
   vertex 78637.5703 74098.4609 50337.8984
   vertex 78482.9766 74127.0078 50221.0469
   vertex 78482.3047 74009.6406 50278.1016
  endloop
 endfacet
facet normal -0.67988205 0.626640797 0.380895883
  outer loop
   vertex 77939.8047 74013.8438 49622.8672
   vertex 78039.4062 74052.4531 49737.1289
   vertex 77963.5156 74086.8906 49545.0234
  endloop
 endfacet
facet normal 0.641173601 0.463033646 -0.611961007
  outer loop
   vertex 78555.7891 74083.4844 49765.7266
   vertex 78481.1875 73990.8203 49617.4453
   vertex 78344.8516 74105.0078 49561.0039
  endloop
 endfacet
facet normal -0.786446214 0.513875842 0.342686474
  outer loop
   vertex 77963.5156 74086.8906 49545.0234
   vertex 77860.1016 74076.8125 49322.8086
   vertex 77874.1641 73980.9922 49498.7695
  endloop
 endfacet
facet normal -0.790721953 0.547840476 0.27318418
  outer loop
   vertex 77939.8047 74013.8438 49622.8672
   vertex 77963.5156 74086.8906 49545.0234
   vertex 77874.1641 73980.9922 49498.7695
  endloop
 endfacet
facet normal -0.828462124 0.339254528 0.445597172
  outer loop
   vertex 77764.8984 73925.3281 49297.6406
   vertex 77734.7656 74029.1406 49162.5703
   vertex 77656.75 73931.5312 49091.8398
  endloop
 endfacet
facet normal -0.836814046 0.391487539 0.382726759
  outer loop
   vertex 77734.7656 74029.1406 49162.5703
   vertex 77662.0469 74043.3359 48989.0508
   vertex 77656.75 73931.5312 49091.8398
  endloop
 endfacet
facet normal -0.86041379 0.364397407 0.356234044
  outer loop
   vertex 77577.4609 74057.6172 48780.4805
   vertex 77494.0781 73948.9766 48690.2188
   vertex 77578.3359 73941.2422 48901.6445
  endloop
 endfacet
facet normal -0.848350883 0.379531741 0.369129241
  outer loop
   vertex 77578.3359 73941.2422 48901.6445
   vertex 77656.75 73931.5312 49091.8398
   vertex 77662.0469 74043.3359 48989.0508
  endloop
 endfacet
facet normal -0.769967377 0.153374493 0.619375885
  outer loop
   vertex 78039.4062 74052.4531 49737.1289
   vertex 77939.8047 74013.8438 49622.8672
   vertex 77958.5234 73904.8047 49673.1406
  endloop
 endfacet
facet normal -0.560406029 -0.656152785 -0.505379617
  outer loop
   vertex 78372.3594 73742.8906 50027.2969
   vertex 78329.7656 73733.1641 50087.1523
   vertex 78301.0547 73766.8047 50075.3164
  endloop
 endfacet
facet normal 0.576467633 0.530451655 -0.621535301
  outer loop
   vertex 78608.6406 73987.6016 49732.9102
   vertex 78481.1875 73990.8203 49617.4453
   vertex 78555.7891 74083.4844 49765.7266
  endloop
 endfacet
facet normal 0.890089273 0.146536663 -0.431587845
  outer loop
   vertex 78078.2734 73941.2109 49023.832
   vertex 78095.7812 74058.5 49099.7617
   vertex 78144.375 73947.2578 49162.207
  endloop
 endfacet
facet normal 0.875576317 0.119757555 -0.468000233
  outer loop
   vertex 78095.7812 74058.5 49099.7617
   vertex 78265.6797 73945.5078 49388.707
   vertex 78144.375 73947.2578 49162.207
  endloop
 endfacet
facet normal 0.621075273 0.411952764 -0.66675365
  outer loop
   vertex 78344.8516 74105.0078 49561.0039
   vertex 78481.1875 73990.8203 49617.4453
   vertex 78265.6797 73945.5078 49388.707
  endloop
 endfacet
facet normal 0.801594853 0.207700521 -0.560630202
  outer loop
   vertex 78344.8516 74105.0078 49561.0039
   vertex 78265.6797 73945.5078 49388.707
   vertex 78200.1719 74098.9375 49351.8906
  endloop
 endfacet
facet normal 0.771321833 -0.534765959 -0.345091254
  outer loop
   vertex 78078.2734 73941.2109 49023.832
   vertex 78144.375 73947.2578 49162.207
   vertex 78076.875 73845.7344 49168.6602
  endloop
 endfacet
facet normal -0.578608274 -0.663974881 0.47365582
  outer loop
   vertex 78193.6562 73813.4062 49952.5508
   vertex 78037.7109 73824.3047 49777.332
   vertex 78120.5156 73757.8906 49785.3789
  endloop
 endfacet
facet normal 0.583949089 -0.127208605 -0.801761448
  outer loop
   vertex 78481.1875 73990.8203 49617.4453
   vertex 78577.0156 73926.9688 49697.375
   vertex 78455.9375 73875.8438 49617.2969
  endloop
 endfacet
facet normal 0.00814851746 -0.995038092 -0.0991605297
  outer loop
   vertex 79016.7969 73774.4453 50385.2422
   vertex 78978.7109 73764.8047 50478.8945
   vertex 78779.5859 73779.0703 50319.4023
  endloop
 endfacet
facet normal 0.734083891 -0.160363346 -0.659851789
  outer loop
   vertex 78265.6797 73945.5078 49388.707
   vertex 78481.1875 73990.8203 49617.4453
   vertex 78455.9375 73875.8438 49617.2969
  endloop
 endfacet
facet normal 0.596833169 -0.479931742 -0.643005192
  outer loop
   vertex 78321.9375 73810.7266 49541.5234
   vertex 78265.6797 73945.5078 49388.707
   vertex 78455.9375 73875.8438 49617.2969
  endloop
 endfacet
facet normal 0.207489431 -0.945358038 -0.251488119
  outer loop
   vertex 78341.1484 73722.6953 49836.1094
   vertex 78194.8672 73735.0625 49668.9219
   vertex 78395.3594 73769.3984 49705.2695
  endloop
 endfacet
facet normal 0.00530537218 -0.977927923 -0.20887503
  outer loop
   vertex 78194.8672 73735.0625 49668.9219
   vertex 78168.8359 73782.6172 49445.6094
   vertex 78276.0156 73753.2656 49585.75
  endloop
 endfacet
facet normal -0.758479536 -0.429694563 0.489970803
  outer loop
   vertex 77958.5234 73904.8047 49673.1406
   vertex 77863.5078 73852.9062 49480.5508
   vertex 77999.0312 73785.5469 49631.2734
  endloop
 endfacet
facet normal -0.888707697 0.0571560748 0.454897553
  outer loop
   vertex 77958.5234 73904.8047 49673.1406
   vertex 77939.8047 74013.8438 49622.8672
   vertex 77874.1641 73980.9922 49498.7695
  endloop
 endfacet
facet normal -0.891737401 -0.0987028927 0.441658378
  outer loop
   vertex 77863.5078 73852.9062 49480.5508
   vertex 77764.8984 73925.3281 49297.6406
   vertex 77788.4219 73806.7188 49318.6172
  endloop
 endfacet
facet normal -0.879322469 0.00543928146 0.476195723
  outer loop
   vertex 77863.5078 73852.9062 49480.5508
   vertex 77874.1641 73980.9922 49498.7695
   vertex 77764.8984 73925.3281 49297.6406
  endloop
 endfacet
facet normal -0.898034155 0.0121782878 0.439757198
  outer loop
   vertex 77958.5234 73904.8047 49673.1406
   vertex 77874.1641 73980.9922 49498.7695
   vertex 77863.5078 73852.9062 49480.5508
  endloop
 endfacet
facet normal 0.793935239 0.192173049 -0.576833069
  outer loop
   vertex 78644.8281 73937.4062 49766
   vertex 78608.6406 73987.6016 49732.9102
   vertex 78710.0391 73984.6406 49871.4844
  endloop
 endfacet
facet normal -0.772661269 -0.168056086 0.612169683
  outer loop
   vertex 78320.125 73875.9297 50129.3398
   vertex 78193.6562 73813.4062 49952.5508
   vertex 78301.0547 73766.8047 50075.3164
  endloop
 endfacet
facet normal -0.70173043 -0.157703325 0.694769084
  outer loop
   vertex 78195.7422 73981.6953 50027.7188
   vertex 78320.125 73875.9297 50129.3398
   vertex 78290.8672 74026.6094 50133.9922
  endloop
 endfacet
facet normal -0.614494741 -0.194552392 0.764555812
  outer loop
   vertex 78787.1406 74000.4375 50475.6172
   vertex 78811.2969 73848.4531 50456.3633
   vertex 78918.4922 73900.5938 50555.7852
  endloop
 endfacet
facet normal -0.450337827 -0.182327554 0.874043763
  outer loop
   vertex 78787.1406 74000.4375 50475.6172
   vertex 78638.4688 73915.9062 50381.3828
   vertex 78811.2969 73848.4531 50456.3633
  endloop
 endfacet
facet normal -0.901970088 0.431379884 -0.0190088265
  outer loop
   vertex 78225.8047 74046.9453 50081.9453
   vertex 78252.3203 74100.4453 50037.8125
   vertex 78195.7422 73981.6953 50027.7188
  endloop
 endfacet
facet normal -0.74082303 0.301977456 0.599992394
  outer loop
   vertex 78252.3203 74100.4453 50037.8125
   vertex 78132.1797 74052.9609 49913.375
   vertex 78195.7422 73981.6953 50027.7188
  endloop
 endfacet
facet normal -0.651495337 -0.284384668 0.703334332
  outer loop
   vertex 78290.8672 74026.6094 50133.9922
   vertex 78225.8047 74046.9453 50081.9453
   vertex 78195.7422 73981.6953 50027.7188
  endloop
 endfacet
facet normal 0.522169948 -0.816123247 0.24755092
  outer loop
   vertex 79341.6172 74010.25 50709.9609
   vertex 79275.0312 73959.1562 50681.957
   vertex 79336.7188 73995.9922 50673.2656
  endloop
 endfacet
facet normal 0.64185977 -0.750700951 -0.156410068
  outer loop
   vertex 79341.6172 74010.25 50709.9609
   vertex 79342.75 74004.3672 50742.8633
   vertex 79275.0312 73959.1562 50681.957
  endloop
 endfacet
facet normal -0.212259889 -0.851033092 0.480300367
  outer loop
   vertex 78679.3438 73826.2969 50358.793
   vertex 78779.5859 73779.0703 50319.4023
   vertex 78811.2969 73848.4531 50456.3633
  endloop
 endfacet
facet normal 0.952638447 -0.266765386 0.146000892
  outer loop
   vertex 79355.0859 74079.6953 50663.5078
   vertex 79351.6484 74075.1719 50677.6992
   vertex 79342.7969 74036.625 50665.0234
  endloop
 endfacet
facet normal -0.315729558 -0.252788126 0.914556205
  outer loop
   vertex 79151.375 74015.4453 50710.75
   vertex 79191.6953 73970.4141 50712.2227
   vertex 79257.6094 74030.7422 50751.6562
  endloop
 endfacet
facet normal -0.258018762 -0.315040976 0.913332105
  outer loop
   vertex 79191.6953 73970.4141 50712.2227
   vertex 79266.1562 73991.9922 50740.7031
   vertex 79257.6094 74030.7422 50751.6562
  endloop
 endfacet
facet normal 0.922495842 0.321819782 0.213151142
  outer loop
   vertex 79342.7969 74036.625 50665.0234
   vertex 79322.6562 74046.5625 50737.1719
   vertex 79341.6172 74010.25 50709.9609
  endloop
 endfacet
facet normal 0.905634046 -0.304879546 0.294746339
  outer loop
   vertex 79351.6484 74075.1719 50677.6992
   vertex 79322.6562 74046.5625 50737.1719
   vertex 79342.7969 74036.625 50665.0234
  endloop
 endfacet
facet normal 0.730131269 0.262577862 -0.630841672
  outer loop
   vertex 79322.6562 74046.5625 50737.1719
   vertex 79351.4688 74020.1172 50759.5117
   vertex 79342.75 74004.3672 50742.8633
  endloop
 endfacet
facet normal 0.301828653 -0.495958775 0.814201653
  outer loop
   vertex 79283.9219 74076.3906 50769.7031
   vertex 79257.6094 74030.7422 50751.6562
   vertex 79322.6562 74046.5625 50737.1719
  endloop
 endfacet
facet normal 0.491757274 -0.746460557 0.448298395
  outer loop
   vertex 79336.4766 74003.9531 50749.0547
   vertex 79342.75 74004.3672 50742.8633
   vertex 79351.4688 74020.1172 50759.5117
  endloop
 endfacet
facet normal -0.00729330676 0.266454071 0.96382004
  outer loop
   vertex 79303.3672 74007.7734 50747.75
   vertex 79336.4766 74003.9531 50749.0547
   vertex 79322.6562 74046.5625 50737.1719
  endloop
 endfacet
facet normal 0.172257274 0.17851232 0.968741834
  outer loop
   vertex 79303.3672 74007.7734 50747.75
   vertex 79322.6562 74046.5625 50737.1719
   vertex 79257.6094 74030.7422 50751.6562
  endloop
 endfacet
facet normal -0.0608683079 -0.283875167 0.956927359
  outer loop
   vertex 79303.3672 74007.7734 50747.75
   vertex 79257.6094 74030.7422 50751.6562
   vertex 79266.1562 73991.9922 50740.7031
  endloop
 endfacet
facet normal 0.0623033866 -0.867167294 0.494104356
  outer loop
   vertex 79275.0312 73959.1562 50681.957
   vertex 79266.1562 73991.9922 50740.7031
   vertex 79191.6953 73970.4141 50712.2227
  endloop
 endfacet
facet normal -0.578383744 0.3400186 0.741525173
  outer loop
   vertex 79098.0469 74050.5234 50659.5742
   vertex 78978.9766 74052.6719 50565.7188
   vertex 79012.3672 73981.1641 50624.5508
  endloop
 endfacet
facet normal 0.36238429 0.419730902 -0.832167983
  outer loop
   vertex 79188.2188 73909.6797 50489.4961
   vertex 79292.1484 73996.0156 50578.3008
   vertex 79286.4609 73958.5625 50556.9336
  endloop
 endfacet
facet normal 0.654436052 -0.0101130651 -0.756049752
  outer loop
   vertex 79221.3516 74013.1953 50516.793
   vertex 79292.1484 73996.0156 50578.3008
   vertex 79188.2188 73909.6797 50489.4961
  endloop
 endfacet
facet normal 0.921256006 0.0775078386 -0.381156027
  outer loop
   vertex 79292.1484 73996.0156 50578.3008
   vertex 79306.7422 73975.4531 50609.3906
   vertex 79286.4609 73958.5625 50556.9336
  endloop
 endfacet
facet normal 0.757477105 -0.0713288933 -0.648953497
  outer loop
   vertex 79188.2188 73909.6797 50489.4961
   vertex 79130.4453 74000.4453 50412.082
   vertex 79221.3516 74013.1953 50516.793
  endloop
 endfacet
facet normal 0.817272842 0.0293867253 -0.575501084
  outer loop
   vertex 79130.4453 74000.4453 50412.082
   vertex 79188.2188 73909.6797 50489.4961
   vertex 79056.1172 73938.7969 50303.3789
  endloop
 endfacet
facet normal -0.476896763 0.414856702 0.774895728
  outer loop
   vertex 78978.9766 74052.6719 50565.7188
   vertex 78787.1406 74000.4375 50475.6172
   vertex 79012.3672 73981.1641 50624.5508
  endloop
 endfacet
facet normal -0.554216325 -0.0626960322 0.83000809
  outer loop
   vertex 78918.4922 73900.5938 50555.7852
   vertex 79012.3672 73981.1641 50624.5508
   vertex 78787.1406 74000.4375 50475.6172
  endloop
 endfacet
facet normal -0.555027902 0.292371869 0.778757155
  outer loop
   vertex 79151.375 74015.4453 50710.75
   vertex 79098.0469 74050.5234 50659.5742
   vertex 79012.3672 73981.1641 50624.5508
  endloop
 endfacet
facet normal 0.722497523 -0.184602529 -0.66627264
  outer loop
   vertex 79275.0312 73959.1562 50681.957
   vertex 79342.75 74004.3672 50742.8633
   vertex 79335.625 73986.4141 50740.1133
  endloop
 endfacet
facet normal -0.527154624 0.00082904601 0.849768937
  outer loop
   vertex 79105.4297 73958.8125 50682.3047
   vertex 79151.375 74015.4453 50710.75
   vertex 79012.3672 73981.1641 50624.5508
  endloop
 endfacet
facet normal 0.515810966 -0.85606128 0.0331373066
  outer loop
   vertex 79336.7188 73995.9922 50673.2656
   vertex 79275.0312 73959.1562 50681.957
   vertex 79306.7422 73975.4531 50609.3906
  endloop
 endfacet
facet normal -0.528957546 -0.843353748 -0.0946485773
  outer loop
   vertex 79070.7109 73734.3281 50441.3672
   vertex 79059.3125 73737.6016 50475.9297
   vertex 79016.7969 73774.4453 50385.2422
  endloop
 endfacet
facet normal -0.549560189 -0.415846407 0.72460705
  outer loop
   vertex 79012.3672 73981.1641 50624.5508
   vertex 79069.5 73873.375 50606.0234
   vertex 79105.4297 73958.8125 50682.3047
  endloop
 endfacet
facet normal 0.781531334 -0.590719461 -0.200647235
  outer loop
   vertex 79275.0312 73959.1562 50681.957
   vertex 79134.7656 73819.8828 50545.6445
   vertex 79188.2188 73909.6797 50489.4961
  endloop
 endfacet
facet normal 0.476758599 -0.878966331 0.0109292073
  outer loop
   vertex 79275.0312 73959.1562 50681.957
   vertex 79188.2188 73909.6797 50489.4961
   vertex 79306.7422 73975.4531 50609.3906
  endloop
 endfacet
facet normal -0.55940479 -0.354782939 0.749129713
  outer loop
   vertex 79275.0312 73959.1562 50681.957
   vertex 79335.625 73986.4141 50740.1133
   vertex 79336.4766 74003.9531 50749.0547
  endloop
 endfacet
facet normal -0.113878302 -0.774957716 0.621668935
  outer loop
   vertex 79336.4766 74003.9531 50749.0547
   vertex 79303.3672 74007.7734 50747.75
   vertex 79275.0312 73959.1562 50681.957
  endloop
 endfacet
facet normal 0.255771756 -0.826893091 0.500827968
  outer loop
   vertex 79266.1562 73991.9922 50740.7031
   vertex 79275.0312 73959.1562 50681.957
   vertex 79303.3672 74007.7734 50747.75
  endloop
 endfacet
facet normal -0.571907222 -0.43605414 0.694822907
  outer loop
   vertex 78638.4688 73915.9062 50381.3828
   vertex 78522.4531 73821.2266 50226.4766
   vertex 78679.3438 73826.2969 50358.793
  endloop
 endfacet
facet normal 0.758169532 -0.167344347 -0.630218089
  outer loop
   vertex 78892.5078 73968.5156 50098.6641
   vertex 79056.1172 73938.7969 50303.3789
   vertex 78968.7188 73854.8984 50220.5195
  endloop
 endfacet
facet normal 0.888213456 -0.421326935 0.183195174
  outer loop
   vertex 78879.0938 73912.4375 50034.7344
   vertex 78892.5078 73968.5156 50098.6641
   vertex 78853.1094 73865.6094 50053.0352
  endloop
 endfacet
facet normal 0.819592953 -0.0612071045 -0.569667518
  outer loop
   vertex 78968.7188 73854.8984 50220.5195
   vertex 78853.1094 73865.6094 50053.0352
   vertex 78892.5078 73968.5156 50098.6641
  endloop
 endfacet
facet normal 0.75311166 -0.152423635 -0.639992058
  outer loop
   vertex 78968.7188 73854.8984 50220.5195
   vertex 79056.1172 73938.7969 50303.3789
   vertex 79074.1562 73858.0625 50343.8398
  endloop
 endfacet
facet normal 0.801469266 -0.114996493 -0.586875439
  outer loop
   vertex 79056.1172 73938.7969 50303.3789
   vertex 79188.2188 73909.6797 50489.4961
   vertex 79074.1562 73858.0625 50343.8398
  endloop
 endfacet
facet normal 0.537522852 -0.662797868 -0.521313906
  outer loop
   vertex 79024.5078 73730.8516 50448.625
   vertex 79016.7969 73774.4453 50385.2422
   vertex 79059.3125 73737.6016 50475.9297
  endloop
 endfacet
facet normal 0.522134721 -0.741550684 -0.421281308
  outer loop
   vertex 78276.0156 73753.2656 49585.75
   vertex 78321.9375 73810.7266 49541.5234
   vertex 78395.3594 73769.3984 49705.2695
  endloop
 endfacet
facet normal -0.254415452 -0.966717184 0.0270308852
  outer loop
   vertex 77999.0312 73785.5469 49631.2734
   vertex 78194.8672 73735.0625 49668.9219
   vertex 78120.5156 73757.8906 49785.3789
  endloop
 endfacet
facet normal 0.506893814 -0.765642226 -0.396043688
  outer loop
   vertex 78709.1953 73802.1953 49991.4336
   vertex 78853.1094 73865.6094 50053.0352
   vertex 78833.3672 73788.1328 50177.543
  endloop
 endfacet
facet normal -0.185143337 -0.610028088 0.77044642
  outer loop
   vertex 79069.5 73873.375 50606.0234
   vertex 79191.6953 73970.4141 50712.2227
   vertex 79105.4297 73958.8125 50682.3047
  endloop
 endfacet
facet normal 0.686275184 -0.470307857 -0.554830492
  outer loop
   vertex 78853.1094 73865.6094 50053.0352
   vertex 78754.3047 73880.6406 49918.082
   vertex 78834.4531 73918.2891 49985.3008
  endloop
 endfacet
facet normal 0.842556238 0.123786025 -0.524190784
  outer loop
   vertex 78710.0391 73984.6406 49871.4844
   vertex 78754.3047 73880.6406 49918.082
   vertex 78711.6328 73901.7422 49854.4766
  endloop
 endfacet
facet normal 0.65716356 -0.0570224598 -0.751587987
  outer loop
   vertex 78710.0391 73984.6406 49871.4844
   vertex 78834.4531 73918.2891 49985.3008
   vertex 78754.3047 73880.6406 49918.082
  endloop
 endfacet
facet normal 0.515234351 -0.724456549 -0.457926065
  outer loop
   vertex 78853.1094 73865.6094 50053.0352
   vertex 78709.1953 73802.1953 49991.4336
   vertex 78754.3047 73880.6406 49918.082
  endloop
 endfacet
facet normal 0.506934822 -0.778467059 0.370143384
  outer loop
   vertex 79059.3594 73761.9844 50527.1445
   vertex 79059.3125 73737.6016 50475.9297
   vertex 79134.7656 73819.8828 50545.6445
  endloop
 endfacet
facet normal 0.250019342 -0.574600041 0.779310703
  outer loop
   vertex 79069.5 73873.375 50606.0234
   vertex 79059.3594 73761.9844 50527.1445
   vertex 79134.7656 73819.8828 50545.6445
  endloop
 endfacet
facet normal 0.651890755 -0.284469664 -0.70293349
  outer loop
   vertex 79188.2188 73909.6797 50489.4961
   vertex 79104.8125 73774.3125 50466.9258
   vertex 79016.7969 73774.4453 50385.2422
  endloop
 endfacet
facet normal 0.699186027 -0.638740599 -0.321168751
  outer loop
   vertex 79074.1562 73858.0625 50343.8398
   vertex 79188.2188 73909.6797 50489.4961
   vertex 79016.7969 73774.4453 50385.2422
  endloop
 endfacet
facet normal 0.6759516 -0.110741407 -0.728577912
  outer loop
   vertex 79070.7109 73734.3281 50441.3672
   vertex 79016.7969 73774.4453 50385.2422
   vertex 79104.8125 73774.3125 50466.9258
  endloop
 endfacet
facet normal -0.254684657 -0.811898291 0.525316
  outer loop
   vertex 79024.5078 73730.8516 50448.625
   vertex 79059.3125 73737.6016 50475.9297
   vertex 78978.7109 73764.8047 50478.8945
  endloop
 endfacet
facet normal 0.347704768 -0.923352242 0.162855864
  outer loop
   vertex 79188.2188 73909.6797 50489.4961
   vertex 79286.4609 73958.5625 50556.9336
   vertex 79306.7422 73975.4531 50609.3906
  endloop
 endfacet
facet normal -0.695724189 -0.628575027 -0.347651124
  outer loop
   vertex 79016.7969 73774.4453 50385.2422
   vertex 79024.5078 73730.8516 50448.625
   vertex 78978.7109 73764.8047 50478.8945
  endloop
 endfacet
facet normal 0.0464842506 -0.722228885 0.690090299
  outer loop
   vertex 79275.0312 73959.1562 50681.957
   vertex 79069.5 73873.375 50606.0234
   vertex 79134.7656 73819.8828 50545.6445
  endloop
 endfacet
facet normal 0.110128507 -0.79357636 0.598421514
  outer loop
   vertex 79275.0312 73959.1562 50681.957
   vertex 79191.6953 73970.4141 50712.2227
   vertex 79069.5 73873.375 50606.0234
  endloop
 endfacet
facet normal 0.505718708 -0.707777441 -0.493254185
  outer loop
   vertex 78833.3672 73788.1328 50177.543
   vertex 78968.7188 73854.8984 50220.5195
   vertex 79016.7969 73774.4453 50385.2422
  endloop
 endfacet
facet normal 0.588851154 -0.645112693 -0.486912638
  outer loop
   vertex 78968.7188 73854.8984 50220.5195
   vertex 79074.1562 73858.0625 50343.8398
   vertex 79016.7969 73774.4453 50385.2422
  endloop
 endfacet
facet normal 0.660534978 -0.67812705 0.322237939
  outer loop
   vertex 79059.3125 73737.6016 50475.9297
   vertex 79059.3594 73761.9844 50527.1445
   vertex 79036.0469 73725.9297 50499.0664
  endloop
 endfacet
facet normal -0.495972514 -0.310788751 0.810815394
  outer loop
   vertex 79059.3594 73761.9844 50527.1445
   vertex 78978.7109 73764.8047 50478.8945
   vertex 79036.0469 73725.9297 50499.0664
  endloop
 endfacet
facet normal -0.351510942 -0.340287298 0.872149408
  outer loop
   vertex 79069.5 73873.375 50606.0234
   vertex 78918.4922 73900.5938 50555.7852
   vertex 78940.4766 73831.9062 50537.8398
  endloop
 endfacet
facet normal -0.351335496 -0.336410224 0.873722792
  outer loop
   vertex 79069.5 73873.375 50606.0234
   vertex 79012.3672 73981.1641 50624.5508
   vertex 78918.4922 73900.5938 50555.7852
  endloop
 endfacet
facet normal -0.145721138 -0.698508501 0.700607717
  outer loop
   vertex 78978.7109 73764.8047 50478.8945
   vertex 79069.5 73873.375 50606.0234
   vertex 78940.4766 73831.9062 50537.8398
  endloop
 endfacet
facet normal -0.461605638 -0.484277606 0.743233085
  outer loop
   vertex 78978.7109 73764.8047 50478.8945
   vertex 79059.3594 73761.9844 50527.1445
   vertex 79069.5 73873.375 50606.0234
  endloop
 endfacet
facet normal 0.185882896 -0.962669075 -0.196763366
  outer loop
   vertex 78833.3672 73788.1328 50177.543
   vertex 78622.3906 73760.8906 50111.5039
   vertex 78709.1953 73802.1953 49991.4336
  endloop
 endfacet
facet normal -0.609776616 -0.263509423 0.747485995
  outer loop
   vertex 78356.5703 73768.125 50121.0703
   vertex 78320.125 73875.9297 50129.3398
   vertex 78301.0547 73766.8047 50075.3164
  endloop
 endfacet
facet normal -0.433199406 -0.721444309 0.540237367
  outer loop
   vertex 78940.4766 73831.9062 50537.8398
   vertex 78811.2969 73848.4531 50456.3633
   vertex 78978.7109 73764.8047 50478.8945
  endloop
 endfacet
facet normal 0.132118076 -0.991145432 -0.0132511724
  outer loop
   vertex 78779.5859 73779.0703 50319.4023
   vertex 78622.3906 73760.8906 50111.5039
   vertex 78833.3672 73788.1328 50177.543
  endloop
 endfacet
facet normal -0.529227257 -0.368925214 0.764076412
  outer loop
   vertex 78940.4766 73831.9062 50537.8398
   vertex 78918.4922 73900.5938 50555.7852
   vertex 78811.2969 73848.4531 50456.3633
  endloop
 endfacet
facet normal 0.153878883 -0.98493427 0.0789033324
  outer loop
   vertex 78341.1484 73722.6953 49836.1094
   vertex 78513.7969 73755.7188 49911.6875
   vertex 78372.3594 73742.8906 50027.2969
  endloop
 endfacet
facet normal -0.493855476 -0.417564601 0.762723148
  outer loop
   vertex 78638.4688 73915.9062 50381.3828
   vertex 78679.3438 73826.2969 50358.793
   vertex 78811.2969 73848.4531 50456.3633
  endloop
 endfacet
facet normal -0.736015201 -0.268454999 0.621460795
  outer loop
   vertex 78193.6562 73813.4062 49952.5508
   vertex 78320.125 73875.9297 50129.3398
   vertex 78195.7422 73981.6953 50027.7188
  endloop
 endfacet
facet normal -0.250167102 -0.929668069 0.270432413
  outer loop
   vertex 78622.3906 73760.8906 50111.5039
   vertex 78779.5859 73779.0703 50319.4023
   vertex 78522.4531 73821.2266 50226.4766
  endloop
 endfacet
facet normal -0.276901215 -0.889923453 0.362438917
  outer loop
   vertex 78679.3438 73826.2969 50358.793
   vertex 78522.4531 73821.2266 50226.4766
   vertex 78779.5859 73779.0703 50319.4023
  endloop
 endfacet
facet normal -0.649901152 -0.326539397 0.686294734
  outer loop
   vertex 78482.3047 74009.6406 50278.1016
   vertex 78522.4531 73821.2266 50226.4766
   vertex 78638.4688 73915.9062 50381.3828
  endloop
 endfacet
facet normal 0.515962541 -0.539265394 -0.66556406
  outer loop
   vertex 78265.6797 73945.5078 49388.707
   vertex 78321.9375 73810.7266 49541.5234
   vertex 78168.8359 73782.6172 49445.6094
  endloop
 endfacet
facet normal -0.479292661 -0.325470686 0.815075099
  outer loop
   vertex 78482.3047 74009.6406 50278.1016
   vertex 78320.125 73875.9297 50129.3398
   vertex 78522.4531 73821.2266 50226.4766
  endloop
 endfacet
facet normal -0.824341416 0.143446401 0.547617018
  outer loop
   vertex 78132.1797 74052.9609 49913.375
   vertex 78075.0547 73936.7422 49857.8203
   vertex 78195.7422 73981.6953 50027.7188
  endloop
 endfacet
facet normal -0.865777671 0.208022177 0.45514372
  outer loop
   vertex 78132.1797 74052.9609 49913.375
   vertex 78039.4062 74052.4531 49737.1289
   vertex 78075.0547 73936.7422 49857.8203
  endloop
 endfacet
facet normal -0.838000536 0.248535678 0.485783041
  outer loop
   vertex 78039.4062 74052.4531 49737.1289
   vertex 77958.5234 73904.8047 49673.1406
   vertex 78075.0547 73936.7422 49857.8203
  endloop
 endfacet
facet normal -0.753243387 -0.260435909 0.603984714
  outer loop
   vertex 78193.6562 73813.4062 49952.5508
   vertex 78195.7422 73981.6953 50027.7188
   vertex 78075.0547 73936.7422 49857.8203
  endloop
 endfacet
facet normal -0.470404088 -0.224516019 0.85341233
  outer loop
   vertex 78320.125 73875.9297 50129.3398
   vertex 78356.5703 73768.125 50121.0703
   vertex 78522.4531 73821.2266 50226.4766
  endloop
 endfacet
facet normal 0.128242537 -0.952037811 0.277808964
  outer loop
   vertex 78522.4531 73821.2266 50226.4766
   vertex 78356.5703 73768.125 50121.0703
   vertex 78372.3594 73742.8906 50027.2969
  endloop
 endfacet
facet normal -0.0735622644 -0.90796113 0.412547201
  outer loop
   vertex 78622.3906 73760.8906 50111.5039
   vertex 78522.4531 73821.2266 50226.4766
   vertex 78372.3594 73742.8906 50027.2969
  endloop
 endfacet
facet normal 0.593144536 -0.746771932 0.300850809
  outer loop
   vertex 78356.5703 73768.125 50121.0703
   vertex 78329.7656 73733.1641 50087.1523
   vertex 78372.3594 73742.8906 50027.2969
  endloop
 endfacet
facet normal -0.48351267 -0.753977597 0.444672078
  outer loop
   vertex 78372.3594 73742.8906 50027.2969
   vertex 78193.6562 73813.4062 49952.5508
   vertex 78236.5 73731.2812 49859.8945
  endloop
 endfacet
facet normal -0.348143518 -0.936065972 -0.0507599451
  outer loop
   vertex 78372.3594 73742.8906 50027.2969
   vertex 78301.0547 73766.8047 50075.3164
   vertex 78193.6562 73813.4062 49952.5508
  endloop
 endfacet
facet normal -0.400407821 -0.853846788 0.332594752
  outer loop
   vertex 78037.7109 73824.3047 49777.332
   vertex 77978.5781 73823.8438 49704.9531
   vertex 77999.0312 73785.5469 49631.2734
  endloop
 endfacet
facet normal -0.606577754 -0.713821471 0.350031883
  outer loop
   vertex 78037.7109 73824.3047 49777.332
   vertex 77999.0312 73785.5469 49631.2734
   vertex 78120.5156 73757.8906 49785.3789
  endloop
 endfacet
facet normal -0.610814512 -0.25792852 0.74858433
  outer loop
   vertex 78301.0547 73766.8047 50075.3164
   vertex 78329.7656 73733.1641 50087.1523
   vertex 78356.5703 73768.125 50121.0703
  endloop
 endfacet
facet normal 0.480028778 -0.813101113 -0.329300702
  outer loop
   vertex 78619.9219 73860.8203 49806.8867
   vertex 78513.7969 73755.7188 49911.6875
   vertex 78395.3594 73769.3984 49705.2695
  endloop
 endfacet
facet normal -0.466714531 -0.757859111 0.455880642
  outer loop
   vertex 78236.5 73731.2812 49859.8945
   vertex 78193.6562 73813.4062 49952.5508
   vertex 78120.5156 73757.8906 49785.3789
  endloop
 endfacet
facet normal -0.773330152 0.0565883443 0.631473064
  outer loop
   vertex 78037.7109 73824.3047 49777.332
   vertex 77958.5234 73904.8047 49673.1406
   vertex 77978.5781 73823.8438 49704.9531
  endloop
 endfacet
facet normal -0.831282616 -0.113453828 0.544148386
  outer loop
   vertex 78037.7109 73824.3047 49777.332
   vertex 78075.0547 73936.7422 49857.8203
   vertex 77958.5234 73904.8047 49673.1406
  endloop
 endfacet
facet normal -0.25535959 -0.94567126 0.201239511
  outer loop
   vertex 77999.0312 73785.5469 49631.2734
   vertex 77899.4453 73765.5938 49411.1367
   vertex 78041.9375 73744.5312 49492.9453
  endloop
 endfacet
facet normal -0.952126205 -0.282115847 -0.11775548
  outer loop
   vertex 77958.5234 73904.8047 49673.1406
   vertex 77999.0312 73785.5469 49631.2734
   vertex 77978.5781 73823.8438 49704.9531
  endloop
 endfacet
facet normal 0.837678075 -0.443001211 -0.319445372
  outer loop
   vertex 78644.8281 73937.4062 49766
   vertex 78710.0391 73984.6406 49871.4844
   vertex 78619.9219 73860.8203 49806.8867
  endloop
 endfacet
facet normal 0.382814109 0.192720205 -0.903500021
  outer loop
   vertex 78711.6328 73901.7422 49854.4766
   vertex 78619.9219 73860.8203 49806.8867
   vertex 78710.0391 73984.6406 49871.4844
  endloop
 endfacet
facet normal 0.17625773 -0.983392 -0.0432820059
  outer loop
   vertex 78194.8672 73735.0625 49668.9219
   vertex 78276.0156 73753.2656 49585.75
   vertex 78395.3594 73769.3984 49705.2695
  endloop
 endfacet
facet normal 0.0772357583 -0.996881485 -0.0161858462
  outer loop
   vertex 78622.3906 73760.8906 50111.5039
   vertex 78372.3594 73742.8906 50027.2969
   vertex 78513.7969 73755.7188 49911.6875
  endloop
 endfacet
facet normal 0.278086036 -0.95219022 -0.126498654
  outer loop
   vertex 78709.1953 73802.1953 49991.4336
   vertex 78622.3906 73760.8906 50111.5039
   vertex 78513.7969 73755.7188 49911.6875
  endloop
 endfacet
facet normal -0.0822047666 -0.996613801 -0.00180907454
  outer loop
   vertex 78341.1484 73722.6953 49836.1094
   vertex 78236.5 73731.2812 49859.8945
   vertex 78194.8672 73735.0625 49668.9219
  endloop
 endfacet
facet normal -0.0555339567 -0.99194634 0.113835022
  outer loop
   vertex 78372.3594 73742.8906 50027.2969
   vertex 78236.5 73731.2812 49859.8945
   vertex 78341.1484 73722.6953 49836.1094
  endloop
 endfacet
facet normal 0.652806222 -0.756857336 -0.0317975245
  outer loop
   vertex 77973.3672 73854.5234 48859.5312
   vertex 77872.2344 73759.9609 49034.2773
   vertex 77846.9297 73748.8438 48779.3242
  endloop
 endfacet
facet normal -0.921631038 0.0617530234 0.383122474
  outer loop
   vertex 77611.2266 73845.4297 48996.2109
   vertex 77656.75 73931.5312 49091.8398
   vertex 77578.3359 73941.2422 48901.6445
  endloop
 endfacet
facet normal -0.585944831 -0.215529308 0.781163096
  outer loop
   vertex 77698.9375 73803.3984 49148.7227
   vertex 77725.6484 73745.1484 49152.6875
   vertex 77800.9844 73751.0703 49210.8281
  endloop
 endfacet
facet normal -0.883010626 -0.0858572274 0.461433411
  outer loop
   vertex 77698.9375 73803.3984 49148.7227
   vertex 77764.8984 73925.3281 49297.6406
   vertex 77656.75 73931.5312 49091.8398
  endloop
 endfacet
facet normal -0.809739292 -0.48355636 0.332408667
  outer loop
   vertex 77698.9375 73803.3984 49148.7227
   vertex 77611.2266 73845.4297 48996.2109
   vertex 77647.9688 73773.9375 48981.7109
  endloop
 endfacet
facet normal -0.87315321 -0.0735412315 0.4818663
  outer loop
   vertex 77611.2266 73845.4297 48996.2109
   vertex 77698.9375 73803.3984 49148.7227
   vertex 77656.75 73931.5312 49091.8398
  endloop
 endfacet
facet normal -0.57915163 -0.749920428 0.319691598
  outer loop
   vertex 77698.9375 73803.3984 49148.7227
   vertex 77800.9844 73751.0703 49210.8281
   vertex 77788.4219 73806.7188 49318.6172
  endloop
 endfacet
facet normal -0.556669831 -0.762821019 0.32897228
  outer loop
   vertex 77800.9844 73751.0703 49210.8281
   vertex 77899.4453 73765.5938 49411.1367
   vertex 77788.4219 73806.7188 49318.6172
  endloop
 endfacet
facet normal -0.62220329 -0.627857625 0.46760866
  outer loop
   vertex 77899.4453 73765.5938 49411.1367
   vertex 77863.5078 73852.9062 49480.5508
   vertex 77788.4219 73806.7188 49318.6172
  endloop
 endfacet
facet normal 0.0590657368 -0.997940719 0.025010189
  outer loop
   vertex 77800.9844 73751.0703 49210.8281
   vertex 77725.6484 73745.1484 49152.6875
   vertex 77730.1641 73743.3281 49069.1758
  endloop
 endfacet
facet normal -0.606185317 -0.730755746 0.31390354
  outer loop
   vertex 77730.1641 73743.3281 49069.1758
   vertex 77698.9375 73803.3984 49148.7227
   vertex 77647.9688 73773.9375 48981.7109
  endloop
 endfacet
facet normal -0.907225013 -0.418751091 -0.0398778394
  outer loop
   vertex 77730.1641 73743.3281 49069.1758
   vertex 77725.6484 73745.1484 49152.6875
   vertex 77698.9375 73803.3984 49148.7227
  endloop
 endfacet
facet normal -0.639924824 -0.632039428 0.437061101
  outer loop
   vertex 77596.0391 73727.4297 48606.1055
   vertex 77457.8203 73836.1406 48560.9297
   vertex 77492.0469 73725.8984 48451.6289
  endloop
 endfacet
facet normal -0.66619283 -0.619112194 0.415797114
  outer loop
   vertex 77457.8203 73836.1406 48560.9297
   vertex 77394.1016 73795.0859 48397.7188
   vertex 77492.0469 73725.8984 48451.6289
  endloop
 endfacet
facet normal -0.968182981 -0.110995673 0.224280402
  outer loop
   vertex 77611.2266 73845.4297 48996.2109
   vertex 77578.3359 73941.2422 48901.6445
   vertex 77570.2031 73818.9453 48806.0078
  endloop
 endfacet
facet normal -0.909562647 -0.216766357 0.354553431
  outer loop
   vertex 77494.0781 73948.9766 48690.2188
   vertex 77570.2031 73818.9453 48806.0078
   vertex 77578.3359 73941.2422 48901.6445
  endloop
 endfacet
facet normal -0.840156436 -0.48214215 0.24834682
  outer loop
   vertex 77647.9688 73773.9375 48981.7109
   vertex 77611.2266 73845.4297 48996.2109
   vertex 77570.2031 73818.9453 48806.0078
  endloop
 endfacet
facet normal -0.64760381 -0.721045375 0.246379465
  outer loop
   vertex 77457.8203 73836.1406 48560.9297
   vertex 77596.0391 73727.4297 48606.1055
   vertex 77570.2031 73818.9453 48806.0078
  endloop
 endfacet
facet normal -0.152361855 -0.982486248 0.107268959
  outer loop
   vertex 77710.8047 73735.3984 48842.0859
   vertex 77596.0391 73727.4297 48606.1055
   vertex 77761.0781 73698.7344 48577.707
  endloop
 endfacet
facet normal 0.631489813 -0.774959624 0.0256557036
  outer loop
   vertex 77973.3672 73854.5234 48859.5312
   vertex 77846.9297 73748.8438 48779.3242
   vertex 77892.8125 73779.5078 48576.3516
  endloop
 endfacet
facet normal 0.115442134 -0.993308306 -0.00342798303
  outer loop
   vertex 77730.1641 73743.3281 49069.1758
   vertex 77872.2344 73759.9609 49034.2773
   vertex 77800.9844 73751.0703 49210.8281
  endloop
 endfacet
facet normal 0.236350387 -0.961508274 -0.140144005
  outer loop
   vertex 78041.9375 73744.5312 49492.9453
   vertex 77974.1094 73756.6484 49295.3828
   vertex 78168.8359 73782.6172 49445.6094
  endloop
 endfacet
facet normal -0.124609664 -0.96101284 0.246833399
  outer loop
   vertex 77761.0781 73698.7344 48577.707
   vertex 77596.0391 73727.4297 48606.1055
   vertex 77633.4062 73658.2891 48355.7695
  endloop
 endfacet
facet normal -0.301038325 -0.929777324 0.211872861
  outer loop
   vertex 77596.0391 73727.4297 48606.1055
   vertex 77492.0469 73725.8984 48451.6289
   vertex 77633.4062 73658.2891 48355.7695
  endloop
 endfacet
facet normal -0.542780221 -0.788005471 0.290580392
  outer loop
   vertex 77570.2031 73818.9453 48806.0078
   vertex 77596.0391 73727.4297 48606.1055
   vertex 77710.8047 73735.3984 48842.0859
  endloop
 endfacet
facet normal -0.512059629 -0.858924508 0.00661095697
  outer loop
   vertex 77647.9688 73773.9375 48981.7109
   vertex 77570.2031 73818.9453 48806.0078
   vertex 77710.8047 73735.3984 48842.0859
  endloop
 endfacet
facet normal -0.409760028 -0.909753263 0.0666763932
  outer loop
   vertex 77730.1641 73743.3281 49069.1758
   vertex 77647.9688 73773.9375 48981.7109
   vertex 77710.8047 73735.3984 48842.0859
  endloop
 endfacet
facet normal 0.869094074 -0.283428639 -0.405393213
  outer loop
   vertex 78023.375 74004.1406 48862.1523
   vertex 78078.2734 73941.2109 49023.832
   vertex 77973.3672 73854.5234 48859.5312
  endloop
 endfacet
facet normal 0.173065811 -0.970564008 0.167492449
  outer loop
   vertex 77761.0781 73698.7344 48577.707
   vertex 77846.9297 73748.8438 48779.3242
   vertex 77710.8047 73735.3984 48842.0859
  endloop
 endfacet
facet normal 0.48094523 -0.856922209 -0.185407862
  outer loop
   vertex 78076.875 73845.7344 49168.6602
   vertex 77872.2344 73759.9609 49034.2773
   vertex 77973.3672 73854.5234 48859.5312
  endloop
 endfacet
facet normal -0.138902098 -0.990219831 -0.0130734192
  outer loop
   vertex 77899.4453 73765.5938 49411.1367
   vertex 77974.1094 73756.6484 49295.3828
   vertex 78041.9375 73744.5312 49492.9453
  endloop
 endfacet
facet normal 0.0474068597 -0.998390079 -0.0311426111
  outer loop
   vertex 77872.2344 73759.9609 49034.2773
   vertex 77974.1094 73756.6484 49295.3828
   vertex 77800.9844 73751.0703 49210.8281
  endloop
 endfacet
facet normal 0.363624752 -0.874820411 -0.320103496
  outer loop
   vertex 78168.8359 73782.6172 49445.6094
   vertex 77974.1094 73756.6484 49295.3828
   vertex 78076.875 73845.7344 49168.6602
  endloop
 endfacet
facet normal 0.48810941 -0.849275231 -0.201198488
  outer loop
   vertex 78076.875 73845.7344 49168.6602
   vertex 77974.1094 73756.6484 49295.3828
   vertex 77872.2344 73759.9609 49034.2773
  endloop
 endfacet
facet normal 0.734418869 -0.566963255 -0.373070449
  outer loop
   vertex 78076.875 73845.7344 49168.6602
   vertex 78265.6797 73945.5078 49388.707
   vertex 78168.8359 73782.6172 49445.6094
  endloop
 endfacet
facet normal 0.749195755 -0.523880363 -0.405284017
  outer loop
   vertex 78076.875 73845.7344 49168.6602
   vertex 78144.375 73947.2578 49162.207
   vertex 78265.6797 73945.5078 49388.707
  endloop
 endfacet
facet normal -0.279480487 -0.940700471 0.192284241
  outer loop
   vertex 78194.8672 73735.0625 49668.9219
   vertex 77999.0312 73785.5469 49631.2734
   vertex 78041.9375 73744.5312 49492.9453
  endloop
 endfacet
facet normal 0.510576189 -0.701490343 -0.497215539
  outer loop
   vertex 78455.9375 73875.8438 49617.2969
   vertex 78619.9219 73860.8203 49806.8867
   vertex 78395.3594 73769.3984 49705.2695
  endloop
 endfacet
facet normal 0.609712839 -0.54979831 -0.5709396
  outer loop
   vertex 78577.0156 73926.9688 49697.375
   vertex 78619.9219 73860.8203 49806.8867
   vertex 78455.9375 73875.8438 49617.2969
  endloop
 endfacet
facet normal 0.5803231 -0.689034283 -0.434116185
  outer loop
   vertex 78321.9375 73810.7266 49541.5234
   vertex 78455.9375 73875.8438 49617.2969
   vertex 78395.3594 73769.3984 49705.2695
  endloop
 endfacet
facet normal 0.201593012 -0.952937126 -0.226431265
  outer loop
   vertex 78168.8359 73782.6172 49445.6094
   vertex 78194.8672 73735.0625 49668.9219
   vertex 78041.9375 73744.5312 49492.9453
  endloop
 endfacet
facet normal 0.44843784 -0.741981328 -0.498364568
  outer loop
   vertex 78321.9375 73810.7266 49541.5234
   vertex 78276.0156 73753.2656 49585.75
   vertex 78168.8359 73782.6172 49445.6094
  endloop
 endfacet
facet normal 0.275330245 -0.935842335 -0.219982624
  outer loop
   vertex 78513.7969 73755.7188 49911.6875
   vertex 78341.1484 73722.6953 49836.1094
   vertex 78395.3594 73769.3984 49705.2695
  endloop
 endfacet
facet normal 0.373806119 -0.816402137 -0.440177858
  outer loop
   vertex 78709.1953 73802.1953 49991.4336
   vertex 78513.7969 73755.7188 49911.6875
   vertex 78619.9219 73860.8203 49806.8867
  endloop
 endfacet
facet normal 0.497846544 -0.72759217 -0.471972913
  outer loop
   vertex 78754.3047 73880.6406 49918.082
   vertex 78709.1953 73802.1953 49991.4336
   vertex 78619.9219 73860.8203 49806.8867
  endloop
 endfacet
facet normal -0.244166791 -0.969135344 0.0340479687
  outer loop
   vertex 78120.5156 73757.8906 49785.3789
   vertex 78194.8672 73735.0625 49668.9219
   vertex 78236.5 73731.2812 49859.8945
  endloop
 endfacet
facet normal 0.491796821 -0.796193659 0.352436572
  outer loop
   vertex 77892.8125 73779.5078 48576.3516
   vertex 77761.0781 73698.7344 48577.707
   vertex 77840.7578 73703.0234 48476.2031
  endloop
 endfacet
facet normal 0.522597015 -0.852512956 -0.0106782727
  outer loop
   vertex 77892.8125 73779.5078 48576.3516
   vertex 77846.9297 73748.8438 48779.3242
   vertex 77761.0781 73698.7344 48577.707
  endloop
 endfacet
facet normal 0.575426817 -0.814285934 -0.0763045028
  outer loop
   vertex 77781.4375 73668.5391 48388.2695
   vertex 77778.9844 73682.2266 48223.6797
   vertex 77876.2812 73738.2266 48359.8477
  endloop
 endfacet
facet normal 0.47545886 -0.879464507 0.02193195
  outer loop
   vertex 77866.6328 73730.7656 48269.8633
   vertex 77876.2812 73738.2266 48359.8477
   vertex 77778.9844 73682.2266 48223.6797
  endloop
 endfacet
facet normal -0.00416471204 -0.997221708 0.0743737891
  outer loop
   vertex 77899.4453 73765.5938 49411.1367
   vertex 77800.9844 73751.0703 49210.8281
   vertex 77974.1094 73756.6484 49295.3828
  endloop
 endfacet
facet normal 0.280565649 -0.942722857 0.180434138
  outer loop
   vertex 77840.7578 73703.0234 48476.2031
   vertex 77761.0781 73698.7344 48577.707
   vertex 77781.4375 73668.5391 48388.2695
  endloop
 endfacet
facet normal 0.56728512 -0.819946229 -0.0766537413
  outer loop
   vertex 77740.4766 73646.0703 48325.4805
   vertex 77778.9844 73682.2266 48223.6797
   vertex 77781.4375 73668.5391 48388.2695
  endloop
 endfacet
facet normal 0.789608479 -0.611030221 0.0562189743
  outer loop
   vertex 77892.8125 73779.5078 48576.3516
   vertex 77840.7578 73703.0234 48476.2031
   vertex 77876.2812 73738.2266 48359.8477
  endloop
 endfacet
facet normal 0.576932013 -0.81378293 -0.0700481683
  outer loop
   vertex 77781.4375 73668.5391 48388.2695
   vertex 77876.2812 73738.2266 48359.8477
   vertex 77840.7578 73703.0234 48476.2031
  endloop
 endfacet
facet normal 0.322079599 -0.928108931 0.186758056
  outer loop
   vertex 77633.4062 73658.2891 48355.7695
   vertex 77629.1328 73615.0156 48148.1055
   vertex 77778.9844 73682.2266 48223.6797
  endloop
 endfacet
facet normal -0.214335069 -0.892046511 -0.397886366
  outer loop
   vertex 77633.4062 73658.2891 48355.7695
   vertex 77778.9844 73682.2266 48223.6797
   vertex 77740.4766 73646.0703 48325.4805
  endloop
 endfacet
facet normal 0.989893496 -0.135495216 0.0418556072
  outer loop
   vertex 77843.0156 74021.6875 47997.6992
   vertex 77813.1406 73785.5312 47939.707
   vertex 77849.6562 73986.9141 47727.9609
  endloop
 endfacet
facet normal 0.986365914 0.164537996 0.00308916834
  outer loop
   vertex 77843.0156 74021.6875 47997.6992
   vertex 77849.6562 73986.9141 47727.9609
   vertex 77826.9453 74121.6562 47803.8438
  endloop
 endfacet
facet normal 0.735256732 -0.660559952 -0.151849002
  outer loop
   vertex 77778.9844 73682.2266 48223.6797
   vertex 77679.625 73626.4219 47985.3516
   vertex 77813.1406 73785.5312 47939.707
  endloop
 endfacet
facet normal 0.274143219 -0.956188798 0.102705814
  outer loop
   vertex 77548.4375 73572.3281 47831.9023
   vertex 77679.625 73626.4219 47985.3516
   vertex 77545.0938 73590.4609 48009.5977
  endloop
 endfacet
facet normal 0.848846853 0.406213552 -0.338303924
  outer loop
   vertex 77926.5859 74098.9766 48733.1641
   vertex 78023.375 74004.1406 48862.1523
   vertex 77938.5547 73956.4062 48592.0156
  endloop
 endfacet
facet normal 0.973269641 -0.21267885 -0.0866830871
  outer loop
   vertex 77876.2812 73738.2266 48359.8477
   vertex 77866.6328 73730.7656 48269.8633
   vertex 77881.2344 73815.5469 48225.7383
  endloop
 endfacet
facet normal 0.556252301 -0.728638232 -0.399586976
  outer loop
   vertex 77916.2578 73787.5156 48325.6211
   vertex 77876.2812 73738.2266 48359.8477
   vertex 77881.2344 73815.5469 48225.7383
  endloop
 endfacet
facet normal 0.924247265 -0.381787956 0.00222419272
  outer loop
   vertex 77892.8125 73779.5078 48576.3516
   vertex 77876.2812 73738.2266 48359.8477
   vertex 77917.8438 73839.0547 48394.5586
  endloop
 endfacet
facet normal 0.97215122 -0.067891866 -0.224304914
  outer loop
   vertex 77813.1406 73785.5312 47939.707
   vertex 77843.0156 74021.6875 47997.6992
   vertex 77881.2344 73815.5469 48225.7383
  endloop
 endfacet
facet normal 0.788263857 -0.60263145 -0.124400444
  outer loop
   vertex 77813.1406 73785.5312 47939.707
   vertex 77881.2344 73815.5469 48225.7383
   vertex 77778.9844 73682.2266 48223.6797
  endloop
 endfacet
facet normal 0.991704404 0.0557365604 -0.115826786
  outer loop
   vertex 77843.0156 74021.6875 47997.6992
   vertex 77879.3125 73993.6484 48295.0156
   vertex 77881.2344 73815.5469 48225.7383
  endloop
 endfacet
facet normal 0.598245502 -0.448563099 -0.663998127
  outer loop
   vertex 77881.2344 73815.5469 48225.7383
   vertex 77866.6328 73730.7656 48269.8633
   vertex 77778.9844 73682.2266 48223.6797
  endloop
 endfacet
facet normal 0.924567103 0.294678777 -0.24153696
  outer loop
   vertex 77916.2578 73787.5156 48325.6211
   vertex 77881.2344 73815.5469 48225.7383
   vertex 77917.8438 73839.0547 48394.5586
  endloop
 endfacet
facet normal 0.969722807 0.0975327268 -0.223886251
  outer loop
   vertex 77879.3125 73993.6484 48295.0156
   vertex 77917.8438 73839.0547 48394.5586
   vertex 77881.2344 73815.5469 48225.7383
  endloop
 endfacet
facet normal 0.897375822 0.346217364 -0.273587584
  outer loop
   vertex 77830.6719 74116.7422 48441.0312
   vertex 77926.5859 74098.9766 48733.1641
   vertex 77938.5547 73956.4062 48592.0156
  endloop
 endfacet
facet normal 0.922859848 -0.304368109 -0.235986665
  outer loop
   vertex 78023.375 74004.1406 48862.1523
   vertex 77973.3672 73854.5234 48859.5312
   vertex 77938.5547 73956.4062 48592.0156
  endloop
 endfacet
facet normal 0.950857401 -0.227280378 -0.210270792
  outer loop
   vertex 77892.8125 73779.5078 48576.3516
   vertex 77938.5547 73956.4062 48592.0156
   vertex 77973.3672 73854.5234 48859.5312
  endloop
 endfacet
facet normal -0.733038545 -0.630234957 0.255848289
  outer loop
   vertex 77394.1016 73795.0859 48397.7188
   vertex 77321.4375 73824.4453 48261.8359
   vertex 77431.3828 73709.9922 48294.918
  endloop
 endfacet
facet normal -0.568723619 -0.767528534 0.295725226
  outer loop
   vertex 77484.8984 73634.3125 48144.582
   vertex 77316.8281 73744.5938 48107.5898
   vertex 77371.7188 73628.7812 47912.5664
  endloop
 endfacet
facet normal -0.301550031 -0.929782331 0.211121812
  outer loop
   vertex 77492.0469 73725.8984 48451.6289
   vertex 77431.3828 73709.9922 48294.918
   vertex 77633.4062 73658.2891 48355.7695
  endloop
 endfacet
facet normal -0.134354621 -0.958494842 0.251468569
  outer loop
   vertex 77484.8984 73634.3125 48144.582
   vertex 77545.0938 73590.4609 48009.5977
   vertex 77629.1328 73615.0156 48148.1055
  endloop
 endfacet
facet normal -0.600276411 -0.750411153 0.276679248
  outer loop
   vertex 77154.3125 73794.3906 47890.0508
   vertex 77371.7188 73628.7812 47912.5664
   vertex 77316.8281 73744.5938 48107.5898
  endloop
 endfacet
facet normal -0.726237893 -0.601394296 0.333021671
  outer loop
   vertex 77321.4375 73824.4453 48261.8359
   vertex 77316.8281 73744.5938 48107.5898
   vertex 77431.3828 73709.9922 48294.918
  endloop
 endfacet
facet normal -0.658272386 -0.679577529 0.323808402
  outer loop
   vertex 77492.0469 73725.8984 48451.6289
   vertex 77394.1016 73795.0859 48397.7188
   vertex 77431.3828 73709.9922 48294.918
  endloop
 endfacet
facet normal -0.134685144 -0.969495475 0.20478873
  outer loop
   vertex 77629.1328 73615.0156 48148.1055
   vertex 77633.4062 73658.2891 48355.7695
   vertex 77484.8984 73634.3125 48144.582
  endloop
 endfacet
facet normal -0.326095939 -0.885906041 0.329896808
  outer loop
   vertex 77431.3828 73709.9922 48294.918
   vertex 77484.8984 73634.3125 48144.582
   vertex 77633.4062 73658.2891 48355.7695
  endloop
 endfacet
facet normal -0.567914367 -0.798469663 0.199798569
  outer loop
   vertex 77431.3828 73709.9922 48294.918
   vertex 77316.8281 73744.5938 48107.5898
   vertex 77484.8984 73634.3125 48144.582
  endloop
 endfacet
facet normal -0.302384019 -0.937929928 0.169856906
  outer loop
   vertex 77545.0938 73590.4609 48009.5977
   vertex 77484.8984 73634.3125 48144.582
   vertex 77371.7188 73628.7812 47912.5664
  endloop
 endfacet
facet normal -0.584478974 -0.715180218 0.383277446
  outer loop
   vertex 77154.3125 73794.3906 47890.0508
   vertex 77181.7344 73663.5469 47687.7227
   vertex 77371.7188 73628.7812 47912.5664
  endloop
 endfacet
facet normal -0.532569349 -0.741811812 0.407535434
  outer loop
   vertex 77154.3125 73794.3906 47890.0508
   vertex 76972.1562 73814.6172 47688.8359
   vertex 77181.7344 73663.5469 47687.7227
  endloop
 endfacet
facet normal -0.556377649 -0.774064898 0.30210501
  outer loop
   vertex 77005.9219 73717.4609 47502.0586
   vertex 77181.7344 73663.5469 47687.7227
   vertex 76972.1562 73814.6172 47688.8359
  endloop
 endfacet
facet normal -0.435066938 -0.887058079 0.15441744
  outer loop
   vertex 77005.9219 73717.4609 47502.0586
   vertex 77236.2578 73591.625 47428.1719
   vertex 77181.7344 73663.5469 47687.7227
  endloop
 endfacet
facet normal -0.192371607 -0.950560153 0.243779659
  outer loop
   vertex 77548.4375 73572.3281 47831.9023
   vertex 77371.7188 73628.7812 47912.5664
   vertex 77398.5938 73561.8828 47672.9102
  endloop
 endfacet
facet normal -0.404151708 -0.891742408 0.20360963
  outer loop
   vertex 77181.7344 73663.5469 47687.7227
   vertex 77398.5938 73561.8828 47672.9102
   vertex 77371.7188 73628.7812 47912.5664
  endloop
 endfacet
facet normal 0.782395184 -0.458378345 -0.42160058
  outer loop
   vertex 77809.7266 73800.125 47242.6406
   vertex 77848.0156 73789.0938 47325.6953
   vertex 77720.5156 73667.875 47220.8672
  endloop
 endfacet
facet normal 0.646908343 -0.759432971 0.0690738335
  outer loop
   vertex 77704.0469 73631.4062 47741.2969
   vertex 77641.1719 73559.9531 47544.5859
   vertex 77764.9688 73667.1016 47563.2422
  endloop
 endfacet
facet normal 0.372694701 -0.221783608 -0.901060879
  outer loop
   vertex 77130.625 73716.3516 46988.3359
   vertex 77119.2656 73765.0781 46971.6445
   vertex 77264.1641 73709.9531 47045.1484
  endloop
 endfacet
facet normal 0.118945934 -0.38288179 -0.916107774
  outer loop
   vertex 77264.1641 73709.9531 47045.1484
   vertex 77370.2891 73889.8125 46983.7539
   vertex 77493.0859 73777.2734 47046.7344
  endloop
 endfacet
facet normal -0.116967782 -0.992426574 -0.03752435
  outer loop
   vertex 77266.75 73595.8984 47220.1094
   vertex 77236.2578 73591.625 47428.1719
   vertex 77142.6953 73609.0312 47259.4766
  endloop
 endfacet
facet normal -0.108297847 -0.955474555 -0.274481148
  outer loop
   vertex 77266.75 73595.8984 47220.1094
   vertex 77440.3281 73592.625 47163.0156
   vertex 77441.1953 73547.5938 47319.4258
  endloop
 endfacet
facet normal -0.237404525 -0.969868779 -0.0547143146
  outer loop
   vertex 77266.75 73595.8984 47220.1094
   vertex 77441.1953 73547.5938 47319.4258
   vertex 77236.2578 73591.625 47428.1719
  endloop
 endfacet
facet normal 0.558311224 -0.828155279 -0.0494711883
  outer loop
   vertex 77590.7891 73546.9375 47395.2539
   vertex 77612.9766 73571.6562 47232
   vertex 77729.9219 73641.0703 47389.7422
  endloop
 endfacet
facet normal 0.0126752993 -0.888183355 -0.459314317
  outer loop
   vertex 77100.1172 73652.9375 47150.8789
   vertex 77081.8438 73714.0703 47032.1602
   vertex 77264.1641 73709.9531 47045.1484
  endloop
 endfacet
facet normal -0.0601450875 -0.83660835 -0.544489741
  outer loop
   vertex 77266.75 73595.8984 47220.1094
   vertex 77100.1172 73652.9375 47150.8789
   vertex 77264.1641 73709.9531 47045.1484
  endloop
 endfacet
facet normal -0.191189274 -0.82355535 -0.534044266
  outer loop
   vertex 77264.1641 73709.9531 47045.1484
   vertex 77440.3281 73592.625 47163.0156
   vertex 77266.75 73595.8984 47220.1094
  endloop
 endfacet
facet normal 0.55116725 0.14273043 -0.822096527
  outer loop
   vertex 77238.6562 74142.7188 46930.2344
   vertex 77334.8906 74201.8047 47005.0156
   vertex 77287.3047 74035.375 46944.2148
  endloop
 endfacet
facet normal 0.294082224 0.252653718 -0.921781838
  outer loop
   vertex 77444.5 74037.9922 46995.082
   vertex 77287.3047 74035.375 46944.2148
   vertex 77334.8906 74201.8047 47005.0156
  endloop
 endfacet
facet normal -0.176256597 -0.106674753 -0.978546917
  outer loop
   vertex 77119.2656 73765.0781 46971.6445
   vertex 76976.7266 73839.5 46989.207
   vertex 77167.4062 73888.2891 46949.543
  endloop
 endfacet
facet normal -0.0867222175 -0.402079165 -0.911488652
  outer loop
   vertex 77016.4062 73977.1641 46924.7031
   vertex 77167.4062 73888.2891 46949.543
   vertex 76976.7266 73839.5 46989.207
  endloop
 endfacet
facet normal 0.155331716 -0.399968505 -0.903270304
  outer loop
   vertex 77370.2891 73889.8125 46983.7539
   vertex 77264.1641 73709.9531 47045.1484
   vertex 77167.4062 73888.2891 46949.543
  endloop
 endfacet
facet normal 0.341279715 -0.293546855 -0.892949283
  outer loop
   vertex 77119.2656 73765.0781 46971.6445
   vertex 77167.4062 73888.2891 46949.543
   vertex 77264.1641 73709.9531 47045.1484
  endloop
 endfacet
facet normal 0.165113106 -0.169783473 -0.971550941
  outer loop
   vertex 77167.4062 73888.2891 46949.543
   vertex 77287.3047 74035.375 46944.2148
   vertex 77370.2891 73889.8125 46983.7539
  endloop
 endfacet
facet normal 0.319201708 -0.173130885 -0.931738138
  outer loop
   vertex 77535.75 73933.1172 47032.3906
   vertex 77493.0859 73777.2734 47046.7344
   vertex 77370.2891 73889.8125 46983.7539
  endloop
 endfacet
facet normal 0.307332993 -0.737577856 -0.601269782
  outer loop
   vertex 77574.0312 73512.625 47568.3281
   vertex 77495.2109 73526.8672 47510.5664
   vertex 77641.1719 73559.9531 47544.5859
  endloop
 endfacet
facet normal 0.308083028 -0.0818309486 -0.947833598
  outer loop
   vertex 77287.3047 74035.375 46944.2148
   vertex 77444.5 74037.9922 46995.082
   vertex 77370.2891 73889.8125 46983.7539
  endloop
 endfacet
facet normal 0.596179903 0.0733808726 -0.799490333
  outer loop
   vertex 77535.75 73933.1172 47032.3906
   vertex 77646.7188 74025.2109 47123.5938
   vertex 77647.9688 73850.2344 47108.4648
  endloop
 endfacet
facet normal 0.664955854 -0.0643390417 -0.744106293
  outer loop
   vertex 77552.4453 74034.3594 47038.5586
   vertex 77646.7188 74025.2109 47123.5938
   vertex 77535.75 73933.1172 47032.3906
  endloop
 endfacet
facet normal 0.299778253 -0.077440165 -0.950860679
  outer loop
   vertex 77370.2891 73889.8125 46983.7539
   vertex 77444.5 74037.9922 46995.082
   vertex 77535.75 73933.1172 47032.3906
  endloop
 endfacet
facet normal 0.855610728 -0.511860669 0.0769999623
  outer loop
   vertex 77839.0625 73778.0938 47477.7422
   vertex 77827.5156 73787.2891 47667.2227
   vertex 77764.9688 73667.1016 47563.2422
  endloop
 endfacet
facet normal 0.667292058 -0.341138631 -0.662076831
  outer loop
   vertex 77731.625 73779.9922 47174.293
   vertex 77809.7266 73800.125 47242.6406
   vertex 77720.5156 73667.875 47220.8672
  endloop
 endfacet
facet normal 0.640602827 0.375516444 -0.669787586
  outer loop
   vertex 77532.2188 74130.5547 47073.1445
   vertex 77646.7188 74025.2109 47123.5938
   vertex 77552.4453 74034.3594 47038.5586
  endloop
 endfacet
facet normal 0.668239415 0.540223658 -0.511482656
  outer loop
   vertex 77872.0625 73852.2344 47298.1328
   vertex 77895.3672 73848.2578 47324.3789
   vertex 77896.6016 73833.8203 47310.7383
  endloop
 endfacet
facet normal 0.622250319 0.0843995661 -0.778255224
  outer loop
   vertex 77786.3359 73921.7109 47237.1211
   vertex 77872.0625 73852.2344 47298.1328
   vertex 77809.7266 73800.125 47242.6406
  endloop
 endfacet
facet normal 0.77224654 -0.477200806 -0.419421881
  outer loop
   vertex 77848.0156 73789.0938 47325.6953
   vertex 77809.7266 73800.125 47242.6406
   vertex 77872.0625 73852.2344 47298.1328
  endloop
 endfacet
facet normal 0.128870547 -0.437561601 -0.889905751
  outer loop
   vertex 77848.0156 73789.0938 47325.6953
   vertex 77872.0625 73852.2344 47298.1328
   vertex 77896.6016 73833.8203 47310.7383
  endloop
 endfacet
facet normal 0.639231682 -0.498550445 0.585517108
  outer loop
   vertex 77895.3672 73848.2578 47324.3789
   vertex 77848.0156 73789.0938 47325.6953
   vertex 77896.6016 73833.8203 47310.7383
  endloop
 endfacet
facet normal 0.953600466 -0.29226163 0.0723140761
  outer loop
   vertex 77839.0625 73778.0938 47477.7422
   vertex 77871.5859 73902.5859 47551.9492
   vertex 77827.5156 73787.2891 47667.2227
  endloop
 endfacet
facet normal 0.965085685 -0.168168992 0.200820446
  outer loop
   vertex 77871.5859 73902.5859 47551.9492
   vertex 77849.6562 73986.9141 47727.9609
   vertex 77827.5156 73787.2891 47667.2227
  endloop
 endfacet
facet normal 0.990750372 -0.125566319 0.0514466129
  outer loop
   vertex 77813.1406 73785.5312 47939.707
   vertex 77827.5156 73787.2891 47667.2227
   vertex 77849.6562 73986.9141 47727.9609
  endloop
 endfacet
facet normal -0.794393778 -0.288601667 -0.534460068
  outer loop
   vertex 77612.9766 73571.6562 47232
   vertex 77648.2734 73591.1016 47169.043
   vertex 77651.7812 73555.2969 47183.1641
  endloop
 endfacet
facet normal -0.00442502648 -0.954743981 -0.297395974
  outer loop
   vertex 77612.9766 73571.6562 47232
   vertex 77566.4844 73600.1172 47141.3242
   vertex 77648.2734 73591.1016 47169.043
  endloop
 endfacet
facet normal 0.656614125 0.0790360793 -0.750074089
  outer loop
   vertex 77647.9688 73850.2344 47108.4648
   vertex 77786.3359 73921.7109 47237.1211
   vertex 77731.625 73779.9922 47174.293
  endloop
 endfacet
facet normal 0.642793 0.0891425982 -0.760835588
  outer loop
   vertex 77809.7266 73800.125 47242.6406
   vertex 77731.625 73779.9922 47174.293
   vertex 77786.3359 73921.7109 47237.1211
  endloop
 endfacet
facet normal 0.424559146 -0.145121768 -0.893694103
  outer loop
   vertex 77493.0859 73777.2734 47046.7344
   vertex 77647.9688 73850.2344 47108.4648
   vertex 77621.3281 73689.8906 47121.8477
  endloop
 endfacet
facet normal 0.481601983 -0.861826718 0.159104526
  outer loop
   vertex 77565.875 73536.75 47646.8086
   vertex 77641.1719 73559.9531 47544.5859
   vertex 77704.0469 73631.4062 47741.2969
  endloop
 endfacet
facet normal 0.741821408 -0.654676616 -0.145256653
  outer loop
   vertex 77848.0156 73789.0938 47325.6953
   vertex 77729.9219 73641.0703 47389.7422
   vertex 77720.5156 73667.875 47220.8672
  endloop
 endfacet
facet normal 0.443149656 -0.201699376 -0.873461962
  outer loop
   vertex 77493.0859 73777.2734 47046.7344
   vertex 77535.75 73933.1172 47032.3906
   vertex 77647.9688 73850.2344 47108.4648
  endloop
 endfacet
facet normal -0.00619875686 -0.960957527 -0.276626378
  outer loop
   vertex 77440.3281 73592.625 47163.0156
   vertex 77612.9766 73571.6562 47232
   vertex 77441.1953 73547.5938 47319.4258
  endloop
 endfacet
facet normal 0.546111226 -0.535810471 0.643948495
  outer loop
   vertex 77667.6484 73575.6016 47188.9258
   vertex 77720.5156 73667.875 47220.8672
   vertex 77612.9766 73571.6562 47232
  endloop
 endfacet
facet normal 0.104100794 -0.331893146 -0.937555313
  outer loop
   vertex 77264.1641 73709.9531 47045.1484
   vertex 77493.0859 73777.2734 47046.7344
   vertex 77481.0859 73656.0938 47088.2969
  endloop
 endfacet
facet normal 0.655980587 -0.754531503 -0.019280158
  outer loop
   vertex 77729.9219 73641.0703 47389.7422
   vertex 77764.9688 73667.1016 47563.2422
   vertex 77641.1719 73559.9531 47544.5859
  endloop
 endfacet
facet normal 0.809752345 -0.56335634 0.164105982
  outer loop
   vertex 77827.5156 73787.2891 47667.2227
   vertex 77704.0469 73631.4062 47741.2969
   vertex 77764.9688 73667.1016 47563.2422
  endloop
 endfacet
facet normal 0.617796302 -0.731284142 0.289052278
  outer loop
   vertex 77565.875 73536.75 47646.8086
   vertex 77574.0312 73512.625 47568.3281
   vertex 77641.1719 73559.9531 47544.5859
  endloop
 endfacet
facet normal 0.792023122 -0.60931778 0.0378314927
  outer loop
   vertex 77827.5156 73787.2891 47667.2227
   vertex 77813.1406 73785.5312 47939.707
   vertex 77704.0469 73631.4062 47741.2969
  endloop
 endfacet
facet normal 0.773464262 -0.630546868 0.0645265132
  outer loop
   vertex 77679.625 73626.4219 47985.3516
   vertex 77704.0469 73631.4062 47741.2969
   vertex 77813.1406 73785.5312 47939.707
  endloop
 endfacet
facet normal 0.00472347019 -0.953402102 -0.301665574
  outer loop
   vertex 77566.4844 73600.1172 47141.3242
   vertex 77612.9766 73571.6562 47232
   vertex 77440.3281 73592.625 47163.0156
  endloop
 endfacet
facet normal 0.363699645 -0.931353927 0.0173888877
  outer loop
   vertex 77679.625 73626.4219 47985.3516
   vertex 77548.4375 73572.3281 47831.9023
   vertex 77704.0469 73631.4062 47741.2969
  endloop
 endfacet
facet normal 0.451202929 -0.867536366 0.209276304
  outer loop
   vertex 77548.4375 73572.3281 47831.9023
   vertex 77565.875 73536.75 47646.8086
   vertex 77704.0469 73631.4062 47741.2969
  endloop
 endfacet
facet normal 0.781908154 -0.62339294 0.000959171797
  outer loop
   vertex 77848.0156 73789.0938 47325.6953
   vertex 77839.0625 73778.0938 47477.7422
   vertex 77729.9219 73641.0703 47389.7422
  endloop
 endfacet
facet normal 0.802499354 -0.592140734 -0.0732401237
  outer loop
   vertex 77764.9688 73667.1016 47563.2422
   vertex 77729.9219 73641.0703 47389.7422
   vertex 77839.0625 73778.0938 47477.7422
  endloop
 endfacet
facet normal -0.119236954 -0.977035046 0.176593095
  outer loop
   vertex 77398.5938 73561.8828 47672.9102
   vertex 77565.875 73536.75 47646.8086
   vertex 77548.4375 73572.3281 47831.9023
  endloop
 endfacet
facet normal -0.342365652 -0.90749377 0.243394434
  outer loop
   vertex 77495.2109 73526.8672 47510.5664
   vertex 77574.0312 73512.625 47568.3281
   vertex 77565.875 73536.75 47646.8086
  endloop
 endfacet
facet normal -0.126276731 -0.982522726 0.136759996
  outer loop
   vertex 77398.5938 73561.8828 47672.9102
   vertex 77495.2109 73526.8672 47510.5664
   vertex 77565.875 73536.75 47646.8086
  endloop
 endfacet
facet normal 0.553506911 -0.824884355 -0.114873528
  outer loop
   vertex 77590.7891 73546.9375 47395.2539
   vertex 77729.9219 73641.0703 47389.7422
   vertex 77641.1719 73559.9531 47544.5859
  endloop
 endfacet
facet normal 0.218557626 -0.975758851 0.0112782829
  outer loop
   vertex 77590.7891 73546.9375 47395.2539
   vertex 77641.1719 73559.9531 47544.5859
   vertex 77495.2109 73526.8672 47510.5664
  endloop
 endfacet
facet normal 0.0584979355 -0.990561485 -0.123959407
  outer loop
   vertex 77590.7891 73546.9375 47395.2539
   vertex 77495.2109 73526.8672 47510.5664
   vertex 77441.1953 73547.5938 47319.4258
  endloop
 endfacet
facet normal 0.066868417 -0.987827301 -0.140448824
  outer loop
   vertex 77441.1953 73547.5938 47319.4258
   vertex 77612.9766 73571.6562 47232
   vertex 77590.7891 73546.9375 47395.2539
  endloop
 endfacet
facet normal -0.0708749071 -0.740814269 -0.667960286
  outer loop
   vertex 77440.3281 73592.625 47163.0156
   vertex 77481.0859 73656.0938 47088.2969
   vertex 77566.4844 73600.1172 47141.3242
  endloop
 endfacet
facet normal 0.264527023 -0.356016427 -0.896257639
  outer loop
   vertex 77566.4844 73600.1172 47141.3242
   vertex 77621.3281 73689.8906 47121.8477
   vertex 77648.2734 73591.1016 47169.043
  endloop
 endfacet
facet normal 0.294954479 -0.336019903 -0.894478858
  outer loop
   vertex 77481.0859 73656.0938 47088.2969
   vertex 77493.0859 73777.2734 47046.7344
   vertex 77621.3281 73689.8906 47121.8477
  endloop
 endfacet
facet normal 0.592105091 -0.244781643 -0.767784774
  outer loop
   vertex 77667.6484 73575.6016 47188.9258
   vertex 77651.7812 73555.2969 47183.1641
   vertex 77648.2734 73591.1016 47169.043
  endloop
 endfacet
facet normal 0.661281407 -0.122696273 -0.740035474
  outer loop
   vertex 77720.5156 73667.875 47220.8672
   vertex 77667.6484 73575.6016 47188.9258
   vertex 77648.2734 73591.1016 47169.043
  endloop
 endfacet
facet normal 0.680175066 -0.156615257 -0.716123939
  outer loop
   vertex 77621.3281 73689.8906 47121.8477
   vertex 77720.5156 73667.875 47220.8672
   vertex 77648.2734 73591.1016 47169.043
  endloop
 endfacet
facet normal 0.620862961 -0.352394819 -0.700247884
  outer loop
   vertex 77731.625 73779.9922 47174.293
   vertex 77720.5156 73667.875 47220.8672
   vertex 77621.3281 73689.8906 47121.8477
  endloop
 endfacet
endsolid MATLAB_1
