solid MATLAB_1
facet normal 0.124699958 -0.990684211 -0.0547237992
  outer loop
   vertex 66990.5625 66134.9297 31016.2363
   vertex 66896.4141 66114.4609 31172.1621
   vertex 66786.6797 66113.2422 30944.1621
  endloop
 endfacet
facet normal -0.702439368 0.641467988 -0.308379233
  outer loop
   vertex 66485.6953 67558.6406 32530.6387
   vertex 66527.2422 67757.9531 32850.6094
   vertex 66635.4766 67807.1406 32706.3887
  endloop
 endfacet
facet normal -0.841031134 0.501400948 -0.203134775
  outer loop
   vertex 66485.6953 67558.6406 32530.6387
   vertex 66349.0781 67460.2344 32853.3906
   vertex 66527.2422 67757.9531 32850.6094
  endloop
 endfacet
facet normal -0.451702893 0.205461293 -0.868187845
  outer loop
   vertex 66412.2578 66108.375 30968.6426
   vertex 66396.1172 66111.1562 30977.6953
   vertex 66400.6641 66160.8281 30987.0859
  endloop
 endfacet
facet normal 0.341887027 0.27969864 -0.897152126
  outer loop
   vertex 67259.9688 66666.7031 30978.3711
   vertex 67190.4375 66395.1562 30867.2188
   vertex 67150.8125 66492.7188 30882.5352
  endloop
 endfacet
facet normal 0.41378814 -0.87651515 0.24596861
  outer loop
   vertex 67489.375 66985.6953 33185.7031
   vertex 67229.3359 66814.25 33012.2188
   vertex 67443.4609 66885.4141 32905.5898
  endloop
 endfacet
facet normal -0.748303115 -0.286253005 0.598415911
  outer loop
   vertex 65929.9219 66466.75 31930.8672
   vertex 65843.8281 66570.8359 31873.002
   vertex 65841.0234 66376.0391 31776.3145
  endloop
 endfacet
facet normal 0.786560535 0.61418736 0.0640032589
  outer loop
   vertex 65841.2109 68575.5547 34793.1523
   vertex 65850.4453 68558.0547 34847.6094
   vertex 65857.6719 68556.9453 34769.5078
  endloop
 endfacet
facet normal -0.739248157 0.27488035 0.614778757
  outer loop
   vertex 65526.9883 66287.8125 31543.8535
   vertex 65656.5312 66384.3672 31656.4531
   vertex 65524.918 66342.6016 31516.8652
  endloop
 endfacet
facet normal -0.190922976 -0.941486001 -0.277763426
  outer loop
   vertex 65317.0391 67669.8203 34375.1992
   vertex 65410.5156 67608.7422 34517.9648
   vertex 65327.125 67638.2891 34475.1445
  endloop
 endfacet
facet normal -0.486159146 -0.599318326 -0.635977089
  outer loop
   vertex 65489.3359 66264.4844 31497.4863
   vertex 65578.7031 66273.9688 31420.2383
   vertex 65514.0195 66244.2031 31497.7266
  endloop
 endfacet
facet normal 0.660840452 -0.148082525 0.735772729
  outer loop
   vertex 65967.7891 68204.2969 34787.7578
   vertex 65807.1016 68201.1406 34931.4492
   vertex 65899.9688 68009.2031 34809.4062
  endloop
 endfacet
facet normal -0.445962906 0.892369807 0.0692327693
  outer loop
   vertex 66682.6328 68180.7422 33719.4492
   vertex 66623.2031 68158.7344 33620.2109
   vertex 66503.4844 68099.3359 33614.6602
  endloop
 endfacet
facet normal -0.0144813778 -0.218103588 0.975818157
  outer loop
   vertex 65596.3047 68481.2891 35055.0234
   vertex 65603.3438 68428.7969 35043.3945
   vertex 65695.3594 68408.2266 35040.1641
  endloop
 endfacet
facet normal -0.148483738 -0.38645196 0.910278797
  outer loop
   vertex 65647.2031 68536.6641 35086.8359
   vertex 65596.3047 68481.2891 35055.0234
   vertex 65695.3594 68408.2266 35040.1641
  endloop
 endfacet
facet normal -0.00284209498 -0.990305364 0.13887842
  outer loop
   vertex 65864.625 67431.0078 34230.5781
   vertex 65688.6328 67438.9609 34283.6875
   vertex 65663.7031 67417.2578 34128.4492
  endloop
 endfacet
facet normal -0.438497216 0.498752654 -0.747640252
  outer loop
   vertex 65444.1641 67985.4609 34117.6016
   vertex 65407.7227 67814.3828 34024.8477
   vertex 65344.8086 67866.8047 34096.7188
  endloop
 endfacet
facet normal 0.222422361 0.963091671 0.151600555
  outer loop
   vertex 66432.7109 68136.4531 34082.9648
   vertex 66195.9922 68168.9453 34223.8398
   vertex 66354.0469 68139.7734 34177.2812
  endloop
 endfacet
facet normal 0.145924523 0.989148855 0.0170461629
  outer loop
   vertex 66432.7109 68136.4531 34082.9648
   vertex 66327.8125 68152.7969 34032.4492
   vertex 66195.9922 68168.9453 34223.8398
  endloop
 endfacet
facet normal 0.062619634 0.996416986 -0.0568504557
  outer loop
   vertex 68147.0391 68500.3594 33135.7969
   vertex 68401.7188 68483.0547 33112.9727
   vertex 68235.2422 68477.2969 32828.8008
  endloop
 endfacet
facet normal -0.265238762 -0.821200728 -0.505250216
  outer loop
   vertex 66076.4219 66174.6172 31282.9336
   vertex 65792.7656 66196.7344 31395.8848
   vertex 65824.9297 66247.2578 31296.8926
  endloop
 endfacet
facet normal -0.201459974 0.883270383 -0.423376083
  outer loop
   vertex 68392.6562 68243.2656 31838.3828
   vertex 68419.2422 68210.9453 31758.3164
   vertex 68343.0234 68212.4141 31797.6387
  endloop
 endfacet
facet normal 0.968751132 0.227310419 0.0992534831
  outer loop
   vertex 69146.4141 68162.6562 32218.2617
   vertex 69122.9297 68237.3047 32276.5137
   vertex 69135.0938 68144.8516 32369.4746
  endloop
 endfacet
facet normal 0.97985816 0.190187603 0.0608825721
  outer loop
   vertex 69090.9219 68327.4141 32510.2207
   vertex 69135.0938 68144.8516 32369.4746
   vertex 69122.9297 68237.3047 32276.5137
  endloop
 endfacet
facet normal -0.283335507 0.863105595 -0.4180547
  outer loop
   vertex 68471.7344 67790.5859 30990.8965
   vertex 68387.4297 67888.125 31249.4141
   vertex 68633.1484 67985.0469 31282.9688
  endloop
 endfacet
facet normal -0.96356523 -0.264320225 -0.0409495495
  outer loop
   vertex 65306.5664 67733.3438 34211.5703
   vertex 65317.0391 67669.8203 34375.1992
   vertex 65278.4805 67816.1406 34338.0703
  endloop
 endfacet
facet normal -0.951456487 -0.302541196 -0.0565633029
  outer loop
   vertex 65341.4844 67622.5859 34216.6367
   vertex 65317.0391 67669.8203 34375.1992
   vertex 65306.5664 67733.3438 34211.5703
  endloop
 endfacet
facet normal -0.703985155 0.548158944 -0.451582432
  outer loop
   vertex 65894.5625 66608.7891 31442.7402
   vertex 65899.1875 66701.5859 31548.1699
   vertex 65921.6328 66709.2344 31522.4746
  endloop
 endfacet
facet normal -0.554878891 0.762998581 -0.3315759
  outer loop
   vertex 66634.0938 68031.5938 33192.5273
   vertex 66523.7656 67930.2578 33143.9805
   vertex 66478.8203 67943.4219 33249.4844
  endloop
 endfacet
facet normal -0.156640768 -0.653481841 0.740557313
  outer loop
   vertex 65656.5312 66384.3672 31656.4531
   vertex 65526.9883 66287.8125 31543.8535
   vertex 65646.0469 66270.0625 31553.3691
  endloop
 endfacet
facet normal -0.466064811 -0.568573773 0.677869797
  outer loop
   vertex 65656.5312 66384.3672 31656.4531
   vertex 65646.0469 66270.0625 31553.3691
   vertex 65841.0234 66376.0391 31776.3145
  endloop
 endfacet
facet normal -0.261007339 -0.799754977 -0.540617406
  outer loop
   vertex 65824.9297 66247.2578 31296.8926
   vertex 66178.4141 66249.2969 31123.2109
   vertex 66076.4219 66174.6172 31282.9336
  endloop
 endfacet
facet normal -0.409739971 -0.155594215 -0.898834586
  outer loop
   vertex 66094.625 66526.0859 31144.291
   vertex 66162.2578 66452.5469 31126.1914
   vertex 66073.1406 66510.2812 31156.8203
  endloop
 endfacet
facet normal 0.252685487 -0.954915166 -0.155843258
  outer loop
   vertex 65578.7031 66273.9688 31420.2383
   vertex 65646.0469 66270.0625 31553.3691
   vertex 65514.0195 66244.2031 31497.7266
  endloop
 endfacet
facet normal -0.0947787464 -0.926841259 0.363293648
  outer loop
   vertex 66475.3516 66113.5 31004.3574
   vertex 66341.5469 66136.9375 31029.2461
   vertex 66396.1172 66111.1562 30977.6953
  endloop
 endfacet
facet normal -0.180729866 -0.982435942 -0.046436917
  outer loop
   vertex 66475.3516 66113.5 31004.3574
   vertex 66314.5938 66136.4219 31145.0703
   vertex 66341.5469 66136.9375 31029.2461
  endloop
 endfacet
facet normal 0.556899607 -0.799015701 -0.226796627
  outer loop
   vertex 65720.0547 66168.4453 31317.0352
   vertex 65824.9297 66247.2578 31296.8926
   vertex 65792.7656 66196.7344 31395.8848
  endloop
 endfacet
facet normal -0.622313321 -0.714607954 0.319470793
  outer loop
   vertex 65495.3125 66319.4531 31409.5977
   vertex 65493.8008 66331.6406 31433.9141
   vertex 65479.4688 66332.8047 31408.6016
  endloop
 endfacet
facet normal -0.381826311 -0.806338847 0.45169273
  outer loop
   vertex 66413.0078 66347.8125 31972.4922
   vertex 66363.0391 66299.3906 31843.8145
   vertex 66425.2891 66323.4609 31939.4141
  endloop
 endfacet
facet normal 0.915843427 0.102910124 0.388124079
  outer loop
   vertex 65966.7344 68358.9297 34749.2461
   vertex 65880.5312 68385.1562 34945.6953
   vertex 65967.7891 68204.2969 34787.7578
  endloop
 endfacet
facet normal -0.87326473 0.241980746 0.422911346
  outer loop
   vertex 66080.9219 66544.7734 31153.1543
   vertex 66073.1406 66510.2812 31156.8203
   vertex 66129.0703 66587.6094 31228.0625
  endloop
 endfacet
facet normal -0.680253565 -0.0595859326 0.730550885
  outer loop
   vertex 66110.1719 66598.3438 32123.252
   vertex 66055.2734 66820.6094 32090.2617
   vertex 65843.8281 66570.8359 31873.002
  endloop
 endfacet
facet normal -0.66897589 -0.148427516 0.728313446
  outer loop
   vertex 66110.1719 66598.3438 32123.252
   vertex 65843.8281 66570.8359 31873.002
   vertex 65929.9219 66466.75 31930.8672
  endloop
 endfacet
facet normal -0.131995559 0.666278541 -0.733927846
  outer loop
   vertex 65630.8438 66453.3203 31490.875
   vertex 65535.5156 66352.4531 31416.4492
   vertex 65517.2266 66377.7344 31442.6855
  endloop
 endfacet
facet normal -0.257751584 0.416421652 -0.871869922
  outer loop
   vertex 66630.8906 66562.0703 31061.1055
   vertex 66949.5547 66506.5781 30940.3906
   vertex 66739.4688 66339.7734 30922.834
  endloop
 endfacet
facet normal -0.674800158 0.614254296 -0.40906769
  outer loop
   vertex 66334.4688 67225.2422 32221.7656
   vertex 66470.3125 67442.1953 32323.4512
   vertex 66492.7734 67375.875 32186.8203
  endloop
 endfacet
facet normal -0.290054679 0.811567008 -0.507175744
  outer loop
   vertex 66560.6562 67254.1875 31928.2109
   vertex 66843.2656 67149.8906 31599.6953
   vertex 66507.7578 67025.2344 31592.0957
  endloop
 endfacet
facet normal -0.347602099 -0.926825941 -0.142008737
  outer loop
   vertex 68385.7656 66788.2266 30423.6602
   vertex 68287.2969 66799.0547 30593.9961
   vertex 68361.0156 66805.9922 30368.2598
  endloop
 endfacet
facet normal 0.425673395 -0.894029856 0.139688194
  outer loop
   vertex 66990.5625 66134.9297 31016.2363
   vertex 67121.9688 66219.9531 31159.9922
   vertex 66896.4141 66114.4609 31172.1621
  endloop
 endfacet
facet normal 0.477416515 -0.874927104 0.0810927004
  outer loop
   vertex 66990.5625 66134.9297 31016.2363
   vertex 67126.7031 66205.7344 30978.7188
   vertex 67121.9688 66219.9531 31159.9922
  endloop
 endfacet
facet normal 0.19888106 -0.89705348 0.394640803
  outer loop
   vertex 66645.1719 66317.75 31838.877
   vertex 66794.7266 66261.8047 31636.3359
   vertex 67009.6328 66465.3516 31990.7188
  endloop
 endfacet
facet normal -0.48600933 -0.508295238 0.710936606
  outer loop
   vertex 65929.9219 66466.75 31930.8672
   vertex 65943.2656 66399.9453 31892.2305
   vertex 65997.9297 66445.2656 31962.002
  endloop
 endfacet
facet normal 0.494176984 -0.838327706 0.230208039
  outer loop
   vertex 68379.9922 67324.8594 32429.3516
   vertex 68144.8984 67168.1875 32363.5059
   vertex 68272.0469 67184.7344 32150.8047
  endloop
 endfacet
facet normal -0.74700141 0.392067134 -0.536909938
  outer loop
   vertex 66422.4453 67291.0625 32147.4297
   vertex 66560.6562 67254.1875 31928.2109
   vertex 66334.4688 67225.2422 32221.7656
  endloop
 endfacet
facet normal -0.499028921 0.811325014 -0.304502606
  outer loop
   vertex 66232.9453 67027.3672 31860.9355
   vertex 66334.4688 67225.2422 32221.7656
   vertex 66560.6562 67254.1875 31928.2109
  endloop
 endfacet
facet normal -0.423650682 0.633056343 -0.64788872
  outer loop
   vertex 67334.2812 67492.2266 31739.8672
   vertex 67312.2891 67677.8047 31935.582
   vertex 67433.2578 67659.5312 31838.625
  endloop
 endfacet
facet normal -0.356355041 0.657681644 -0.663676083
  outer loop
   vertex 67334.2812 67492.2266 31739.8672
   vertex 67134.3828 67529.8516 31884.4902
   vertex 67312.2891 67677.8047 31935.582
  endloop
 endfacet
facet normal -0.363513857 -0.921120644 -0.139264047
  outer loop
   vertex 65572.0156 67469.4844 34022.3438
   vertex 65663.7031 67417.2578 34128.4492
   vertex 65522.1562 67468.5859 34158.4219
  endloop
 endfacet
facet normal -0.702847123 -0.108713828 -0.702984512
  outer loop
   vertex 65706.2656 67502.9766 33801.2148
   vertex 65707.9219 67665.4688 33774.4375
   vertex 65831.9688 67543.8125 33669.2227
  endloop
 endfacet
facet normal -0.141563147 -0.842626452 0.519558012
  outer loop
   vertex 66138.3203 66244.6797 31693.8516
   vertex 66363.0391 66299.3906 31843.8145
   vertex 66072.7891 66370.4453 31879.9727
  endloop
 endfacet
facet normal -0.84992069 -0.522584915 0.0673780888
  outer loop
   vertex 66392.0781 66840.0234 32761.8008
   vertex 66348.5469 66905.1172 32717.5645
   vertex 66435.3125 66747.5156 32589.6914
  endloop
 endfacet
facet normal 0.0430489704 -0.927648962 0.370963901
  outer loop
   vertex 66760.7578 66928.7266 33595.3867
   vertex 66708.0625 66885.0703 33492.3359
   vertex 66964.5547 66924.8359 33562.0039
  endloop
 endfacet
facet normal 0.298149496 -0.954319656 0.0195148569
  outer loop
   vertex 66829.8281 66679.8594 32923.7969
   vertex 66969.4375 66725.5625 33025.8438
   vertex 66863.5156 66692.1953 33012.5625
  endloop
 endfacet
facet normal 0.105510056 -0.953402936 0.28264904
  outer loop
   vertex 66829.8281 66679.8594 32923.7969
   vertex 66937.3438 66678.0781 32877.6602
   vertex 66969.4375 66725.5625 33025.8438
  endloop
 endfacet
facet normal 0.3611691 -0.897287428 0.253834903
  outer loop
   vertex 67098.9766 66854.8359 33289.8789
   vertex 67390.8047 67011.5312 33428.5586
   vertex 67170.5469 66938.4688 33483.6992
  endloop
 endfacet
facet normal -0.424185187 -0.72361511 0.544470489
  outer loop
   vertex 67060.4375 66988.7734 33693.5117
   vertex 67069.8438 67027.5469 33752.3672
   vertex 67008.4375 67096.4453 33796.0977
  endloop
 endfacet
facet normal 0.0741537586 -0.668891072 0.739652574
  outer loop
   vertex 67008.5859 66968.5547 33680.4219
   vertex 67060.4375 66988.7734 33693.5117
   vertex 67008.4375 67096.4453 33796.0977
  endloop
 endfacet
facet normal 0.186816126 -0.925214887 0.330268294
  outer loop
   vertex 67098.9766 66854.8359 33289.8789
   vertex 67170.5469 66938.4688 33483.6992
   vertex 66964.5547 66924.8359 33562.0039
  endloop
 endfacet
facet normal 0.210717216 -0.973719299 0.0864235163
  outer loop
   vertex 66937.3438 66678.0781 32877.6602
   vertex 66864.3281 66649.7578 32736.5918
   vertex 67090.9297 66704.7109 32803.2383
  endloop
 endfacet
facet normal -0.444853365 -0.858800471 -0.254100889
  outer loop
   vertex 65758.9609 67402.1094 33863.832
   vertex 65790.7969 67364.2578 33936.0469
   vertex 65690.6797 67401.4531 33985.5977
  endloop
 endfacet
facet normal -0.0842730403 -0.754769921 0.650553942
  outer loop
   vertex 66625 67087.5625 33772.6523
   vertex 66784.9609 67003.8359 33696.2305
   vertex 66770.5156 67100.5625 33806.582
  endloop
 endfacet
facet normal -0.496204674 0.0767599344 -0.864805698
  outer loop
   vertex 65582.5781 67820.7422 33917.9609
   vertex 65585.4062 67580.5391 33895.0195
   vertex 65452.4805 67691.2266 33981.1133
  endloop
 endfacet
facet normal -0.569370508 -0.806131899 0.16114752
  outer loop
   vertex 66230.9141 67129.0156 33556.3125
   vertex 66150.7266 67234.375 33800.0625
   vertex 66032.1016 67289.4844 33656.6211
  endloop
 endfacet
facet normal -0.503096998 -0.857250214 0.109615415
  outer loop
   vertex 65522.1562 67468.5859 34158.4219
   vertex 65563.6484 67458.375 34268.9531
   vertex 65422.7539 67541.6484 34273.5586
  endloop
 endfacet
facet normal -0.49946472 -0.853316128 0.149621591
  outer loop
   vertex 65514.3594 67508.1953 34388.5586
   vertex 65422.7539 67541.6484 34273.5586
   vertex 65563.6484 67458.375 34268.9531
  endloop
 endfacet
facet normal -0.406780005 -0.733575344 -0.544423819
  outer loop
   vertex 65647.0078 67466.5234 33894.6094
   vertex 65633.0469 67506.6562 33850.9609
   vertex 65706.2656 67502.9766 33801.2148
  endloop
 endfacet
facet normal -0.520772636 -0.62984854 -0.576269686
  outer loop
   vertex 65758.9609 67402.1094 33863.832
   vertex 65647.0078 67466.5234 33894.6094
   vertex 65706.2656 67502.9766 33801.2148
  endloop
 endfacet
facet normal -0.333513528 -0.941974044 0.038126573
  outer loop
   vertex 65522.1562 67468.5859 34158.4219
   vertex 65663.7031 67417.2578 34128.4492
   vertex 65563.6484 67458.375 34268.9531
  endloop
 endfacet
facet normal -0.590527058 0.0913099796 -0.801835537
  outer loop
   vertex 65707.9219 67665.4688 33774.4375
   vertex 65871.8906 67729.4609 33660.9648
   vertex 65831.9688 67543.8125 33669.2227
  endloop
 endfacet
facet normal -0.600847006 0.145972878 -0.785922885
  outer loop
   vertex 65736.8984 67827.9375 33782.457
   vertex 65871.8906 67729.4609 33660.9648
   vertex 65707.9219 67665.4688 33774.4375
  endloop
 endfacet
facet normal -0.170175225 -0.971811116 0.163167268
  outer loop
   vertex 65663.7031 67417.2578 34128.4492
   vertex 65688.6328 67438.9609 34283.6875
   vertex 65563.6484 67458.375 34268.9531
  endloop
 endfacet
facet normal 0.143866166 -0.545362115 0.825761914
  outer loop
   vertex 67110.9297 67239.4062 33925.0039
   vertex 67240.5234 67308.1953 33947.8594
   vertex 67133.9531 67322.4062 33975.8125
  endloop
 endfacet
facet normal 0.161967173 -0.572214544 0.803950965
  outer loop
   vertex 67178.4531 67200.9219 33884.0117
   vertex 67240.5234 67308.1953 33947.8594
   vertex 67110.9297 67239.4062 33925.0039
  endloop
 endfacet
facet normal -0.804775 -0.247308254 0.539607108
  outer loop
   vertex 65576.5781 68580.8906 35072.7891
   vertex 65542.9766 68525.3828 34997.2422
   vertex 65588.6328 68556.4844 35079.5781
  endloop
 endfacet
facet normal 0.31368655 -0.736363232 0.599474669
  outer loop
   vertex 65898.2656 67753.4297 34667.1172
   vertex 65803.3672 67615 34546.7344
   vertex 66114.6875 67667.5234 34448.3477
  endloop
 endfacet
facet normal -0.0408795699 -0.490029216 0.87074697
  outer loop
   vertex 65711.3516 67980.6094 34866.1602
   vertex 65673.0469 67766.6406 34743.9453
   vertex 65804.4375 67878.1094 34812.8477
  endloop
 endfacet
facet normal 0.607702494 -0.473119885 0.637852073
  outer loop
   vertex 65711.3516 67980.6094 34866.1602
   vertex 65643.8281 67839.5391 34825.8516
   vertex 65673.0469 67766.6406 34743.9453
  endloop
 endfacet
facet normal 0.331509262 -0.861199796 0.385274649
  outer loop
   vertex 67098.9766 66854.8359 33289.8789
   vertex 66964.5547 66924.8359 33562.0039
   vertex 66954.9766 66843.7266 33388.9531
  endloop
 endfacet
facet normal 0.24642919 -0.951677024 0.183257908
  outer loop
   vertex 65474.5508 66235.3984 31505.0938
   vertex 65514.0195 66244.2031 31497.7266
   vertex 65505.2266 66246.1328 31519.5684
  endloop
 endfacet
facet normal -0.196727023 -0.154968873 -0.968133867
  outer loop
   vertex 65578.7031 66273.9688 31420.2383
   vertex 65535.5156 66352.4531 31416.4492
   vertex 65719.6953 66391.8047 31372.7246
  endloop
 endfacet
facet normal 0.213301599 -0.634232461 0.743136346
  outer loop
   vertex 66293.9219 67436.4297 34180.8945
   vertex 66285.5938 67565.8672 34293.7539
   vertex 66120.1875 67490.2969 34276.7305
  endloop
 endfacet
facet normal -0.315143645 -0.280712485 -0.90657872
  outer loop
   vertex 65410.5156 67608.7422 34517.9648
   vertex 65332.1719 67615.1641 34543.2109
   vertex 65322.0469 67684.4609 34525.2734
  endloop
 endfacet
facet normal -0.515563607 -0.65563035 0.551672935
  outer loop
   vertex 65410.5156 67608.7422 34517.9648
   vertex 65322.0469 67684.4609 34525.2734
   vertex 65327.125 67638.2891 34475.1445
  endloop
 endfacet
facet normal -0.470370442 -0.15967539 0.867902875
  outer loop
   vertex 65557.2344 68033.4609 34873.4023
   vertex 65624.0547 68189.4141 34938.3086
   vertex 65456.2734 68137.7734 34837.875
  endloop
 endfacet
facet normal 0.1754978 0.879959226 -0.441443354
  outer loop
   vertex 65964.6484 68083.7422 33962.0234
   vertex 65849 68273.6953 34294.6953
   vertex 66195.9922 68168.9453 34223.8398
  endloop
 endfacet
facet normal 0.0612760857 -0.471689612 0.87963295
  outer loop
   vertex 65811.5469 68437.8672 35047.9648
   vertex 65771.6953 68477.2656 35071.8633
   vertex 65695.3594 68408.2266 35040.1641
  endloop
 endfacet
facet normal 0.043483384 -0.410188198 0.910963714
  outer loop
   vertex 65811.5469 68437.8672 35047.9648
   vertex 65695.3594 68408.2266 35040.1641
   vertex 65807.2109 68362.3281 35014.1562
  endloop
 endfacet
facet normal -0.878488958 0.232389361 0.417435437
  outer loop
   vertex 65464.168 68435.625 34881.3516
   vertex 65542.9766 68525.3828 34997.2422
   vertex 65481.7422 68492.7891 34886.5156
  endloop
 endfacet
facet normal -0.435980529 0.0701086223 0.897221148
  outer loop
   vertex 65695.3594 68408.2266 35040.1641
   vertex 65771.6953 68477.2656 35071.8633
   vertex 65740.0859 68537.4688 35051.7969
  endloop
 endfacet
facet normal 0.347162217 -0.202567443 0.915666342
  outer loop
   vertex 65695.3594 68408.2266 35040.1641
   vertex 65740.0859 68537.4688 35051.7969
   vertex 65647.2031 68536.6641 35086.8359
  endloop
 endfacet
facet normal -0.0587522388 0.97309649 -0.222780958
  outer loop
   vertex 65606.2734 68574.1328 34967.6953
   vertex 65737.5312 68575.2422 34937.9492
   vertex 65611.8516 68539.7969 34816.2422
  endloop
 endfacet
facet normal -0.331724495 0.917318165 -0.22019583
  outer loop
   vertex 65606.2734 68574.1328 34967.6953
   vertex 65611.8516 68539.7969 34816.2422
   vertex 65527.8359 68527.0547 34889.7344
  endloop
 endfacet
facet normal 0.494316041 0.828309178 0.263733804
  outer loop
   vertex 65657.2109 68588.8594 35045.7383
   vertex 65740.0859 68537.4688 35051.7969
   vertex 65737.5312 68575.2422 34937.9492
  endloop
 endfacet
facet normal -0.126515165 0.940643191 0.314935476
  outer loop
   vertex 65796.7344 68563.4688 34996.9102
   vertex 65737.5312 68575.2422 34937.9492
   vertex 65740.0859 68537.4688 35051.7969
  endloop
 endfacet
facet normal -0.00078501011 0.993930578 0.11000631
  outer loop
   vertex 68003.3594 68492.1016 33734.6836
   vertex 68011.7812 68506.0703 33608.5469
   vertex 67910.0078 68497 33689.7891
  endloop
 endfacet
facet normal -0.0960531086 0.948107898 0.303092748
  outer loop
   vertex 68003.3594 68492.1016 33734.6836
   vertex 67910.0078 68497 33689.7891
   vertex 67879.6016 68466.1328 33776.7031
  endloop
 endfacet
facet normal 0.055203896 -0.305391878 0.950625241
  outer loop
   vertex 65807.1016 68201.1406 34931.4492
   vertex 65624.0547 68189.4141 34938.3086
   vertex 65711.3516 67980.6094 34866.1602
  endloop
 endfacet
facet normal -0.00577272195 0.872445941 -0.488676488
  outer loop
   vertex 65799.8047 68168.1172 34106.7773
   vertex 65704.9062 68206.3203 34176.1172
   vertex 65849 68273.6953 34294.6953
  endloop
 endfacet
facet normal 0.0758978352 0.10266614 0.991816103
  outer loop
   vertex 67148.4375 67956.75 34034.1094
   vertex 66838.5781 67629.0391 34091.7422
   vertex 67199.3828 67693.5938 34057.4492
  endloop
 endfacet
facet normal -0.724977434 0.125766024 -0.677193165
  outer loop
   vertex 65951.9375 67564.1562 33544.5664
   vertex 65831.9688 67543.8125 33669.2227
   vertex 65871.8906 67729.4609 33660.9648
  endloop
 endfacet
facet normal -0.562020421 0.753274441 -0.341629416
  outer loop
   vertex 66872.5078 68045.7031 32817.793
   vertex 66780.2109 67932.5312 32720.0977
   vertex 66729.0078 67962.0234 32869.3633
  endloop
 endfacet
facet normal -0.68191427 0.674308002 0.283375382
  outer loop
   vertex 65988.8203 66844.2266 31874.1641
   vertex 65871.0938 66714.7422 31898.9668
   vertex 66055.2734 66820.6094 32090.2617
  endloop
 endfacet
facet normal -0.497234911 0.54616034 -0.674141169
  outer loop
   vertex 65871.8906 67729.4609 33660.9648
   vertex 66043.0312 67898.125 33671.3711
   vertex 66070.4062 67683.6719 33477.4492
  endloop
 endfacet
facet normal -0.589106798 0.766842723 -0.254765302
  outer loop
   vertex 66232.9453 67027.3672 31860.9355
   vertex 65988.8203 66844.2266 31874.1641
   vertex 66334.4688 67225.2422 32221.7656
  endloop
 endfacet
facet normal -0.53699857 0.760036588 -0.366028666
  outer loop
   vertex 66634.0938 68031.5938 33192.5273
   vertex 66611.1562 67938.7344 33033.3711
   vertex 66523.7656 67930.2578 33143.9805
  endloop
 endfacet
facet normal -0.782827437 0.462236673 -0.416555494
  outer loop
   vertex 66311.0156 67889.4219 33430.1289
   vertex 66421.5234 67786.2969 33108.0234
   vertex 66232.7266 67555.9609 33207.2227
  endloop
 endfacet
facet normal -0.965038419 0.0208085291 -0.261281282
  outer loop
   vertex 66218.3516 67261.8438 33180.7031
   vertex 66262.4141 67347.5625 33024.7852
   vertex 66302.6562 67114.1172 32857.5586
  endloop
 endfacet
facet normal -0.931874394 -0.353505403 -0.0815107524
  outer loop
   vertex 66218.3516 67261.8438 33180.7031
   vertex 66302.6562 67114.1172 32857.5586
   vertex 66299.7188 67072.6406 33071.0039
  endloop
 endfacet
facet normal 0.151228502 -0.194139108 0.969247103
  outer loop
   vertex 67648.6562 67754.1094 34019.0039
   vertex 67402.9375 67614.9062 34029.4609
   vertex 67530.6328 67580.2109 34002.5859
  endloop
 endfacet
facet normal -0.372401208 0.719597816 -0.586085558
  outer loop
   vertex 66843.2656 67149.8906 31599.6953
   vertex 66787.8516 67298.7109 31817.6289
   vertex 66884.7344 67321.4766 31784.0156
  endloop
 endfacet
facet normal -0.337275594 0.866120994 -0.368889719
  outer loop
   vertex 67553.3828 68252.7422 32584.6465
   vertex 67717.8281 68294.0625 32531.3125
   vertex 67640.7031 68231.9922 32456.084
  endloop
 endfacet
facet normal -0.469764501 0.760336518 -0.448563963
  outer loop
   vertex 66998.3125 68017.2969 32642.582
   vertex 66938.625 67843.8047 32411.0137
   vertex 66706.25 67784.7969 32554.3477
  endloop
 endfacet
facet normal -0.455399036 0.788296282 -0.413764
  outer loop
   vertex 66711.4609 67712.3594 32410.6113
   vertex 66706.25 67784.7969 32554.3477
   vertex 66938.625 67843.8047 32411.0137
  endloop
 endfacet
facet normal -0.2181357 0.975220263 0.0369094759
  outer loop
   vertex 67029.6094 68273.9688 33665.4805
   vertex 66980.5234 68270.4453 33468.5352
   vertex 66840.7422 68233.4922 33618.6797
  endloop
 endfacet
facet normal -0.153579384 0.986819506 -0.0509964488
  outer loop
   vertex 67751.9219 68480.1797 33200.8516
   vertex 67722.6719 68471.4297 33119.5742
   vertex 67655.5938 68464.0312 33178.4727
  endloop
 endfacet
facet normal -0.252218753 0.877905726 -0.407022446
  outer loop
   vertex 67880.5625 68360.3438 32566.252
   vertex 68099.1484 68394.6094 32504.709
   vertex 67849.1328 68215.9531 32274.2988
  endloop
 endfacet
facet normal -0.331004649 0.896164477 -0.295508295
  outer loop
   vertex 67553.3828 68252.7422 32584.6465
   vertex 67306.3906 68208.9375 32728.4512
   vertex 67660.1562 68352.8047 32768.4922
  endloop
 endfacet
facet normal -0.195857629 0.94634521 -0.257041961
  outer loop
   vertex 68523.1797 68479.8594 32495.4863
   vertex 68259.0625 68351.6172 32224.5762
   vertex 68099.1484 68394.6094 32504.709
  endloop
 endfacet
facet normal 0.559388578 0.811342657 -0.169727534
  outer loop
   vertex 69110.4375 67886.9453 31375.4688
   vertex 69151.9688 67818.8281 31186.7109
   vertex 69066.8516 67869.6953 31149.3691
  endloop
 endfacet
facet normal -0.425325871 0.772439539 -0.471630245
  outer loop
   vertex 67849.1328 68215.9531 32274.2988
   vertex 68234.3516 68210.4141 31917.8223
   vertex 67848.1016 67970.4375 31873.125
  endloop
 endfacet
facet normal -0.262159973 0.823416054 -0.503247559
  outer loop
   vertex 67723.3359 68085.4297 32126.2676
   vertex 67849.1328 68215.9531 32274.2988
   vertex 67848.1016 67970.4375 31873.125
  endloop
 endfacet
facet normal 0.460523814 0.617806435 -0.637364149
  outer loop
   vertex 69224.2422 67504.75 30730.1953
   vertex 69099.25 67695.0703 30824.3633
   vertex 69215.0781 67642.0625 30856.668
  endloop
 endfacet
facet normal 0.455126166 -0.530017614 0.715500891
  outer loop
   vertex 69016.6016 67130.8359 31224.1816
   vertex 69162.1875 67152.2578 31147.4453
   vertex 69209.7891 67232.1953 31176.3828
  endloop
 endfacet
facet normal -0.434520304 0.670476437 -0.601376295
  outer loop
   vertex 67579.0156 67867.6094 31957.1289
   vertex 67467.8203 67758.9453 31916.3203
   vertex 67437.7969 67830.2578 32017.5176
  endloop
 endfacet
facet normal 0.929630041 0.124202423 0.346931905
  outer loop
   vertex 68992.1484 68345.1953 32768.5234
   vertex 69051.7422 68141.7422 32681.6562
   vertex 69090.9219 68327.4141 32510.2207
  endloop
 endfacet
facet normal 0.857173622 0.482914418 -0.179016784
  outer loop
   vertex 69215.0781 67642.0625 30856.668
   vertex 69197.4609 67695.75 30917.1426
   vertex 69255.6562 67618.0625 30986.2422
  endloop
 endfacet
facet normal 0.558586895 0.664760292 -0.496058881
  outer loop
   vertex 69000.1406 67584.7734 30585.084
   vertex 69224.2422 67504.75 30730.1953
   vertex 69105.5469 67381.2422 30431.0215
  endloop
 endfacet
facet normal 0.0294799097 0.832336307 -0.553486407
  outer loop
   vertex 68602.9844 67707.6562 30681.2754
   vertex 68786.6094 67799.6094 30829.3301
   vertex 68869.4844 67723.2422 30718.9043
  endloop
 endfacet
facet normal -0.350395769 0.63819927 0.685510397
  outer loop
   vertex 69022.375 68437.7578 32540.3867
   vertex 69094.5625 68421.6641 32592.2676
   vertex 69109.2422 68452.0312 32571.5
  endloop
 endfacet
facet normal -0.376475781 0.922381341 -0.0864792094
  outer loop
   vertex 68094.2109 68376.2031 34027.0391
   vertex 67940.7578 68314.5938 34037.9766
   vertex 68053.7344 68365.1016 34084.8359
  endloop
 endfacet
facet normal -0.294048429 0.819681287 0.491587311
  outer loop
   vertex 67997.5781 68433.7422 33873.2891
   vertex 67940.7578 68314.5938 34037.9766
   vertex 68094.2109 68376.2031 34027.0391
  endloop
 endfacet
facet normal 0.83787173 0.430386931 -0.335764915
  outer loop
   vertex 68986.8203 68320.4531 32059.1543
   vertex 68972.0781 68430.8672 32163.8965
   vertex 69045.1094 68368.1641 32265.7656
  endloop
 endfacet
facet normal 0.792792499 0.505572796 -0.340405911
  outer loop
   vertex 68986.8203 68320.4531 32059.1543
   vertex 69045.1094 68368.1641 32265.7656
   vertex 69090.3438 68129.5781 32016.7715
  endloop
 endfacet
facet normal 0.595208943 0.714052916 0.368584841
  outer loop
   vertex 68992.1484 68345.1953 32768.5234
   vertex 69022.375 68437.7578 32540.3867
   vertex 68853.2344 68464.4375 32761.8262
  endloop
 endfacet
facet normal -0.322271049 0.925951004 -0.196865648
  outer loop
   vertex 67383.3281 68309.8203 32913.7734
   vertex 67262.0703 68312.6094 33125.4023
   vertex 67588.9375 68413.8125 33066.3047
  endloop
 endfacet
facet normal 0.444386095 0.895831048 -0.002788899
  outer loop
   vertex 68401.7188 68483.0547 33112.9727
   vertex 68379.9219 68494.4297 33294.0039
   vertex 68459.1953 68455.0859 33288.5977
  endloop
 endfacet
facet normal -0.278178692 0.925742745 -0.256158054
  outer loop
   vertex 67383.3281 68309.8203 32913.7734
   vertex 67588.9375 68413.8125 33066.3047
   vertex 67660.1562 68352.8047 32768.4922
  endloop
 endfacet
facet normal 0.190490529 0.980398715 0.0503163897
  outer loop
   vertex 68285.7891 68488.8125 33537.0625
   vertex 68366.2188 68479.9688 33404.8672
   vertex 68246.0391 68506.4844 33343.2227
  endloop
 endfacet
facet normal -0.183934018 0.936626554 0.298159331
  outer loop
   vertex 67443.5312 68403.625 33536.8711
   vertex 67238.5391 68353.9844 33566.3516
   vertex 67381.1953 68331.0547 33726.3906
  endloop
 endfacet
facet normal 0.0589238815 0.797207892 0.600822389
  outer loop
   vertex 66758.375 68062.0234 34032.1602
   vertex 66869.4375 68076.0625 34002.6367
   vertex 66720.8125 68129.4375 33946.3984
  endloop
 endfacet
facet normal -0.0498455614 0.65536803 0.753663182
  outer loop
   vertex 66872.8984 68135.6484 33951.0547
   vertex 66720.8125 68129.4375 33946.3984
   vertex 66869.4375 68076.0625 34002.6367
  endloop
 endfacet
facet normal 0.624204457 0.762642145 0.169545606
  outer loop
   vertex 68211.0312 68404.4297 33936.6133
   vertex 68291.5078 68353.6406 33868.7891
   vertex 68194.8281 68473.5391 33685.4023
  endloop
 endfacet
facet normal 0.115996815 0.856165171 -0.503513634
  outer loop
   vertex 68275.3203 68403.1953 33949.3203
   vertex 68291.5078 68353.6406 33868.7891
   vertex 68211.0312 68404.4297 33936.6133
  endloop
 endfacet
facet normal 0.340769649 -0.580434799 0.739575207
  outer loop
   vertex 67240.5234 67308.1953 33947.8594
   vertex 67350.2344 67214.1562 33823.5039
   vertex 67424.125 67415.2188 33947.2539
  endloop
 endfacet
facet normal 0.0606828481 -0.539275646 0.839940071
  outer loop
   vertex 67483.0234 67297.0078 33867.1055
   vertex 67424.125 67415.2188 33947.2539
   vertex 67350.2344 67214.1562 33823.5039
  endloop
 endfacet
facet normal 0.141561642 0.979222715 0.145200551
  outer loop
   vertex 68379.9219 68494.4297 33294.0039
   vertex 68246.0391 68506.4844 33343.2227
   vertex 68366.2188 68479.9688 33404.8672
  endloop
 endfacet
facet normal -0.317496389 0.920716763 -0.226884753
  outer loop
   vertex 67940.7578 68314.5938 34037.9766
   vertex 68025.875 68357.3203 34092.2617
   vertex 68053.7344 68365.1016 34084.8359
  endloop
 endfacet
facet normal -0.0575591363 -0.0739006624 0.995603144
  outer loop
   vertex 68192.25 68179.3438 34088.7773
   vertex 68133.1172 68079.6562 34077.9609
   vertex 68235.2344 68118.4531 34086.7422
  endloop
 endfacet
facet normal 0.0896108076 0.0299964119 0.995525062
  outer loop
   vertex 68192.25 68179.3438 34088.7773
   vertex 68235.2344 68118.4531 34086.7422
   vertex 68259.6562 68159.7812 34083.3008
  endloop
 endfacet
facet normal 0.616075814 -0.686295927 0.386585623
  outer loop
   vertex 68166.0547 67527.3047 33361.2148
   vertex 67936.7344 67386.5156 33476.7305
   vertex 68018.0234 67405.3516 33380.6172
  endloop
 endfacet
facet normal 0.829897761 0.289383501 0.476997793
  outer loop
   vertex 68291.5078 68353.6406 33868.7891
   vertex 68208.2656 68293.3672 34050.1836
   vertex 68284.5859 68173.7656 33989.9609
  endloop
 endfacet
facet normal 0.904585958 -0.278823555 0.322461933
  outer loop
   vertex 68291.5078 68353.6406 33868.7891
   vertex 68265.875 68386.1562 33968.8047
   vertex 68208.2656 68293.3672 34050.1836
  endloop
 endfacet
facet normal 0.645721555 -0.289580077 0.706531703
  outer loop
   vertex 68997.8828 68127.5781 32815.9414
   vertex 68901.6016 68156.5469 32915.8086
   vertex 68970.7734 68067.9453 32816.2734
  endloop
 endfacet
facet normal 0.73029387 -0.632294416 0.258601218
  outer loop
   vertex 69062.3516 67749.1328 32186.5254
   vertex 68944.0234 67588.4297 32127.7773
   vertex 69076.3125 67652.9219 31911.8789
  endloop
 endfacet
facet normal 0.750388205 -0.627975047 0.206312448
  outer loop
   vertex 69062.3516 67749.1328 32186.5254
   vertex 69005.5859 67719.9609 32304.2188
   vertex 68944.0234 67588.4297 32127.7773
  endloop
 endfacet
facet normal -0.426688433 0.71244204 -0.557102621
  outer loop
   vertex 67561.7031 68012.5781 32155.7754
   vertex 67579.0156 67867.6094 31957.1289
   vertex 67437.7969 67830.2578 32017.5176
  endloop
 endfacet
facet normal -0.386058718 0.69103092 -0.611093223
  outer loop
   vertex 67277.0938 67806.2734 32103.0918
   vertex 67312.2891 67677.8047 31935.582
   vertex 67116.4688 67638.3203 32014.6367
  endloop
 endfacet
facet normal -0.388035834 0.681033075 -0.620984793
  outer loop
   vertex 67116.4688 67638.3203 32014.6367
   vertex 67312.2891 67677.8047 31935.582
   vertex 67134.3828 67529.8516 31884.4902
  endloop
 endfacet
facet normal 0.461772472 -0.864672184 0.197757825
  outer loop
   vertex 67388.0312 66792.3203 32631.3125
   vertex 67379.0703 66747.0859 32454.4375
   vertex 67558.9531 66810.1328 32310.0742
  endloop
 endfacet
facet normal 0.450573951 -0.871981263 0.19139421
  outer loop
   vertex 67545.6719 66861.625 32575.9297
   vertex 67388.0312 66792.3203 32631.3125
   vertex 67558.9531 66810.1328 32310.0742
  endloop
 endfacet
facet normal -0.173784629 -0.708599687 0.683875263
  outer loop
   vertex 68256.8281 68102.2734 34075.4648
   vertex 68235.2344 68118.4531 34086.7422
   vertex 68220.2422 68028.8672 33990.1133
  endloop
 endfacet
facet normal 0.525069594 -0.760383904 0.382254094
  outer loop
   vertex 67609.4688 67143.4219 33466.3438
   vertex 67783.9609 67247.1719 33433.0312
   vertex 67732.1562 67285.5312 33580.5
  endloop
 endfacet
facet normal 0.30444929 -0.611062706 0.730693519
  outer loop
   vertex 67350.2344 67214.1562 33823.5039
   vertex 67240.5234 67308.1953 33947.8594
   vertex 67178.4531 67200.9219 33884.0117
  endloop
 endfacet
facet normal 0.0479262397 -0.6876387 0.724469483
  outer loop
   vertex 67110.9297 67239.4062 33925.0039
   vertex 67008.4375 67096.4453 33796.0977
   vertex 67178.4531 67200.9219 33884.0117
  endloop
 endfacet
facet normal 0.419353575 -0.869182408 0.262039244
  outer loop
   vertex 67278.2891 66781.4062 32824.9375
   vertex 67443.4609 66885.4141 32905.5898
   vertex 67229.3359 66814.25 33012.2188
  endloop
 endfacet
facet normal 0.0469579361 -0.714948237 0.697598696
  outer loop
   vertex 66459.0625 67213.6953 33900.375
   vertex 66536.2344 67156.1719 33836.2266
   vertex 66679.8672 67263.9375 33937.0039
  endloop
 endfacet
facet normal -0.683667243 0.54394275 0.486544341
  outer loop
   vertex 67969.0625 66820.8438 31025.043
   vertex 67886.1562 66829.25 30899.1387
   vertex 67797.6875 66772.875 30837.8496
  endloop
 endfacet
facet normal 0.122211933 -0.982596517 0.139886841
  outer loop
   vertex 68287.2969 66799.0547 30593.9961
   vertex 67969.0625 66820.8438 31025.043
   vertex 67797.6875 66772.875 30837.8496
  endloop
 endfacet
facet normal 0.620941877 -0.738147855 0.263759285
  outer loop
   vertex 69193.0547 67121.6875 31026.3125
   vertex 69301.0469 67214.125 31030.7871
   vertex 69278.5078 67213.6797 31082.5918
  endloop
 endfacet
facet normal 0.277495831 0.960365951 -0.0263299868
  outer loop
   vertex 67838.7422 66862.4375 31168.7852
   vertex 67969.0625 66820.8438 31025.043
   vertex 67828.8203 66861.1328 31016.7012
  endloop
 endfacet
facet normal 0.909676075 0.151404157 0.386737972
  outer loop
   vertex 69285.9375 67520.5703 31135.9922
   vertex 69280.7891 67620.7031 31108.9023
   vertex 69221.9297 67703.1094 31215.0957
  endloop
 endfacet
facet normal -0.673098207 -0.176233873 -0.718248188
  outer loop
   vertex 68343.1875 66965.9531 30157.6465
   vertex 68373.5469 66997.4453 30121.4688
   vertex 68387.5156 66956.1406 30118.5078
  endloop
 endfacet
facet normal -0.908430457 0.316504985 -0.273090988
  outer loop
   vertex 67909.0547 67190.5938 31028.5215
   vertex 67914.6328 67138.6484 30949.7812
   vertex 67878.2188 67046.8125 30964.4707
  endloop
 endfacet
facet normal -0.724941969 0.404017895 -0.557878733
  outer loop
   vertex 67848.4844 67068.8594 31019.0762
   vertex 67909.0547 67190.5938 31028.5215
   vertex 67878.2188 67046.8125 30964.4707
  endloop
 endfacet
facet normal 0.575783491 -0.669326007 0.469548762
  outer loop
   vertex 69016.6016 67130.8359 31224.1816
   vertex 69115.4531 67345.2812 31408.6562
   vertex 68902.1797 67208.0625 31474.5859
  endloop
 endfacet
facet normal 0.897607923 -0.207810745 0.388734818
  outer loop
   vertex 69304.4453 67314.25 31076.4492
   vertex 69278.5078 67213.6797 31082.5918
   vertex 69301.0469 67214.125 31030.7871
  endloop
 endfacet
facet normal 0.492598295 -0.686811566 0.534449935
  outer loop
   vertex 69016.6016 67130.8359 31224.1816
   vertex 69209.7891 67232.1953 31176.3828
   vertex 69115.4531 67345.2812 31408.6562
  endloop
 endfacet
facet normal 0.000113542577 -0.998971105 -0.0453509428
  outer loop
   vertex 68607.9297 66798 30618.0977
   vertex 68287.2969 66799.0547 30593.9961
   vertex 68537.7031 66810.0469 30352.5195
  endloop
 endfacet
facet normal 0.586892605 -0.761992395 0.273723662
  outer loop
   vertex 68944.0234 67588.4297 32127.7773
   vertex 68795.2031 67517.6406 32249.8027
   vertex 68725.5156 67356.4375 31950.4453
  endloop
 endfacet
facet normal 0.429372817 -0.788951516 0.439538985
  outer loop
   vertex 68832.6016 67097.4688 31344.041
   vertex 69016.6016 67130.8359 31224.1816
   vertex 68902.1797 67208.0625 31474.5859
  endloop
 endfacet
facet normal 0.0386454202 -0.983474076 0.176876575
  outer loop
   vertex 68189.0078 67043.875 31566.3906
   vertex 68042.9219 66982.8984 31259.2559
   vertex 68333.125 67018.4375 31393.4883
  endloop
 endfacet
facet normal -0.48926881 0.668232799 -0.560429275
  outer loop
   vertex 67996.6562 67882.3203 31614.666
   vertex 68066.8125 67998.9297 31692.4668
   vertex 68221.5547 67944.1719 31492.0723
  endloop
 endfacet
facet normal -0.495836228 -0.325464666 -0.805120587
  outer loop
   vertex 67536.1562 67258.1953 31472.4043
   vertex 67843.5703 67248.7969 31286.8809
   vertex 67823.8359 66978.3359 31408.3652
  endloop
 endfacet
facet normal 0.168787956 -0.811771631 0.559050441
  outer loop
   vertex 67054.7656 66272.2344 31460.5586
   vertex 66789.9844 66158.1016 31374.7773
   vertex 66941.2578 66130.4375 31288.9297
  endloop
 endfacet
facet normal 0.312974721 0.946926892 -0.0733230859
  outer loop
   vertex 67586.5391 67049.5859 31315.6543
   vertex 67823.8359 66978.3359 31408.3652
   vertex 67767.6328 66972.25 31089.9082
  endloop
 endfacet
facet normal 0.403814614 -0.888531864 -0.217818484
  outer loop
   vertex 66896.4141 66114.4609 31172.1621
   vertex 67121.9688 66219.9531 31159.9922
   vertex 66997.1172 66140.4688 31252.7832
  endloop
 endfacet
facet normal -0.156420782 0.682565749 -0.713888347
  outer loop
   vertex 66920.0547 66736.2344 31120.7383
   vertex 66837.9609 66912.3672 31307.1289
   vertex 67238.4141 66999.2266 31302.4297
  endloop
 endfacet
facet normal -0.789990723 0.0819367841 -0.607619107
  outer loop
   vertex 67907.75 66926.3594 30868.2852
   vertex 67925.1875 67051.7656 30862.5234
   vertex 67960.0391 67092.2734 30822.6699
  endloop
 endfacet
facet normal 0.663205981 -0.742079258 0.0973457545
  outer loop
   vertex 67599.3281 66548.4453 31253.373
   vertex 67633.4531 66592.0547 31353.3281
   vertex 67544.8906 66512.5 31350.2383
  endloop
 endfacet
facet normal 0.407696068 -0.894793808 -0.182011023
  outer loop
   vertex 68876.6328 66835.5078 30355.2207
   vertex 69086.3672 66916.3047 30427.7969
   vertex 68984.6094 66844.3594 30553.5625
  endloop
 endfacet
facet normal -0.774337411 0.341464818 0.53273195
  outer loop
   vertex 67969.0625 66820.8438 31025.043
   vertex 67907.75 66926.3594 30868.2852
   vertex 67886.1562 66829.25 30899.1387
  endloop
 endfacet
facet normal 0.272744238 -0.896047533 0.350299001
  outer loop
   vertex 66789.9844 66158.1016 31374.7773
   vertex 67054.7656 66272.2344 31460.5586
   vertex 66794.7266 66261.8047 31636.3359
  endloop
 endfacet
facet normal -0.437283874 0.816254318 -0.37750721
  outer loop
   vertex 68510.8047 67655.2734 30544.9258
   vertex 68431.6172 67607.8594 30534.1367
   vertex 68447.8047 67643.9453 30593.4121
  endloop
 endfacet
facet normal -0.22425817 -0.634018898 -0.740086734
  outer loop
   vertex 68373.5469 66997.4453 30121.4688
   vertex 68343.1875 66965.9531 30157.6465
   vertex 68324.5938 67004.7188 30130.0645
  endloop
 endfacet
facet normal 0.639527023 -0.764932454 0.0767043903
  outer loop
   vertex 67121.9688 66219.9531 31159.9922
   vertex 67126.7031 66205.7344 30978.7188
   vertex 67355.3438 66399.3125 31002.8691
  endloop
 endfacet
facet normal 0.425228894 0.207012564 -0.88109374
  outer loop
   vertex 68487.1406 66921.8359 30158.5254
   vertex 68387.5156 66956.1406 30118.5078
   vertex 68373.5469 66997.4453 30121.4688
  endloop
 endfacet
facet normal 0.97821039 0.207378015 -0.00993886869
  outer loop
   vertex 69090.3438 68129.5781 32016.7715
   vertex 69146.2422 67857.0938 31832.8965
   vertex 69125.3672 67947.7266 31669.4492
  endloop
 endfacet
facet normal -0.912195802 -0.407621741 0.0417529121
  outer loop
   vertex 68304.0703 67057.3906 30195.7891
   vertex 68324.5938 67004.7188 30130.0645
   vertex 68343.1875 66965.9531 30157.6465
  endloop
 endfacet
facet normal 0.31229341 0.795913994 -0.518646061
  outer loop
   vertex 69000.1406 67584.7734 30585.084
   vertex 68741.3125 67613.0703 30472.6602
   vertex 68869.4844 67723.2422 30718.9043
  endloop
 endfacet
facet normal -0.866396904 0.0026456106 0.499348998
  outer loop
   vertex 65343.2734 67636.8438 34562.3555
   vertex 65322.0469 67684.4609 34525.2734
   vertex 65332.1719 67615.1641 34543.2109
  endloop
 endfacet
facet normal 0.901460886 -0.417416453 -0.114593722
  outer loop
   vertex 69308.9844 67165.2969 30473.4941
   vertex 69307.2812 67114.8672 30643.793
   vertex 69247.1562 67013.2422 30541.0117
  endloop
 endfacet
facet normal 0.923582554 0.382182211 -0.0305294525
  outer loop
   vertex 69348.3359 67246.4688 30602.5098
   vertex 69314.3984 67323.9375 30545.6562
   vertex 69333.9141 67291.9219 30735.1914
  endloop
 endfacet
facet normal 0.831634402 -0.361278981 0.421736568
  outer loop
   vertex 69327.2812 67233.2578 30495.6328
   vertex 69308.9844 67165.2969 30473.4941
   vertex 69350.2266 67261.25 30474.3613
  endloop
 endfacet
facet normal 0.41732353 -0.811184466 0.409659475
  outer loop
   vertex 69193.0547 67121.6875 31026.3125
   vertex 69016.6016 67130.8359 31224.1816
   vertex 68898.3438 66948.7266 30984.0508
  endloop
 endfacet
facet normal 0.530885875 -0.235546008 0.814050496
  outer loop
   vertex 69308.9844 67165.2969 30473.4941
   vertex 69358.5859 67224.6484 30458.3164
   vertex 69350.2266 67261.25 30474.3613
  endloop
 endfacet
facet normal 0.364961296 -0.87953186 0.305330962
  outer loop
   vertex 68898.3438 66948.7266 30984.0508
   vertex 68764.125 66873.9219 30929.0059
   vertex 68789.5234 66845.6875 30817.3086
  endloop
 endfacet
facet normal 0.113926828 -0.876680613 0.467388213
  outer loop
   vertex 68950.4922 66887.2109 30855.959
   vertex 68898.3438 66948.7266 30984.0508
   vertex 68789.5234 66845.6875 30817.3086
  endloop
 endfacet
facet normal 0.193860188 -0.78288573 0.591192126
  outer loop
   vertex 68898.3438 66948.7266 30984.0508
   vertex 68593.0547 66873.4375 30984.4648
   vertex 68764.125 66873.9219 30929.0059
  endloop
 endfacet
facet normal 0.220138386 -0.890508711 0.398162454
  outer loop
   vertex 68710.4062 67001.9688 31207.0449
   vertex 68593.0547 66873.4375 30984.4648
   vertex 68898.3438 66948.7266 30984.0508
  endloop
 endfacet
facet normal 0.541125834 -0.729704261 0.417988688
  outer loop
   vertex 69169.2266 66937.4531 30635.8477
   vertex 69015.1484 66861.5312 30702.7812
   vertex 69070.2734 66862.2344 30632.6445
  endloop
 endfacet
facet normal 0.376557738 -0.911256552 -0.16678071
  outer loop
   vertex 69169.2266 66937.4531 30635.8477
   vertex 69112.4219 66898.3906 30721.0176
   vertex 69015.1484 66861.5312 30702.7812
  endloop
 endfacet
facet normal 0.82896167 -0.48143813 0.284675002
  outer loop
   vertex 69335.9297 67180.875 30782.8691
   vertex 69318.5625 67230.8516 30917.9492
   vertex 69272.1172 67094.8906 30823.2715
  endloop
 endfacet
facet normal -0.467929274 -0.277030319 -0.839223683
  outer loop
   vertex 65980.6641 66432.9766 31233.9004
   vertex 66073.1406 66510.2812 31156.8203
   vertex 66162.2578 66452.5469 31126.1914
  endloop
 endfacet
facet normal -0.507744253 -0.0277380608 -0.861061156
  outer loop
   vertex 66178.4141 66249.2969 31123.2109
   vertex 65980.6641 66432.9766 31233.9004
   vertex 66162.2578 66452.5469 31126.1914
  endloop
 endfacet
facet normal -0.713531792 0.678180277 -0.1759087
  outer loop
   vertex 66073.1406 66510.2812 31156.8203
   vertex 65980.6641 66432.9766 31233.9004
   vertex 66129.0703 66587.6094 31228.0625
  endloop
 endfacet
facet normal -0.0571800508 -0.997025073 0.0516861901
  outer loop
   vertex 65792.7656 66196.7344 31395.8848
   vertex 66076.4219 66174.6172 31282.9336
   vertex 66127.7812 66182.5312 31492.4102
  endloop
 endfacet
facet normal 0.54659611 -0.809735656 -0.213449866
  outer loop
   vertex 65702.3359 66154.7969 31323.4375
   vertex 65720.0547 66168.4453 31317.0352
   vertex 65792.7656 66196.7344 31395.8848
  endloop
 endfacet
facet normal -0.362124562 -0.680807054 0.636684835
  outer loop
   vertex 65526.9883 66287.8125 31543.8535
   vertex 65485.1523 66286.7891 31518.959
   vertex 65489.3359 66264.4844 31497.4863
  endloop
 endfacet
facet normal -0.452308476 -0.66153717 -0.598151863
  outer loop
   vertex 66178.4141 66249.2969 31123.2109
   vertex 66314.5938 66136.4219 31145.0703
   vertex 66076.4219 66174.6172 31282.9336
  endloop
 endfacet
facet normal -0.617114961 -0.77300787 -0.147064433
  outer loop
   vertex 66178.4141 66249.2969 31123.2109
   vertex 66341.5469 66136.9375 31029.2461
   vertex 66314.5938 66136.4219 31145.0703
  endloop
 endfacet
facet normal -0.154722989 -0.987937272 0.00637887046
  outer loop
   vertex 66304.4844 66139.1406 31320.3516
   vertex 66076.4219 66174.6172 31282.9336
   vertex 66314.5938 66136.4219 31145.0703
  endloop
 endfacet
facet normal 0.431380868 0.382632256 -0.817008615
  outer loop
   vertex 66412.2578 66108.375 30968.6426
   vertex 66400.6641 66160.8281 30987.0859
   vertex 66475.3516 66113.5 31004.3574
  endloop
 endfacet
facet normal -0.22234337 0.359407693 -0.906305432
  outer loop
   vertex 66162.2578 66452.5469 31126.1914
   vertex 66347.3281 66531.2422 31111.9941
   vertex 66432.5156 66343.7969 31016.7637
  endloop
 endfacet
facet normal -0.774458528 0.502848446 -0.383871645
  outer loop
   vertex 67878.2188 67046.8125 30964.4707
   vertex 67932.4531 67025.9531 30827.7266
   vertex 67767.6328 66972.25 31089.9082
  endloop
 endfacet
facet normal 0.930966675 0.0465563796 0.362123698
  outer loop
   vertex 67878.2188 67046.8125 30964.4707
   vertex 67840.6797 66952.6016 31073.0918
   vertex 67932.4531 67025.9531 30827.7266
  endloop
 endfacet
facet normal -0.0448453277 -0.974669397 0.219108388
  outer loop
   vertex 66475.3516 66113.5 31004.3574
   vertex 66396.1172 66111.1562 30977.6953
   vertex 66412.2578 66108.375 30968.6426
  endloop
 endfacet
facet normal -0.0896418318 -0.9941926 0.0595434867
  outer loop
   vertex 66475.3516 66113.5 31004.3574
   vertex 66573.7578 66116.4297 31201.4219
   vertex 66314.5938 66136.4219 31145.0703
  endloop
 endfacet
facet normal -0.386368692 -0.788382232 0.47871989
  outer loop
   vertex 66786.6797 66113.2422 30944.1621
   vertex 66639.7891 66169.8828 30918.8809
   vertex 66722.1719 66112.5312 30890.9297
  endloop
 endfacet
facet normal -0.139381275 -0.681990147 -0.71795702
  outer loop
   vertex 66475.3516 66113.5 31004.3574
   vertex 66639.7891 66169.8828 30918.8809
   vertex 66786.6797 66113.2422 30944.1621
  endloop
 endfacet
facet normal -0.0792584866 -0.996794879 0.0108672995
  outer loop
   vertex 66573.7578 66116.4297 31201.4219
   vertex 66304.4844 66139.1406 31320.3516
   vertex 66314.5938 66136.4219 31145.0703
  endloop
 endfacet
facet normal -0.16568394 -0.983108044 0.0777647719
  outer loop
   vertex 66304.4844 66139.1406 31320.3516
   vertex 66127.7812 66182.5312 31492.4102
   vertex 66076.4219 66174.6172 31282.9336
  endloop
 endfacet
facet normal 0.525090992 -0.80760473 -0.268428773
  outer loop
   vertex 65683.7344 66148 31307.5
   vertex 65720.0547 66168.4453 31317.0352
   vertex 65702.3359 66154.7969 31323.4375
  endloop
 endfacet
facet normal -0.254091382 -0.812754154 0.52427882
  outer loop
   vertex 65841.0234 66376.0391 31776.3145
   vertex 65920.3906 66256.4844 31629.4434
   vertex 66072.7891 66370.4453 31879.9727
  endloop
 endfacet
facet normal -0.621195078 0.200085506 -0.757682264
  outer loop
   vertex 66341.5469 66136.9375 31029.2461
   vertex 66400.6641 66160.8281 30987.0859
   vertex 66396.1172 66111.1562 30977.6953
  endloop
 endfacet
facet normal -0.469423443 -0.522154391 -0.712036848
  outer loop
   vertex 65578.7031 66273.9688 31420.2383
   vertex 65496.7617 66301.9844 31453.7109
   vertex 65493.8008 66331.6406 31433.9141
  endloop
 endfacet
facet normal 0.0156917628 -0.974992096 0.221684799
  outer loop
   vertex 66304.4844 66139.1406 31320.3516
   vertex 66573.7578 66116.4297 31201.4219
   vertex 66477.9375 66191.1797 31536.9746
  endloop
 endfacet
facet normal -0.00633605011 -0.971146643 0.23839882
  outer loop
   vertex 66304.4844 66139.1406 31320.3516
   vertex 66477.9375 66191.1797 31536.9746
   vertex 66127.7812 66182.5312 31492.4102
  endloop
 endfacet
facet normal 0.00197177776 -0.984441102 0.175703764
  outer loop
   vertex 66127.7812 66182.5312 31492.4102
   vertex 66477.9375 66191.1797 31536.9746
   vertex 66267.0703 66208.6172 31637
  endloop
 endfacet
facet normal -0.501230061 -0.312897235 0.806761265
  outer loop
   vertex 65702.3359 66154.7969 31323.4375
   vertex 65792.7656 66196.7344 31395.8848
   vertex 65697.0078 66182.3906 31330.8281
  endloop
 endfacet
facet normal -0.133438289 -0.940190017 0.313427716
  outer loop
   vertex 65920.3906 66256.4844 31629.4434
   vertex 65646.0469 66270.0625 31553.3691
   vertex 65792.7656 66196.7344 31395.8848
  endloop
 endfacet
facet normal -0.177064553 -0.921297193 0.34620741
  outer loop
   vertex 66072.7891 66370.4453 31879.9727
   vertex 65943.2656 66399.9453 31892.2305
   vertex 65841.0234 66376.0391 31776.3145
  endloop
 endfacet
facet normal -0.355925471 -0.882999718 -0.305987865
  outer loop
   vertex 65919.7344 67335.9766 33867.668
   vertex 65790.7969 67364.2578 33936.0469
   vertex 65758.9609 67402.1094 33863.832
  endloop
 endfacet
facet normal -0.193745881 -0.809495807 0.554237366
  outer loop
   vertex 65841.0234 66376.0391 31776.3145
   vertex 65646.0469 66270.0625 31553.3691
   vertex 65920.3906 66256.4844 31629.4434
  endloop
 endfacet
facet normal 0.133053437 -0.981141984 0.140204176
  outer loop
   vertex 65646.0469 66270.0625 31553.3691
   vertex 65505.2266 66246.1328 31519.5684
   vertex 65514.0195 66244.2031 31497.7266
  endloop
 endfacet
facet normal 0.226076514 -0.867216885 0.443648785
  outer loop
   vertex 67170.5469 66938.4688 33483.6992
   vertex 67226.9141 67028.3125 33630.5938
   vertex 66964.5547 66924.8359 33562.0039
  endloop
 endfacet
facet normal 0.305432349 -0.924772978 0.226949483
  outer loop
   vertex 67060.4375 66988.7734 33693.5117
   vertex 66964.5547 66924.8359 33562.0039
   vertex 67226.9141 67028.3125 33630.5938
  endloop
 endfacet
facet normal 0.77854991 -0.551516771 -0.29948166
  outer loop
   vertex 67008.9141 66939.6641 33650.0117
   vertex 66964.5547 66924.8359 33562.0039
   vertex 67060.4375 66988.7734 33693.5117
  endloop
 endfacet
facet normal -0.234993726 -0.817277551 0.526151419
  outer loop
   vertex 65792.7656 66196.7344 31395.8848
   vertex 65578.7031 66273.9688 31420.2383
   vertex 65697.0078 66182.3906 31330.8281
  endloop
 endfacet
facet normal -0.322529852 -0.936784089 0.13568373
  outer loop
   vertex 65646.0469 66270.0625 31553.3691
   vertex 65578.7031 66273.9688 31420.2383
   vertex 65792.7656 66196.7344 31395.8848
  endloop
 endfacet
facet normal -0.140819401 -0.182908386 -0.97299248
  outer loop
   vertex 65514.0195 66244.2031 31497.7266
   vertex 65474.5508 66235.3984 31505.0938
   vertex 65489.3359 66264.4844 31497.4863
  endloop
 endfacet
facet normal -0.129724905 -0.94129014 0.3116799
  outer loop
   vertex 65920.3906 66256.4844 31629.4434
   vertex 65792.7656 66196.7344 31395.8848
   vertex 66127.7812 66182.5312 31492.4102
  endloop
 endfacet
facet normal -0.549245417 -0.313559651 0.774603009
  outer loop
   vertex 65683.7344 66148 31307.5
   vertex 65702.3359 66154.7969 31323.4375
   vertex 65697.0078 66182.3906 31330.8281
  endloop
 endfacet
facet normal -0.504956901 0.449525774 0.736848116
  outer loop
   vertex 65474.5508 66235.3984 31505.0938
   vertex 65505.2266 66246.1328 31519.5684
   vertex 65489.3359 66264.4844 31497.4863
  endloop
 endfacet
facet normal -0.384989709 0.808667183 -0.444792479
  outer loop
   vertex 66068.875 66708.4531 31414.291
   vertex 66032.5859 66792.5156 31598.5332
   vertex 66284.6797 66820.2109 31430.6816
  endloop
 endfacet
facet normal -0.137015462 -0.444287896 0.885344565
  outer loop
   vertex 65505.2266 66246.1328 31519.5684
   vertex 65646.0469 66270.0625 31553.3691
   vertex 65526.9883 66287.8125 31543.8535
  endloop
 endfacet
facet normal -0.788416028 0.0546817109 0.612707138
  outer loop
   vertex 65505.2266 66246.1328 31519.5684
   vertex 65526.9883 66287.8125 31543.8535
   vertex 65489.3359 66264.4844 31497.4863
  endloop
 endfacet
facet normal -0.591043591 0.770606458 -0.238396928
  outer loop
   vertex 66032.5859 66792.5156 31598.5332
   vertex 65988.8203 66844.2266 31874.1641
   vertex 66232.9453 67027.3672 31860.9355
  endloop
 endfacet
facet normal -0.516962647 -0.374593854 0.769694149
  outer loop
   vertex 65656.5312 66384.3672 31656.4531
   vertex 65841.0234 66376.0391 31776.3145
   vertex 65843.8281 66570.8359 31873.002
  endloop
 endfacet
facet normal -0.0646251068 -0.902379394 0.42606926
  outer loop
   vertex 66363.0391 66299.3906 31843.8145
   vertex 66138.3203 66244.6797 31693.8516
   vertex 66267.0703 66208.6172 31637
  endloop
 endfacet
facet normal -0.888616681 0.457579166 -0.0313325077
  outer loop
   vertex 65493.8008 66331.6406 31433.9141
   vertex 65515.0352 66374.9453 31464.0977
   vertex 65517.2266 66377.7344 31442.6855
  endloop
 endfacet
facet normal -0.12180689 0.588974595 -0.798919261
  outer loop
   vertex 65697.0078 66182.3906 31330.8281
   vertex 65720.0547 66168.4453 31317.0352
   vertex 65683.7344 66148 31307.5
  endloop
 endfacet
facet normal -0.565645635 0.618739963 0.545165896
  outer loop
   vertex 65871.0938 66714.7422 31898.9668
   vertex 65988.8203 66844.2266 31874.1641
   vertex 65852.4297 66740.9062 31849.9141
  endloop
 endfacet
facet normal -0.517945468 0.406477183 -0.752667785
  outer loop
   vertex 65535.5156 66352.4531 31416.4492
   vertex 65493.8008 66331.6406 31433.9141
   vertex 65517.2266 66377.7344 31442.6855
  endloop
 endfacet
facet normal -0.919221401 -0.360600561 0.158111438
  outer loop
   vertex 65843.8281 66570.8359 31873.002
   vertex 65812.6484 66647.3828 31866.2969
   vertex 65798.5938 66656.4219 31805.2051
  endloop
 endfacet
facet normal -0.914619505 0.393303484 0.0937203243
  outer loop
   vertex 65495.9141 66286.8594 31467.7676
   vertex 65489.3359 66264.4844 31497.4863
   vertex 65524.918 66342.6016 31516.8652
  endloop
 endfacet
facet normal -0.931518853 0.274236202 0.238887295
  outer loop
   vertex 65496.7617 66301.9844 31453.7109
   vertex 65495.9141 66286.8594 31467.7676
   vertex 65524.918 66342.6016 31516.8652
  endloop
 endfacet
facet normal -0.123476356 -0.983078063 0.135318592
  outer loop
   vertex 66864.3281 66649.7578 32736.5918
   vertex 66829.8281 66679.8594 32923.7969
   vertex 66692.7578 66676.2266 32772.3438
  endloop
 endfacet
facet normal 0.0953935459 -0.927033722 0.362641096
  outer loop
   vertex 66363.0391 66299.3906 31843.8145
   vertex 66267.0703 66208.6172 31637
   vertex 66477.9375 66191.1797 31536.9746
  endloop
 endfacet
facet normal -0.121694058 -0.78611356 0.605983496
  outer loop
   vertex 65997.9297 66445.2656 31962.002
   vertex 65943.2656 66399.9453 31892.2305
   vertex 66072.7891 66370.4453 31879.9727
  endloop
 endfacet
facet normal -0.139396608 -0.944148064 0.298585087
  outer loop
   vertex 66127.7812 66182.5312 31492.4102
   vertex 66138.3203 66244.6797 31693.8516
   vertex 65920.3906 66256.4844 31629.4434
  endloop
 endfacet
facet normal -0.132903025 -0.945098639 0.298538595
  outer loop
   vertex 66127.7812 66182.5312 31492.4102
   vertex 66267.0703 66208.6172 31637
   vertex 66138.3203 66244.6797 31693.8516
  endloop
 endfacet
facet normal -0.193894014 -0.843156099 0.501490653
  outer loop
   vertex 66072.7891 66370.4453 31879.9727
   vertex 65920.3906 66256.4844 31629.4434
   vertex 66138.3203 66244.6797 31693.8516
  endloop
 endfacet
facet normal -0.198950827 -0.597479224 -0.776812196
  outer loop
   vertex 66639.7891 66169.8828 30918.8809
   vertex 66475.3516 66113.5 31004.3574
   vertex 66400.6641 66160.8281 30987.0859
  endloop
 endfacet
facet normal -0.0683683753 -0.0956832394 -0.993061185
  outer loop
   vertex 66852.8828 66183.9531 30861.7051
   vertex 67035.3047 66213.8438 30846.2656
   vertex 66907.2969 66133.3125 30862.8379
  endloop
 endfacet
facet normal -0.246818751 0.649124861 -0.719525814
  outer loop
   vertex 67259.9688 66666.7031 30978.3711
   vertex 67101.6719 66516.4922 30897.1562
   vertex 66949.5547 66506.5781 30940.3906
  endloop
 endfacet
facet normal -0.275736481 0.200477108 -0.940094829
  outer loop
   vertex 66432.5156 66343.7969 31016.7637
   vertex 66639.7891 66169.8828 30918.8809
   vertex 66400.6641 66160.8281 30987.0859
  endloop
 endfacet
facet normal -0.285065025 0.189118385 -0.939665973
  outer loop
   vertex 66432.5156 66343.7969 31016.7637
   vertex 66739.4688 66339.7734 30922.834
   vertex 66639.7891 66169.8828 30918.8809
  endloop
 endfacet
facet normal -0.381026715 -0.0167352334 -0.924412549
  outer loop
   vertex 66162.2578 66452.5469 31126.1914
   vertex 66432.5156 66343.7969 31016.7637
   vertex 66178.4141 66249.2969 31123.2109
  endloop
 endfacet
facet normal -0.445026368 0.218334958 -0.868493736
  outer loop
   vertex 66400.6641 66160.8281 30987.0859
   vertex 66178.4141 66249.2969 31123.2109
   vertex 66432.5156 66343.7969 31016.7637
  endloop
 endfacet
facet normal -0.549263418 -0.104067735 -0.829143941
  outer loop
   vertex 66400.6641 66160.8281 30987.0859
   vertex 66341.5469 66136.9375 31029.2461
   vertex 66178.4141 66249.2969 31123.2109
  endloop
 endfacet
facet normal -0.440339446 0.0655424893 -0.89543587
  outer loop
   vertex 65980.6641 66432.9766 31233.9004
   vertex 66178.4141 66249.2969 31123.2109
   vertex 65824.9297 66247.2578 31296.8926
  endloop
 endfacet
facet normal -0.470012128 -0.586574972 -0.65955925
  outer loop
   vertex 65578.7031 66273.9688 31420.2383
   vertex 65495.9141 66286.8594 31467.7676
   vertex 65496.7617 66301.9844 31453.7109
  endloop
 endfacet
facet normal -0.44733122 -0.664132059 -0.599018693
  outer loop
   vertex 65578.7031 66273.9688 31420.2383
   vertex 65489.3359 66264.4844 31497.4863
   vertex 65495.9141 66286.8594 31467.7676
  endloop
 endfacet
facet normal -0.498883575 0.747162998 -0.439161241
  outer loop
   vertex 66068.875 66708.4531 31414.291
   vertex 65894.5625 66608.7891 31442.7402
   vertex 66032.5859 66792.5156 31598.5332
  endloop
 endfacet
facet normal -0.517755091 0.0259368476 -0.85513562
  outer loop
   vertex 66080.9219 66544.7734 31153.1543
   vertex 66094.625 66526.0859 31144.291
   vertex 66073.1406 66510.2812 31156.8203
  endloop
 endfacet
facet normal -0.480956048 -0.795418262 0.368769735
  outer loop
   vertex 65495.3125 66319.4531 31409.5977
   vertex 65578.7031 66273.9688 31420.2383
   vertex 65493.8008 66331.6406 31433.9141
  endloop
 endfacet
facet normal -0.371097952 0.266450763 -0.889545023
  outer loop
   vertex 65697.0078 66182.3906 31330.8281
   vertex 65824.9297 66247.2578 31296.8926
   vertex 65720.0547 66168.4453 31317.0352
  endloop
 endfacet
facet normal 0.116331957 0.0640597418 -0.991142392
  outer loop
   vertex 65495.3125 66319.4531 31409.5977
   vertex 65479.4688 66332.8047 31408.6016
   vertex 65535.5156 66352.4531 31416.4492
  endloop
 endfacet
facet normal 0.14313823 0.0310061052 -0.989216924
  outer loop
   vertex 65495.3125 66319.4531 31409.5977
   vertex 65535.5156 66352.4531 31416.4492
   vertex 65578.7031 66273.9688 31420.2383
  endloop
 endfacet
facet normal -0.429055899 0.154536292 -0.889960408
  outer loop
   vertex 65824.9297 66247.2578 31296.8926
   vertex 65578.7031 66273.9688 31420.2383
   vertex 65719.6953 66391.8047 31372.7246
  endloop
 endfacet
facet normal -0.394289851 0.328561306 -0.858244121
  outer loop
   vertex 65697.0078 66182.3906 31330.8281
   vertex 65578.7031 66273.9688 31420.2383
   vertex 65824.9297 66247.2578 31296.8926
  endloop
 endfacet
facet normal -0.480070531 0.107266515 -0.870647013
  outer loop
   vertex 65980.6641 66432.9766 31233.9004
   vertex 65824.9297 66247.2578 31296.8926
   vertex 65719.6953 66391.8047 31372.7246
  endloop
 endfacet
facet normal -0.475605905 0.797357559 -0.371510357
  outer loop
   vertex 66232.9453 67027.3672 31860.9355
   vertex 66560.6562 67254.1875 31928.2109
   vertex 66312.7812 66990.375 31679.3379
  endloop
 endfacet
facet normal -0.467699945 0.589443803 -0.658644676
  outer loop
   vertex 65630.8438 66453.3203 31490.875
   vertex 65894.5625 66608.7891 31442.7402
   vertex 65719.6953 66391.8047 31372.7246
  endloop
 endfacet
facet normal -0.301316142 0.733924568 -0.608739078
  outer loop
   vertex 65630.8438 66453.3203 31490.875
   vertex 65719.6953 66391.8047 31372.7246
   vertex 65535.5156 66352.4531 31416.4492
  endloop
 endfacet
facet normal -0.451554149 0.582099676 -0.676209152
  outer loop
   vertex 65719.6953 66391.8047 31372.7246
   vertex 65894.5625 66608.7891 31442.7402
   vertex 65980.6641 66432.9766 31233.9004
  endloop
 endfacet
facet normal -0.481259972 0.372646868 0.793424964
  outer loop
   vertex 65485.1523 66286.7891 31518.959
   vertex 65526.9883 66287.8125 31543.8535
   vertex 65524.918 66342.6016 31516.8652
  endloop
 endfacet
facet normal -0.567551851 0.821884036 0.0489029586
  outer loop
   vertex 65630.8438 66453.3203 31490.875
   vertex 65517.2266 66377.7344 31442.6855
   vertex 65515.0352 66374.9453 31464.0977
  endloop
 endfacet
facet normal -0.603160203 -0.486212403 0.632293701
  outer loop
   vertex 65841.0234 66376.0391 31776.3145
   vertex 65943.2656 66399.9453 31892.2305
   vertex 65929.9219 66466.75 31930.8672
  endloop
 endfacet
facet normal -0.723801076 0.0126457661 0.689892828
  outer loop
   vertex 65871.0938 66714.7422 31898.9668
   vertex 65843.8281 66570.8359 31873.002
   vertex 66055.2734 66820.6094 32090.2617
  endloop
 endfacet
facet normal -0.350943476 0.905022979 0.240358293
  outer loop
   vertex 65535.5156 66352.4531 31416.4492
   vertex 65479.4688 66332.8047 31408.6016
   vertex 65493.8008 66331.6406 31433.9141
  endloop
 endfacet
facet normal -0.855107903 0.502340436 -0.128236249
  outer loop
   vertex 65827.5312 66666.5234 31651.8633
   vertex 65798.5938 66656.4219 31805.2051
   vertex 65843.8125 66731.8438 31799.1523
  endloop
 endfacet
facet normal -0.663586855 0.450394452 -0.597325146
  outer loop
   vertex 65489.3359 66264.4844 31497.4863
   vertex 65485.1523 66286.7891 31518.959
   vertex 65524.918 66342.6016 31516.8652
  endloop
 endfacet
facet normal -0.920418441 0.232067689 0.314602107
  outer loop
   vertex 65515.0352 66374.9453 31464.0977
   vertex 65493.8008 66331.6406 31433.9141
   vertex 65524.918 66342.6016 31516.8652
  endloop
 endfacet
facet normal 0.0890083537 0.604434133 -0.791667163
  outer loop
   vertex 66032.5859 66792.5156 31598.5332
   vertex 65894.5625 66608.7891 31442.7402
   vertex 65921.6328 66709.2344 31522.4746
  endloop
 endfacet
facet normal -0.933941305 0.129170164 0.333269805
  outer loop
   vertex 65496.7617 66301.9844 31453.7109
   vertex 65524.918 66342.6016 31516.8652
   vertex 65493.8008 66331.6406 31433.9141
  endloop
 endfacet
facet normal -0.790265262 0.47675547 -0.384948105
  outer loop
   vertex 65894.5625 66608.7891 31442.7402
   vertex 65827.5312 66666.5234 31651.8633
   vertex 65899.1875 66701.5859 31548.1699
  endloop
 endfacet
facet normal -0.52037245 0.765628576 -0.378186971
  outer loop
   vertex 65827.5312 66666.5234 31651.8633
   vertex 65894.5625 66608.7891 31442.7402
   vertex 65630.8438 66453.3203 31490.875
  endloop
 endfacet
facet normal -0.598674834 0.799937844 -0.0410837717
  outer loop
   vertex 65852.4297 66740.9062 31849.9141
   vertex 65988.8203 66844.2266 31874.1641
   vertex 65843.8125 66731.8438 31799.1523
  endloop
 endfacet
facet normal -0.835914075 0.284224421 0.469536096
  outer loop
   vertex 65798.5938 66656.4219 31805.2051
   vertex 65871.0938 66714.7422 31898.9668
   vertex 65852.4297 66740.9062 31849.9141
  endloop
 endfacet
facet normal -0.359807223 0.796497464 -0.485932678
  outer loop
   vertex 66507.7578 67025.2344 31592.0957
   vertex 66312.7812 66990.375 31679.3379
   vertex 66560.6562 67254.1875 31928.2109
  endloop
 endfacet
facet normal -0.484980732 -0.440320104 0.755587101
  outer loop
   vertex 65929.9219 66466.75 31930.8672
   vertex 65997.9297 66445.2656 31962.002
   vertex 66110.1719 66598.3438 32123.252
  endloop
 endfacet
facet normal -0.55588448 0.508699119 -0.657432616
  outer loop
   vertex 65980.6641 66432.9766 31233.9004
   vertex 65894.5625 66608.7891 31442.7402
   vertex 66129.0703 66587.6094 31228.0625
  endloop
 endfacet
facet normal -0.408150643 -0.0866555497 0.908792555
  outer loop
   vertex 65812.6484 66647.3828 31866.2969
   vertex 65843.8281 66570.8359 31873.002
   vertex 65871.0938 66714.7422 31898.9668
  endloop
 endfacet
facet normal -0.854601741 0.516575575 0.0529672503
  outer loop
   vertex 65843.8125 66731.8438 31799.1523
   vertex 65798.5938 66656.4219 31805.2051
   vertex 65852.4297 66740.9062 31849.9141
  endloop
 endfacet
facet normal -0.788211823 0.556123912 0.263530463
  outer loop
   vertex 65798.5938 66656.4219 31805.2051
   vertex 65812.6484 66647.3828 31866.2969
   vertex 65871.0938 66714.7422 31898.9668
  endloop
 endfacet
facet normal -0.542804122 -0.839388907 -0.0281071682
  outer loop
   vertex 65443.1523 67533.8281 34113.2578
   vertex 65422.7539 67541.6484 34273.5586
   vertex 65378.2812 67574.0078 34166.0977
  endloop
 endfacet
facet normal -0.622136474 -0.781834006 -0.0410102494
  outer loop
   vertex 65443.1523 67533.8281 34113.2578
   vertex 65522.1562 67468.5859 34158.4219
   vertex 65422.7539 67541.6484 34273.5586
  endloop
 endfacet
facet normal -0.752909899 0.650607347 -0.0991803557
  outer loop
   vertex 65798.5938 66656.4219 31805.2051
   vertex 65827.5312 66666.5234 31651.8633
   vertex 65690.9141 66510.6484 31666.4414
  endloop
 endfacet
facet normal -0.808418036 0.0380339548 0.587378681
  outer loop
   vertex 65843.8281 66570.8359 31873.002
   vertex 65798.5938 66656.4219 31805.2051
   vertex 65690.9141 66510.6484 31666.4414
  endloop
 endfacet
facet normal -0.814985275 0.178274393 0.551377594
  outer loop
   vertex 65656.5312 66384.3672 31656.4531
   vertex 65843.8281 66570.8359 31873.002
   vertex 65690.9141 66510.6484 31666.4414
  endloop
 endfacet
facet normal -0.741360664 0.150105879 0.654104471
  outer loop
   vertex 65524.918 66342.6016 31516.8652
   vertex 65656.5312 66384.3672 31656.4531
   vertex 65690.9141 66510.6484 31666.4414
  endloop
 endfacet
facet normal -0.475845248 0.822307885 -0.312059343
  outer loop
   vertex 65988.8203 66844.2266 31874.1641
   vertex 65827.5312 66666.5234 31651.8633
   vertex 65843.8125 66731.8438 31799.1523
  endloop
 endfacet
facet normal -0.720107257 0.693576872 0.0199157968
  outer loop
   vertex 65524.918 66342.6016 31516.8652
   vertex 65690.9141 66510.6484 31666.4414
   vertex 65630.8438 66453.3203 31490.875
  endloop
 endfacet
facet normal -0.749525011 0.66072309 0.0407097414
  outer loop
   vertex 65827.5312 66666.5234 31651.8633
   vertex 65630.8438 66453.3203 31490.875
   vertex 65690.9141 66510.6484 31666.4414
  endloop
 endfacet
facet normal -0.560526967 0.65514344 0.50655365
  outer loop
   vertex 65524.918 66342.6016 31516.8652
   vertex 65630.8438 66453.3203 31490.875
   vertex 65515.0352 66374.9453 31464.0977
  endloop
 endfacet
facet normal -0.473122537 0.661311567 -0.582084298
  outer loop
   vertex 65894.5625 66608.7891 31442.7402
   vertex 66068.875 66708.4531 31414.291
   vertex 66129.0703 66587.6094 31228.0625
  endloop
 endfacet
facet normal -0.538045764 0.838267088 -0.0884025097
  outer loop
   vertex 65827.5312 66666.5234 31651.8633
   vertex 66032.5859 66792.5156 31598.5332
   vertex 65899.1875 66701.5859 31548.1699
  endloop
 endfacet
facet normal -0.552624822 0.798845768 -0.237594724
  outer loop
   vertex 65827.5312 66666.5234 31651.8633
   vertex 65988.8203 66844.2266 31874.1641
   vertex 66032.5859 66792.5156 31598.5332
  endloop
 endfacet
facet normal -0.503506124 0.84313798 -0.188679516
  outer loop
   vertex 66032.5859 66792.5156 31598.5332
   vertex 65921.6328 66709.2344 31522.4746
   vertex 65899.1875 66701.5859 31548.1699
  endloop
 endfacet
facet normal 0.440705925 0.62741071 -0.641976714
  outer loop
   vertex 66129.0703 66587.6094 31228.0625
   vertex 66094.625 66526.0859 31144.291
   vertex 66080.9219 66544.7734 31153.1543
  endloop
 endfacet
facet normal -0.286918521 0.530932546 -0.7973634
  outer loop
   vertex 66129.0703 66587.6094 31228.0625
   vertex 66347.3281 66531.2422 31111.9941
   vertex 66162.2578 66452.5469 31126.1914
  endloop
 endfacet
facet normal 0.481574088 0.600099802 -0.638722658
  outer loop
   vertex 66129.0703 66587.6094 31228.0625
   vertex 66162.2578 66452.5469 31126.1914
   vertex 66094.625 66526.0859 31144.291
  endloop
 endfacet
facet normal 0.269608408 -0.91634053 0.296025842
  outer loop
   vertex 67009.6328 66465.3516 31990.7188
   vertex 67184.1797 66648.8828 32399.8672
   vertex 66990.0938 66560.0312 32301.6016
  endloop
 endfacet
facet normal 0.101491094 -0.94988215 0.295674622
  outer loop
   vertex 66731.7812 66529.2891 32291.502
   vertex 67009.6328 66465.3516 31990.7188
   vertex 66990.0938 66560.0312 32301.6016
  endloop
 endfacet
facet normal -0.363499045 0.787439883 -0.497802049
  outer loop
   vertex 66507.7578 67025.2344 31592.0957
   vertex 66284.6797 66820.2109 31430.6816
   vertex 66312.7812 66990.375 31679.3379
  endloop
 endfacet
facet normal -0.463246733 0.806262195 -0.367890924
  outer loop
   vertex 66032.5859 66792.5156 31598.5332
   vertex 66232.9453 67027.3672 31860.9355
   vertex 66312.7812 66990.375 31679.3379
  endloop
 endfacet
facet normal -0.407332271 0.774491489 -0.483986884
  outer loop
   vertex 66284.6797 66820.2109 31430.6816
   vertex 66032.5859 66792.5156 31598.5332
   vertex 66312.7812 66990.375 31679.3379
  endloop
 endfacet
facet normal -0.675758064 0.0750444457 -0.733293533
  outer loop
   vertex 66373.3281 67276.6562 32191.2188
   vertex 66422.4453 67291.0625 32147.4297
   vertex 66334.4688 67225.2422 32221.7656
  endloop
 endfacet
facet normal -0.827199817 0.471363187 0.305871189
  outer loop
   vertex 65988.8203 66844.2266 31874.1641
   vertex 66055.2734 66820.6094 32090.2617
   vertex 66334.4688 67225.2422 32221.7656
  endloop
 endfacet
facet normal -0.613779783 0.665891886 -0.42410183
  outer loop
   vertex 66608.7031 67582.1953 32342.9883
   vertex 66492.7734 67375.875 32186.8203
   vertex 66470.3125 67442.1953 32323.4512
  endloop
 endfacet
facet normal -0.847885191 0.486576796 -0.210555747
  outer loop
   vertex 66485.6953 67558.6406 32530.6387
   vertex 66348.3438 67325.2109 32544.3184
   vertex 66349.0781 67460.2344 32853.3906
  endloop
 endfacet
facet normal -0.143357426 -0.846488178 0.512744009
  outer loop
   vertex 66363.0391 66299.3906 31843.8145
   vertex 66370.4062 66454.9922 32102.7598
   vertex 66072.7891 66370.4453 31879.9727
  endloop
 endfacet
facet normal -0.468838602 -0.751152337 0.46471554
  outer loop
   vertex 66363.0391 66299.3906 31843.8145
   vertex 66413.0078 66347.8125 31972.4922
   vertex 66370.4062 66454.9922 32102.7598
  endloop
 endfacet
facet normal -0.0984978229 -0.847190619 0.522078753
  outer loop
   vertex 66370.4062 66454.9922 32102.7598
   vertex 66731.7812 66529.2891 32291.502
   vertex 66435.3125 66747.5156 32589.6914
  endloop
 endfacet
facet normal -0.314911336 -0.668045938 0.674199879
  outer loop
   vertex 66110.1719 66598.3438 32123.252
   vertex 66072.7891 66370.4453 31879.9727
   vertex 66370.4062 66454.9922 32102.7598
  endloop
 endfacet
facet normal 0.0168905221 -0.730989754 0.682179332
  outer loop
   vertex 65997.9297 66445.2656 31962.002
   vertex 66072.7891 66370.4453 31879.9727
   vertex 66110.1719 66598.3438 32123.252
  endloop
 endfacet
facet normal -0.204718083 0.572987437 -0.793584168
  outer loop
   vertex 66442.7344 66715.3438 31220.3086
   vertex 66630.8906 66562.0703 31061.1055
   vertex 66347.3281 66531.2422 31111.9941
  endloop
 endfacet
facet normal -0.158419296 0.68383801 -0.712228119
  outer loop
   vertex 67238.4141 66999.2266 31302.4297
   vertex 67259.9688 66666.7031 30978.3711
   vertex 66920.0547 66736.2344 31120.7383
  endloop
 endfacet
facet normal -0.257491738 0.585631728 -0.768591881
  outer loop
   vertex 66347.3281 66531.2422 31111.9941
   vertex 66129.0703 66587.6094 31228.0625
   vertex 66442.7344 66715.3438 31220.3086
  endloop
 endfacet
facet normal -0.3139126 0.734295487 -0.601887882
  outer loop
   vertex 66284.6797 66820.2109 31430.6816
   vertex 66442.7344 66715.3438 31220.3086
   vertex 66129.0703 66587.6094 31228.0625
  endloop
 endfacet
facet normal -0.336789697 0.736410737 -0.586746931
  outer loop
   vertex 66284.6797 66820.2109 31430.6816
   vertex 66129.0703 66587.6094 31228.0625
   vertex 66068.875 66708.4531 31414.291
  endloop
 endfacet
facet normal -0.202885836 0.368677735 -0.907146096
  outer loop
   vertex 66432.5156 66343.7969 31016.7637
   vertex 66347.3281 66531.2422 31111.9941
   vertex 66630.8906 66562.0703 31061.1055
  endloop
 endfacet
facet normal -0.261309952 0.414572746 -0.871691763
  outer loop
   vertex 66739.4688 66339.7734 30922.834
   vertex 66432.5156 66343.7969 31016.7637
   vertex 66630.8906 66562.0703 31061.1055
  endloop
 endfacet
facet normal -0.565881252 -0.759343028 0.321211129
  outer loop
   vertex 66949.9766 66097.875 31227.2988
   vertex 66941.2578 66130.4375 31288.9297
   vertex 66896.4141 66114.4609 31172.1621
  endloop
 endfacet
facet normal -0.223213598 0.578157842 -0.784798861
  outer loop
   vertex 66562.5781 66853.5156 31271.8496
   vertex 66577.2266 66840 31257.7266
   vertex 66553.4688 66819.7031 31249.5312
  endloop
 endfacet
facet normal -0.207399309 0.587562323 -0.782148361
  outer loop
   vertex 67259.9688 66666.7031 30978.3711
   vertex 66949.5547 66506.5781 30940.3906
   vertex 66920.0547 66736.2344 31120.7383
  endloop
 endfacet
facet normal -0.258331835 0.707901478 -0.657373667
  outer loop
   vertex 67041.9766 67369.9609 31758.5938
   vertex 67194.6484 67255.7031 31575.5527
   vertex 66843.2656 67149.8906 31599.6953
  endloop
 endfacet
facet normal 0.362148196 -0.898387015 0.248494342
  outer loop
   vertex 67274.2031 66626.6875 32188.4277
   vertex 67184.1797 66648.8828 32399.8672
   vertex 67009.6328 66465.3516 31990.7188
  endloop
 endfacet
facet normal -0.419827849 0.696260035 -0.582208276
  outer loop
   vertex 66560.6562 67254.1875 31928.2109
   vertex 66787.8516 67298.7109 31817.6289
   vertex 66843.2656 67149.8906 31599.6953
  endloop
 endfacet
facet normal -0.322314948 0.727958083 -0.605136395
  outer loop
   vertex 67041.9766 67369.9609 31758.5938
   vertex 66843.2656 67149.8906 31599.6953
   vertex 66884.7344 67321.4766 31784.0156
  endloop
 endfacet
facet normal 0.0668943375 -0.932843208 0.354017913
  outer loop
   vertex 66363.0391 66299.3906 31843.8145
   vertex 66477.9375 66191.1797 31536.9746
   vertex 66645.1719 66317.75 31838.877
  endloop
 endfacet
facet normal -0.163528681 0.767351806 -0.620023847
  outer loop
   vertex 66837.9609 66912.3672 31307.1289
   vertex 66576.9688 66884.0625 31340.9395
   vertex 66843.2656 67149.8906 31599.6953
  endloop
 endfacet
facet normal -0.631504595 0.688769281 0.356088191
  outer loop
   vertex 66373.3281 67276.6562 32191.2188
   vertex 66334.4688 67225.2422 32221.7656
   vertex 66395.8984 67297.5156 32190.9102
  endloop
 endfacet
facet normal -0.285215139 0.799820542 -0.528147161
  outer loop
   vertex 66507.7578 67025.2344 31592.0957
   vertex 66843.2656 67149.8906 31599.6953
   vertex 66576.9688 66884.0625 31340.9395
  endloop
 endfacet
facet normal -0.343618959 0.711557329 -0.612872064
  outer loop
   vertex 66442.7344 66715.3438 31220.3086
   vertex 66284.6797 66820.2109 31430.6816
   vertex 66576.9688 66884.0625 31340.9395
  endloop
 endfacet
facet normal -0.975646257 0.181644276 0.122962438
  outer loop
   vertex 66553.4688 66819.7031 31249.5312
   vertex 66576.9688 66884.0625 31340.9395
   vertex 66562.5781 66853.5156 31271.8496
  endloop
 endfacet
facet normal -0.588238239 0.724646211 -0.358975828
  outer loop
   vertex 66442.7344 66715.3438 31220.3086
   vertex 66576.9688 66884.0625 31340.9395
   vertex 66553.4688 66819.7031 31249.5312
  endloop
 endfacet
facet normal 0.343221813 0.83049655 -0.438718915
  outer loop
   vertex 66562.5781 66853.5156 31271.8496
   vertex 66576.9688 66884.0625 31340.9395
   vertex 66577.2266 66840 31257.7266
  endloop
 endfacet
facet normal -0.333103657 0.779780149 -0.53008008
  outer loop
   vertex 66284.6797 66820.2109 31430.6816
   vertex 66507.7578 67025.2344 31592.0957
   vertex 66576.9688 66884.0625 31340.9395
  endloop
 endfacet
facet normal -0.212521806 0.69509244 -0.686790347
  outer loop
   vertex 67194.6484 67255.7031 31575.5527
   vertex 67536.1562 67258.1953 31472.4043
   vertex 67238.4141 66999.2266 31302.4297
  endloop
 endfacet
facet normal -0.0549759232 0.591281593 -0.804589152
  outer loop
   vertex 67586.5391 67049.5859 31315.6543
   vertex 67238.4141 66999.2266 31302.4297
   vertex 67536.1562 67258.1953 31472.4043
  endloop
 endfacet
facet normal -0.111460567 0.697326362 -0.708034217
  outer loop
   vertex 66837.9609 66912.3672 31307.1289
   vertex 66920.0547 66736.2344 31120.7383
   vertex 66641.6719 66783.6016 31211.2109
  endloop
 endfacet
facet normal -0.173429146 0.766125619 -0.61884886
  outer loop
   vertex 66843.2656 67149.8906 31599.6953
   vertex 67238.4141 66999.2266 31302.4297
   vertex 66837.9609 66912.3672 31307.1289
  endloop
 endfacet
facet normal -0.253127724 0.684657574 -0.683498621
  outer loop
   vertex 66843.2656 67149.8906 31599.6953
   vertex 67194.6484 67255.7031 31575.5527
   vertex 67238.4141 66999.2266 31302.4297
  endloop
 endfacet
facet normal 0.440075159 -0.766752899 0.467358351
  outer loop
   vertex 66949.9766 66097.875 31227.2988
   vertex 66997.1172 66140.4688 31252.7832
   vertex 66941.2578 66130.4375 31288.9297
  endloop
 endfacet
facet normal -0.0468768515 0.291026205 -0.955565989
  outer loop
   vertex 67190.4375 66395.1562 30867.2188
   vertex 67011.0312 66264.4297 30836.2051
   vertex 66965.7031 66340.8984 30861.7188
  endloop
 endfacet
facet normal 0.00892548636 0.0641867444 -0.997897983
  outer loop
   vertex 67067.6797 66438.7266 30868.9219
   vertex 67190.4375 66395.1562 30867.2188
   vertex 66965.7031 66340.8984 30861.7188
  endloop
 endfacet
facet normal -0.14472416 0.234891102 -0.961187303
  outer loop
   vertex 67190.4375 66395.1562 30867.2188
   vertex 67125.8125 66262.6641 30844.5684
   vertex 67035.3047 66213.8438 30846.2656
  endloop
 endfacet
facet normal -0.0207536705 0.492339343 -0.870155871
  outer loop
   vertex 67101.6719 66516.4922 30897.1562
   vertex 67259.9688 66666.7031 30978.3711
   vertex 67150.8125 66492.7188 30882.5352
  endloop
 endfacet
facet normal -0.247792631 0.667886019 -0.701802731
  outer loop
   vertex 67238.4141 66999.2266 31302.4297
   vertex 67767.6328 66972.25 31089.9082
   vertex 67259.9688 66666.7031 30978.3711
  endloop
 endfacet
facet normal 0.684553266 -0.343543261 0.642934561
  outer loop
   vertex 67770.8984 66739.8359 31013.5645
   vertex 67806.9609 66755.6875 30983.6348
   vertex 67828.8203 66861.1328 31016.7012
  endloop
 endfacet
facet normal -0.0470553264 -0.216509461 -0.975145876
  outer loop
   vertex 66852.8828 66183.9531 30861.7051
   vertex 67011.0312 66264.4297 30836.2051
   vertex 67035.3047 66213.8438 30846.2656
  endloop
 endfacet
facet normal 0.773225784 -0.382345766 0.505898774
  outer loop
   vertex 67828.8203 66861.1328 31016.7012
   vertex 67692.8984 66650.3594 31065.1543
   vertex 67770.8984 66739.8359 31013.5645
  endloop
 endfacet
facet normal 0.843059957 -0.33994332 -0.416759461
  outer loop
   vertex 67190.4375 66395.1562 30867.2188
   vertex 67142.4297 66249.3203 30889.0566
   vertex 67125.8125 66262.6641 30844.5684
  endloop
 endfacet
facet normal 0.428703725 -0.808747113 -0.402667642
  outer loop
   vertex 67035.3047 66213.8438 30846.2656
   vertex 67125.8125 66262.6641 30844.5684
   vertex 67142.4297 66249.3203 30889.0566
  endloop
 endfacet
facet normal -0.242678285 0.174526498 -0.954278648
  outer loop
   vertex 67011.0312 66264.4297 30836.2051
   vertex 66852.8828 66183.9531 30861.7051
   vertex 66965.7031 66340.8984 30861.7188
  endloop
 endfacet
facet normal -0.00537703047 -0.999954045 0.00793414097
  outer loop
   vertex 66573.7578 66116.4297 31201.4219
   vertex 66786.6797 66113.2422 30944.1621
   vertex 66896.4141 66114.4609 31172.1621
  endloop
 endfacet
facet normal 0.251168162 -0.95833689 0.136032894
  outer loop
   vertex 66907.2969 66133.3125 30862.8379
   vertex 66786.6797 66113.2422 30944.1621
   vertex 66849.9922 66118.6484 30865.3359
  endloop
 endfacet
facet normal 0.923452556 -0.280880928 0.261421591
  outer loop
   vertex 67932.4531 67025.9531 30827.7266
   vertex 67840.6797 66952.6016 31073.0918
   vertex 67828.8203 66861.1328 31016.7012
  endloop
 endfacet
facet normal -0.134544417 -0.27097857 0.953136086
  outer loop
   vertex 67969.0625 66820.8438 31025.043
   vertex 67828.8203 66861.1328 31016.7012
   vertex 67806.9609 66755.6875 30983.6348
  endloop
 endfacet
facet normal 0.0793611705 -0.854620576 -0.51315248
  outer loop
   vertex 68537.7031 66810.0469 30352.5195
   vertex 68387.0703 66828.6094 30298.3008
   vertex 68487.1406 66921.8359 30158.5254
  endloop
 endfacet
facet normal -0.430118084 -0.826158643 -0.363950998
  outer loop
   vertex 68537.7031 66810.0469 30352.5195
   vertex 68487.1406 66921.8359 30158.5254
   vertex 68621.3828 66848.7031 30165.875
  endloop
 endfacet
facet normal 0.524815857 -0.798125803 -0.295911402
  outer loop
   vertex 67142.4297 66249.3203 30889.0566
   vertex 67126.7031 66205.7344 30978.7188
   vertex 67001.7422 66151.2031 30904.1719
  endloop
 endfacet
facet normal 0.448923856 -0.724331021 -0.523270369
  outer loop
   vertex 67035.3047 66213.8438 30846.2656
   vertex 67142.4297 66249.3203 30889.0566
   vertex 67001.7422 66151.2031 30904.1719
  endloop
 endfacet
facet normal 0.177461579 -0.983916342 0.0203976203
  outer loop
   vertex 67001.7422 66151.2031 30904.1719
   vertex 66786.6797 66113.2422 30944.1621
   vertex 66907.2969 66133.3125 30862.8379
  endloop
 endfacet
facet normal -0.265473485 0.151477456 -0.952144086
  outer loop
   vertex 66852.8828 66183.9531 30861.7051
   vertex 66748.2188 66123.5234 30881.2734
   vertex 66639.7891 66169.8828 30918.8809
  endloop
 endfacet
facet normal -0.0296425279 -0.0541805252 -0.998091102
  outer loop
   vertex 66852.8828 66183.9531 30861.7051
   vertex 66907.2969 66133.3125 30862.8379
   vertex 66849.9922 66118.6484 30865.3359
  endloop
 endfacet
facet normal 0.385550112 -0.729232311 -0.565306425
  outer loop
   vertex 67035.3047 66213.8438 30846.2656
   vertex 67001.7422 66151.2031 30904.1719
   vertex 66907.2969 66133.3125 30862.8379
  endloop
 endfacet
facet normal -0.0928153396 0.375384629 -0.922210217
  outer loop
   vertex 67101.6719 66516.4922 30897.1562
   vertex 67150.8125 66492.7188 30882.5352
   vertex 67067.6797 66438.7266 30868.9219
  endloop
 endfacet
facet normal 0.228397563 -0.0833221078 -0.969995856
  outer loop
   vertex 67190.4375 66395.1562 30867.2188
   vertex 67035.3047 66213.8438 30846.2656
   vertex 67011.0312 66264.4297 30836.2051
  endloop
 endfacet
facet normal 0.0480748601 0.173941761 -0.983581781
  outer loop
   vertex 67150.8125 66492.7188 30882.5352
   vertex 67190.4375 66395.1562 30867.2188
   vertex 67067.6797 66438.7266 30868.9219
  endloop
 endfacet
facet normal 0.149357259 -0.980524421 -0.127531558
  outer loop
   vertex 66990.5625 66134.9297 31016.2363
   vertex 66786.6797 66113.2422 30944.1621
   vertex 67001.7422 66151.2031 30904.1719
  endloop
 endfacet
facet normal 0.268495739 -0.910972476 -0.31311217
  outer loop
   vertex 66786.6797 66113.2422 30944.1621
   vertex 66722.1719 66112.5312 30890.9297
   vertex 66748.2188 66123.5234 30881.2734
  endloop
 endfacet
facet normal 0.441030562 -0.893383741 -0.085776329
  outer loop
   vertex 67126.7031 66205.7344 30978.7188
   vertex 66990.5625 66134.9297 31016.2363
   vertex 67001.7422 66151.2031 30904.1719
  endloop
 endfacet
facet normal 0.642778337 -0.286362678 -0.710515618
  outer loop
   vertex 66896.4141 66114.4609 31172.1621
   vertex 66997.1172 66140.4688 31252.7832
   vertex 66949.9766 66097.875 31227.2988
  endloop
 endfacet
facet normal 0.00187061727 -0.999901175 0.0139319263
  outer loop
   vertex 66786.6797 66113.2422 30944.1621
   vertex 66573.7578 66116.4297 31201.4219
   vertex 66475.3516 66113.5 31004.3574
  endloop
 endfacet
facet normal -0.779623151 -0.000332003459 -0.626248837
  outer loop
   vertex 66786.6797 66113.2422 30944.1621
   vertex 66852.8828 66183.9531 30861.7051
   vertex 66849.9922 66118.6484 30865.3359
  endloop
 endfacet
facet normal 0.406706035 -0.828845143 -0.384195179
  outer loop
   vertex 66748.2188 66123.5234 30881.2734
   vertex 66852.8828 66183.9531 30861.7051
   vertex 66786.6797 66113.2422 30944.1621
  endloop
 endfacet
facet normal -0.337644577 -0.0264736079 -0.940901339
  outer loop
   vertex 66722.1719 66112.5312 30890.9297
   vertex 66639.7891 66169.8828 30918.8809
   vertex 66748.2188 66123.5234 30881.2734
  endloop
 endfacet
facet normal -0.265955806 0.178086728 -0.947392523
  outer loop
   vertex 66639.7891 66169.8828 30918.8809
   vertex 66739.4688 66339.7734 30922.834
   vertex 66852.8828 66183.9531 30861.7051
  endloop
 endfacet
facet normal -0.25715369 0.184931666 -0.948510528
  outer loop
   vertex 66852.8828 66183.9531 30861.7051
   vertex 66739.4688 66339.7734 30922.834
   vertex 66965.7031 66340.8984 30861.7188
  endloop
 endfacet
facet normal 0.115956791 -0.916358769 0.383197844
  outer loop
   vertex 66645.1719 66317.75 31838.877
   vertex 66724.2031 66408.4297 32031.8203
   vertex 66519.9922 66370.6562 32003.2832
  endloop
 endfacet
facet normal -0.24119997 0.39701432 -0.885551929
  outer loop
   vertex 66949.5547 66506.5781 30940.3906
   vertex 66965.7031 66340.8984 30861.7188
   vertex 66739.4688 66339.7734 30922.834
  endloop
 endfacet
facet normal -0.30658412 0.383757979 -0.87105453
  outer loop
   vertex 66949.5547 66506.5781 30940.3906
   vertex 67067.6797 66438.7266 30868.9219
   vertex 66965.7031 66340.8984 30861.7188
  endloop
 endfacet
facet normal -0.272556454 0.431372255 -0.860018015
  outer loop
   vertex 67101.6719 66516.4922 30897.1562
   vertex 67067.6797 66438.7266 30868.9219
   vertex 66949.5547 66506.5781 30940.3906
  endloop
 endfacet
facet normal -0.153062358 0.5187729 -0.841098487
  outer loop
   vertex 66553.4688 66819.7031 31249.5312
   vertex 66577.2266 66840 31257.7266
   vertex 66641.6719 66783.6016 31211.2109
  endloop
 endfacet
facet normal 0.400375158 0.810328543 -0.427863747
  outer loop
   vertex 66576.9688 66884.0625 31340.9395
   vertex 66641.6719 66783.6016 31211.2109
   vertex 66577.2266 66840 31257.7266
  endloop
 endfacet
facet normal -0.164782599 0.738345861 -0.653981745
  outer loop
   vertex 66576.9688 66884.0625 31340.9395
   vertex 66837.9609 66912.3672 31307.1289
   vertex 66641.6719 66783.6016 31211.2109
  endloop
 endfacet
facet normal -0.194336995 0.450221181 -0.871512473
  outer loop
   vertex 66442.7344 66715.3438 31220.3086
   vertex 66553.4688 66819.7031 31249.5312
   vertex 66641.6719 66783.6016 31211.2109
  endloop
 endfacet
facet normal -0.226684242 0.553877056 -0.801145732
  outer loop
   vertex 66630.8906 66562.0703 31061.1055
   vertex 66442.7344 66715.3438 31220.3086
   vertex 66641.6719 66783.6016 31211.2109
  endloop
 endfacet
facet normal -0.168907642 0.558503091 -0.812123477
  outer loop
   vertex 66630.8906 66562.0703 31061.1055
   vertex 66641.6719 66783.6016 31211.2109
   vertex 66920.0547 66736.2344 31120.7383
  endloop
 endfacet
facet normal -0.193988591 0.590342462 -0.78349489
  outer loop
   vertex 66630.8906 66562.0703 31061.1055
   vertex 66920.0547 66736.2344 31120.7383
   vertex 66949.5547 66506.5781 30940.3906
  endloop
 endfacet
facet normal 0.00124927412 -0.805135369 0.593089819
  outer loop
   vertex 66413.0078 66347.8125 31972.4922
   vertex 66425.2891 66323.4609 31939.4141
   vertex 66519.9922 66370.6562 32003.2832
  endloop
 endfacet
facet normal -0.0164592285 -0.77474004 0.632065654
  outer loop
   vertex 66413.0078 66347.8125 31972.4922
   vertex 66519.9922 66370.6562 32003.2832
   vertex 66370.4062 66454.9922 32102.7598
  endloop
 endfacet
facet normal 0.502343774 -0.857487559 -0.111201838
  outer loop
   vertex 66425.2891 66323.4609 31939.4141
   vertex 66363.0391 66299.3906 31843.8145
   vertex 66519.9922 66370.6562 32003.2832
  endloop
 endfacet
facet normal 0.103622951 -0.936438262 0.335180074
  outer loop
   vertex 66794.7266 66261.8047 31636.3359
   vertex 66645.1719 66317.75 31838.877
   vertex 66477.9375 66191.1797 31536.9746
  endloop
 endfacet
facet normal 0.0669123307 -0.933805168 0.351469219
  outer loop
   vertex 66519.9922 66370.6562 32003.2832
   vertex 66363.0391 66299.3906 31843.8145
   vertex 66645.1719 66317.75 31838.877
  endloop
 endfacet
facet normal 0.230424717 -0.91360271 0.335014164
  outer loop
   vertex 66645.1719 66317.75 31838.877
   vertex 67009.6328 66465.3516 31990.7188
   vertex 66724.2031 66408.4297 32031.8203
  endloop
 endfacet
facet normal 0.108685151 -0.902460396 0.416836649
  outer loop
   vertex 66724.2031 66408.4297 32031.8203
   vertex 66731.7812 66529.2891 32291.502
   vertex 66519.9922 66370.6562 32003.2832
  endloop
 endfacet
facet normal 0.234520987 -0.883937299 0.404542655
  outer loop
   vertex 67009.6328 66465.3516 31990.7188
   vertex 66731.7812 66529.2891 32291.502
   vertex 66724.2031 66408.4297 32031.8203
  endloop
 endfacet
facet normal -0.110805809 -0.834037066 0.540466726
  outer loop
   vertex 66519.9922 66370.6562 32003.2832
   vertex 66731.7812 66529.2891 32291.502
   vertex 66370.4062 66454.9922 32102.7598
  endloop
 endfacet
facet normal 0.414923221 -0.890544951 0.186462745
  outer loop
   vertex 67184.1797 66648.8828 32399.8672
   vertex 67388.0312 66792.3203 32631.3125
   vertex 67172.4219 66696.4688 32653.2754
  endloop
 endfacet
facet normal 0.392686754 -0.895571172 0.209163606
  outer loop
   vertex 67379.0703 66747.0859 32454.4375
   vertex 67388.0312 66792.3203 32631.3125
   vertex 67184.1797 66648.8828 32399.8672
  endloop
 endfacet
facet normal 0.0112150209 -0.975326777 0.220480993
  outer loop
   vertex 66573.7578 66116.4297 31201.4219
   vertex 66789.9844 66158.1016 31374.7773
   vertex 66477.9375 66191.1797 31536.9746
  endloop
 endfacet
facet normal 0.0918246657 -0.926249564 0.365554363
  outer loop
   vertex 66794.7266 66261.8047 31636.3359
   vertex 66477.9375 66191.1797 31536.9746
   vertex 66789.9844 66158.1016 31374.7773
  endloop
 endfacet
facet normal 0.0137698213 -0.975974321 0.217450008
  outer loop
   vertex 66573.7578 66116.4297 31201.4219
   vertex 66896.4141 66114.4609 31172.1621
   vertex 66789.9844 66158.1016 31374.7773
  endloop
 endfacet
facet normal -0.0848849714 -0.982297838 0.166989431
  outer loop
   vertex 66941.2578 66130.4375 31288.9297
   vertex 66789.9844 66158.1016 31374.7773
   vertex 66896.4141 66114.4609 31172.1621
  endloop
 endfacet
facet normal 0.408947736 -0.817702889 0.405121833
  outer loop
   vertex 66941.2578 66130.4375 31288.9297
   vertex 66997.1172 66140.4688 31252.7832
   vertex 67054.7656 66272.2344 31460.5586
  endloop
 endfacet
facet normal 0.651553035 -0.709287643 0.2690534
  outer loop
   vertex 67121.9688 66219.9531 31159.9922
   vertex 67054.7656 66272.2344 31460.5586
   vertex 66997.1172 66140.4688 31252.7832
  endloop
 endfacet
facet normal 0.286253184 -0.864305973 0.413562924
  outer loop
   vertex 66975.4844 66592.1641 32425.7715
   vertex 67050.2344 66595.4531 32380.9219
   vertex 67184.1797 66648.8828 32399.8672
  endloop
 endfacet
facet normal 0.272357494 -0.896396697 0.349706143
  outer loop
   vertex 66794.7266 66261.8047 31636.3359
   vertex 67054.7656 66272.2344 31460.5586
   vertex 67009.6328 66465.3516 31990.7188
  endloop
 endfacet
facet normal 0.649101257 -0.757770956 -0.0667141378
  outer loop
   vertex 67846.9453 66912.1172 31739.4883
   vertex 67847.9219 66903.0312 31852.2715
   vertex 67667.4531 66758.3203 31740.0098
  endloop
 endfacet
facet normal 0.584206283 -0.794317544 0.166621432
  outer loop
   vertex 67667.4531 66758.3203 31740.0098
   vertex 67481.5703 66666.3828 31953.4609
   vertex 67358.2031 66525.0234 31712.0996
  endloop
 endfacet
facet normal 0.313693911 -0.945577979 0.0864778832
  outer loop
   vertex 67035.5 66647.4062 32613.4863
   vertex 67172.4219 66696.4688 32653.2754
   vertex 67099.5391 66676.3047 32697.1836
  endloop
 endfacet
facet normal -0.158217683 -0.973260641 0.166526079
  outer loop
   vertex 66692.7578 66676.2266 32772.3438
   vertex 66829.8281 66679.8594 32923.7969
   vertex 66698.0078 66703.6953 32937.8633
  endloop
 endfacet
facet normal 0.279260516 -0.941663742 0.187837452
  outer loop
   vertex 66975.4844 66592.1641 32425.7715
   vertex 67184.1797 66648.8828 32399.8672
   vertex 67035.5 66647.4062 32613.4863
  endloop
 endfacet
facet normal 0.128324226 -0.967046618 0.219894782
  outer loop
   vertex 66731.7812 66529.2891 32291.502
   vertex 66975.4844 66592.1641 32425.7715
   vertex 66864.0078 66603.4453 32540.4453
  endloop
 endfacet
facet normal 0.104047097 -0.95982939 0.260579526
  outer loop
   vertex 66990.0938 66560.0312 32301.6016
   vertex 66975.4844 66592.1641 32425.7715
   vertex 66731.7812 66529.2891 32291.502
  endloop
 endfacet
facet normal 0.145688429 -0.960732281 0.2361532
  outer loop
   vertex 66975.4844 66592.1641 32425.7715
   vertex 67035.5 66647.4062 32613.4863
   vertex 66864.0078 66603.4453 32540.4453
  endloop
 endfacet
facet normal -0.0464741848 -0.950328052 0.307760864
  outer loop
   vertex 66731.7812 66529.2891 32291.502
   vertex 66864.0078 66603.4453 32540.4453
   vertex 66721.0312 66633.4922 32611.6504
  endloop
 endfacet
facet normal 0.34802106 -0.925500333 0.149433985
  outer loop
   vertex 66990.0938 66560.0312 32301.6016
   vertex 67184.1797 66648.8828 32399.8672
   vertex 67050.2344 66595.4531 32380.9219
  endloop
 endfacet
facet normal 0.202059299 -0.942125797 0.26752761
  outer loop
   vertex 67050.2344 66595.4531 32380.9219
   vertex 66975.4844 66592.1641 32425.7715
   vertex 66990.0938 66560.0312 32301.6016
  endloop
 endfacet
facet normal 0.647868991 0.600603342 -0.46855244
  outer loop
   vertex 66331.7266 66920.6328 32668.3691
   vertex 66435.3125 66747.5156 32589.6914
   vertex 66339.4219 66882.3594 32629.9473
  endloop
 endfacet
facet normal -0.229724362 -0.948290586 0.219024375
  outer loop
   vertex 66863.5156 66692.1953 33012.5625
   vertex 66797.4297 66722.5703 33074.7383
   vertex 66829.8281 66679.8594 32923.7969
  endloop
 endfacet
facet normal -0.147915915 -0.959498882 0.239755616
  outer loop
   vertex 66698.0078 66703.6953 32937.8633
   vertex 66829.8281 66679.8594 32923.7969
   vertex 66797.4297 66722.5703 33074.7383
  endloop
 endfacet
facet normal -0.73118341 -0.308609873 0.608383715
  outer loop
   vertex 66110.1719 66598.3438 32123.252
   vertex 66435.3125 66747.5156 32589.6914
   vertex 66280.7891 66973.7188 32518.7148
  endloop
 endfacet
facet normal 0.160877138 -0.956851423 0.241979212
  outer loop
   vertex 66864.3281 66649.7578 32736.5918
   vertex 67035.5 66647.4062 32613.4863
   vertex 67090.9297 66704.7109 32803.2383
  endloop
 endfacet
facet normal 0.150001198 -0.962282956 0.226960689
  outer loop
   vertex 67035.5 66647.4062 32613.4863
   vertex 66864.3281 66649.7578 32736.5918
   vertex 66864.0078 66603.4453 32540.4453
  endloop
 endfacet
facet normal 0.403093874 -0.875295103 0.267158866
  outer loop
   vertex 67090.9297 66704.7109 32803.2383
   vertex 67099.5391 66676.3047 32697.1836
   vertex 67172.4219 66696.4688 32653.2754
  endloop
 endfacet
facet normal 0.0878586769 -0.960407138 0.26438418
  outer loop
   vertex 67099.5391 66676.3047 32697.1836
   vertex 67090.9297 66704.7109 32803.2383
   vertex 67035.5 66647.4062 32613.4863
  endloop
 endfacet
facet normal 0.281890154 -0.940511107 0.189675629
  outer loop
   vertex 67184.1797 66648.8828 32399.8672
   vertex 67172.4219 66696.4688 32653.2754
   vertex 67035.5 66647.4062 32613.4863
  endloop
 endfacet
facet normal -0.391434968 0.694580913 -0.603602529
  outer loop
   vertex 66712.4219 67407.75 32006.4961
   vertex 66879.2344 67451.2188 31948.3418
   vertex 66560.6562 67254.1875 31928.2109
  endloop
 endfacet
facet normal -0.517984807 0.668238401 0.533993661
  outer loop
   vertex 66334.4688 67225.2422 32221.7656
   vertex 66492.7734 67375.875 32186.8203
   vertex 66395.8984 67297.5156 32190.9102
  endloop
 endfacet
facet normal -0.6915977 0.440495282 0.572412848
  outer loop
   vertex 66348.3438 67325.2109 32544.3184
   vertex 66485.6953 67558.6406 32530.6387
   vertex 66389.0312 67429.8828 32512.9316
  endloop
 endfacet
facet normal -0.935109735 0.352419674 -0.0370164104
  outer loop
   vertex 66376.1719 67389.7031 32455.3262
   vertex 66348.3438 67325.2109 32544.3184
   vertex 66389.0312 67429.8828 32512.9316
  endloop
 endfacet
facet normal -0.967909753 0.231118172 -0.0986668766
  outer loop
   vertex 66349.0781 67460.2344 32853.3906
   vertex 66348.3438 67325.2109 32544.3184
   vertex 66307.3125 67218.5938 32697.0762
  endloop
 endfacet
facet normal -0.981664777 0.189888716 -0.0166311841
  outer loop
   vertex 66348.3438 67325.2109 32544.3184
   vertex 66334.4688 67225.2422 32221.7656
   vertex 66280.7891 66973.7188 32518.7148
  endloop
 endfacet
facet normal -0.94396621 0.324544817 -0.0599867217
  outer loop
   vertex 66348.3438 67325.2109 32544.3184
   vertex 66376.1719 67389.7031 32455.3262
   vertex 66334.4688 67225.2422 32221.7656
  endloop
 endfacet
facet normal -0.972672343 0.196013927 -0.124446884
  outer loop
   vertex 66307.3125 67218.5938 32697.0762
   vertex 66348.3438 67325.2109 32544.3184
   vertex 66280.7891 66973.7188 32518.7148
  endloop
 endfacet
facet normal -0.374488145 -0.885329366 0.275591165
  outer loop
   vertex 66731.7812 66529.2891 32291.502
   vertex 66721.0312 66633.4922 32611.6504
   vertex 66435.3125 66747.5156 32589.6914
  endloop
 endfacet
facet normal 0.0437383503 -0.995879352 0.0794438496
  outer loop
   vertex 66721.0312 66633.4922 32611.6504
   vertex 66864.3281 66649.7578 32736.5918
   vertex 66756.4375 66643.0703 32712.2285
  endloop
 endfacet
facet normal -0.0896827057 -0.969286323 0.229000002
  outer loop
   vertex 66864.0078 66603.4453 32540.4453
   vertex 66864.3281 66649.7578 32736.5918
   vertex 66721.0312 66633.4922 32611.6504
  endloop
 endfacet
facet normal -0.831914783 0.488443434 0.263326496
  outer loop
   vertex 66055.2734 66820.6094 32090.2617
   vertex 66280.7891 66973.7188 32518.7148
   vertex 66334.4688 67225.2422 32221.7656
  endloop
 endfacet
facet normal -0.835437238 -0.541794956 0.0922108591
  outer loop
   vertex 66280.7891 66973.7188 32518.7148
   vertex 66435.3125 66747.5156 32589.6914
   vertex 66331.7266 66920.6328 32668.3691
  endloop
 endfacet
facet normal -0.855492651 -0.13719584 0.499309152
  outer loop
   vertex 66055.2734 66820.6094 32090.2617
   vertex 66110.1719 66598.3438 32123.252
   vertex 66280.7891 66973.7188 32518.7148
  endloop
 endfacet
facet normal -0.382937014 -0.768445551 0.51268965
  outer loop
   vertex 66110.1719 66598.3438 32123.252
   vertex 66370.4062 66454.9922 32102.7598
   vertex 66435.3125 66747.5156 32589.6914
  endloop
 endfacet
facet normal -0.0451780707 -0.894236386 0.445309132
  outer loop
   vertex 66864.3281 66649.7578 32736.5918
   vertex 66692.7578 66676.2266 32772.3438
   vertex 66756.4375 66643.0703 32712.2285
  endloop
 endfacet
facet normal -0.30170548 -0.93323195 0.195069
  outer loop
   vertex 66692.7578 66676.2266 32772.3438
   vertex 66721.0312 66633.4922 32611.6504
   vertex 66756.4375 66643.0703 32712.2285
  endloop
 endfacet
facet normal -0.374721587 -0.910927355 0.172612533
  outer loop
   vertex 66692.7578 66676.2266 32772.3438
   vertex 66567.6875 66744.9219 32863.375
   vertex 66435.3125 66747.5156 32589.6914
  endloop
 endfacet
facet normal -0.376498044 -0.909617603 0.175627589
  outer loop
   vertex 66692.7578 66676.2266 32772.3438
   vertex 66435.3125 66747.5156 32589.6914
   vertex 66721.0312 66633.4922 32611.6504
  endloop
 endfacet
facet normal -0.756913543 -0.609021783 0.237011209
  outer loop
   vertex 66435.3125 66747.5156 32589.6914
   vertex 66348.5469 66905.1172 32717.5645
   vertex 66339.4219 66882.3594 32629.9473
  endloop
 endfacet
facet normal 0.941890836 -0.0372870751 -0.333843231
  outer loop
   vertex 66331.7266 66920.6328 32668.3691
   vertex 66280.7891 66973.7188 32518.7148
   vertex 66348.5469 66905.1172 32717.5645
  endloop
 endfacet
facet normal -0.914604783 -0.357872188 0.188216984
  outer loop
   vertex 66339.4219 66882.3594 32629.9473
   vertex 66348.5469 66905.1172 32717.5645
   vertex 66280.7891 66973.7188 32518.7148
  endloop
 endfacet
facet normal 0.913034618 0.3654342 -0.1811786
  outer loop
   vertex 66339.4219 66882.3594 32629.9473
   vertex 66280.7891 66973.7188 32518.7148
   vertex 66331.7266 66920.6328 32668.3691
  endloop
 endfacet
facet normal -0.381140888 -0.910015583 0.163105175
  outer loop
   vertex 66698.0078 66703.6953 32937.8633
   vertex 66567.6875 66744.9219 32863.375
   vertex 66692.7578 66676.2266 32772.3438
  endloop
 endfacet
facet normal -0.87370652 -0.431016773 0.225524873
  outer loop
   vertex 66348.5469 66905.1172 32717.5645
   vertex 66392.0781 66840.0234 32761.8008
   vertex 66418.8672 66889.7656 32960.6328
  endloop
 endfacet
facet normal -0.574730635 -0.772284567 0.270668209
  outer loop
   vertex 66435.3125 66747.5156 32589.6914
   vertex 66567.6875 66744.9219 32863.375
   vertex 66418.8672 66889.7656 32960.6328
  endloop
 endfacet
facet normal -0.574882567 -0.772186935 0.270624042
  outer loop
   vertex 66392.0781 66840.0234 32761.8008
   vertex 66435.3125 66747.5156 32589.6914
   vertex 66418.8672 66889.7656 32960.6328
  endloop
 endfacet
facet normal -0.583787978 -0.770903945 0.254752189
  outer loop
   vertex 66567.6875 66744.9219 32863.375
   vertex 66619.4453 66762.5 33035.168
   vertex 66418.8672 66889.7656 32960.6328
  endloop
 endfacet
facet normal -0.917530954 -0.339821994 0.206538141
  outer loop
   vertex 66348.5469 66905.1172 32717.5645
   vertex 66302.6562 67114.1172 32857.5586
   vertex 66331.7266 66920.6328 32668.3691
  endloop
 endfacet
facet normal -0.995774031 0.0874539912 0.0280334372
  outer loop
   vertex 66280.7891 66973.7188 32518.7148
   vertex 66302.6562 67114.1172 32857.5586
   vertex 66307.3125 67218.5938 32697.0762
  endloop
 endfacet
facet normal -0.922882199 -0.331036717 0.19673121
  outer loop
   vertex 66280.7891 66973.7188 32518.7148
   vertex 66331.7266 66920.6328 32668.3691
   vertex 66302.6562 67114.1172 32857.5586
  endloop
 endfacet
facet normal -0.861558557 -0.495986372 -0.108232714
  outer loop
   vertex 66418.8672 66889.7656 32960.6328
   vertex 66299.7188 67072.6406 33071.0039
   vertex 66302.6562 67114.1172 32857.5586
  endloop
 endfacet
facet normal -0.902737439 -0.358004302 0.238533095
  outer loop
   vertex 66348.5469 66905.1172 32717.5645
   vertex 66418.8672 66889.7656 32960.6328
   vertex 66302.6562 67114.1172 32857.5586
  endloop
 endfacet
facet normal -0.989356518 0.133396924 0.0581288449
  outer loop
   vertex 66349.0781 67460.2344 32853.3906
   vertex 66307.3125 67218.5938 32697.0762
   vertex 66302.6562 67114.1172 32857.5586
  endloop
 endfacet
facet normal -0.84981519 -0.524926543 -0.0476055034
  outer loop
   vertex 66302.8438 67048.7422 33278.7305
   vertex 66299.7188 67072.6406 33071.0039
   vertex 66418.8672 66889.7656 32960.6328
  endloop
 endfacet
facet normal -0.112778075 -0.944160342 0.309584141
  outer loop
   vertex 66606.2812 66857.3047 33370.582
   vertex 66808.8281 66811.1484 33303.5898
   vertex 66708.0625 66885.0703 33492.3359
  endloop
 endfacet
facet normal -0.169248149 -0.920778334 0.351457506
  outer loop
   vertex 66606.2812 66857.3047 33370.582
   vertex 66708.0625 66885.0703 33492.3359
   vertex 66533.4453 66917.5078 33493.2344
  endloop
 endfacet
facet normal 0.0899337754 -0.962082148 0.257506996
  outer loop
   vertex 66969.4375 66725.5625 33025.8438
   vertex 66916.6641 66761.1719 33177.3242
   vertex 66797.4297 66722.5703 33074.7383
  endloop
 endfacet
facet normal 0.178235218 -0.796113849 0.578303516
  outer loop
   vertex 66969.4375 66725.5625 33025.8438
   vertex 66797.4297 66722.5703 33074.7383
   vertex 66863.5156 66692.1953 33012.5625
  endloop
 endfacet
facet normal 0.0560455956 -0.984095991 0.168564439
  outer loop
   vertex 66937.3438 66678.0781 32877.6602
   vertex 66829.8281 66679.8594 32923.7969
   vertex 66864.3281 66649.7578 32736.5918
  endloop
 endfacet
facet normal -0.403093517 -0.890143037 0.212511063
  outer loop
   vertex 66619.4453 66762.5 33035.168
   vertex 66567.6875 66744.9219 32863.375
   vertex 66698.0078 66703.6953 32937.8633
  endloop
 endfacet
facet normal -0.275200665 -0.904901505 0.324681133
  outer loop
   vertex 66797.4297 66722.5703 33074.7383
   vertex 66619.4453 66762.5 33035.168
   vertex 66698.0078 66703.6953 32937.8633
  endloop
 endfacet
facet normal 0.414393067 -0.897502005 0.150892347
  outer loop
   vertex 67172.4219 66696.4688 32653.2754
   vertex 67388.0312 66792.3203 32631.3125
   vertex 67233.3359 66738.4531 32735.748
  endloop
 endfacet
facet normal 0.439857841 -0.875526011 0.199948132
  outer loop
   vertex 67278.2891 66781.4062 32824.9375
   vertex 67233.3359 66738.4531 32735.748
   vertex 67388.0312 66792.3203 32631.3125
  endloop
 endfacet
facet normal 0.325199723 -0.917952299 0.227175444
  outer loop
   vertex 67172.4219 66696.4688 32653.2754
   vertex 67233.3359 66738.4531 32735.748
   vertex 67090.9297 66704.7109 32803.2383
  endloop
 endfacet
facet normal 0.27688694 -0.9308815 0.238313302
  outer loop
   vertex 67090.9297 66704.7109 32803.2383
   vertex 66969.4375 66725.5625 33025.8438
   vertex 66937.3438 66678.0781 32877.6602
  endloop
 endfacet
facet normal 0.323959261 -0.90907985 0.261962235
  outer loop
   vertex 66969.4375 66725.5625 33025.8438
   vertex 67090.9297 66704.7109 32803.2383
   vertex 67229.3359 66814.25 33012.2188
  endloop
 endfacet
facet normal 0.342212498 -0.906203568 0.248366117
  outer loop
   vertex 67090.9297 66704.7109 32803.2383
   vertex 67278.2891 66781.4062 32824.9375
   vertex 67229.3359 66814.25 33012.2188
  endloop
 endfacet
facet normal 0.339081734 -0.902966976 0.263958782
  outer loop
   vertex 67233.3359 66738.4531 32735.748
   vertex 67278.2891 66781.4062 32824.9375
   vertex 67090.9297 66704.7109 32803.2383
  endloop
 endfacet
facet normal 0.276001364 -0.90978092 0.310035348
  outer loop
   vertex 66969.4375 66725.5625 33025.8438
   vertex 67098.9766 66854.8359 33289.8789
   vertex 66916.6641 66761.1719 33177.3242
  endloop
 endfacet
facet normal 0.322988093 -0.902906239 0.283617705
  outer loop
   vertex 66969.4375 66725.5625 33025.8438
   vertex 67229.3359 66814.25 33012.2188
   vertex 67098.9766 66854.8359 33289.8789
  endloop
 endfacet
facet normal 0.37470454 -0.875905454 0.303950876
  outer loop
   vertex 67229.3359 66814.25 33012.2188
   vertex 67489.375 66985.6953 33185.7031
   vertex 67098.9766 66854.8359 33289.8789
  endloop
 endfacet
facet normal 0.419930607 -0.810675502 0.407999456
  outer loop
   vertex 67501.25 67169.9219 33629.6016
   vertex 67226.9141 67028.3125 33630.5938
   vertex 67390.8047 67011.5312 33428.5586
  endloop
 endfacet
facet normal 0.363068104 -0.817676902 0.446750551
  outer loop
   vertex 67060.4375 66988.7734 33693.5117
   vertex 67226.9141 67028.3125 33630.5938
   vertex 67143.3906 67054.5078 33746.4062
  endloop
 endfacet
facet normal 0.335953653 -0.810317397 0.480125874
  outer loop
   vertex 67069.8438 67027.5469 33752.3672
   vertex 67060.4375 66988.7734 33693.5117
   vertex 67143.3906 67054.5078 33746.4062
  endloop
 endfacet
facet normal 0.338163793 -0.575937748 0.744272113
  outer loop
   vertex 67240.5234 67308.1953 33947.8594
   vertex 67424.125 67415.2188 33947.2539
   vertex 67286.7188 67382.375 33984.2734
  endloop
 endfacet
facet normal 0.212734014 -0.381345004 0.899622262
  outer loop
   vertex 67143.3906 67054.5078 33746.4062
   vertex 67008.4375 67096.4453 33796.0977
   vertex 67069.8438 67027.5469 33752.3672
  endloop
 endfacet
facet normal 0.10789413 -0.720218778 0.685305595
  outer loop
   vertex 67008.5859 66968.5547 33680.4219
   vertex 67008.9141 66939.6641 33650.0117
   vertex 67060.4375 66988.7734 33693.5117
  endloop
 endfacet
facet normal -0.380075634 -0.898377597 0.220136791
  outer loop
   vertex 66568.125 66831.6406 33199.9492
   vertex 66606.2812 66857.3047 33370.582
   vertex 66444.9453 66923.3516 33361.5469
  endloop
 endfacet
facet normal -0.486422718 -0.857953608 0.165253073
  outer loop
   vertex 66333.2969 67006.2578 33463.3633
   vertex 66444.9453 66923.3516 33361.5469
   vertex 66401.4453 66979.5703 33525.4062
  endloop
 endfacet
facet normal -0.157526165 -0.958135247 -0.239086464
  outer loop
   vertex 66333.2969 67006.2578 33463.3633
   vertex 66401.4453 66979.5703 33525.4062
   vertex 66344.6953 66992.2188 33512.1133
  endloop
 endfacet
facet normal -0.111976512 -0.778079093 0.618105292
  outer loop
   vertex 66607.0312 66971.0469 33622.7266
   vertex 66784.9609 67003.8359 33696.2305
   vertex 66625 67087.5625 33772.6523
  endloop
 endfacet
facet normal -0.107527494 -0.784809411 0.610337615
  outer loop
   vertex 66760.7578 66928.7266 33595.3867
   vertex 66784.9609 67003.8359 33696.2305
   vertex 66607.0312 66971.0469 33622.7266
  endloop
 endfacet
facet normal -0.74279505 -0.489397794 0.4568865
  outer loop
   vertex 66964.5547 66924.8359 33562.0039
   vertex 67008.9141 66939.6641 33650.0117
   vertex 67008.5859 66968.5547 33680.4219
  endloop
 endfacet
facet normal 0.0800522268 -0.808530748 0.582983434
  outer loop
   vertex 66964.5547 66924.8359 33562.0039
   vertex 66784.9609 67003.8359 33696.2305
   vertex 66760.7578 66928.7266 33595.3867
  endloop
 endfacet
facet normal 0.0768344924 -0.810923159 0.580086231
  outer loop
   vertex 66964.5547 66924.8359 33562.0039
   vertex 67008.4375 67096.4453 33796.0977
   vertex 66784.9609 67003.8359 33696.2305
  endloop
 endfacet
facet normal -0.798296452 -0.404521704 0.446189344
  outer loop
   vertex 66964.5547 66924.8359 33562.0039
   vertex 67008.5859 66968.5547 33680.4219
   vertex 67008.4375 67096.4453 33796.0977
  endloop
 endfacet
facet normal -0.481440127 -0.867471516 0.125334054
  outer loop
   vertex 66568.125 66831.6406 33199.9492
   vertex 66444.9453 66923.3516 33361.5469
   vertex 66425.1953 66911.1562 33201.3047
  endloop
 endfacet
facet normal -0.422937602 -0.769094348 0.479184419
  outer loop
   vertex 66404 67094.1641 33711.5859
   vertex 66401.4453 66979.5703 33525.4062
   vertex 66477.9062 66976.7188 33588.3164
  endloop
 endfacet
facet normal -0.160516843 -0.87660265 0.453654259
  outer loop
   vertex 66533.4453 66917.5078 33493.2344
   vertex 66708.0625 66885.0703 33492.3359
   vertex 66607.0312 66971.0469 33622.7266
  endloop
 endfacet
facet normal -0.160698459 -0.876632094 0.453532964
  outer loop
   vertex 66607.0312 66971.0469 33622.7266
   vertex 66708.0625 66885.0703 33492.3359
   vertex 66760.7578 66928.7266 33595.3867
  endloop
 endfacet
facet normal -0.159278706 -0.877088368 0.453151494
  outer loop
   vertex 66607.0312 66971.0469 33622.7266
   vertex 66477.9062 66976.7188 33588.3164
   vertex 66533.4453 66917.5078 33493.2344
  endloop
 endfacet
facet normal -0.325287253 -0.876192749 0.355632514
  outer loop
   vertex 66401.4453 66979.5703 33525.4062
   vertex 66533.4453 66917.5078 33493.2344
   vertex 66477.9062 66976.7188 33588.3164
  endloop
 endfacet
facet normal -0.383802325 -0.888059437 0.253073484
  outer loop
   vertex 66568.125 66831.6406 33199.9492
   vertex 66619.4453 66762.5 33035.168
   vertex 66694.1484 66764.6328 33155.9375
  endloop
 endfacet
facet normal -0.774409473 -0.632434666 -0.0177870244
  outer loop
   vertex 66302.8438 67048.7422 33278.7305
   vertex 66333.2969 67006.2578 33463.3633
   vertex 66230.9141 67129.0156 33556.3125
  endloop
 endfacet
facet normal -0.683602333 -0.707094967 0.180843905
  outer loop
   vertex 66333.0703 67029.375 33552.8828
   vertex 66230.9141 67129.0156 33556.3125
   vertex 66333.2969 67006.2578 33463.3633
  endloop
 endfacet
facet normal -0.373368055 -0.903401613 0.210859641
  outer loop
   vertex 66533.4453 66917.5078 33493.2344
   vertex 66401.4453 66979.5703 33525.4062
   vertex 66444.9453 66923.3516 33361.5469
  endloop
 endfacet
facet normal -0.380240738 -0.899393976 0.215655953
  outer loop
   vertex 66606.2812 66857.3047 33370.582
   vertex 66533.4453 66917.5078 33493.2344
   vertex 66444.9453 66923.3516 33361.5469
  endloop
 endfacet
facet normal -0.722064614 -0.687175572 0.0800773576
  outer loop
   vertex 66418.8672 66889.7656 32960.6328
   vertex 66425.1953 66911.1562 33201.3047
   vertex 66302.8438 67048.7422 33278.7305
  endloop
 endfacet
facet normal -0.483551562 -0.870665133 0.0901114792
  outer loop
   vertex 66418.8672 66889.7656 32960.6328
   vertex 66568.125 66831.6406 33199.9492
   vertex 66425.1953 66911.1562 33201.3047
  endloop
 endfacet
facet normal -0.570585787 -0.805454969 0.160231486
  outer loop
   vertex 66418.8672 66889.7656 32960.6328
   vertex 66619.4453 66762.5 33035.168
   vertex 66568.125 66831.6406 33199.9492
  endloop
 endfacet
facet normal -0.636069715 -0.768277764 -0.0718652457
  outer loop
   vertex 66444.9453 66923.3516 33361.5469
   vertex 66333.2969 67006.2578 33463.3633
   vertex 66302.8438 67048.7422 33278.7305
  endloop
 endfacet
facet normal -0.699660242 -0.70071584 0.139545053
  outer loop
   vertex 66425.1953 66911.1562 33201.3047
   vertex 66444.9453 66923.3516 33361.5469
   vertex 66302.8438 67048.7422 33278.7305
  endloop
 endfacet
facet normal -0.252018422 -0.952188194 0.172697201
  outer loop
   vertex 66619.4453 66762.5 33035.168
   vertex 66797.4297 66722.5703 33074.7383
   vertex 66694.1484 66764.6328 33155.9375
  endloop
 endfacet
facet normal -0.00900680944 -0.932393432 0.361332834
  outer loop
   vertex 66916.6641 66761.1719 33177.3242
   vertex 66808.8281 66811.1484 33303.5898
   vertex 66797.4297 66722.5703 33074.7383
  endloop
 endfacet
facet normal -0.0918662101 -0.927089691 0.36340785
  outer loop
   vertex 66808.8281 66811.1484 33303.5898
   vertex 66694.1484 66764.6328 33155.9375
   vertex 66797.4297 66722.5703 33074.7383
  endloop
 endfacet
facet normal 0.0392169878 -0.923126519 0.382491112
  outer loop
   vertex 66964.5547 66924.8359 33562.0039
   vertex 66708.0625 66885.0703 33492.3359
   vertex 66808.8281 66811.1484 33303.5898
  endloop
 endfacet
facet normal -0.0474444069 -0.903450668 0.42605862
  outer loop
   vertex 66954.9766 66843.7266 33388.9531
   vertex 66964.5547 66924.8359 33562.0039
   vertex 66808.8281 66811.1484 33303.5898
  endloop
 endfacet
facet normal 0.152977109 -0.867203534 0.473873377
  outer loop
   vertex 66916.6641 66761.1719 33177.3242
   vertex 67098.9766 66854.8359 33289.8789
   vertex 66808.8281 66811.1484 33303.5898
  endloop
 endfacet
facet normal 0.15315558 -0.981774211 0.112528734
  outer loop
   vertex 66954.9766 66843.7266 33388.9531
   vertex 66808.8281 66811.1484 33303.5898
   vertex 67098.9766 66854.8359 33289.8789
  endloop
 endfacet
facet normal -0.160912186 -0.970061362 0.181901798
  outer loop
   vertex 66606.2812 66857.3047 33370.582
   vertex 66568.125 66831.6406 33199.9492
   vertex 66808.8281 66811.1484 33303.5898
  endloop
 endfacet
facet normal -0.276619941 -0.833916545 0.477561146
  outer loop
   vertex 66694.1484 66764.6328 33155.9375
   vertex 66808.8281 66811.1484 33303.5898
   vertex 66568.125 66831.6406 33199.9492
  endloop
 endfacet
facet normal -0.913195133 -0.395142853 0.0996831357
  outer loop
   vertex 66333.2969 67006.2578 33463.3633
   vertex 66344.6953 66992.2188 33512.1133
   vertex 66333.0703 67029.375 33552.8828
  endloop
 endfacet
facet normal -0.0486768 -0.776184678 0.628623843
  outer loop
   vertex 66410.2578 67331.6562 34042.2539
   vertex 66287.2969 67256.3281 33939.7188
   vertex 66459.0625 67213.6953 33900.375
  endloop
 endfacet
facet normal 0.05199074 -0.833522201 0.550034285
  outer loop
   vertex 66249.6562 67351.1328 34086.9453
   vertex 66287.2969 67256.3281 33939.7188
   vertex 66410.2578 67331.6562 34042.2539
  endloop
 endfacet
facet normal -0.196719959 -0.766059339 0.611926794
  outer loop
   vertex 66404 67094.1641 33711.5859
   vertex 66477.9062 66976.7188 33588.3164
   vertex 66607.0312 66971.0469 33622.7266
  endloop
 endfacet
facet normal -0.186199456 -0.786527693 0.588815749
  outer loop
   vertex 66536.2344 67156.1719 33836.2266
   vertex 66404 67094.1641 33711.5859
   vertex 66625 67087.5625 33772.6523
  endloop
 endfacet
facet normal -0.193131551 -0.763375521 0.616407335
  outer loop
   vertex 66404 67094.1641 33711.5859
   vertex 66607.0312 66971.0469 33622.7266
   vertex 66625 67087.5625 33772.6523
  endloop
 endfacet
facet normal -0.376363128 -0.786681116 0.489370614
  outer loop
   vertex 66401.4453 66979.5703 33525.4062
   vertex 66404 67094.1641 33711.5859
   vertex 66333.0703 67029.375 33552.8828
  endloop
 endfacet
facet normal -0.304981887 -0.745586157 0.592526257
  outer loop
   vertex 66344.6953 66992.2188 33512.1133
   vertex 66401.4453 66979.5703 33525.4062
   vertex 66333.0703 67029.375 33552.8828
  endloop
 endfacet
facet normal -0.400989532 -0.881552458 0.249143913
  outer loop
   vertex 66230.9141 67129.0156 33556.3125
   vertex 66404 67094.1641 33711.5859
   vertex 66150.7266 67234.375 33800.0625
  endloop
 endfacet
facet normal -0.588784337 -0.621444285 0.516855836
  outer loop
   vertex 66333.0703 67029.375 33552.8828
   vertex 66404 67094.1641 33711.5859
   vertex 66230.9141 67129.0156 33556.3125
  endloop
 endfacet
facet normal -0.406262994 -0.913632393 -0.015040067
  outer loop
   vertex 66032.1016 67289.4844 33656.6211
   vertex 66150.7266 67234.375 33800.0625
   vertex 65919.7344 67335.9766 33867.668
  endloop
 endfacet
facet normal -0.235189527 -0.969912767 0.0628899708
  outer loop
   vertex 65690.6797 67401.4531 33985.5977
   vertex 65828.2188 67371.3516 34035.668
   vertex 65663.7031 67417.2578 34128.4492
  endloop
 endfacet
facet normal -0.0977907106 -0.991021931 0.091172941
  outer loop
   vertex 65690.6797 67401.4531 33985.5977
   vertex 65663.7031 67417.2578 34128.4492
   vertex 65632.4766 67412.375 34041.8242
  endloop
 endfacet
facet normal -0.697083473 -0.699558079 0.157140508
  outer loop
   vertex 65410.5156 67608.7422 34517.9648
   vertex 65317.0391 67669.8203 34375.1992
   vertex 65422.7539 67541.6484 34273.5586
  endloop
 endfacet
facet normal -0.544550478 -0.815367222 0.196573287
  outer loop
   vertex 65514.3594 67508.1953 34388.5586
   vertex 65410.5156 67608.7422 34517.9648
   vertex 65422.7539 67541.6484 34273.5586
  endloop
 endfacet
facet normal -0.143616408 -0.823629439 0.548642814
  outer loop
   vertex 66073.4844 67351.7578 34056.5312
   vertex 66185.7734 67402.7344 34162.4609
   vertex 66120.1875 67490.2969 34276.7305
  endloop
 endfacet
facet normal -0.268921882 -0.948299408 0.168550327
  outer loop
   vertex 65690.6797 67401.4531 33985.5977
   vertex 65790.7969 67364.2578 33936.0469
   vertex 65828.2188 67371.3516 34035.668
  endloop
 endfacet
facet normal -0.542697191 -0.784366906 -0.300413519
  outer loop
   vertex 65690.6797 67401.4531 33985.5977
   vertex 65572.0156 67469.4844 34022.3438
   vertex 65647.0078 67466.5234 33894.6094
  endloop
 endfacet
facet normal -0.545666754 -0.722501278 -0.42454648
  outer loop
   vertex 65690.6797 67401.4531 33985.5977
   vertex 65632.4766 67412.375 34041.8242
   vertex 65572.0156 67469.4844 34022.3438
  endloop
 endfacet
facet normal -0.148495808 -0.980900288 0.125633106
  outer loop
   vertex 65790.7969 67364.2578 33936.0469
   vertex 65919.7344 67335.9766 33867.668
   vertex 65828.2188 67371.3516 34035.668
  endloop
 endfacet
facet normal 0.0161118452 -0.75085777 0.660267353
  outer loop
   vertex 67008.4375 67096.4453 33796.0977
   vertex 66770.5156 67100.5625 33806.582
   vertex 66784.9609 67003.8359 33696.2305
  endloop
 endfacet
facet normal -0.00237048417 -0.681338012 0.731965065
  outer loop
   vertex 66536.2344 67156.1719 33836.2266
   vertex 66625 67087.5625 33772.6523
   vertex 66679.8672 67263.9375 33937.0039
  endloop
 endfacet
facet normal -0.114796512 -0.657879174 0.744323015
  outer loop
   vertex 66770.5156 67100.5625 33806.582
   vertex 66679.8672 67263.9375 33937.0039
   vertex 66625 67087.5625 33772.6523
  endloop
 endfacet
facet normal -0.0804305747 -0.83139497 0.549830198
  outer loop
   vertex 66404 67094.1641 33711.5859
   vertex 66459.0625 67213.6953 33900.375
   vertex 66287.2969 67256.3281 33939.7188
  endloop
 endfacet
facet normal -0.143994614 -0.816577315 0.558987498
  outer loop
   vertex 66404 67094.1641 33711.5859
   vertex 66536.2344 67156.1719 33836.2266
   vertex 66459.0625 67213.6953 33900.375
  endloop
 endfacet
facet normal -0.313114882 -0.842369378 0.438603371
  outer loop
   vertex 66150.7266 67234.375 33800.0625
   vertex 66404 67094.1641 33711.5859
   vertex 66287.2969 67256.3281 33939.7188
  endloop
 endfacet
facet normal -0.625056207 -0.639804482 -0.447163284
  outer loop
   vertex 66032.1016 67289.4844 33656.6211
   vertex 65858.3984 67407.2891 33730.8828
   vertex 65968.2422 67415.4688 33565.625
  endloop
 endfacet
facet normal -0.214020148 -0.911016166 0.352483839
  outer loop
   vertex 66287.2969 67256.3281 33939.7188
   vertex 66073.4844 67351.7578 34056.5312
   vertex 66150.7266 67234.375 33800.0625
  endloop
 endfacet
facet normal -0.301293731 -0.89812547 0.320300967
  outer loop
   vertex 65919.7344 67335.9766 33867.668
   vertex 66150.7266 67234.375 33800.0625
   vertex 66073.4844 67351.7578 34056.5312
  endloop
 endfacet
facet normal -0.0919153914 -0.98331815 0.15696165
  outer loop
   vertex 65919.7344 67335.9766 33867.668
   vertex 66073.4844 67351.7578 34056.5312
   vertex 65828.2188 67371.3516 34035.668
  endloop
 endfacet
facet normal -0.0912311822 -0.947330236 0.306989014
  outer loop
   vertex 65828.2188 67371.3516 34035.668
   vertex 65864.625 67431.0078 34230.5781
   vertex 65663.7031 67417.2578 34128.4492
  endloop
 endfacet
facet normal -0.311700553 -0.381260365 -0.870335162
  outer loop
   vertex 65410.5156 67608.7422 34517.9648
   vertex 65339.3867 67600.7891 34546.9258
   vertex 65332.1719 67615.1641 34543.2109
  endloop
 endfacet
facet normal 0.0437572338 -0.860909104 0.506873608
  outer loop
   vertex 65604.7266 67542.7344 34492.6055
   vertex 65619.375 67472.0312 34371.25
   vertex 65751.6953 67492.3828 34394.3906
  endloop
 endfacet
facet normal 0.383800566 -0.397932798 0.833274603
  outer loop
   vertex 65339.3867 67600.7891 34546.9258
   vertex 65410.5156 67608.7422 34517.9648
   vertex 65343.2734 67636.8438 34562.3555
  endloop
 endfacet
facet normal -0.101803705 -0.945765913 0.308484793
  outer loop
   vertex 65864.625 67431.0078 34230.5781
   vertex 65828.2188 67371.3516 34035.668
   vertex 66073.4844 67351.7578 34056.5312
  endloop
 endfacet
facet normal -0.615194976 -0.622083485 -0.484300822
  outer loop
   vertex 65858.3984 67407.2891 33730.8828
   vertex 65758.9609 67402.1094 33863.832
   vertex 65706.2656 67502.9766 33801.2148
  endloop
 endfacet
facet normal -0.536517739 -0.786798418 -0.305118054
  outer loop
   vertex 65758.9609 67402.1094 33863.832
   vertex 65690.6797 67401.4531 33985.5977
   vertex 65647.0078 67466.5234 33894.6094
  endloop
 endfacet
facet normal -0.356615186 -0.88439399 -0.301119447
  outer loop
   vertex 65919.7344 67335.9766 33867.668
   vertex 65758.9609 67402.1094 33863.832
   vertex 65858.3984 67407.2891 33730.8828
  endloop
 endfacet
facet normal -0.777622759 -0.628419876 -0.0197806638
  outer loop
   vertex 66230.9141 67129.0156 33556.3125
   vertex 66127.4062 67260.8828 33436.0547
   vertex 66302.8438 67048.7422 33278.7305
  endloop
 endfacet
facet normal -0.773137569 -0.578950584 -0.258987397
  outer loop
   vertex 65968.2422 67415.4688 33565.625
   vertex 66127.4062 67260.8828 33436.0547
   vertex 66032.1016 67289.4844 33656.6211
  endloop
 endfacet
facet normal -0.674387872 -0.711002409 -0.199189991
  outer loop
   vertex 66032.1016 67289.4844 33656.6211
   vertex 66127.4062 67260.8828 33436.0547
   vertex 66230.9141 67129.0156 33556.3125
  endloop
 endfacet
facet normal -0.586200953 -0.424972415 -0.689758599
  outer loop
   vertex 65706.2656 67502.9766 33801.2148
   vertex 65831.9688 67543.8125 33669.2227
   vertex 65858.3984 67407.2891 33730.8828
  endloop
 endfacet
facet normal -0.596820056 -0.789371192 -0.143871412
  outer loop
   vertex 66032.1016 67289.4844 33656.6211
   vertex 65919.7344 67335.9766 33867.668
   vertex 65858.3984 67407.2891 33730.8828
  endloop
 endfacet
facet normal -0.158918127 -0.595889032 0.787185669
  outer loop
   vertex 67110.9297 67239.4062 33925.0039
   vertex 66993.0859 67326.3359 33967.0234
   vertex 67008.4375 67096.4453 33796.0977
  endloop
 endfacet
facet normal -0.704862893 -0.647098005 0.290572762
  outer loop
   vertex 65663.7031 67417.2578 34128.4492
   vertex 65572.0156 67469.4844 34022.3438
   vertex 65632.4766 67412.375 34041.8242
  endloop
 endfacet
facet normal -0.549937129 -0.809191883 -0.206827492
  outer loop
   vertex 65572.0156 67469.4844 34022.3438
   vertex 65522.1562 67468.5859 34158.4219
   vertex 65443.1523 67533.8281 34113.2578
  endloop
 endfacet
facet normal -0.732666314 -0.1994607 0.650703847
  outer loop
   vertex 65339.3867 67600.7891 34546.9258
   vertex 65343.2734 67636.8438 34562.3555
   vertex 65332.1719 67615.1641 34543.2109
  endloop
 endfacet
facet normal -0.175268114 -0.958817899 0.223493442
  outer loop
   vertex 65619.375 67472.0312 34371.25
   vertex 65563.6484 67458.375 34268.9531
   vertex 65688.6328 67438.9609 34283.6875
  endloop
 endfacet
facet normal 0.0880274847 -0.75779891 0.646522999
  outer loop
   vertex 66249.6562 67351.1328 34086.9453
   vertex 66410.2578 67331.6562 34042.2539
   vertex 66293.9219 67436.4297 34180.8945
  endloop
 endfacet
facet normal 0.0641227812 -0.756391108 0.650969088
  outer loop
   vertex 66410.2578 67331.6562 34042.2539
   vertex 66459.0625 67213.6953 33900.375
   vertex 66679.8672 67263.9375 33937.0039
  endloop
 endfacet
facet normal 0.243223146 -0.825029552 0.510067463
  outer loop
   vertex 67008.4375 67096.4453 33796.0977
   vertex 67350.2344 67214.1562 33823.5039
   vertex 67178.4531 67200.9219 33884.0117
  endloop
 endfacet
facet normal 0.127286345 -0.560196817 0.818521678
  outer loop
   vertex 67008.4375 67096.4453 33796.0977
   vertex 67143.3906 67054.5078 33746.4062
   vertex 67350.2344 67214.1562 33823.5039
  endloop
 endfacet
facet normal 0.1302111 -0.763840616 0.632133365
  outer loop
   vertex 66249.6562 67351.1328 34086.9453
   vertex 66293.9219 67436.4297 34180.8945
   vertex 66185.7734 67402.7344 34162.4609
  endloop
 endfacet
facet normal -0.0907811597 -0.856336236 0.508376837
  outer loop
   vertex 66249.6562 67351.1328 34086.9453
   vertex 66185.7734 67402.7344 34162.4609
   vertex 66073.4844 67351.7578 34056.5312
  endloop
 endfacet
facet normal -0.0931226388 -0.847777069 0.522113264
  outer loop
   vertex 66249.6562 67351.1328 34086.9453
   vertex 66073.4844 67351.7578 34056.5312
   vertex 66287.2969 67256.3281 33939.7188
  endloop
 endfacet
facet normal 0.156179026 -0.598899662 0.78544724
  outer loop
   vertex 66410.2578 67331.6562 34042.2539
   vertex 66679.8672 67263.9375 33937.0039
   vertex 66498.7422 67493.4297 34148.0078
  endloop
 endfacet
facet normal 0.0240741409 -0.615508378 0.787762582
  outer loop
   vertex 66679.8672 67263.9375 33937.0039
   vertex 66770.5156 67100.5625 33806.582
   vertex 67008.4375 67096.4453 33796.0977
  endloop
 endfacet
facet normal 0.0414410233 -0.594365239 0.803126752
  outer loop
   vertex 66993.0859 67326.3359 33967.0234
   vertex 66679.8672 67263.9375 33937.0039
   vertex 67008.4375 67096.4453 33796.0977
  endloop
 endfacet
facet normal -0.56163615 0.773389578 -0.293995589
  outer loop
   vertex 66311.0156 67889.4219 33430.1289
   vertex 66503.4844 68099.3359 33614.6602
   vertex 66561.9453 68054.9062 33386.0938
  endloop
 endfacet
facet normal -0.0677661449 -0.507134318 0.859198809
  outer loop
   vertex 66993.0859 67326.3359 33967.0234
   vertex 67110.9297 67239.4062 33925.0039
   vertex 67133.9531 67322.4062 33975.8125
  endloop
 endfacet
facet normal 0.0938214436 -0.370463699 0.924096406
  outer loop
   vertex 67402.9375 67614.9062 34029.4609
   vertex 67424.125 67415.2188 33947.2539
   vertex 67530.6328 67580.2109 34002.5859
  endloop
 endfacet
facet normal 0.36613816 -0.897963107 0.244141653
  outer loop
   vertex 67489.375 66985.6953 33185.7031
   vertex 67390.8047 67011.5312 33428.5586
   vertex 67098.9766 66854.8359 33289.8789
  endloop
 endfacet
facet normal -0.924402654 -0.380248845 -0.0298428088
  outer loop
   vertex 66299.7188 67072.6406 33071.0039
   vertex 66302.8438 67048.7422 33278.7305
   vertex 66218.3516 67261.8438 33180.7031
  endloop
 endfacet
facet normal -0.832348526 -0.467197239 -0.298198998
  outer loop
   vertex 66127.4062 67260.8828 33436.0547
   vertex 66218.3516 67261.8438 33180.7031
   vertex 66302.8438 67048.7422 33278.7305
  endloop
 endfacet
facet normal -0.904837549 -0.277031571 -0.323299348
  outer loop
   vertex 66127.4062 67260.8828 33436.0547
   vertex 66082.0859 67455.1094 33396.4766
   vertex 66218.3516 67261.8438 33180.7031
  endloop
 endfacet
facet normal -0.405229956 0.784372032 -0.469626606
  outer loop
   vertex 66253.6406 68057.7891 33760.8438
   vertex 66503.4844 68099.3359 33614.6602
   vertex 66311.0156 67889.4219 33430.1289
  endloop
 endfacet
facet normal -0.397639692 0.787947059 -0.470129877
  outer loop
   vertex 66043.0312 67898.125 33671.3711
   vertex 66253.6406 68057.7891 33760.8438
   vertex 66311.0156 67889.4219 33430.1289
  endloop
 endfacet
facet normal -0.65737009 0.585406959 -0.47451371
  outer loop
   vertex 66523.7656 67930.2578 33143.9805
   vertex 66611.1562 67938.7344 33033.3711
   vertex 66421.5234 67786.2969 33108.0234
  endloop
 endfacet
facet normal -0.666779041 0.659802616 -0.346505672
  outer loop
   vertex 66421.5234 67786.2969 33108.0234
   vertex 66611.1562 67938.7344 33033.3711
   vertex 66527.2422 67757.9531 32850.6094
  endloop
 endfacet
facet normal -0.915263891 0.118118912 -0.385149211
  outer loop
   vertex 66262.4141 67347.5625 33024.7852
   vertex 66349.0781 67460.2344 32853.3906
   vertex 66302.6562 67114.1172 32857.5586
  endloop
 endfacet
facet normal -0.628081918 -0.646943986 -0.432407856
  outer loop
   vertex 65572.0156 67469.4844 34022.3438
   vertex 65443.1523 67533.8281 34113.2578
   vertex 65471.7266 67575.3438 34009.6367
  endloop
 endfacet
facet normal -0.73967123 -0.529036343 -0.415941119
  outer loop
   vertex 65471.7266 67575.3438 34009.6367
   vertex 65443.1523 67533.8281 34113.2578
   vertex 65372.3242 67649.1719 34092.5
  endloop
 endfacet
facet normal -0.737560213 -0.667169154 0.10435611
  outer loop
   vertex 65422.7539 67541.6484 34273.5586
   vertex 65341.4844 67622.5859 34216.6367
   vertex 65378.2812 67574.0078 34166.0977
  endloop
 endfacet
facet normal -0.908860505 -0.299787492 -0.289999992
  outer loop
   vertex 65372.3242 67649.1719 34092.5
   vertex 65341.4844 67622.5859 34216.6367
   vertex 65306.5664 67733.3438 34211.5703
  endloop
 endfacet
facet normal -0.971470356 0.0299031697 -0.235268265
  outer loop
   vertex 65306.5664 67733.3438 34211.5703
   vertex 65278.4805 67816.1406 34338.0703
   vertex 65312.6719 67888.9375 34206.1328
  endloop
 endfacet
facet normal -0.503779531 0.120667316 -0.855362833
  outer loop
   vertex 65452.4805 67691.2266 33981.1133
   vertex 65374.8281 67732.6172 34032.6875
   vertex 65407.7227 67814.3828 34024.8477
  endloop
 endfacet
facet normal -0.905699372 -0.376232833 0.195339546
  outer loop
   vertex 65312.6719 67888.9375 34206.1328
   vertex 65309.8281 67849.0469 34116.0977
   vertex 65330.7266 67788.9922 34097.3359
  endloop
 endfacet
facet normal -0.911237419 -0.260061324 -0.319397122
  outer loop
   vertex 65372.3242 67649.1719 34092.5
   vertex 65306.5664 67733.3438 34211.5703
   vertex 65330.7266 67788.9922 34097.3359
  endloop
 endfacet
facet normal -0.887438178 -0.250649661 -0.386818111
  outer loop
   vertex 65372.3242 67649.1719 34092.5
   vertex 65330.7266 67788.9922 34097.3359
   vertex 65374.8281 67732.6172 34032.6875
  endloop
 endfacet
facet normal -0.980886936 0.0317862928 -0.191964611
  outer loop
   vertex 65306.5664 67733.3438 34211.5703
   vertex 65312.6719 67888.9375 34206.1328
   vertex 65330.7266 67788.9922 34097.3359
  endloop
 endfacet
facet normal -0.693303227 0.639124513 -0.332942158
  outer loop
   vertex 65312.6719 67888.9375 34206.1328
   vertex 65444.1641 67985.4609 34117.6016
   vertex 65344.8086 67866.8047 34096.7188
  endloop
 endfacet
facet normal -0.563654423 0.761651933 -0.319656044
  outer loop
   vertex 65309.8281 67849.0469 34116.0977
   vertex 65312.6719 67888.9375 34206.1328
   vertex 65344.8086 67866.8047 34096.7188
  endloop
 endfacet
facet normal -0.516050696 0.0866441876 -0.852164567
  outer loop
   vertex 65330.7266 67788.9922 34097.3359
   vertex 65309.8281 67849.0469 34116.0977
   vertex 65344.8086 67866.8047 34096.7188
  endloop
 endfacet
facet normal -0.706144691 0.219536275 -0.673174202
  outer loop
   vertex 65374.8281 67732.6172 34032.6875
   vertex 65330.7266 67788.9922 34097.3359
   vertex 65407.7227 67814.3828 34024.8477
  endloop
 endfacet
facet normal -0.701322734 0.121359728 -0.702437341
  outer loop
   vertex 65344.8086 67866.8047 34096.7188
   vertex 65407.7227 67814.3828 34024.8477
   vertex 65330.7266 67788.9922 34097.3359
  endloop
 endfacet
facet normal -0.727968633 -0.275460541 -0.627840102
  outer loop
   vertex 65372.3242 67649.1719 34092.5
   vertex 65452.4805 67691.2266 33981.1133
   vertex 65471.7266 67575.3438 34009.6367
  endloop
 endfacet
facet normal -0.647308469 -0.431144357 -0.628574848
  outer loop
   vertex 65372.3242 67649.1719 34092.5
   vertex 65374.8281 67732.6172 34032.6875
   vertex 65452.4805 67691.2266 33981.1133
  endloop
 endfacet
facet normal -0.235066295 0.96915108 -0.0740949363
  outer loop
   vertex 66623.2031 68158.7344 33620.2109
   vertex 66682.6328 68180.7422 33719.4492
   vertex 66705.7812 68172.0703 33532.6094
  endloop
 endfacet
facet normal -0.656027794 0.153496847 -0.738962948
  outer loop
   vertex 65736.8984 67827.9375 33782.457
   vertex 65707.9219 67665.4688 33774.4375
   vertex 65582.5781 67820.7422 33917.9609
  endloop
 endfacet
facet normal -0.314948559 0.949107647 -0.0014407112
  outer loop
   vertex 66831.6641 68230.1797 33711.7383
   vertex 66682.6328 68180.7422 33719.4492
   vertex 66775.5 68211.6172 33758.8203
  endloop
 endfacet
facet normal -0.318639427 0.658937335 -0.681374013
  outer loop
   vertex 65724.1094 67926.4375 33852.5273
   vertex 65796.0703 68005 33894.8477
   vertex 65834.7109 67914.3516 33789.1172
  endloop
 endfacet
facet normal -0.211508274 0.823801458 -0.525942385
  outer loop
   vertex 65756.0625 67894.8125 33790.1367
   vertex 65724.1094 67926.4375 33852.5273
   vertex 65834.7109 67914.3516 33789.1172
  endloop
 endfacet
facet normal -0.365440369 0.926639676 -0.0882736519
  outer loop
   vertex 66840.7422 68233.4922 33618.6797
   vertex 66705.7812 68172.0703 33532.6094
   vertex 66682.6328 68180.7422 33719.4492
  endloop
 endfacet
facet normal -0.0812427253 0.741811991 -0.665668488
  outer loop
   vertex 65796.0703 68005 33894.8477
   vertex 65964.6484 68083.7422 33962.0234
   vertex 65834.7109 67914.3516 33789.1172
  endloop
 endfacet
facet normal 0.147928908 0.642403781 0.751953721
  outer loop
   vertex 66872.8984 68135.6484 33951.0547
   vertex 66869.4375 68076.0625 34002.6367
   vertex 67038.1953 68172.8672 33886.7422
  endloop
 endfacet
facet normal -0.133257046 0.917032361 0.375891268
  outer loop
   vertex 66753.7578 68191.5703 33806.4844
   vertex 66720.8125 68129.4375 33946.3984
   vertex 66854.25 68209.9141 33797.3594
  endloop
 endfacet
facet normal -0.0115194144 -0.385946125 0.92244941
  outer loop
   vertex 66993.0859 67326.3359 33967.0234
   vertex 66838.5781 67629.0391 34091.7422
   vertex 66679.8672 67263.9375 33937.0039
  endloop
 endfacet
facet normal 0.566963792 -0.565731704 0.598748446
  outer loop
   vertex 65889.1641 67847.4844 34764.5977
   vertex 65898.2656 67753.4297 34667.1172
   vertex 66033.5 67867.6953 34647.0312
  endloop
 endfacet
facet normal 0.328037292 -0.485929668 0.810101151
  outer loop
   vertex 66679.8672 67263.9375 33937.0039
   vertex 66838.5781 67629.0391 34091.7422
   vertex 66498.7422 67493.4297 34148.0078
  endloop
 endfacet
facet normal -0.0671220347 -0.239580333 0.968553483
  outer loop
   vertex 67133.9531 67322.4062 33975.8125
   vertex 67190.4453 67455.1094 34012.5508
   vertex 66993.0859 67326.3359 33967.0234
  endloop
 endfacet
facet normal 0.196267962 -0.33835417 0.920323491
  outer loop
   vertex 67240.5234 67308.1953 33947.8594
   vertex 67190.4453 67455.1094 34012.5508
   vertex 67133.9531 67322.4062 33975.8125
  endloop
 endfacet
facet normal 0.126224115 -0.188101739 0.974004745
  outer loop
   vertex 67199.3828 67693.5938 34057.4492
   vertex 66838.5781 67629.0391 34091.7422
   vertex 67190.4453 67455.1094 34012.5508
  endloop
 endfacet
facet normal 0.0265747365 -0.36918965 0.928974032
  outer loop
   vertex 66838.5781 67629.0391 34091.7422
   vertex 66993.0859 67326.3359 33967.0234
   vertex 67190.4453 67455.1094 34012.5508
  endloop
 endfacet
facet normal 0.104814604 -0.851623595 0.51356703
  outer loop
   vertex 65864.625 67431.0078 34230.5781
   vertex 66073.4844 67351.7578 34056.5312
   vertex 66120.1875 67490.2969 34276.7305
  endloop
 endfacet
facet normal 0.11218895 -0.864722133 0.489560306
  outer loop
   vertex 65934.3281 67530.8906 34391.0312
   vertex 65864.625 67431.0078 34230.5781
   vertex 66120.1875 67490.2969 34276.7305
  endloop
 endfacet
facet normal 0.629599094 -0.403574973 0.663876712
  outer loop
   vertex 66114.6875 67667.5234 34448.3477
   vertex 66240.5234 67892.2734 34465.6367
   vertex 66033.5 67867.6953 34647.0312
  endloop
 endfacet
facet normal 0.289414912 -0.618416429 0.730616271
  outer loop
   vertex 66293.9219 67436.4297 34180.8945
   vertex 66498.7422 67493.4297 34148.0078
   vertex 66285.5938 67565.8672 34293.7539
  endloop
 endfacet
facet normal 0.123940453 -0.752041638 0.647357762
  outer loop
   vertex 66185.7734 67402.7344 34162.4609
   vertex 66293.9219 67436.4297 34180.8945
   vertex 66120.1875 67490.2969 34276.7305
  endloop
 endfacet
facet normal 0.290927827 -0.629903495 0.720126748
  outer loop
   vertex 66410.2578 67331.6562 34042.2539
   vertex 66498.7422 67493.4297 34148.0078
   vertex 66293.9219 67436.4297 34180.8945
  endloop
 endfacet
facet normal 0.293092698 -0.76934427 0.56763196
  outer loop
   vertex 66120.1875 67490.2969 34276.7305
   vertex 66285.5938 67565.8672 34293.7539
   vertex 66181.0234 67572.0312 34356.0977
  endloop
 endfacet
facet normal 0.442285597 -0.355372965 0.823464334
  outer loop
   vertex 66285.5938 67565.8672 34293.7539
   vertex 66498.7422 67493.4297 34148.0078
   vertex 66474.25 67743.6328 34269.1406
  endloop
 endfacet
facet normal 0.516969204 -0.488213956 0.703128695
  outer loop
   vertex 66114.6875 67667.5234 34448.3477
   vertex 66033.5 67867.6953 34647.0312
   vertex 65898.2656 67753.4297 34667.1172
  endloop
 endfacet
facet normal 0.4345752 -0.0124725923 0.900549173
  outer loop
   vertex 66838.5781 67629.0391 34091.7422
   vertex 66669.7812 67779.1953 34175.2773
   vertex 66474.25 67743.6328 34269.1406
  endloop
 endfacet
facet normal 0.300294697 -0.391668677 0.86972338
  outer loop
   vertex 66498.7422 67493.4297 34148.0078
   vertex 66838.5781 67629.0391 34091.7422
   vertex 66474.25 67743.6328 34269.1406
  endloop
 endfacet
facet normal 0.281772345 -0.662925601 0.693638265
  outer loop
   vertex 65934.3281 67530.8906 34391.0312
   vertex 66120.1875 67490.2969 34276.7305
   vertex 66114.6875 67667.5234 34448.3477
  endloop
 endfacet
facet normal -0.00250623608 -0.695676506 0.718350828
  outer loop
   vertex 66120.1875 67490.2969 34276.7305
   vertex 66181.0234 67572.0312 34356.0977
   vertex 66114.6875 67667.5234 34448.3477
  endloop
 endfacet
facet normal 0.438129961 -0.448305011 0.779143572
  outer loop
   vertex 66285.5938 67565.8672 34293.7539
   vertex 66114.6875 67667.5234 34448.3477
   vertex 66181.0234 67572.0312 34356.0977
  endloop
 endfacet
facet normal 0.501488328 -0.598756075 0.624500334
  outer loop
   vertex 65889.1641 67847.4844 34764.5977
   vertex 65826.3672 67788.5859 34758.5625
   vertex 65898.2656 67753.4297 34667.1172
  endloop
 endfacet
facet normal 0.476104558 -0.329296559 0.815406799
  outer loop
   vertex 66474.25 67743.6328 34269.1406
   vertex 66240.5234 67892.2734 34465.6367
   vertex 66114.6875 67667.5234 34448.3477
  endloop
 endfacet
facet normal 0.475387424 -0.395722747 0.785754621
  outer loop
   vertex 66474.25 67743.6328 34269.1406
   vertex 66114.6875 67667.5234 34448.3477
   vertex 66285.5938 67565.8672 34293.7539
  endloop
 endfacet
facet normal -0.286882013 -0.133725822 0.948586404
  outer loop
   vertex 65643.8281 67839.5391 34825.8516
   vertex 65711.3516 67980.6094 34866.1602
   vertex 65554.5625 67883.4062 34805.0391
  endloop
 endfacet
facet normal -0.184478581 -0.297117859 0.936850369
  outer loop
   vertex 65643.8281 67839.5391 34825.8516
   vertex 65629.7578 67812.1328 34814.3906
   vertex 65649.8984 67795.9609 34813.2266
  endloop
 endfacet
facet normal 0.0444145948 -0.749855459 0.660109162
  outer loop
   vertex 65673.0469 67766.6406 34743.9453
   vertex 65826.3672 67788.5859 34758.5625
   vertex 65807.5391 67813.5 34788.1289
  endloop
 endfacet
facet normal 0.401159912 -0.269364923 0.875507414
  outer loop
   vertex 65889.1641 67847.4844 34764.5977
   vertex 65899.9688 68009.2031 34809.4062
   vertex 65804.4375 67878.1094 34812.8477
  endloop
 endfacet
facet normal -0.17598471 -0.359097183 0.916558027
  outer loop
   vertex 65673.0469 67766.6406 34743.9453
   vertex 65807.5391 67813.5 34788.1289
   vertex 65804.4375 67878.1094 34812.8477
  endloop
 endfacet
facet normal 0.231772214 -0.69111681 0.684572279
  outer loop
   vertex 65673.0469 67766.6406 34743.9453
   vertex 65629.9375 67616.2812 34606.7422
   vertex 65803.3672 67615 34546.7344
  endloop
 endfacet
facet normal 0.46225962 -0.715866327 0.523308158
  outer loop
   vertex 67501.25 67169.9219 33629.6016
   vertex 67672.5156 67400.2344 33793.3711
   vertex 67350.2344 67214.1562 33823.5039
  endloop
 endfacet
facet normal 0.413060635 -0.789046049 -0.454738647
  outer loop
   vertex 67672.5156 67400.2344 33793.3711
   vertex 67494.3203 67275.0312 33848.75
   vertex 67350.2344 67214.1562 33823.5039
  endloop
 endfacet
facet normal 0.178337708 -0.795188129 0.579544187
  outer loop
   vertex 65751.6953 67492.3828 34394.3906
   vertex 65934.3281 67530.8906 34391.0312
   vertex 65803.3672 67615 34546.7344
  endloop
 endfacet
facet normal 0.169237211 -0.84508723 0.507135391
  outer loop
   vertex 65604.7266 67542.7344 34492.6055
   vertex 65803.3672 67615 34546.7344
   vertex 65629.9375 67616.2812 34606.7422
  endloop
 endfacet
facet normal 0.126261175 -0.793256521 0.595652699
  outer loop
   vertex 65604.7266 67542.7344 34492.6055
   vertex 65751.6953 67492.3828 34394.3906
   vertex 65803.3672 67615 34546.7344
  endloop
 endfacet
facet normal 0.320802808 -0.693901241 0.644660115
  outer loop
   vertex 66114.6875 67667.5234 34448.3477
   vertex 65803.3672 67615 34546.7344
   vertex 65934.3281 67530.8906 34391.0312
  endloop
 endfacet
facet normal 0.953177273 0.0461949185 0.298862994
  outer loop
   vertex 65673.0469 67766.6406 34743.9453
   vertex 65643.8281 67839.5391 34825.8516
   vertex 65649.8984 67795.9609 34813.2266
  endloop
 endfacet
facet normal 0.0783815384 -0.914598405 0.396693915
  outer loop
   vertex 65688.6328 67438.9609 34283.6875
   vertex 65864.625 67431.0078 34230.5781
   vertex 65751.6953 67492.3828 34394.3906
  endloop
 endfacet
facet normal 0.191526234 -0.868399739 0.457383484
  outer loop
   vertex 65934.3281 67530.8906 34391.0312
   vertex 65751.6953 67492.3828 34394.3906
   vertex 65864.625 67431.0078 34230.5781
  endloop
 endfacet
facet normal 0.0704151914 -0.913498819 0.400701344
  outer loop
   vertex 65619.375 67472.0312 34371.25
   vertex 65688.6328 67438.9609 34283.6875
   vertex 65751.6953 67492.3828 34394.3906
  endloop
 endfacet
facet normal 0.432040781 -0.53509891 0.725954473
  outer loop
   vertex 65826.3672 67788.5859 34758.5625
   vertex 65889.1641 67847.4844 34764.5977
   vertex 65807.5391 67813.5 34788.1289
  endloop
 endfacet
facet normal 0.381435186 -0.314231426 0.86934793
  outer loop
   vertex 65804.4375 67878.1094 34812.8477
   vertex 65807.5391 67813.5 34788.1289
   vertex 65889.1641 67847.4844 34764.5977
  endloop
 endfacet
facet normal 0.0895665586 -0.904025435 0.417990237
  outer loop
   vertex 65898.2656 67753.4297 34667.1172
   vertex 65826.3672 67788.5859 34758.5625
   vertex 65673.0469 67766.6406 34743.9453
  endloop
 endfacet
facet normal 0.187903911 -0.71470058 0.673717439
  outer loop
   vertex 65803.3672 67615 34546.7344
   vertex 65898.2656 67753.4297 34667.1172
   vertex 65673.0469 67766.6406 34743.9453
  endloop
 endfacet
facet normal -0.216563731 -0.854684591 0.471820325
  outer loop
   vertex 65514.3594 67508.1953 34388.5586
   vertex 65619.375 67472.0312 34371.25
   vertex 65604.7266 67542.7344 34492.6055
  endloop
 endfacet
facet normal -0.272969782 -0.922796786 0.27190733
  outer loop
   vertex 65514.3594 67508.1953 34388.5586
   vertex 65563.6484 67458.375 34268.9531
   vertex 65619.375 67472.0312 34371.25
  endloop
 endfacet
facet normal -0.277097732 -0.920757651 0.274631023
  outer loop
   vertex 65410.5156 67608.7422 34517.9648
   vertex 65604.7266 67542.7344 34492.6055
   vertex 65539.2344 67585.4453 34569.7227
  endloop
 endfacet
facet normal -0.226047888 -0.848729253 0.478080541
  outer loop
   vertex 65410.5156 67608.7422 34517.9648
   vertex 65514.3594 67508.1953 34388.5586
   vertex 65604.7266 67542.7344 34492.6055
  endloop
 endfacet
facet normal 0.0715068951 -0.845577598 0.529041827
  outer loop
   vertex 65604.7266 67542.7344 34492.6055
   vertex 65629.9375 67616.2812 34606.7422
   vertex 65539.2344 67585.4453 34569.7227
  endloop
 endfacet
facet normal -0.371257544 -0.679849505 0.632433772
  outer loop
   vertex 65410.5156 67608.7422 34517.9648
   vertex 65543.5469 67637.1172 34626.5625
   vertex 65499.8398 67678.1484 34645.0039
  endloop
 endfacet
facet normal 0.204252452 -0.657267392 0.725451887
  outer loop
   vertex 65412.5469 67755.2422 34650.1172
   vertex 65343.2734 67636.8438 34562.3555
   vertex 65410.5156 67608.7422 34517.9648
  endloop
 endfacet
facet normal -0.47797814 -0.58469671 0.655489624
  outer loop
   vertex 65412.5469 67755.2422 34650.1172
   vertex 65410.5156 67608.7422 34517.9648
   vertex 65499.8398 67678.1484 34645.0039
  endloop
 endfacet
facet normal -0.0237325691 -0.738818765 0.673486173
  outer loop
   vertex 65539.2344 67585.4453 34569.7227
   vertex 65629.9375 67616.2812 34606.7422
   vertex 65543.5469 67637.1172 34626.5625
  endloop
 endfacet
facet normal -0.378049254 -0.670540452 0.638321459
  outer loop
   vertex 65410.5156 67608.7422 34517.9648
   vertex 65539.2344 67585.4453 34569.7227
   vertex 65543.5469 67637.1172 34626.5625
  endloop
 endfacet
facet normal 0.00639789551 -0.675036669 0.737756431
  outer loop
   vertex 65629.9375 67616.2812 34606.7422
   vertex 65673.0469 67766.6406 34743.9453
   vertex 65543.5469 67637.1172 34626.5625
  endloop
 endfacet
facet normal -0.17949076 -0.556048155 0.811537743
  outer loop
   vertex 65499.8398 67678.1484 34645.0039
   vertex 65543.5469 67637.1172 34626.5625
   vertex 65673.0469 67766.6406 34743.9453
  endloop
 endfacet
facet normal -0.825705647 0.0680037439 0.559987187
  outer loop
   vertex 65343.2734 67636.8438 34562.3555
   vertex 65412.5469 67755.2422 34650.1172
   vertex 65322.0469 67684.4609 34525.2734
  endloop
 endfacet
facet normal -0.73315829 -0.674360573 0.0878450945
  outer loop
   vertex 65422.7539 67541.6484 34273.5586
   vertex 65317.0391 67669.8203 34375.1992
   vertex 65341.4844 67622.5859 34216.6367
  endloop
 endfacet
facet normal -0.709379315 -0.521008432 -0.474690676
  outer loop
   vertex 65443.1523 67533.8281 34113.2578
   vertex 65378.2812 67574.0078 34166.0977
   vertex 65372.3242 67649.1719 34092.5
  endloop
 endfacet
facet normal -0.884125412 -0.360781878 -0.296915263
  outer loop
   vertex 65372.3242 67649.1719 34092.5
   vertex 65378.2812 67574.0078 34166.0977
   vertex 65341.4844 67622.5859 34216.6367
  endloop
 endfacet
facet normal -0.617132962 -0.777219951 0.122784555
  outer loop
   vertex 65673.0469 67766.6406 34743.9453
   vertex 65649.8984 67795.9609 34813.2266
   vertex 65629.7578 67812.1328 34814.3906
  endloop
 endfacet
facet normal -0.376229435 0.682302892 -0.626828671
  outer loop
   vertex 65796.0703 68005 33894.8477
   vertex 65724.1094 67926.4375 33852.5273
   vertex 65682.4375 68066.4141 34029.9062
  endloop
 endfacet
facet normal -0.567145228 0.661687136 -0.490424693
  outer loop
   vertex 65425.2266 68296.2031 34458.5664
   vertex 65433.4062 68184.3672 34298.2227
   vertex 65318.4492 68177.5938 34422.0156
  endloop
 endfacet
facet normal -0.75176388 0.522266328 -0.402602702
  outer loop
   vertex 65467.9258 68278.4297 34355.7773
   vertex 65433.4062 68184.3672 34298.2227
   vertex 65425.2266 68296.2031 34458.5664
  endloop
 endfacet
facet normal -0.948527157 -0.310577661 0.061949715
  outer loop
   vertex 65322.0469 67684.4609 34525.2734
   vertex 65280.0312 67799.5703 34459.0469
   vertex 65317.0391 67669.8203 34375.1992
  endloop
 endfacet
facet normal -0.985722303 -0.161207676 0.0486176312
  outer loop
   vertex 65322.0469 67684.4609 34525.2734
   vertex 65317.0391 67669.8203 34375.1992
   vertex 65327.125 67638.2891 34475.1445
  endloop
 endfacet
facet normal -0.965253294 -0.260278165 -0.0232670382
  outer loop
   vertex 65317.0391 67669.8203 34375.1992
   vertex 65280.0312 67799.5703 34459.0469
   vertex 65278.4805 67816.1406 34338.0703
  endloop
 endfacet
facet normal -0.939055264 0.0913643092 0.331402749
  outer loop
   vertex 65278.5625 68171.9688 34492.5312
   vertex 65323.4844 68246.1094 34599.3789
   vertex 65284.6484 68220.1875 34496.4922
  endloop
 endfacet
facet normal -0.681914806 -0.302643448 0.66588223
  outer loop
   vertex 65322.0469 67684.4609 34525.2734
   vertex 65412.5469 67755.2422 34650.1172
   vertex 65312.1562 67852.1953 34591.3789
  endloop
 endfacet
facet normal -0.807394743 -0.177641973 0.562633991
  outer loop
   vertex 65381.6523 67941.1016 34719.1797
   vertex 65303.5703 67980.2891 34619.5039
   vertex 65312.1562 67852.1953 34591.3789
  endloop
 endfacet
facet normal -0.301269323 -0.375711858 0.876400232
  outer loop
   vertex 65346.2031 67839.9531 34663.6289
   vertex 65412.5469 67755.2422 34650.1172
   vertex 65381.6523 67941.1016 34719.1797
  endloop
 endfacet
facet normal -0.897060156 0.075250864 0.43545422
  outer loop
   vertex 65346.2031 67839.9531 34663.6289
   vertex 65381.6523 67941.1016 34719.1797
   vertex 65312.1562 67852.1953 34591.3789
  endloop
 endfacet
facet normal -0.743886054 -0.621707439 0.245180324
  outer loop
   vertex 65346.2031 67839.9531 34663.6289
   vertex 65312.1562 67852.1953 34591.3789
   vertex 65412.5469 67755.2422 34650.1172
  endloop
 endfacet
facet normal -0.939356685 -0.172260538 0.296538979
  outer loop
   vertex 65280.0312 67799.5703 34459.0469
   vertex 65322.0469 67684.4609 34525.2734
   vertex 65312.1562 67852.1953 34591.3789
  endloop
 endfacet
facet normal -0.23884517 -0.62927568 0.739570916
  outer loop
   vertex 65412.5469 67755.2422 34650.1172
   vertex 65673.0469 67766.6406 34743.9453
   vertex 65554.5625 67883.4062 34805.0391
  endloop
 endfacet
facet normal -0.296292305 -0.393233627 0.8703897
  outer loop
   vertex 65412.5469 67755.2422 34650.1172
   vertex 65499.8398 67678.1484 34645.0039
   vertex 65673.0469 67766.6406 34743.9453
  endloop
 endfacet
facet normal -0.509491205 -0.372833282 0.775508881
  outer loop
   vertex 65412.5469 67755.2422 34650.1172
   vertex 65554.5625 67883.4062 34805.0391
   vertex 65381.6523 67941.1016 34719.1797
  endloop
 endfacet
facet normal -0.513198018 -0.50137043 0.696602821
  outer loop
   vertex 65474.6953 67994.2109 34825.9492
   vertex 65381.6523 67941.1016 34719.1797
   vertex 65554.5625 67883.4062 34805.0391
  endloop
 endfacet
facet normal -0.322544396 -0.219496086 0.9207533
  outer loop
   vertex 65554.5625 67883.4062 34805.0391
   vertex 65629.7578 67812.1328 34814.3906
   vertex 65643.8281 67839.5391 34825.8516
  endloop
 endfacet
facet normal -0.690065384 -0.722490728 0.0426249839
  outer loop
   vertex 65554.5625 67883.4062 34805.0391
   vertex 65673.0469 67766.6406 34743.9453
   vertex 65629.7578 67812.1328 34814.3906
  endloop
 endfacet
facet normal -0.955535412 0.288116157 0.0627784058
  outer loop
   vertex 65464.168 68435.625 34881.3516
   vertex 65481.7422 68492.7891 34886.5156
   vertex 65450.0156 68420.7031 34734.4648
  endloop
 endfacet
facet normal -0.313038349 -0.389131904 0.866362154
  outer loop
   vertex 65474.6953 67994.2109 34825.9492
   vertex 65554.5625 67883.4062 34805.0391
   vertex 65557.2344 68033.4609 34873.4023
  endloop
 endfacet
facet normal 0.914282858 0.101768203 0.39208433
  outer loop
   vertex 65880.5312 68385.1562 34945.6953
   vertex 65899.2969 68486.5234 34875.6406
   vertex 65845.3281 68516.1641 34993.7773
  endloop
 endfacet
facet normal -0.0984139219 -0.411128402 0.906249464
  outer loop
   vertex 65554.5625 67883.4062 34805.0391
   vertex 65711.3516 67980.6094 34866.1602
   vertex 65557.2344 68033.4609 34873.4023
  endloop
 endfacet
facet normal -0.07778842 -0.354492217 0.93181771
  outer loop
   vertex 65624.0547 68189.4141 34938.3086
   vertex 65557.2344 68033.4609 34873.4023
   vertex 65711.3516 67980.6094 34866.1602
  endloop
 endfacet
facet normal -0.446630239 -0.130841717 0.885099947
  outer loop
   vertex 65474.6953 67994.2109 34825.9492
   vertex 65557.2344 68033.4609 34873.4023
   vertex 65456.2734 68137.7734 34837.875
  endloop
 endfacet
facet normal -0.801016331 -0.0910545439 0.591677248
  outer loop
   vertex 65303.5703 67980.2891 34619.5039
   vertex 65381.6523 67941.1016 34719.1797
   vertex 65329.875 68125.0781 34677.3906
  endloop
 endfacet
facet normal -0.780130327 -0.0785930902 0.620660782
  outer loop
   vertex 65456.2734 68137.7734 34837.875
   vertex 65329.875 68125.0781 34677.3906
   vertex 65381.6523 67941.1016 34719.1797
  endloop
 endfacet
facet normal -0.707896233 -0.148205131 0.690592647
  outer loop
   vertex 65456.2734 68137.7734 34837.875
   vertex 65381.6523 67941.1016 34719.1797
   vertex 65474.6953 67994.2109 34825.9492
  endloop
 endfacet
facet normal -0.373536676 0.608934045 -0.699764013
  outer loop
   vertex 65623.2344 68187.1016 34166.5273
   vertex 65682.4375 68066.4141 34029.9062
   vertex 65544.6719 68150.4609 34176.5781
  endloop
 endfacet
facet normal -0.0909679234 0.726465642 -0.681155264
  outer loop
   vertex 65623.2344 68187.1016 34166.5273
   vertex 65704.9062 68206.3203 34176.1172
   vertex 65682.4375 68066.4141 34029.9062
  endloop
 endfacet
facet normal -0.973878622 0.152479365 -0.168257192
  outer loop
   vertex 65312.6719 67888.9375 34206.1328
   vertex 65278.4805 67816.1406 34338.0703
   vertex 65286.8359 68012.5312 34467.6719
  endloop
 endfacet
facet normal 0.349981248 -0.152282178 0.924296081
  outer loop
   vertex 65740.0859 68537.4688 35051.7969
   vertex 65663.2812 68577.5391 35087.4805
   vertex 65647.2031 68536.6641 35086.8359
  endloop
 endfacet
facet normal 0.188309968 0.954479158 0.231319815
  outer loop
   vertex 65615.8125 68586.6562 35088.5195
   vertex 65663.2812 68577.5391 35087.4805
   vertex 65657.2109 68588.8594 35045.7383
  endloop
 endfacet
facet normal 0.0723824352 0.989514589 0.124986693
  outer loop
   vertex 65737.5312 68575.2422 34937.9492
   vertex 65796.7344 68563.4688 34996.9102
   vertex 65830.3125 68566.8359 34950.7891
  endloop
 endfacet
facet normal -0.995022595 -0.0855145752 -0.0511598997
  outer loop
   vertex 65320.0352 68233.6016 34687.3125
   vertex 65323.4844 68246.1094 34599.3789
   vertex 65329.875 68125.0781 34677.3906
  endloop
 endfacet
facet normal -0.386597097 0.734093726 -0.558255434
  outer loop
   vertex 65544.6719 68150.4609 34176.5781
   vertex 65433.4062 68184.3672 34298.2227
   vertex 65576.7188 68282.1094 34327.5
  endloop
 endfacet
facet normal -0.559139073 0.823820174 -0.0931870267
  outer loop
   vertex 65611.8516 68539.7969 34816.2422
   vertex 65564.8516 68495.25 34704.4336
   vertex 65450.0156 68420.7031 34734.4648
  endloop
 endfacet
facet normal -0.0644387081 0.314655989 0.947016001
  outer loop
   vertex 65450.0156 68420.7031 34734.4648
   vertex 65376.0078 68371.4141 34745.8047
   vertex 65383.9922 68306.7344 34767.8398
  endloop
 endfacet
facet normal -0.860859692 0.507877231 0.0313258842
  outer loop
   vertex 65464.168 68435.625 34881.3516
   vertex 65450.0156 68420.7031 34734.4648
   vertex 65383.9922 68306.7344 34767.8398
  endloop
 endfacet
facet normal -0.167685896 -0.138178051 0.97610873
  outer loop
   vertex 65615.8125 68586.6562 35088.5195
   vertex 65588.6328 68556.4844 35079.5781
   vertex 65647.2031 68536.6641 35086.8359
  endloop
 endfacet
facet normal -0.906393468 0.0316075049 0.421250373
  outer loop
   vertex 65376.0078 68371.4141 34745.8047
   vertex 65361.5977 68347.8828 34716.5703
   vertex 65383.9922 68306.7344 34767.8398
  endloop
 endfacet
facet normal -0.931977093 -0.0622010268 0.357141078
  outer loop
   vertex 65361.5977 68347.8828 34716.5703
   vertex 65323.4844 68246.1094 34599.3789
   vertex 65383.9922 68306.7344 34767.8398
  endloop
 endfacet
facet normal -0.773043871 -0.0693381354 0.630551636
  outer loop
   vertex 65536.6172 68371.1797 34962.0391
   vertex 65383.9922 68306.7344 34767.8398
   vertex 65456.2734 68137.7734 34837.875
  endloop
 endfacet
facet normal -0.780333579 -0.0765570849 0.620659709
  outer loop
   vertex 65456.2734 68137.7734 34837.875
   vertex 65383.9922 68306.7344 34767.8398
   vertex 65329.875 68125.0781 34677.3906
  endloop
 endfacet
facet normal -0.771472156 -0.0763990656 0.631659627
  outer loop
   vertex 65536.6172 68371.1797 34962.0391
   vertex 65464.168 68435.625 34881.3516
   vertex 65383.9922 68306.7344 34767.8398
  endloop
 endfacet
facet normal -0.782083213 0.620503962 0.0576253943
  outer loop
   vertex 65323.4844 68246.1094 34599.3789
   vertex 65320.0352 68233.6016 34687.3125
   vertex 65383.9922 68306.7344 34767.8398
  endloop
 endfacet
facet normal -0.716955066 -0.127641633 0.685334265
  outer loop
   vertex 65320.0352 68233.6016 34687.3125
   vertex 65329.875 68125.0781 34677.3906
   vertex 65383.9922 68306.7344 34767.8398
  endloop
 endfacet
facet normal -0.598087728 0.79559052 0.0965755433
  outer loop
   vertex 65527.8359 68527.0547 34889.7344
   vertex 65481.7422 68492.7891 34886.5156
   vertex 65542.9766 68525.3828 34997.2422
  endloop
 endfacet
facet normal -0.565484583 0.784661889 -0.254033327
  outer loop
   vertex 65527.8359 68527.0547 34889.7344
   vertex 65450.0156 68420.7031 34734.4648
   vertex 65481.7422 68492.7891 34886.5156
  endloop
 endfacet
facet normal -0.433211803 0.829980671 -0.351368248
  outer loop
   vertex 65527.8359 68527.0547 34889.7344
   vertex 65611.8516 68539.7969 34816.2422
   vertex 65450.0156 68420.7031 34734.4648
  endloop
 endfacet
facet normal -0.658459187 0.717767358 -0.226365879
  outer loop
   vertex 65542.9766 68525.3828 34997.2422
   vertex 65592.8516 68587.9609 35050.5859
   vertex 65606.2734 68574.1328 34967.6953
  endloop
 endfacet
facet normal -0.646517754 0.722955942 -0.243617564
  outer loop
   vertex 65576.5781 68580.8906 35072.7891
   vertex 65592.8516 68587.9609 35050.5859
   vertex 65542.9766 68525.3828 34997.2422
  endloop
 endfacet
facet normal -0.41563195 -0.311513007 0.854523122
  outer loop
   vertex 65456.2734 68137.7734 34837.875
   vertex 65624.0547 68189.4141 34938.3086
   vertex 65536.6172 68371.1797 34962.0391
  endloop
 endfacet
facet normal -0.781110227 -0.108144209 0.614956617
  outer loop
   vertex 65464.168 68435.625 34881.3516
   vertex 65536.6172 68371.1797 34962.0391
   vertex 65542.9766 68525.3828 34997.2422
  endloop
 endfacet
facet normal -0.223266616 -0.323108017 0.919648409
  outer loop
   vertex 65588.6328 68556.4844 35079.5781
   vertex 65596.3047 68481.2891 35055.0234
   vertex 65647.2031 68536.6641 35086.8359
  endloop
 endfacet
facet normal -0.800156772 -0.25844568 0.54125315
  outer loop
   vertex 65596.3047 68481.2891 35055.0234
   vertex 65588.6328 68556.4844 35079.5781
   vertex 65542.9766 68525.3828 34997.2422
  endloop
 endfacet
facet normal 0.0175381228 -0.0226782877 0.999588966
  outer loop
   vertex 65615.8125 68586.6562 35088.5195
   vertex 65647.2031 68536.6641 35086.8359
   vertex 65663.2812 68577.5391 35087.4805
  endloop
 endfacet
facet normal -0.771168947 -0.111265652 0.626832008
  outer loop
   vertex 65542.9766 68525.3828 34997.2422
   vertex 65536.6172 68371.1797 34962.0391
   vertex 65596.3047 68481.2891 35055.0234
  endloop
 endfacet
facet normal -0.656753302 -0.245950878 0.712869763
  outer loop
   vertex 65603.3438 68428.7969 35043.3945
   vertex 65596.3047 68481.2891 35055.0234
   vertex 65536.6172 68371.1797 34962.0391
  endloop
 endfacet
facet normal -0.579481959 0.809526145 0.0941704363
  outer loop
   vertex 65527.8359 68527.0547 34889.7344
   vertex 65542.9766 68525.3828 34997.2422
   vertex 65606.2734 68574.1328 34967.6953
  endloop
 endfacet
facet normal -0.379911333 0.068938069 0.922450483
  outer loop
   vertex 65615.8125 68586.6562 35088.5195
   vertex 65576.5781 68580.8906 35072.7891
   vertex 65588.6328 68556.4844 35079.5781
  endloop
 endfacet
facet normal -0.205032527 0.966019452 0.157378912
  outer loop
   vertex 65592.8516 68587.9609 35050.5859
   vertex 65576.5781 68580.8906 35072.7891
   vertex 65615.8125 68586.6562 35088.5195
  endloop
 endfacet
facet normal 0.0195115376 -0.456459254 0.889530361
  outer loop
   vertex 65807.2109 68362.3281 35014.1562
   vertex 65695.3594 68408.2266 35040.1641
   vertex 65807.1016 68201.1406 34931.4492
  endloop
 endfacet
facet normal 0.0616705418 -0.437647492 0.897029221
  outer loop
   vertex 65624.0547 68189.4141 34938.3086
   vertex 65807.1016 68201.1406 34931.4492
   vertex 65695.3594 68408.2266 35040.1641
  endloop
 endfacet
facet normal 0.512476742 0.844706237 0.15439868
  outer loop
   vertex 65657.2109 68588.8594 35045.7383
   vertex 65663.2812 68577.5391 35087.4805
   vertex 65740.0859 68537.4688 35051.7969
  endloop
 endfacet
facet normal -0.0107996045 0.999102712 0.040953327
  outer loop
   vertex 65592.8516 68587.9609 35050.5859
   vertex 65615.8125 68586.6562 35088.5195
   vertex 65657.2109 68588.8594 35045.7383
  endloop
 endfacet
facet normal -0.0263968203 0.985315561 -0.168690369
  outer loop
   vertex 65606.2734 68574.1328 34967.6953
   vertex 65592.8516 68587.9609 35050.5859
   vertex 65657.2109 68588.8594 35045.7383
  endloop
 endfacet
facet normal 0.697276413 -0.327636451 0.637542129
  outer loop
   vertex 65807.2109 68362.3281 35014.1562
   vertex 65807.1016 68201.1406 34931.4492
   vertex 65880.5312 68385.1562 34945.6953
  endloop
 endfacet
facet normal -0.0440496393 0.986551642 -0.157402188
  outer loop
   vertex 65737.5312 68575.2422 34937.9492
   vertex 65606.2734 68574.1328 34967.6953
   vertex 65657.2109 68588.8594 35045.7383
  endloop
 endfacet
facet normal 0.874629676 0.122769229 0.468988955
  outer loop
   vertex 65966.7344 68358.9297 34749.2461
   vertex 65967.7891 68204.2969 34787.7578
   vertex 66087.3828 68203.3047 34564.9844
  endloop
 endfacet
facet normal -0.366679788 -0.291736215 0.883422852
  outer loop
   vertex 65536.6172 68371.1797 34962.0391
   vertex 65624.0547 68189.4141 34938.3086
   vertex 65695.3594 68408.2266 35040.1641
  endloop
 endfacet
facet normal 0.497932136 0.46308732 0.733221471
  outer loop
   vertex 65796.7344 68563.4688 34996.9102
   vertex 65740.0859 68537.4688 35051.7969
   vertex 65845.3281 68516.1641 34993.7773
  endloop
 endfacet
facet normal 0.634048283 -0.172511324 0.753805459
  outer loop
   vertex 65899.9688 68009.2031 34809.4062
   vertex 65807.1016 68201.1406 34931.4492
   vertex 65815.2344 68061.2578 34892.5898
  endloop
 endfacet
facet normal 0.309618294 -0.631720066 0.710680127
  outer loop
   vertex 65711.3516 67980.6094 34866.1602
   vertex 65899.9688 68009.2031 34809.4062
   vertex 65815.2344 68061.2578 34892.5898
  endloop
 endfacet
facet normal 0.310114205 -0.201613486 0.92907542
  outer loop
   vertex 65711.3516 67980.6094 34866.1602
   vertex 65804.4375 67878.1094 34812.8477
   vertex 65899.9688 68009.2031 34809.4062
  endloop
 endfacet
facet normal 0.611907065 -0.45471403 0.647151351
  outer loop
   vertex 65811.5469 68437.8672 35047.9648
   vertex 65880.5312 68385.1562 34945.6953
   vertex 65849.5234 68465.8828 35031.7383
  endloop
 endfacet
facet normal 0.412856698 0.785889506 0.460355312
  outer loop
   vertex 65812.9141 68494.9297 35059.1016
   vertex 65845.3281 68516.1641 34993.7773
   vertex 65740.0859 68537.4688 35051.7969
  endloop
 endfacet
facet normal 0.362768114 -0.186882451 0.912948132
  outer loop
   vertex 65812.9141 68494.9297 35059.1016
   vertex 65771.6953 68477.2656 35071.8633
   vertex 65811.5469 68437.8672 35047.9648
  endloop
 endfacet
facet normal 0.12516357 0.372221291 0.919665933
  outer loop
   vertex 65812.9141 68494.9297 35059.1016
   vertex 65740.0859 68537.4688 35051.7969
   vertex 65771.6953 68477.2656 35071.8633
  endloop
 endfacet
facet normal -0.0356916301 -0.269404829 0.962365389
  outer loop
   vertex 65807.1016 68201.1406 34931.4492
   vertex 65711.3516 67980.6094 34866.1602
   vertex 65815.2344 68061.2578 34892.5898
  endloop
 endfacet
facet normal 0.436695516 0.776833475 -0.45368138
  outer loop
   vertex 65982.8359 68335.125 34528.7031
   vertex 65849 68273.6953 34294.6953
   vertex 65835.0703 68452.1172 34586.7852
  endloop
 endfacet
facet normal -0.144401744 -0.747779071 0.648054481
  outer loop
   vertex 65695.3594 68408.2266 35040.1641
   vertex 65603.3438 68428.7969 35043.3945
   vertex 65536.6172 68371.1797 34962.0391
  endloop
 endfacet
facet normal 0.63731724 -0.309002906 0.705934763
  outer loop
   vertex 65807.1016 68201.1406 34931.4492
   vertex 65967.7891 68204.2969 34787.7578
   vertex 65880.5312 68385.1562 34945.6953
  endloop
 endfacet
facet normal 0.704858243 0.625835121 -0.333923995
  outer loop
   vertex 65857.6719 68556.9453 34769.5078
   vertex 65904.4062 68482.4844 34728.6094
   vertex 65855.2656 68528.6641 34711.4375
  endloop
 endfacet
facet normal 0.914116919 0.117300376 0.388111919
  outer loop
   vertex 65869.6875 68546.5781 34927.2305
   vertex 65845.3281 68516.1641 34993.7773
   vertex 65899.2969 68486.5234 34875.6406
  endloop
 endfacet
facet normal 0.697434843 -0.325717509 0.638351619
  outer loop
   vertex 65807.2109 68362.3281 35014.1562
   vertex 65880.5312 68385.1562 34945.6953
   vertex 65811.5469 68437.8672 35047.9648
  endloop
 endfacet
facet normal 0.494657516 -0.177879497 0.85068965
  outer loop
   vertex 65812.9141 68494.9297 35059.1016
   vertex 65811.5469 68437.8672 35047.9648
   vertex 65849.5234 68465.8828 35031.7383
  endloop
 endfacet
facet normal 0.125024185 0.840445042 -0.527276993
  outer loop
   vertex 65835.0703 68452.1172 34586.7852
   vertex 65711.6016 68400.4688 34475.1953
   vertex 65712.6797 68487.6016 34614.332
  endloop
 endfacet
facet normal 0.735279322 0.446378767 0.510010183
  outer loop
   vertex 65812.9141 68494.9297 35059.1016
   vertex 65849.5234 68465.8828 35031.7383
   vertex 65845.3281 68516.1641 34993.7773
  endloop
 endfacet
facet normal 0.966477633 0.201122776 0.159595102
  outer loop
   vertex 65849.5234 68465.8828 35031.7383
   vertex 65880.5312 68385.1562 34945.6953
   vertex 65845.3281 68516.1641 34993.7773
  endloop
 endfacet
facet normal 0.916015267 0.0991132334 0.388706356
  outer loop
   vertex 65880.5312 68385.1562 34945.6953
   vertex 65966.7344 68358.9297 34749.2461
   vertex 65899.2969 68486.5234 34875.6406
  endloop
 endfacet
facet normal 0.841646731 0.524711251 -0.127706289
  outer loop
   vertex 65850.4453 68558.0547 34847.6094
   vertex 65869.6875 68546.5781 34927.2305
   vertex 65899.2969 68486.5234 34875.6406
  endloop
 endfacet
facet normal 0.621528745 0.605724394 0.496789694
  outer loop
   vertex 65796.7344 68563.4688 34996.9102
   vertex 65845.3281 68516.1641 34993.7773
   vertex 65830.3125 68566.8359 34950.7891
  endloop
 endfacet
facet normal 0.0407211743 0.798651397 -0.600414693
  outer loop
   vertex 65841.2109 68575.5547 34793.1523
   vertex 65857.6719 68556.9453 34769.5078
   vertex 65778.3281 68549.4219 34754.125
  endloop
 endfacet
facet normal 0.464717776 0.885325968 0.0153392795
  outer loop
   vertex 65850.4453 68558.0547 34847.6094
   vertex 65830.3125 68566.8359 34950.7891
   vertex 65869.6875 68546.5781 34927.2305
  endloop
 endfacet
facet normal 0.613938689 0.608536303 0.502755284
  outer loop
   vertex 65845.3281 68516.1641 34993.7773
   vertex 65869.6875 68546.5781 34927.2305
   vertex 65830.3125 68566.8359 34950.7891
  endloop
 endfacet
facet normal 0.862225235 0.501294434 0.0726054385
  outer loop
   vertex 65850.4453 68558.0547 34847.6094
   vertex 65904.4062 68482.4844 34728.6094
   vertex 65857.6719 68556.9453 34769.5078
  endloop
 endfacet
facet normal 0.823358834 0.567371726 0.013022786
  outer loop
   vertex 65850.4453 68558.0547 34847.6094
   vertex 65899.2969 68486.5234 34875.6406
   vertex 65904.4062 68482.4844 34728.6094
  endloop
 endfacet
facet normal -0.132219151 0.970014036 -0.20393835
  outer loop
   vertex 65778.3281 68549.4219 34754.125
   vertex 65647.8516 68518.5938 34692.0664
   vertex 65611.8516 68539.7969 34816.2422
  endloop
 endfacet
facet normal 0.784743905 0.619745791 -0.00960039347
  outer loop
   vertex 66087.3828 68203.3047 34564.9844
   vertex 65982.8359 68335.125 34528.7031
   vertex 65966.7344 68358.9297 34749.2461
  endloop
 endfacet
facet normal 0.891614735 0.452503085 0.0162509438
  outer loop
   vertex 65966.7344 68358.9297 34749.2461
   vertex 65982.8359 68335.125 34528.7031
   vertex 65904.4062 68482.4844 34728.6094
  endloop
 endfacet
facet normal 0.891424835 0.452789247 0.0185378026
  outer loop
   vertex 65966.7344 68358.9297 34749.2461
   vertex 65904.4062 68482.4844 34728.6094
   vertex 65899.2969 68486.5234 34875.6406
  endloop
 endfacet
facet normal -0.296082556 0.92359817 -0.243519157
  outer loop
   vertex 65564.8516 68495.25 34704.4336
   vertex 65611.8516 68539.7969 34816.2422
   vertex 65647.8516 68518.5938 34692.0664
  endloop
 endfacet
facet normal 0.468228459 0.788957417 -0.39787975
  outer loop
   vertex 65904.4062 68482.4844 34728.6094
   vertex 65982.8359 68335.125 34528.7031
   vertex 65835.0703 68452.1172 34586.7852
  endloop
 endfacet
facet normal 0.68866241 0.562764883 -0.457208663
  outer loop
   vertex 65855.2656 68528.6641 34711.4375
   vertex 65904.4062 68482.4844 34728.6094
   vertex 65835.0703 68452.1172 34586.7852
  endloop
 endfacet
facet normal -0.134226203 0.835940778 -0.532152534
  outer loop
   vertex 65576.7188 68282.1094 34327.5
   vertex 65704.9062 68206.3203 34176.1172
   vertex 65623.2344 68187.1016 34166.5273
  endloop
 endfacet
facet normal -0.028949229 0.883801639 -0.466965288
  outer loop
   vertex 65576.7188 68282.1094 34327.5
   vertex 65849 68273.6953 34294.6953
   vertex 65704.9062 68206.3203 34176.1172
  endloop
 endfacet
facet normal 0.690881789 -0.157670364 0.705565333
  outer loop
   vertex 65899.9688 68009.2031 34809.4062
   vertex 66033.5 67867.6953 34647.0312
   vertex 66091.9219 68043.2109 34629.043
  endloop
 endfacet
facet normal 0.632649362 -0.245731235 0.73441875
  outer loop
   vertex 65899.9688 68009.2031 34809.4062
   vertex 65889.1641 67847.4844 34764.5977
   vertex 66033.5 67867.6953 34647.0312
  endloop
 endfacet
facet normal 0.690801978 -0.161949828 0.704673648
  outer loop
   vertex 65967.7891 68204.2969 34787.7578
   vertex 65899.9688 68009.2031 34809.4062
   vertex 66091.9219 68043.2109 34629.043
  endloop
 endfacet
facet normal 0.86195451 0.209228575 0.461798489
  outer loop
   vertex 66087.3828 68203.3047 34564.9844
   vertex 65967.7891 68204.2969 34787.7578
   vertex 66091.9219 68043.2109 34629.043
  endloop
 endfacet
facet normal 0.661737978 -0.144890815 0.735601485
  outer loop
   vertex 66033.5 67867.6953 34647.0312
   vertex 66240.5234 67892.2734 34465.6367
   vertex 66091.9219 68043.2109 34629.043
  endloop
 endfacet
facet normal 0.769214094 0.256071478 0.585437536
  outer loop
   vertex 66087.3828 68203.3047 34564.9844
   vertex 66091.9219 68043.2109 34629.043
   vertex 66251.6562 68063.2891 34410.3828
  endloop
 endfacet
facet normal -0.521266818 0.111036643 -0.846139312
  outer loop
   vertex 65452.4805 67691.2266 33981.1133
   vertex 65407.7227 67814.3828 34024.8477
   vertex 65582.5781 67820.7422 33917.9609
  endloop
 endfacet
facet normal -0.120426551 0.978823483 -0.165535673
  outer loop
   vertex 66327.8125 68152.7969 34032.4492
   vertex 66246.1484 68128.6641 33949.1797
   vertex 66195.9922 68168.9453 34223.8398
  endloop
 endfacet
facet normal -0.532821476 0.775130153 0.339520961
  outer loop
   vertex 65850.4453 68558.0547 34847.6094
   vertex 65841.2109 68575.5547 34793.1523
   vertex 65778.3281 68549.4219 34754.125
  endloop
 endfacet
facet normal -0.000325863162 0.899083316 -0.437777489
  outer loop
   vertex 65855.2656 68528.6641 34711.4375
   vertex 65778.3281 68549.4219 34754.125
   vertex 65857.6719 68556.9453 34769.5078
  endloop
 endfacet
facet normal -0.117753558 0.979455948 -0.163707584
  outer loop
   vertex 65737.5312 68575.2422 34937.9492
   vertex 65778.3281 68549.4219 34754.125
   vertex 65611.8516 68539.7969 34816.2422
  endloop
 endfacet
facet normal 0.0480121411 0.990549743 -0.128475845
  outer loop
   vertex 65737.5312 68575.2422 34937.9492
   vertex 65850.4453 68558.0547 34847.6094
   vertex 65778.3281 68549.4219 34754.125
  endloop
 endfacet
facet normal 0.0990095735 0.992949009 -0.0651875362
  outer loop
   vertex 65830.3125 68566.8359 34950.7891
   vertex 65850.4453 68558.0547 34847.6094
   vertex 65737.5312 68575.2422 34937.9492
  endloop
 endfacet
facet normal -0.030723216 0.91938144 -0.392165661
  outer loop
   vertex 65778.3281 68549.4219 34754.125
   vertex 65712.6797 68487.6016 34614.332
   vertex 65647.8516 68518.5938 34692.0664
  endloop
 endfacet
facet normal 0.150857821 0.875940323 -0.45822534
  outer loop
   vertex 65778.3281 68549.4219 34754.125
   vertex 65835.0703 68452.1172 34586.7852
   vertex 65712.6797 68487.6016 34614.332
  endloop
 endfacet
facet normal -0.0556485057 0.854804993 -0.515957057
  outer loop
   vertex 65778.3281 68549.4219 34754.125
   vertex 65855.2656 68528.6641 34711.4375
   vertex 65835.0703 68452.1172 34586.7852
  endloop
 endfacet
facet normal 0.317614645 0.699942946 0.639688075
  outer loop
   vertex 66420.2031 68079.7656 34210.0898
   vertex 66354.0469 68139.7734 34177.2812
   vertex 66195.9922 68168.9453 34223.8398
  endloop
 endfacet
facet normal 0.0130491145 0.870279074 -0.492386103
  outer loop
   vertex 65964.6484 68083.7422 33962.0234
   vertex 65799.8047 68168.1172 34106.7773
   vertex 65849 68273.6953 34294.6953
  endloop
 endfacet
facet normal -0.35188663 0.871353567 -0.341933787
  outer loop
   vertex 66246.1484 68128.6641 33949.1797
   vertex 66307.6406 68117.4609 33857.332
   vertex 66253.6406 68057.7891 33760.8438
  endloop
 endfacet
facet normal 0.747800171 0.640845776 0.173526838
  outer loop
   vertex 65982.8359 68335.125 34528.7031
   vertex 66087.3828 68203.3047 34564.9844
   vertex 66195.9922 68168.9453 34223.8398
  endloop
 endfacet
facet normal 0.202836528 0.912394881 -0.355517864
  outer loop
   vertex 65849 68273.6953 34294.6953
   vertex 65982.8359 68335.125 34528.7031
   vertex 66195.9922 68168.9453 34223.8398
  endloop
 endfacet
facet normal -0.0645763278 0.864485383 -0.498492628
  outer loop
   vertex 66307.6406 68117.4609 33857.332
   vertex 66432 68134.0078 33869.9219
   vertex 66253.6406 68057.7891 33760.8438
  endloop
 endfacet
facet normal -0.557139099 0.759167135 -0.336543083
  outer loop
   vertex 65376.0078 68371.4141 34745.8047
   vertex 65450.0156 68420.7031 34734.4648
   vertex 65361.5977 68347.8828 34716.5703
  endloop
 endfacet
facet normal 0.793409407 0.139741987 0.592430294
  outer loop
   vertex 66240.5234 67892.2734 34465.6367
   vertex 66251.6562 68063.2891 34410.3828
   vertex 66091.9219 68043.2109 34629.043
  endloop
 endfacet
facet normal 0.653187573 0.0267380998 0.75672394
  outer loop
   vertex 66240.5234 67892.2734 34465.6367
   vertex 66474.25 67743.6328 34269.1406
   vertex 66421.5234 67952.5156 34307.2695
  endloop
 endfacet
facet normal 0.603514612 0.209288791 0.769394755
  outer loop
   vertex 66251.6562 68063.2891 34410.3828
   vertex 66240.5234 67892.2734 34465.6367
   vertex 66421.5234 67952.5156 34307.2695
  endloop
 endfacet
facet normal 0.660319448 0.460125387 0.593517363
  outer loop
   vertex 66420.2031 68079.7656 34210.0898
   vertex 66251.6562 68063.2891 34410.3828
   vertex 66421.5234 67952.5156 34307.2695
  endloop
 endfacet
facet normal -0.0203487035 0.0844255537 0.996222019
  outer loop
   vertex 67199.3828 67693.5938 34057.4492
   vertex 67418.25 67818.1406 34051.3672
   vertex 67148.4375 67956.75 34034.1094
  endloop
 endfacet
facet normal 0.156492308 0.577307701 0.801389992
  outer loop
   vertex 67148.4375 67956.75 34034.1094
   vertex 66869.4375 68076.0625 34002.6367
   vertex 66689.8281 67954.8125 34125.0586
  endloop
 endfacet
facet normal 0.19456327 -0.0114711737 0.980822921
  outer loop
   vertex 66838.5781 67629.0391 34091.7422
   vertex 67148.4375 67956.75 34034.1094
   vertex 66689.8281 67954.8125 34125.0586
  endloop
 endfacet
facet normal 0.503348589 0.769690156 0.392705083
  outer loop
   vertex 66354.0469 68139.7734 34177.2812
   vertex 66420.2031 68079.7656 34210.0898
   vertex 66432.7109 68136.4531 34082.9648
  endloop
 endfacet
facet normal 0.134283334 0.598495007 0.78979218
  outer loop
   vertex 66869.4375 68076.0625 34002.6367
   vertex 66758.375 68062.0234 34032.1602
   vertex 66689.8281 67954.8125 34125.0586
  endloop
 endfacet
facet normal 0.391474962 0.211399332 0.895576715
  outer loop
   vertex 66474.25 67743.6328 34269.1406
   vertex 66669.7812 67779.1953 34175.2773
   vertex 66689.8281 67954.8125 34125.0586
  endloop
 endfacet
facet normal 0.561842859 -0.00918005873 0.827193022
  outer loop
   vertex 66421.5234 67952.5156 34307.2695
   vertex 66474.25 67743.6328 34269.1406
   vertex 66689.8281 67954.8125 34125.0586
  endloop
 endfacet
facet normal 0.554250419 0.169733182 0.814860225
  outer loop
   vertex 66669.7812 67779.1953 34175.2773
   vertex 66838.5781 67629.0391 34091.7422
   vertex 66689.8281 67954.8125 34125.0586
  endloop
 endfacet
facet normal 0.4789024 0.592657506 0.647618413
  outer loop
   vertex 66689.8281 67954.8125 34125.0586
   vertex 66567.0938 68084.2734 34097.3438
   vertex 66420.2031 68079.7656 34210.0898
  endloop
 endfacet
facet normal 0.470149428 0.53875798 0.699070394
  outer loop
   vertex 66689.8281 67954.8125 34125.0586
   vertex 66420.2031 68079.7656 34210.0898
   vertex 66421.5234 67952.5156 34307.2695
  endloop
 endfacet
facet normal 0.290791869 0.862890124 0.413352966
  outer loop
   vertex 66567.0938 68084.2734 34097.3438
   vertex 66432.7109 68136.4531 34082.9648
   vertex 66420.2031 68079.7656 34210.0898
  endloop
 endfacet
facet normal -0.044825267 0.972759008 0.227443665
  outer loop
   vertex 66720.8125 68129.4375 33946.3984
   vertex 66682.6328 68180.7422 33719.4492
   vertex 66432 68134.0078 33869.9219
  endloop
 endfacet
facet normal -0.299776435 0.930534244 -0.210333243
  outer loop
   vertex 66432 68134.0078 33869.9219
   vertex 66682.6328 68180.7422 33719.4492
   vertex 66503.4844 68099.3359 33614.6602
  endloop
 endfacet
facet normal -0.301228136 0.759628415 0.576390743
  outer loop
   vertex 67381.1953 68331.0547 33726.3906
   vertex 67450.6094 68203.2969 33931.0391
   vertex 67746.1406 68376.5781 33857.1133
  endloop
 endfacet
facet normal -0.22415264 0.716090083 0.661037505
  outer loop
   vertex 66758.375 68062.0234 34032.1602
   vertex 66720.8125 68129.4375 33946.3984
   vertex 66689.8281 67954.8125 34125.0586
  endloop
 endfacet
facet normal 0.472071469 0.588125825 0.656701267
  outer loop
   vertex 66567.0938 68084.2734 34097.3438
   vertex 66689.8281 67954.8125 34125.0586
   vertex 66720.8125 68129.4375 33946.3984
  endloop
 endfacet
facet normal 0.262687027 0.817734361 0.512158215
  outer loop
   vertex 66432.7109 68136.4531 34082.9648
   vertex 66567.0938 68084.2734 34097.3438
   vertex 66720.8125 68129.4375 33946.3984
  endloop
 endfacet
facet normal 0.175928861 0.614274263 0.769230843
  outer loop
   vertex 66869.4375 68076.0625 34002.6367
   vertex 67148.4375 67956.75 34034.1094
   vertex 67038.1953 68172.8672 33886.7422
  endloop
 endfacet
facet normal -0.129009575 0.512908101 0.848694205
  outer loop
   vertex 67148.4375 67956.75 34034.1094
   vertex 67450.6094 68203.2969 33931.0391
   vertex 67038.1953 68172.8672 33886.7422
  endloop
 endfacet
facet normal -0.276029199 0.939067483 -0.204841852
  outer loop
   vertex 66503.4844 68099.3359 33614.6602
   vertex 66253.6406 68057.7891 33760.8438
   vertex 66432 68134.0078 33869.9219
  endloop
 endfacet
facet normal 0.0188818928 0.999755204 -0.0115320347
  outer loop
   vertex 66432.7109 68136.4531 34082.9648
   vertex 66720.8125 68129.4375 33946.3984
   vertex 66432 68134.0078 33869.9219
  endloop
 endfacet
facet normal -0.385289937 0.900235891 0.202798024
  outer loop
   vertex 66753.7578 68191.5703 33806.4844
   vertex 66775.5 68211.6172 33758.8203
   vertex 66682.6328 68180.7422 33719.4492
  endloop
 endfacet
facet normal -0.140639096 0.933946431 0.328579903
  outer loop
   vertex 66854.25 68209.9141 33797.3594
   vertex 66775.5 68211.6172 33758.8203
   vertex 66753.7578 68191.5703 33806.4844
  endloop
 endfacet
facet normal -0.105028555 0.977971733 -0.18038933
  outer loop
   vertex 66327.8125 68152.7969 34032.4492
   vertex 66432 68134.0078 33869.9219
   vertex 66246.1484 68128.6641 33949.1797
  endloop
 endfacet
facet normal 0.159526065 0.987122536 -0.0118557177
  outer loop
   vertex 66327.8125 68152.7969 34032.4492
   vertex 66432.7109 68136.4531 34082.9648
   vertex 66432 68134.0078 33869.9219
  endloop
 endfacet
facet normal -0.110231377 0.97502923 -0.192787424
  outer loop
   vertex 66246.1484 68128.6641 33949.1797
   vertex 66432 68134.0078 33869.9219
   vertex 66307.6406 68117.4609 33857.332
  endloop
 endfacet
facet normal -0.212841973 0.976986051 0.0140195191
  outer loop
   vertex 66831.6641 68230.1797 33711.7383
   vertex 67029.6094 68273.9688 33665.4805
   vertex 66840.7422 68233.4922 33618.6797
  endloop
 endfacet
facet normal -0.0379388258 0.893078089 0.448299199
  outer loop
   vertex 67038.1953 68172.8672 33886.7422
   vertex 66854.25 68209.9141 33797.3594
   vertex 66720.8125 68129.4375 33946.3984
  endloop
 endfacet
facet normal -0.0496413372 0.914464712 0.401609242
  outer loop
   vertex 67038.1953 68172.8672 33886.7422
   vertex 66720.8125 68129.4375 33946.3984
   vertex 66872.8984 68135.6484 33951.0547
  endloop
 endfacet
facet normal 0.362355262 0.853216112 0.375127912
  outer loop
   vertex 66251.6562 68063.2891 34410.3828
   vertex 66420.2031 68079.7656 34210.0898
   vertex 66195.9922 68168.9453 34223.8398
  endloop
 endfacet
facet normal -0.457787007 0.847515643 0.268604368
  outer loop
   vertex 66720.8125 68129.4375 33946.3984
   vertex 66753.7578 68191.5703 33806.4844
   vertex 66682.6328 68180.7422 33719.4492
  endloop
 endfacet
facet normal -0.26056543 0.780266702 -0.568585515
  outer loop
   vertex 65834.7109 67914.3516 33789.1172
   vertex 65964.6484 68083.7422 33962.0234
   vertex 66043.0312 67898.125 33671.3711
  endloop
 endfacet
facet normal -0.16313386 0.921218157 -0.353191763
  outer loop
   vertex 66246.1484 68128.6641 33949.1797
   vertex 66253.6406 68057.7891 33760.8438
   vertex 65964.6484 68083.7422 33962.0234
  endloop
 endfacet
facet normal 0.109108627 0.85060066 -0.514367402
  outer loop
   vertex 65835.0703 68452.1172 34586.7852
   vertex 65849 68273.6953 34294.6953
   vertex 65711.6016 68400.4688 34475.1953
  endloop
 endfacet
facet normal -0.162902191 0.971495688 -0.172218025
  outer loop
   vertex 66246.1484 68128.6641 33949.1797
   vertex 65964.6484 68083.7422 33962.0234
   vertex 66195.9922 68168.9453 34223.8398
  endloop
 endfacet
facet normal 0.724422812 0.669766009 0.163171872
  outer loop
   vertex 66195.9922 68168.9453 34223.8398
   vertex 66087.3828 68203.3047 34564.9844
   vertex 66251.6562 68063.2891 34410.3828
  endloop
 endfacet
facet normal -0.532112658 0.553220212 -0.640939534
  outer loop
   vertex 65444.1641 67985.4609 34117.6016
   vertex 65433.4062 68184.3672 34298.2227
   vertex 65544.6719 68150.4609 34176.5781
  endloop
 endfacet
facet normal -0.651243567 0.490539879 -0.579009831
  outer loop
   vertex 65340.9961 68055.25 34292.7695
   vertex 65433.4062 68184.3672 34298.2227
   vertex 65444.1641 67985.4609 34117.6016
  endloop
 endfacet
facet normal -0.202204168 0.728301048 -0.654745042
  outer loop
   vertex 65799.8047 68168.1172 34106.7773
   vertex 65964.6484 68083.7422 33962.0234
   vertex 65682.4375 68066.4141 34029.9062
  endloop
 endfacet
facet normal -0.177872419 0.83076334 -0.527440727
  outer loop
   vertex 65796.0703 68005 33894.8477
   vertex 65682.4375 68066.4141 34029.9062
   vertex 65964.6484 68083.7422 33962.0234
  endloop
 endfacet
facet normal -0.192886367 0.7235865 -0.662734807
  outer loop
   vertex 65704.9062 68206.3203 34176.1172
   vertex 65799.8047 68168.1172 34106.7773
   vertex 65682.4375 68066.4141 34029.9062
  endloop
 endfacet
facet normal -0.999365509 0.031243328 0.0171022397
  outer loop
   vertex 65278.4805 67816.1406 34338.0703
   vertex 65280.0312 67799.5703 34459.0469
   vertex 65286.8359 68012.5312 34467.6719
  endloop
 endfacet
facet normal -0.983613968 0.0580754951 0.170677423
  outer loop
   vertex 65329.875 68125.0781 34677.3906
   vertex 65323.4844 68246.1094 34599.3789
   vertex 65286.8359 68012.5312 34467.6719
  endloop
 endfacet
facet normal -0.884123266 -0.116449572 0.452510238
  outer loop
   vertex 65278.5625 68171.9688 34492.5312
   vertex 65286.8359 68012.5312 34467.6719
   vertex 65323.4844 68246.1094 34599.3789
  endloop
 endfacet
facet normal -0.209113598 0.663783252 -0.718097031
  outer loop
   vertex 65576.7188 68282.1094 34327.5
   vertex 65467.9258 68278.4297 34355.7773
   vertex 65479.1758 68299.8203 34372.2773
  endloop
 endfacet
facet normal -0.86576134 0.148582831 -0.477891713
  outer loop
   vertex 65284.6484 68220.1875 34496.4922
   vertex 65318.4492 68177.5938 34422.0156
   vertex 65278.5625 68171.9688 34492.5312
  endloop
 endfacet
facet normal -0.189336523 0.832860172 -0.520091891
  outer loop
   vertex 65578.8203 68429.6172 34570.2109
   vertex 65712.6797 68487.6016 34614.332
   vertex 65711.6016 68400.4688 34475.1953
  endloop
 endfacet
facet normal -0.569764137 0.713340521 -0.408061475
  outer loop
   vertex 65450.0156 68420.7031 34734.4648
   vertex 65564.8516 68495.25 34704.4336
   vertex 65578.8203 68429.6172 34570.2109
  endloop
 endfacet
facet normal -0.303320467 0.843210042 -0.44383955
  outer loop
   vertex 65647.8516 68518.5938 34692.0664
   vertex 65578.8203 68429.6172 34570.2109
   vertex 65564.8516 68495.25 34704.4336
  endloop
 endfacet
facet normal -0.199238718 0.841758192 -0.501744092
  outer loop
   vertex 65647.8516 68518.5938 34692.0664
   vertex 65712.6797 68487.6016 34614.332
   vertex 65578.8203 68429.6172 34570.2109
  endloop
 endfacet
facet normal -0.682591856 0.68716377 -0.248745471
  outer loop
   vertex 65323.4844 68246.1094 34599.3789
   vertex 65450.0156 68420.7031 34734.4648
   vertex 65425.2266 68296.2031 34458.5664
  endloop
 endfacet
facet normal -0.503879309 0.726586699 -0.46709457
  outer loop
   vertex 65361.5977 68347.8828 34716.5703
   vertex 65450.0156 68420.7031 34734.4648
   vertex 65323.4844 68246.1094 34599.3789
  endloop
 endfacet
facet normal -0.473215908 0.818143129 -0.326662689
  outer loop
   vertex 65578.8203 68429.6172 34570.2109
   vertex 65425.2266 68296.2031 34458.5664
   vertex 65450.0156 68420.7031 34734.4648
  endloop
 endfacet
facet normal -0.412085772 0.91076678 0.0262515917
  outer loop
   vertex 65425.2266 68296.2031 34458.5664
   vertex 65315.7852 68245.7969 34489.4844
   vertex 65323.4844 68246.1094 34599.3789
  endloop
 endfacet
facet normal -0.629051566 0.77623719 0.0418316945
  outer loop
   vertex 65284.6484 68220.1875 34496.4922
   vertex 65323.4844 68246.1094 34599.3789
   vertex 65315.7852 68245.7969 34489.4844
  endloop
 endfacet
facet normal -0.992091835 -0.086466521 0.0909799486
  outer loop
   vertex 65312.1562 67852.1953 34591.3789
   vertex 65303.5703 67980.2891 34619.5039
   vertex 65286.8359 68012.5312 34467.6719
  endloop
 endfacet
facet normal -0.973503768 0.0218920819 0.227620691
  outer loop
   vertex 65280.0312 67799.5703 34459.0469
   vertex 65312.1562 67852.1953 34591.3789
   vertex 65286.8359 68012.5312 34467.6719
  endloop
 endfacet
facet normal -0.982996821 0.124671988 0.134811476
  outer loop
   vertex 65303.5703 67980.2891 34619.5039
   vertex 65329.875 68125.0781 34677.3906
   vertex 65286.8359 68012.5312 34467.6719
  endloop
 endfacet
facet normal -0.410037816 0.728672206 -0.548548818
  outer loop
   vertex 65576.7188 68282.1094 34327.5
   vertex 65623.2344 68187.1016 34166.5273
   vertex 65544.6719 68150.4609 34176.5781
  endloop
 endfacet
facet normal -0.180077106 0.841275215 -0.509733498
  outer loop
   vertex 65578.8203 68429.6172 34570.2109
   vertex 65711.6016 68400.4688 34475.1953
   vertex 65576.7188 68282.1094 34327.5
  endloop
 endfacet
facet normal 0.265331775 0.94202745 0.205385759
  outer loop
   vertex 65479.1758 68299.8203 34372.2773
   vertex 65425.2266 68296.2031 34458.5664
   vertex 65576.7188 68282.1094 34327.5
  endloop
 endfacet
facet normal -0.345100641 0.803377509 -0.485273212
  outer loop
   vertex 65425.2266 68296.2031 34458.5664
   vertex 65578.8203 68429.6172 34570.2109
   vertex 65576.7188 68282.1094 34327.5
  endloop
 endfacet
facet normal -0.589407742 0.556383312 -0.585692823
  outer loop
   vertex 65315.7852 68245.7969 34489.4844
   vertex 65318.4492 68177.5938 34422.0156
   vertex 65284.6484 68220.1875 34496.4922
  endloop
 endfacet
facet normal -0.0473193116 0.800110817 -0.597982883
  outer loop
   vertex 65711.6016 68400.4688 34475.1953
   vertex 65849 68273.6953 34294.6953
   vertex 65576.7188 68282.1094 34327.5
  endloop
 endfacet
facet normal -0.445588827 0.529451847 -0.721894324
  outer loop
   vertex 65682.4375 68066.4141 34029.9062
   vertex 65444.1641 67985.4609 34117.6016
   vertex 65544.6719 68150.4609 34176.5781
  endloop
 endfacet
facet normal -0.225091264 0.567332149 -0.792128861
  outer loop
   vertex 65467.9258 68278.4297 34355.7773
   vertex 65576.7188 68282.1094 34327.5
   vertex 65433.4062 68184.3672 34298.2227
  endloop
 endfacet
facet normal -0.935321748 0.275145978 -0.222413823
  outer loop
   vertex 65286.8359 68012.5312 34467.6719
   vertex 65340.9961 68055.25 34292.7695
   vertex 65312.6719 67888.9375 34206.1328
  endloop
 endfacet
facet normal -0.698513925 0.420561463 -0.578970075
  outer loop
   vertex 65312.6719 67888.9375 34206.1328
   vertex 65340.9961 68055.25 34292.7695
   vertex 65444.1641 67985.4609 34117.6016
  endloop
 endfacet
facet normal -0.660085797 0.644622266 -0.385679781
  outer loop
   vertex 65425.2266 68296.2031 34458.5664
   vertex 65479.1758 68299.8203 34372.2773
   vertex 65467.9258 68278.4297 34355.7773
  endloop
 endfacet
facet normal -0.32894963 0.753143728 -0.569707513
  outer loop
   vertex 65964.6484 68083.7422 33962.0234
   vertex 66253.6406 68057.7891 33760.8438
   vertex 66043.0312 67898.125 33671.3711
  endloop
 endfacet
facet normal -0.463341087 0.61402005 -0.638979197
  outer loop
   vertex 65315.7852 68245.7969 34489.4844
   vertex 65425.2266 68296.2031 34458.5664
   vertex 65318.4492 68177.5938 34422.0156
  endloop
 endfacet
facet normal -0.956787467 0.10863401 -0.269733846
  outer loop
   vertex 65340.9961 68055.25 34292.7695
   vertex 65286.8359 68012.5312 34467.6719
   vertex 65318.4492 68177.5938 34422.0156
  endloop
 endfacet
facet normal -0.871030807 0.0312201157 -0.490235239
  outer loop
   vertex 65278.5625 68171.9688 34492.5312
   vertex 65318.4492 68177.5938 34422.0156
   vertex 65286.8359 68012.5312 34467.6719
  endloop
 endfacet
facet normal -0.651679933 0.490821362 -0.578279853
  outer loop
   vertex 65340.9961 68055.25 34292.7695
   vertex 65318.4492 68177.5938 34422.0156
   vertex 65433.4062 68184.3672 34298.2227
  endloop
 endfacet
facet normal -0.44468084 0.514737606 -0.733010352
  outer loop
   vertex 65682.4375 68066.4141 34029.9062
   vertex 65582.5781 67820.7422 33917.9609
   vertex 65444.1641 67985.4609 34117.6016
  endloop
 endfacet
facet normal -0.646055818 0.518025339 -0.560590386
  outer loop
   vertex 65724.1094 67926.4375 33852.5273
   vertex 65582.5781 67820.7422 33917.9609
   vertex 65682.4375 68066.4141 34029.9062
  endloop
 endfacet
facet normal -0.465832293 0.496384531 -0.732531667
  outer loop
   vertex 65407.7227 67814.3828 34024.8477
   vertex 65444.1641 67985.4609 34117.6016
   vertex 65582.5781 67820.7422 33917.9609
  endloop
 endfacet
facet normal -0.0443067253 0.126504958 -0.990975976
  outer loop
   vertex 65834.7109 67914.3516 33789.1172
   vertex 65736.8984 67827.9375 33782.457
   vertex 65756.0625 67894.8125 33790.1367
  endloop
 endfacet
facet normal -0.614459574 0.402802974 -0.678372502
  outer loop
   vertex 65724.1094 67926.4375 33852.5273
   vertex 65736.8984 67827.9375 33782.457
   vertex 65582.5781 67820.7422 33917.9609
  endloop
 endfacet
facet normal -0.785279512 0.287961751 -0.548100412
  outer loop
   vertex 65756.0625 67894.8125 33790.1367
   vertex 65736.8984 67827.9375 33782.457
   vertex 65724.1094 67926.4375 33852.5273
  endloop
 endfacet
facet normal -0.552197754 0.13459745 -0.822776496
  outer loop
   vertex 65706.2656 67502.9766 33801.2148
   vertex 65633.0469 67506.6562 33850.9609
   vertex 65585.4062 67580.5391 33895.0195
  endloop
 endfacet
facet normal -0.654518723 -0.116461046 -0.747022092
  outer loop
   vertex 65707.9219 67665.4688 33774.4375
   vertex 65706.2656 67502.9766 33801.2148
   vertex 65585.4062 67580.5391 33895.0195
  endloop
 endfacet
facet normal -0.785703361 -0.422887444 -0.451482475
  outer loop
   vertex 65647.0078 67466.5234 33894.6094
   vertex 65572.0156 67469.4844 34022.3438
   vertex 65585.4062 67580.5391 33895.0195
  endloop
 endfacet
facet normal -0.556226313 -0.596424699 -0.578696668
  outer loop
   vertex 65471.7266 67575.3438 34009.6367
   vertex 65585.4062 67580.5391 33895.0195
   vertex 65572.0156 67469.4844 34022.3438
  endloop
 endfacet
facet normal -0.67520988 -0.280118704 -0.682367265
  outer loop
   vertex 65471.7266 67575.3438 34009.6367
   vertex 65452.4805 67691.2266 33981.1133
   vertex 65585.4062 67580.5391 33895.0195
  endloop
 endfacet
facet normal -0.720291078 0.0575440042 -0.691281021
  outer loop
   vertex 65582.5781 67820.7422 33917.9609
   vertex 65707.9219 67665.4688 33774.4375
   vertex 65585.4062 67580.5391 33895.0195
  endloop
 endfacet
facet normal -0.869623542 -0.469292283 -0.153361231
  outer loop
   vertex 65633.0469 67506.6562 33850.9609
   vertex 65647.0078 67466.5234 33894.6094
   vertex 65585.4062 67580.5391 33895.0195
  endloop
 endfacet
facet normal -0.371617734 0.906063378 -0.202359602
  outer loop
   vertex 66980.5234 68270.4453 33468.5352
   vertex 66793.2891 68158.6484 33311.8359
   vertex 66705.7812 68172.0703 33532.6094
  endloop
 endfacet
facet normal -0.148883387 0.952748895 0.264770269
  outer loop
   vertex 66854.25 68209.9141 33797.3594
   vertex 67029.6094 68273.9688 33665.4805
   vertex 66831.6641 68230.1797 33711.7383
  endloop
 endfacet
facet normal -0.104023866 0.961338162 0.254966527
  outer loop
   vertex 66854.25 68209.9141 33797.3594
   vertex 66831.6641 68230.1797 33711.7383
   vertex 66775.5 68211.6172 33758.8203
  endloop
 endfacet
facet normal -0.019089425 0.909096718 0.4161475
  outer loop
   vertex 67038.1953 68172.8672 33886.7422
   vertex 67029.6094 68273.9688 33665.4805
   vertex 66854.25 68209.9141 33797.3594
  endloop
 endfacet
facet normal -0.431484014 0.897470772 0.0914753675
  outer loop
   vertex 67100.7422 68320.6484 33543.0273
   vertex 66980.5234 68270.4453 33468.5352
   vertex 67029.6094 68273.9688 33665.4805
  endloop
 endfacet
facet normal -0.314736605 0.949174047 0.00308094569
  outer loop
   vertex 66682.6328 68180.7422 33719.4492
   vertex 66831.6641 68230.1797 33711.7383
   vertex 66840.7422 68233.4922 33618.6797
  endloop
 endfacet
facet normal -0.508694112 0.773536444 -0.377983779
  outer loop
   vertex 66611.1562 67938.7344 33033.3711
   vertex 66634.0938 68031.5938 33192.5273
   vertex 66895.2656 68127.9609 33038.2617
  endloop
 endfacet
facet normal -0.367325783 0.929483533 -0.0336463302
  outer loop
   vertex 67168.5469 68344.9766 33474.7031
   vertex 66980.5234 68270.4453 33468.5352
   vertex 67100.7422 68320.6484 33543.0273
  endloop
 endfacet
facet normal -0.400370926 0.901430786 -0.16469878
  outer loop
   vertex 66980.5234 68270.4453 33468.5352
   vertex 67024.7812 68251.7812 33258.793
   vertex 66793.2891 68158.6484 33311.8359
  endloop
 endfacet
facet normal -0.469370246 0.84093225 -0.269303769
  outer loop
   vertex 66634.0938 68031.5938 33192.5273
   vertex 66793.2891 68158.6484 33311.8359
   vertex 66895.2656 68127.9609 33038.2617
  endloop
 endfacet
facet normal -0.410248458 0.876674116 -0.251274228
  outer loop
   vertex 67024.7812 68251.7812 33258.793
   vertex 66895.2656 68127.9609 33038.2617
   vertex 66793.2891 68158.6484 33311.8359
  endloop
 endfacet
facet normal -0.368395716 0.47841695 -0.797120988
  outer loop
   vertex 65736.8984 67827.9375 33782.457
   vertex 65834.7109 67914.3516 33789.1172
   vertex 65871.8906 67729.4609 33660.9648
  endloop
 endfacet
facet normal -0.74813813 0.600627959 -0.282020211
  outer loop
   vertex 66334.4688 67225.2422 32221.7656
   vertex 66485.6953 67558.6406 32530.6387
   vertex 66470.3125 67442.1953 32323.4512
  endloop
 endfacet
facet normal -0.734952867 0.609241605 -0.297773361
  outer loop
   vertex 66376.1719 67389.7031 32455.3262
   vertex 66485.6953 67558.6406 32530.6387
   vertex 66334.4688 67225.2422 32221.7656
  endloop
 endfacet
facet normal -0.554423571 0.718957961 -0.419182509
  outer loop
   vertex 66569.6875 67672.1562 32520.2559
   vertex 66593.8594 67667.1875 32479.7559
   vertex 66537.3516 67642.0547 32511.3945
  endloop
 endfacet
facet normal -0.642925382 0.226366132 -0.731713951
  outer loop
   vertex 66070.4062 67683.6719 33477.4492
   vertex 66082.0859 67455.1094 33396.4766
   vertex 65951.9375 67564.1562 33544.5664
  endloop
 endfacet
facet normal -0.759108901 -0.295353711 -0.580103338
  outer loop
   vertex 65968.2422 67415.4688 33565.625
   vertex 66082.0859 67455.1094 33396.4766
   vertex 66127.4062 67260.8828 33436.0547
  endloop
 endfacet
facet normal -0.636003971 0.214065954 -0.74140054
  outer loop
   vertex 65871.8906 67729.4609 33660.9648
   vertex 66070.4062 67683.6719 33477.4492
   vertex 65951.9375 67564.1562 33544.5664
  endloop
 endfacet
facet normal -0.459398955 0.856809258 -0.234159052
  outer loop
   vertex 66705.7812 68172.0703 33532.6094
   vertex 66793.2891 68158.6484 33311.8359
   vertex 66561.9453 68054.9062 33386.0938
  endloop
 endfacet
facet normal -0.408494055 0.463051617 -0.786584914
  outer loop
   vertex 66043.0312 67898.125 33671.3711
   vertex 65871.8906 67729.4609 33660.9648
   vertex 65834.7109 67914.3516 33789.1172
  endloop
 endfacet
facet normal -0.419033259 0.86912775 -0.262731999
  outer loop
   vertex 66623.2031 68158.7344 33620.2109
   vertex 66705.7812 68172.0703 33532.6094
   vertex 66503.4844 68099.3359 33614.6602
  endloop
 endfacet
facet normal -0.356594741 0.928510725 -0.103479289
  outer loop
   vertex 66840.7422 68233.4922 33618.6797
   vertex 66980.5234 68270.4453 33468.5352
   vertex 66705.7812 68172.0703 33532.6094
  endloop
 endfacet
facet normal -0.422319651 0.863447964 -0.275869101
  outer loop
   vertex 66705.7812 68172.0703 33532.6094
   vertex 66561.9453 68054.9062 33386.0938
   vertex 66503.4844 68099.3359 33614.6602
  endloop
 endfacet
facet normal -0.561818719 0.774644434 -0.290319979
  outer loop
   vertex 66478.8203 67943.4219 33249.4844
   vertex 66311.0156 67889.4219 33430.1289
   vertex 66561.9453 68054.9062 33386.0938
  endloop
 endfacet
facet normal -0.551811516 0.778357506 -0.299438924
  outer loop
   vertex 66561.9453 68054.9062 33386.0938
   vertex 66634.0938 68031.5938 33192.5273
   vertex 66478.8203 67943.4219 33249.4844
  endloop
 endfacet
facet normal -0.465500206 0.84128958 -0.274847984
  outer loop
   vertex 66561.9453 68054.9062 33386.0938
   vertex 66793.2891 68158.6484 33311.8359
   vertex 66634.0938 68031.5938 33192.5273
  endloop
 endfacet
facet normal -0.503715992 0.845659554 -0.176437169
  outer loop
   vertex 66901.7031 68104.0547 32905.3047
   vertex 66842.0547 68069.4922 32909.9219
   vertex 66895.2656 68127.9609 33038.2617
  endloop
 endfacet
facet normal -0.43022427 0.745083153 -0.509664774
  outer loop
   vertex 66938.625 67843.8047 32411.0137
   vertex 66770.1953 67675.7031 32307.4414
   vertex 66711.4609 67712.3594 32410.6113
  endloop
 endfacet
facet normal -0.387320608 0.776822984 -0.496516675
  outer loop
   vertex 66690.1172 67666.8984 32356.1328
   vertex 66711.4609 67712.3594 32410.6113
   vertex 66770.1953 67675.7031 32307.4414
  endloop
 endfacet
facet normal -0.404664129 0.7380898 -0.539879978
  outer loop
   vertex 66770.1953 67675.7031 32307.4414
   vertex 66938.625 67843.8047 32411.0137
   vertex 66989.8125 67700.3828 32176.5684
  endloop
 endfacet
facet normal -0.459663272 0.754929245 -0.467751533
  outer loop
   vertex 66780.2109 67932.5312 32720.0977
   vertex 66998.3125 68017.2969 32642.582
   vertex 66706.25 67784.7969 32554.3477
  endloop
 endfacet
facet normal -0.458228379 0.764746249 -0.452978969
  outer loop
   vertex 66872.5078 68045.7031 32817.793
   vertex 66998.3125 68017.2969 32642.582
   vertex 66780.2109 67932.5312 32720.0977
  endloop
 endfacet
facet normal -0.474220514 0.561077476 -0.678459287
  outer loop
   vertex 66770.1953 67675.7031 32307.4414
   vertex 66608.7031 67582.1953 32342.9883
   vertex 66690.1172 67666.8984 32356.1328
  endloop
 endfacet
facet normal -0.530962586 0.804110825 -0.267365813
  outer loop
   vertex 66611.1562 67938.7344 33033.3711
   vertex 66895.2656 68127.9609 33038.2617
   vertex 66729.0078 67962.0234 32869.3633
  endloop
 endfacet
facet normal -0.678000271 0.733154416 -0.0529172085
  outer loop
   vertex 66842.0547 68069.4922 32909.9219
   vertex 66729.0078 67962.0234 32869.3633
   vertex 66895.2656 68127.9609 33038.2617
  endloop
 endfacet
facet normal -0.563897669 0.735158801 -0.376245886
  outer loop
   vertex 66842.0547 68069.4922 32909.9219
   vertex 66872.5078 68045.7031 32817.793
   vertex 66729.0078 67962.0234 32869.3633
  endloop
 endfacet
facet normal -0.59500885 0.724799573 -0.347318411
  outer loop
   vertex 66780.2109 67932.5312 32720.0977
   vertex 66635.4766 67807.1406 32706.3887
   vertex 66729.0078 67962.0234 32869.3633
  endloop
 endfacet
facet normal -0.585502505 0.717175484 -0.377949983
  outer loop
   vertex 66706.25 67784.7969 32554.3477
   vertex 66635.4766 67807.1406 32706.3887
   vertex 66780.2109 67932.5312 32720.0977
  endloop
 endfacet
facet normal -0.795682907 0.472623706 -0.378834486
  outer loop
   vertex 66527.2422 67757.9531 32850.6094
   vertex 66349.0781 67460.2344 32853.3906
   vertex 66421.5234 67786.2969 33108.0234
  endloop
 endfacet
facet normal -0.546946764 0.683156013 -0.483887464
  outer loop
   vertex 66608.7031 67582.1953 32342.9883
   vertex 66593.8594 67667.1875 32479.7559
   vertex 66711.4609 67712.3594 32410.6113
  endloop
 endfacet
facet normal -0.660543978 0.683191717 -0.311337054
  outer loop
   vertex 66608.7031 67582.1953 32342.9883
   vertex 66711.4609 67712.3594 32410.6113
   vertex 66690.1172 67666.8984 32356.1328
  endloop
 endfacet
facet normal -0.708412349 0.597126424 -0.376287043
  outer loop
   vertex 66478.8203 67943.4219 33249.4844
   vertex 66523.7656 67930.2578 33143.9805
   vertex 66421.5234 67786.2969 33108.0234
  endloop
 endfacet
facet normal -0.523574769 0.753052413 -0.398474008
  outer loop
   vertex 66706.25 67784.7969 32554.3477
   vertex 66711.4609 67712.3594 32410.6113
   vertex 66593.8594 67667.1875 32479.7559
  endloop
 endfacet
facet normal -0.520366311 0.752862811 -0.403009295
  outer loop
   vertex 66569.6875 67672.1562 32520.2559
   vertex 66706.25 67784.7969 32554.3477
   vertex 66593.8594 67667.1875 32479.7559
  endloop
 endfacet
facet normal -0.644184411 0.670706809 -0.367666751
  outer loop
   vertex 66611.1562 67938.7344 33033.3711
   vertex 66729.0078 67962.0234 32869.3633
   vertex 66527.2422 67757.9531 32850.6094
  endloop
 endfacet
facet normal -0.672322929 0.689497828 -0.269396842
  outer loop
   vertex 66635.4766 67807.1406 32706.3887
   vertex 66527.2422 67757.9531 32850.6094
   vertex 66729.0078 67962.0234 32869.3633
  endloop
 endfacet
facet normal -0.64258033 0.526350558 0.556817412
  outer loop
   vertex 66569.6875 67672.1562 32520.2559
   vertex 66537.3516 67642.0547 32511.3945
   vertex 66485.6953 67558.6406 32530.6387
  endloop
 endfacet
facet normal -0.56262368 0.477962047 0.67454201
  outer loop
   vertex 66706.25 67784.7969 32554.3477
   vertex 66569.6875 67672.1562 32520.2559
   vertex 66485.6953 67558.6406 32530.6387
  endloop
 endfacet
facet normal -0.637056708 0.662559032 -0.393921643
  outer loop
   vertex 66635.4766 67807.1406 32706.3887
   vertex 66706.25 67784.7969 32554.3477
   vertex 66485.6953 67558.6406 32530.6387
  endloop
 endfacet
facet normal -0.515037417 0.682212591 -0.51896286
  outer loop
   vertex 66711.5781 67498.8125 32131.2773
   vertex 66492.7734 67375.875 32186.8203
   vertex 66608.7031 67582.1953 32342.9883
  endloop
 endfacet
facet normal -0.757075071 0.602968037 -0.251529068
  outer loop
   vertex 66389.0312 67429.8828 32512.9316
   vertex 66485.6953 67558.6406 32530.6387
   vertex 66376.1719 67389.7031 32455.3262
  endloop
 endfacet
facet normal -0.657538474 0.622246385 -0.424797058
  outer loop
   vertex 66421.5234 67786.2969 33108.0234
   vertex 66311.0156 67889.4219 33430.1289
   vertex 66478.8203 67943.4219 33249.4844
  endloop
 endfacet
facet normal -0.787636638 0.478304654 -0.38839817
  outer loop
   vertex 66421.5234 67786.2969 33108.0234
   vertex 66349.0781 67460.2344 32853.3906
   vertex 66232.7266 67555.9609 33207.2227
  endloop
 endfacet
facet normal -0.560879469 0.682628989 -0.468435585
  outer loop
   vertex 66560.6562 67254.1875 31928.2109
   vertex 66422.4453 67291.0625 32147.4297
   vertex 66492.7734 67375.875 32186.8203
  endloop
 endfacet
facet normal -0.519892037 0.712245703 -0.471612543
  outer loop
   vertex 66711.5781 67498.8125 32131.2773
   vertex 66560.6562 67254.1875 31928.2109
   vertex 66492.7734 67375.875 32186.8203
  endloop
 endfacet
facet normal -0.511096358 0.685607553 -0.518384755
  outer loop
   vertex 66770.1953 67675.7031 32307.4414
   vertex 66711.5781 67498.8125 32131.2773
   vertex 66608.7031 67582.1953 32342.9883
  endloop
 endfacet
facet normal -0.528850973 0.134144589 -0.838046491
  outer loop
   vertex 66593.8594 67667.1875 32479.7559
   vertex 66485.6953 67558.6406 32530.6387
   vertex 66537.3516 67642.0547 32511.3945
  endloop
 endfacet
facet normal -0.645598769 0.685213387 -0.337171912
  outer loop
   vertex 66485.6953 67558.6406 32530.6387
   vertex 66608.7031 67582.1953 32342.9883
   vertex 66470.3125 67442.1953 32323.4512
  endloop
 endfacet
facet normal -0.734450877 0.53782624 -0.413914055
  outer loop
   vertex 66485.6953 67558.6406 32530.6387
   vertex 66593.8594 67667.1875 32479.7559
   vertex 66608.7031 67582.1953 32342.9883
  endloop
 endfacet
facet normal -0.572674751 0.684420705 -0.451233774
  outer loop
   vertex 66422.4453 67291.0625 32147.4297
   vertex 66395.8984 67297.5156 32190.9102
   vertex 66492.7734 67375.875 32186.8203
  endloop
 endfacet
facet normal -0.454616517 0.718003094 -0.527063012
  outer loop
   vertex 66711.5781 67498.8125 32131.2773
   vertex 66712.4219 67407.75 32006.4961
   vertex 66560.6562 67254.1875 31928.2109
  endloop
 endfacet
facet normal -0.604229689 0.647085607 -0.464958876
  outer loop
   vertex 66422.4453 67291.0625 32147.4297
   vertex 66373.3281 67276.6562 32191.2188
   vertex 66395.8984 67297.5156 32190.9102
  endloop
 endfacet
facet normal -0.411834598 0.722616732 -0.555173218
  outer loop
   vertex 66787.8516 67298.7109 31817.6289
   vertex 66560.6562 67254.1875 31928.2109
   vertex 66879.2344 67451.2188 31948.3418
  endloop
 endfacet
facet normal -0.384331256 0.744487762 -0.545918882
  outer loop
   vertex 66712.4219 67407.75 32006.4961
   vertex 66711.5781 67498.8125 32131.2773
   vertex 66879.2344 67451.2188 31948.3418
  endloop
 endfacet
facet normal -0.368720621 0.69718647 -0.614797652
  outer loop
   vertex 67041.9766 67369.9609 31758.5938
   vertex 66879.2344 67451.2188 31948.3418
   vertex 67134.3828 67529.8516 31884.4902
  endloop
 endfacet
facet normal -0.323277801 0.737416685 -0.593049824
  outer loop
   vertex 67041.9766 67369.9609 31758.5938
   vertex 66884.7344 67321.4766 31784.0156
   vertex 66879.2344 67451.2188 31948.3418
  endloop
 endfacet
facet normal -0.371950716 0.722446382 -0.582858384
  outer loop
   vertex 66884.7344 67321.4766 31784.0156
   vertex 66787.8516 67298.7109 31817.6289
   vertex 66879.2344 67451.2188 31948.3418
  endloop
 endfacet
facet normal -0.798788607 -0.169355795 -0.577282786
  outer loop
   vertex 65951.9375 67564.1562 33544.5664
   vertex 66082.0859 67455.1094 33396.4766
   vertex 65968.2422 67415.4688 33565.625
  endloop
 endfacet
facet normal -0.69498378 -0.174989939 -0.69740665
  outer loop
   vertex 65951.9375 67564.1562 33544.5664
   vertex 65968.2422 67415.4688 33565.625
   vertex 65831.9688 67543.8125 33669.2227
  endloop
 endfacet
facet normal -0.760112643 -0.383893013 -0.524266064
  outer loop
   vertex 65858.3984 67407.2891 33730.8828
   vertex 65831.9688 67543.8125 33669.2227
   vertex 65968.2422 67415.4688 33565.625
  endloop
 endfacet
facet normal -0.582470119 0.541805625 -0.605949819
  outer loop
   vertex 66070.4062 67683.6719 33477.4492
   vertex 66311.0156 67889.4219 33430.1289
   vertex 66232.7266 67555.9609 33207.2227
  endloop
 endfacet
facet normal -0.565297604 0.512413561 -0.64642942
  outer loop
   vertex 66043.0312 67898.125 33671.3711
   vertex 66311.0156 67889.4219 33430.1289
   vertex 66070.4062 67683.6719 33477.4492
  endloop
 endfacet
facet normal -0.969283462 0.0686776266 -0.236162946
  outer loop
   vertex 66218.3516 67261.8438 33180.7031
   vertex 66232.7266 67555.9609 33207.2227
   vertex 66262.4141 67347.5625 33024.7852
  endloop
 endfacet
facet normal -0.811838329 0.157680422 -0.562188029
  outer loop
   vertex 66082.0859 67455.1094 33396.4766
   vertex 66070.4062 67683.6719 33477.4492
   vertex 66232.7266 67555.9609 33207.2227
  endloop
 endfacet
facet normal -0.802455544 0.0923828855 -0.589517176
  outer loop
   vertex 66218.3516 67261.8438 33180.7031
   vertex 66082.0859 67455.1094 33396.4766
   vertex 66232.7266 67555.9609 33207.2227
  endloop
 endfacet
facet normal -0.920185268 0.175344273 -0.350019276
  outer loop
   vertex 66349.0781 67460.2344 32853.3906
   vertex 66262.4141 67347.5625 33024.7852
   vertex 66232.7266 67555.9609 33207.2227
  endloop
 endfacet
facet normal -0.331375778 0.694433153 -0.638711751
  outer loop
   vertex 67041.9766 67369.9609 31758.5938
   vertex 67134.3828 67529.8516 31884.4902
   vertex 67334.2812 67492.2266 31739.8672
  endloop
 endfacet
facet normal -0.396833181 0.709511876 -0.582336962
  outer loop
   vertex 66989.8125 67700.3828 32176.5684
   vertex 67116.4688 67638.3203 32014.6367
   vertex 66879.2344 67451.2188 31948.3418
  endloop
 endfacet
facet normal -0.319832027 0.660638154 -0.679164708
  outer loop
   vertex 67194.6484 67255.7031 31575.5527
   vertex 67041.9766 67369.9609 31758.5938
   vertex 67334.2812 67492.2266 31739.8672
  endloop
 endfacet
facet normal -0.22592999 0.642227411 -0.732461333
  outer loop
   vertex 67536.1562 67258.1953 31472.4043
   vertex 67194.6484 67255.7031 31575.5527
   vertex 67334.2812 67492.2266 31739.8672
  endloop
 endfacet
facet normal -0.419132054 0.706628978 -0.570091069
  outer loop
   vertex 66711.5781 67498.8125 32131.2773
   vertex 66770.1953 67675.7031 32307.4414
   vertex 66989.8125 67700.3828 32176.5684
  endloop
 endfacet
facet normal -0.419822961 0.707285166 -0.568767428
  outer loop
   vertex 66879.2344 67451.2188 31948.3418
   vertex 66711.5781 67498.8125 32131.2773
   vertex 66989.8125 67700.3828 32176.5684
  endloop
 endfacet
facet normal -0.368507534 0.688560188 -0.624569476
  outer loop
   vertex 67134.3828 67529.8516 31884.4902
   vertex 66879.2344 67451.2188 31948.3418
   vertex 67116.4688 67638.3203 32014.6367
  endloop
 endfacet
facet normal -0.407900274 0.699264824 -0.587065637
  outer loop
   vertex 66989.8125 67700.3828 32176.5684
   vertex 67277.0938 67806.2734 32103.0918
   vertex 67116.4688 67638.3203 32014.6367
  endloop
 endfacet
facet normal -0.356216043 0.919344485 -0.167080224
  outer loop
   vertex 67191.4453 68236.7344 32920.7188
   vertex 67383.3281 68309.8203 32913.7734
   vertex 67292.5391 68264.4844 32857.8828
  endloop
 endfacet
facet normal -0.197027415 0.893111169 -0.404391617
  outer loop
   vertex 67383.3281 68309.8203 32913.7734
   vertex 67306.3906 68208.9375 32728.4512
   vertex 67292.5391 68264.4844 32857.8828
  endloop
 endfacet
facet normal -0.260515839 0.854410231 -0.449571609
  outer loop
   vertex 67983.4453 68407.7578 32596.7422
   vertex 68099.1484 68394.6094 32504.709
   vertex 67880.5625 68360.3438 32566.252
  endloop
 endfacet
facet normal -0.408899039 0.722468495 -0.557530999
  outer loop
   vertex 67254.6875 67941.3516 32294.5566
   vertex 67277.0938 67806.2734 32103.0918
   vertex 66989.8125 67700.3828 32176.5684
  endloop
 endfacet
facet normal -0.423244894 0.728798568 -0.538253069
  outer loop
   vertex 66989.8125 67700.3828 32176.5684
   vertex 66938.625 67843.8047 32411.0137
   vertex 67254.6875 67941.3516 32294.5566
  endloop
 endfacet
facet normal -0.419040769 0.834241807 -0.358392924
  outer loop
   vertex 66998.3125 68017.2969 32642.582
   vertex 67306.3906 68208.9375 32728.4512
   vertex 67226.3281 68101.0547 32570.9453
  endloop
 endfacet
facet normal -0.419747084 0.750293493 -0.510756314
  outer loop
   vertex 67254.6875 67941.3516 32294.5566
   vertex 66938.625 67843.8047 32411.0137
   vertex 67169.125 68014.5156 32472.3555
  endloop
 endfacet
facet normal -0.428437352 0.787642956 -0.442786634
  outer loop
   vertex 67169.125 68014.5156 32472.3555
   vertex 66998.3125 68017.2969 32642.582
   vertex 67226.3281 68101.0547 32570.9453
  endloop
 endfacet
facet normal -0.44606775 0.767648935 -0.460150659
  outer loop
   vertex 67169.125 68014.5156 32472.3555
   vertex 66938.625 67843.8047 32411.0137
   vertex 66998.3125 68017.2969 32642.582
  endloop
 endfacet
facet normal -0.461662054 0.796179116 -0.391109854
  outer loop
   vertex 67292.5391 68264.4844 32857.8828
   vertex 67306.3906 68208.9375 32728.4512
   vertex 67191.4453 68236.7344 32920.7188
  endloop
 endfacet
facet normal -0.372662723 0.86056149 -0.347212315
  outer loop
   vertex 67023.1172 68133.2344 32844.8594
   vertex 67191.4453 68236.7344 32920.7188
   vertex 67306.3906 68208.9375 32728.4512
  endloop
 endfacet
facet normal -0.420757234 0.870767176 -0.254416794
  outer loop
   vertex 66895.2656 68127.9609 33038.2617
   vertex 67191.4453 68236.7344 32920.7188
   vertex 67023.1172 68133.2344 32844.8594
  endloop
 endfacet
facet normal -0.314785957 0.931411445 -0.182708859
  outer loop
   vertex 66895.2656 68127.9609 33038.2617
   vertex 67023.1172 68133.2344 32844.8594
   vertex 66901.7031 68104.0547 32905.3047
  endloop
 endfacet
facet normal -0.345821738 0.917430997 -0.196793661
  outer loop
   vertex 67024.7812 68251.7812 33258.793
   vertex 67215.1953 68343.0312 33349.5938
   vertex 67262.0703 68312.6094 33125.4023
  endloop
 endfacet
facet normal -0.380032718 0.883767366 -0.273002595
  outer loop
   vertex 66895.2656 68127.9609 33038.2617
   vertex 67024.7812 68251.7812 33258.793
   vertex 67262.0703 68312.6094 33125.4023
  endloop
 endfacet
facet normal -0.401521981 0.818136573 -0.411621898
  outer loop
   vertex 66872.5078 68045.7031 32817.793
   vertex 66901.7031 68104.0547 32905.3047
   vertex 67023.1172 68133.2344 32844.8594
  endloop
 endfacet
facet normal -0.487667859 0.792655289 -0.365892887
  outer loop
   vertex 66842.0547 68069.4922 32909.9219
   vertex 66901.7031 68104.0547 32905.3047
   vertex 66872.5078 68045.7031 32817.793
  endloop
 endfacet
facet normal -0.398914874 0.815831184 -0.418672204
  outer loop
   vertex 66872.5078 68045.7031 32817.793
   vertex 67023.1172 68133.2344 32844.8594
   vertex 66998.3125 68017.2969 32642.582
  endloop
 endfacet
facet normal -0.391632378 0.818198442 -0.420922101
  outer loop
   vertex 67023.1172 68133.2344 32844.8594
   vertex 67306.3906 68208.9375 32728.4512
   vertex 66998.3125 68017.2969 32642.582
  endloop
 endfacet
facet normal -0.36018309 0.92097348 -0.148579791
  outer loop
   vertex 67215.1953 68343.0312 33349.5938
   vertex 66980.5234 68270.4453 33468.5352
   vertex 67168.5469 68344.9766 33474.7031
  endloop
 endfacet
facet normal -0.364215463 0.917724907 -0.158518374
  outer loop
   vertex 67215.1953 68343.0312 33349.5938
   vertex 67024.7812 68251.7812 33258.793
   vertex 66980.5234 68270.4453 33468.5352
  endloop
 endfacet
facet normal -0.404535651 0.894163609 -0.191891387
  outer loop
   vertex 67191.4453 68236.7344 32920.7188
   vertex 66895.2656 68127.9609 33038.2617
   vertex 67262.0703 68312.6094 33125.4023
  endloop
 endfacet
facet normal -0.354403555 0.910024226 -0.215067461
  outer loop
   vertex 67262.0703 68312.6094 33125.4023
   vertex 67383.3281 68309.8203 32913.7734
   vertex 67191.4453 68236.7344 32920.7188
  endloop
 endfacet
facet normal -0.215208858 0.88504523 0.412771225
  outer loop
   vertex 67029.6094 68273.9688 33665.4805
   vertex 67038.1953 68172.8672 33886.7422
   vertex 67381.1953 68331.0547 33726.3906
  endloop
 endfacet
facet normal -0.388566136 0.792452574 -0.470143884
  outer loop
   vertex 67169.125 68014.5156 32472.3555
   vertex 67226.3281 68101.0547 32570.9453
   vertex 67441.2891 68121.5938 32427.9102
  endloop
 endfacet
facet normal -0.249308497 0.963689685 0.0956425071
  outer loop
   vertex 67168.5469 68344.9766 33474.7031
   vertex 67100.7422 68320.6484 33543.0273
   vertex 67238.5391 68353.9844 33566.3516
  endloop
 endfacet
facet normal -0.247540459 0.964284003 0.0942338929
  outer loop
   vertex 67321.2266 68386.6094 33449.6914
   vertex 67168.5469 68344.9766 33474.7031
   vertex 67238.5391 68353.9844 33566.3516
  endloop
 endfacet
facet normal -0.261431962 0.955173254 -0.138914958
  outer loop
   vertex 67215.1953 68343.0312 33349.5938
   vertex 67321.2266 68386.6094 33449.6914
   vertex 67546.5312 68429.4844 33320.4805
  endloop
 endfacet
facet normal -0.263249129 0.947104633 -0.183555901
  outer loop
   vertex 67262.0703 68312.6094 33125.4023
   vertex 67215.1953 68343.0312 33349.5938
   vertex 67546.5312 68429.4844 33320.4805
  endloop
 endfacet
facet normal -0.120334797 0.823261976 0.554760575
  outer loop
   vertex 67038.1953 68172.8672 33886.7422
   vertex 67450.6094 68203.2969 33931.0391
   vertex 67381.1953 68331.0547 33726.3906
  endloop
 endfacet
facet normal -0.205095813 0.92647326 0.315567821
  outer loop
   vertex 67238.5391 68353.9844 33566.3516
   vertex 67029.6094 68273.9688 33665.4805
   vertex 67381.1953 68331.0547 33726.3906
  endloop
 endfacet
facet normal -0.262940854 0.942445636 0.20653902
  outer loop
   vertex 67238.5391 68353.9844 33566.3516
   vertex 67100.7422 68320.6484 33543.0273
   vertex 67029.6094 68273.9688 33665.4805
  endloop
 endfacet
facet normal 0.548322856 -0.835300922 -0.0401798189
  outer loop
   vertex 69087.0625 68278.3281 32808.2148
   vertex 69048.9688 68253.5703 32803.1211
   vertex 69070.8594 68268.9141 32782.8789
  endloop
 endfacet
facet normal -0.436355591 0.897338569 0.0661607906
  outer loop
   vertex 68591.3203 68490.8672 32795.6953
   vertex 68643.0859 68528.4141 32627.7676
   vertex 68523.1797 68479.8594 32495.4863
  endloop
 endfacet
facet normal -0.386796981 0.824416041 -0.413190365
  outer loop
   vertex 67553.3828 68252.7422 32584.6465
   vertex 67441.2891 68121.5938 32427.9102
   vertex 67306.3906 68208.9375 32728.4512
  endloop
 endfacet
facet normal 0.0125479773 0.991958022 -0.125943661
  outer loop
   vertex 67983.4453 68407.7578 32596.7422
   vertex 67959.875 68423.25 32716.4297
   vertex 68099.1484 68394.6094 32504.709
  endloop
 endfacet
facet normal -0.445655406 0.782740831 -0.434405386
  outer loop
   vertex 67254.6875 67941.3516 32294.5566
   vertex 67441.2891 68121.5938 32427.9102
   vertex 67417.9453 68034.7266 32295.3301
  endloop
 endfacet
facet normal -0.386266708 0.772625148 -0.503833711
  outer loop
   vertex 67169.125 68014.5156 32472.3555
   vertex 67441.2891 68121.5938 32427.9102
   vertex 67254.6875 67941.3516 32294.5566
  endloop
 endfacet
facet normal -0.398773223 0.823381901 -0.403760046
  outer loop
   vertex 67553.3828 68252.7422 32584.6465
   vertex 67640.7031 68231.9922 32456.084
   vertex 67441.2891 68121.5938 32427.9102
  endloop
 endfacet
facet normal -0.470952421 0.819058418 -0.327638686
  outer loop
   vertex 68084.1016 68074.625 31794.3359
   vertex 67848.1016 67970.4375 31873.125
   vertex 68234.3516 68210.4141 31917.8223
  endloop
 endfacet
facet normal -0.445772439 0.753081083 -0.483896464
  outer loop
   vertex 68184.9844 68082.6484 31713.8887
   vertex 68066.8125 67998.9297 31692.4668
   vertex 68084.1016 68074.625 31794.3359
  endloop
 endfacet
facet normal -0.397048652 0.817938566 -0.416327834
  outer loop
   vertex 68184.9844 68082.6484 31713.8887
   vertex 68084.1016 68074.625 31794.3359
   vertex 68234.3516 68210.4141 31917.8223
  endloop
 endfacet
facet normal -0.348699927 0.846413434 -0.402483106
  outer loop
   vertex 67306.3906 68208.9375 32728.4512
   vertex 67441.2891 68121.5938 32427.9102
   vertex 67226.3281 68101.0547 32570.9453
  endloop
 endfacet
facet normal -0.269509763 0.87441653 -0.403435498
  outer loop
   vertex 67717.8281 68294.0625 32531.3125
   vertex 67880.5625 68360.3438 32566.252
   vertex 67849.1328 68215.9531 32274.2988
  endloop
 endfacet
facet normal -0.292805195 0.862929702 -0.41184634
  outer loop
   vertex 67640.7031 68231.9922 32456.084
   vertex 67717.8281 68294.0625 32531.3125
   vertex 67849.1328 68215.9531 32274.2988
  endloop
 endfacet
facet normal -0.36770618 0.789593279 -0.491258234
  outer loop
   vertex 67441.2891 68121.5938 32427.9102
   vertex 67640.7031 68231.9922 32456.084
   vertex 67849.1328 68215.9531 32274.2988
  endloop
 endfacet
facet normal -0.405887693 0.88109386 -0.242752552
  outer loop
   vertex 68072.5 68335.1797 32333.5703
   vertex 67849.1328 68215.9531 32274.2988
   vertex 68099.1484 68394.6094 32504.709
  endloop
 endfacet
facet normal -0.247135326 0.926644742 -0.283290714
  outer loop
   vertex 68099.1484 68394.6094 32504.709
   vertex 68259.0625 68351.6172 32224.5762
   vertex 68072.5 68335.1797 32333.5703
  endloop
 endfacet
facet normal -0.331985116 0.866735518 -0.372230411
  outer loop
   vertex 67849.1328 68215.9531 32274.2988
   vertex 68259.0625 68351.6172 32224.5762
   vertex 68234.3516 68210.4141 31917.8223
  endloop
 endfacet
facet normal -0.32985267 0.835985124 -0.438549936
  outer loop
   vertex 67849.1328 68215.9531 32274.2988
   vertex 68072.5 68335.1797 32333.5703
   vertex 68259.0625 68351.6172 32224.5762
  endloop
 endfacet
facet normal -0.22255592 0.897436142 -0.380890071
  outer loop
   vertex 68415.6953 68348.375 32062.3555
   vertex 68389.0938 68305.4297 31976.7051
   vertex 68328.875 68317.7812 32041
  endloop
 endfacet
facet normal -0.260302365 0.927050173 -0.269852966
  outer loop
   vertex 68259.0625 68351.6172 32224.5762
   vertex 68415.6953 68348.375 32062.3555
   vertex 68328.875 68317.7812 32041
  endloop
 endfacet
facet normal -0.233426377 0.941215098 -0.244184792
  outer loop
   vertex 68259.0625 68351.6172 32224.5762
   vertex 68516.2969 68405.0625 32184.6895
   vertex 68415.6953 68348.375 32062.3555
  endloop
 endfacet
facet normal -0.484435111 0.808845997 -0.333302796
  outer loop
   vertex 68234.3516 68210.4141 31917.8223
   vertex 68259.0625 68351.6172 32224.5762
   vertex 68328.875 68317.7812 32041
  endloop
 endfacet
facet normal -0.231316447 0.947024584 -0.222793892
  outer loop
   vertex 68259.0625 68351.6172 32224.5762
   vertex 68523.1797 68479.8594 32495.4863
   vertex 68516.2969 68405.0625 32184.6895
  endloop
 endfacet
facet normal 0.393378615 0.76493901 -0.51002121
  outer loop
   vertex 68986.8203 68320.4531 32059.1543
   vertex 68879.9453 68215.6875 31819.5859
   vertex 68862.1953 68382.1172 32055.5195
  endloop
 endfacet
facet normal -0.264112502 0.798044264 -0.541636407
  outer loop
   vertex 68343.0234 68212.4141 31797.6387
   vertex 68419.2422 68210.9453 31758.3164
   vertex 68314.1641 68138.9141 31703.4199
  endloop
 endfacet
facet normal -0.240079433 0.96759063 -0.0782959461
  outer loop
   vertex 68234.3516 68210.4141 31917.8223
   vertex 68558.2109 68289.8438 31906.3926
   vertex 68392.6562 68243.2656 31838.3828
  endloop
 endfacet
facet normal -0.202624813 0.732653797 -0.649739683
  outer loop
   vertex 68234.3516 68210.4141 31917.8223
   vertex 68389.0938 68305.4297 31976.7051
   vertex 68558.2109 68289.8438 31906.3926
  endloop
 endfacet
facet normal -0.484748244 0.719390571 -0.497490078
  outer loop
   vertex 68183.4688 67671.3516 31134.6816
   vertex 68221.5547 67944.1719 31492.0723
   vertex 68387.4297 67888.125 31249.4141
  endloop
 endfacet
facet normal -0.273938894 0.802985549 -0.529312491
  outer loop
   vertex 68419.2422 68210.9453 31758.3164
   vertex 68471.1094 68111.7734 31581.0156
   vertex 68314.1641 68138.9141 31703.4199
  endloop
 endfacet
facet normal -0.280119389 0.825562239 -0.489877671
  outer loop
   vertex 67698.5156 68107.2188 32177.1758
   vertex 67849.1328 68215.9531 32274.2988
   vertex 67723.3359 68085.4297 32126.2676
  endloop
 endfacet
facet normal -0.328620344 0.901334047 -0.282144636
  outer loop
   vertex 68234.3516 68210.4141 31917.8223
   vertex 68392.6562 68243.2656 31838.3828
   vertex 68343.0234 68212.4141 31797.6387
  endloop
 endfacet
facet normal -0.0466939546 0.920431018 -0.388106257
  outer loop
   vertex 68558.2109 68289.8438 31906.3926
   vertex 68415.6953 68348.375 32062.3555
   vertex 68516.2969 68405.0625 32184.6895
  endloop
 endfacet
facet normal -0.0928589851 0.901306093 -0.423112899
  outer loop
   vertex 68558.2109 68289.8438 31906.3926
   vertex 68389.0938 68305.4297 31976.7051
   vertex 68415.6953 68348.375 32062.3555
  endloop
 endfacet
facet normal -0.327902943 0.822275639 -0.465126216
  outer loop
   vertex 68389.0938 68305.4297 31976.7051
   vertex 68234.3516 68210.4141 31917.8223
   vertex 68328.875 68317.7812 32041
  endloop
 endfacet
facet normal 0.350092739 0.668862402 -0.655788183
  outer loop
   vertex 68972.0781 68430.8672 32163.8965
   vertex 68986.8203 68320.4531 32059.1543
   vertex 68862.1953 68382.1172 32055.5195
  endloop
 endfacet
facet normal -0.523776233 0.66787374 -0.528775096
  outer loop
   vertex 67848.1016 67970.4375 31873.125
   vertex 68066.8125 67998.9297 31692.4668
   vertex 67996.6562 67882.3203 31614.666
  endloop
 endfacet
facet normal -0.482949972 0.740119338 -0.467955917
  outer loop
   vertex 68084.1016 68074.625 31794.3359
   vertex 68066.8125 67998.9297 31692.4668
   vertex 67848.1016 67970.4375 31873.125
  endloop
 endfacet
facet normal -0.390938103 0.819595218 -0.418844968
  outer loop
   vertex 68234.3516 68210.4141 31917.8223
   vertex 68314.1641 68138.9141 31703.4199
   vertex 68184.9844 68082.6484 31713.8887
  endloop
 endfacet
facet normal -0.495012671 0.752106547 -0.435084164
  outer loop
   vertex 68343.0234 68212.4141 31797.6387
   vertex 68314.1641 68138.9141 31703.4199
   vertex 68234.3516 68210.4141 31917.8223
  endloop
 endfacet
facet normal -0.310347497 0.809817255 -0.497875929
  outer loop
   vertex 67660.6406 68077.8203 32152.9727
   vertex 67698.5156 68107.2188 32177.1758
   vertex 67723.3359 68085.4297 32126.2676
  endloop
 endfacet
facet normal -0.373491406 0.757970691 -0.534775317
  outer loop
   vertex 68221.5547 67944.1719 31492.0723
   vertex 68184.9844 68082.6484 31713.8887
   vertex 68314.1641 68138.9141 31703.4199
  endloop
 endfacet
facet normal -0.44243741 0.705615819 -0.553493917
  outer loop
   vertex 67561.7031 68012.5781 32155.7754
   vertex 67848.1016 67970.4375 31873.125
   vertex 67579.0156 67867.6094 31957.1289
  endloop
 endfacet
facet normal -0.425850242 0.726168752 -0.539750457
  outer loop
   vertex 67561.7031 68012.5781 32155.7754
   vertex 67723.3359 68085.4297 32126.2676
   vertex 67848.1016 67970.4375 31873.125
  endloop
 endfacet
facet normal -0.424716949 0.734847307 -0.528786302
  outer loop
   vertex 68184.9844 68082.6484 31713.8887
   vertex 68221.5547 67944.1719 31492.0723
   vertex 68066.8125 67998.9297 31692.4668
  endloop
 endfacet
facet normal -0.105468273 0.883946896 -0.455537379
  outer loop
   vertex 68471.1094 68111.7734 31581.0156
   vertex 68558.2109 68289.8438 31906.3926
   vertex 68704.7656 68141.2109 31584.041
  endloop
 endfacet
facet normal 0.0188772641 0.87492615 -0.483888268
  outer loop
   vertex 68471.1094 68111.7734 31581.0156
   vertex 68419.2422 68210.9453 31758.3164
   vertex 68558.2109 68289.8438 31906.3926
  endloop
 endfacet
facet normal -0.335083008 0.814049602 -0.474386543
  outer loop
   vertex 67417.9453 68034.7266 32295.3301
   vertex 67441.2891 68121.5938 32427.9102
   vertex 67561.7031 68012.5781 32155.7754
  endloop
 endfacet
facet normal -0.414906412 0.729883492 -0.543252051
  outer loop
   vertex 67417.9453 68034.7266 32295.3301
   vertex 67561.7031 68012.5781 32155.7754
   vertex 67254.6875 67941.3516 32294.5566
  endloop
 endfacet
facet normal -0.365526497 0.796896279 -0.480985105
  outer loop
   vertex 67441.2891 68121.5938 32427.9102
   vertex 67849.1328 68215.9531 32274.2988
   vertex 67561.7031 68012.5781 32155.7754
  endloop
 endfacet
facet normal -0.562753856 0.825050175 -0.0509934202
  outer loop
   vertex 67698.5156 68107.2188 32177.1758
   vertex 67561.7031 68012.5781 32155.7754
   vertex 67849.1328 68215.9531 32274.2988
  endloop
 endfacet
facet normal -0.547633886 0.82422924 -0.144025326
  outer loop
   vertex 67698.5156 68107.2188 32177.1758
   vertex 67660.6406 68077.8203 32152.9727
   vertex 67561.7031 68012.5781 32155.7754
  endloop
 endfacet
facet normal -0.410061985 0.711448491 -0.570692778
  outer loop
   vertex 67561.7031 68012.5781 32155.7754
   vertex 67437.7969 67830.2578 32017.5176
   vertex 67277.0938 67806.2734 32103.0918
  endloop
 endfacet
facet normal -0.417971969 0.718568087 -0.555841088
  outer loop
   vertex 67561.7031 68012.5781 32155.7754
   vertex 67277.0938 67806.2734 32103.0918
   vertex 67254.6875 67941.3516 32294.5566
  endloop
 endfacet
facet normal -0.416018009 0.645335197 -0.640680492
  outer loop
   vertex 67433.2578 67659.5312 31838.625
   vertex 67312.2891 67677.8047 31935.582
   vertex 67467.8203 67758.9453 31916.3203
  endloop
 endfacet
facet normal -0.383065134 0.548971117 -0.742894232
  outer loop
   vertex 67561.7031 68012.5781 32155.7754
   vertex 67660.6406 68077.8203 32152.9727
   vertex 67723.3359 68085.4297 32126.2676
  endloop
 endfacet
facet normal -0.39786315 0.815478742 -0.420356184
  outer loop
   vertex 68221.5547 67944.1719 31492.0723
   vertex 68471.1094 68111.7734 31581.0156
   vertex 68429 67993.9766 31392.3516
  endloop
 endfacet
facet normal -0.310310274 0.762977481 -0.567074001
  outer loop
   vertex 68314.1641 68138.9141 31703.4199
   vertex 68471.1094 68111.7734 31581.0156
   vertex 68221.5547 67944.1719 31492.0723
  endloop
 endfacet
facet normal -0.11284408 0.90073669 -0.419451535
  outer loop
   vertex 68786.6094 67799.6094 30829.3301
   vertex 68602.9844 67707.6562 30681.2754
   vertex 68710.4062 67857.2266 30973.5605
  endloop
 endfacet
facet normal -0.275194049 0.89309597 -0.355876207
  outer loop
   vertex 68710.4062 67857.2266 30973.5605
   vertex 68602.9844 67707.6562 30681.2754
   vertex 68471.7344 67790.5859 30990.8965
  endloop
 endfacet
facet normal -0.522704661 0.727244496 -0.44485417
  outer loop
   vertex 68183.4688 67671.3516 31134.6816
   vertex 68387.4297 67888.125 31249.4141
   vertex 68471.7344 67790.5859 30990.8965
  endloop
 endfacet
facet normal -0.43813163 0.734571695 -0.518116891
  outer loop
   vertex 68572.7891 67599.2109 30432.1328
   vertex 68493.6719 67484.0234 30335.7324
   vertex 68371.4766 67489.2734 30446.502
  endloop
 endfacet
facet normal -0.451678783 0.66261822 -0.597430646
  outer loop
   vertex 67762.3047 67706.0938 31644.8008
   vertex 67588.4688 67736.8516 31810.3398
   vertex 67848.1016 67970.4375 31873.125
  endloop
 endfacet
facet normal -0.536075294 0.655689597 -0.53169018
  outer loop
   vertex 67996.6562 67882.3203 31614.666
   vertex 67890.4531 67809.375 31631.7969
   vertex 67848.1016 67970.4375 31873.125
  endloop
 endfacet
facet normal -0.247899026 0.811651051 -0.528931618
  outer loop
   vertex 68387.4297 67888.125 31249.4141
   vertex 68429 67993.9766 31392.3516
   vertex 68633.1484 67985.0469 31282.9688
  endloop
 endfacet
facet normal -0.410906941 0.785746455 -0.462339729
  outer loop
   vertex 68387.4297 67888.125 31249.4141
   vertex 68221.5547 67944.1719 31492.0723
   vertex 68429 67993.9766 31392.3516
  endloop
 endfacet
facet normal -0.426641822 0.674852312 -0.602122188
  outer loop
   vertex 67437.7969 67830.2578 32017.5176
   vertex 67467.8203 67758.9453 31916.3203
   vertex 67312.2891 67677.8047 31935.582
  endloop
 endfacet
facet normal -0.423101306 0.673867345 -0.605712891
  outer loop
   vertex 67437.7969 67830.2578 32017.5176
   vertex 67312.2891 67677.8047 31935.582
   vertex 67277.0938 67806.2734 32103.0918
  endloop
 endfacet
facet normal 0.820739865 -0.217948779 0.528095067
  outer loop
   vertex 68706.8672 68158.1875 33154.6055
   vertex 68522.2031 68147.4844 33437.1875
   vertex 68649.9844 67937.0078 33151.7305
  endloop
 endfacet
facet normal 0.792715609 0.302088141 0.529475868
  outer loop
   vertex 68685.3359 68364.0625 33069.3867
   vertex 68522.2031 68147.4844 33437.1875
   vertex 68706.8672 68158.1875 33154.6055
  endloop
 endfacet
facet normal 0.620978236 -0.703561187 0.345525205
  outer loop
   vertex 68959.4766 67781.8125 32491.1465
   vertex 68854.4844 67772.7422 32661.3633
   vertex 68743.1016 67606.5469 32523.125
  endloop
 endfacet
facet normal 0.935056984 -0.317051142 0.158578262
  outer loop
   vertex 69062.3516 67749.1328 32186.5254
   vertex 69076.3125 67652.9219 31911.8789
   vertex 69122.2656 67943.0547 32220.9922
  endloop
 endfacet
facet normal 0.492190093 0.797187805 -0.349629134
  outer loop
   vertex 69110.4375 67886.9453 31375.4688
   vertex 68911.125 67979.2734 31305.4004
   vertex 69010.2422 68054.1719 31615.7129
  endloop
 endfacet
facet normal 0.578958511 0.768306971 -0.272967786
  outer loop
   vertex 69151.9688 67818.8281 31186.7109
   vertex 69140.7891 67772.6406 31033.0156
   vertex 69066.8516 67869.6953 31149.3691
  endloop
 endfacet
facet normal 0.652026296 0.732292175 -0.196494088
  outer loop
   vertex 69065.3516 67844.0312 31048.7383
   vertex 69066.8516 67869.6953 31149.3691
   vertex 69140.7891 67772.6406 31033.0156
  endloop
 endfacet
facet normal 0.943656743 -0.311418712 0.11193873
  outer loop
   vertex 69122.2656 67943.0547 32220.9922
   vertex 69074.6406 67844.6094 32348.5996
   vertex 69062.3516 67749.1328 32186.5254
  endloop
 endfacet
facet normal 0.882641196 -0.468933165 -0.0323456153
  outer loop
   vertex 69122.2656 67943.0547 32220.9922
   vertex 69112.9766 67915.8906 32361.4199
   vertex 69074.6406 67844.6094 32348.5996
  endloop
 endfacet
facet normal 0.787269056 -0.490631133 0.373481572
  outer loop
   vertex 69112.9766 67915.8906 32361.4199
   vertex 69073.4453 67954.75 32495.8047
   vertex 69074.6406 67844.6094 32348.5996
  endloop
 endfacet
facet normal 0.555453718 -0.75860703 0.340568006
  outer loop
   vertex 68474.5469 67505.4297 32735.9121
   vertex 68559.4453 67460.6484 32497.6797
   vertex 68743.1016 67606.5469 32523.125
  endloop
 endfacet
facet normal 0.99112612 0.0795919895 0.106461681
  outer loop
   vertex 69213.3828 67561.9766 31400.1074
   vertex 69221.9297 67703.1094 31215.0957
   vertex 69183.0312 67775.6484 31522.9805
  endloop
 endfacet
facet normal 0.927261233 -0.193652257 0.320445657
  outer loop
   vertex 69146.2422 67857.0938 31832.8965
   vertex 69076.3125 67652.9219 31911.8789
   vertex 69168.6953 67674.3594 31657.5156
  endloop
 endfacet
facet normal 0.718365014 0.643438637 -0.264458805
  outer loop
   vertex 69010.2422 68054.1719 31615.7129
   vertex 69090.3438 68129.5781 32016.7715
   vertex 69125.3672 67947.7266 31669.4492
  endloop
 endfacet
facet normal 0.0430065282 0.957054853 -0.286699265
  outer loop
   vertex 68633.1484 67985.0469 31282.9688
   vertex 68911.125 67979.2734 31305.4004
   vertex 68805.6016 67930.9922 31128.4121
  endloop
 endfacet
facet normal 0.952506542 -0.279542148 0.120778762
  outer loop
   vertex 69146.2422 67857.0938 31832.8965
   vertex 69122.2656 67943.0547 32220.9922
   vertex 69076.3125 67652.9219 31911.8789
  endloop
 endfacet
facet normal 0.243126005 0.792336583 -0.559546709
  outer loop
   vertex 68938.8281 68484.0391 32334.0742
   vertex 68787.4453 68472.7266 32252.2852
   vertex 68859.9297 68521.3984 32352.7051
  endloop
 endfacet
facet normal -0.0679171607 0.997615874 -0.0122392764
  outer loop
   vertex 68938.8281 68484.0391 32334.0742
   vertex 68936.5 68482.5625 32226.5762
   vertex 68787.4453 68472.7266 32252.2852
  endloop
 endfacet
facet normal 0.447711587 0.675409436 -0.585983336
  outer loop
   vertex 68893.1484 67500.4531 30406.1484
   vertex 69000.1406 67584.7734 30585.084
   vertex 69105.5469 67381.2422 30431.0215
  endloop
 endfacet
facet normal 0.311741352 0.833251834 -0.456627488
  outer loop
   vertex 68947.6016 67843.8047 30992.2383
   vertex 69099.25 67695.0703 30824.3633
   vertex 68869.4844 67723.2422 30718.9043
  endloop
 endfacet
facet normal 0.471691877 0.723127306 -0.504572749
  outer loop
   vertex 69099.25 67695.0703 30824.3633
   vertex 69197.4609 67695.75 30917.1426
   vertex 69215.0781 67642.0625 30856.668
  endloop
 endfacet
facet normal 0.0794055313 0.939456522 -0.333340973
  outer loop
   vertex 68710.4062 67857.2266 30973.5605
   vertex 68947.6016 67843.8047 30992.2383
   vertex 68786.6094 67799.6094 30829.3301
  endloop
 endfacet
facet normal 0.210484594 0.870821357 -0.444259405
  outer loop
   vertex 68947.6016 67843.8047 30992.2383
   vertex 68869.4844 67723.2422 30718.9043
   vertex 68786.6094 67799.6094 30829.3301
  endloop
 endfacet
facet normal 0.802060902 0.597228289 -0.0040860232
  outer loop
   vertex 69140.7891 67772.6406 31033.0156
   vertex 69255.6562 67618.0625 30986.2422
   vertex 69197.4609 67695.75 30917.1426
  endloop
 endfacet
facet normal 0.780779123 0.614452899 -0.11327669
  outer loop
   vertex 69140.7891 67772.6406 31033.0156
   vertex 69221.9297 67703.1094 31215.0957
   vertex 69255.6562 67618.0625 30986.2422
  endloop
 endfacet
facet normal 0.564351559 0.78351146 -0.260033011
  outer loop
   vertex 68879.9453 68215.6875 31819.5859
   vertex 69090.3438 68129.5781 32016.7715
   vertex 69010.2422 68054.1719 31615.7129
  endloop
 endfacet
facet normal 0.940229595 -0.165173844 -0.297801882
  outer loop
   vertex 69146.0625 68102.4609 32207.709
   vertex 69122.2656 67943.0547 32220.9922
   vertex 69090.3438 68129.5781 32016.7715
  endloop
 endfacet
facet normal 0.32481885 0.765759647 -0.55507195
  outer loop
   vertex 68741.3125 67613.0703 30472.6602
   vertex 69000.1406 67584.7734 30585.084
   vertex 68893.1484 67500.4531 30406.1484
  endloop
 endfacet
facet normal 0.69604522 0.700459123 -0.157727718
  outer loop
   vertex 69221.9297 67703.1094 31215.0957
   vertex 69280.7891 67620.7031 31108.9023
   vertex 69255.6562 67618.0625 30986.2422
  endloop
 endfacet
facet normal 0.421999425 0.802317142 -0.42214182
  outer loop
   vertex 68936.5 68482.5625 32226.5762
   vertex 68992.3828 68461.4922 32242.4043
   vertex 68972.0781 68430.8672 32163.8965
  endloop
 endfacet
facet normal 0.361069947 0.547767818 -0.754704535
  outer loop
   vertex 68947.6016 67843.8047 30992.2383
   vertex 69065.3516 67844.0312 31048.7383
   vertex 69140.7891 67772.6406 31033.0156
  endloop
 endfacet
facet normal 0.389570147 0.835240006 -0.388084114
  outer loop
   vertex 68947.6016 67843.8047 30992.2383
   vertex 69140.7891 67772.6406 31033.0156
   vertex 69099.25 67695.0703 30824.3633
  endloop
 endfacet
facet normal 0.859147668 0.469501704 -0.203552112
  outer loop
   vertex 69151.9688 67818.8281 31186.7109
   vertex 69221.9297 67703.1094 31215.0957
   vertex 69140.7891 67772.6406 31033.0156
  endloop
 endfacet
facet normal 0.359977841 0.848802269 -0.387234598
  outer loop
   vertex 69197.4609 67695.75 30917.1426
   vertex 69099.25 67695.0703 30824.3633
   vertex 69140.7891 67772.6406 31033.0156
  endloop
 endfacet
facet normal 0.00462356862 0.911894679 -0.410398275
  outer loop
   vertex 68741.3125 67613.0703 30472.6602
   vertex 68602.9844 67707.6562 30681.2754
   vertex 68869.4844 67723.2422 30718.9043
  endloop
 endfacet
facet normal 0.0867814049 0.877611518 -0.471451998
  outer loop
   vertex 68947.6016 67843.8047 30992.2383
   vertex 68710.4062 67857.2266 30973.5605
   vertex 68805.6016 67930.9922 31128.4121
  endloop
 endfacet
facet normal -0.0670804605 0.916134 -0.395219803
  outer loop
   vertex 68710.4062 67857.2266 30973.5605
   vertex 68633.1484 67985.0469 31282.9688
   vertex 68805.6016 67930.9922 31128.4121
  endloop
 endfacet
facet normal -0.271941155 0.863551676 -0.424648732
  outer loop
   vertex 68710.4062 67857.2266 30973.5605
   vertex 68471.7344 67790.5859 30990.8965
   vertex 68633.1484 67985.0469 31282.9688
  endloop
 endfacet
facet normal -0.220440358 0.848719478 -0.480709195
  outer loop
   vertex 68429 67993.9766 31392.3516
   vertex 68471.1094 68111.7734 31581.0156
   vertex 68633.1484 67985.0469 31282.9688
  endloop
 endfacet
facet normal -0.0587855056 0.898081601 -0.435882717
  outer loop
   vertex 68558.2109 68289.8438 31906.3926
   vertex 68787.4453 68472.7266 32252.2852
   vertex 68862.1953 68382.1172 32055.5195
  endloop
 endfacet
facet normal -0.106811412 0.892772198 -0.437663227
  outer loop
   vertex 68471.1094 68111.7734 31581.0156
   vertex 68704.7656 68141.2109 31584.041
   vertex 68633.1484 67985.0469 31282.9688
  endloop
 endfacet
facet normal 0.981858015 0.188674808 0.018886378
  outer loop
   vertex 69122.2656 67943.0547 32220.9922
   vertex 69146.2422 67857.0938 31832.8965
   vertex 69090.3438 68129.5781 32016.7715
  endloop
 endfacet
facet normal 0.711408973 0.680185974 -0.176760733
  outer loop
   vertex 69125.3672 67947.7266 31669.4492
   vertex 69110.4375 67886.9453 31375.4688
   vertex 69010.2422 68054.1719 31615.7129
  endloop
 endfacet
facet normal 0.461397022 0.817495108 -0.344694912
  outer loop
   vertex 68911.125 67979.2734 31305.4004
   vertex 68866.7656 68103.7188 31541.166
   vertex 69010.2422 68054.1719 31615.7129
  endloop
 endfacet
facet normal 0.116696946 0.961936891 -0.24710165
  outer loop
   vertex 69065.3516 67844.0312 31048.7383
   vertex 68947.6016 67843.8047 30992.2383
   vertex 69066.8516 67869.6953 31149.3691
  endloop
 endfacet
facet normal 0.273478687 0.894015551 -0.354888111
  outer loop
   vertex 68911.125 67979.2734 31305.4004
   vertex 69066.8516 67869.6953 31149.3691
   vertex 68947.6016 67843.8047 30992.2383
  endloop
 endfacet
facet normal 0.830796659 0.4694888 -0.298926711
  outer loop
   vertex 69045.1094 68368.1641 32265.7656
   vertex 69122.9297 68237.3047 32276.5137
   vertex 69090.3438 68129.5781 32016.7715
  endloop
 endfacet
facet normal -0.0734067112 0.892327785 -0.445379108
  outer loop
   vertex 68633.1484 67985.0469 31282.9688
   vertex 68704.7656 68141.2109 31584.041
   vertex 68784.8672 68065.6484 31419.4531
  endloop
 endfacet
facet normal -0.0927672312 0.912249804 -0.398991883
  outer loop
   vertex 68558.2109 68289.8438 31906.3926
   vertex 68419.2422 68210.9453 31758.3164
   vertex 68392.6562 68243.2656 31838.3828
  endloop
 endfacet
facet normal 0.459652692 0.874412775 -0.155311465
  outer loop
   vertex 69110.4375 67886.9453 31375.4688
   vertex 69066.8516 67869.6953 31149.3691
   vertex 68911.125 67979.2734 31305.4004
  endloop
 endfacet
facet normal 0.116428733 0.922896028 -0.367024899
  outer loop
   vertex 68704.7656 68141.2109 31584.041
   vertex 68866.7656 68103.7188 31541.166
   vertex 68784.8672 68065.6484 31419.4531
  endloop
 endfacet
facet normal 0.113542914 0.919914067 -0.375321388
  outer loop
   vertex 68704.7656 68141.2109 31584.041
   vertex 68879.9453 68215.6875 31819.5859
   vertex 68866.7656 68103.7188 31541.166
  endloop
 endfacet
facet normal 0.462896228 0.814600408 -0.349504292
  outer loop
   vertex 68866.7656 68103.7188 31541.166
   vertex 68879.9453 68215.6875 31819.5859
   vertex 69010.2422 68054.1719 31615.7129
  endloop
 endfacet
facet normal 0.21958515 0.879227936 -0.422777265
  outer loop
   vertex 68911.125 67979.2734 31305.4004
   vertex 68784.8672 68065.6484 31419.4531
   vertex 68866.7656 68103.7188 31541.166
  endloop
 endfacet
facet normal 0.203395322 0.907030284 -0.368681967
  outer loop
   vertex 68947.6016 67843.8047 30992.2383
   vertex 68805.6016 67930.9922 31128.4121
   vertex 68911.125 67979.2734 31305.4004
  endloop
 endfacet
facet normal 0.0622021779 0.827581763 -0.557888269
  outer loop
   vertex 68911.125 67979.2734 31305.4004
   vertex 68633.1484 67985.0469 31282.9688
   vertex 68784.8672 68065.6484 31419.4531
  endloop
 endfacet
facet normal 0.0790569261 0.873458207 -0.480438083
  outer loop
   vertex 68859.9297 68521.3984 32352.7051
   vertex 68787.4453 68472.7266 32252.2852
   vertex 68836.6328 68526.4688 32358.0781
  endloop
 endfacet
facet normal 0.960709631 0.0424475931 -0.274290264
  outer loop
   vertex 69146.0625 68102.4609 32207.709
   vertex 69090.3438 68129.5781 32016.7715
   vertex 69146.4141 68162.6562 32218.2617
  endloop
 endfacet
facet normal 0.812411666 0.495473772 -0.307397246
  outer loop
   vertex 69122.9297 68237.3047 32276.5137
   vertex 69146.4141 68162.6562 32218.2617
   vertex 69090.3438 68129.5781 32016.7715
  endloop
 endfacet
facet normal 0.859727621 0.50492692 -0.0769238248
  outer loop
   vertex 69122.9297 68237.3047 32276.5137
   vertex 69045.1094 68368.1641 32265.7656
   vertex 69090.9219 68327.4141 32510.2207
  endloop
 endfacet
facet normal 0.693800986 0.492886901 -0.525073946
  outer loop
   vertex 69090.3438 68129.5781 32016.7715
   vertex 68879.9453 68215.6875 31819.5859
   vertex 68986.8203 68320.4531 32059.1543
  endloop
 endfacet
facet normal -0.128250167 0.909338057 -0.395798177
  outer loop
   vertex 68558.2109 68289.8438 31906.3926
   vertex 68516.2969 68405.0625 32184.6895
   vertex 68787.4453 68472.7266 32252.2852
  endloop
 endfacet
facet normal 0.845722318 0.385392308 -0.369088769
  outer loop
   vertex 68992.3828 68461.4922 32242.4043
   vertex 69045.1094 68368.1641 32265.7656
   vertex 68972.0781 68430.8672 32163.8965
  endloop
 endfacet
facet normal 0.138622344 0.926850617 0.348900884
  outer loop
   vertex 68729.4453 68525.7891 32648.0469
   vertex 68591.3203 68490.8672 32795.6953
   vertex 68853.2344 68464.4375 32761.8262
  endloop
 endfacet
facet normal -0.109684035 0.956569314 -0.270082414
  outer loop
   vertex 68936.5 68482.5625 32226.5762
   vertex 68906.3359 68462.5859 32168.084
   vertex 68787.4453 68472.7266 32252.2852
  endloop
 endfacet
facet normal -0.273473144 0.830012679 -0.486098111
  outer loop
   vertex 68906.3359 68462.5859 32168.084
   vertex 68862.1953 68382.1172 32055.5195
   vertex 68787.4453 68472.7266 32252.2852
  endloop
 endfacet
facet normal 0.0335270725 0.817871094 -0.57442385
  outer loop
   vertex 68879.9453 68215.6875 31819.5859
   vertex 68558.2109 68289.8438 31906.3926
   vertex 68862.1953 68382.1172 32055.5195
  endloop
 endfacet
facet normal 0.111331664 0.920746446 -0.37394011
  outer loop
   vertex 68879.9453 68215.6875 31819.5859
   vertex 68704.7656 68141.2109 31584.041
   vertex 68558.2109 68289.8438 31906.3926
  endloop
 endfacet
facet normal -0.182375327 0.956845939 -0.226241246
  outer loop
   vertex 68523.1797 68479.8594 32495.4863
   vertex 68787.4453 68472.7266 32252.2852
   vertex 68516.2969 68405.0625 32184.6895
  endloop
 endfacet
facet normal 0.361148685 0.809615135 -0.462704003
  outer loop
   vertex 68972.0781 68430.8672 32163.8965
   vertex 68906.3359 68462.5859 32168.084
   vertex 68936.5 68482.5625 32226.5762
  endloop
 endfacet
facet normal 0.304527014 0.714353085 -0.630049944
  outer loop
   vertex 68972.0781 68430.8672 32163.8965
   vertex 68862.1953 68382.1172 32055.5195
   vertex 68906.3359 68462.5859 32168.084
  endloop
 endfacet
facet normal 0.694488704 0.709052026 -0.122191042
  outer loop
   vertex 69045.1094 68368.1641 32265.7656
   vertex 68938.8281 68484.0391 32334.0742
   vertex 69022.375 68437.7578 32540.3867
  endloop
 endfacet
facet normal 0.784506619 0.525576413 0.329118311
  outer loop
   vertex 68992.3828 68461.4922 32242.4043
   vertex 68938.8281 68484.0391 32334.0742
   vertex 69045.1094 68368.1641 32265.7656
  endloop
 endfacet
facet normal 0.922146738 -0.343234003 0.178425848
  outer loop
   vertex 69122.2656 67943.0547 32220.9922
   vertex 69118.3359 68050.5859 32448.1367
   vertex 69073.4453 67954.75 32495.8047
  endloop
 endfacet
facet normal 0.895064294 0.423057944 0.141002938
  outer loop
   vertex 69122.2656 67943.0547 32220.9922
   vertex 69073.4453 67954.75 32495.8047
   vertex 69112.9766 67915.8906 32361.4199
  endloop
 endfacet
facet normal 0.357757181 0.933588028 -0.0205708984
  outer loop
   vertex 68936.5 68482.5625 32226.5762
   vertex 68938.8281 68484.0391 32334.0742
   vertex 68992.3828 68461.4922 32242.4043
  endloop
 endfacet
facet normal 0.99720031 -0.0185517557 0.0724385604
  outer loop
   vertex 69146.0625 68102.4609 32207.709
   vertex 69146.4141 68162.6562 32218.2617
   vertex 69135.0938 68144.8516 32369.4746
  endloop
 endfacet
facet normal -0.299258679 0.632960677 0.714006305
  outer loop
   vertex 69109.2422 68452.0312 32571.5
   vertex 69094.5625 68421.6641 32592.2676
   vertex 69127.1172 68452.2344 32578.8145
  endloop
 endfacet
facet normal 0.839182913 0.539671361 -0.0672823936
  outer loop
   vertex 69022.375 68437.7578 32540.3867
   vertex 69090.9219 68327.4141 32510.2207
   vertex 69045.1094 68368.1641 32265.7656
  endloop
 endfacet
facet normal 0.338544756 0.426119626 -0.838933587
  outer loop
   vertex 69127.1172 68452.2344 32578.8145
   vertex 69109.125 68432.9453 32561.7578
   vertex 69109.2422 68452.0312 32571.5
  endloop
 endfacet
facet normal 0.240491912 0.392118931 -0.887922525
  outer loop
   vertex 69090.9219 68327.4141 32510.2207
   vertex 69022.375 68437.7578 32540.3867
   vertex 69109.125 68432.9453 32561.7578
  endloop
 endfacet
facet normal 0.237711623 0.440417141 -0.865751684
  outer loop
   vertex 69022.375 68437.7578 32540.3867
   vertex 69109.2422 68452.0312 32571.5
   vertex 69109.125 68432.9453 32561.7578
  endloop
 endfacet
facet normal 0.897693694 -0.308518916 0.314582378
  outer loop
   vertex 69094.5625 68421.6641 32592.2676
   vertex 69090.9219 68327.4141 32510.2207
   vertex 69109.125 68432.9453 32561.7578
  endloop
 endfacet
facet normal 0.698027968 -0.712654233 0.0698632151
  outer loop
   vertex 69127.1172 68452.2344 32578.8145
   vertex 69094.5625 68421.6641 32592.2676
   vertex 69109.125 68432.9453 32561.7578
  endloop
 endfacet
facet normal 0.984994292 -0.13845624 0.103034541
  outer loop
   vertex 69122.2656 67943.0547 32220.9922
   vertex 69146.0625 68102.4609 32207.709
   vertex 69135.0938 68144.8516 32369.4746
  endloop
 endfacet
facet normal -0.118861869 0.980273187 -0.157912359
  outer loop
   vertex 68787.4453 68472.7266 32252.2852
   vertex 68523.1797 68479.8594 32495.4863
   vertex 68816.6406 68512.6719 32478.2891
  endloop
 endfacet
facet normal -0.701872051 0.711438596 -0.0350821763
  outer loop
   vertex 68836.6328 68526.4688 32358.0781
   vertex 68787.4453 68472.7266 32252.2852
   vertex 68816.6406 68512.6719 32478.2891
  endloop
 endfacet
facet normal 0.242953598 0.958316028 0.150346071
  outer loop
   vertex 68859.9297 68521.3984 32352.7051
   vertex 68836.6328 68526.4688 32358.0781
   vertex 68816.6406 68512.6719 32478.2891
  endloop
 endfacet
facet normal 0.459331512 0.861054122 0.218175054
  outer loop
   vertex 68938.8281 68484.0391 32334.0742
   vertex 68859.9297 68521.3984 32352.7051
   vertex 68816.6406 68512.6719 32478.2891
  endloop
 endfacet
facet normal 0.318869412 0.944187045 0.0826626197
  outer loop
   vertex 69022.375 68437.7578 32540.3867
   vertex 68938.8281 68484.0391 32334.0742
   vertex 68816.6406 68512.6719 32478.2891
  endloop
 endfacet
facet normal -0.125024408 0.904752195 -0.407176137
  outer loop
   vertex 68523.1797 68479.8594 32495.4863
   vertex 68688.6953 68533.375 32563.5762
   vertex 68816.6406 68512.6719 32478.2891
  endloop
 endfacet
facet normal -0.263269424 0.95807761 -0.113033421
  outer loop
   vertex 68523.1797 68479.8594 32495.4863
   vertex 68643.0859 68528.4141 32627.7676
   vertex 68688.6953 68533.375 32563.5762
  endloop
 endfacet
facet normal 0.35692811 0.92742914 0.111702636
  outer loop
   vertex 68729.4453 68525.7891 32648.0469
   vertex 68853.2344 68464.4375 32761.8262
   vertex 68816.6406 68512.6719 32478.2891
  endloop
 endfacet
facet normal 0.165442154 0.986180127 0.00881019793
  outer loop
   vertex 68729.4453 68525.7891 32648.0469
   vertex 68816.6406 68512.6719 32478.2891
   vertex 68688.6953 68533.375 32563.5762
  endloop
 endfacet
facet normal -0.0581622347 0.927722573 0.368711263
  outer loop
   vertex 69094.5625 68421.6641 32592.2676
   vertex 69022.375 68437.7578 32540.3867
   vertex 68992.1484 68345.1953 32768.5234
  endloop
 endfacet
facet normal 0.990632474 -0.116007984 0.0720378533
  outer loop
   vertex 69122.2656 67943.0547 32220.9922
   vertex 69135.0938 68144.8516 32369.4746
   vertex 69118.3359 68050.5859 32448.1367
  endloop
 endfacet
facet normal 0.723321676 0.102323294 0.682887793
  outer loop
   vertex 68894.3594 68442.9375 32857.4531
   vertex 68992.1484 68345.1953 32768.5234
   vertex 68927.2109 68454.5312 32820.9219
  endloop
 endfacet
facet normal 0.887331903 0.321870655 0.330214113
  outer loop
   vertex 68522.2031 68147.4844 33437.1875
   vertex 68400.3438 68394.3828 33523.9883
   vertex 68382.3359 68224.125 33738.3359
  endloop
 endfacet
facet normal -0.020081671 0.97699964 0.212293386
  outer loop
   vertex 68643.0859 68528.4141 32627.7676
   vertex 68591.3203 68490.8672 32795.6953
   vertex 68729.4453 68525.7891 32648.0469
  endloop
 endfacet
facet normal 0.520973682 0.659827173 -0.541492879
  outer loop
   vertex 68853.2344 68464.4375 32761.8262
   vertex 68911.2188 68474.6406 32830.0391
   vertex 68927.2109 68454.5312 32820.9219
  endloop
 endfacet
facet normal 0.54567486 0.602975845 -0.581944227
  outer loop
   vertex 68992.1484 68345.1953 32768.5234
   vertex 68853.2344 68464.4375 32761.8262
   vertex 68927.2109 68454.5312 32820.9219
  endloop
 endfacet
facet normal 0.0105263265 0.996370852 0.0844645947
  outer loop
   vertex 68643.0859 68528.4141 32627.7676
   vertex 68729.4453 68525.7891 32648.0469
   vertex 68688.6953 68533.375 32563.5762
  endloop
 endfacet
facet normal 0.568687856 0.458242178 -0.683087289
  outer loop
   vertex 69051.7422 68141.7422 32681.6562
   vertex 68992.1484 68345.1953 32768.5234
   vertex 69070.8594 68268.9141 32782.8789
  endloop
 endfacet
facet normal 0.86909163 -0.34344998 0.355980098
  outer loop
   vertex 69094.5625 68421.6641 32592.2676
   vertex 68992.1484 68345.1953 32768.5234
   vertex 69090.9219 68327.4141 32510.2207
  endloop
 endfacet
facet normal 0.307224691 0.943922937 0.12092337
  outer loop
   vertex 69022.375 68437.7578 32540.3867
   vertex 68816.6406 68512.6719 32478.2891
   vertex 68853.2344 68464.4375 32761.8262
  endloop
 endfacet
facet normal 0.607865691 0.673845053 -0.420038283
  outer loop
   vertex 68923.0703 68473.8047 32845.8516
   vertex 68927.2109 68454.5312 32820.9219
   vertex 68911.2188 68474.6406 32830.0391
  endloop
 endfacet
facet normal -0.262639821 0.931538343 -0.251508683
  outer loop
   vertex 67959.875 68423.25 32716.4297
   vertex 67880.5625 68360.3438 32566.252
   vertex 67660.1562 68352.8047 32768.4922
  endloop
 endfacet
facet normal -0.363997221 0.911868334 -0.189742327
  outer loop
   vertex 67983.4453 68407.7578 32596.7422
   vertex 67880.5625 68360.3438 32566.252
   vertex 67959.875 68423.25 32716.4297
  endloop
 endfacet
facet normal 0.141004592 0.915875137 0.375886232
  outer loop
   vertex 68853.2344 68464.4375 32761.8262
   vertex 68591.3203 68490.8672 32795.6953
   vertex 68685.3359 68364.0625 33069.3867
  endloop
 endfacet
facet normal -0.0999035016 0.960696816 0.258999795
  outer loop
   vertex 68894.3594 68442.9375 32857.4531
   vertex 68853.2344 68464.4375 32761.8262
   vertex 68685.3359 68364.0625 33069.3867
  endloop
 endfacet
facet normal 0.70082438 0.0539760888 0.71128881
  outer loop
   vertex 68685.3359 68364.0625 33069.3867
   vertex 68992.1484 68345.1953 32768.5234
   vertex 68894.3594 68442.9375 32857.4531
  endloop
 endfacet
facet normal -0.559627771 0.691956937 0.456083775
  outer loop
   vertex 68911.2188 68474.6406 32830.0391
   vertex 68894.3594 68442.9375 32857.4531
   vertex 68923.0703 68473.8047 32845.8516
  endloop
 endfacet
facet normal -0.605909109 0.679676592 0.413417339
  outer loop
   vertex 68853.2344 68464.4375 32761.8262
   vertex 68894.3594 68442.9375 32857.4531
   vertex 68911.2188 68474.6406 32830.0391
  endloop
 endfacet
facet normal 0.721228898 -0.484997779 0.494576633
  outer loop
   vertex 68923.0703 68473.8047 32845.8516
   vertex 68894.3594 68442.9375 32857.4531
   vertex 68927.2109 68454.5312 32820.9219
  endloop
 endfacet
facet normal 0.708545387 -0.511010349 0.486653775
  outer loop
   vertex 69051.7422 68141.7422 32681.6562
   vertex 69048.9688 68253.5703 32803.1211
   vertex 68901.6016 68156.5469 32915.8086
  endloop
 endfacet
facet normal 0.548060596 0.779974461 0.302108377
  outer loop
   vertex 68997.8828 68127.5781 32815.9414
   vertex 69051.7422 68141.7422 32681.6562
   vertex 68901.6016 68156.5469 32915.8086
  endloop
 endfacet
facet normal 0.665499687 -0.464673817 0.584113359
  outer loop
   vertex 68649.9844 67937.0078 33151.7305
   vertex 68579.5234 67769.0938 33098.4297
   vertex 68658.9766 67817.3672 33046.3086
  endloop
 endfacet
facet normal 0.666206837 -0.529649019 0.525014579
  outer loop
   vertex 68649.2812 67776.5859 33017.4727
   vertex 68658.9766 67817.3672 33046.3086
   vertex 68579.5234 67769.0938 33098.4297
  endloop
 endfacet
facet normal -0.273544699 0.186666206 0.943572462
  outer loop
   vertex 69071.0781 68293.4609 32801.6406
   vertex 68992.1484 68345.1953 32768.5234
   vertex 69048.9688 68253.5703 32803.1211
  endloop
 endfacet
facet normal 0.902249217 -0.246776715 0.353620678
  outer loop
   vertex 69073.4453 67954.75 32495.8047
   vertex 69118.3359 68050.5859 32448.1367
   vertex 69051.7422 68141.7422 32681.6562
  endloop
 endfacet
facet normal 0.896516085 0.307123184 0.319271445
  outer loop
   vertex 68291.5078 68353.6406 33868.7891
   vertex 68382.3359 68224.125 33738.3359
   vertex 68400.3438 68394.3828 33523.9883
  endloop
 endfacet
facet normal 0.965489686 0.0346400663 0.258127362
  outer loop
   vertex 69135.0938 68144.8516 32369.4746
   vertex 69090.9219 68327.4141 32510.2207
   vertex 69051.7422 68141.7422 32681.6562
  endloop
 endfacet
facet normal 0.965119481 0.043800354 0.258119881
  outer loop
   vertex 69118.3359 68050.5859 32448.1367
   vertex 69135.0938 68144.8516 32369.4746
   vertex 69051.7422 68141.7422 32681.6562
  endloop
 endfacet
facet normal 0.691286922 0.208389357 0.691878796
  outer loop
   vertex 68992.1484 68345.1953 32768.5234
   vertex 68685.3359 68364.0625 33069.3867
   vertex 68901.6016 68156.5469 32915.8086
  endloop
 endfacet
facet normal 0.299181998 0.493853271 0.816455185
  outer loop
   vertex 68992.1484 68345.1953 32768.5234
   vertex 68901.6016 68156.5469 32915.8086
   vertex 69048.9688 68253.5703 32803.1211
  endloop
 endfacet
facet normal 0.753409326 -0.475086868 0.454606265
  outer loop
   vertex 69051.7422 68141.7422 32681.6562
   vertex 69070.8594 68268.9141 32782.8789
   vertex 69048.9688 68253.5703 32803.1211
  endloop
 endfacet
facet normal 0.734332979 0.323765874 0.596599281
  outer loop
   vertex 68901.6016 68156.5469 32915.8086
   vertex 68685.3359 68364.0625 33069.3867
   vertex 68706.8672 68158.1875 33154.6055
  endloop
 endfacet
facet normal 0.972119093 -0.0986406952 0.212731019
  outer loop
   vertex 69051.7422 68141.7422 32681.6562
   vertex 69047.2656 68012.4531 32642.1719
   vertex 69073.4453 67954.75 32495.8047
  endloop
 endfacet
facet normal 0.58955127 0.487058312 -0.644362867
  outer loop
   vertex 69071.0781 68293.4609 32801.6406
   vertex 69070.8594 68268.9141 32782.8789
   vertex 68992.1484 68345.1953 32768.5234
  endloop
 endfacet
facet normal 0.668419719 0.447780639 -0.593891919
  outer loop
   vertex 69071.0781 68293.4609 32801.6406
   vertex 69087.0625 68278.3281 32808.2148
   vertex 69070.8594 68268.9141 32782.8789
  endloop
 endfacet
facet normal -0.236281425 0.166523978 0.957309186
  outer loop
   vertex 69048.9688 68253.5703 32803.1211
   vertex 69087.0625 68278.3281 32808.2148
   vertex 69071.0781 68293.4609 32801.6406
  endloop
 endfacet
facet normal 0.867194653 -0.392509162 0.306447297
  outer loop
   vertex 69051.7422 68141.7422 32681.6562
   vertex 68997.8828 68127.5781 32815.9414
   vertex 68970.7734 68067.9453 32816.2734
  endloop
 endfacet
facet normal 0.767064869 -0.239559218 0.595166266
  outer loop
   vertex 68649.9844 67937.0078 33151.7305
   vertex 68854.875 67961.7734 32897.6328
   vertex 68901.6016 68156.5469 32915.8086
  endloop
 endfacet
facet normal 0.758160889 -0.203044042 0.619649231
  outer loop
   vertex 68649.9844 67937.0078 33151.7305
   vertex 68901.6016 68156.5469 32915.8086
   vertex 68706.8672 68158.1875 33154.6055
  endloop
 endfacet
facet normal -0.197874412 0.966493964 -0.163508713
  outer loop
   vertex 68099.1484 68394.6094 32504.709
   vertex 68235.2422 68477.2969 32828.8008
   vertex 68523.1797 68479.8594 32495.4863
  endloop
 endfacet
facet normal 0.0697810277 0.99608922 -0.0541933477
  outer loop
   vertex 68401.7188 68483.0547 33112.9727
   vertex 68246.0391 68506.4844 33343.2227
   vertex 68379.9219 68494.4297 33294.0039
  endloop
 endfacet
facet normal 0.0624002703 0.996293664 -0.0592046231
  outer loop
   vertex 68147.0391 68500.3594 33135.7969
   vertex 68246.0391 68506.4844 33343.2227
   vertex 68401.7188 68483.0547 33112.9727
  endloop
 endfacet
facet normal -0.0378818549 0.999280274 0.00196876144
  outer loop
   vertex 68591.3203 68490.8672 32795.6953
   vertex 68235.2422 68477.2969 32828.8008
   vertex 68401.7188 68483.0547 33112.9727
  endloop
 endfacet
facet normal -0.0405933224 0.998800159 -0.0273928959
  outer loop
   vertex 68591.3203 68490.8672 32795.6953
   vertex 68523.1797 68479.8594 32495.4863
   vertex 68235.2422 68477.2969 32828.8008
  endloop
 endfacet
facet normal 0.389316112 0.920903563 0.0192235094
  outer loop
   vertex 68459.1953 68455.0859 33288.5977
   vertex 68685.3359 68364.0625 33069.3867
   vertex 68401.7188 68483.0547 33112.9727
  endloop
 endfacet
facet normal 0.407391727 0.873969913 0.264969021
  outer loop
   vertex 68685.3359 68364.0625 33069.3867
   vertex 68591.3203 68490.8672 32795.6953
   vertex 68401.7188 68483.0547 33112.9727
  endloop
 endfacet
facet normal -0.108238749 0.973206639 -0.202862576
  outer loop
   vertex 68099.1484 68394.6094 32504.709
   vertex 67959.875 68423.25 32716.4297
   vertex 68235.2422 68477.2969 32828.8008
  endloop
 endfacet
facet normal -0.215922713 0.884185314 -0.414238781
  outer loop
   vertex 67722.6719 68471.4297 33119.5742
   vertex 67879.3828 68465.5781 33025.4141
   vertex 67588.9375 68413.8125 33066.3047
  endloop
 endfacet
facet normal -0.304455966 0.904684305 -0.298082054
  outer loop
   vertex 67717.8281 68294.0625 32531.3125
   vertex 67660.1562 68352.8047 32768.4922
   vertex 67880.5625 68360.3438 32566.252
  endloop
 endfacet
facet normal -0.323024482 0.897323906 -0.300774008
  outer loop
   vertex 67553.3828 68252.7422 32584.6465
   vertex 67660.1562 68352.8047 32768.4922
   vertex 67717.8281 68294.0625 32531.3125
  endloop
 endfacet
facet normal -0.319240272 0.881688714 -0.347434402
  outer loop
   vertex 67660.1562 68352.8047 32768.4922
   vertex 67306.3906 68208.9375 32728.4512
   vertex 67383.3281 68309.8203 32913.7734
  endloop
 endfacet
facet normal -0.0224167425 0.994828522 -0.0990643427
  outer loop
   vertex 67879.3828 68465.5781 33025.4141
   vertex 67722.6719 68471.4297 33119.5742
   vertex 67751.9219 68480.1797 33200.8516
  endloop
 endfacet
facet normal -0.20326753 0.948513448 -0.242908522
  outer loop
   vertex 67588.9375 68413.8125 33066.3047
   vertex 67879.3828 68465.5781 33025.4141
   vertex 67660.1562 68352.8047 32768.4922
  endloop
 endfacet
facet normal -0.0876929089 0.991151631 -0.0996414348
  outer loop
   vertex 68235.2422 68477.2969 32828.8008
   vertex 67879.3828 68465.5781 33025.4141
   vertex 68147.0391 68500.3594 33135.7969
  endloop
 endfacet
facet normal -0.12412335 0.978223562 -0.166349038
  outer loop
   vertex 68235.2422 68477.2969 32828.8008
   vertex 67959.875 68423.25 32716.4297
   vertex 67879.3828 68465.5781 33025.4141
  endloop
 endfacet
facet normal -0.256561637 0.946346045 -0.19648239
  outer loop
   vertex 67660.1562 68352.8047 32768.4922
   vertex 67879.3828 68465.5781 33025.4141
   vertex 67959.875 68423.25 32716.4297
  endloop
 endfacet
facet normal -0.305478513 0.92351836 -0.231941164
  outer loop
   vertex 67722.6719 68471.4297 33119.5742
   vertex 67588.9375 68413.8125 33066.3047
   vertex 67655.5938 68464.0312 33178.4727
  endloop
 endfacet
facet normal -0.0983546004 0.992383063 -0.0741770118
  outer loop
   vertex 67879.3828 68465.5781 33025.4141
   vertex 67937.0312 68495.6016 33350.6133
   vertex 68147.0391 68500.3594 33135.7969
  endloop
 endfacet
facet normal -0.0354928859 0.999290884 -0.0125699248
  outer loop
   vertex 68246.0391 68506.4844 33343.2227
   vertex 68147.0391 68500.3594 33135.7969
   vertex 67937.0312 68495.6016 33350.6133
  endloop
 endfacet
facet normal -0.0100364452 0.995876968 -0.0901572108
  outer loop
   vertex 67751.9219 68480.1797 33200.8516
   vertex 67937.0312 68495.6016 33350.6133
   vertex 67879.3828 68465.5781 33025.4141
  endloop
 endfacet
facet normal -0.217886448 0.968987823 0.116568238
  outer loop
   vertex 67238.5391 68353.9844 33566.3516
   vertex 67443.5312 68403.625 33536.8711
   vertex 67321.2266 68386.6094 33449.6914
  endloop
 endfacet
facet normal -0.279325485 0.952802956 -0.118927851
  outer loop
   vertex 67168.5469 68344.9766 33474.7031
   vertex 67321.2266 68386.6094 33449.6914
   vertex 67215.1953 68343.0312 33349.5938
  endloop
 endfacet
facet normal -0.312087685 0.943633318 -0.110260487
  outer loop
   vertex 67588.9375 68413.8125 33066.3047
   vertex 67262.0703 68312.6094 33125.4023
   vertex 67546.5312 68429.4844 33320.4805
  endloop
 endfacet
facet normal -0.448558241 0.884340286 -0.129374504
  outer loop
   vertex 67655.5938 68464.0312 33178.4727
   vertex 67588.9375 68413.8125 33066.3047
   vertex 67546.5312 68429.4844 33320.4805
  endloop
 endfacet
facet normal -0.174445033 0.977940202 0.114899419
  outer loop
   vertex 67937.0312 68495.6016 33350.6133
   vertex 67751.9219 68480.1797 33200.8516
   vertex 67546.5312 68429.4844 33320.4805
  endloop
 endfacet
facet normal -0.186011657 0.977940142 0.0950404778
  outer loop
   vertex 67655.5938 68464.0312 33178.4727
   vertex 67546.5312 68429.4844 33320.4805
   vertex 67751.9219 68480.1797 33200.8516
  endloop
 endfacet
facet normal -0.165046081 0.985505998 0.0392130651
  outer loop
   vertex 67546.5312 68429.4844 33320.4805
   vertex 67321.2266 68386.6094 33449.6914
   vertex 67443.5312 68403.625 33536.8711
  endloop
 endfacet
facet normal 0.580155849 0.812939703 0.0504798964
  outer loop
   vertex 68208.2656 68293.3672 34050.1836
   vertex 68094.2109 68376.2031 34027.0391
   vertex 68114.2031 68358.4531 34083.0078
  endloop
 endfacet
facet normal -0.230937466 0.931578755 0.280764788
  outer loop
   vertex 67381.1953 68331.0547 33726.3906
   vertex 67733.375 68452.5859 33612.8242
   vertex 67443.5312 68403.625 33536.8711
  endloop
 endfacet
facet normal -0.175170496 0.983943641 0.0342075452
  outer loop
   vertex 67546.5312 68429.4844 33320.4805
   vertex 67443.5312 68403.625 33536.8711
   vertex 67733.375 68452.5859 33612.8242
  endloop
 endfacet
facet normal -0.169130832 0.985129178 0.0302537549
  outer loop
   vertex 67546.5312 68429.4844 33320.4805
   vertex 67733.375 68452.5859 33612.8242
   vertex 67937.0312 68495.6016 33350.6133
  endloop
 endfacet
facet normal -0.26576525 0.724546731 0.635925174
  outer loop
   vertex 67450.6094 68203.2969 33931.0391
   vertex 67706.9688 68253.4531 33981.0273
   vertex 67746.1406 68376.5781 33857.1133
  endloop
 endfacet
facet normal -0.336193293 0.719061017 0.608214855
  outer loop
   vertex 67940.7578 68314.5938 34037.9766
   vertex 67746.1406 68376.5781 33857.1133
   vertex 67706.9688 68253.4531 33981.0273
  endloop
 endfacet
facet normal -0.223223656 0.927388668 0.300202429
  outer loop
   vertex 67733.375 68452.5859 33612.8242
   vertex 67381.1953 68331.0547 33726.3906
   vertex 67746.1406 68376.5781 33857.1133
  endloop
 endfacet
facet normal -0.324739993 0.921368599 0.213597268
  outer loop
   vertex 67910.0078 68497 33689.7891
   vertex 67733.375 68452.5859 33612.8242
   vertex 67879.6016 68466.1328 33776.7031
  endloop
 endfacet
facet normal -0.406116158 0.866329849 0.290761501
  outer loop
   vertex 67746.1406 68376.5781 33857.1133
   vertex 67879.6016 68466.1328 33776.7031
   vertex 67733.375 68452.5859 33612.8242
  endloop
 endfacet
facet normal -0.0304333977 0.0649441555 0.997424722
  outer loop
   vertex 67148.4375 67956.75 34034.1094
   vertex 67418.25 67818.1406 34051.3672
   vertex 67690.7344 68068.9375 34043.3516
  endloop
 endfacet
facet normal -0.118708521 0.503302634 0.855917454
  outer loop
   vertex 67450.6094 68203.2969 33931.0391
   vertex 67148.4375 67956.75 34034.1094
   vertex 67690.7344 68068.9375 34043.3516
  endloop
 endfacet
facet normal -0.303792715 0.328757942 0.894219339
  outer loop
   vertex 67940.7578 68314.5938 34037.9766
   vertex 67706.9688 68253.4531 33981.0273
   vertex 67690.7344 68068.9375 34043.3516
  endloop
 endfacet
facet normal -0.242400154 0.329529464 0.912497938
  outer loop
   vertex 67706.9688 68253.4531 33981.0273
   vertex 67450.6094 68203.2969 33931.0391
   vertex 67690.7344 68068.9375 34043.3516
  endloop
 endfacet
facet normal -0.220992863 0.824778736 0.520482659
  outer loop
   vertex 67746.1406 68376.5781 33857.1133
   vertex 67940.7578 68314.5938 34037.9766
   vertex 67997.5781 68433.7422 33873.2891
  endloop
 endfacet
facet normal -0.157411665 0.442587703 0.882801056
  outer loop
   vertex 67876.0312 68444.6797 33846.1328
   vertex 67746.1406 68376.5781 33857.1133
   vertex 67997.5781 68433.7422 33873.2891
  endloop
 endfacet
facet normal -0.13109073 -0.0785549134 0.988253176
  outer loop
   vertex 67928.375 68199.0469 34085.2148
   vertex 67690.7344 68068.9375 34043.3516
   vertex 68001.4062 68124.8906 34089.0078
  endloop
 endfacet
facet normal -0.360824317 0.385815799 0.849088907
  outer loop
   vertex 67940.7578 68314.5938 34037.9766
   vertex 67690.7344 68068.9375 34043.3516
   vertex 67928.375 68199.0469 34085.2148
  endloop
 endfacet
facet normal -0.0575607195 0.998057663 -0.0238267574
  outer loop
   vertex 68141.5312 68511.6719 33529.6445
   vertex 67937.0312 68495.6016 33350.6133
   vertex 68011.7812 68506.0703 33608.5469
  endloop
 endfacet
facet normal -0.0363040417 0.998181641 -0.0481187217
  outer loop
   vertex 68141.5312 68511.6719 33529.6445
   vertex 68246.0391 68506.4844 33343.2227
   vertex 67937.0312 68495.6016 33350.6133
  endloop
 endfacet
facet normal -0.433767945 0.866926193 0.245528623
  outer loop
   vertex 67876.0312 68444.6797 33846.1328
   vertex 67879.6016 68466.1328 33776.7031
   vertex 67746.1406 68376.5781 33857.1133
  endloop
 endfacet
facet normal -0.0624765195 0.920763671 0.385085583
  outer loop
   vertex 67879.6016 68466.1328 33776.7031
   vertex 67997.5781 68433.7422 33873.2891
   vertex 68003.3594 68492.1016 33734.6836
  endloop
 endfacet
facet normal 0.0197654851 0.954953849 0.296095371
  outer loop
   vertex 67879.6016 68466.1328 33776.7031
   vertex 67876.0312 68444.6797 33846.1328
   vertex 67997.5781 68433.7422 33873.2891
  endloop
 endfacet
facet normal 0.263148814 -0.103440918 0.959193766
  outer loop
   vertex 68073.0156 68337.25 34092.0195
   vertex 68208.2656 68293.3672 34050.1836
   vertex 68114.2031 68358.4531 34083.0078
  endloop
 endfacet
facet normal 0.151080653 0.343739867 0.92683202
  outer loop
   vertex 68053.7344 68365.1016 34084.8359
   vertex 68025.875 68357.3203 34092.2617
   vertex 68073.0156 68337.25 34092.0195
  endloop
 endfacet
facet normal -0.167775437 0.706856132 0.687172353
  outer loop
   vertex 68208.2656 68293.3672 34050.1836
   vertex 68265.875 68386.1562 33968.8047
   vertex 68211.0312 68404.4297 33936.6133
  endloop
 endfacet
facet normal 0.349572837 0.665575445 0.659399807
  outer loop
   vertex 68208.2656 68293.3672 34050.1836
   vertex 68211.0312 68404.4297 33936.6133
   vertex 68094.2109 68376.2031 34027.0391
  endloop
 endfacet
facet normal -0.231779143 -0.554115772 0.799521208
  outer loop
   vertex 68025.875 68357.3203 34092.2617
   vertex 67940.7578 68314.5938 34037.9766
   vertex 68073.0156 68337.25 34092.0195
  endloop
 endfacet
facet normal -0.199032277 0.389066875 0.899451554
  outer loop
   vertex 67940.7578 68314.5938 34037.9766
   vertex 67928.375 68199.0469 34085.2148
   vertex 68064.1328 68250.5469 34092.9805
  endloop
 endfacet
facet normal -0.385086507 0.0496330597 0.92154485
  outer loop
   vertex 68073.0156 68337.25 34092.0195
   vertex 67940.7578 68314.5938 34037.9766
   vertex 68064.1328 68250.5469 34092.9805
  endloop
 endfacet
facet normal 0.0605858564 0.288508981 0.955558419
  outer loop
   vertex 68053.7344 68365.1016 34084.8359
   vertex 68073.0156 68337.25 34092.0195
   vertex 68114.2031 68358.4531 34083.0078
  endloop
 endfacet
facet normal 0.187316582 0.902504325 0.387812376
  outer loop
   vertex 68003.3594 68492.1016 33734.6836
   vertex 67997.5781 68433.7422 33873.2891
   vertex 68194.8281 68473.5391 33685.4023
  endloop
 endfacet
facet normal 0.0547319762 0.963630915 0.261572003
  outer loop
   vertex 68211.0312 68404.4297 33936.6133
   vertex 68194.8281 68473.5391 33685.4023
   vertex 67997.5781 68433.7422 33873.2891
  endloop
 endfacet
facet normal 0.110664003 0.873057187 -0.474894345
  outer loop
   vertex 68211.0312 68404.4297 33936.6133
   vertex 68268.0547 68413.4453 33966.4648
   vertex 68275.3203 68403.1953 33949.3203
  endloop
 endfacet
facet normal 0.113212124 0.958050668 0.263290673
  outer loop
   vertex 68053.7344 68365.1016 34084.8359
   vertex 68114.2031 68358.4531 34083.0078
   vertex 68094.2109 68376.2031 34027.0391
  endloop
 endfacet
facet normal 0.606467307 0.205657914 0.768050969
  outer loop
   vertex 68301.4766 68475.75 33600.5977
   vertex 68273.7891 68493.9609 33617.582
   vertex 68194.8281 68473.5391 33685.4023
  endloop
 endfacet
facet normal -0.894934773 -0.156701669 0.417775482
  outer loop
   vertex 68262.0391 68165.4688 34076.3398
   vertex 68258.8047 68227.8125 34092.793
   vertex 68256.1016 68211.3203 34080.8203
  endloop
 endfacet
facet normal 0.890782595 0.229809225 0.392038405
  outer loop
   vertex 68382.3359 68224.125 33738.3359
   vertex 68291.5078 68353.6406 33868.7891
   vertex 68284.5859 68173.7656 33989.9609
  endloop
 endfacet
facet normal 0.937651515 -0.178411081 0.29829371
  outer loop
   vertex 68291.5078 68353.6406 33868.7891
   vertex 68275.3203 68403.1953 33949.3203
   vertex 68265.875 68386.1562 33968.8047
  endloop
 endfacet
facet normal 0.770091355 0.199853167 -0.605820119
  outer loop
   vertex 68208.2656 68293.3672 34050.1836
   vertex 68258.8047 68227.8125 34092.793
   vertex 68262.0391 68165.4688 34076.3398
  endloop
 endfacet
facet normal -0.47479099 0.11263971 0.87286073
  outer loop
   vertex 68265.875 68386.1562 33968.8047
   vertex 68268.0547 68413.4453 33966.4648
   vertex 68211.0312 68404.4297 33936.6133
  endloop
 endfacet
facet normal 0.911814034 -0.0376757421 0.408871233
  outer loop
   vertex 68275.3203 68403.1953 33949.3203
   vertex 68268.0547 68413.4453 33966.4648
   vertex 68265.875 68386.1562 33968.8047
  endloop
 endfacet
facet normal 0.0304533895 0.942252755 0.333515167
  outer loop
   vertex 67997.5781 68433.7422 33873.2891
   vertex 68094.2109 68376.2031 34027.0391
   vertex 68211.0312 68404.4297 33936.6133
  endloop
 endfacet
facet normal 0.517955303 0.815003574 0.259791255
  outer loop
   vertex 68291.5078 68353.6406 33868.7891
   vertex 68400.3438 68394.3828 33523.9883
   vertex 68194.8281 68473.5391 33685.4023
  endloop
 endfacet
facet normal 0.153293416 0.986447871 0.0584955253
  outer loop
   vertex 68246.0391 68506.4844 33343.2227
   vertex 68141.5312 68511.6719 33529.6445
   vertex 68285.7891 68488.8125 33537.0625
  endloop
 endfacet
facet normal 0.622034907 0.0188032147 0.78276366
  outer loop
   vertex 68400.3438 68394.3828 33523.9883
   vertex 68301.4766 68475.75 33600.5977
   vertex 68194.8281 68473.5391 33685.4023
  endloop
 endfacet
facet normal 0.636176586 0.771541893 0.00155536248
  outer loop
   vertex 68301.4766 68475.75 33600.5977
   vertex 68400.3438 68394.3828 33523.9883
   vertex 68285.7891 68488.8125 33537.0625
  endloop
 endfacet
facet normal 0.622391403 0.709166288 0.331228167
  outer loop
   vertex 68366.2188 68479.9688 33404.8672
   vertex 68285.7891 68488.8125 33537.0625
   vertex 68400.3438 68394.3828 33523.9883
  endloop
 endfacet
facet normal 0.562422633 0.826267898 0.0310188681
  outer loop
   vertex 68273.7891 68493.9609 33617.582
   vertex 68301.4766 68475.75 33600.5977
   vertex 68285.7891 68488.8125 33537.0625
  endloop
 endfacet
facet normal 0.144229442 0.971433818 0.188452229
  outer loop
   vertex 68194.8281 68473.5391 33685.4023
   vertex 68285.7891 68488.8125 33537.0625
   vertex 68141.5312 68511.6719 33529.6445
  endloop
 endfacet
facet normal 0.452284962 0.889643729 0.0630262569
  outer loop
   vertex 68124.9531 68514.0078 33615.625
   vertex 68194.8281 68473.5391 33685.4023
   vertex 68141.5312 68511.6719 33529.6445
  endloop
 endfacet
facet normal 0.447353482 0.878086388 0.169821098
  outer loop
   vertex 68459.1953 68455.0859 33288.5977
   vertex 68379.9219 68494.4297 33294.0039
   vertex 68366.2188 68479.9688 33404.8672
  endloop
 endfacet
facet normal 0.613182604 0.714216113 0.337494433
  outer loop
   vertex 68400.3438 68394.3828 33523.9883
   vertex 68459.1953 68455.0859 33288.5977
   vertex 68366.2188 68479.9688 33404.8672
  endloop
 endfacet
facet normal -0.336192399 0.935363948 -0.109858602
  outer loop
   vertex 68273.7891 68493.9609 33617.582
   vertex 68285.7891 68488.8125 33537.0625
   vertex 68194.8281 68473.5391 33685.4023
  endloop
 endfacet
facet normal -0.0928848386 0.818122566 0.567492604
  outer loop
   vertex 68194.8281 68473.5391 33685.4023
   vertex 68124.9531 68514.0078 33615.625
   vertex 68011.7812 68506.0703 33608.5469
  endloop
 endfacet
facet normal 0.125736013 0.985083997 0.117473386
  outer loop
   vertex 68003.3594 68492.1016 33734.6836
   vertex 68194.8281 68473.5391 33685.4023
   vertex 68011.7812 68506.0703 33608.5469
  endloop
 endfacet
facet normal -0.189010069 0.973590136 -0.128052503
  outer loop
   vertex 67733.375 68452.5859 33612.8242
   vertex 67910.0078 68497 33689.7891
   vertex 68011.7812 68506.0703 33608.5469
  endloop
 endfacet
facet normal -0.188425764 0.981976688 0.0147500923
  outer loop
   vertex 67937.0312 68495.6016 33350.6133
   vertex 67733.375 68452.5859 33612.8242
   vertex 68011.7812 68506.0703 33608.5469
  endloop
 endfacet
facet normal -0.0674144477 0.99691844 -0.0401117243
  outer loop
   vertex 68141.5312 68511.6719 33529.6445
   vertex 68011.7812 68506.0703 33608.5469
   vertex 68124.9531 68514.0078 33615.625
  endloop
 endfacet
facet normal 0.642459035 -0.673556566 0.365469575
  outer loop
   vertex 68438.6016 67597.1484 33010.8164
   vertex 68404.5078 67724.9141 33306.2266
   vertex 68166.0547 67527.3047 33361.2148
  endloop
 endfacet
facet normal 0.830965519 0.23244895 0.505434275
  outer loop
   vertex 68400.3438 68394.3828 33523.9883
   vertex 68522.2031 68147.4844 33437.1875
   vertex 68685.3359 68364.0625 33069.3867
  endloop
 endfacet
facet normal 0.614278436 0.71326077 0.33752203
  outer loop
   vertex 68400.3438 68394.3828 33523.9883
   vertex 68685.3359 68364.0625 33069.3867
   vertex 68459.1953 68455.0859 33288.5977
  endloop
 endfacet
facet normal 0.691350698 -0.229778573 0.685008049
  outer loop
   vertex 68901.6016 68156.5469 32915.8086
   vertex 68854.875 67961.7734 32897.6328
   vertex 68970.7734 68067.9453 32816.2734
  endloop
 endfacet
facet normal 0.0383635983 -0.13027367 0.99073559
  outer loop
   vertex 68192.25 68179.3438 34088.7773
   vertex 68001.4062 68124.8906 34089.0078
   vertex 68133.1172 68079.6562 34077.9609
  endloop
 endfacet
facet normal 0.867731929 0.419372201 0.26677385
  outer loop
   vertex 68262.0391 68165.4688 34076.3398
   vertex 68284.5859 68173.7656 33989.9609
   vertex 68208.2656 68293.3672 34050.1836
  endloop
 endfacet
facet normal -0.798131764 -0.262879878 0.542106926
  outer loop
   vertex 68208.2656 68293.3672 34050.1836
   vertex 68256.1016 68211.3203 34080.8203
   vertex 68258.8047 68227.8125 34092.793
  endloop
 endfacet
facet normal -0.0455678664 0.326021284 0.944263577
  outer loop
   vertex 68192.25 68179.3438 34088.7773
   vertex 68256.1016 68211.3203 34080.8203
   vertex 68208.2656 68293.3672 34050.1836
  endloop
 endfacet
facet normal 0.192107469 0.290329039 0.937445343
  outer loop
   vertex 68192.25 68179.3438 34088.7773
   vertex 68208.2656 68293.3672 34050.1836
   vertex 68064.1328 68250.5469 34092.9805
  endloop
 endfacet
facet normal 0.289811075 -0.0190760382 0.956893742
  outer loop
   vertex 68208.2656 68293.3672 34050.1836
   vertex 68073.0156 68337.25 34092.0195
   vertex 68064.1328 68250.5469 34092.9805
  endloop
 endfacet
facet normal -0.964411318 0.107924573 -0.241377383
  outer loop
   vertex 68262.0391 68165.4688 34076.3398
   vertex 68284.5859 68173.7656 33989.9609
   vertex 68259.6562 68159.7812 34083.3008
  endloop
 endfacet
facet normal -0.960463822 -0.0989821106 -0.260214806
  outer loop
   vertex 68256.1016 68211.3203 34080.8203
   vertex 68284.5859 68173.7656 33989.9609
   vertex 68262.0391 68165.4688 34076.3398
  endloop
 endfacet
facet normal 0.288323879 0.932677865 0.216751799
  outer loop
   vertex 68284.5859 68173.7656 33989.9609
   vertex 68192.25 68179.3438 34088.7773
   vertex 68259.6562 68159.7812 34083.3008
  endloop
 endfacet
facet normal 0.443131506 -0.770873904 0.457589209
  outer loop
   vertex 68256.1016 68211.3203 34080.8203
   vertex 68192.25 68179.3438 34088.7773
   vertex 68284.5859 68173.7656 33989.9609
  endloop
 endfacet
facet normal 0.0119137578 -0.0375418775 0.999224007
  outer loop
   vertex 68064.1328 68250.5469 34092.9805
   vertex 68001.4062 68124.8906 34089.0078
   vertex 68192.25 68179.3438 34088.7773
  endloop
 endfacet
facet normal -0.0556850918 -0.00377174979 0.998441279
  outer loop
   vertex 68064.1328 68250.5469 34092.9805
   vertex 67928.375 68199.0469 34085.2148
   vertex 68001.4062 68124.8906 34089.0078
  endloop
 endfacet
facet normal 0.848982334 -0.512452185 -0.128925502
  outer loop
   vertex 68262.0391 68165.4688 34076.3398
   vertex 68259.6562 68159.7812 34083.3008
   vertex 68235.2344 68118.4531 34086.7422
  endloop
 endfacet
facet normal 0.974950731 0.0319945663 0.220107839
  outer loop
   vertex 68284.5859 68173.7656 33989.9609
   vertex 68297.5 68074.9297 33947.1094
   vertex 68332.9766 68025.625 33797.1289
  endloop
 endfacet
facet normal 0.93258518 -0.132416874 0.33578366
  outer loop
   vertex 68382.3359 68224.125 33738.3359
   vertex 68284.5859 68173.7656 33989.9609
   vertex 68332.9766 68025.625 33797.1289
  endloop
 endfacet
facet normal 0.893894672 -0.0923235342 0.43866694
  outer loop
   vertex 68522.2031 68147.4844 33437.1875
   vertex 68382.3359 68224.125 33738.3359
   vertex 68332.9766 68025.625 33797.1289
  endloop
 endfacet
facet normal 0.616326928 -0.694377303 0.371458292
  outer loop
   vertex 68579.5234 67769.0938 33098.4297
   vertex 68404.5078 67724.9141 33306.2266
   vertex 68438.6016 67597.1484 33010.8164
  endloop
 endfacet
facet normal 0.616440654 -0.683905542 0.390223235
  outer loop
   vertex 68166.0547 67527.3047 33361.2148
   vertex 68028.8516 67549.9844 33617.6953
   vertex 67936.7344 67386.5156 33476.7305
  endloop
 endfacet
facet normal 0.521190584 -0.779394209 0.347714007
  outer loop
   vertex 68166.0547 67527.3047 33361.2148
   vertex 68156.9141 67586.6719 33507.9805
   vertex 68028.8516 67549.9844 33617.6953
  endloop
 endfacet
facet normal 0.704500079 -0.564122379 0.430633873
  outer loop
   vertex 68282.875 67647.2969 33403.5352
   vertex 68404.5078 67724.9141 33306.2266
   vertex 68241.6016 67679.8438 33513.6875
  endloop
 endfacet
facet normal 0.937758207 -0.072545819 -0.339627296
  outer loop
   vertex 68262.0391 68165.4688 34076.3398
   vertex 68256.8281 68102.2734 34075.4648
   vertex 68220.2422 68028.8672 33990.1133
  endloop
 endfacet
facet normal 0.433805704 -0.0482138954 0.899715543
  outer loop
   vertex 68235.2344 68118.4531 34086.7422
   vertex 68256.8281 68102.2734 34075.4648
   vertex 68262.0391 68165.4688 34076.3398
  endloop
 endfacet
facet normal 0.827794909 -0.276347131 0.488249749
  outer loop
   vertex 68332.9766 68025.625 33797.1289
   vertex 68220.2422 68028.8672 33990.1133
   vertex 68262.2656 67955.6953 33877.4453
  endloop
 endfacet
facet normal 0.619489491 -0.690440834 0.373529434
  outer loop
   vertex 68297.5 68074.9297 33947.1094
   vertex 68220.2422 68028.8672 33990.1133
   vertex 68332.9766 68025.625 33797.1289
  endloop
 endfacet
facet normal 0.860595167 -0.339649111 0.379492402
  outer loop
   vertex 68332.9766 68025.625 33797.1289
   vertex 68319.7031 67912.2422 33725.7656
   vertex 68392.875 67893.8438 33543.3594
  endloop
 endfacet
facet normal 0.882759631 -0.298095405 0.363145411
  outer loop
   vertex 68522.2031 68147.4844 33437.1875
   vertex 68332.9766 68025.625 33797.1289
   vertex 68392.875 67893.8438 33543.3594
  endloop
 endfacet
facet normal 0.706560671 -0.559522629 0.433251053
  outer loop
   vertex 68241.6016 67679.8438 33513.6875
   vertex 68404.5078 67724.9141 33306.2266
   vertex 68392.875 67893.8438 33543.3594
  endloop
 endfacet
facet normal 0.896326423 -0.397837013 0.195766851
  outer loop
   vertex 68284.5859 68173.7656 33989.9609
   vertex 68262.0391 68165.4688 34076.3398
   vertex 68220.2422 68028.8672 33990.1133
  endloop
 endfacet
facet normal 0.582710981 -0.257971287 0.770648241
  outer loop
   vertex 68297.5 68074.9297 33947.1094
   vertex 68284.5859 68173.7656 33989.9609
   vertex 68220.2422 68028.8672 33990.1133
  endloop
 endfacet
facet normal 0.309987754 -0.656974375 0.687235236
  outer loop
   vertex 68133.1172 68079.6562 34077.9609
   vertex 67957.5938 67946.7188 34030.0508
   vertex 68220.2422 68028.8672 33990.1133
  endloop
 endfacet
facet normal 0.22267738 -0.731925368 0.643972039
  outer loop
   vertex 68133.1172 68079.6562 34077.9609
   vertex 68220.2422 68028.8672 33990.1133
   vertex 68235.2344 68118.4531 34086.7422
  endloop
 endfacet
facet normal -0.0870264471 -0.293605089 0.951957166
  outer loop
   vertex 68001.4062 68124.8906 34089.0078
   vertex 67690.7344 68068.9375 34043.3516
   vertex 67957.5938 67946.7188 34030.0508
  endloop
 endfacet
facet normal -0.0261002798 -0.308253407 0.950946152
  outer loop
   vertex 68133.1172 68079.6562 34077.9609
   vertex 68001.4062 68124.8906 34089.0078
   vertex 67957.5938 67946.7188 34030.0508
  endloop
 endfacet
facet normal 0.113475554 -0.0916699842 0.989302754
  outer loop
   vertex 67690.7344 68068.9375 34043.3516
   vertex 67418.25 67818.1406 34051.3672
   vertex 67648.6562 67754.1094 34019.0039
  endloop
 endfacet
facet normal 0.0135414507 -0.0788916647 0.996791244
  outer loop
   vertex 67690.7344 68068.9375 34043.3516
   vertex 67648.6562 67754.1094 34019.0039
   vertex 67957.5938 67946.7188 34030.0508
  endloop
 endfacet
facet normal 0.589241207 -0.639972091 0.49318409
  outer loop
   vertex 68182.3594 67821.3906 33786.4883
   vertex 67951.3984 67613.7969 33793.043
   vertex 68028.8516 67549.9844 33617.6953
  endloop
 endfacet
facet normal 0.82850951 -0.204182476 0.521422565
  outer loop
   vertex 68522.2031 68147.4844 33437.1875
   vertex 68392.875 67893.8438 33543.3594
   vertex 68649.9844 67937.0078 33151.7305
  endloop
 endfacet
facet normal 0.730085671 -0.539139986 0.419884503
  outer loop
   vertex 68404.5078 67724.9141 33306.2266
   vertex 68649.9844 67937.0078 33151.7305
   vertex 68392.875 67893.8438 33543.3594
  endloop
 endfacet
facet normal 0.723239124 -0.465437114 0.510189652
  outer loop
   vertex 68404.5078 67724.9141 33306.2266
   vertex 68579.5234 67769.0938 33098.4297
   vertex 68649.9844 67937.0078 33151.7305
  endloop
 endfacet
facet normal 0.768914819 -0.516867578 0.376321554
  outer loop
   vertex 68959.4766 67781.8125 32491.1465
   vertex 69073.4453 67954.75 32495.8047
   vertex 68947.1328 67930.3047 32720.3145
  endloop
 endfacet
facet normal 0.763760209 -0.513856947 0.390667856
  outer loop
   vertex 69074.6406 67844.6094 32348.5996
   vertex 69073.4453 67954.75 32495.8047
   vertex 68959.4766 67781.8125 32491.1465
  endloop
 endfacet
facet normal 0.565498054 -0.69204855 0.448643208
  outer loop
   vertex 68579.5234 67769.0938 33098.4297
   vertex 68438.6016 67597.1484 33010.8164
   vertex 68604.7734 67732.375 33009.9609
  endloop
 endfacet
facet normal 0.820022464 -0.44738555 0.356944472
  outer loop
   vertex 68658.9766 67817.3672 33046.3086
   vertex 68649.2812 67776.5859 33017.4727
   vertex 68702.5312 67766.0391 32881.9258
  endloop
 endfacet
facet normal 0.711759448 -0.571379006 0.408564031
  outer loop
   vertex 68854.4844 67772.7422 32661.3633
   vertex 68959.4766 67781.8125 32491.1465
   vertex 68947.1328 67930.3047 32720.3145
  endloop
 endfacet
facet normal 0.708482981 -0.228460163 0.667725861
  outer loop
   vertex 69047.2656 68012.4531 32642.1719
   vertex 69051.7422 68141.7422 32681.6562
   vertex 68947.1328 67930.3047 32720.3145
  endloop
 endfacet
facet normal 0.87117064 -0.372572511 0.319767773
  outer loop
   vertex 68970.7734 68067.9453 32816.2734
   vertex 68947.1328 67930.3047 32720.3145
   vertex 69051.7422 68141.7422 32681.6562
  endloop
 endfacet
facet normal 0.752253592 -0.458855242 0.47282809
  outer loop
   vertex 68854.875 67961.7734 32897.6328
   vertex 68947.1328 67930.3047 32720.3145
   vertex 68970.7734 68067.9453 32816.2734
  endloop
 endfacet
facet normal 0.794814944 -0.371902734 0.479538888
  outer loop
   vertex 68853.8984 67889.6953 32843.3555
   vertex 68947.1328 67930.3047 32720.3145
   vertex 68854.875 67961.7734 32897.6328
  endloop
 endfacet
facet normal 0.74291718 -0.566697657 0.3562693
  outer loop
   vertex 69073.4453 67954.75 32495.8047
   vertex 69047.2656 68012.4531 32642.1719
   vertex 68947.1328 67930.3047 32720.3145
  endloop
 endfacet
facet normal 0.744323552 -0.608942986 0.274173141
  outer loop
   vertex 68942.5859 67496.2891 31927.0332
   vertex 69076.3125 67652.9219 31911.8789
   vertex 68944.0234 67588.4297 32127.7773
  endloop
 endfacet
facet normal 0.804450512 -0.536468565 0.25507018
  outer loop
   vertex 69062.3516 67749.1328 32186.5254
   vertex 69074.6406 67844.6094 32348.5996
   vertex 69005.5859 67719.9609 32304.2188
  endloop
 endfacet
facet normal 0.653251171 -0.655930817 0.378176808
  outer loop
   vertex 69005.5859 67719.9609 32304.2188
   vertex 68959.4766 67781.8125 32491.1465
   vertex 68904.0469 67641.5156 32343.5508
  endloop
 endfacet
facet normal 0.752317369 -0.547325611 0.366678655
  outer loop
   vertex 69005.5859 67719.9609 32304.2188
   vertex 69074.6406 67844.6094 32348.5996
   vertex 68959.4766 67781.8125 32491.1465
  endloop
 endfacet
facet normal 0.609091341 -0.676360607 0.414178818
  outer loop
   vertex 68904.0469 67641.5156 32343.5508
   vertex 68959.4766 67781.8125 32491.1465
   vertex 68743.1016 67606.5469 32523.125
  endloop
 endfacet
facet normal 0.656210005 -0.712793708 0.247615859
  outer loop
   vertex 68702.5312 67766.0391 32881.9258
   vertex 68551.0156 67626.8906 32882.8945
   vertex 68474.5469 67505.4297 32735.9121
  endloop
 endfacet
facet normal 0.38564378 -0.91403985 0.12573798
  outer loop
   vertex 68011.7969 67008.7188 31854.3887
   vertex 68189.0078 67043.875 31566.3906
   vertex 68376.3125 67165.1641 31873.6113
  endloop
 endfacet
facet normal -0.406256616 0.609465301 -0.680813909
  outer loop
   vertex 67568.3281 67551.9141 31656.8047
   vertex 67477.7109 67613.5547 31766.0547
   vertex 67588.4688 67736.8516 31810.3398
  endloop
 endfacet
facet normal 0.494428486 -0.84027791 0.222426474
  outer loop
   vertex 67762.9922 66915.2266 32253.5488
   vertex 67897.6797 67019.9609 32349.7891
   vertex 67558.9531 66810.1328 32310.0742
  endloop
 endfacet
facet normal 0.596708953 -0.746512473 0.294376433
  outer loop
   vertex 67936.7344 67386.5156 33476.7305
   vertex 67783.9609 67247.1719 33433.0312
   vertex 67923.7734 67297.8047 33278.0391
  endloop
 endfacet
facet normal 0.54771471 -0.776696622 0.31104809
  outer loop
   vertex 67936.7344 67386.5156 33476.7305
   vertex 67923.7734 67297.8047 33278.0391
   vertex 68018.0234 67405.3516 33380.6172
  endloop
 endfacet
facet normal 0.106898062 -0.114503883 0.987654626
  outer loop
   vertex 67648.6562 67754.1094 34019.0039
   vertex 67418.25 67818.1406 34051.3672
   vertex 67402.9375 67614.9062 34029.4609
  endloop
 endfacet
facet normal 0.0921258777 -0.113562591 0.989250422
  outer loop
   vertex 67418.25 67818.1406 34051.3672
   vertex 67199.3828 67693.5938 34057.4492
   vertex 67402.9375 67614.9062 34029.4609
  endloop
 endfacet
facet normal 0.0625518709 -0.186916426 0.980382323
  outer loop
   vertex 67190.4453 67455.1094 34012.5508
   vertex 67402.9375 67614.9062 34029.4609
   vertex 67199.3828 67693.5938 34057.4492
  endloop
 endfacet
facet normal 0.371877491 -0.334147006 0.866055965
  outer loop
   vertex 67530.6328 67580.2109 34002.5859
   vertex 67636.1094 67563.8594 33950.9844
   vertex 67648.6562 67754.1094 34019.0039
  endloop
 endfacet
facet normal 0.617028236 -0.7189219 0.320042908
  outer loop
   vertex 68392.875 67893.8438 33543.3594
   vertex 68319.7031 67912.2422 33725.7656
   vertex 68182.3594 67821.3906 33786.4883
  endloop
 endfacet
facet normal 0.275774658 -0.475591183 0.835321128
  outer loop
   vertex 67957.5938 67946.7188 34030.0508
   vertex 68072.2891 67871.9141 33949.5938
   vertex 68220.2422 68028.8672 33990.1133
  endloop
 endfacet
facet normal 0.591191649 -0.671132982 0.447295129
  outer loop
   vertex 68649.2812 67776.5859 33017.4727
   vertex 68579.5234 67769.0938 33098.4297
   vertex 68604.7734 67732.375 33009.9609
  endloop
 endfacet
facet normal 0.312881559 -0.337969303 0.887627125
  outer loop
   vertex 67648.6562 67754.1094 34019.0039
   vertex 67636.1094 67563.8594 33950.9844
   vertex 67882.1094 67705.4062 33918.168
  endloop
 endfacet
facet normal 0.572766244 -0.498054385 0.651061177
  outer loop
   vertex 68853.8984 67889.6953 32843.3555
   vertex 68854.875 67961.7734 32897.6328
   vertex 68702.5312 67766.0391 32881.9258
  endloop
 endfacet
facet normal 0.670387805 -0.560781777 0.485905319
  outer loop
   vertex 68854.875 67961.7734 32897.6328
   vertex 68649.9844 67937.0078 33151.7305
   vertex 68702.5312 67766.0391 32881.9258
  endloop
 endfacet
facet normal 0.587662637 -0.712593913 0.383226454
  outer loop
   vertex 68854.4844 67772.7422 32661.3633
   vertex 68702.5312 67766.0391 32881.9258
   vertex 68743.1016 67606.5469 32523.125
  endloop
 endfacet
facet normal 0.929017961 -0.202863201 0.309470743
  outer loop
   vertex 68658.9766 67817.3672 33046.3086
   vertex 68702.5312 67766.0391 32881.9258
   vertex 68649.9844 67937.0078 33151.7305
  endloop
 endfacet
facet normal 0.608839393 -0.746446908 0.268573284
  outer loop
   vertex 68604.7734 67732.375 33009.9609
   vertex 68438.6016 67597.1484 33010.8164
   vertex 68702.5312 67766.0391 32881.9258
  endloop
 endfacet
facet normal 0.623939276 -0.67665714 0.390940994
  outer loop
   vertex 68551.0156 67626.8906 32882.8945
   vertex 68702.5312 67766.0391 32881.9258
   vertex 68438.6016 67597.1484 33010.8164
  endloop
 endfacet
facet normal 0.64398545 -0.70052731 0.307480335
  outer loop
   vertex 68649.2812 67776.5859 33017.4727
   vertex 68604.7734 67732.375 33009.9609
   vertex 68702.5312 67766.0391 32881.9258
  endloop
 endfacet
facet normal 0.683643878 -0.571708024 0.453630865
  outer loop
   vertex 68947.1328 67930.3047 32720.3145
   vertex 68702.5312 67766.0391 32881.9258
   vertex 68854.4844 67772.7422 32661.3633
  endloop
 endfacet
facet normal 0.649846494 -0.715560377 0.25626722
  outer loop
   vertex 68947.1328 67930.3047 32720.3145
   vertex 68853.8984 67889.6953 32843.3555
   vertex 68702.5312 67766.0391 32881.9258
  endloop
 endfacet
facet normal 0.541404307 -0.757450581 0.364897192
  outer loop
   vertex 68438.6016 67597.1484 33010.8164
   vertex 68281.1953 67417.8516 32872.1953
   vertex 68385.4922 67485.9453 32858.7891
  endloop
 endfacet
facet normal 0.581361353 -0.751513004 0.311844736
  outer loop
   vertex 68140.7109 67379.4922 33041.6484
   vertex 68281.1953 67417.8516 32872.1953
   vertex 68438.6016 67597.1484 33010.8164
  endloop
 endfacet
facet normal 0.570699453 -0.704447567 0.421966583
  outer loop
   vertex 68241.6016 67679.8438 33513.6875
   vertex 68166.0547 67527.3047 33361.2148
   vertex 68282.875 67647.2969 33403.5352
  endloop
 endfacet
facet normal 0.694987357 -0.650476575 0.306386679
  outer loop
   vertex 68241.6016 67679.8438 33513.6875
   vertex 68156.9141 67586.6719 33507.9805
   vertex 68166.0547 67527.3047 33361.2148
  endloop
 endfacet
facet normal 0.65162456 -0.719319701 0.240758404
  outer loop
   vertex 68282.875 67647.2969 33403.5352
   vertex 68166.0547 67527.3047 33361.2148
   vertex 68404.5078 67724.9141 33306.2266
  endloop
 endfacet
facet normal 0.441602528 -0.668229461 0.598712444
  outer loop
   vertex 68262.2656 67955.6953 33877.4453
   vertex 68220.2422 68028.8672 33990.1133
   vertex 68182.3594 67821.3906 33786.4883
  endloop
 endfacet
facet normal 0.528692901 -0.64176178 0.55554086
  outer loop
   vertex 68072.2891 67871.9141 33949.5938
   vertex 68182.3594 67821.3906 33786.4883
   vertex 68220.2422 68028.8672 33990.1133
  endloop
 endfacet
facet normal 0.26453802 -0.47251901 0.840681493
  outer loop
   vertex 67648.6562 67754.1094 34019.0039
   vertex 67882.1094 67705.4062 33918.168
   vertex 67957.5938 67946.7188 34030.0508
  endloop
 endfacet
facet normal 0.615630269 -0.636839867 0.464149028
  outer loop
   vertex 68241.6016 67679.8438 33513.6875
   vertex 68182.3594 67821.3906 33786.4883
   vertex 68028.8516 67549.9844 33617.6953
  endloop
 endfacet
facet normal 0.615610063 -0.591458142 0.520770133
  outer loop
   vertex 68156.9141 67586.6719 33507.9805
   vertex 68241.6016 67679.8438 33513.6875
   vertex 68028.8516 67549.9844 33617.6953
  endloop
 endfacet
facet normal 0.27701962 -0.474131614 0.835738778
  outer loop
   vertex 67957.5938 67946.7188 34030.0508
   vertex 67882.1094 67705.4062 33918.168
   vertex 68072.2891 67871.9141 33949.5938
  endloop
 endfacet
facet normal 0.599267483 -0.47553727 0.644005299
  outer loop
   vertex 68332.9766 68025.625 33797.1289
   vertex 68182.3594 67821.3906 33786.4883
   vertex 68319.7031 67912.2422 33725.7656
  endloop
 endfacet
facet normal 0.702455461 -0.557835698 0.442013234
  outer loop
   vertex 68392.875 67893.8438 33543.3594
   vertex 68182.3594 67821.3906 33786.4883
   vertex 68241.6016 67679.8438 33513.6875
  endloop
 endfacet
facet normal 0.499281883 -0.673213899 0.545436203
  outer loop
   vertex 67882.1094 67705.4062 33918.168
   vertex 68182.3594 67821.3906 33786.4883
   vertex 68072.2891 67871.9141 33949.5938
  endloop
 endfacet
facet normal 0.504172564 -0.53961128 0.674262345
  outer loop
   vertex 67882.1094 67705.4062 33918.168
   vertex 67951.3984 67613.7969 33793.043
   vertex 68182.3594 67821.3906 33786.4883
  endloop
 endfacet
facet normal 0.787230253 -0.589958549 0.179492265
  outer loop
   vertex 68332.9766 68025.625 33797.1289
   vertex 68262.2656 67955.6953 33877.4453
   vertex 68182.3594 67821.3906 33786.4883
  endloop
 endfacet
facet normal 0.543940485 -0.803681493 0.241298079
  outer loop
   vertex 67752.0469 67070.1562 32927.8047
   vertex 67868.9062 67167.8516 32989.75
   vertex 67689.2891 67051.6328 33007.5742
  endloop
 endfacet
facet normal 0.48215887 -0.707695603 0.516420186
  outer loop
   vertex 67672.5156 67400.2344 33793.3711
   vertex 67732.1562 67285.5312 33580.5
   vertex 67850.7422 67400.8203 33627.7773
  endloop
 endfacet
facet normal 0.599939167 -0.688901842 0.406801164
  outer loop
   vertex 67850.7422 67400.8203 33627.7773
   vertex 67936.7344 67386.5156 33476.7305
   vertex 68028.8516 67549.9844 33617.6953
  endloop
 endfacet
facet normal 0.498933315 -0.843279421 0.199863479
  outer loop
   vertex 67818.2891 67017.4609 32537.459
   vertex 67558.9531 66810.1328 32310.0742
   vertex 67897.6797 67019.9609 32349.7891
  endloop
 endfacet
facet normal 0.544967771 -0.807849526 0.224475607
  outer loop
   vertex 67736.7578 67127.0859 33163.875
   vertex 67689.2891 67051.6328 33007.5742
   vertex 67868.9062 67167.8516 32989.75
  endloop
 endfacet
facet normal 0.582496405 -0.75435859 0.302722722
  outer loop
   vertex 68438.6016 67597.1484 33010.8164
   vertex 68166.0547 67527.3047 33361.2148
   vertex 68140.7109 67379.4922 33041.6484
  endloop
 endfacet
facet normal 0.562490404 -0.776299715 0.284540415
  outer loop
   vertex 68385.4922 67485.9453 32858.7891
   vertex 68309.4297 67408.2188 32797.0859
   vertex 68474.5469 67505.4297 32735.9121
  endloop
 endfacet
facet normal 0.570521593 -0.753780723 0.32606706
  outer loop
   vertex 68551.0156 67626.8906 32882.8945
   vertex 68438.6016 67597.1484 33010.8164
   vertex 68474.5469 67505.4297 32735.9121
  endloop
 endfacet
facet normal 0.604037941 -0.728937984 0.3221609
  outer loop
   vertex 68385.4922 67485.9453 32858.7891
   vertex 68474.5469 67505.4297 32735.9121
   vertex 68438.6016 67597.1484 33010.8164
  endloop
 endfacet
facet normal 0.567072809 -0.785955846 0.246377289
  outer loop
   vertex 67923.7734 67297.8047 33278.0391
   vertex 67736.7578 67127.0859 33163.875
   vertex 67868.9062 67167.8516 32989.75
  endloop
 endfacet
facet normal 0.447966605 -0.870267928 0.204840571
  outer loop
   vertex 67278.2891 66781.4062 32824.9375
   vertex 67388.0312 66792.3203 32631.3125
   vertex 67443.4609 66885.4141 32905.5898
  endloop
 endfacet
facet normal 0.56893611 -0.785685301 0.242920369
  outer loop
   vertex 67736.7578 67127.0859 33163.875
   vertex 67923.7734 67297.8047 33278.0391
   vertex 67684.8281 67138.1797 33321.3789
  endloop
 endfacet
facet normal 0.63881284 -0.744586051 0.193674341
  outer loop
   vertex 68166.0547 67527.3047 33361.2148
   vertex 68018.0234 67405.3516 33380.6172
   vertex 67923.7734 67297.8047 33278.0391
  endloop
 endfacet
facet normal 0.601531982 -0.742157519 0.295569807
  outer loop
   vertex 68166.0547 67527.3047 33361.2148
   vertex 67923.7734 67297.8047 33278.0391
   vertex 68140.7109 67379.4922 33041.6484
  endloop
 endfacet
facet normal 0.414787531 -0.80896306 -0.416569412
  outer loop
   vertex 67494.3203 67275.0312 33848.75
   vertex 67448.3984 67245.6875 33860.0117
   vertex 67350.2344 67214.1562 33823.5039
  endloop
 endfacet
facet normal 0.565521657 -0.786853373 0.247077078
  outer loop
   vertex 67868.9062 67167.8516 32989.75
   vertex 68140.7109 67379.4922 33041.6484
   vertex 67923.7734 67297.8047 33278.0391
  endloop
 endfacet
facet normal 0.496984243 -0.830912471 0.250182122
  outer loop
   vertex 67489.375 66985.6953 33185.7031
   vertex 67689.2891 67051.6328 33007.5742
   vertex 67736.7578 67127.0859 33163.875
  endloop
 endfacet
facet normal 0.498952776 -0.828827143 0.253163338
  outer loop
   vertex 67489.375 66985.6953 33185.7031
   vertex 67579.7188 66975.1797 32973.2188
   vertex 67689.2891 67051.6328 33007.5742
  endloop
 endfacet
facet normal 0.559038997 -0.80513972 0.19805406
  outer loop
   vertex 68118.8516 67252.5469 32702.1914
   vertex 68309.4297 67408.2188 32797.0859
   vertex 68245.2031 67363.1406 32795.1562
  endloop
 endfacet
facet normal 0.498464733 -0.837645113 0.223346308
  outer loop
   vertex 67736.7578 67127.0859 33163.875
   vertex 67684.8281 67138.1797 33321.3789
   vertex 67489.375 66985.6953 33185.7031
  endloop
 endfacet
facet normal -0.0476251021 -0.416102767 0.908069551
  outer loop
   vertex 67190.4453 67455.1094 34012.5508
   vertex 67240.5234 67308.1953 33947.8594
   vertex 67286.7188 67382.375 33984.2734
  endloop
 endfacet
facet normal 0.568616807 -0.78119266 0.257707208
  outer loop
   vertex 67923.7734 67297.8047 33278.0391
   vertex 67783.9609 67247.1719 33433.0312
   vertex 67684.8281 67138.1797 33321.3789
  endloop
 endfacet
facet normal 0.55856508 -0.733401895 0.387461841
  outer loop
   vertex 67936.7344 67386.5156 33476.7305
   vertex 67850.7422 67400.8203 33627.7773
   vertex 67732.1562 67285.5312 33580.5
  endloop
 endfacet
facet normal 0.558491111 -0.733676136 0.387049139
  outer loop
   vertex 67783.9609 67247.1719 33433.0312
   vertex 67936.7344 67386.5156 33476.7305
   vertex 67732.1562 67285.5312 33580.5
  endloop
 endfacet
facet normal 0.531807065 -0.790022075 0.305035114
  outer loop
   vertex 67534.0703 67049.6172 33354.832
   vertex 67684.8281 67138.1797 33321.3789
   vertex 67609.4688 67143.4219 33466.3438
  endloop
 endfacet
facet normal 0.529085994 -0.792358041 0.303705007
  outer loop
   vertex 67684.8281 67138.1797 33321.3789
   vertex 67783.9609 67247.1719 33433.0312
   vertex 67609.4688 67143.4219 33466.3438
  endloop
 endfacet
facet normal 0.44839105 -0.584502876 0.676240921
  outer loop
   vertex 67951.3984 67613.7969 33793.043
   vertex 67882.1094 67705.4062 33918.168
   vertex 67672.5156 67400.2344 33793.3711
  endloop
 endfacet
facet normal 0.531382143 -0.693164647 0.486986428
  outer loop
   vertex 68028.8516 67549.9844 33617.6953
   vertex 67951.3984 67613.7969 33793.043
   vertex 67672.5156 67400.2344 33793.3711
  endloop
 endfacet
facet normal 0.541699052 -0.607591391 0.580857038
  outer loop
   vertex 67850.7422 67400.8203 33627.7773
   vertex 68028.8516 67549.9844 33617.6953
   vertex 67672.5156 67400.2344 33793.3711
  endloop
 endfacet
facet normal 0.425101995 -0.577118516 0.69729656
  outer loop
   vertex 67882.1094 67705.4062 33918.168
   vertex 67636.1094 67563.8594 33950.9844
   vertex 67672.5156 67400.2344 33793.3711
  endloop
 endfacet
facet normal 0.323610306 -0.481957585 0.814243972
  outer loop
   vertex 67424.125 67415.2188 33947.2539
   vertex 67636.1094 67563.8594 33950.9844
   vertex 67530.6328 67580.2109 34002.5859
  endloop
 endfacet
facet normal 0.459433675 -0.418249816 0.783573747
  outer loop
   vertex 67483.0234 67297.0078 33867.1055
   vertex 67448.3984 67245.6875 33860.0117
   vertex 67494.3203 67275.0312 33848.75
  endloop
 endfacet
facet normal 0.475159347 -0.762694955 0.438771039
  outer loop
   vertex 67732.1562 67285.5312 33580.5
   vertex 67501.25 67169.9219 33629.6016
   vertex 67609.4688 67143.4219 33466.3438
  endloop
 endfacet
facet normal 0.468562454 -0.716208816 0.517198384
  outer loop
   vertex 67501.25 67169.9219 33629.6016
   vertex 67732.1562 67285.5312 33580.5
   vertex 67672.5156 67400.2344 33793.3711
  endloop
 endfacet
facet normal 0.508592129 -0.382709086 0.771276712
  outer loop
   vertex 67672.5156 67400.2344 33793.3711
   vertex 67483.0234 67297.0078 33867.1055
   vertex 67494.3203 67275.0312 33848.75
  endloop
 endfacet
facet normal 0.418783069 -0.772844434 0.476793706
  outer loop
   vertex 67226.9141 67028.3125 33630.5938
   vertex 67350.2344 67214.1562 33823.5039
   vertex 67143.3906 67054.5078 33746.4062
  endloop
 endfacet
facet normal 0.401429564 -0.774263561 0.489254802
  outer loop
   vertex 67226.9141 67028.3125 33630.5938
   vertex 67501.25 67169.9219 33629.6016
   vertex 67350.2344 67214.1562 33823.5039
  endloop
 endfacet
facet normal -0.382436454 0.131613702 0.91456008
  outer loop
   vertex 67483.0234 67297.0078 33867.1055
   vertex 67350.2344 67214.1562 33823.5039
   vertex 67448.3984 67245.6875 33860.0117
  endloop
 endfacet
facet normal 0.365967929 -0.877890646 0.308829278
  outer loop
   vertex 67542.4141 66561.1797 31491.5469
   vertex 67409.0625 66440.9297 31307.7402
   vertex 67544.8906 66512.5 31350.2383
  endloop
 endfacet
facet normal 0.400010526 -0.588122904 0.702924609
  outer loop
   vertex 67672.5156 67400.2344 33793.3711
   vertex 67636.1094 67563.8594 33950.9844
   vertex 67424.125 67415.2188 33947.2539
  endloop
 endfacet
facet normal 0.486944348 -0.310844988 0.81624788
  outer loop
   vertex 67483.0234 67297.0078 33867.1055
   vertex 67672.5156 67400.2344 33793.3711
   vertex 67424.125 67415.2188 33947.2539
  endloop
 endfacet
facet normal 0.375044584 -0.847912788 0.374680519
  outer loop
   vertex 67226.9141 67028.3125 33630.5938
   vertex 67170.5469 66938.4688 33483.6992
   vertex 67390.8047 67011.5312 33428.5586
  endloop
 endfacet
facet normal 0.418451637 -0.810929835 0.409012318
  outer loop
   vertex 67609.4688 67143.4219 33466.3438
   vertex 67501.25 67169.9219 33629.6016
   vertex 67390.8047 67011.5312 33428.5586
  endloop
 endfacet
facet normal 0.421903193 -0.813908994 0.39943698
  outer loop
   vertex 67534.0703 67049.6172 33354.832
   vertex 67609.4688 67143.4219 33466.3438
   vertex 67390.8047 67011.5312 33428.5586
  endloop
 endfacet
facet normal 0.107847176 -0.98303622 0.148353562
  outer loop
   vertex 67489.375 66985.6953 33185.7031
   vertex 67475.3047 67006.2031 33331.8242
   vertex 67390.8047 67011.5312 33428.5586
  endloop
 endfacet
facet normal 0.542406797 -0.823193312 0.167772397
  outer loop
   vertex 67489.375 66985.6953 33185.7031
   vertex 67534.0703 67049.6172 33354.832
   vertex 67475.3047 67006.2031 33331.8242
  endloop
 endfacet
facet normal 0.527290523 -0.831488967 0.174902216
  outer loop
   vertex 67684.8281 67138.1797 33321.3789
   vertex 67534.0703 67049.6172 33354.832
   vertex 67489.375 66985.6953 33185.7031
  endloop
 endfacet
facet normal 0.26529631 -0.0236128401 0.963877738
  outer loop
   vertex 67190.4453 67455.1094 34012.5508
   vertex 67286.7188 67382.375 33984.2734
   vertex 67424.125 67415.2188 33947.2539
  endloop
 endfacet
facet normal 0.194714934 -0.355645806 0.914112747
  outer loop
   vertex 67190.4453 67455.1094 34012.5508
   vertex 67424.125 67415.2188 33947.2539
   vertex 67402.9375 67614.9062 34029.4609
  endloop
 endfacet
facet normal 0.428130537 -0.801176548 0.418115288
  outer loop
   vertex 67475.3047 67006.2031 33331.8242
   vertex 67534.0703 67049.6172 33354.832
   vertex 67390.8047 67011.5312 33428.5586
  endloop
 endfacet
facet normal 0.451010168 -0.861193836 0.234382197
  outer loop
   vertex 67489.375 66985.6953 33185.7031
   vertex 67443.4609 66885.4141 32905.5898
   vertex 67579.7188 66975.1797 32973.2188
  endloop
 endfacet
facet normal 0.434842467 -0.857440889 0.275149375
  outer loop
   vertex 67184.1797 66648.8828 32399.8672
   vertex 67274.2031 66626.6875 32188.4277
   vertex 67558.9531 66810.1328 32310.0742
  endloop
 endfacet
facet normal 0.417614311 -0.899639845 0.127461538
  outer loop
   vertex 67379.0703 66747.0859 32454.4375
   vertex 67184.1797 66648.8828 32399.8672
   vertex 67558.9531 66810.1328 32310.0742
  endloop
 endfacet
facet normal 0.484184533 -0.863242269 0.142751947
  outer loop
   vertex 67762.9922 66915.2266 32253.5488
   vertex 67558.9531 66810.1328 32310.0742
   vertex 67826.0391 66921.9141 32080.1406
  endloop
 endfacet
facet normal 0.362236887 -0.898384631 0.248373717
  outer loop
   vertex 67274.2031 66626.6875 32188.4277
   vertex 67009.6328 66465.3516 31990.7188
   vertex 67337.9297 66609.8828 32034.6953
  endloop
 endfacet
facet normal 0.435300708 -0.857515812 0.274189651
  outer loop
   vertex 67558.9531 66810.1328 32310.0742
   vertex 67274.2031 66626.6875 32188.4277
   vertex 67337.9297 66609.8828 32034.6953
  endloop
 endfacet
facet normal -0.552848518 0.38059625 -0.741286039
  outer loop
   vertex 67731.1016 67486.5312 31492.8164
   vertex 67962.0859 67652.2188 31405.6172
   vertex 67843.5703 67248.7969 31286.8809
  endloop
 endfacet
facet normal 0.602585018 -0.787880301 -0.12702699
  outer loop
   vertex 67726.3984 66653.5312 31204.3672
   vertex 67599.3281 66548.4453 31253.373
   vertex 67692.8984 66650.3594 31065.1543
  endloop
 endfacet
facet normal 0.511516988 -0.853001237 -0.103630416
  outer loop
   vertex 67726.3984 66653.5312 31204.3672
   vertex 67692.8984 66650.3594 31065.1543
   vertex 67969.0625 66820.8438 31025.043
  endloop
 endfacet
facet normal 0.470003456 -0.849306107 0.240366146
  outer loop
   vertex 67481.5703 66666.3828 31953.4609
   vertex 67558.9531 66810.1328 32310.0742
   vertex 67337.9297 66609.8828 32034.6953
  endloop
 endfacet
facet normal 0.503097653 -0.846795022 0.172716409
  outer loop
   vertex 67558.9531 66810.1328 32310.0742
   vertex 67667.4531 66758.3203 31740.0098
   vertex 67826.0391 66921.9141 32080.1406
  endloop
 endfacet
facet normal 0.597878993 -0.780020237 0.184686676
  outer loop
   vertex 67481.5703 66666.3828 31953.4609
   vertex 67667.4531 66758.3203 31740.0098
   vertex 67558.9531 66810.1328 32310.0742
  endloop
 endfacet
facet normal 0.518706083 -0.831930101 0.197069257
  outer loop
   vertex 67689.2891 67051.6328 33007.5742
   vertex 67579.7188 66975.1797 32973.2188
   vertex 67680.2109 66987.9062 32762.4707
  endloop
 endfacet
facet normal 0.656982362 -0.747024715 0.101627767
  outer loop
   vertex 67633.4531 66592.0547 31353.3281
   vertex 67599.3281 66548.4453 31253.373
   vertex 67726.3984 66653.5312 31204.3672
  endloop
 endfacet
facet normal 0.531465232 -0.831608176 0.161160007
  outer loop
   vertex 67897.6797 67019.9609 32349.7891
   vertex 67762.9922 66915.2266 32253.5488
   vertex 67826.0391 66921.9141 32080.1406
  endloop
 endfacet
facet normal 0.478949159 -0.859932244 0.17642048
  outer loop
   vertex 67579.7188 66975.1797 32973.2188
   vertex 67443.4609 66885.4141 32905.5898
   vertex 67680.2109 66987.9062 32762.4707
  endloop
 endfacet
facet normal 0.573488951 -0.810044646 0.122221366
  outer loop
   vertex 67667.4531 66758.3203 31740.0098
   vertex 67847.9219 66903.0312 31852.2715
   vertex 67826.0391 66921.9141 32080.1406
  endloop
 endfacet
facet normal 0.502546489 -0.841087162 0.200048506
  outer loop
   vertex 67689.2891 67051.6328 33007.5742
   vertex 67680.2109 66987.9062 32762.4707
   vertex 67752.0469 67070.1562 32927.8047
  endloop
 endfacet
facet normal 0.485162944 -0.853190601 0.191527277
  outer loop
   vertex 67443.4609 66885.4141 32905.5898
   vertex 67388.0312 66792.3203 32631.3125
   vertex 67680.2109 66987.9062 32762.4707
  endloop
 endfacet
facet normal 0.50111711 -0.842695415 0.196840346
  outer loop
   vertex 67818.2891 67017.4609 32537.459
   vertex 67680.2109 66987.9062 32762.4707
   vertex 67558.9531 66810.1328 32310.0742
  endloop
 endfacet
facet normal 0.521653652 -0.832350314 0.18727085
  outer loop
   vertex 67545.6719 66861.625 32575.9297
   vertex 67558.9531 66810.1328 32310.0742
   vertex 67680.2109 66987.9062 32762.4707
  endloop
 endfacet
facet normal 0.461007595 -0.852922976 0.244937584
  outer loop
   vertex 67388.0312 66792.3203 32631.3125
   vertex 67545.6719 66861.625 32575.9297
   vertex 67680.2109 66987.9062 32762.4707
  endloop
 endfacet
facet normal 0.493981868 -0.827204883 0.267794728
  outer loop
   vertex 68442.2109 67297.1484 32245.502
   vertex 68489.4766 67279.5391 32103.9395
   vertex 68599.4219 67404.8516 32288.2148
  endloop
 endfacet
facet normal 0.653025329 -0.698440313 0.292812258
  outer loop
   vertex 69005.5859 67719.9609 32304.2188
   vertex 68904.0469 67641.5156 32343.5508
   vertex 68944.0234 67588.4297 32127.7773
  endloop
 endfacet
facet normal 0.555489182 -0.75378269 0.35106042
  outer loop
   vertex 68795.2031 67517.6406 32249.8027
   vertex 68904.0469 67641.5156 32343.5508
   vertex 68743.1016 67606.5469 32523.125
  endloop
 endfacet
facet normal 0.564281106 -0.764623284 0.311348826
  outer loop
   vertex 68599.4219 67404.8516 32288.2148
   vertex 68743.1016 67606.5469 32523.125
   vertex 68559.4453 67460.6484 32497.6797
  endloop
 endfacet
facet normal 0.596461415 -0.746770561 0.294223577
  outer loop
   vertex 68944.0234 67588.4297 32127.7773
   vertex 68904.0469 67641.5156 32343.5508
   vertex 68795.2031 67517.6406 32249.8027
  endloop
 endfacet
facet normal 0.547723055 -0.778756857 0.305838525
  outer loop
   vertex 68385.4922 67485.9453 32858.7891
   vertex 68281.1953 67417.8516 32872.1953
   vertex 68309.4297 67408.2188 32797.0859
  endloop
 endfacet
facet normal 0.439011037 -0.816579223 0.374790221
  outer loop
   vertex 68118.8516 67252.5469 32702.1914
   vertex 68245.2031 67363.1406 32795.1562
   vertex 68281.1953 67417.8516 32872.1953
  endloop
 endfacet
facet normal 0.541086495 -0.784087241 0.304027319
  outer loop
   vertex 68309.4297 67408.2188 32797.0859
   vertex 68281.1953 67417.8516 32872.1953
   vertex 68245.2031 67363.1406 32795.1562
  endloop
 endfacet
facet normal 0.576615095 -0.72038281 0.385439485
  outer loop
   vertex 68743.1016 67606.5469 32523.125
   vertex 68702.5312 67766.0391 32881.9258
   vertex 68474.5469 67505.4297 32735.9121
  endloop
 endfacet
facet normal 0.488294393 -0.809426486 0.326186001
  outer loop
   vertex 68474.5469 67505.4297 32735.9121
   vertex 68379.9922 67324.8594 32429.3516
   vertex 68559.4453 67460.6484 32497.6797
  endloop
 endfacet
facet normal 0.488353789 -0.837227941 0.246089414
  outer loop
   vertex 68118.8516 67252.5469 32702.1914
   vertex 67897.6797 67019.9609 32349.7891
   vertex 68144.8984 67168.1875 32363.5059
  endloop
 endfacet
facet normal 0.518119395 -0.779396653 0.352268547
  outer loop
   vertex 68795.2031 67517.6406 32249.8027
   vertex 68743.1016 67606.5469 32523.125
   vertex 68599.4219 67404.8516 32288.2148
  endloop
 endfacet
facet normal 0.751303434 -0.56863606 0.334956974
  outer loop
   vertex 69209.7891 67232.1953 31176.3828
   vertex 69162.1875 67152.2578 31147.4453
   vertex 69193.0547 67121.6875 31026.3125
  endloop
 endfacet
facet normal 0.469378352 -0.735193551 0.48905459
  outer loop
   vertex 69209.7891 67232.1953 31176.3828
   vertex 69193.0547 67121.6875 31026.3125
   vertex 69278.5078 67213.6797 31082.5918
  endloop
 endfacet
facet normal 0.536956072 -0.834920287 0.120773748
  outer loop
   vertex 67847.9219 66903.0312 31852.2715
   vertex 68011.7969 67008.7188 31854.3887
   vertex 67826.0391 66921.9141 32080.1406
  endloop
 endfacet
facet normal 0.542032123 -0.839711964 -0.0329392105
  outer loop
   vertex 67847.9219 66903.0312 31852.2715
   vertex 67898.8125 66937.0938 31821.3008
   vertex 68011.7969 67008.7188 31854.3887
  endloop
 endfacet
facet normal 0.495526046 -0.811152041 0.310622454
  outer loop
   vertex 68599.4219 67404.8516 32288.2148
   vertex 68559.4453 67460.6484 32497.6797
   vertex 68379.9922 67324.8594 32429.3516
  endloop
 endfacet
facet normal 0.486442447 -0.824568331 0.288895935
  outer loop
   vertex 68599.4219 67404.8516 32288.2148
   vertex 68379.9922 67324.8594 32429.3516
   vertex 68442.2109 67297.1484 32245.502
  endloop
 endfacet
facet normal 0.525991142 -0.822917163 0.214803785
  outer loop
   vertex 67680.2109 66987.9062 32762.4707
   vertex 68118.8516 67252.5469 32702.1914
   vertex 67868.9062 67167.8516 32989.75
  endloop
 endfacet
facet normal 0.59090519 -0.794745207 0.138604358
  outer loop
   vertex 67680.2109 66987.9062 32762.4707
   vertex 67868.9062 67167.8516 32989.75
   vertex 67752.0469 67070.1562 32927.8047
  endloop
 endfacet
facet normal 0.525992632 -0.82294333 0.214699969
  outer loop
   vertex 67818.2891 67017.4609 32537.459
   vertex 68118.8516 67252.5469 32702.1914
   vertex 67680.2109 66987.9062 32762.4707
  endloop
 endfacet
facet normal 0.537841916 -0.800413549 0.264696479
  outer loop
   vertex 68281.1953 67417.8516 32872.1953
   vertex 68140.7109 67379.4922 33041.6484
   vertex 68118.8516 67252.5469 32702.1914
  endloop
 endfacet
facet normal 0.562553585 -0.785614848 0.257570803
  outer loop
   vertex 67868.9062 67167.8516 32989.75
   vertex 68118.8516 67252.5469 32702.1914
   vertex 68140.7109 67379.4922 33041.6484
  endloop
 endfacet
facet normal 0.533432722 -0.790442348 0.301082104
  outer loop
   vertex 68379.9922 67324.8594 32429.3516
   vertex 68474.5469 67505.4297 32735.9121
   vertex 68118.8516 67252.5469 32702.1914
  endloop
 endfacet
facet normal 0.552914023 -0.805915475 0.211627752
  outer loop
   vertex 68309.4297 67408.2188 32797.0859
   vertex 68118.8516 67252.5469 32702.1914
   vertex 68474.5469 67505.4297 32735.9121
  endloop
 endfacet
facet normal 0.527279854 -0.822786629 0.2121277
  outer loop
   vertex 67818.2891 67017.4609 32537.459
   vertex 67897.6797 67019.9609 32349.7891
   vertex 68118.8516 67252.5469 32702.1914
  endloop
 endfacet
facet normal 0.488826513 -0.836960852 0.246059254
  outer loop
   vertex 68144.8984 67168.1875 32363.5059
   vertex 68379.9922 67324.8594 32429.3516
   vertex 68118.8516 67252.5469 32702.1914
  endloop
 endfacet
facet normal 0.431921721 -0.866019785 0.25189954
  outer loop
   vertex 68442.2109 67297.1484 32245.502
   vertex 68272.0469 67184.7344 32150.8047
   vertex 68489.4766 67279.5391 32103.9395
  endloop
 endfacet
facet normal 0.420089036 -0.865564883 0.272621691
  outer loop
   vertex 68379.9922 67324.8594 32429.3516
   vertex 68272.0469 67184.7344 32150.8047
   vertex 68442.2109 67297.1484 32245.502
  endloop
 endfacet
facet normal 0.498127222 -0.847654819 0.182621285
  outer loop
   vertex 68144.8984 67168.1875 32363.5059
   vertex 67897.6797 67019.9609 32349.7891
   vertex 68032.6016 67059.2969 32164.3848
  endloop
 endfacet
facet normal 0.463018924 -0.861158967 0.209806278
  outer loop
   vertex 68272.0469 67184.7344 32150.8047
   vertex 68144.8984 67168.1875 32363.5059
   vertex 68032.6016 67059.2969 32164.3848
  endloop
 endfacet
facet normal 0.493422031 -0.851292551 0.17842555
  outer loop
   vertex 68032.6016 67059.2969 32164.3848
   vertex 67897.6797 67019.9609 32349.7891
   vertex 67826.0391 66921.9141 32080.1406
  endloop
 endfacet
facet normal -0.400387555 0.518289983 -0.755688608
  outer loop
   vertex 67536.1562 67258.1953 31472.4043
   vertex 67334.2812 67492.2266 31739.8672
   vertex 67568.3281 67551.9141 31656.8047
  endloop
 endfacet
facet normal 0.267004132 -0.840981662 0.470593899
  outer loop
   vertex 68744.8672 67155.8203 31528.0957
   vertex 68551.1562 67135.2578 31601.2617
   vertex 68672.8828 67095.8906 31461.8516
  endloop
 endfacet
facet normal 0.429658711 -0.874923468 0.223388299
  outer loop
   vertex 68272.0469 67184.7344 32150.8047
   vertex 68376.3125 67165.1641 31873.6113
   vertex 68489.4766 67279.5391 32103.9395
  endloop
 endfacet
facet normal 0.466094702 -0.877629817 0.111900195
  outer loop
   vertex 68272.0469 67184.7344 32150.8047
   vertex 68032.6016 67059.2969 32164.3848
   vertex 68011.7969 67008.7188 31854.3887
  endloop
 endfacet
facet normal 0.124818958 -0.988250196 0.0882140771
  outer loop
   vertex 69015.1484 66861.5312 30702.7812
   vertex 68984.6094 66844.3594 30553.5625
   vertex 69070.2734 66862.2344 30632.6445
  endloop
 endfacet
facet normal 0.985593915 -0.0967735425 0.138706535
  outer loop
   vertex 69301.0469 67214.125 31030.7871
   vertex 69318.5625 67230.8516 30917.9492
   vertex 69304.4453 67314.25 31076.4492
  endloop
 endfacet
facet normal 0.920124054 -0.210101739 -0.330498129
  outer loop
   vertex 69267.7734 66999.3047 30607.2812
   vertex 69247.1562 67013.2422 30541.0117
   vertex 69307.2812 67114.8672 30643.793
  endloop
 endfacet
facet normal 0.806834221 -0.384303629 0.448697269
  outer loop
   vertex 69209.7891 67232.1953 31176.3828
   vertex 69304.4453 67314.25 31076.4492
   vertex 69249.5312 67391.8203 31241.6426
  endloop
 endfacet
facet normal 0.779964924 -0.164328098 0.603863358
  outer loop
   vertex 69278.5078 67213.6797 31082.5918
   vertex 69304.4453 67314.25 31076.4492
   vertex 69209.7891 67232.1953 31176.3828
  endloop
 endfacet
facet normal 0.0305201095 -0.790843964 0.611256361
  outer loop
   vertex 68331.8828 66925.5469 31170.6309
   vertex 68042.9219 66982.8984 31259.2559
   vertex 68110.3672 66899.8828 31148.4844
  endloop
 endfacet
facet normal -0.0649269521 -0.920948088 0.384238362
  outer loop
   vertex 68333.125 67018.4375 31393.4883
   vertex 68042.9219 66982.8984 31259.2559
   vertex 68331.8828 66925.5469 31170.6309
  endloop
 endfacet
facet normal 0.391882777 -0.784979701 0.479827791
  outer loop
   vertex 68898.3438 66948.7266 30984.0508
   vertex 69105 66947.0312 30812.5059
   vertex 69193.0547 67121.6875 31026.3125
  endloop
 endfacet
facet normal 0.0879176781 -0.960818946 0.262863964
  outer loop
   vertex 68593.0547 66873.4375 30984.4648
   vertex 68789.5234 66845.6875 30817.3086
   vertex 68764.125 66873.9219 30929.0059
  endloop
 endfacet
facet normal 0.650533199 -0.759390295 -0.0115272822
  outer loop
   vertex 69318.5625 67230.8516 30917.9492
   vertex 69301.0469 67214.125 31030.7871
   vertex 69193.0547 67121.6875 31026.3125
  endloop
 endfacet
facet normal 0.770535052 -0.519963622 0.368664563
  outer loop
   vertex 69272.1172 67094.8906 30823.2715
   vertex 69318.5625 67230.8516 30917.9492
   vertex 69193.0547 67121.6875 31026.3125
  endloop
 endfacet
facet normal -0.00540874805 -0.220717043 -0.975322902
  outer loop
   vertex 67969.0625 66820.8438 31025.043
   vertex 67692.8984 66650.3594 31065.1543
   vertex 67828.8203 66861.1328 31016.7012
  endloop
 endfacet
facet normal 0.376792043 -0.903214991 0.205500573
  outer loop
   vertex 68272.0469 67184.7344 32150.8047
   vertex 68011.7969 67008.7188 31854.3887
   vertex 68376.3125 67165.1641 31873.6113
  endloop
 endfacet
facet normal 0.320670128 -0.824052632 0.467020273
  outer loop
   vertex 69016.6016 67130.8359 31224.1816
   vertex 68710.4062 67001.9688 31207.0449
   vertex 68898.3438 66948.7266 30984.0508
  endloop
 endfacet
facet normal 0.204879478 -0.929243207 0.307459652
  outer loop
   vertex 68333.125 67018.4375 31393.4883
   vertex 68551.1562 67135.2578 31601.2617
   vertex 68189.0078 67043.875 31566.3906
  endloop
 endfacet
facet normal 0.293406546 -0.906510413 0.303564668
  outer loop
   vertex 69162.1875 67152.2578 31147.4453
   vertex 69016.6016 67130.8359 31224.1816
   vertex 69193.0547 67121.6875 31026.3125
  endloop
 endfacet
facet normal 0.355765641 -0.8852005 0.299751341
  outer loop
   vertex 68832.6016 67097.4688 31344.041
   vertex 68710.4062 67001.9688 31207.0449
   vertex 69016.6016 67130.8359 31224.1816
  endloop
 endfacet
facet normal 0.3189601 -0.887021959 0.333851039
  outer loop
   vertex 68714.4453 67063.0312 31365.4336
   vertex 68710.4062 67001.9688 31207.0449
   vertex 68832.6016 67097.4688 31344.041
  endloop
 endfacet
facet normal 0.487536699 -0.735860884 0.469911456
  outer loop
   vertex 68786.7578 67246.6562 31654.7676
   vertex 68902.1797 67208.0625 31474.5859
   vertex 68966.9609 67400.4375 31708.6172
  endloop
 endfacet
facet normal 0.533793509 -0.769969702 0.349587142
  outer loop
   vertex 68725.5156 67356.4375 31950.4453
   vertex 68942.5859 67496.2891 31927.0332
   vertex 68944.0234 67588.4297 32127.7773
  endloop
 endfacet
facet normal 0.59658289 -0.702553988 0.38795191
  outer loop
   vertex 69235.3438 67013.6641 30732.7305
   vertex 69272.1172 67094.8906 30823.2715
   vertex 69105 66947.0312 30812.5059
  endloop
 endfacet
facet normal 0.400362521 -0.829518795 -0.389369249
  outer loop
   vertex 68761.3984 66839.5234 30212.9121
   vertex 68722.0859 66854.0234 30141.5938
   vertex 68845.0938 66910.3672 30148.0352
  endloop
 endfacet
facet normal 0.431667596 -0.731906533 0.527234197
  outer loop
   vertex 68898.3438 66948.7266 30984.0508
   vertex 68950.4922 66887.2109 30855.959
   vertex 69105 66947.0312 30812.5059
  endloop
 endfacet
facet normal 0.915025711 -0.337871313 0.220388055
  outer loop
   vertex 67823.8359 66978.3359 31408.3652
   vertex 67754.5703 66745.9531 31339.709
   vertex 67838.7422 66862.4375 31168.7852
  endloop
 endfacet
facet normal 0.878514409 -0.385921478 0.281561852
  outer loop
   vertex 69126.7422 67524.2734 31618.7676
   vertex 69115.4531 67345.2812 31408.6562
   vertex 69213.3828 67561.9766 31400.1074
  endloop
 endfacet
facet normal 0.462924331 -0.83665818 0.292752653
  outer loop
   vertex 68599.4219 67404.8516 32288.2148
   vertex 68489.4766 67279.5391 32103.9395
   vertex 68725.5156 67356.4375 31950.4453
  endloop
 endfacet
facet normal 0.519563198 -0.796910763 0.308200181
  outer loop
   vertex 68599.4219 67404.8516 32288.2148
   vertex 68725.5156 67356.4375 31950.4453
   vertex 68795.2031 67517.6406 32249.8027
  endloop
 endfacet
facet normal 0.413770109 -0.799078941 0.436196208
  outer loop
   vertex 68902.1797 67208.0625 31474.5859
   vertex 68786.7578 67246.6562 31654.7676
   vertex 68744.8672 67155.8203 31528.0957
  endloop
 endfacet
facet normal 0.73098439 -0.591090798 0.340988994
  outer loop
   vertex 69076.3125 67652.9219 31911.8789
   vertex 68942.5859 67496.2891 31927.0332
   vertex 68966.9609 67400.4375 31708.6172
  endloop
 endfacet
facet normal 0.579499066 -0.700947642 0.415756136
  outer loop
   vertex 68902.1797 67208.0625 31474.5859
   vertex 69115.4531 67345.2812 31408.6562
   vertex 68966.9609 67400.4375 31708.6172
  endloop
 endfacet
facet normal 0.691342115 -0.567924023 0.446663618
  outer loop
   vertex 68966.9609 67400.4375 31708.6172
   vertex 69115.4531 67345.2812 31408.6562
   vertex 69126.7422 67524.2734 31618.7676
  endloop
 endfacet
facet normal 0.961146235 -0.048855111 0.271681994
  outer loop
   vertex 69249.5312 67391.8203 31241.6426
   vertex 69285.9375 67520.5703 31135.9922
   vertex 69213.3828 67561.9766 31400.1074
  endloop
 endfacet
facet normal 0.527728856 -0.754819334 0.389551133
  outer loop
   vertex 68725.5156 67356.4375 31950.4453
   vertex 68786.7578 67246.6562 31654.7676
   vertex 68966.9609 67400.4375 31708.6172
  endloop
 endfacet
facet normal 0.528083622 -0.75434339 0.389991969
  outer loop
   vertex 68942.5859 67496.2891 31927.0332
   vertex 68725.5156 67356.4375 31950.4453
   vertex 68966.9609 67400.4375 31708.6172
  endloop
 endfacet
facet normal 0.778750062 -0.330916971 0.532956183
  outer loop
   vertex 69249.5312 67391.8203 31241.6426
   vertex 69213.3828 67561.9766 31400.1074
   vertex 69115.4531 67345.2812 31408.6562
  endloop
 endfacet
facet normal 0.766524613 -0.397157639 0.504683912
  outer loop
   vertex 69209.7891 67232.1953 31176.3828
   vertex 69249.5312 67391.8203 31241.6426
   vertex 69115.4531 67345.2812 31408.6562
  endloop
 endfacet
facet normal 0.947947204 -0.00682390947 0.318354428
  outer loop
   vertex 69249.5312 67391.8203 31241.6426
   vertex 69304.4453 67314.25 31076.4492
   vertex 69285.9375 67520.5703 31135.9922
  endloop
 endfacet
facet normal 0.896603048 -0.327540815 0.298026919
  outer loop
   vertex 69168.6953 67674.3594 31657.5156
   vertex 69076.3125 67652.9219 31911.8789
   vertex 69126.7422 67524.2734 31618.7676
  endloop
 endfacet
facet normal 0.690897882 -0.610702038 0.386914909
  outer loop
   vertex 68966.9609 67400.4375 31708.6172
   vertex 69126.7422 67524.2734 31618.7676
   vertex 69076.3125 67652.9219 31911.8789
  endloop
 endfacet
facet normal 0.993319809 0.0118514961 0.114783823
  outer loop
   vertex 69146.2422 67857.0938 31832.8965
   vertex 69168.6953 67674.3594 31657.5156
   vertex 69183.0312 67775.6484 31522.9805
  endloop
 endfacet
facet normal 0.956750095 0.28845045 0.0377570279
  outer loop
   vertex 69125.3672 67947.7266 31669.4492
   vertex 69146.2422 67857.0938 31832.8965
   vertex 69183.0312 67775.6484 31522.9805
  endloop
 endfacet
facet normal 0.900930762 0.413629472 -0.13127993
  outer loop
   vertex 69110.4375 67886.9453 31375.4688
   vertex 69125.3672 67947.7266 31669.4492
   vertex 69183.0312 67775.6484 31522.9805
  endloop
 endfacet
facet normal 0.929226398 0.281985193 -0.238794163
  outer loop
   vertex 69215.0781 67642.0625 30856.668
   vertex 69255.6562 67618.0625 30986.2422
   vertex 69224.2422 67504.75 30730.1953
  endloop
 endfacet
facet normal 0.931381345 -0.335166514 -0.142099142
  outer loop
   vertex 69327.2812 67233.2578 30495.6328
   vertex 69348.3359 67246.4688 30602.5098
   vertex 69307.2812 67114.8672 30643.793
  endloop
 endfacet
facet normal 0.993494511 0.0614703521 0.0958650559
  outer loop
   vertex 69312.2734 67416.9766 30929.459
   vertex 69285.9375 67520.5703 31135.9922
   vertex 69304.4453 67314.25 31076.4492
  endloop
 endfacet
facet normal 0.992555737 0.0628134236 0.104343496
  outer loop
   vertex 69318.5625 67230.8516 30917.9492
   vertex 69335.9297 67180.875 30782.8691
   vertex 69333.9141 67291.9219 30735.1914
  endloop
 endfacet
facet normal 0.995284557 0.0278892461 0.0929021612
  outer loop
   vertex 69312.2734 67416.9766 30929.459
   vertex 69318.5625 67230.8516 30917.9492
   vertex 69333.9141 67291.9219 30735.1914
  endloop
 endfacet
facet normal 0.946039438 0.235107183 0.223011211
  outer loop
   vertex 69221.9297 67703.1094 31215.0957
   vertex 69213.3828 67561.9766 31400.1074
   vertex 69285.9375 67520.5703 31135.9922
  endloop
 endfacet
facet normal 0.84800458 0.529694319 -0.0176663604
  outer loop
   vertex 69221.9297 67703.1094 31215.0957
   vertex 69110.4375 67886.9453 31375.4688
   vertex 69183.0312 67775.6484 31522.9805
  endloop
 endfacet
facet normal 0.855597973 0.517638981 0.00143156003
  outer loop
   vertex 69221.9297 67703.1094 31215.0957
   vertex 69151.9688 67818.8281 31186.7109
   vertex 69110.4375 67886.9453 31375.4688
  endloop
 endfacet
facet normal 0.987543881 0.0556766354 0.147163928
  outer loop
   vertex 69213.3828 67561.9766 31400.1074
   vertex 69183.0312 67775.6484 31522.9805
   vertex 69168.6953 67674.3594 31657.5156
  endloop
 endfacet
facet normal 0.896350086 -0.327638596 0.29867959
  outer loop
   vertex 69213.3828 67561.9766 31400.1074
   vertex 69168.6953 67674.3594 31657.5156
   vertex 69126.7422 67524.2734 31618.7676
  endloop
 endfacet
facet normal -0.205477953 0.921160042 0.330519348
  outer loop
   vertex 68572.7891 67599.2109 30432.1328
   vertex 68646.7812 67627.2109 30400.0918
   vertex 68622.6172 67627.1406 30385.2715
  endloop
 endfacet
facet normal -0.566054463 0.636359453 -0.524050534
  outer loop
   vertex 67848.1016 67970.4375 31873.125
   vertex 67890.4531 67809.375 31631.7969
   vertex 67762.3047 67706.0938 31644.8008
  endloop
 endfacet
facet normal -0.441722572 0.655587018 -0.612443328
  outer loop
   vertex 67848.1016 67970.4375 31873.125
   vertex 67588.4688 67736.8516 31810.3398
   vertex 67579.0156 67867.6094 31957.1289
  endloop
 endfacet
facet normal -0.619979739 0.634331048 -0.46178925
  outer loop
   vertex 67962.0859 67652.2188 31405.6172
   vertex 68183.4688 67671.3516 31134.6816
   vertex 68046.5703 67604.6875 31226.8984
  endloop
 endfacet
facet normal -0.599335015 0.511443496 -0.615810931
  outer loop
   vertex 67762.3047 67706.0938 31644.8008
   vertex 67962.0859 67652.2188 31405.6172
   vertex 67731.1016 67486.5312 31492.8164
  endloop
 endfacet
facet normal -0.542762578 0.599363625 -0.588363826
  outer loop
   vertex 67762.3047 67706.0938 31644.8008
   vertex 67890.4531 67809.375 31631.7969
   vertex 67962.0859 67652.2188 31405.6172
  endloop
 endfacet
facet normal -0.435297161 0.643442273 -0.62968117
  outer loop
   vertex 67433.2578 67659.5312 31838.625
   vertex 67467.8203 67758.9453 31916.3203
   vertex 67588.4688 67736.8516 31810.3398
  endloop
 endfacet
facet normal -0.421513766 0.66347295 -0.618166447
  outer loop
   vertex 67579.0156 67867.6094 31957.1289
   vertex 67588.4688 67736.8516 31810.3398
   vertex 67467.8203 67758.9453 31916.3203
  endloop
 endfacet
facet normal -0.599697709 0.415255189 -0.684050977
  outer loop
   vertex 68371.4766 67489.2734 30446.502
   vertex 68195.0703 67303.2188 30488.2109
   vertex 68253.1953 67439.3984 30519.9219
  endloop
 endfacet
facet normal -0.499596268 0.622427583 -0.602484405
  outer loop
   vertex 67996.6562 67882.3203 31614.666
   vertex 68221.5547 67944.1719 31492.0723
   vertex 67962.0859 67652.2188 31405.6172
  endloop
 endfacet
facet normal -0.518803596 0.616255224 -0.592513561
  outer loop
   vertex 67890.4531 67809.375 31631.7969
   vertex 67996.6562 67882.3203 31614.666
   vertex 67962.0859 67652.2188 31405.6172
  endloop
 endfacet
facet normal -0.600557387 0.665149331 -0.443742305
  outer loop
   vertex 68221.5547 67944.1719 31492.0723
   vertex 68183.4688 67671.3516 31134.6816
   vertex 67962.0859 67652.2188 31405.6172
  endloop
 endfacet
facet normal -0.71187973 0.580670655 -0.39503026
  outer loop
   vertex 68074.4297 67397.1875 30928.1758
   vertex 68001.0156 67466.2031 31161.9219
   vertex 68183.4688 67671.3516 31134.6816
  endloop
 endfacet
facet normal -0.638486683 0.488926828 -0.594378054
  outer loop
   vertex 68001.0156 67466.2031 31161.9219
   vertex 68046.5703 67604.6875 31226.8984
   vertex 68183.4688 67671.3516 31134.6816
  endloop
 endfacet
facet normal -0.450361967 0.453281462 -0.769226909
  outer loop
   vertex 67536.1562 67258.1953 31472.4043
   vertex 67731.1016 67486.5312 31492.8164
   vertex 67843.5703 67248.7969 31286.8809
  endloop
 endfacet
facet normal -0.508593559 0.497080058 -0.703024924
  outer loop
   vertex 67536.1562 67258.1953 31472.4043
   vertex 67568.3281 67551.9141 31656.8047
   vertex 67731.1016 67486.5312 31492.8164
  endloop
 endfacet
facet normal 0.215401918 -0.946024477 0.242156312
  outer loop
   vertex 68376.3125 67165.1641 31873.6113
   vertex 68189.0078 67043.875 31566.3906
   vertex 68551.1562 67135.2578 31601.2617
  endloop
 endfacet
facet normal -0.503387451 0.583729506 -0.637072146
  outer loop
   vertex 67588.4688 67736.8516 31810.3398
   vertex 67762.3047 67706.0938 31644.8008
   vertex 67568.3281 67551.9141 31656.8047
  endloop
 endfacet
facet normal -0.476080447 0.545255125 -0.689959586
  outer loop
   vertex 67731.1016 67486.5312 31492.8164
   vertex 67568.3281 67551.9141 31656.8047
   vertex 67762.3047 67706.0938 31644.8008
  endloop
 endfacet
facet normal -0.398244709 0.61722976 -0.678548872
  outer loop
   vertex 67334.2812 67492.2266 31739.8672
   vertex 67477.7109 67613.5547 31766.0547
   vertex 67568.3281 67551.9141 31656.8047
  endloop
 endfacet
facet normal -0.415032536 0.631897926 -0.654563248
  outer loop
   vertex 67334.2812 67492.2266 31739.8672
   vertex 67433.2578 67659.5312 31838.625
   vertex 67477.7109 67613.5547 31766.0547
  endloop
 endfacet
facet normal -0.428900987 0.620934963 -0.656112552
  outer loop
   vertex 67588.4688 67736.8516 31810.3398
   vertex 67477.7109 67613.5547 31766.0547
   vertex 67433.2578 67659.5312 31838.625
  endloop
 endfacet
facet normal -0.833772302 0.366482735 -0.412933648
  outer loop
   vertex 67962.0859 67652.2188 31405.6172
   vertex 68001.0156 67466.2031 31161.9219
   vertex 67843.5703 67248.7969 31286.8809
  endloop
 endfacet
facet normal -0.744163692 0.468311608 -0.476345122
  outer loop
   vertex 68046.5703 67604.6875 31226.8984
   vertex 68001.0156 67466.2031 31161.9219
   vertex 67962.0859 67652.2188 31405.6172
  endloop
 endfacet
facet normal 0.440743208 0.604830682 -0.663268626
  outer loop
   vertex 67823.8359 66978.3359 31408.3652
   vertex 67586.5391 67049.5859 31315.6543
   vertex 67536.1562 67258.1953 31472.4043
  endloop
 endfacet
facet normal 0.521309197 -0.847103 0.103214264
  outer loop
   vertex 67826.0391 66921.9141 32080.1406
   vertex 68011.7969 67008.7188 31854.3887
   vertex 68032.6016 67059.2969 32164.3848
  endloop
 endfacet
facet normal 0.918182373 -0.335799366 0.210190296
  outer loop
   vertex 67823.8359 66978.3359 31408.3652
   vertex 67667.4531 66758.3203 31740.0098
   vertex 67754.5703 66745.9531 31339.709
  endloop
 endfacet
facet normal 0.638033152 -0.745283365 -0.193562314
  outer loop
   vertex 67846.9453 66912.1172 31739.4883
   vertex 67667.4531 66758.3203 31740.0098
   vertex 67823.8359 66978.3359 31408.3652
  endloop
 endfacet
facet normal 0.523731351 -0.848753691 -0.0729565695
  outer loop
   vertex 67898.8125 66937.0938 31821.3008
   vertex 67847.9219 66903.0312 31852.2715
   vertex 67846.9453 66912.1172 31739.4883
  endloop
 endfacet
facet normal -0.529485166 -0.315144569 -0.787609935
  outer loop
   vertex 67843.5703 67248.7969 31286.8809
   vertex 68042.9219 66982.8984 31259.2559
   vertex 67823.8359 66978.3359 31408.3652
  endloop
 endfacet
facet normal 0.417587817 -0.841750205 0.342165172
  outer loop
   vertex 67009.6328 66465.3516 31990.7188
   vertex 67054.7656 66272.2344 31460.5586
   vertex 67358.2031 66525.0234 31712.0996
  endloop
 endfacet
facet normal 0.789344847 -0.583870411 0.189815864
  outer loop
   vertex 67667.4531 66758.3203 31740.0098
   vertex 67647.0547 66647.0859 31482.6816
   vertex 67754.5703 66745.9531 31339.709
  endloop
 endfacet
facet normal 0.624830604 -0.733492494 0.267535895
  outer loop
   vertex 67542.4141 66561.1797 31491.5469
   vertex 67647.0547 66647.0859 31482.6816
   vertex 67667.4531 66758.3203 31740.0098
  endloop
 endfacet
facet normal 0.672687113 -0.17137219 0.719808042
  outer loop
   vertex 67770.8984 66739.8359 31013.5645
   vertex 67692.8984 66650.3594 31065.1543
   vertex 67806.9609 66755.6875 30983.6348
  endloop
 endfacet
facet normal 0.474210918 -0.843654275 0.251736909
  outer loop
   vertex 67337.9297 66609.8828 32034.6953
   vertex 67358.2031 66525.0234 31712.0996
   vertex 67481.5703 66666.3828 31953.4609
  endloop
 endfacet
facet normal 0.36002776 -0.896430373 0.2584427
  outer loop
   vertex 67337.9297 66609.8828 32034.6953
   vertex 67009.6328 66465.3516 31990.7188
   vertex 67358.2031 66525.0234 31712.0996
  endloop
 endfacet
facet normal 0.548678875 -0.767069042 0.332500547
  outer loop
   vertex 67542.4141 66561.1797 31491.5469
   vertex 67667.4531 66758.3203 31740.0098
   vertex 67358.2031 66525.0234 31712.0996
  endloop
 endfacet
facet normal 0.416182101 -0.870055974 -0.264187634
  outer loop
   vertex 67692.8984 66650.3594 31065.1543
   vertex 67599.3281 66548.4453 31253.373
   vertex 67409.0625 66440.9297 31307.7402
  endloop
 endfacet
facet normal 0.180428058 -0.983546793 -0.00902303867
  outer loop
   vertex 68011.7969 67008.7188 31854.3887
   vertex 67823.8359 66978.3359 31408.3652
   vertex 68189.0078 67043.875 31566.3906
  endloop
 endfacet
facet normal 0.594407141 -0.779566407 -0.197373718
  outer loop
   vertex 68011.7969 67008.7188 31854.3887
   vertex 67846.9453 66912.1172 31739.4883
   vertex 67823.8359 66978.3359 31408.3652
  endloop
 endfacet
facet normal 0.553232372 -0.827214181 -0.0982375219
  outer loop
   vertex 68011.7969 67008.7188 31854.3887
   vertex 67898.8125 66937.0938 31821.3008
   vertex 67846.9453 66912.1172 31739.4883
  endloop
 endfacet
facet normal 0.115845449 -0.983333051 0.140128478
  outer loop
   vertex 67823.8359 66978.3359 31408.3652
   vertex 68042.9219 66982.8984 31259.2559
   vertex 68189.0078 67043.875 31566.3906
  endloop
 endfacet
facet normal 0.430067062 -0.874790847 0.223121807
  outer loop
   vertex 68489.4766 67279.5391 32103.9395
   vertex 68376.3125 67165.1641 31873.6113
   vertex 68725.5156 67356.4375 31950.4453
  endloop
 endfacet
facet normal 0.320715904 -0.864351511 0.387347013
  outer loop
   vertex 68786.7578 67246.6562 31654.7676
   vertex 68725.5156 67356.4375 31950.4453
   vertex 68551.1562 67135.2578 31601.2617
  endloop
 endfacet
facet normal 0.391396195 -0.853125691 0.344942898
  outer loop
   vertex 68376.3125 67165.1641 31873.6113
   vertex 68551.1562 67135.2578 31601.2617
   vertex 68725.5156 67356.4375 31950.4453
  endloop
 endfacet
facet normal 0.275486618 -0.822025478 0.498378634
  outer loop
   vertex 68744.8672 67155.8203 31528.0957
   vertex 68786.7578 67246.6562 31654.7676
   vertex 68551.1562 67135.2578 31601.2617
  endloop
 endfacet
facet normal 0.444737077 -0.78621763 0.42903468
  outer loop
   vertex 68832.6016 67097.4688 31344.041
   vertex 68902.1797 67208.0625 31474.5859
   vertex 68779.7344 67118.3203 31437.0547
  endloop
 endfacet
facet normal 0.419029117 -0.771759748 0.478331953
  outer loop
   vertex 68902.1797 67208.0625 31474.5859
   vertex 68744.8672 67155.8203 31528.0957
   vertex 68779.7344 67118.3203 31437.0547
  endloop
 endfacet
facet normal 0.321438253 -0.868475974 0.377394944
  outer loop
   vertex 68714.4453 67063.0312 31365.4336
   vertex 68832.6016 67097.4688 31344.041
   vertex 68779.7344 67118.3203 31437.0547
  endloop
 endfacet
facet normal 0.282927781 -0.843865097 0.455898643
  outer loop
   vertex 68744.8672 67155.8203 31528.0957
   vertex 68672.8828 67095.8906 31461.8516
   vertex 68779.7344 67118.3203 31437.0547
  endloop
 endfacet
facet normal -0.0506347083 -0.813746929 0.579009533
  outer loop
   vertex 68042.9219 66982.8984 31259.2559
   vertex 67969.0625 66820.8438 31025.043
   vertex 68110.3672 66899.8828 31148.4844
  endloop
 endfacet
facet normal 0.479073405 -0.875996768 -0.0558425859
  outer loop
   vertex 67409.0625 66440.9297 31307.7402
   vertex 67599.3281 66548.4453 31253.373
   vertex 67544.8906 66512.5 31350.2383
  endloop
 endfacet
facet normal 0.10818357 -0.917820752 0.381970316
  outer loop
   vertex 68333.125 67018.4375 31393.4883
   vertex 68331.8828 66925.5469 31170.6309
   vertex 68554.1328 67033.7656 31367.7168
  endloop
 endfacet
facet normal 0.171180546 -0.907693326 0.383131891
  outer loop
   vertex 68714.4453 67063.0312 31365.4336
   vertex 68672.8828 67095.8906 31461.8516
   vertex 68554.1328 67033.7656 31367.7168
  endloop
 endfacet
facet normal 0.27815184 -0.866209149 0.415106267
  outer loop
   vertex 68779.7344 67118.3203 31437.0547
   vertex 68672.8828 67095.8906 31461.8516
   vertex 68714.4453 67063.0312 31365.4336
  endloop
 endfacet
facet normal 0.109511085 -0.911112547 0.397342741
  outer loop
   vertex 68551.1562 67135.2578 31601.2617
   vertex 68333.125 67018.4375 31393.4883
   vertex 68554.1328 67033.7656 31367.7168
  endloop
 endfacet
facet normal 0.16002655 -0.904573381 0.395143688
  outer loop
   vertex 68672.8828 67095.8906 31461.8516
   vertex 68551.1562 67135.2578 31601.2617
   vertex 68554.1328 67033.7656 31367.7168
  endloop
 endfacet
facet normal 0.136800349 -0.887372434 0.44029066
  outer loop
   vertex 68593.0547 66873.4375 30984.4648
   vertex 68710.4062 67001.9688 31207.0449
   vertex 68331.8828 66925.5469 31170.6309
  endloop
 endfacet
facet normal 0.155391127 -0.929301441 0.335041016
  outer loop
   vertex 68554.1328 67033.7656 31367.7168
   vertex 68331.8828 66925.5469 31170.6309
   vertex 68710.4062 67001.9688 31207.0449
  endloop
 endfacet
facet normal 0.173044652 -0.920452595 0.350460559
  outer loop
   vertex 68554.1328 67033.7656 31367.7168
   vertex 68710.4062 67001.9688 31207.0449
   vertex 68714.4453 67063.0312 31365.4336
  endloop
 endfacet
facet normal 0.99393779 -0.0893418863 -0.0640757829
  outer loop
   vertex 67838.7422 66862.4375 31168.7852
   vertex 67828.8203 66861.1328 31016.7012
   vertex 67840.6797 66952.6016 31073.0918
  endloop
 endfacet
facet normal -0.222614408 -0.618872702 0.753285766
  outer loop
   vertex 67767.6328 66972.25 31089.9082
   vertex 67828.8203 66861.1328 31016.7012
   vertex 67969.0625 66820.8438 31025.043
  endloop
 endfacet
facet normal 0.503385484 -0.825238049 0.256096154
  outer loop
   vertex 67054.7656 66272.2344 31460.5586
   vertex 67121.9688 66219.9531 31159.9922
   vertex 67409.0625 66440.9297 31307.7402
  endloop
 endfacet
facet normal 0.627148151 -0.738316894 0.248139828
  outer loop
   vertex 67647.0547 66647.0859 31482.6816
   vertex 67542.4141 66561.1797 31491.5469
   vertex 67633.4531 66592.0547 31353.3281
  endloop
 endfacet
facet normal 0.498894602 -0.833866 0.236160308
  outer loop
   vertex 67358.2031 66525.0234 31712.0996
   vertex 67054.7656 66272.2344 31460.5586
   vertex 67409.0625 66440.9297 31307.7402
  endloop
 endfacet
facet normal 0.451215863 -0.860713601 0.235746458
  outer loop
   vertex 67542.4141 66561.1797 31491.5469
   vertex 67358.2031 66525.0234 31712.0996
   vertex 67409.0625 66440.9297 31307.7402
  endloop
 endfacet
facet normal 0.640201807 -0.722796738 0.260204643
  outer loop
   vertex 67633.4531 66592.0547 31353.3281
   vertex 67542.4141 66561.1797 31491.5469
   vertex 67544.8906 66512.5 31350.2383
  endloop
 endfacet
facet normal 0.683944106 -0.660889685 0.308942288
  outer loop
   vertex 67969.0625 66820.8438 31025.043
   vertex 67754.5703 66745.9531 31339.709
   vertex 67726.3984 66653.5312 31204.3672
  endloop
 endfacet
facet normal 0.746326327 0.318350852 0.584508121
  outer loop
   vertex 67969.0625 66820.8438 31025.043
   vertex 67838.7422 66862.4375 31168.7852
   vertex 67754.5703 66745.9531 31339.709
  endloop
 endfacet
facet normal 0.773066163 -0.58715415 0.240038991
  outer loop
   vertex 67726.3984 66653.5312 31204.3672
   vertex 67754.5703 66745.9531 31339.709
   vertex 67633.4531 66592.0547 31353.3281
  endloop
 endfacet
facet normal 0.781371891 -0.599629819 0.17292206
  outer loop
   vertex 67633.4531 66592.0547 31353.3281
   vertex 67754.5703 66745.9531 31339.709
   vertex 67647.0547 66647.0859 31482.6816
  endloop
 endfacet
facet normal 0.607436597 -0.781698644 -0.141308382
  outer loop
   vertex 67355.3438 66399.3125 31002.8691
   vertex 67797.6875 66772.875 30837.8496
   vertex 67692.8984 66650.3594 31065.1543
  endloop
 endfacet
facet normal 0.436941683 -0.741995633 -0.508453012
  outer loop
   vertex 67355.3438 66399.3125 31002.8691
   vertex 67190.4375 66395.1562 30867.2188
   vertex 67797.6875 66772.875 30837.8496
  endloop
 endfacet
facet normal 0.0507293195 -0.866429985 0.49671486
  outer loop
   vertex 67969.0625 66820.8438 31025.043
   vertex 68331.8828 66925.5469 31170.6309
   vertex 68110.3672 66899.8828 31148.4844
  endloop
 endfacet
facet normal 0.0858024135 -0.897833526 0.4318946
  outer loop
   vertex 67969.0625 66820.8438 31025.043
   vertex 68354.1484 66840.7578 30989.9473
   vertex 68331.8828 66925.5469 31170.6309
  endloop
 endfacet
facet normal 0.998418868 0.0294119865 0.0479032807
  outer loop
   vertex 67823.8359 66978.3359 31408.3652
   vertex 67838.7422 66862.4375 31168.7852
   vertex 67840.6797 66952.6016 31073.0918
  endloop
 endfacet
facet normal 0.245997474 0.967292488 -0.0618910976
  outer loop
   vertex 67767.6328 66972.25 31089.9082
   vertex 67823.8359 66978.3359 31408.3652
   vertex 67840.6797 66952.6016 31073.0918
  endloop
 endfacet
facet normal -0.306603849 0.426771224 -0.850799859
  outer loop
   vertex 67190.4375 66395.1562 30867.2188
   vertex 67259.9688 66666.7031 30978.3711
   vertex 67797.6875 66772.875 30837.8496
  endloop
 endfacet
facet normal -0.806834698 0.412745625 -0.422680467
  outer loop
   vertex 67767.6328 66972.25 31089.9082
   vertex 67932.4531 67025.9531 30827.7266
   vertex 67797.6875 66772.875 30837.8496
  endloop
 endfacet
facet normal 0.398578197 -0.9075315 -0.132370725
  outer loop
   vertex 67806.9609 66755.6875 30983.6348
   vertex 67797.6875 66772.875 30837.8496
   vertex 67969.0625 66820.8438 31025.043
  endloop
 endfacet
facet normal 0.620586395 -0.773176789 -0.130653128
  outer loop
   vertex 67806.9609 66755.6875 30983.6348
   vertex 67692.8984 66650.3594 31065.1543
   vertex 67797.6875 66772.875 30837.8496
  endloop
 endfacet
facet normal 0.723055601 -0.407977611 -0.55744493
  outer loop
   vertex 67907.75 66926.3594 30868.2852
   vertex 67969.0625 66820.8438 31025.043
   vertex 67797.6875 66772.875 30837.8496
  endloop
 endfacet
facet normal -0.674672246 0.355555803 0.646836519
  outer loop
   vertex 67907.75 66926.3594 30868.2852
   vertex 67797.6875 66772.875 30837.8496
   vertex 67886.1562 66829.25 30899.1387
  endloop
 endfacet
facet normal -0.115937456 0.90744257 -0.403864443
  outer loop
   vertex 67238.4141 66999.2266 31302.4297
   vertex 67586.5391 67049.5859 31315.6543
   vertex 67767.6328 66972.25 31089.9082
  endloop
 endfacet
facet normal -0.344548285 -0.717648983 0.605199456
  outer loop
   vertex 68042.9219 66982.8984 31259.2559
   vertex 67767.6328 66972.25 31089.9082
   vertex 67969.0625 66820.8438 31025.043
  endloop
 endfacet
facet normal -0.845635295 0.433126897 -0.311932802
  outer loop
   vertex 68001.0156 67466.2031 31161.9219
   vertex 67909.0547 67190.5938 31028.5215
   vertex 67843.5703 67248.7969 31286.8809
  endloop
 endfacet
facet normal -0.802488923 0.454729468 -0.386306375
  outer loop
   vertex 68074.4297 67397.1875 30928.1758
   vertex 67909.0547 67190.5938 31028.5215
   vertex 68001.0156 67466.2031 31161.9219
  endloop
 endfacet
facet normal -0.828707874 0.439274192 -0.346816152
  outer loop
   vertex 67767.6328 66972.25 31089.9082
   vertex 67909.0547 67190.5938 31028.5215
   vertex 67848.4844 67068.8594 31019.0762
  endloop
 endfacet
facet normal -0.834786296 0.452560931 -0.313560873
  outer loop
   vertex 67767.6328 66972.25 31089.9082
   vertex 67843.5703 67248.7969 31286.8809
   vertex 67909.0547 67190.5938 31028.5215
  endloop
 endfacet
facet normal -0.461764753 -0.426971883 0.777475595
  outer loop
   vertex 67767.6328 66972.25 31089.9082
   vertex 68042.9219 66982.8984 31259.2559
   vertex 67843.5703 67248.7969 31286.8809
  endloop
 endfacet
facet normal -0.965412796 0.215567037 -0.146659568
  outer loop
   vertex 67840.6797 66952.6016 31073.0918
   vertex 67878.2188 67046.8125 30964.4707
   vertex 67828.8203 66861.1328 31016.7012
  endloop
 endfacet
facet normal -0.0526581928 0.529008389 -0.846981227
  outer loop
   vertex 67840.6797 66952.6016 31073.0918
   vertex 67828.8203 66861.1328 31016.7012
   vertex 67767.6328 66972.25 31089.9082
  endloop
 endfacet
facet normal -0.877107263 0.279597908 -0.39052251
  outer loop
   vertex 67878.2188 67046.8125 30964.4707
   vertex 67925.1875 67051.7656 30862.5234
   vertex 67932.4531 67025.9531 30827.7266
  endloop
 endfacet
facet normal -0.0947489738 -0.936362803 -0.338004857
  outer loop
   vertex 68387.0703 66828.6094 30298.3008
   vertex 68361.0156 66805.9922 30368.2598
   vertex 68322.0391 66825.8438 30324.1953
  endloop
 endfacet
facet normal -0.00872365106 -0.997345746 0.072286725
  outer loop
   vertex 68434.1562 66816.1953 30848.1484
   vertex 68287.2969 66799.0547 30593.9961
   vertex 68607.9297 66798 30618.0977
  endloop
 endfacet
facet normal -0.913760304 0.135333315 -0.383049577
  outer loop
   vertex 67878.2188 67046.8125 30964.4707
   vertex 67932.4531 67025.9531 30827.7266
   vertex 67828.8203 66861.1328 31016.7012
  endloop
 endfacet
facet normal 0.130833939 -0.879767716 0.457046211
  outer loop
   vertex 68354.1484 66840.7578 30989.9473
   vertex 68457.4688 66828.8672 30937.4805
   vertex 68593.0547 66873.4375 30984.4648
  endloop
 endfacet
facet normal 0.131854206 -0.891028941 0.434375286
  outer loop
   vertex 68354.1484 66840.7578 30989.9473
   vertex 68593.0547 66873.4375 30984.4648
   vertex 68331.8828 66925.5469 31170.6309
  endloop
 endfacet
facet normal 0.950584769 -0.119011812 0.286748677
  outer loop
   vertex 67907.75 66926.3594 30868.2852
   vertex 67932.4531 67025.9531 30827.7266
   vertex 67925.1875 67051.7656 30862.5234
  endloop
 endfacet
facet normal -0.796150208 0.268853188 -0.542091191
  outer loop
   vertex 67848.4844 67068.8594 31019.0762
   vertex 67878.2188 67046.8125 30964.4707
   vertex 67767.6328 66972.25 31089.9082
  endloop
 endfacet
facet normal 0.641790092 -0.727933884 -0.24128364
  outer loop
   vertex 67142.4297 66249.3203 30889.0566
   vertex 67355.3438 66399.3125 31002.8691
   vertex 67126.7031 66205.7344 30978.7188
  endloop
 endfacet
facet normal 0.608674586 -0.309758514 -0.730455279
  outer loop
   vertex 67142.4297 66249.3203 30889.0566
   vertex 67190.4375 66395.1562 30867.2188
   vertex 67355.3438 66399.3125 31002.8691
  endloop
 endfacet
facet normal -0.816181302 0.418703556 -0.398165047
  outer loop
   vertex 67932.4531 67025.9531 30827.7266
   vertex 68116.0391 67046.1406 30472.627
   vertex 67797.6875 66772.875 30837.8496
  endloop
 endfacet
facet normal 0.596224487 -0.802805007 0.00452644192
  outer loop
   vertex 67692.8984 66650.3594 31065.1543
   vertex 67409.0625 66440.9297 31307.7402
   vertex 67355.3438 66399.3125 31002.8691
  endloop
 endfacet
facet normal 0.609692335 -0.792637825 0.000765312405
  outer loop
   vertex 67121.9688 66219.9531 31159.9922
   vertex 67355.3438 66399.3125 31002.8691
   vertex 67409.0625 66440.9297 31307.7402
  endloop
 endfacet
facet normal -0.304175049 0.729158521 -0.613029659
  outer loop
   vertex 67259.9688 66666.7031 30978.3711
   vertex 67767.6328 66972.25 31089.9082
   vertex 67797.6875 66772.875 30837.8496
  endloop
 endfacet
facet normal 0.0694397986 -0.975616276 0.208209068
  outer loop
   vertex 68354.1484 66840.7578 30989.9473
   vertex 67969.0625 66820.8438 31025.043
   vertex 68434.1562 66816.1953 30848.1484
  endloop
 endfacet
facet normal 0.2932854 -0.954210997 0.058864899
  outer loop
   vertex 68593.0547 66873.4375 30984.4648
   vertex 68457.4688 66828.8672 30937.4805
   vertex 68434.1562 66816.1953 30848.1484
  endloop
 endfacet
facet normal 0.0128060067 -0.998122334 0.0598988049
  outer loop
   vertex 67969.0625 66820.8438 31025.043
   vertex 68287.2969 66799.0547 30593.9961
   vertex 68434.1562 66816.1953 30848.1484
  endloop
 endfacet
facet normal 0.226965249 -0.954810083 0.19189696
  outer loop
   vertex 68287.2969 66799.0547 30593.9961
   vertex 68385.7656 66788.2266 30423.6602
   vertex 68537.7031 66810.0469 30352.5195
  endloop
 endfacet
facet normal -0.0051762592 -0.952876389 -0.303314656
  outer loop
   vertex 68361.0156 66805.9922 30368.2598
   vertex 68537.7031 66810.0469 30352.5195
   vertex 68385.7656 66788.2266 30423.6602
  endloop
 endfacet
facet normal 0.041319143 -0.976273656 0.212561652
  outer loop
   vertex 68361.0156 66805.9922 30368.2598
   vertex 68417.6719 66798.5312 30322.9746
   vertex 68537.7031 66810.0469 30352.5195
  endloop
 endfacet
facet normal -0.0375510827 -0.987975299 0.149982288
  outer loop
   vertex 68434.1562 66816.1953 30848.1484
   vertex 68457.4688 66828.8672 30937.4805
   vertex 68354.1484 66840.7578 30989.9473
  endloop
 endfacet
facet normal 0.103518851 -0.9543643 0.280129731
  outer loop
   vertex 68434.1562 66816.1953 30848.1484
   vertex 68789.5234 66845.6875 30817.3086
   vertex 68593.0547 66873.4375 30984.4648
  endloop
 endfacet
facet normal 0.0946482047 -0.984246016 0.149336711
  outer loop
   vertex 68434.1562 66816.1953 30848.1484
   vertex 68607.9297 66798 30618.0977
   vertex 68789.5234 66845.6875 30817.3086
  endloop
 endfacet
facet normal 0.663696349 -0.630100429 -0.403088868
  outer loop
   vertex 69086.3672 66916.3047 30427.7969
   vertex 69190.7266 67042.2578 30402.7422
   vertex 69247.1562 67013.2422 30541.0117
  endloop
 endfacet
facet normal 0.143430442 -0.813171148 -0.564074814
  outer loop
   vertex 68301.9922 67292.3203 30170.9746
   vertex 68266.6562 67240.6562 30236.4707
   vertex 68268.6875 67290.2031 30165.5586
  endloop
 endfacet
facet normal 0.18128778 -0.288269997 -0.940231442
  outer loop
   vertex 68655.4844 66881.6797 30120.2715
   vertex 68845.0938 66910.3672 30148.0352
   vertex 68722.0859 66854.0234 30141.5938
  endloop
 endfacet
facet normal -0.0376858041 0.251436293 -0.9671399
  outer loop
   vertex 68667.0938 67192.3906 30132.4863
   vertex 68633 67056.0625 30098.373
   vertex 68468.5625 67095.2422 30114.9648
  endloop
 endfacet
facet normal -0.0171575285 -0.871991158 -0.489220828
  outer loop
   vertex 68845.0938 66910.3672 30148.0352
   vertex 68977.4609 66894.7422 30171.2363
   vertex 68946.9375 66875.2188 30207.1133
  endloop
 endfacet
facet normal 0.122913316 -0.745295763 -0.655306458
  outer loop
   vertex 68845.0938 66910.3672 30148.0352
   vertex 68946.9375 66875.2188 30207.1133
   vertex 68761.3984 66839.5234 30212.9121
  endloop
 endfacet
facet normal 0.3484523 0.346931994 -0.870757818
  outer loop
   vertex 68922.0703 67248.2344 30242.6973
   vertex 68999.3594 67042.0625 30191.4805
   vertex 68806.0859 67071.0938 30125.707
  endloop
 endfacet
facet normal -0.698773563 -0.126841828 -0.704007566
  outer loop
   vertex 67797.6875 66772.875 30837.8496
   vertex 68116.0391 67046.1406 30472.627
   vertex 68257.3594 66883.4375 30361.6719
  endloop
 endfacet
facet normal -0.440579206 -0.793147027 -0.420485109
  outer loop
   vertex 68417.6719 66798.5312 30322.9746
   vertex 68361.0156 66805.9922 30368.2598
   vertex 68387.0703 66828.6094 30298.3008
  endloop
 endfacet
facet normal -0.478413045 -0.878134429 0.000959261553
  outer loop
   vertex 68487.1406 66921.8359 30158.5254
   vertex 68582.4531 66869.8672 30123.9023
   vertex 68621.3828 66848.7031 30165.875
  endloop
 endfacet
facet normal 0.254023582 -0.445691347 -0.858388722
  outer loop
   vertex 68537.7031 66810.0469 30352.5195
   vertex 68417.6719 66798.5312 30322.9746
   vertex 68387.0703 66828.6094 30298.3008
  endloop
 endfacet
facet normal -0.596425056 -0.783445895 0.17461285
  outer loop
   vertex 68361.0156 66805.9922 30368.2598
   vertex 68257.3594 66883.4375 30361.6719
   vertex 68322.0391 66825.8438 30324.1953
  endloop
 endfacet
facet normal -0.576164365 -0.789248288 -0.212418765
  outer loop
   vertex 68287.2969 66799.0547 30593.9961
   vertex 68257.3594 66883.4375 30361.6719
   vertex 68361.0156 66805.9922 30368.2598
  endloop
 endfacet
facet normal 0.00339835789 -0.979512691 -0.201353773
  outer loop
   vertex 68761.3984 66839.5234 30212.9121
   vertex 68537.7031 66810.0469 30352.5195
   vertex 68621.3828 66848.7031 30165.875
  endloop
 endfacet
facet normal -0.11315465 -0.763050437 -0.636356831
  outer loop
   vertex 68722.0859 66854.0234 30141.5938
   vertex 68621.3828 66848.7031 30165.875
   vertex 68655.4844 66881.6797 30120.2715
  endloop
 endfacet
facet normal 0.00326478411 -0.979591608 -0.200971559
  outer loop
   vertex 68722.0859 66854.0234 30141.5938
   vertex 68761.3984 66839.5234 30212.9121
   vertex 68621.3828 66848.7031 30165.875
  endloop
 endfacet
facet normal 0.110089779 -0.842694104 -0.527016997
  outer loop
   vertex 68655.4844 66881.6797 30120.2715
   vertex 68621.3828 66848.7031 30165.875
   vertex 68582.4531 66869.8672 30123.9023
  endloop
 endfacet
facet normal -0.112385415 -0.938523233 -0.326410264
  outer loop
   vertex 68287.2969 66799.0547 30593.9961
   vertex 67797.6875 66772.875 30837.8496
   vertex 68257.3594 66883.4375 30361.6719
  endloop
 endfacet
facet normal 0.103911743 -0.0330712758 -0.994036555
  outer loop
   vertex 68667.0938 67192.3906 30132.4863
   vertex 68468.5625 67095.2422 30114.9648
   vertex 68497.7891 67208.1406 30114.2656
  endloop
 endfacet
facet normal 0.138285086 0.492077649 -0.859498024
  outer loop
   vertex 68497.7891 67208.1406 30114.2656
   vertex 68511.8516 67292.7734 30164.9805
   vertex 68667.0938 67192.3906 30132.4863
  endloop
 endfacet
facet normal -0.370592803 0.17709142 -0.911756337
  outer loop
   vertex 68387.0703 66828.6094 30298.3008
   vertex 68322.0391 66825.8438 30324.1953
   vertex 68257.3594 66883.4375 30361.6719
  endloop
 endfacet
facet normal -0.29128328 -0.952270806 -0.0912928432
  outer loop
   vertex 68387.5156 66956.1406 30118.5078
   vertex 68487.1406 66921.8359 30158.5254
   vertex 68343.1875 66965.9531 30157.6465
  endloop
 endfacet
facet normal 0.16450271 -0.223697051 -0.960676074
  outer loop
   vertex 68487.1406 66921.8359 30158.5254
   vertex 68373.5469 66997.4453 30121.4688
   vertex 68468.5625 67095.2422 30114.9648
  endloop
 endfacet
facet normal -0.157323211 -0.256416798 -0.953676999
  outer loop
   vertex 68633 67056.0625 30098.373
   vertex 68487.1406 66921.8359 30158.5254
   vertex 68468.5625 67095.2422 30114.9648
  endloop
 endfacet
facet normal -0.311153352 0.303191811 -0.900698781
  outer loop
   vertex 68667.0938 67192.3906 30132.4863
   vertex 68701.6641 67107.0547 30091.8164
   vertex 68633 67056.0625 30098.373
  endloop
 endfacet
facet normal -0.258595169 -0.852826178 -0.453669518
  outer loop
   vertex 68487.1406 66921.8359 30158.5254
   vertex 68257.3594 66883.4375 30361.6719
   vertex 68343.1875 66965.9531 30157.6465
  endloop
 endfacet
facet normal -0.539768875 -0.468883008 -0.699141085
  outer loop
   vertex 68387.0703 66828.6094 30298.3008
   vertex 68257.3594 66883.4375 30361.6719
   vertex 68487.1406 66921.8359 30158.5254
  endloop
 endfacet
facet normal -0.110340558 0.402948231 -0.908547044
  outer loop
   vertex 68487.1406 66921.8359 30158.5254
   vertex 68655.4844 66881.6797 30120.2715
   vertex 68582.4531 66869.8672 30123.9023
  endloop
 endfacet
facet normal -0.2049281 -0.206098929 -0.956832111
  outer loop
   vertex 68684.8906 66960.1172 30107.9238
   vertex 68487.1406 66921.8359 30158.5254
   vertex 68633 67056.0625 30098.373
  endloop
 endfacet
facet normal -0.235679179 -0.0642732158 -0.969703197
  outer loop
   vertex 68655.4844 66881.6797 30120.2715
   vertex 68487.1406 66921.8359 30158.5254
   vertex 68684.8906 66960.1172 30107.9238
  endloop
 endfacet
facet normal -0.875499785 -0.189002141 -0.444722801
  outer loop
   vertex 68257.3594 66883.4375 30361.6719
   vertex 68304.0703 67057.3906 30195.7891
   vertex 68343.1875 66965.9531 30157.6465
  endloop
 endfacet
facet normal -0.781116664 -0.308124125 -0.543061972
  outer loop
   vertex 68257.3594 66883.4375 30361.6719
   vertex 68116.0391 67046.1406 30472.627
   vertex 68304.0703 67057.3906 30195.7891
  endloop
 endfacet
facet normal 0.00656358618 0.781319499 -0.624096751
  outer loop
   vertex 68373.5469 66997.4453 30121.4688
   vertex 68324.5938 67004.7188 30130.0645
   vertex 68304.0703 67057.3906 30195.7891
  endloop
 endfacet
facet normal -0.434865773 -0.0318365209 -0.899932325
  outer loop
   vertex 68468.5625 67095.2422 30114.9648
   vertex 68304.0703 67057.3906 30195.7891
   vertex 68378.6797 67226.2969 30153.7617
  endloop
 endfacet
facet normal -0.476456255 0.411228687 -0.777097404
  outer loop
   vertex 68373.5469 66997.4453 30121.4688
   vertex 68304.0703 67057.3906 30195.7891
   vertex 68468.5625 67095.2422 30114.9648
  endloop
 endfacet
facet normal -0.561239719 -0.475233406 -0.677615821
  outer loop
   vertex 68266.6562 67240.6562 30236.4707
   vertex 68301.9922 67292.3203 30170.9746
   vertex 68378.6797 67226.2969 30153.7617
  endloop
 endfacet
facet normal -0.588040233 0.0590305328 -0.806674719
  outer loop
   vertex 68266.6562 67240.6562 30236.4707
   vertex 68378.6797 67226.2969 30153.7617
   vertex 68304.0703 67057.3906 30195.7891
  endloop
 endfacet
facet normal -0.303888828 0.0727919191 -0.949922562
  outer loop
   vertex 68378.6797 67226.2969 30153.7617
   vertex 68497.7891 67208.1406 30114.2656
   vertex 68468.5625 67095.2422 30114.9648
  endloop
 endfacet
facet normal -0.698175371 0.694702327 -0.173031345
  outer loop
   vertex 68253.1953 67439.3984 30519.9219
   vertex 68209.9141 67391.7344 30503.2051
   vertex 68206.3906 67404.2812 30567.8125
  endloop
 endfacet
facet normal 0.176240206 0.539143682 -0.823567569
  outer loop
   vertex 68511.8516 67292.7734 30164.9805
   vertex 68673.6484 67440.4375 30296.2734
   vertex 68667.0938 67192.3906 30132.4863
  endloop
 endfacet
facet normal 0.236023426 0.123692341 -0.963842928
  outer loop
   vertex 68253.1953 67439.3984 30519.9219
   vertex 68195.0703 67303.2188 30488.2109
   vertex 68209.9141 67391.7344 30503.2051
  endloop
 endfacet
facet normal -0.851549089 0.34024334 -0.39887172
  outer loop
   vertex 67925.1875 67051.7656 30862.5234
   vertex 67962.1953 67173.7109 30887.5449
   vertex 67960.0391 67092.2734 30822.6699
  endloop
 endfacet
facet normal -0.689052582 0.603177488 0.40172568
  outer loop
   vertex 68268.6875 67290.2031 30165.5586
   vertex 68266.6562 67240.6562 30236.4707
   vertex 68288.7734 67304.2578 30178.9043
  endloop
 endfacet
facet normal -0.856930315 0.289296865 -0.426588535
  outer loop
   vertex 68116.0391 67046.1406 30472.627
   vertex 67932.4531 67025.9531 30827.7266
   vertex 68195.0703 67303.2188 30488.2109
  endloop
 endfacet
facet normal -0.825618088 -0.0436624661 -0.562537372
  outer loop
   vertex 68116.0391 67046.1406 30472.627
   vertex 68266.6562 67240.6562 30236.4707
   vertex 68304.0703 67057.3906 30195.7891
  endloop
 endfacet
facet normal -0.979833782 0.179254383 -0.0882815868
  outer loop
   vertex 68206.3906 67404.2812 30567.8125
   vertex 68209.9141 67391.7344 30503.2051
   vertex 68195.0703 67303.2188 30488.2109
  endloop
 endfacet
facet normal -0.897006333 0.295675159 -0.328566343
  outer loop
   vertex 68266.6562 67240.6562 30236.4707
   vertex 68116.0391 67046.1406 30472.627
   vertex 68195.0703 67303.2188 30488.2109
  endloop
 endfacet
facet normal -0.812976301 0.102090567 -0.573277473
  outer loop
   vertex 68316.9531 67560.5156 30688.3125
   vertex 68394.0547 67618.7578 30589.3418
   vertex 68431.6172 67607.8594 30534.1367
  endloop
 endfacet
facet normal -0.826441467 0.375745028 0.419297189
  outer loop
   vertex 67932.4531 67025.9531 30827.7266
   vertex 67907.75 66926.3594 30868.2852
   vertex 67960.0391 67092.2734 30822.6699
  endloop
 endfacet
facet normal -0.809226513 0.298028797 -0.506291687
  outer loop
   vertex 67932.4531 67025.9531 30827.7266
   vertex 67960.0391 67092.2734 30822.6699
   vertex 68088.4688 67284.3281 30730.4551
  endloop
 endfacet
facet normal -0.855080068 0.385988504 -0.346195012
  outer loop
   vertex 68195.0703 67303.2188 30488.2109
   vertex 67932.4531 67025.9531 30827.7266
   vertex 68088.4688 67284.3281 30730.4551
  endloop
 endfacet
facet normal -0.860087752 0.371596813 -0.349520952
  outer loop
   vertex 68195.0703 67303.2188 30488.2109
   vertex 68088.4688 67284.3281 30730.4551
   vertex 68206.3906 67404.2812 30567.8125
  endloop
 endfacet
facet normal -0.832130015 0.250815272 -0.494622409
  outer loop
   vertex 67914.6328 67138.6484 30949.7812
   vertex 67962.1953 67173.7109 30887.5449
   vertex 67878.2188 67046.8125 30964.4707
  endloop
 endfacet
facet normal -0.834632337 0.356517851 -0.419861734
  outer loop
   vertex 67960.0391 67092.2734 30822.6699
   vertex 67962.1953 67173.7109 30887.5449
   vertex 68088.4688 67284.3281 30730.4551
  endloop
 endfacet
facet normal -0.805814624 0.470161617 -0.360015124
  outer loop
   vertex 67909.0547 67190.5938 31028.5215
   vertex 68074.4297 67397.1875 30928.1758
   vertex 67962.1953 67173.7109 30887.5449
  endloop
 endfacet
facet normal -0.811292589 0.459982246 -0.360860944
  outer loop
   vertex 67914.6328 67138.6484 30949.7812
   vertex 67909.0547 67190.5938 31028.5215
   vertex 67962.1953 67173.7109 30887.5449
  endloop
 endfacet
facet normal -0.427280784 0.81155616 -0.39850688
  outer loop
   vertex 68471.7344 67790.5859 30990.8965
   vertex 68602.9844 67707.6562 30681.2754
   vertex 68316.9531 67560.5156 30688.3125
  endloop
 endfacet
facet normal -0.448916405 0.880076468 0.154723868
  outer loop
   vertex 68447.8047 67643.9453 30593.4121
   vertex 68316.9531 67560.5156 30688.3125
   vertex 68602.9844 67707.6562 30681.2754
  endloop
 endfacet
facet normal -0.428427696 0.884114325 0.186524913
  outer loop
   vertex 68394.0547 67618.7578 30589.3418
   vertex 68316.9531 67560.5156 30688.3125
   vertex 68447.8047 67643.9453 30593.4121
  endloop
 endfacet
facet normal -0.500948429 0.79299593 -0.346710414
  outer loop
   vertex 68183.4688 67671.3516 31134.6816
   vertex 68471.7344 67790.5859 30990.8965
   vertex 68316.9531 67560.5156 30688.3125
  endloop
 endfacet
facet normal -0.739908516 0.56697309 -0.362045467
  outer loop
   vertex 68074.4297 67397.1875 30928.1758
   vertex 68183.4688 67671.3516 31134.6816
   vertex 68316.9531 67560.5156 30688.3125
  endloop
 endfacet
facet normal -0.742528141 0.557659864 -0.371035635
  outer loop
   vertex 68088.4688 67284.3281 30730.4551
   vertex 68074.4297 67397.1875 30928.1758
   vertex 68316.9531 67560.5156 30688.3125
  endloop
 endfacet
facet normal -0.81932497 0.47094211 -0.326986402
  outer loop
   vertex 67962.1953 67173.7109 30887.5449
   vertex 68074.4297 67397.1875 30928.1758
   vertex 68088.4688 67284.3281 30730.4551
  endloop
 endfacet
facet normal 0.0880205482 0.616924524 -0.782084703
  outer loop
   vertex 68288.7734 67304.2578 30178.9043
   vertex 68301.9922 67292.3203 30170.9746
   vertex 68268.6875 67290.2031 30165.5586
  endloop
 endfacet
facet normal -0.669869244 0.612605989 0.419510543
  outer loop
   vertex 68266.6562 67240.6562 30236.4707
   vertex 68377.875 67351.1875 30252.6445
   vertex 68288.7734 67304.2578 30178.9043
  endloop
 endfacet
facet normal -0.633753955 0.689075351 -0.351469874
  outer loop
   vertex 68266.6562 67240.6562 30236.4707
   vertex 68195.0703 67303.2188 30488.2109
   vertex 68377.875 67351.1875 30252.6445
  endloop
 endfacet
facet normal -0.701661229 0.569202125 -0.428579539
  outer loop
   vertex 68195.0703 67303.2188 30488.2109
   vertex 68371.4766 67489.2734 30446.502
   vertex 68377.875 67351.1875 30252.6445
  endloop
 endfacet
facet normal -0.448053718 0.721120477 -0.528425157
  outer loop
   vertex 68371.4766 67489.2734 30446.502
   vertex 68493.6719 67484.0234 30335.7324
   vertex 68377.875 67351.1875 30252.6445
  endloop
 endfacet
facet normal 0.208825931 0.690934479 -0.692099214
  outer loop
   vertex 68377.875 67351.1875 30252.6445
   vertex 68301.9922 67292.3203 30170.9746
   vertex 68288.7734 67304.2578 30178.9043
  endloop
 endfacet
facet normal -0.236378685 0.602201223 -0.762547612
  outer loop
   vertex 68378.6797 67226.2969 30153.7617
   vertex 68377.875 67351.1875 30252.6445
   vertex 68511.8516 67292.7734 30164.9805
  endloop
 endfacet
facet normal 0.338640302 0.585392296 -0.736640096
  outer loop
   vertex 68301.9922 67292.3203 30170.9746
   vertex 68377.875 67351.1875 30252.6445
   vertex 68378.6797 67226.2969 30153.7617
  endloop
 endfacet
facet normal -0.193792686 0.527766526 -0.826986611
  outer loop
   vertex 68497.7891 67208.1406 30114.2656
   vertex 68378.6797 67226.2969 30153.7617
   vertex 68511.8516 67292.7734 30164.9805
  endloop
 endfacet
facet normal -0.860574722 0.339113384 -0.38001743
  outer loop
   vertex 67962.1953 67173.7109 30887.5449
   vertex 67925.1875 67051.7656 30862.5234
   vertex 67878.2188 67046.8125 30964.4707
  endloop
 endfacet
facet normal -0.361137241 0.837064862 -0.410977244
  outer loop
   vertex 68447.8047 67643.9453 30593.4121
   vertex 68431.6172 67607.8594 30534.1367
   vertex 68394.0547 67618.7578 30589.3418
  endloop
 endfacet
facet normal -0.712209463 0.613396108 -0.341325223
  outer loop
   vertex 68316.9531 67560.5156 30688.3125
   vertex 68431.6172 67607.8594 30534.1367
   vertex 68371.4766 67489.2734 30446.502
  endloop
 endfacet
facet normal -0.539204657 0.767095923 -0.347594857
  outer loop
   vertex 68316.9531 67560.5156 30688.3125
   vertex 68371.4766 67489.2734 30446.502
   vertex 68253.1953 67439.3984 30519.9219
  endloop
 endfacet
facet normal -0.0463452712 0.558459759 -0.828235924
  outer loop
   vertex 68377.875 67351.1875 30252.6445
   vertex 68493.6719 67484.0234 30335.7324
   vertex 68673.6484 67440.4375 30296.2734
  endloop
 endfacet
facet normal -0.121277444 0.730461121 -0.672099948
  outer loop
   vertex 68511.8516 67292.7734 30164.9805
   vertex 68377.875 67351.1875 30252.6445
   vertex 68673.6484 67440.4375 30296.2734
  endloop
 endfacet
facet normal -0.294505507 0.941701591 -0.162679493
  outer loop
   vertex 68447.8047 67643.9453 30593.4121
   vertex 68602.9844 67707.6562 30681.2754
   vertex 68510.8047 67655.2734 30544.9258
  endloop
 endfacet
facet normal -0.169588894 0.902121425 0.396757543
  outer loop
   vertex 68741.3125 67613.0703 30472.6602
   vertex 68646.7812 67627.2109 30400.0918
   vertex 68572.7891 67599.2109 30432.1328
  endloop
 endfacet
facet normal 0.0838014558 0.9099226 -0.40622437
  outer loop
   vertex 68602.9844 67707.6562 30681.2754
   vertex 68572.7891 67599.2109 30432.1328
   vertex 68510.8047 67655.2734 30544.9258
  endloop
 endfacet
facet normal 0.0211753417 0.915756941 -0.401174247
  outer loop
   vertex 68741.3125 67613.0703 30472.6602
   vertex 68572.7891 67599.2109 30432.1328
   vertex 68602.9844 67707.6562 30681.2754
  endloop
 endfacet
facet normal -0.71476686 0.667295218 -0.209345266
  outer loop
   vertex 68253.1953 67439.3984 30519.9219
   vertex 68206.3906 67404.2812 30567.8125
   vertex 68316.9531 67560.5156 30688.3125
  endloop
 endfacet
facet normal -0.774089515 0.625095844 -0.100202978
  outer loop
   vertex 68088.4688 67284.3281 30730.4551
   vertex 68316.9531 67560.5156 30688.3125
   vertex 68206.3906 67404.2812 30567.8125
  endloop
 endfacet
facet normal -0.364726067 0.738268495 -0.567392707
  outer loop
   vertex 68510.8047 67655.2734 30544.9258
   vertex 68572.7891 67599.2109 30432.1328
   vertex 68431.6172 67607.8594 30534.1367
  endloop
 endfacet
facet normal -0.408868402 0.667346776 -0.622474849
  outer loop
   vertex 68572.7891 67599.2109 30432.1328
   vertex 68371.4766 67489.2734 30446.502
   vertex 68431.6172 67607.8594 30534.1367
  endloop
 endfacet
facet normal 0.433761001 0.554925501 -0.70986551
  outer loop
   vertex 68622.6172 67627.1406 30385.2715
   vertex 68646.7812 67627.2109 30400.0918
   vertex 68651.1953 67598 30379.9551
  endloop
 endfacet
facet normal -0.519027352 -0.368290693 -0.771344662
  outer loop
   vertex 68622.6172 67627.1406 30385.2715
   vertex 68651.1953 67598 30379.9551
   vertex 68572.7891 67599.2109 30432.1328
  endloop
 endfacet
facet normal -0.516785443 0.342950076 -0.7844221
  outer loop
   vertex 68651.1953 67598 30379.9551
   vertex 68673.6484 67440.4375 30296.2734
   vertex 68572.7891 67599.2109 30432.1328
  endloop
 endfacet
facet normal 0.676023483 -0.186968923 0.712765634
  outer loop
   vertex 68991.9609 66881.2734 30165.998
   vertex 69001.7344 66928.4688 30169.1035
   vertex 68946.9375 66875.2188 30207.1133
  endloop
 endfacet
facet normal 0.389738858 0.234250858 -0.890634716
  outer loop
   vertex 69293.2656 67292.4453 30457.6406
   vertex 69347.6953 67305.4375 30484.875
   vertex 69350.2266 67261.25 30474.3613
  endloop
 endfacet
facet normal 0.227695674 0.676946461 -0.69992727
  outer loop
   vertex 69105.5469 67381.2422 30431.0215
   vertex 69085.25 67282.7422 30329.1543
   vertex 68922.0703 67248.2344 30242.6973
  endloop
 endfacet
facet normal -0.079300046 0.971079886 -0.225200683
  outer loop
   vertex 69177.2734 67189.8828 30361.4121
   vertex 69327.2812 67233.2578 30495.6328
   vertex 69329.5547 67221.9766 30446.1699
  endloop
 endfacet
facet normal 0.677425861 -0.0800962001 -0.731217384
  outer loop
   vertex 69177.2734 67189.8828 30361.4121
   vertex 69293.2656 67292.4453 30457.6406
   vertex 69327.2812 67233.2578 30495.6328
  endloop
 endfacet
facet normal 0.42581448 0.621446013 -0.657637358
  outer loop
   vertex 68907.0312 67406.1484 30326.0293
   vertex 68893.1484 67500.4531 30406.1484
   vertex 69105.5469 67381.2422 30431.0215
  endloop
 endfacet
facet normal 0.442526817 0.130317479 -0.88723582
  outer loop
   vertex 69085.25 67282.7422 30329.1543
   vertex 69177.2734 67189.8828 30361.4121
   vertex 68922.0703 67248.2344 30242.6973
  endloop
 endfacet
facet normal -0.0108403582 0.64613843 -0.763143301
  outer loop
   vertex 68493.6719 67484.0234 30335.7324
   vertex 68572.7891 67599.2109 30432.1328
   vertex 68673.6484 67440.4375 30296.2734
  endloop
 endfacet
facet normal 0.178981125 0.667943716 -0.722369015
  outer loop
   vertex 68741.3125 67613.0703 30472.6602
   vertex 68893.1484 67500.4531 30406.1484
   vertex 68673.6484 67440.4375 30296.2734
  endloop
 endfacet
facet normal 0.607831538 0.438303679 -0.662140965
  outer loop
   vertex 68651.1953 67598 30379.9551
   vertex 68741.3125 67613.0703 30472.6602
   vertex 68673.6484 67440.4375 30296.2734
  endloop
 endfacet
facet normal 0.566558778 0.524011075 -0.635942996
  outer loop
   vertex 68646.7812 67627.2109 30400.0918
   vertex 68741.3125 67613.0703 30472.6602
   vertex 68651.1953 67598 30379.9551
  endloop
 endfacet
facet normal 0.189391896 0.651809454 -0.734353542
  outer loop
   vertex 68893.1484 67500.4531 30406.1484
   vertex 68907.0312 67406.1484 30326.0293
   vertex 68673.6484 67440.4375 30296.2734
  endloop
 endfacet
facet normal 0.179429531 0.47243613 -0.86290735
  outer loop
   vertex 68922.0703 67248.2344 30242.6973
   vertex 68673.6484 67440.4375 30296.2734
   vertex 68907.0312 67406.1484 30326.0293
  endloop
 endfacet
facet normal 0.235455737 0.531183124 -0.813882709
  outer loop
   vertex 68667.0938 67192.3906 30132.4863
   vertex 68673.6484 67440.4375 30296.2734
   vertex 68922.0703 67248.2344 30242.6973
  endloop
 endfacet
facet normal 0.461272687 0.448046952 -0.765820742
  outer loop
   vertex 68922.0703 67248.2344 30242.6973
   vertex 68907.0312 67406.1484 30326.0293
   vertex 69105.5469 67381.2422 30431.0215
  endloop
 endfacet
facet normal 0.567169428 0.633120596 -0.526760995
  outer loop
   vertex 69099.25 67695.0703 30824.3633
   vertex 69224.2422 67504.75 30730.1953
   vertex 69000.1406 67584.7734 30585.084
  endloop
 endfacet
facet normal 0.329356104 0.798211515 -0.504363954
  outer loop
   vertex 68869.4844 67723.2422 30718.9043
   vertex 69099.25 67695.0703 30824.3633
   vertex 69000.1406 67584.7734 30585.084
  endloop
 endfacet
facet normal -0.064069584 0.944387138 -0.322533756
  outer loop
   vertex 69293.2656 67292.4453 30457.6406
   vertex 69314.3984 67323.9375 30545.6562
   vertex 69347.6953 67305.4375 30484.875
  endloop
 endfacet
facet normal 0.438045293 0.807884932 -0.394256592
  outer loop
   vertex 69105.5469 67381.2422 30431.0215
   vertex 69314.3984 67323.9375 30545.6562
   vertex 69293.2656 67292.4453 30457.6406
  endloop
 endfacet
facet normal 0.470214665 0.734241664 -0.489680856
  outer loop
   vertex 69105.5469 67381.2422 30431.0215
   vertex 69224.2422 67504.75 30730.1953
   vertex 69314.3984 67323.9375 30545.6562
  endloop
 endfacet
facet normal 0.961315036 0.275023162 -0.015351817
  outer loop
   vertex 69255.6562 67618.0625 30986.2422
   vertex 69285.9375 67520.5703 31135.9922
   vertex 69312.2734 67416.9766 30929.459
  endloop
 endfacet
facet normal 0.979654968 -0.0039035615 -0.200651065
  outer loop
   vertex 69255.6562 67618.0625 30986.2422
   vertex 69280.7891 67620.7031 31108.9023
   vertex 69285.9375 67520.5703 31135.9922
  endloop
 endfacet
facet normal 0.908912539 0.328471631 -0.256874323
  outer loop
   vertex 69255.6562 67618.0625 30986.2422
   vertex 69312.2734 67416.9766 30929.459
   vertex 69224.2422 67504.75 30730.1953
  endloop
 endfacet
facet normal 0.87455976 0.446215034 -0.189834997
  outer loop
   vertex 69224.2422 67504.75 30730.1953
   vertex 69312.2734 67416.9766 30929.459
   vertex 69333.9141 67291.9219 30735.1914
  endloop
 endfacet
facet normal 0.996872604 0.029145509 0.0734540448
  outer loop
   vertex 69304.4453 67314.25 31076.4492
   vertex 69318.5625 67230.8516 30917.9492
   vertex 69312.2734 67416.9766 30929.459
  endloop
 endfacet
facet normal 0.888962448 0.457759917 -0.0141988229
  outer loop
   vertex 69314.3984 67323.9375 30545.6562
   vertex 69224.2422 67504.75 30730.1953
   vertex 69333.9141 67291.9219 30735.1914
  endloop
 endfacet
facet normal 0.788928688 -0.207107559 0.578530908
  outer loop
   vertex 69327.2812 67233.2578 30495.6328
   vertex 69350.2266 67261.25 30474.3613
   vertex 69314.3984 67323.9375 30545.6562
  endloop
 endfacet
facet normal 0.942631125 0.253620446 -0.217078939
  outer loop
   vertex 69327.2812 67233.2578 30495.6328
   vertex 69314.3984 67323.9375 30545.6562
   vertex 69348.3359 67246.4688 30602.5098
  endloop
 endfacet
facet normal 0.866108656 -0.0682059377 0.495180547
  outer loop
   vertex 69314.3984 67323.9375 30545.6562
   vertex 69350.2266 67261.25 30474.3613
   vertex 69347.6953 67305.4375 30484.875
  endloop
 endfacet
facet normal 0.6701352 0.462399304 -0.58060801
  outer loop
   vertex 69085.25 67282.7422 30329.1543
   vertex 69105.5469 67381.2422 30431.0215
   vertex 69177.2734 67189.8828 30361.4121
  endloop
 endfacet
facet normal 0.322158307 0.427940279 -0.844441354
  outer loop
   vertex 69293.2656 67292.4453 30457.6406
   vertex 69177.2734 67189.8828 30361.4121
   vertex 69105.5469 67381.2422 30431.0215
  endloop
 endfacet
facet normal 0.46009171 0.372664183 -0.805876553
  outer loop
   vertex 69177.2734 67189.8828 30361.4121
   vertex 68999.3594 67042.0625 30191.4805
   vertex 68922.0703 67248.2344 30242.6973
  endloop
 endfacet
facet normal -0.0694895759 -0.566874146 -0.820868373
  outer loop
   vertex 69327.2812 67233.2578 30495.6328
   vertex 69293.2656 67292.4453 30457.6406
   vertex 69350.2266 67261.25 30474.3613
  endloop
 endfacet
facet normal -0.820100725 0.548547328 -0.162882358
  outer loop
   vertex 69329.5547 67221.9766 30446.1699
   vertex 69327.2812 67233.2578 30495.6328
   vertex 69350.2266 67261.25 30474.3613
  endloop
 endfacet
facet normal 0.968638539 -0.240717292 -0.061600171
  outer loop
   vertex 69307.2812 67114.8672 30643.793
   vertex 69308.9844 67165.2969 30473.4941
   vertex 69327.2812 67233.2578 30495.6328
  endloop
 endfacet
facet normal 0.311683893 0.440331459 -0.841998458
  outer loop
   vertex 69329.5547 67221.9766 30446.1699
   vertex 69350.2266 67261.25 30474.3613
   vertex 69358.5859 67224.6484 30458.3164
  endloop
 endfacet
facet normal 0.814726114 -0.481988877 0.322347701
  outer loop
   vertex 69105 66947.0312 30812.5059
   vertex 69112.4219 66898.3906 30721.0176
   vertex 69169.2266 66937.4531 30635.8477
  endloop
 endfacet
facet normal 0.55605197 -0.794147491 0.245226517
  outer loop
   vertex 69105 66947.0312 30812.5059
   vertex 69169.2266 66937.4531 30635.8477
   vertex 69235.3438 67013.6641 30732.7305
  endloop
 endfacet
facet normal 0.092368491 0.160777181 -0.982659042
  outer loop
   vertex 68806.0859 67071.0938 30125.707
   vertex 68667.0938 67192.3906 30132.4863
   vertex 68802.7266 67174.5547 30142.3164
  endloop
 endfacet
facet normal 0.420743376 0.523542464 -0.740863204
  outer loop
   vertex 68806.0859 67071.0938 30125.707
   vertex 68701.6641 67107.0547 30091.8164
   vertex 68667.0938 67192.3906 30132.4863
  endloop
 endfacet
facet normal 0.581800938 0.147322267 -0.799877405
  outer loop
   vertex 68806.0859 67071.0938 30125.707
   vertex 68802.7266 67174.5547 30142.3164
   vertex 68922.0703 67248.2344 30242.6973
  endloop
 endfacet
facet normal 0.175838023 -0.35484767 -0.918239653
  outer loop
   vertex 68701.6641 67107.0547 30091.8164
   vertex 68806.0859 67071.0938 30125.707
   vertex 68633 67056.0625 30098.373
  endloop
 endfacet
facet normal 0.143289819 0.708839178 -0.690662801
  outer loop
   vertex 68922.0703 67248.2344 30242.6973
   vertex 68802.7266 67174.5547 30142.3164
   vertex 68667.0938 67192.3906 30132.4863
  endloop
 endfacet
facet normal 0.157109305 -0.0133417137 -0.987491071
  outer loop
   vertex 68684.8906 66960.1172 30107.9238
   vertex 68633 67056.0625 30098.373
   vertex 68806.0859 67071.0938 30125.707
  endloop
 endfacet
facet normal 0.245371178 -0.967498481 0.0611525699
  outer loop
   vertex 68984.6094 66844.3594 30553.5625
   vertex 69015.1484 66861.5312 30702.7812
   vertex 68837.8125 66812.3125 30635.6367
  endloop
 endfacet
facet normal 0.201263398 -0.979282498 -0.0223350655
  outer loop
   vertex 68771.1875 66801.7891 30496.7637
   vertex 68984.6094 66844.3594 30553.5625
   vertex 68837.8125 66812.3125 30635.6367
  endloop
 endfacet
facet normal 0.953089774 -0.239154831 0.185539454
  outer loop
   vertex 69348.3359 67246.4688 30602.5098
   vertex 69333.9141 67291.9219 30735.1914
   vertex 69307.2812 67114.8672 30643.793
  endloop
 endfacet
facet normal 0.982852936 -0.0573957339 -0.175230876
  outer loop
   vertex 69333.9141 67291.9219 30735.1914
   vertex 69335.9297 67180.875 30782.8691
   vertex 69307.2812 67114.8672 30643.793
  endloop
 endfacet
facet normal 0.820654154 -0.562940657 0.0981046855
  outer loop
   vertex 69307.2812 67114.8672 30643.793
   vertex 69335.9297 67180.875 30782.8691
   vertex 69272.1172 67094.8906 30823.2715
  endloop
 endfacet
facet normal 0.853364229 -0.50947696 0.110465795
  outer loop
   vertex 69235.3438 67013.6641 30732.7305
   vertex 69307.2812 67114.8672 30643.793
   vertex 69272.1172 67094.8906 30823.2715
  endloop
 endfacet
facet normal 0.481608868 -0.409450144 0.774857044
  outer loop
   vertex 69307.2812 67114.8672 30643.793
   vertex 69169.2266 66937.4531 30635.8477
   vertex 69267.7734 66999.3047 30607.2812
  endloop
 endfacet
facet normal 0.789161146 -0.611484766 -0.0575417802
  outer loop
   vertex 69307.2812 67114.8672 30643.793
   vertex 69235.3438 67013.6641 30732.7305
   vertex 69169.2266 66937.4531 30635.8477
  endloop
 endfacet
facet normal 0.518894374 -0.509815872 0.686175168
  outer loop
   vertex 69169.2266 66937.4531 30635.8477
   vertex 69252.5234 66971.0391 30597.8105
   vertex 69267.7734 66999.3047 30607.2812
  endloop
 endfacet
facet normal 0.0584842414 -0.99715662 0.0475215614
  outer loop
   vertex 68607.9297 66798 30618.0977
   vertex 68771.1875 66801.7891 30496.7637
   vertex 68837.8125 66812.3125 30635.6367
  endloop
 endfacet
facet normal 0.612642527 -0.716714978 0.333149701
  outer loop
   vertex 69272.1172 67094.8906 30823.2715
   vertex 69193.0547 67121.6875 31026.3125
   vertex 69105 66947.0312 30812.5059
  endloop
 endfacet
facet normal 0.180973187 -0.957638264 0.224003613
  outer loop
   vertex 68789.5234 66845.6875 30817.3086
   vertex 68837.8125 66812.3125 30635.6367
   vertex 69015.1484 66861.5312 30702.7812
  endloop
 endfacet
facet normal 0.346172601 0.266755342 -0.89944768
  outer loop
   vertex 68999.3594 67042.0625 30191.4805
   vertex 68960.3516 66969.6406 30154.9922
   vertex 68806.0859 67071.0938 30125.707
  endloop
 endfacet
facet normal 0.0751193389 -0.981203914 -0.177752391
  outer loop
   vertex 68771.1875 66801.7891 30496.7637
   vertex 68537.7031 66810.0469 30352.5195
   vertex 68876.6328 66835.5078 30355.2207
  endloop
 endfacet
facet normal -0.00875508413 -0.999036312 -0.0430086628
  outer loop
   vertex 68607.9297 66798 30618.0977
   vertex 68537.7031 66810.0469 30352.5195
   vertex 68771.1875 66801.7891 30496.7637
  endloop
 endfacet
facet normal 0.552787781 -0.708554983 -0.438606322
  outer loop
   vertex 68984.6094 66844.3594 30553.5625
   vertex 69169.2266 66937.4531 30635.8477
   vertex 69070.2734 66862.2344 30632.6445
  endloop
 endfacet
facet normal 0.150438771 -0.920005977 0.361880094
  outer loop
   vertex 68950.4922 66887.2109 30855.959
   vertex 68789.5234 66845.6875 30817.3086
   vertex 68974.1484 66868.9609 30799.7383
  endloop
 endfacet
facet normal 0.233931661 -0.850469232 0.471145451
  outer loop
   vertex 69112.4219 66898.3906 30721.0176
   vertex 69105 66947.0312 30812.5059
   vertex 69015.1484 66861.5312 30702.7812
  endloop
 endfacet
facet normal 0.474830896 -0.839203537 0.265090585
  outer loop
   vertex 69015.1484 66861.5312 30702.7812
   vertex 69105 66947.0312 30812.5059
   vertex 68974.1484 66868.9609 30799.7383
  endloop
 endfacet
facet normal 0.136427626 -0.981692553 0.132918298
  outer loop
   vertex 68789.5234 66845.6875 30817.3086
   vertex 69015.1484 66861.5312 30702.7812
   vertex 68974.1484 66868.9609 30799.7383
  endloop
 endfacet
facet normal 0.429004788 -0.790520132 0.437073052
  outer loop
   vertex 69105 66947.0312 30812.5059
   vertex 68950.4922 66887.2109 30855.959
   vertex 68974.1484 66868.9609 30799.7383
  endloop
 endfacet
facet normal 0.0463769324 -0.980224669 0.192376524
  outer loop
   vertex 68789.5234 66845.6875 30817.3086
   vertex 68607.9297 66798 30618.0977
   vertex 68837.8125 66812.3125 30635.6367
  endloop
 endfacet
facet normal 0.484599829 -0.868445516 -0.104716003
  outer loop
   vertex 69169.2266 66937.4531 30635.8477
   vertex 68984.6094 66844.3594 30553.5625
   vertex 69086.3672 66916.3047 30427.7969
  endloop
 endfacet
facet normal 0.692832768 -0.640107334 -0.332032144
  outer loop
   vertex 69190.7266 67042.2578 30402.7422
   vertex 69086.3672 66916.3047 30427.7969
   vertex 69032.3281 66954.4844 30241.4434
  endloop
 endfacet
facet normal 0.0753113553 -0.99317944 -0.0890102461
  outer loop
   vertex 68537.7031 66810.0469 30352.5195
   vertex 68761.3984 66839.5234 30212.9121
   vertex 68876.6328 66835.5078 30355.2207
  endloop
 endfacet
facet normal 0.21368964 -0.974181473 -0.0728505328
  outer loop
   vertex 68984.6094 66844.3594 30553.5625
   vertex 68771.1875 66801.7891 30496.7637
   vertex 68876.6328 66835.5078 30355.2207
  endloop
 endfacet
facet normal 0.204550982 0.660833299 -0.722120643
  outer loop
   vertex 68845.0938 66910.3672 30148.0352
   vertex 69032.3281 66954.4844 30241.4434
   vertex 68977.4609 66894.7422 30171.2363
  endloop
 endfacet
facet normal 0.422707379 -0.764881849 -0.486080527
  outer loop
   vertex 68960.3516 66969.6406 30154.9922
   vertex 69032.3281 66954.4844 30241.4434
   vertex 68845.0938 66910.3672 30148.0352
  endloop
 endfacet
facet normal 0.748658657 -0.57246232 -0.334360778
  outer loop
   vertex 68999.3359 66878.5781 30297.5234
   vertex 69032.3281 66954.4844 30241.4434
   vertex 69086.3672 66916.3047 30427.7969
  endloop
 endfacet
facet normal -0.800993383 0.584726751 0.128468916
  outer loop
   vertex 69032.3281 66954.4844 30241.4434
   vertex 69001.7344 66928.4688 30169.1035
   vertex 68977.4609 66894.7422 30171.2363
  endloop
 endfacet
facet normal -0.694399118 -0.531727254 0.484846354
  outer loop
   vertex 69032.3281 66954.4844 30241.4434
   vertex 68960.3516 66969.6406 30154.9922
   vertex 69001.7344 66928.4688 30169.1035
  endloop
 endfacet
facet normal 0.706039846 -0.592959404 -0.387178153
  outer loop
   vertex 68946.9375 66875.2188 30207.1133
   vertex 69032.3281 66954.4844 30241.4434
   vertex 68999.3359 66878.5781 30297.5234
  endloop
 endfacet
facet normal 0.686227083 -0.726815283 -0.0288443156
  outer loop
   vertex 68946.9375 66875.2188 30207.1133
   vertex 69001.7344 66928.4688 30169.1035
   vertex 69032.3281 66954.4844 30241.4434
  endloop
 endfacet
facet normal 0.115688652 -0.109078683 -0.987278044
  outer loop
   vertex 68845.0938 66910.3672 30148.0352
   vertex 68806.0859 67071.0938 30125.707
   vertex 68960.3516 66969.6406 30154.9922
  endloop
 endfacet
facet normal 0.173407048 -0.216261357 -0.960812688
  outer loop
   vertex 68655.4844 66881.6797 30120.2715
   vertex 68684.8906 66960.1172 30107.9238
   vertex 68845.0938 66910.3672 30148.0352
  endloop
 endfacet
facet normal 0.217965499 -0.0822018608 -0.972488523
  outer loop
   vertex 68806.0859 67071.0938 30125.707
   vertex 68845.0938 66910.3672 30148.0352
   vertex 68684.8906 66960.1172 30107.9238
  endloop
 endfacet
facet normal 0.347350001 -0.936912954 0.0392693356
  outer loop
   vertex 69086.3672 66916.3047 30427.7969
   vertex 68876.6328 66835.5078 30355.2207
   vertex 68999.3359 66878.5781 30297.5234
  endloop
 endfacet
facet normal 0.180823833 -0.968048811 -0.173736095
  outer loop
   vertex 68876.6328 66835.5078 30355.2207
   vertex 68761.3984 66839.5234 30212.9121
   vertex 68946.9375 66875.2188 30207.1133
  endloop
 endfacet
facet normal 0.275986522 -0.953058124 -0.124545805
  outer loop
   vertex 68999.3359 66878.5781 30297.5234
   vertex 68876.6328 66835.5078 30355.2207
   vertex 68946.9375 66875.2188 30207.1133
  endloop
 endfacet
facet normal 0.991950035 -0.0041434695 0.126561865
  outer loop
   vertex 69003.8906 66968.75 30153.5742
   vertex 68999.3594 67042.0625 30191.4805
   vertex 69001.7344 66928.4688 30169.1035
  endloop
 endfacet
facet normal 0.37174806 -0.509185851 -0.776230097
  outer loop
   vertex 69329.5547 67221.9766 30446.1699
   vertex 69358.5859 67224.6484 30458.3164
   vertex 69308.9844 67165.2969 30473.4941
  endloop
 endfacet
facet normal -0.24249433 0.113637932 -0.963474393
  outer loop
   vertex 69001.7344 66928.4688 30169.1035
   vertex 68991.9609 66881.2734 30165.998
   vertex 68977.4609 66894.7422 30171.2363
  endloop
 endfacet
facet normal -0.0195531212 0.458251238 -0.888607621
  outer loop
   vertex 68999.3594 67042.0625 30191.4805
   vertex 69003.8906 66968.75 30153.5742
   vertex 68960.3516 66969.6406 30154.9922
  endloop
 endfacet
facet normal -0.0377345234 -0.357687116 -0.933078766
  outer loop
   vertex 69001.7344 66928.4688 30169.1035
   vertex 68960.3516 66969.6406 30154.9922
   vertex 69003.8906 66968.75 30153.5742
  endloop
 endfacet
facet normal 0.869494319 -0.353575617 -0.344911426
  outer loop
   vertex 69267.7734 66999.3047 30607.2812
   vertex 69252.5234 66971.0391 30597.8105
   vertex 69247.1562 67013.2422 30541.0117
  endloop
 endfacet
facet normal 0.763324738 -0.494794011 -0.415348381
  outer loop
   vertex 69190.7266 67042.2578 30402.7422
   vertex 69308.9844 67165.2969 30473.4941
   vertex 69247.1562 67013.2422 30541.0117
  endloop
 endfacet
facet normal 0.587004781 -0.795000076 -0.152971596
  outer loop
   vertex 69169.2266 66937.4531 30635.8477
   vertex 69086.3672 66916.3047 30427.7969
   vertex 69247.1562 67013.2422 30541.0117
  endloop
 endfacet
facet normal 0.622714162 -0.157789677 -0.76637429
  outer loop
   vertex 69308.9844 67165.2969 30473.4941
   vertex 69190.7266 67042.2578 30402.7422
   vertex 69177.2734 67189.8828 30361.4121
  endloop
 endfacet
facet normal 0.496948808 -0.516567826 -0.697280109
  outer loop
   vertex 69308.9844 67165.2969 30473.4941
   vertex 69177.2734 67189.8828 30361.4121
   vertex 69329.5547 67221.9766 30446.1699
  endloop
 endfacet
facet normal 0.0489359908 -0.799491405 -0.598680913
  outer loop
   vertex 69252.5234 66971.0391 30597.8105
   vertex 69169.2266 66937.4531 30635.8477
   vertex 69247.1562 67013.2422 30541.0117
  endloop
 endfacet
facet normal -0.599279523 -0.368685335 -0.710587919
  outer loop
   vertex 68991.9609 66881.2734 30165.998
   vertex 68946.9375 66875.2188 30207.1133
   vertex 68977.4609 66894.7422 30171.2363
  endloop
 endfacet
facet normal 0.902707279 0.101295121 -0.418161273
  outer loop
   vertex 69001.7344 66928.4688 30169.1035
   vertex 68999.3594 67042.0625 30191.4805
   vertex 69032.3281 66954.4844 30241.4434
  endloop
 endfacet
facet normal 0.732125938 -0.10803429 -0.672547519
  outer loop
   vertex 68999.3594 67042.0625 30191.4805
   vertex 69177.2734 67189.8828 30361.4121
   vertex 69032.3281 66954.4844 30241.4434
  endloop
 endfacet
facet normal 0.739847064 -0.117986158 -0.662348509
  outer loop
   vertex 69190.7266 67042.2578 30402.7422
   vertex 69032.3281 66954.4844 30241.4434
   vertex 69177.2734 67189.8828 30361.4121
  endloop
 endfacet
endsolid MATLAB_1
