solid MATLAB_1
facet normal -0.118528448 0.984617591 -0.128371164
  outer loop
   vertex 26342.6289 17344.748 50774.1875
   vertex 26207.7207 17323.5 50735.7734
   vertex 26251.793 17336.1562 50792.1484
  endloop
 endfacet
facet normal -0.16594854 -0.973061323 0.160039723
  outer loop
   vertex 25639.4629 16220.5254 51660.3672
   vertex 25843.9609 16167.0137 51547.0586
   vertex 25791.6973 16213.9561 51778.2812
  endloop
 endfacet
facet normal 0.101196535 -0.88675952 0.451017499
  outer loop
   vertex 24805.7559 15724.3848 50291.4023
   vertex 25024.1836 15865.583 50520.0078
   vertex 24917.4629 15939.2715 50688.8359
  endloop
 endfacet
facet normal 0.00986198988 -0.880766332 0.473448396
  outer loop
   vertex 24738.2812 15827.8984 50485.3789
   vertex 24805.7559 15724.3848 50291.4023
   vertex 24917.4629 15939.2715 50688.8359
  endloop
 endfacet
facet normal 0.612761736 0.565206349 0.552326739
  outer loop
   vertex 26052.9844 17073.0801 52213
   vertex 26083.9473 17037.6289 52214.9258
   vertex 26069.0703 17110.0938 52157.2773
  endloop
 endfacet
facet normal -0.360722065 -0.898568332 0.249909163
  outer loop
   vertex 25447.5781 16085.2314 51216.8125
   vertex 25383.4551 16048.0889 50990.707
   vertex 25512.1992 16026.8066 51100.0156
  endloop
 endfacet
facet normal -0.357856095 -0.928813517 0.0961479992
  outer loop
   vertex 25848.8281 16683.0293 52296.5508
   vertex 25827.6426 16690.8184 52292.9375
   vertex 25877.9492 16663.5352 52216.6289
  endloop
 endfacet
facet normal -0.351512104 0.816831708 0.457411438
  outer loop
   vertex 25872.541 17055.5234 52152.5977
   vertex 26002.0996 17095.6719 52180.4648
   vertex 25944.2031 17130.3594 52074.0273
  endloop
 endfacet
facet normal -0.526652455 0.813769579 -0.245797172
  outer loop
   vertex 25458.8008 16968.1152 50579.918
   vertex 25280.3984 16857.0527 50594.4648
   vertex 25298.9375 16879.0918 50627.707
  endloop
 endfacet
facet normal -0.520506859 0.795434117 -0.310414493
  outer loop
   vertex 25373.6152 16868.7793 50468.207
   vertex 25280.3984 16857.0527 50594.4648
   vertex 25458.8008 16968.1152 50579.918
  endloop
 endfacet
facet normal -0.90618521 -0.238626704 0.349121213
  outer loop
   vertex 25376.2148 16242.5205 51390.7031
   vertex 25427.9512 16220.6006 51510.0078
   vertex 25398.0508 16368.5928 51533.5508
  endloop
 endfacet
facet normal -0.868562162 -0.298124582 0.395880669
  outer loop
   vertex 25357.707 16416.4922 51481.1055
   vertex 25376.2148 16242.5205 51390.7031
   vertex 25398.0508 16368.5928 51533.5508
  endloop
 endfacet
facet normal -0.715010643 -0.0516041666 0.697206438
  outer loop
   vertex 25744.2168 16722.5859 52257.957
   vertex 25663.9961 16784.0762 52180.2422
   vertex 25595.8516 16630.7148 52099.0039
  endloop
 endfacet
facet normal -0.670940042 -0.166623101 0.722548425
  outer loop
   vertex 25744.2168 16722.5859 52257.957
   vertex 25595.8516 16630.7148 52099.0039
   vertex 25641.9629 16590.5312 52132.5547
  endloop
 endfacet
facet normal 0.336359382 0.514542818 -0.78873831
  outer loop
   vertex 27144.6445 17372.1895 49330.1367
   vertex 27171.9883 17311.3203 49302.0898
   vertex 27139.8184 17294.1387 49277.1641
  endloop
 endfacet
facet normal 0.356194496 -0.905787528 -0.229509115
  outer loop
   vertex 26499.7578 16632.5234 50266.9102
   vertex 26383.123 16606.3223 50189.3047
   vertex 26545.6953 16659.3164 50232.4609
  endloop
 endfacet
facet normal 0.414756238 -0.898218632 -0.14553532
  outer loop
   vertex 26562.8418 16662.8086 50259.7734
   vertex 26499.7578 16632.5234 50266.9102
   vertex 26545.6953 16659.3164 50232.4609
  endloop
 endfacet
facet normal -0.468758076 0.845669568 -0.255164325
  outer loop
   vertex 24974.3809 16644.498 50614.7188
   vertex 25095.4863 16662.957 50453.418
   vertex 24938.0156 16607.0332 50557.3555
  endloop
 endfacet
facet normal -0.551265419 0.768005013 -0.325998157
  outer loop
   vertex 24974.3809 16644.498 50614.7188
   vertex 25137.0547 16752.7324 50594.6211
   vertex 25095.4863 16662.957 50453.418
  endloop
 endfacet
facet normal -0.571319401 0.725910366 -0.382946879
  outer loop
   vertex 25921.8164 17145.6992 50178.1719
   vertex 26059.7734 17243.0918 50156.9688
   vertex 26022.8887 17184.9258 50101.7383
  endloop
 endfacet
facet normal 0.0519042686 0.375719309 0.925278842
  outer loop
   vertex 26034.7168 17150.668 52156.3008
   vertex 26002.0996 17095.6719 52180.4648
   vertex 26050.8984 17141.9043 52158.9531
  endloop
 endfacet
facet normal -0.487001866 0.863066494 -0.133960485
  outer loop
   vertex 26399.9648 17356.8809 49996.168
   vertex 26258.7754 17266.2598 49925.6055
   vertex 26190.3809 17244.0156 50030.9258
  endloop
 endfacet
facet normal -0.455240428 -0.826597869 0.330895901
  outer loop
   vertex 25568.3223 16017.7373 51253.3945
   vertex 25533.5801 16058.1768 51306.6211
   vertex 25538.0801 16025.3252 51230.7461
  endloop
 endfacet
facet normal 0.234550864 -0.817842066 -0.525471449
  outer loop
   vertex 25944.7031 16141.125 51136.1289
   vertex 26051.9844 16194.1348 51101.5117
   vertex 26017.5059 16161.1885 51137.3984
  endloop
 endfacet
facet normal -0.796864152 0.28192842 0.534344316
  outer loop
   vertex 25508.1934 16554.8848 52008.2891
   vertex 25595.8516 16630.7148 52099.0039
   vertex 25519.4336 16694.8086 51951.2266
  endloop
 endfacet
facet normal 0.873430967 -0.323433638 0.364017814
  outer loop
   vertex 26411.8066 16706.2969 51886.6016
   vertex 26351.1582 16610.832 51947.3008
   vertex 26403.4805 16593.0742 51805.9766
  endloop
 endfacet
facet normal -0.563025594 0.815454483 -0.134298846
  outer loop
   vertex 26595.0488 17410.3496 49744.457
   vertex 26436.1543 17300.9805 49746.5195
   vertex 26603.2617 17436.7148 49870.1133
  endloop
 endfacet
facet normal 0.272308588 0.424236208 -0.863638639
  outer loop
   vertex 26894.8516 17082.9707 49100.9883
   vertex 27017.5039 17145.7461 49170.4961
   vertex 26941.5312 17058.5742 49103.7227
  endloop
 endfacet
facet normal 0.497838736 -0.861431539 -0.100460231
  outer loop
   vertex 26947.7793 17113.0215 49105.5859
   vertex 27017.5039 17145.7461 49170.4961
   vertex 26894.8516 17082.9707 49100.9883
  endloop
 endfacet
facet normal -0.635505617 0.102645941 -0.765242696
  outer loop
   vertex 26465.5078 17118.9258 49386.2422
   vertex 26536.7695 17202.2637 49338.2383
   vertex 26637.4434 17140.9746 49246.4141
  endloop
 endfacet
facet normal -0.802734077 -0.25305143 -0.539984226
  outer loop
   vertex 26201.209 16894.918 49695.6562
   vertex 26272.2441 16850.7051 49610.7773
   vertex 26246.5742 16775.7637 49684.0547
  endloop
 endfacet
facet normal 0.245975703 -0.944371939 0.218306184
  outer loop
   vertex 24653.1738 15575.4814 50137.2031
   vertex 24565.1484 15540.4404 50084.7969
   vertex 24614.2852 15546.7217 50056.6055
  endloop
 endfacet
facet normal 0.102411106 0.499658972 -0.860146999
  outer loop
   vertex 24715.207 16062.2246 50064.6406
   vertex 24834.3262 16172.7949 50143.0547
   vertex 24826.9453 16000.5947 50042.1445
  endloop
 endfacet
facet normal 0.623063862 0.00758619234 -0.782134175
  outer loop
   vertex 24967.4512 15946.5039 50080.3984
   vertex 24991.8203 15873.5938 50099.1055
   vertex 24935.291 15851.2217 50053.8555
  endloop
 endfacet
facet normal 0.645174444 -0.362339377 -0.672651529
  outer loop
   vertex 24967.4512 15946.5039 50080.3984
   vertex 25084.3828 16051.2715 50136.1211
   vertex 25066.8613 15911.8398 50194.4219
  endloop
 endfacet
facet normal 0.764213324 0.0916329175 -0.638420999
  outer loop
   vertex 24991.8203 15873.5938 50099.1055
   vertex 24967.4512 15946.5039 50080.3984
   vertex 25066.8613 15911.8398 50194.4219
  endloop
 endfacet
facet normal 0.13298516 0.382570237 -0.914305747
  outer loop
   vertex 24674.2344 15956.3584 50002.7812
   vertex 24647.7461 15843.1914 49951.5781
   vertex 24606.5684 15904.5713 49971.2695
  endloop
 endfacet
facet normal -0.304300487 0.678545833 -0.668563187
  outer loop
   vertex 24623.2754 16025.7549 50069.4688
   vertex 24652.8164 16108.0723 50139.5703
   vertex 24715.207 16062.2246 50064.6406
  endloop
 endfacet
facet normal 0.466582388 -0.642165065 -0.608214498
  outer loop
   vertex 24832.0215 15736.3477 50089.2891
   vertex 24731.7617 15763.3721 49983.8438
   vertex 24851.166 15815.5518 50020.3516
  endloop
 endfacet
facet normal 0.678450882 -0.680509984 -0.276786178
  outer loop
   vertex 25066.8613 15911.8398 50194.4219
   vertex 25027.0684 15834.1416 50287.9141
   vertex 24945.1699 15792.3262 50189.9727
  endloop
 endfacet
facet normal -0.247787207 -0.963722408 0.0991999432
  outer loop
   vertex 25538.4648 16019.6582 51176.6523
   vertex 25585.4609 16011.3643 51213.4688
   vertex 25538.0801 16025.3252 51230.7461
  endloop
 endfacet
facet normal 0.00689816102 -0.914874315 0.403679758
  outer loop
   vertex 24917.4629 15939.2715 50688.8359
   vertex 25024.1836 15865.583 50520.0078
   vertex 25097.4746 15900.2773 50597.3867
  endloop
 endfacet
facet normal -0.406578541 0.911132574 -0.0673150644
  outer loop
   vertex 25679.3809 17114.9258 50623.4141
   vertex 25636.5488 17101.4375 50699.5508
   vertex 25900.457 17218.1719 50685.5977
  endloop
 endfacet
facet normal -0.281680167 -0.681923747 0.675008357
  outer loop
   vertex 24917.4629 15939.2715 50688.8359
   vertex 24748.3789 15969.7344 50649.0508
   vertex 24724.3848 15909.5107 50578.1992
  endloop
 endfacet
facet normal -0.632896662 0.263209343 -0.728122652
  outer loop
   vertex 24572.0586 15785.5732 49936.9141
   vertex 24536.8359 15690.7676 49933.2617
   vertex 24512.9023 15790.0498 49989.9531
  endloop
 endfacet
facet normal -0.808148563 -0.203302458 0.552778423
  outer loop
   vertex 24463.4492 15665.9678 50064.7812
   vertex 24452.5254 15603.1406 50025.7031
   vertex 24524.3633 15600.4785 50129.75
  endloop
 endfacet
facet normal -0.819297373 -0.0199482162 0.57302171
  outer loop
   vertex 24817.8633 16085.0967 50808.4922
   vertex 24854.7734 16113.3799 50862.25
   vertex 24810.8574 16216.3242 50803.0469
  endloop
 endfacet
facet normal -0.856585205 -0.0715099499 0.511026561
  outer loop
   vertex 24866.9062 16227.998 50898.625
   vertex 24810.8574 16216.3242 50803.0469
   vertex 24854.7734 16113.3799 50862.25
  endloop
 endfacet
facet normal 0.278585553 -0.958673656 0.0577491336
  outer loop
   vertex 25682.6426 16039.3418 51123.9414
   vertex 25649.6719 16036.1377 51229.8008
   vertex 25595.8086 16014.7871 51135.1992
  endloop
 endfacet
facet normal 0.323562175 -0.76967591 0.550369442
  outer loop
   vertex 26011.8027 16318.0273 51872.1328
   vertex 25970.1328 16213.1982 51750.0312
   vertex 26030.4414 16244.2676 51758.0234
  endloop
 endfacet
facet normal 0.424012363 -0.904767692 0.0401113965
  outer loop
   vertex 25790.9941 16095.8828 51253.9297
   vertex 25682.6426 16039.3418 51123.9414
   vertex 25780.4023 16081.3516 51038.125
  endloop
 endfacet
facet normal -0.277565897 -0.739117384 0.613728464
  outer loop
   vertex 24786.7773 16006.7949 50711.0508
   vertex 24748.3789 15969.7344 50649.0508
   vertex 24917.4629 15939.2715 50688.8359
  endloop
 endfacet
facet normal 0.400833696 -0.908537984 -0.117860615
  outer loop
   vertex 25780.4023 16081.3516 51038.125
   vertex 25953.9434 16169.7598 50946.8203
   vertex 25944.7031 16141.125 51136.1289
  endloop
 endfacet
facet normal 0.865500808 -0.0907694325 -0.492614686
  outer loop
   vertex 27250.0371 17084.6758 49440.4453
   vertex 27247.5859 17060.4473 49440.6055
   vertex 27235.6426 17082.8066 49415.5039
  endloop
 endfacet
facet normal -0.194415703 -0.742045462 0.641538084
  outer loop
   vertex 25521.791 16178.418 51538.4453
   vertex 25463.5527 16211.083 51558.582
   vertex 25462.4648 16160.7822 51500.0703
  endloop
 endfacet
facet normal 0.28510195 -0.95777452 -0.0372139625
  outer loop
   vertex 25539.0879 16038.5576 50608.4531
   vertex 25689.9199 16080.7041 50679.2891
   vertex 25490.875 16018.3281 50759.7383
  endloop
 endfacet
facet normal -0.109805562 -0.898305297 0.425429553
  outer loop
   vertex 24917.4629 15939.2715 50688.8359
   vertex 25101.0352 15906.5195 50667.0586
   vertex 25129.8203 15945.7148 50757.25
  endloop
 endfacet
facet normal 0.185629711 -0.959913313 0.210019127
  outer loop
   vertex 25253.4805 15974.709 50770.1992
   vertex 25490.875 16018.3281 50759.7383
   vertex 25383.4551 16048.0889 50990.707
  endloop
 endfacet
facet normal -0.683423996 0.728770137 -0.0427281559
  outer loop
   vertex 24879.9941 16558.1035 50650.8633
   vertex 24974.3809 16644.498 50614.7188
   vertex 24938.0156 16607.0332 50557.3555
  endloop
 endfacet
facet normal -0.291646659 -0.768365145 0.569699287
  outer loop
   vertex 25175.2637 15972.9541 50817.2539
   vertex 25144.0176 16050.5986 50905.9766
   vertex 25129.8203 15945.7148 50757.25
  endloop
 endfacet
facet normal 0.420725316 -0.604085445 0.67680943
  outer loop
   vertex 25175.2637 15972.9541 50817.2539
   vertex 25253.4805 15974.709 50770.1992
   vertex 25144.0176 16050.5986 50905.9766
  endloop
 endfacet
facet normal -0.810858428 0.494905531 0.31237337
  outer loop
   vertex 25086.0254 16662.1953 50903.6562
   vertex 25028.2188 16504.6426 51003.2188
   vertex 25148.041 16678.2168 51039.25
  endloop
 endfacet
facet normal -0.83484 0.533983648 -0.13380444
  outer loop
   vertex 25656.3145 17069.5332 51796.832
   vertex 25660.7266 17073.5059 51785.1602
   vertex 25623.2188 16998.6543 51720.4648
  endloop
 endfacet
facet normal -0.250731587 -0.55743885 0.791451573
  outer loop
   vertex 25641.9629 16590.5312 52132.5547
   vertex 25706.5449 16569.3418 52138.0898
   vertex 25744.2168 16722.5859 52257.957
  endloop
 endfacet
facet normal 0.331831992 -0.0419916585 0.942403436
  outer loop
   vertex 26087.5039 16958.9941 52222.3672
   vertex 26035.8008 17003.75 52242.5703
   vertex 25999.5859 16864.4375 52249.1133
  endloop
 endfacet
facet normal -0.940012574 0.207481608 0.270791054
  outer loop
   vertex 25470.4707 16558.6914 51885.5508
   vertex 25519.4336 16694.8086 51951.2266
   vertex 25408.2383 16665.8203 51587.4336
  endloop
 endfacet
facet normal -0.979592144 -0.119662195 0.161493689
  outer loop
   vertex 25470.4707 16558.6914 51885.5508
   vertex 25408.2383 16665.8203 51587.4336
   vertex 25464.9902 16481.0254 51794.7656
  endloop
 endfacet
facet normal 0.33606562 0.936407566 0.100998566
  outer loop
   vertex 26226.1484 17090.0781 51879.5234
   vertex 26023.6211 17171.7871 51795.8516
   vertex 26052.6777 17135.1699 52038.668
  endloop
 endfacet
facet normal 0.159415528 0.978854835 0.128178999
  outer loop
   vertex 26116.6055 17201.5645 51539.6172
   vertex 26029.5195 17226.166 51460.0547
   vertex 26008.6602 17218.2559 51546.3906
  endloop
 endfacet
facet normal -0.394193769 0.918334723 -0.0356736034
  outer loop
   vertex 25761.0547 17123.7695 51875.0352
   vertex 25759.8125 17118.9805 51765.4375
   vertex 25694.1914 17091.9277 51794.1367
  endloop
 endfacet
facet normal -0.88708806 0.221205279 0.405145615
  outer loop
   vertex 25203.3262 16533.7207 51291.0977
   vertex 25261.4395 16658.3477 51350.2969
   vertex 25174.2598 16608.6445 51186.5469
  endloop
 endfacet
facet normal -0.558882058 -0.825135589 0.0824748501
  outer loop
   vertex 25538.0801 16025.3252 51230.7461
   vertex 25447.5781 16085.2314 51216.8125
   vertex 25538.4648 16019.6582 51176.6523
  endloop
 endfacet
facet normal -0.947572589 0.315022826 0.0535422824
  outer loop
   vertex 25479.8691 16572.1875 51972.4727
   vertex 25519.4336 16694.8086 51951.2266
   vertex 25470.4707 16558.6914 51885.5508
  endloop
 endfacet
facet normal -0.610438764 0.771460474 0.179480672
  outer loop
   vertex 25213.7168 16778.9629 51060.0508
   vertex 25330.6914 16869.1523 51070.2344
   vertex 25224.0918 16796.6016 51019.5156
  endloop
 endfacet
facet normal -0.83242029 0.488752574 0.261146307
  outer loop
   vertex 25207.8086 16741.3242 51111.6562
   vertex 25213.7168 16778.9629 51060.0508
   vertex 25148.041 16678.2168 51039.25
  endloop
 endfacet
facet normal -0.846185923 0.407671094 0.3431817
  outer loop
   vertex 25207.8086 16741.3242 51111.6562
   vertex 25148.041 16678.2168 51039.25
   vertex 25174.2598 16608.6445 51186.5469
  endloop
 endfacet
facet normal -0.277738661 0.211548835 -0.937074363
  outer loop
   vertex 25644.627 16893 50221.6719
   vertex 25609.0078 16590.875 50164.0234
   vertex 25271.7695 16598.2871 50265.6523
  endloop
 endfacet
facet normal -0.553967118 0.760685384 -0.338346303
  outer loop
   vertex 25373.6152 16868.7793 50468.207
   vertex 25137.0547 16752.7324 50594.6211
   vertex 25280.3984 16857.0527 50594.4648
  endloop
 endfacet
facet normal -0.551067293 0.76809746 -0.32611528
  outer loop
   vertex 25095.4863 16662.957 50453.418
   vertex 25137.0547 16752.7324 50594.6211
   vertex 25373.6152 16868.7793 50468.207
  endloop
 endfacet
facet normal -0.682726502 0.138822973 0.717365086
  outer loop
   vertex 24941.7988 16496.3262 50901.6836
   vertex 24875.7754 16509.9707 50836.2109
   vertex 24856.8066 16385.7305 50842.1992
  endloop
 endfacet
facet normal 0.275822759 -0.376601577 -0.884360254
  outer loop
   vertex 24420.6016 15556.5566 49916.0469
   vertex 24439.6992 15558.166 49921.3203
   vertex 24431.9512 15550.8311 49922.0273
  endloop
 endfacet
facet normal -0.437276959 0.442661226 0.782840908
  outer loop
   vertex 24875.7754 16509.9707 50836.2109
   vertex 24914.1582 16577.0508 50819.7188
   vertex 24870.5957 16554.2324 50808.2891
  endloop
 endfacet
facet normal 0.977797687 -0.152345106 0.143884093
  outer loop
   vertex 26567.2676 16940.3105 51034
   vertex 26537.6211 16895.918 51188.4688
   vertex 26540.1523 16769.6113 51037.5234
  endloop
 endfacet
facet normal 0.970316768 0.106871061 0.21694231
  outer loop
   vertex 26534.6152 17030.2812 51135.7227
   vertex 26537.6211 16895.918 51188.4688
   vertex 26567.2676 16940.3105 51034
  endloop
 endfacet
facet normal -0.60978967 0.574658334 -0.545824468
  outer loop
   vertex 26266.0078 17254.2305 49868.1562
   vertex 26261.6797 17187.957 49803.2188
   vertex 26212.4375 17194.4121 49865.0273
  endloop
 endfacet
facet normal -0.546269298 0.380057842 -0.746422052
  outer loop
   vertex 25989.7109 16984.9297 49924.6211
   vertex 25938.1836 16962.2031 49950.7617
   vertex 25957.7383 17015.4238 49963.5508
  endloop
 endfacet
facet normal -0.455104709 0.890102208 -0.0244503953
  outer loop
   vertex 25808.7207 17185.0801 50578.375
   vertex 25900.7754 17231.7598 50564.2461
   vertex 25870.0488 17214.6719 50514.0977
  endloop
 endfacet
facet normal -0.437925875 0.893554509 0.0989000127
  outer loop
   vertex 25808.7207 17185.0801 50578.375
   vertex 25900.457 17218.1719 50685.5977
   vertex 25900.7754 17231.7598 50564.2461
  endloop
 endfacet
facet normal -0.364685148 0.930801988 0.0247461367
  outer loop
   vertex 25808.7207 17185.0801 50578.375
   vertex 25788.5957 17176.0742 50620.5703
   vertex 25900.457 17218.1719 50685.5977
  endloop
 endfacet
facet normal -0.295227468 0.580319464 0.758992791
  outer loop
   vertex 25761.7461 16923.2617 52210.6289
   vertex 25909.877 16939.2969 52255.9844
   vertex 25872.541 17055.5234 52152.5977
  endloop
 endfacet
facet normal -0.341670185 0.602632046 0.721176922
  outer loop
   vertex 25788.2969 17060.4727 52108.5508
   vertex 25761.7461 16923.2617 52210.6289
   vertex 25872.541 17055.5234 52152.5977
  endloop
 endfacet
facet normal -0.664410472 0.672766864 -0.325489551
  outer loop
   vertex 25921.8164 17145.6992 50178.1719
   vertex 25867.668 17061.457 50114.582
   vertex 25644.627 16893 50221.6719
  endloop
 endfacet
facet normal -0.729917109 0.447991729 -0.516260028
  outer loop
   vertex 26331.8066 17164.3496 49655.7109
   vertex 26272.7285 17019.2695 49613.3438
   vertex 26264.9355 17108.0742 49701.4258
  endloop
 endfacet
facet normal 0.689291239 0.720866501 -0.0723126009
  outer loop
   vertex 27169.127 17441.3281 49429.3203
   vertex 27146.8027 17471.0117 49512.418
   vertex 27214.6445 17399.2773 49443.9883
  endloop
 endfacet
facet normal -0.145070568 0.935198188 0.323046237
  outer loop
   vertex 27029.0469 17502.0488 49681.5078
   vertex 27005.4297 17454.8301 49807.6016
   vertex 27075.9355 17487.7832 49743.8633
  endloop
 endfacet
facet normal -0.20739162 0.928250372 0.308771789
  outer loop
   vertex 27029.0469 17502.0488 49681.5078
   vertex 26902.6328 17472.1875 49686.375
   vertex 27005.4297 17454.8301 49807.6016
  endloop
 endfacet
facet normal -0.771584868 0.45593366 -0.443600357
  outer loop
   vertex 26223.3145 17008.9883 49671.9805
   vertex 26208.6309 17009.918 49698.4727
   vertex 26264.9355 17108.0742 49701.4258
  endloop
 endfacet
facet normal -0.543807268 0.479359239 -0.68883121
  outer loop
   vertex 25989.7109 16984.9297 49924.6211
   vertex 26047.0527 17088.4824 49951.418
   vertex 26068.9258 17019.7812 49886.3398
  endloop
 endfacet
facet normal -0.390204757 0.297099471 -0.871477008
  outer loop
   vertex 26721.9238 17016.0078 49118.9102
   vertex 26778.3477 17101.918 49122.9375
   vertex 26804.8438 17032.5996 49087.4414
  endloop
 endfacet
facet normal 0.717146873 -0.69689399 0.00625529839
  outer loop
   vertex 27192.3281 17024.2207 49601.0625
   vertex 27094.1758 16922.7871 49553.3125
   vertex 27208.0703 17039.1797 49462.8672
  endloop
 endfacet
facet normal -0.564836681 0.658351779 -0.497526348
  outer loop
   vertex 25867.668 17061.457 50114.582
   vertex 26022.8887 17184.9258 50101.7383
   vertex 25964.7793 17079.8848 50028.7148
  endloop
 endfacet
facet normal -0.0139117846 0.997637987 -0.067267023
  outer loop
   vertex 26165.6953 17301.1387 50369.9688
   vertex 26320.4648 17304.625 50389.6836
   vertex 26180.9688 17295.0801 50276.9688
  endloop
 endfacet
facet normal -0.19918415 0.889764249 -0.410664439
  outer loop
   vertex 26160.6875 17283.8555 50131.6484
   vertex 26316.6992 17327.3047 50150.1172
   vertex 26190.3809 17244.0156 50030.9258
  endloop
 endfacet
facet normal 0.676749706 0.403009355 0.616111398
  outer loop
   vertex 26661.998 17181.3047 50788.6211
   vertex 26605.3906 17228.0098 50820.25
   vertex 26654.3066 17137.5645 50825.6836
  endloop
 endfacet
facet normal 0.878754854 0.209008202 0.429075092
  outer loop
   vertex 26690.6016 17077.3086 50780.6992
   vertex 26661.998 17181.3047 50788.6211
   vertex 26654.3066 17137.5645 50825.6836
  endloop
 endfacet
facet normal -0.48823911 -0.631185472 -0.602683544
  outer loop
   vertex 26411.1562 16794.1855 49480.4492
   vertex 26359.3066 16736.1582 49583.2227
   vertex 26335.3574 16825.5039 49509.0547
  endloop
 endfacet
facet normal 0.431129187 -0.57535702 -0.695048153
  outer loop
   vertex 26717.6406 16690.666 49572.8359
   vertex 26690.1523 16678.9258 49565.5039
   vertex 26652.2285 16706.9316 49518.7969
  endloop
 endfacet
facet normal -0.0532476529 0.684979796 -0.726613641
  outer loop
   vertex 26830.252 17303.9395 49262.7695
   vertex 26985.5547 17440.1348 49379.7812
   vertex 27015.0684 17311.4648 49256.3203
  endloop
 endfacet
facet normal -0.643268764 0.0849265233 -0.760915756
  outer loop
   vertex 26778.3477 17101.918 49122.9375
   vertex 26637.4434 17140.9746 49246.4141
   vertex 26749.6113 17175.3008 49155.418
  endloop
 endfacet
facet normal 0.864868402 0.482844502 0.137345657
  outer loop
   vertex 27256.6699 17337.1152 49608.7656
   vertex 27209.8105 17427.9238 49584.6016
   vertex 27222.0273 17374.7715 49694.5391
  endloop
 endfacet
facet normal 0.933805287 0.224436387 0.278632373
  outer loop
   vertex 27256.6699 17337.1152 49608.7656
   vertex 27222.0273 17374.7715 49694.5391
   vertex 27256.2168 17275.293 49660.0859
  endloop
 endfacet
facet normal 0.936793625 0.195877999 0.289912969
  outer loop
   vertex 27222.0273 17374.7715 49694.5391
   vertex 27201.7734 17353.7969 49774.1562
   vertex 27227.2676 17274.1152 49745.6133
  endloop
 endfacet
facet normal 0.702077806 0.474466801 0.531006575
  outer loop
   vertex 27085.7637 17308.3223 49941.2383
   vertex 27162.4688 17304.5898 49843.1562
   vertex 27079.6426 17381.4766 49883.9688
  endloop
 endfacet
facet normal -0.36545521 0.89909631 -0.240973726
  outer loop
   vertex 26406.5898 17347.3516 50088.5859
   vertex 26190.3809 17244.0156 50030.9258
   vertex 26316.6992 17327.3047 50150.1172
  endloop
 endfacet
facet normal -0.340940326 0.881688774 -0.32616654
  outer loop
   vertex 25988.4844 17231.3984 50349.0039
   vertex 26010.2969 17265.1562 50417.457
   vertex 26099.5234 17293.9004 50401.8906
  endloop
 endfacet
facet normal -0.457338095 0.846728027 -0.271833599
  outer loop
   vertex 25988.4844 17231.3984 50349.0039
   vertex 25879.25 17198.9043 50431.5664
   vertex 26010.2969 17265.1562 50417.457
  endloop
 endfacet
facet normal -0.562134385 0.46736595 -0.682329834
  outer loop
   vertex 26068.9258 17019.7812 49886.3398
   vertex 26047.0527 17088.4824 49951.418
   vertex 26149.9199 17153.2676 49911.0469
  endloop
 endfacet
facet normal 0.178760901 0.738295317 -0.650357246
  outer loop
   vertex 27149.041 17366.627 49338.9961
   vertex 27105.9941 17454.6387 49427.0742
   vertex 27169.127 17441.3281 49429.3203
  endloop
 endfacet
facet normal 0.851310909 0.515270591 -0.0988228768
  outer loop
   vertex 27144.6445 17372.1895 49330.1367
   vertex 27105.9941 17454.6387 49427.0742
   vertex 27149.041 17366.627 49338.9961
  endloop
 endfacet
facet normal 0.698096931 -0.0499062315 0.714261889
  outer loop
   vertex 27007.3027 17221.7461 50042.6094
   vertex 27018.3203 17299.7188 50037.2891
   vertex 27007.6738 17304.9043 50048.0547
  endloop
 endfacet
facet normal -0.304676712 0.945095181 -0.118183084
  outer loop
   vertex 26115.5371 17299.6445 50782.6445
   vertex 26207.7207 17323.5 50735.7734
   vertex 25900.457 17218.1719 50685.5977
  endloop
 endfacet
facet normal -0.467201471 0.846350014 0.255762428
  outer loop
   vertex 25788.5957 17176.0742 50620.5703
   vertex 25679.3809 17114.9258 50623.4141
   vertex 25900.457 17218.1719 50685.5977
  endloop
 endfacet
facet normal 0.456802309 0.879322946 0.134620935
  outer loop
   vertex 26132.9375 17216.6562 51385.6172
   vertex 26116.6055 17201.5645 51539.6172
   vertex 26300.6562 17101.9258 51565.9062
  endloop
 endfacet
facet normal 0.470468998 0.881211638 0.0460978672
  outer loop
   vertex 26167.6113 17167.375 51672.5977
   vertex 26300.6562 17101.9258 51565.9062
   vertex 26116.6055 17201.5645 51539.6172
  endloop
 endfacet
facet normal -0.335737914 0.937762737 0.0887755454
  outer loop
   vertex 25900.7754 17231.7598 50564.2461
   vertex 26001.1035 17268.4023 50556.6016
   vertex 25936.7852 17248.6699 50521.793
  endloop
 endfacet
facet normal -0.451253295 0.891973734 -0.0274477024
  outer loop
   vertex 25900.7754 17231.7598 50564.2461
   vertex 25936.7852 17248.6699 50521.793
   vertex 25870.0488 17214.6719 50514.0977
  endloop
 endfacet
facet normal -0.2066347 0.974082649 0.0920059457
  outer loop
   vertex 25914.2891 17203.1602 51494.2656
   vertex 25941.8965 17195.4512 51637.8984
   vertex 26008.6602 17218.2559 51546.3906
  endloop
 endfacet
facet normal -0.762851477 0.578928173 0.287923247
  outer loop
   vertex 26020.0625 17148.0449 52122.75
   vertex 26002.0996 17095.6719 52180.4648
   vertex 26034.7168 17150.668 52156.3008
  endloop
 endfacet
facet normal -0.48741436 0.716737151 0.498713404
  outer loop
   vertex 26020.0625 17148.0449 52122.75
   vertex 25944.2031 17130.3594 52074.0273
   vertex 26002.0996 17095.6719 52180.4648
  endloop
 endfacet
facet normal 0.769965231 0.414265245 0.485322386
  outer loop
   vertex 26050.8984 17141.9043 52158.9531
   vertex 26069.0703 17110.0938 52157.2773
   vertex 26078.3477 17126.1309 52128.8711
  endloop
 endfacet
facet normal -0.0562406667 0.996988118 -0.0534011126
  outer loop
   vertex 26053.8867 17150.5195 52133.3398
   vertex 26020.0625 17148.0449 52122.75
   vertex 26034.7168 17150.668 52156.3008
  endloop
 endfacet
facet normal 0.700537264 0.6476807 0.299595147
  outer loop
   vertex 26078.3477 17126.1309 52128.8711
   vertex 26053.8867 17150.5195 52133.3398
   vertex 26050.8984 17141.9043 52158.9531
  endloop
 endfacet
facet normal 0.406155646 0.850750864 0.333557367
  outer loop
   vertex 26034.7168 17150.668 52156.3008
   vertex 26050.8984 17141.9043 52158.9531
   vertex 26053.8867 17150.5195 52133.3398
  endloop
 endfacet
facet normal 0.274442613 0.951453626 0.139345795
  outer loop
   vertex 26116.6055 17201.5645 51539.6172
   vertex 26061.584 17201.3418 51649.5
   vertex 26167.6113 17167.375 51672.5977
  endloop
 endfacet
facet normal 0.687455118 0.445336193 0.573655903
  outer loop
   vertex 26409.8457 17079.5723 51394.707
   vertex 26465.9219 16899.4004 51467.375
   vertex 26504.3398 16983.3789 51356.1406
  endloop
 endfacet
facet normal 0.468777388 0.619523287 0.629633784
  outer loop
   vertex 26517.3105 16938.7656 51390.3828
   vertex 26504.3398 16983.3789 51356.1406
   vertex 26465.9219 16899.4004 51467.375
  endloop
 endfacet
facet normal 0.577659369 0.743772209 0.336322069
  outer loop
   vertex 26308.4668 17163.0273 51384.2695
   vertex 26409.8457 17079.5723 51394.707
   vertex 26376.9219 17153.0117 51288.8438
  endloop
 endfacet
facet normal 0.224573523 0.181226 0.957457006
  outer loop
   vertex 25999.5859 16864.4375 52249.1133
   vertex 25909.877 16939.2969 52255.9844
   vertex 25910.7227 16820.2852 52278.3125
  endloop
 endfacet
facet normal 0.0947079733 0.022132298 0.995259047
  outer loop
   vertex 25999.5859 16864.4375 52249.1133
   vertex 26035.8008 17003.75 52242.5703
   vertex 25909.877 16939.2969 52255.9844
  endloop
 endfacet
facet normal -0.118377246 -0.58442533 0.802766383
  outer loop
   vertex 25742.4062 16441.0996 52034.7031
   vertex 25876.2324 16401.2207 52025.4062
   vertex 25877.9492 16663.5352 52216.6289
  endloop
 endfacet
facet normal 0.785512328 -0.618747532 -0.0110415202
  outer loop
   vertex 26414.4707 16554.7031 50918.8594
   vertex 26510.6914 16676.8027 50921.8438
   vertex 26483.4668 16640.7559 51004.9727
  endloop
 endfacet
facet normal 0.0707658157 0.918756068 -0.388432086
  outer loop
   vertex 26306.1328 17328.5508 50597.6875
   vertex 26409.0449 17285.5508 50514.7266
   vertex 26166.5176 17305.418 50517.5352
  endloop
 endfacet
facet normal 0.10105662 0.928951263 -0.356141955
  outer loop
   vertex 26479.7695 17320.8789 50626.9453
   vertex 26409.0449 17285.5508 50514.7266
   vertex 26306.1328 17328.5508 50597.6875
  endloop
 endfacet
facet normal 0.280957758 0.761322141 0.584338367
  outer loop
   vertex 26499.8086 17273.8809 50851.2969
   vertex 26357.7188 17290.3438 50898.1641
   vertex 26487.7188 17218.1992 50929.6562
  endloop
 endfacet
facet normal 0.390552491 0.85389477 0.343994886
  outer loop
   vertex 26353.0469 17254.5723 50992.2695
   vertex 26487.7188 17218.1992 50929.6562
   vertex 26357.7188 17290.3438 50898.1641
  endloop
 endfacet
facet normal 0.738780499 0.673451543 0.0258150268
  outer loop
   vertex 26613.834 17298.6855 50705.0352
   vertex 26658.6094 17249.1094 50716.9844
   vertex 26642.7305 17267.8926 50681.3711
  endloop
 endfacet
facet normal 0.414500237 0.805417657 0.423664927
  outer loop
   vertex 26482.9785 17181.7012 51003.6797
   vertex 26487.7188 17218.1992 50929.6562
   vertex 26353.0469 17254.5723 50992.2695
  endloop
 endfacet
facet normal 0.470451057 0.865654171 0.171226904
  outer loop
   vertex 26482.9785 17181.7012 51003.6797
   vertex 26353.0469 17254.5723 50992.2695
   vertex 26416.1875 17202.334 51082.8789
  endloop
 endfacet
facet normal 0.987079084 -0.160188094 0.00382540957
  outer loop
   vertex 26433.0293 16773.0566 51718.5273
   vertex 26403.4805 16593.0742 51805.9766
   vertex 26401.5684 16576.2402 51594.4219
  endloop
 endfacet
facet normal -0.0445479229 -0.4532713 0.890258729
  outer loop
   vertex 26076.502 17007.4668 52246.4961
   vertex 26035.8008 17003.75 52242.5703
   vertex 26087.5039 16958.9941 52222.3672
  endloop
 endfacet
facet normal -0.227581084 -0.174534529 0.957989872
  outer loop
   vertex 25848.8281 16683.0293 52296.5508
   vertex 25829.8496 16710.7891 52297.1016
   vertex 25827.6426 16690.8184 52292.9375
  endloop
 endfacet
facet normal -0.204865754 0.786353171 0.582819641
  outer loop
   vertex 26307.457 17034.2715 51983.3984
   vertex 26226.1484 17090.0781 51879.5234
   vertex 26290.4785 16979.3223 52051.5664
  endloop
 endfacet
facet normal 0.948356986 -0.266191095 0.172514856
  outer loop
   vertex 26506.7754 16775.248 51291.75
   vertex 26473.5117 16720.2969 51389.8242
   vertex 26471.1484 16653.2422 51299.3477
  endloop
 endfacet
facet normal 0.879692495 -0.365211576 0.304567993
  outer loop
   vertex 26411.8066 16706.2969 51886.6016
   vertex 26390.0488 16736.6758 51985.8711
   vertex 26351.1582 16610.832 51947.3008
  endloop
 endfacet
facet normal 0.398689568 -0.845836699 0.354410648
  outer loop
   vertex 25632.4863 16100.4053 51402.5156
   vertex 25597.2988 16031.3604 51277.3164
   vertex 25649.6719 16036.1377 51229.8008
  endloop
 endfacet
facet normal 0.414458841 -0.652187586 0.634724557
  outer loop
   vertex 26374.6191 16483.4512 51826.4648
   vertex 26344.9727 16500.7754 51863.6211
   vertex 26350.043 16464.4844 51823.0234
  endloop
 endfacet
facet normal 0.726778507 -0.686071813 0.0331433229
  outer loop
   vertex 26269.7754 16383.6182 51600.5312
   vertex 26253.0195 16357.5117 51427.5547
   vertex 26335.4922 16451.2852 51560.2031
  endloop
 endfacet
facet normal 0.240985274 -0.963624299 -0.115560845
  outer loop
   vertex 26397.4512 16686.5469 49597.0469
   vertex 26445.7422 16701.1582 49575.9141
   vertex 26393.8594 16680.7383 49638.0039
  endloop
 endfacet
facet normal 0.878790617 -0.423876822 0.219215617
  outer loop
   vertex 26540.1504 16691.498 50414.3477
   vertex 26618.6211 16873.459 50451.6133
   vertex 26526.0859 16696.8262 50481.0312
  endloop
 endfacet
facet normal -0.521639109 0.686962247 -0.505940259
  outer loop
   vertex 25644.627 16893 50221.6719
   vertex 25373.6152 16868.7793 50468.207
   vertex 25700.9785 17064.9199 50397.0039
  endloop
 endfacet
facet normal 0.312627345 0.148532823 -0.938190877
  outer loop
   vertex 24826.9453 16000.5947 50042.1445
   vertex 24946.5977 16063.0225 50091.8984
   vertex 24967.4512 15946.5039 50080.3984
  endloop
 endfacet
facet normal 0.0967136472 -0.97878176 -0.180645227
  outer loop
   vertex 26390.4961 16669.7207 49695.8945
   vertex 26393.8594 16680.7383 49638.0039
   vertex 26484.1895 16677.8633 49701.9375
  endloop
 endfacet
facet normal -0.10196019 0.418490648 -0.902479768
  outer loop
   vertex 26778.3477 17101.918 49122.9375
   vertex 26895.1074 17165.2832 49139.1289
   vertex 26894.8516 17082.9707 49100.9883
  endloop
 endfacet
facet normal -0.100947484 0.422618985 -0.900667965
  outer loop
   vertex 26804.8438 17032.5996 49087.4414
   vertex 26778.3477 17101.918 49122.9375
   vertex 26894.8516 17082.9707 49100.9883
  endloop
 endfacet
facet normal -0.345918179 -0.731530309 -0.587540686
  outer loop
   vertex 26445.7422 16701.1582 49575.9141
   vertex 26359.3066 16736.1582 49583.2227
   vertex 26411.1562 16794.1855 49480.4492
  endloop
 endfacet
facet normal -0.878684103 -0.459518492 -0.129448891
  outer loop
   vertex 26437.1543 16736.0215 49510.4414
   vertex 26445.7422 16701.1582 49575.9141
   vertex 26411.1562 16794.1855 49480.4492
  endloop
 endfacet
facet normal -0.420415908 -0.341048211 -0.840795219
  outer loop
   vertex 26168.0645 16808.4941 49747.2852
   vertex 26162.3223 16851.9219 49732.543
   vertex 26201.209 16894.918 49695.6562
  endloop
 endfacet
facet normal -0.645310521 -0.193926647 -0.738895655
  outer loop
   vertex 26208.1777 16772.8574 49721.6055
   vertex 26168.0645 16808.4941 49747.2852
   vertex 26201.209 16894.918 49695.6562
  endloop
 endfacet
facet normal -0.761581302 -0.62901485 -0.155994326
  outer loop
   vertex 26393.8594 16680.7383 49638.0039
   vertex 26359.3066 16736.1582 49583.2227
   vertex 26397.4512 16686.5469 49597.0469
  endloop
 endfacet
facet normal -0.0861835107 -0.727033198 -0.681171894
  outer loop
   vertex 26393.8594 16680.7383 49638.0039
   vertex 26357.5762 16691.3379 49631.2812
   vertex 26359.3066 16736.1582 49583.2227
  endloop
 endfacet
facet normal -0.701593041 0.635927618 -0.321501672
  outer loop
   vertex 26403.0449 17192.0996 49574.6953
   vertex 26479.8086 17226.5215 49475.2617
   vertex 26387.7734 17126.6387 49478.5391
  endloop
 endfacet
facet normal 0.928919196 -0.354333937 0.107501373
  outer loop
   vertex 27232.0254 17144.582 49654.7656
   vertex 27179.8711 17027.6855 49720.125
   vertex 27192.3281 17024.2207 49601.0625
  endloop
 endfacet
facet normal 0.925581515 -0.258140743 0.27687946
  outer loop
   vertex 27232.0254 17144.582 49654.7656
   vertex 27196.8398 17167.002 49793.2852
   vertex 27179.8711 17027.6855 49720.125
  endloop
 endfacet
facet normal -0.96282661 0.0343912393 0.267921865
  outer loop
   vertex 26151.9453 16885.2676 49767.1992
   vertex 26150.0566 16812.2324 49769.7852
   vertex 26158.918 16784.9336 49805.1406
  endloop
 endfacet
facet normal 0.680557132 0.0324749313 -0.731974959
  outer loop
   vertex 27017.5039 17145.7461 49170.4961
   vertex 27176.8379 17238.8398 49322.7695
   vertex 27096.6621 17099.8184 49242.0586
  endloop
 endfacet
facet normal 0.435503572 -0.823316634 -0.363986701
  outer loop
   vertex 26486.8477 16667.6719 50110.8555
   vertex 26643.166 16727.2891 50163.0352
   vertex 26545.0293 16666.7812 50182.4805
  endloop
 endfacet
facet normal 0.521295667 -0.670896888 0.527397573
  outer loop
   vertex 27161.916 16951.7637 49397.2852
   vertex 27208.0703 17039.1797 49462.8672
   vertex 27116.7344 16923.75 49406.3086
  endloop
 endfacet
facet normal 0.752114236 -0.649589419 0.111165538
  outer loop
   vertex 27094.1758 16922.7871 49553.3125
   vertex 27116.7344 16923.75 49406.3086
   vertex 27208.0703 17039.1797 49462.8672
  endloop
 endfacet
facet normal 0.230373755 -0.294668019 -0.927415073
  outer loop
   vertex 26874.3008 16994.7168 49107.3125
   vertex 26941.5312 17058.5742 49103.7227
   vertex 26966.7227 17042.5078 49115.0859
  endloop
 endfacet
facet normal -0.187401563 0.599202275 -0.778355479
  outer loop
   vertex 24484.5918 15536.1973 49955.1328
   vertex 24556.5254 15540.0527 49940.7852
   vertex 24530.3652 15522.7764 49933.7812
  endloop
 endfacet
facet normal 0.212575391 -0.119001195 -0.969871342
  outer loop
   vertex 26874.3008 16994.7168 49107.3125
   vertex 26804.8438 17032.5996 49087.4414
   vertex 26894.8516 17082.9707 49100.9883
  endloop
 endfacet
facet normal 0.203098267 -0.136251166 -0.969632268
  outer loop
   vertex 26780.8828 16992.1387 49088.1055
   vertex 26804.8438 17032.5996 49087.4414
   vertex 26874.3008 16994.7168 49107.3125
  endloop
 endfacet
facet normal 0.845167994 -0.00963330921 -0.534413934
  outer loop
   vertex 27238.3574 17308.9062 49418.7969
   vertex 27176.8379 17238.8398 49322.7695
   vertex 27213.0137 17340.1758 49378.1562
  endloop
 endfacet
facet normal -0.569392323 0.819734633 -0.061867021
  outer loop
   vertex 24902.8887 16601.6484 50704.9219
   vertex 24977.4688 16655.2383 50728.6016
   vertex 24974.3809 16644.498 50614.7188
  endloop
 endfacet
facet normal -0.558213711 0.827310681 -0.0628845021
  outer loop
   vertex 25137.0547 16752.7324 50594.6211
   vertex 24974.3809 16644.498 50614.7188
   vertex 24977.4688 16655.2383 50728.6016
  endloop
 endfacet
facet normal 0.571221352 -0.676700592 -0.464524001
  outer loop
   vertex 24558.3223 15533.8691 49952
   vertex 24530.3652 15522.7764 49933.7812
   vertex 24556.5254 15540.0527 49940.7852
  endloop
 endfacet
facet normal -0.00455588894 -0.851017237 0.525117993
  outer loop
   vertex 24558.3223 15533.8691 49952
   vertex 24484.5918 15536.1973 49955.1328
   vertex 24530.3652 15522.7764 49933.7812
  endloop
 endfacet
facet normal 0.517927468 -0.706734955 -0.481951088
  outer loop
   vertex 24614.2852 15546.7217 50056.6055
   vertex 24641.291 15604.2354 50001.2891
   vertex 24655.4902 15564.6201 50074.6406
  endloop
 endfacet
facet normal 0.0921367854 -0.905057013 -0.415189803
  outer loop
   vertex 26445.7422 16701.1582 49575.9141
   vertex 26397.4512 16686.5469 49597.0469
   vertex 26398.3164 16691.584 49586.2617
  endloop
 endfacet
facet normal -0.0325701758 -0.9991799 -0.0240554065
  outer loop
   vertex 24484.5918 15536.1973 49955.1328
   vertex 24558.3223 15533.8691 49952
   vertex 24554.5449 15532.6387 50008.2305
  endloop
 endfacet
facet normal 0.423152417 -0.875072896 -0.234924376
  outer loop
   vertex 24432.7695 15495.8086 50038.7148
   vertex 24439.8945 15505.0703 50017.0508
   vertex 24482.3438 15519.3369 50040.3711
  endloop
 endfacet
facet normal 0.372364342 -0.47045213 -0.800012231
  outer loop
   vertex 24484.5918 15536.1973 49955.1328
   vertex 24431.9512 15550.8311 49922.0273
   vertex 24439.6992 15558.166 49921.3203
  endloop
 endfacet
facet normal 0.320988804 -0.0739119351 -0.944194496
  outer loop
   vertex 24731.7617 15763.3721 49983.8438
   vertex 24771.6035 15880.6826 49988.2031
   vertex 24851.166 15815.5518 50020.3516
  endloop
 endfacet
facet normal 0.803098619 -0.44526881 -0.395939827
  outer loop
   vertex 24701.1133 15603.3438 50123.6289
   vertex 24655.4902 15564.6201 50074.6406
   vertex 24641.291 15604.2354 50001.2891
  endloop
 endfacet
facet normal 0.0871531963 0.477217615 -0.87445277
  outer loop
   vertex 24674.2344 15956.3584 50002.7812
   vertex 24715.207 16062.2246 50064.6406
   vertex 24826.9453 16000.5947 50042.1445
  endloop
 endfacet
facet normal -0.254152924 -0.85629648 -0.449624926
  outer loop
   vertex 24439.8945 15505.0703 50017.0508
   vertex 24432.7695 15495.8086 50038.7148
   vertex 24424.6289 15500.2783 50034.8047
  endloop
 endfacet
facet normal 0.307938397 -0.694602668 0.65015465
  outer loop
   vertex 24482.3438 15519.3369 50040.3711
   vertex 24447.166 15517.5537 50055.1289
   vertex 24432.7695 15495.8086 50038.7148
  endloop
 endfacet
facet normal 0.0950832218 -0.977023005 -0.190749124
  outer loop
   vertex 24484.5918 15536.1973 49955.1328
   vertex 24554.5449 15532.6387 50008.2305
   vertex 24482.3438 15519.3369 50040.3711
  endloop
 endfacet
facet normal 0.395789385 -0.902816951 -0.16814369
  outer loop
   vertex 24439.8945 15505.0703 50017.0508
   vertex 24484.5918 15536.1973 49955.1328
   vertex 24482.3438 15519.3369 50040.3711
  endloop
 endfacet
facet normal 0.18144536 -0.844825923 0.503335655
  outer loop
   vertex 24653.1738 15575.4814 50137.2031
   vertex 24640.4512 15603.7061 50189.1602
   vertex 24590.584 15562.7832 50138.4492
  endloop
 endfacet
facet normal 0.169571504 -0.982533634 0.0766363367
  outer loop
   vertex 24614.2852 15546.7217 50056.6055
   vertex 24565.1484 15540.4404 50084.7969
   vertex 24554.5449 15532.6387 50008.2305
  endloop
 endfacet
facet normal 0.195572302 -0.934776485 0.296554208
  outer loop
   vertex 24590.584 15562.7832 50138.4492
   vertex 24565.1484 15540.4404 50084.7969
   vertex 24653.1738 15575.4814 50137.2031
  endloop
 endfacet
facet normal 0.210848689 -0.974998236 0.0701518655
  outer loop
   vertex 24565.1484 15540.4404 50084.7969
   vertex 24482.3438 15519.3369 50040.3711
   vertex 24554.5449 15532.6387 50008.2305
  endloop
 endfacet
facet normal -0.796143711 0.0576026104 0.602359653
  outer loop
   vertex 24567.416 16023.1475 50456.0859
   vertex 24557.3691 15957.2402 50449.1094
   vertex 24633.375 15989.752 50546.4609
  endloop
 endfacet
facet normal -0.542516947 -0.582823873 0.604972482
  outer loop
   vertex 24431.9512 15550.8311 49922.0273
   vertex 24484.5918 15536.1973 49955.1328
   vertex 24440.3066 15571.5625 49949.4922
  endloop
 endfacet
facet normal 0.363741457 0.00632703397 -0.931478441
  outer loop
   vertex 24731.7617 15763.3721 49983.8438
   vertex 24619.0879 15722.4658 49939.5664
   vertex 24647.7461 15843.1914 49951.5781
  endloop
 endfacet
facet normal 0.322120458 -0.0723972097 -0.943926394
  outer loop
   vertex 24877.7363 15896.9326 50023.1758
   vertex 24851.166 15815.5518 50020.3516
   vertex 24771.6035 15880.6826 49988.2031
  endloop
 endfacet
facet normal 0.0426342972 0.90192014 -0.429793417
  outer loop
   vertex 24439.6992 15558.166 49921.3203
   vertex 24420.6016 15556.5566 49916.0469
   vertex 24440.3066 15571.5625 49949.4922
  endloop
 endfacet
facet normal 0.0431200452 -0.143963769 -0.98864305
  outer loop
   vertex 24541.8008 15570.4346 49937.0195
   vertex 24486.375 15597.6621 49930.6367
   vertex 24555.9609 15618.0615 49930.6992
  endloop
 endfacet
facet normal 0.453209728 -0.341342002 -0.823460102
  outer loop
   vertex 24484.5918 15536.1973 49955.1328
   vertex 24439.6992 15558.166 49921.3203
   vertex 24486.375 15597.6621 49930.6367
  endloop
 endfacet
facet normal -0.0737123266 -0.367386371 -0.927142799
  outer loop
   vertex 24484.5918 15536.1973 49955.1328
   vertex 24486.375 15597.6621 49930.6367
   vertex 24541.8008 15570.4346 49937.0195
  endloop
 endfacet
facet normal -0.18075344 -0.206735745 -0.961555243
  outer loop
   vertex 24541.8008 15570.4346 49937.0195
   vertex 24556.5254 15540.0527 49940.7852
   vertex 24484.5918 15536.1973 49955.1328
  endloop
 endfacet
facet normal -0.589198768 -0.548514068 0.59327662
  outer loop
   vertex 24420.6016 15556.5566 49916.0469
   vertex 24431.9512 15550.8311 49922.0273
   vertex 24440.3066 15571.5625 49949.4922
  endloop
 endfacet
facet normal -0.567754745 -0.761023104 -0.313844562
  outer loop
   vertex 24484.5918 15536.1973 49955.1328
   vertex 24445.2168 15538.0537 50021.8594
   vertex 24440.3066 15571.5625 49949.4922
  endloop
 endfacet
facet normal -0.839728117 0.20865418 -0.501318395
  outer loop
   vertex 24439.8945 15505.0703 50017.0508
   vertex 24445.2168 15538.0537 50021.8594
   vertex 24484.5918 15536.1973 49955.1328
  endloop
 endfacet
facet normal 0.0316646844 0.0434752926 -0.998552561
  outer loop
   vertex 24555.9609 15618.0615 49930.6992
   vertex 24536.8359 15690.7676 49933.2617
   vertex 24587.4121 15654.4814 49933.2852
  endloop
 endfacet
facet normal -0.00871214364 0.0328843333 -0.999421179
  outer loop
   vertex 24555.9609 15618.0615 49930.6992
   vertex 24486.375 15597.6621 49930.6367
   vertex 24536.8359 15690.7676 49933.2617
  endloop
 endfacet
facet normal -0.5352211 0.411928147 -0.737464309
  outer loop
   vertex 24486.375 15597.6621 49930.6367
   vertex 24440.3066 15571.5625 49949.4922
   vertex 24466.7324 15665.4717 49982.7695
  endloop
 endfacet
facet normal -0.565505266 0.74948734 -0.344198346
  outer loop
   vertex 24486.375 15597.6621 49930.6367
   vertex 24439.6992 15558.166 49921.3203
   vertex 24440.3066 15571.5625 49949.4922
  endloop
 endfacet
facet normal -0.76859194 0.212083012 -0.603562117
  outer loop
   vertex 24445.2168 15538.0537 50021.8594
   vertex 24439.8945 15505.0703 50017.0508
   vertex 24424.6289 15500.2783 50034.8047
  endloop
 endfacet
facet normal -0.98786658 0.104108617 0.115243062
  outer loop
   vertex 24445.2168 15538.0537 50021.8594
   vertex 24452.5254 15603.1406 50025.7031
   vertex 24440.3066 15571.5625 49949.4922
  endloop
 endfacet
facet normal -0.621376872 0.356434077 -0.697743177
  outer loop
   vertex 24536.8359 15690.7676 49933.2617
   vertex 24486.375 15597.6621 49930.6367
   vertex 24466.7324 15665.4717 49982.7695
  endloop
 endfacet
facet normal -0.986794412 0.120169953 0.108609445
  outer loop
   vertex 24486.8027 15733.1904 50145.9609
   vertex 24512.2207 15842.8838 50255.5312
   vertex 24494.3418 15830.71 50106.5664
  endloop
 endfacet
facet normal -0.861887276 0.424734384 -0.277039737
  outer loop
   vertex 24518.3867 15926.9932 50179.3789
   vertex 24560.0859 15923.2002 50043.8359
   vertex 24494.3418 15830.71 50106.5664
  endloop
 endfacet
facet normal -0.861922681 0.420239151 -0.283704668
  outer loop
   vertex 24512.9023 15790.0498 49989.9531
   vertex 24494.3418 15830.71 50106.5664
   vertex 24560.0859 15923.2002 50043.8359
  endloop
 endfacet
facet normal -0.966983378 0.156129211 0.201412112
  outer loop
   vertex 24468.3184 15739.5693 50052.2773
   vertex 24486.8027 15733.1904 50145.9609
   vertex 24494.3418 15830.71 50106.5664
  endloop
 endfacet
facet normal -0.864820063 0.415142059 -0.282388568
  outer loop
   vertex 24468.3184 15739.5693 50052.2773
   vertex 24494.3418 15830.71 50106.5664
   vertex 24512.9023 15790.0498 49989.9531
  endloop
 endfacet
facet normal -0.979871869 0.195493385 -0.0404162705
  outer loop
   vertex 24452.5254 15603.1406 50025.7031
   vertex 24463.4492 15665.9678 50064.7812
   vertex 24466.7324 15665.4717 49982.7695
  endloop
 endfacet
facet normal -0.965871751 0.2542454 0.0495075025
  outer loop
   vertex 24440.3066 15571.5625 49949.4922
   vertex 24452.5254 15603.1406 50025.7031
   vertex 24466.7324 15665.4717 49982.7695
  endloop
 endfacet
facet normal -0.636520505 0.246625707 -0.730764925
  outer loop
   vertex 24572.0586 15785.5732 49936.9141
   vertex 24512.9023 15790.0498 49989.9531
   vertex 24572.0117 15857.5303 49961.2383
  endloop
 endfacet
facet normal -0.263653725 0.56068188 -0.784934759
  outer loop
   vertex 24674.2344 15956.3584 50002.7812
   vertex 24623.2754 16025.7549 50069.4688
   vertex 24715.207 16062.2246 50064.6406
  endloop
 endfacet
facet normal -0.399270892 0.873481333 0.278591245
  outer loop
   vertex 24557.3691 15957.2402 50449.1094
   vertex 24536.6035 15982.1279 50341.3203
   vertex 24529.4551 15955.8037 50413.6094
  endloop
 endfacet
facet normal -0.968512893 0.124839023 0.215401873
  outer loop
   vertex 24557.3691 15957.2402 50449.1094
   vertex 24567.416 16023.1475 50456.0859
   vertex 24536.6035 15982.1279 50341.3203
  endloop
 endfacet
facet normal -0.947079778 0.319348246 -0.0325058922
  outer loop
   vertex 24587.082 16123.1328 50255.8984
   vertex 24536.6035 15982.1279 50341.3203
   vertex 24583.6152 16127.7373 50402.1289
  endloop
 endfacet
facet normal -0.997434556 0.0591659583 -0.0402944237
  outer loop
   vertex 24466.7324 15665.4717 49982.7695
   vertex 24463.4492 15665.9678 50064.7812
   vertex 24468.3184 15739.5693 50052.2773
  endloop
 endfacet
facet normal -0.975038588 0.0983458608 0.199067354
  outer loop
   vertex 24463.4492 15665.9678 50064.7812
   vertex 24486.8027 15733.1904 50145.9609
   vertex 24468.3184 15739.5693 50052.2773
  endloop
 endfacet
facet normal -0.415275872 0.529888093 0.739435315
  outer loop
   vertex 24619.1387 16214.4619 50359.9336
   vertex 24581.1074 16186.0156 50358.9609
   vertex 24583.6152 16127.7373 50402.1289
  endloop
 endfacet
facet normal -0.987428188 0.155513436 -0.0283039361
  outer loop
   vertex 24583.6152 16127.7373 50402.1289
   vertex 24595.6875 16188.3398 50313.9492
   vertex 24587.082 16123.1328 50255.8984
  endloop
 endfacet
facet normal -0.912280202 -0.268404037 -0.309360832
  outer loop
   vertex 24581.1074 16186.0156 50358.9609
   vertex 24595.6875 16188.3398 50313.9492
   vertex 24583.6152 16127.7373 50402.1289
  endloop
 endfacet
facet normal -0.893377423 0.358742028 -0.270519763
  outer loop
   vertex 24595.6875 16188.3398 50313.9492
   vertex 24615.1797 16191.5654 50253.8555
   vertex 24587.082 16123.1328 50255.8984
  endloop
 endfacet
facet normal -0.693096697 0.595119238 -0.406755507
  outer loop
   vertex 24566.0508 16024.1533 50164.6367
   vertex 24652.8164 16108.0723 50139.5703
   vertex 24623.2754 16025.7549 50069.4688
  endloop
 endfacet
facet normal -0.68253237 0.568502188 -0.459298193
  outer loop
   vertex 24566.0508 16024.1533 50164.6367
   vertex 24587.082 16123.1328 50255.8984
   vertex 24652.8164 16108.0723 50139.5703
  endloop
 endfacet
facet normal -0.520368159 0.797502577 0.305297643
  outer loop
   vertex 24977.4688 16655.2383 50728.6016
   vertex 25011.1094 16642.168 50820.0859
   vertex 25207.207 16807.9316 50721.3164
  endloop
 endfacet
facet normal -0.531236827 0.789212048 0.308109969
  outer loop
   vertex 24977.4688 16655.2383 50728.6016
   vertex 24914.1582 16577.0508 50819.7188
   vertex 25011.1094 16642.168 50820.0859
  endloop
 endfacet
facet normal -0.720028698 0.549565971 -0.423716754
  outer loop
   vertex 24566.0508 16024.1533 50164.6367
   vertex 24623.2754 16025.7549 50069.4688
   vertex 24560.0859 15923.2002 50043.8359
  endloop
 endfacet
facet normal -0.877805531 0.388004482 -0.280909091
  outer loop
   vertex 24566.0508 16024.1533 50164.6367
   vertex 24560.0859 15923.2002 50043.8359
   vertex 24518.3867 15926.9932 50179.3789
  endloop
 endfacet
facet normal -0.41530627 0.453065842 -0.788829565
  outer loop
   vertex 24623.2754 16025.7549 50069.4688
   vertex 24674.2344 15956.3584 50002.7812
   vertex 24560.0859 15923.2002 50043.8359
  endloop
 endfacet
facet normal -0.618662536 0.271793485 -0.737146497
  outer loop
   vertex 24536.8359 15690.7676 49933.2617
   vertex 24466.7324 15665.4717 49982.7695
   vertex 24512.9023 15790.0498 49989.9531
  endloop
 endfacet
facet normal -0.872989416 0.343506962 -0.346254915
  outer loop
   vertex 24468.3184 15739.5693 50052.2773
   vertex 24512.9023 15790.0498 49989.9531
   vertex 24466.7324 15665.4717 49982.7695
  endloop
 endfacet
facet normal -0.617938757 0.569512129 -0.542040288
  outer loop
   vertex 24560.0859 15923.2002 50043.8359
   vertex 24606.5684 15904.5713 49971.2695
   vertex 24572.0117 15857.5303 49961.2383
  endloop
 endfacet
facet normal -0.752672613 0.458088845 -0.472904414
  outer loop
   vertex 24512.9023 15790.0498 49989.9531
   vertex 24560.0859 15923.2002 50043.8359
   vertex 24572.0117 15857.5303 49961.2383
  endloop
 endfacet
facet normal -0.980591416 0.16613856 0.10410808
  outer loop
   vertex 24512.2207 15842.8838 50255.5312
   vertex 24518.3867 15926.9932 50179.3789
   vertex 24494.3418 15830.71 50106.5664
  endloop
 endfacet
facet normal 0.366191924 0.33804968 -0.866963625
  outer loop
   vertex 24826.9453 16000.5947 50042.1445
   vertex 24967.4512 15946.5039 50080.3984
   vertex 24877.7363 15896.9326 50023.1758
  endloop
 endfacet
facet normal -0.395909876 0.795952499 -0.457946509
  outer loop
   vertex 24606.5684 15904.5713 49971.2695
   vertex 24560.0859 15923.2002 50043.8359
   vertex 24674.2344 15956.3584 50002.7812
  endloop
 endfacet
facet normal 0.136155352 0.353464812 -0.925486028
  outer loop
   vertex 24826.9453 16000.5947 50042.1445
   vertex 24771.6035 15880.6826 49988.2031
   vertex 24674.2344 15956.3584 50002.7812
  endloop
 endfacet
facet normal -0.245247871 0.722571015 -0.646331668
  outer loop
   vertex 24715.207 16062.2246 50064.6406
   vertex 24652.8164 16108.0723 50139.5703
   vertex 24834.3262 16172.7949 50143.0547
  endloop
 endfacet
facet normal 0.156020865 0.376644135 -0.913124681
  outer loop
   vertex 24674.2344 15956.3584 50002.7812
   vertex 24771.6035 15880.6826 49988.2031
   vertex 24647.7461 15843.1914 49951.5781
  endloop
 endfacet
facet normal 0.102896489 0.0408900641 -0.993851244
  outer loop
   vertex 25297.9043 16275.0537 50172.0938
   vertex 25164.3926 16148.0732 50153.0469
   vertex 25072.4238 16236.6035 50147.168
  endloop
 endfacet
facet normal -0.471520334 0.754247785 -0.456923276
  outer loop
   vertex 25095.4863 16662.957 50453.418
   vertex 24924.1758 16582.9863 50498.1914
   vertex 24941.8184 16603.8574 50514.4375
  endloop
 endfacet
facet normal 0.313674331 0.148683369 -0.937817514
  outer loop
   vertex 25084.3828 16051.2715 50136.1211
   vertex 24967.4512 15946.5039 50080.3984
   vertex 24946.5977 16063.0225 50091.8984
  endloop
 endfacet
facet normal 0.313289464 -0.0936899334 -0.945024788
  outer loop
   vertex 25164.3926 16148.0732 50153.0469
   vertex 25166.1289 16090.1562 50159.3672
   vertex 25084.3828 16051.2715 50136.1211
  endloop
 endfacet
facet normal 0.205817237 0.00100745587 -0.978589952
  outer loop
   vertex 25018.1816 16136.0078 50122.2852
   vertex 25164.3926 16148.0732 50153.0469
   vertex 25084.3828 16051.2715 50136.1211
  endloop
 endfacet
facet normal -0.0796276182 0.357144862 -0.930648685
  outer loop
   vertex 24834.3262 16172.7949 50143.0547
   vertex 24992.6504 16313.2217 50183.3984
   vertex 25072.4238 16236.6035 50147.168
  endloop
 endfacet
facet normal -0.0551071316 0.267667174 -0.961934268
  outer loop
   vertex 25018.1816 16136.0078 50122.2852
   vertex 24834.3262 16172.7949 50143.0547
   vertex 25072.4238 16236.6035 50147.168
  endloop
 endfacet
facet normal -0.134681508 0.30548656 -0.942623377
  outer loop
   vertex 25072.4238 16236.6035 50147.168
   vertex 24992.6504 16313.2217 50183.3984
   vertex 25164.6035 16356.373 50172.8125
  endloop
 endfacet
facet normal -0.168387249 0.456749678 -0.873513281
  outer loop
   vertex 25096.0684 16436.5059 50227.9258
   vertex 25164.6035 16356.373 50172.8125
   vertex 24992.6504 16313.2217 50183.3984
  endloop
 endfacet
facet normal -0.578019142 -0.107653819 -0.808890939
  outer loop
   vertex 25864.168 16792.0508 50045.1914
   vertex 25795.7246 16902.9688 50079.3359
   vertex 25890.8965 16947.8125 50005.3594
  endloop
 endfacet
facet normal -0.707841277 -0.0585392006 -0.703941643
  outer loop
   vertex 25952.2871 16899.5371 49947.6445
   vertex 25864.168 16792.0508 50045.1914
   vertex 25890.8965 16947.8125 50005.3594
  endloop
 endfacet
facet normal 0.106783427 -0.226467088 -0.968147695
  outer loop
   vertex 25675.6641 16379.9033 50220.7266
   vertex 25368.3711 16422.8809 50176.7812
   vertex 25609.0078 16590.875 50164.0234
  endloop
 endfacet
facet normal 0.0968975574 0.500114501 -0.860520959
  outer loop
   vertex 24826.9453 16000.5947 50042.1445
   vertex 24834.3262 16172.7949 50143.0547
   vertex 24946.5977 16063.0225 50091.8984
  endloop
 endfacet
facet normal 0.311241418 0.088664338 -0.946185708
  outer loop
   vertex 24946.5977 16063.0225 50091.8984
   vertex 25018.1816 16136.0078 50122.2852
   vertex 25084.3828 16051.2715 50136.1211
  endloop
 endfacet
facet normal 0.193204775 0.136179969 -0.971661925
  outer loop
   vertex 25072.4238 16236.6035 50147.168
   vertex 25164.3926 16148.0732 50153.0469
   vertex 25018.1816 16136.0078 50122.2852
  endloop
 endfacet
facet normal -0.0226842575 0.403133839 -0.914859831
  outer loop
   vertex 24834.3262 16172.7949 50143.0547
   vertex 25018.1816 16136.0078 50122.2852
   vertex 24946.5977 16063.0225 50091.8984
  endloop
 endfacet
facet normal 0.34167555 -0.775122225 0.531453967
  outer loop
   vertex 24641.291 15604.2354 50001.2891
   vertex 24558.3223 15533.8691 49952
   vertex 24587.418 15544.4199 49948.6836
  endloop
 endfacet
facet normal 0.436633378 -0.572656751 -0.693841159
  outer loop
   vertex 25524.7676 16179.4775 50321.5547
   vertex 25244.9434 16085.5977 50222.9453
   vertex 25401.1699 16213.8516 50215.4023
  endloop
 endfacet
facet normal 0.624162674 -0.0662091896 -0.778483987
  outer loop
   vertex 25164.3926 16148.0732 50153.0469
   vertex 25244.9434 16085.5977 50222.9453
   vertex 25166.1289 16090.1562 50159.3672
  endloop
 endfacet
facet normal 0.30187735 -0.156156465 -0.940470755
  outer loop
   vertex 25275.1484 16176.3682 50181.1758
   vertex 25297.9043 16275.0537 50172.0938
   vertex 25401.1699 16213.8516 50215.4023
  endloop
 endfacet
facet normal 0.279539436 -0.15170534 -0.948073387
  outer loop
   vertex 25275.1484 16176.3682 50181.1758
   vertex 25164.3926 16148.0732 50153.0469
   vertex 25297.9043 16275.0537 50172.0938
  endloop
 endfacet
facet normal 0.11993853 0.592526793 -0.796571851
  outer loop
   vertex 24641.291 15604.2354 50001.2891
   vertex 24587.418 15544.4199 49948.6836
   vertex 24556.5254 15540.0527 49940.7852
  endloop
 endfacet
facet normal 0.244931191 -0.831967652 -0.497833878
  outer loop
   vertex 24558.3223 15533.8691 49952
   vertex 24556.5254 15540.0527 49940.7852
   vertex 24587.418 15544.4199 49948.6836
  endloop
 endfacet
facet normal 0.539498985 -0.413889259 -0.733237028
  outer loop
   vertex 24641.291 15604.2354 50001.2891
   vertex 24555.9609 15618.0615 49930.6992
   vertex 24587.4121 15654.4814 49933.2852
  endloop
 endfacet
facet normal 0.501262903 -0.386671364 -0.774093509
  outer loop
   vertex 25084.3828 16051.2715 50136.1211
   vertex 25244.9434 16085.5977 50222.9453
   vertex 25066.8613 15911.8398 50194.4219
  endloop
 endfacet
facet normal 0.472394317 -0.616597414 -0.629802525
  outer loop
   vertex 25166.1289 16090.1562 50159.3672
   vertex 25244.9434 16085.5977 50222.9453
   vertex 25084.3828 16051.2715 50136.1211
  endloop
 endfacet
facet normal 0.510095656 0.0667175576 -0.857526183
  outer loop
   vertex 24877.7363 15896.9326 50023.1758
   vertex 24967.4512 15946.5039 50080.3984
   vertex 24935.291 15851.2217 50053.8555
  endloop
 endfacet
facet normal 0.541324019 -0.700892568 -0.464454472
  outer loop
   vertex 24614.2852 15546.7217 50056.6055
   vertex 24554.5449 15532.6387 50008.2305
   vertex 24641.291 15604.2354 50001.2891
  endloop
 endfacet
facet normal 0.637572169 -0.769952714 0.0259715114
  outer loop
   vertex 24558.3223 15533.8691 49952
   vertex 24641.291 15604.2354 50001.2891
   vertex 24554.5449 15532.6387 50008.2305
  endloop
 endfacet
facet normal 0.675803959 -0.656434834 -0.335234761
  outer loop
   vertex 24641.291 15604.2354 50001.2891
   vertex 24731.7773 15631.4805 50130.3516
   vertex 24701.1133 15603.3438 50123.6289
  endloop
 endfacet
facet normal 0.404646665 -0.100555368 -0.908927798
  outer loop
   vertex 24877.7363 15896.9326 50023.1758
   vertex 24935.291 15851.2217 50053.8555
   vertex 24851.166 15815.5518 50020.3516
  endloop
 endfacet
facet normal 0.503769875 0.138481796 -0.852665603
  outer loop
   vertex 24541.8008 15570.4346 49937.0195
   vertex 24641.291 15604.2354 50001.2891
   vertex 24556.5254 15540.0527 49940.7852
  endloop
 endfacet
facet normal 0.585900724 -0.275303841 -0.762186408
  outer loop
   vertex 24541.8008 15570.4346 49937.0195
   vertex 24555.9609 15618.0615 49930.6992
   vertex 24641.291 15604.2354 50001.2891
  endloop
 endfacet
facet normal 0.631040275 -0.721943378 -0.283876538
  outer loop
   vertex 24832.0215 15736.3477 50089.2891
   vertex 24758.7305 15659.1367 50122.7266
   vertex 24641.291 15604.2354 50001.2891
  endloop
 endfacet
facet normal 0.602803171 -0.417253852 -0.680093825
  outer loop
   vertex 24832.0215 15736.3477 50089.2891
   vertex 24641.291 15604.2354 50001.2891
   vertex 24731.7617 15763.3721 49983.8438
  endloop
 endfacet
facet normal 0.258041441 0.294775456 -0.920066297
  outer loop
   vertex 24877.7363 15896.9326 50023.1758
   vertex 24771.6035 15880.6826 49988.2031
   vertex 24826.9453 16000.5947 50042.1445
  endloop
 endfacet
facet normal -0.450761199 -0.584219694 -0.674908698
  outer loop
   vertex 26591.8633 16931.6973 49251.7617
   vertex 26618.6328 16830.8457 49321.1797
   vertex 26504.7598 16848.4453 49382
  endloop
 endfacet
facet normal -0.073728174 0.259492457 -0.962926686
  outer loop
   vertex 24606.5684 15904.5713 49971.2695
   vertex 24647.7461 15843.1914 49951.5781
   vertex 24572.0117 15857.5303 49961.2383
  endloop
 endfacet
facet normal 0.640557468 -0.706943631 -0.299861401
  outer loop
   vertex 24641.291 15604.2354 50001.2891
   vertex 24758.7305 15659.1367 50122.7266
   vertex 24731.7773 15631.4805 50130.3516
  endloop
 endfacet
facet normal 0.53000164 -0.831974387 0.164063573
  outer loop
   vertex 24701.1133 15603.3438 50123.6289
   vertex 24653.1738 15575.4814 50137.2031
   vertex 24655.4902 15564.6201 50074.6406
  endloop
 endfacet
facet normal 0.327565104 -0.928785086 0.173376471
  outer loop
   vertex 24653.1738 15575.4814 50137.2031
   vertex 24614.2852 15546.7217 50056.6055
   vertex 24655.4902 15564.6201 50074.6406
  endloop
 endfacet
facet normal 0.0719441622 0.0117187658 -0.997339845
  outer loop
   vertex 24572.0586 15785.5732 49936.9141
   vertex 24619.0879 15722.4658 49939.5664
   vertex 24536.8359 15690.7676 49933.2617
  endloop
 endfacet
facet normal 0.0498586707 0.0688364357 -0.996381283
  outer loop
   vertex 24587.4121 15654.4814 49933.2852
   vertex 24536.8359 15690.7676 49933.2617
   vertex 24619.0879 15722.4658 49939.5664
  endloop
 endfacet
facet normal 0.664163709 -0.24415122 -0.706595182
  outer loop
   vertex 24587.4121 15654.4814 49933.2852
   vertex 24619.0879 15722.4658 49939.5664
   vertex 24641.291 15604.2354 50001.2891
  endloop
 endfacet
facet normal 0.44924134 -0.345709592 -0.823812544
  outer loop
   vertex 24731.7617 15763.3721 49983.8438
   vertex 24641.291 15604.2354 50001.2891
   vertex 24619.0879 15722.4658 49939.5664
  endloop
 endfacet
facet normal 0.301555216 -0.0670552254 -0.951087832
  outer loop
   vertex 24771.6035 15880.6826 49988.2031
   vertex 24731.7617 15763.3721 49983.8438
   vertex 24647.7461 15843.1914 49951.5781
  endloop
 endfacet
facet normal 0.142237678 0.0645062849 -0.987728417
  outer loop
   vertex 24572.0586 15785.5732 49936.9141
   vertex 24647.7461 15843.1914 49951.5781
   vertex 24619.0879 15722.4658 49939.5664
  endloop
 endfacet
facet normal -0.0601348653 0.319633514 -0.945631146
  outer loop
   vertex 24572.0117 15857.5303 49961.2383
   vertex 24647.7461 15843.1914 49951.5781
   vertex 24572.0586 15785.5732 49936.9141
  endloop
 endfacet
facet normal 0.236966312 -0.669792175 -0.703722537
  outer loop
   vertex 24832.0215 15736.3477 50089.2891
   vertex 24851.166 15815.5518 50020.3516
   vertex 24905.5078 15795.9395 50057.3164
  endloop
 endfacet
facet normal 0.46007812 -0.300162315 -0.835601985
  outer loop
   vertex 24935.291 15851.2217 50053.8555
   vertex 24905.5078 15795.9395 50057.3164
   vertex 24851.166 15815.5518 50020.3516
  endloop
 endfacet
facet normal 0.395684689 -0.632755458 -0.665623128
  outer loop
   vertex 25401.1699 16213.8516 50215.4023
   vertex 25675.6641 16379.9033 50220.7266
   vertex 25524.7676 16179.4775 50321.5547
  endloop
 endfacet
facet normal 0.205548972 -0.310033053 -0.928239822
  outer loop
   vertex 25401.1699 16213.8516 50215.4023
   vertex 25297.9043 16275.0537 50172.0938
   vertex 25675.6641 16379.9033 50220.7266
  endloop
 endfacet
facet normal 0.538174272 -0.806155562 0.24593015
  outer loop
   vertex 24701.1133 15603.3438 50123.6289
   vertex 24805.7559 15724.3848 50291.4023
   vertex 24653.1738 15575.4814 50137.2031
  endloop
 endfacet
facet normal 0.654999435 -0.74459666 0.1286529
  outer loop
   vertex 24701.1133 15603.3438 50123.6289
   vertex 24731.7773 15631.4805 50130.3516
   vertex 24805.7559 15724.3848 50291.4023
  endloop
 endfacet
facet normal 0.360785872 -0.486263722 -0.795852482
  outer loop
   vertex 25275.1484 16176.3682 50181.1758
   vertex 25401.1699 16213.8516 50215.4023
   vertex 25244.9434 16085.5977 50222.9453
  endloop
 endfacet
facet normal 0.55301863 -0.80237627 -0.22441636
  outer loop
   vertex 24905.5078 15795.9395 50057.3164
   vertex 24956.3047 15817.2383 50106.3359
   vertex 24832.0215 15736.3477 50089.2891
  endloop
 endfacet
facet normal 0.698023796 -0.706372619 -0.117475323
  outer loop
   vertex 24945.1699 15792.3262 50189.9727
   vertex 24956.3047 15817.2383 50106.3359
   vertex 25066.8613 15911.8398 50194.4219
  endloop
 endfacet
facet normal 0.757677436 -0.526908815 -0.385087013
  outer loop
   vertex 24991.8203 15873.5938 50099.1055
   vertex 25066.8613 15911.8398 50194.4219
   vertex 24956.3047 15817.2383 50106.3359
  endloop
 endfacet
facet normal 0.655115366 -0.486982346 -0.577643573
  outer loop
   vertex 24935.291 15851.2217 50053.8555
   vertex 24991.8203 15873.5938 50099.1055
   vertex 24956.3047 15817.2383 50106.3359
  endloop
 endfacet
facet normal 0.715180397 -0.420253307 -0.558483779
  outer loop
   vertex 24905.5078 15795.9395 50057.3164
   vertex 24935.291 15851.2217 50053.8555
   vertex 24956.3047 15817.2383 50106.3359
  endloop
 endfacet
facet normal 0.329429805 -0.482946038 -0.811319351
  outer loop
   vertex 25244.9434 16085.5977 50222.9453
   vertex 25164.3926 16148.0732 50153.0469
   vertex 25275.1484 16176.3682 50181.1758
  endloop
 endfacet
facet normal -0.315193295 -0.688392878 0.653275132
  outer loop
   vertex 24640.4512 15603.7061 50189.1602
   vertex 24647.5605 15636.2734 50226.9102
   vertex 24524.3633 15600.4785 50129.75
  endloop
 endfacet
facet normal 0.326356053 -0.783302546 -0.529083014
  outer loop
   vertex 25524.7676 16179.4775 50321.5547
   vertex 25615.1602 16145.1465 50428.1367
   vertex 25269.5293 15963.3037 50484.1602
  endloop
 endfacet
facet normal 0.392374963 -0.873971581 -0.286732525
  outer loop
   vertex 25689.9199 16080.7041 50679.2891
   vertex 25722.1348 16142.1924 50535.9531
   vertex 25898.9609 16186.3057 50643.4688
  endloop
 endfacet
facet normal 0.352402598 -0.913136601 -0.204924241
  outer loop
   vertex 25861.8105 16189.9697 50563.2578
   vertex 25898.9609 16186.3057 50643.4688
   vertex 25722.1348 16142.1924 50535.9531
  endloop
 endfacet
facet normal 0.535953462 -0.841740906 0.0650089383
  outer loop
   vertex 25269.5293 15963.3037 50484.1602
   vertex 25185.4961 15923.3555 50659.7109
   vertex 25165.7637 15906.5615 50604.9297
  endloop
 endfacet
facet normal 0.381661981 -0.87742424 -0.29062137
  outer loop
   vertex 25722.1348 16142.1924 50535.9531
   vertex 25689.9199 16080.7041 50679.2891
   vertex 25539.0879 16038.5576 50608.4531
  endloop
 endfacet
facet normal 0.679976463 -0.637404978 -0.362418085
  outer loop
   vertex 25244.9434 16085.5977 50222.9453
   vertex 25269.5293 15963.3037 50484.1602
   vertex 25066.8613 15911.8398 50194.4219
  endloop
 endfacet
facet normal 0.633023083 -0.706083834 -0.317375839
  outer loop
   vertex 25027.0684 15834.1416 50287.9141
   vertex 25066.8613 15911.8398 50194.4219
   vertex 25269.5293 15963.3037 50484.1602
  endloop
 endfacet
facet normal 0.417793214 -0.807096004 -0.417186797
  outer loop
   vertex 25244.9434 16085.5977 50222.9453
   vertex 25524.7676 16179.4775 50321.5547
   vertex 25269.5293 15963.3037 50484.1602
  endloop
 endfacet
facet normal 0.418024957 -0.907718301 -0.0360916741
  outer loop
   vertex 25728.6348 16077.2422 50820.9297
   vertex 25773.6113 16102.0459 50718.043
   vertex 25870.4004 16144.4736 50772.0039
  endloop
 endfacet
facet normal 0.376341492 -0.837419808 -0.396352351
  outer loop
   vertex 25615.1602 16145.1465 50428.1367
   vertex 25722.1348 16142.1924 50535.9531
   vertex 25269.5293 15963.3037 50484.1602
  endloop
 endfacet
facet normal 0.380244732 -0.877033889 -0.293641686
  outer loop
   vertex 25539.0879 16038.5576 50608.4531
   vertex 25269.5293 15963.3037 50484.1602
   vertex 25722.1348 16142.1924 50535.9531
  endloop
 endfacet
facet normal 0.444409281 -0.895758569 0.0108171133
  outer loop
   vertex 24805.7559 15724.3848 50291.4023
   vertex 24945.1699 15792.3262 50189.9727
   vertex 25027.0684 15834.1416 50287.9141
  endloop
 endfacet
facet normal 0.122856617 -0.934680164 -0.333585441
  outer loop
   vertex 25097.4746 15900.2773 50597.3867
   vertex 25269.5293 15963.3037 50484.1602
   vertex 25165.7637 15906.5615 50604.9297
  endloop
 endfacet
facet normal 0.0820174441 -0.993018985 0.0847729072
  outer loop
   vertex 25101.0352 15906.5195 50667.0586
   vertex 25097.4746 15900.2773 50597.3867
   vertex 25165.7637 15906.5615 50604.9297
  endloop
 endfacet
facet normal 0.736089468 -0.674586177 0.0557293706
  outer loop
   vertex 24805.7559 15724.3848 50291.4023
   vertex 24758.7305 15659.1367 50122.7266
   vertex 24832.0215 15736.3477 50089.2891
  endloop
 endfacet
facet normal 0.376680195 -0.924541175 0.0577546209
  outer loop
   vertex 25024.1836 15865.583 50520.0078
   vertex 25269.5293 15963.3037 50484.1602
   vertex 25097.4746 15900.2773 50597.3867
  endloop
 endfacet
facet normal 0.553828537 -0.815276206 -0.169111237
  outer loop
   vertex 24945.1699 15792.3262 50189.9727
   vertex 24832.0215 15736.3477 50089.2891
   vertex 24956.3047 15817.2383 50106.3359
  endloop
 endfacet
facet normal 0.533681691 -0.843292892 0.0635683313
  outer loop
   vertex 25253.4805 15974.709 50770.1992
   vertex 25185.4961 15923.3555 50659.7109
   vertex 25269.5293 15963.3037 50484.1602
  endloop
 endfacet
facet normal 0.440495521 -0.89774543 0.00410697469
  outer loop
   vertex 24805.7559 15724.3848 50291.4023
   vertex 24832.0215 15736.3477 50089.2891
   vertex 24945.1699 15792.3262 50189.9727
  endloop
 endfacet
facet normal 0.184654295 -0.929757237 0.318518847
  outer loop
   vertex 25253.4805 15974.709 50770.1992
   vertex 25129.8203 15945.7148 50757.25
   vertex 25185.4961 15923.3555 50659.7109
  endloop
 endfacet
facet normal 0.190891683 -0.940159976 0.282240361
  outer loop
   vertex 25175.2637 15972.9541 50817.2539
   vertex 25129.8203 15945.7148 50757.25
   vertex 25253.4805 15974.709 50770.1992
  endloop
 endfacet
facet normal 0.212107852 -0.919205546 0.331770152
  outer loop
   vertex 25129.8203 15945.7148 50757.25
   vertex 25101.0352 15906.5195 50667.0586
   vertex 25185.4961 15923.3555 50659.7109
  endloop
 endfacet
facet normal 0.208966359 -0.95353055 0.217054144
  outer loop
   vertex 25165.7637 15906.5615 50604.9297
   vertex 25185.4961 15923.3555 50659.7109
   vertex 25101.0352 15906.5195 50667.0586
  endloop
 endfacet
facet normal 0.706524491 -0.704125762 -0.0709225982
  outer loop
   vertex 26401.8535 16540.2324 51026.2383
   vertex 26295.5918 16424.5059 51116.6055
   vertex 26244.7422 16398.584 50867.4023
  endloop
 endfacet
facet normal 0.377045572 -0.861619353 -0.33977741
  outer loop
   vertex 25689.9199 16080.7041 50679.2891
   vertex 25898.9609 16186.3057 50643.4688
   vertex 25773.6113 16102.0459 50718.043
  endloop
 endfacet
facet normal 0.380831361 -0.855242312 -0.351465642
  outer loop
   vertex 25689.9199 16080.7041 50679.2891
   vertex 25773.6113 16102.0459 50718.043
   vertex 25721.043 16074.458 50728.2109
  endloop
 endfacet
facet normal 0.475468576 -0.862162054 -0.174946219
  outer loop
   vertex 25870.4004 16144.4736 50772.0039
   vertex 25773.6113 16102.0459 50718.043
   vertex 25898.9609 16186.3057 50643.4688
  endloop
 endfacet
facet normal -0.387658656 0.917206764 0.091937393
  outer loop
   vertex 25616.2031 17090.6348 50759.3906
   vertex 25649.9219 17088.1758 50926.1016
   vertex 25900.457 17218.1719 50685.5977
  endloop
 endfacet
facet normal -0.403121471 0.914715886 0.0280690789
  outer loop
   vertex 25616.2031 17090.6348 50759.3906
   vertex 25900.457 17218.1719 50685.5977
   vertex 25636.5488 17101.4375 50699.5508
  endloop
 endfacet
facet normal -0.940754414 0.19030188 0.280653298
  outer loop
   vertex 24814.8359 16402.9746 50689.8164
   vertex 24810.8574 16216.3242 50803.0469
   vertex 24856.8066 16385.7305 50842.1992
  endloop
 endfacet
facet normal -0.862696886 0.120478049 0.491160959
  outer loop
   vertex 24810.8574 16216.3242 50803.0469
   vertex 24866.9062 16227.998 50898.625
   vertex 24856.8066 16385.7305 50842.1992
  endloop
 endfacet
facet normal -0.607642353 0.722604215 -0.3295663
  outer loop
   vertex 24773.1816 16350.5234 50420.0117
   vertex 24822.3457 16438.7441 50522.7969
   vertex 24961.2988 16486.6562 50371.6484
  endloop
 endfacet
facet normal -0.73836875 0.376670361 -0.559402406
  outer loop
   vertex 24919.1934 16546.9316 50467.8125
   vertex 24961.2988 16486.6562 50371.6484
   vertex 24822.3457 16438.7441 50522.7969
  endloop
 endfacet
facet normal -0.803067684 0.573890269 0.160412818
  outer loop
   vertex 24752.7227 16313.5273 50622.2148
   vertex 24822.3457 16438.7441 50522.7969
   vertex 24728.9492 16304.4961 50535.5156
  endloop
 endfacet
facet normal -0.844850481 0.529657125 0.0754391402
  outer loop
   vertex 24752.7227 16313.5273 50622.2148
   vertex 24814.8359 16402.9746 50689.8164
   vertex 24822.3457 16438.7441 50522.7969
  endloop
 endfacet
facet normal -0.58824563 0.808250368 -0.0264274683
  outer loop
   vertex 25137.0547 16752.7324 50594.6211
   vertex 25207.207 16807.9316 50721.3164
   vertex 25280.3984 16857.0527 50594.4648
  endloop
 endfacet
facet normal -0.553900898 0.830747604 -0.0552465841
  outer loop
   vertex 24977.4688 16655.2383 50728.6016
   vertex 25207.207 16807.9316 50721.3164
   vertex 25137.0547 16752.7324 50594.6211
  endloop
 endfacet
facet normal -0.657902539 -0.365113437 0.658677816
  outer loop
   vertex 24541.1074 15929.5723 50417.5312
   vertex 24609.459 15876.4756 50456.3711
   vertex 24557.3691 15957.2402 50449.1094
  endloop
 endfacet
facet normal -0.757119179 -0.245832726 0.60525763
  outer loop
   vertex 24541.1074 15929.5723 50417.5312
   vertex 24557.3691 15957.2402 50449.1094
   vertex 24529.4551 15955.8037 50413.6094
  endloop
 endfacet
facet normal -0.228261292 0.67776531 -0.698949933
  outer loop
   vertex 24834.3262 16172.7949 50143.0547
   vertex 24652.8164 16108.0723 50139.5703
   vertex 24660.6816 16176.4668 50203.3242
  endloop
 endfacet
facet normal -0.821524799 0.562984228 -0.0902538225
  outer loop
   vertex 24822.3457 16438.7441 50522.7969
   vertex 24773.1816 16350.5234 50420.0117
   vertex 24728.9492 16304.4961 50535.5156
  endloop
 endfacet
facet normal -0.736186862 0.673710644 0.0643651485
  outer loop
   vertex 24773.1816 16350.5234 50420.0117
   vertex 24702.084 16279.0234 50355.207
   vertex 24663.9766 16226.7783 50466.207
  endloop
 endfacet
facet normal -0.913584828 0.289055258 0.286024153
  outer loop
   vertex 24583.6152 16127.7373 50402.1289
   vertex 24567.416 16023.1475 50456.0859
   vertex 24591.8262 16060.6104 50496.1992
  endloop
 endfacet
facet normal -0.754607856 0.655590057 -0.0277250446
  outer loop
   vertex 24728.9492 16304.4961 50535.5156
   vertex 24773.1816 16350.5234 50420.0117
   vertex 24663.9766 16226.7783 50466.207
  endloop
 endfacet
facet normal -0.600286186 0.783100724 0.162510723
  outer loop
   vertex 24702.084 16279.0234 50355.207
   vertex 24619.1387 16214.4619 50359.9336
   vertex 24663.9766 16226.7783 50466.207
  endloop
 endfacet
facet normal -0.826346219 0.481001288 0.292898834
  outer loop
   vertex 24583.6152 16127.7373 50402.1289
   vertex 24663.9766 16226.7783 50466.207
   vertex 24619.1387 16214.4619 50359.9336
  endloop
 endfacet
facet normal -0.953790545 0.286411852 -0.0908395424
  outer loop
   vertex 24587.082 16123.1328 50255.8984
   vertex 24566.0508 16024.1533 50164.6367
   vertex 24536.6035 15982.1279 50341.3203
  endloop
 endfacet
facet normal -0.956187844 0.236857921 0.172055483
  outer loop
   vertex 24567.416 16023.1475 50456.0859
   vertex 24583.6152 16127.7373 50402.1289
   vertex 24536.6035 15982.1279 50341.3203
  endloop
 endfacet
facet normal -0.820730031 0.463664353 0.333792776
  outer loop
   vertex 24445.2168 15538.0537 50021.8594
   vertex 24447.166 15517.5537 50055.1289
   vertex 24524.3633 15600.4785 50129.75
  endloop
 endfacet
facet normal -0.820794344 0.0585978925 0.568210304
  outer loop
   vertex 24452.5254 15603.1406 50025.7031
   vertex 24445.2168 15538.0537 50021.8594
   vertex 24524.3633 15600.4785 50129.75
  endloop
 endfacet
facet normal -0.631090403 -0.472417355 0.615261555
  outer loop
   vertex 24633.375 15989.752 50546.4609
   vertex 24724.3848 15909.5107 50578.1992
   vertex 24748.3789 15969.7344 50649.0508
  endloop
 endfacet
facet normal -0.654910564 -0.361579865 0.663590312
  outer loop
   vertex 24703.9375 16058.9873 50653.8242
   vertex 24633.375 15989.752 50546.4609
   vertex 24748.3789 15969.7344 50649.0508
  endloop
 endfacet
facet normal -0.0957364589 -0.821718693 0.5617944
  outer loop
   vertex 24898.4082 16054.375 50853.9453
   vertex 24860.5625 16028.4775 50809.6172
   vertex 24917.4629 15939.2715 50688.8359
  endloop
 endfacet
facet normal -0.998316765 -0.00148940261 0.0579776466
  outer loop
   vertex 24538.6504 15886.1221 50374.1133
   vertex 24541.1074 15929.5723 50417.5312
   vertex 24536.6035 15982.1279 50341.3203
  endloop
 endfacet
facet normal -0.873179138 -0.423837334 -0.240665868
  outer loop
   vertex 24536.6035 15982.1279 50341.3203
   vertex 24541.1074 15929.5723 50417.5312
   vertex 24529.4551 15955.8037 50413.6094
  endloop
 endfacet
facet normal -0.978491008 0.0476855077 0.200702459
  outer loop
   vertex 24512.2207 15842.8838 50255.5312
   vertex 24538.6504 15886.1221 50374.1133
   vertex 24536.6035 15982.1279 50341.3203
  endloop
 endfacet
facet normal -0.988983989 0.13240768 0.0661731437
  outer loop
   vertex 24512.2207 15842.8838 50255.5312
   vertex 24536.6035 15982.1279 50341.3203
   vertex 24518.3867 15926.9932 50179.3789
  endloop
 endfacet
facet normal -0.899590194 0.434237033 -0.0466446951
  outer loop
   vertex 24536.6035 15982.1279 50341.3203
   vertex 24566.0508 16024.1533 50164.6367
   vertex 24518.3867 15926.9932 50179.3789
  endloop
 endfacet
facet normal -0.835336864 -0.293221146 0.465009391
  outer loop
   vertex 24524.3633 15600.4785 50129.75
   vertex 24551.2168 15729.5137 50259.3555
   vertex 24486.8027 15733.1904 50145.9609
  endloop
 endfacet
facet normal 0.280130893 -0.440185666 0.853090405
  outer loop
   vertex 24651.4727 15753.5938 50357.1367
   vertex 24695.5996 15703.0195 50316.5508
   vertex 24805.7559 15724.3848 50291.4023
  endloop
 endfacet
facet normal -0.75309068 0.539495587 0.37656197
  outer loop
   vertex 24445.2168 15538.0537 50021.8594
   vertex 24424.6289 15500.2783 50034.8047
   vertex 24447.166 15517.5537 50055.1289
  endloop
 endfacet
facet normal -0.529954791 -0.258689314 0.807606161
  outer loop
   vertex 24424.6289 15500.2783 50034.8047
   vertex 24432.7695 15495.8086 50038.7148
   vertex 24447.166 15517.5537 50055.1289
  endloop
 endfacet
facet normal -0.451880336 -0.640419006 0.62102145
  outer loop
   vertex 24651.4727 15753.5938 50357.1367
   vertex 24551.2168 15729.5137 50259.3555
   vertex 24640.1523 15678.4551 50271.4141
  endloop
 endfacet
facet normal -0.218059704 -0.71945405 0.659420788
  outer loop
   vertex 24651.4727 15753.5938 50357.1367
   vertex 24640.1523 15678.4551 50271.4141
   vertex 24695.5996 15703.0195 50316.5508
  endloop
 endfacet
facet normal -0.384624153 -0.496003926 0.778488517
  outer loop
   vertex 24640.4512 15603.7061 50189.1602
   vertex 24524.3633 15600.4785 50129.75
   vertex 24590.584 15562.7832 50138.4492
  endloop
 endfacet
facet normal -0.826867878 -0.292684138 0.480234802
  outer loop
   vertex 24486.8027 15733.1904 50145.9609
   vertex 24463.4492 15665.9678 50064.7812
   vertex 24524.3633 15600.4785 50129.75
  endloop
 endfacet
facet normal -0.674467742 -0.369997978 0.638901234
  outer loop
   vertex 24703.9375 16058.9873 50653.8242
   vertex 24748.3789 15969.7344 50649.0508
   vertex 24786.7773 16006.7949 50711.0508
  endloop
 endfacet
facet normal 0.113665424 -0.711581826 0.69334805
  outer loop
   vertex 24640.1523 15678.4551 50271.4141
   vertex 24647.5605 15636.2734 50226.9102
   vertex 24805.7559 15724.3848 50291.4023
  endloop
 endfacet
facet normal 0.169348121 -0.761766315 0.625326574
  outer loop
   vertex 24640.4512 15603.7061 50189.1602
   vertex 24805.7559 15724.3848 50291.4023
   vertex 24647.5605 15636.2734 50226.9102
  endloop
 endfacet
facet normal 0.278484434 -0.813721776 0.510199249
  outer loop
   vertex 24640.4512 15603.7061 50189.1602
   vertex 24653.1738 15575.4814 50137.2031
   vertex 24805.7559 15724.3848 50291.4023
  endloop
 endfacet
facet normal 0.234932423 -0.945393205 0.225916892
  outer loop
   vertex 24695.5996 15703.0195 50316.5508
   vertex 24640.1523 15678.4551 50271.4141
   vertex 24805.7559 15724.3848 50291.4023
  endloop
 endfacet
facet normal 0.723457575 -0.687377393 0.0641990453
  outer loop
   vertex 24731.7773 15631.4805 50130.3516
   vertex 24758.7305 15659.1367 50122.7266
   vertex 24805.7559 15724.3848 50291.4023
  endloop
 endfacet
facet normal 0.387004465 -0.902748346 0.187811047
  outer loop
   vertex 25269.5293 15963.3037 50484.1602
   vertex 25024.1836 15865.583 50520.0078
   vertex 24805.7559 15724.3848 50291.4023
  endloop
 endfacet
facet normal 0.444449574 -0.894915342 0.0398880839
  outer loop
   vertex 25269.5293 15963.3037 50484.1602
   vertex 24805.7559 15724.3848 50291.4023
   vertex 25027.0684 15834.1416 50287.9141
  endloop
 endfacet
facet normal -0.392444611 -0.655348241 0.645372689
  outer loop
   vertex 24651.4727 15753.5938 50357.1367
   vertex 24738.2812 15827.8984 50485.3789
   vertex 24609.459 15876.4756 50456.3711
  endloop
 endfacet
facet normal -0.840203226 -0.273200125 0.468423069
  outer loop
   vertex 24512.2207 15842.8838 50255.5312
   vertex 24486.8027 15733.1904 50145.9609
   vertex 24551.2168 15729.5137 50259.3555
  endloop
 endfacet
facet normal -0.668371022 -0.329846323 0.666694522
  outer loop
   vertex 24703.9375 16058.9873 50653.8242
   vertex 24786.7773 16006.7949 50711.0508
   vertex 24758.6562 16105.9512 50731.918
  endloop
 endfacet
facet normal -0.685346723 -0.302756518 0.662297785
  outer loop
   vertex 24712.9258 16106.8613 50685.0117
   vertex 24703.9375 16058.9873 50653.8242
   vertex 24758.6562 16105.9512 50731.918
  endloop
 endfacet
facet normal -0.432379931 -0.592618883 0.679595828
  outer loop
   vertex 24524.3633 15600.4785 50129.75
   vertex 24640.1523 15678.4551 50271.4141
   vertex 24551.2168 15729.5137 50259.3555
  endloop
 endfacet
facet normal -0.290090978 -0.718237817 0.632441044
  outer loop
   vertex 24524.3633 15600.4785 50129.75
   vertex 24647.5605 15636.2734 50226.9102
   vertex 24640.1523 15678.4551 50271.4141
  endloop
 endfacet
facet normal -0.458286941 -0.647972047 0.608362794
  outer loop
   vertex 24560.9277 15811.8145 50350.9414
   vertex 24651.4727 15753.5938 50357.1367
   vertex 24609.459 15876.4756 50456.3711
  endloop
 endfacet
facet normal 0.0391174071 -0.875847459 0.481000096
  outer loop
   vertex 24805.7559 15724.3848 50291.4023
   vertex 24738.2812 15827.8984 50485.3789
   vertex 24651.4727 15753.5938 50357.1367
  endloop
 endfacet
facet normal -0.886835933 -0.29298985 0.357321948
  outer loop
   vertex 24512.2207 15842.8838 50255.5312
   vertex 24551.2168 15729.5137 50259.3555
   vertex 24560.9277 15811.8145 50350.9414
  endloop
 endfacet
facet normal -0.872337341 -0.363485664 0.326964378
  outer loop
   vertex 24538.6504 15886.1221 50374.1133
   vertex 24512.2207 15842.8838 50255.5312
   vertex 24560.9277 15811.8145 50350.9414
  endloop
 endfacet
facet normal -0.686748207 -0.494016767 0.533220708
  outer loop
   vertex 24541.1074 15929.5723 50417.5312
   vertex 24538.6504 15886.1221 50374.1133
   vertex 24609.459 15876.4756 50456.3711
  endloop
 endfacet
facet normal -0.718896449 -0.394083381 0.572613478
  outer loop
   vertex 24560.9277 15811.8145 50350.9414
   vertex 24609.459 15876.4756 50456.3711
   vertex 24538.6504 15886.1221 50374.1133
  endloop
 endfacet
facet normal -0.163737819 -0.981789649 0.0963276252
  outer loop
   vertex 24917.4629 15939.2715 50688.8359
   vertex 25097.4746 15900.2773 50597.3867
   vertex 25101.0352 15906.5195 50667.0586
  endloop
 endfacet
facet normal -0.667152584 -0.3722893 0.645219445
  outer loop
   vertex 24633.375 15989.752 50546.4609
   vertex 24557.3691 15957.2402 50449.1094
   vertex 24609.459 15876.4756 50456.3711
  endloop
 endfacet
facet normal -0.473068237 -0.71095562 0.520335019
  outer loop
   vertex 24590.584 15562.7832 50138.4492
   vertex 24524.3633 15600.4785 50129.75
   vertex 24565.1484 15540.4404 50084.7969
  endloop
 endfacet
facet normal -0.209043801 -0.673128009 0.709365427
  outer loop
   vertex 24482.3438 15519.3369 50040.3711
   vertex 24565.1484 15540.4404 50084.7969
   vertex 24524.3633 15600.4785 50129.75
  endloop
 endfacet
facet normal 0.278485566 -0.772636712 0.570507109
  outer loop
   vertex 24447.166 15517.5537 50055.1289
   vertex 24482.3438 15519.3369 50040.3711
   vertex 24524.3633 15600.4785 50129.75
  endloop
 endfacet
facet normal -0.453195572 -0.638610661 0.621924579
  outer loop
   vertex 24551.2168 15729.5137 50259.3555
   vertex 24651.4727 15753.5938 50357.1367
   vertex 24560.9277 15811.8145 50350.9414
  endloop
 endfacet
facet normal -0.603164077 -0.414580047 0.68140775
  outer loop
   vertex 24609.459 15876.4756 50456.3711
   vertex 24724.3848 15909.5107 50578.1992
   vertex 24633.375 15989.752 50546.4609
  endloop
 endfacet
facet normal -0.39909938 -0.717395782 0.571019292
  outer loop
   vertex 24609.459 15876.4756 50456.3711
   vertex 24738.2812 15827.8984 50485.3789
   vertex 24724.3848 15909.5107 50578.1992
  endloop
 endfacet
facet normal -0.818587542 -0.0761657059 0.569309473
  outer loop
   vertex 24633.375 15989.752 50546.4609
   vertex 24591.8262 16060.6104 50496.1992
   vertex 24567.416 16023.1475 50456.0859
  endloop
 endfacet
facet normal -0.823628843 0.426307797 0.374028265
  outer loop
   vertex 24663.9766 16226.7783 50466.207
   vertex 24583.6152 16127.7373 50402.1289
   vertex 24635.2031 16105.6484 50540.9062
  endloop
 endfacet
facet normal -0.825131238 0.423319459 0.374111086
  outer loop
   vertex 24591.8262 16060.6104 50496.1992
   vertex 24635.2031 16105.6484 50540.9062
   vertex 24583.6152 16127.7373 50402.1289
  endloop
 endfacet
facet normal -0.510284424 -0.477999568 0.714930952
  outer loop
   vertex 24860.5625 16028.4775 50809.6172
   vertex 24898.4082 16054.375 50853.9453
   vertex 24854.7734 16113.3799 50862.25
  endloop
 endfacet
facet normal -0.610100687 -0.44710663 0.654119909
  outer loop
   vertex 24860.5625 16028.4775 50809.6172
   vertex 24854.7734 16113.3799 50862.25
   vertex 24817.8633 16085.0967 50808.4922
  endloop
 endfacet
facet normal -0.34551096 -0.819262028 0.45763728
  outer loop
   vertex 24825.3652 16020.0029 50763.8281
   vertex 24786.7773 16006.7949 50711.0508
   vertex 24917.4629 15939.2715 50688.8359
  endloop
 endfacet
facet normal -0.650836349 -0.479122013 0.588943243
  outer loop
   vertex 24825.3652 16020.0029 50763.8281
   vertex 24860.5625 16028.4775 50809.6172
   vertex 24817.8633 16085.0967 50808.4922
  endloop
 endfacet
facet normal -0.769991994 -0.418955147 0.481236845
  outer loop
   vertex 24758.6562 16105.9512 50731.918
   vertex 24825.3652 16020.0029 50763.8281
   vertex 24817.8633 16085.0967 50808.4922
  endloop
 endfacet
facet normal 0.181025922 -0.796861768 0.576403439
  outer loop
   vertex 24973.6758 16122.5723 50924.5898
   vertex 24898.4082 16054.375 50853.9453
   vertex 24917.4629 15939.2715 50688.8359
  endloop
 endfacet
facet normal -0.846347868 0.0387999602 0.531215429
  outer loop
   vertex 24633.375 15989.752 50546.4609
   vertex 24703.9375 16058.9873 50653.8242
   vertex 24635.2031 16105.6484 50540.9062
  endloop
 endfacet
facet normal -0.73875159 0.0438763388 0.672548056
  outer loop
   vertex 24591.8262 16060.6104 50496.1992
   vertex 24633.375 15989.752 50546.4609
   vertex 24635.2031 16105.6484 50540.9062
  endloop
 endfacet
facet normal -0.719788253 -0.332382947 0.609447658
  outer loop
   vertex 24825.3652 16020.0029 50763.8281
   vertex 24758.6562 16105.9512 50731.918
   vertex 24786.7773 16006.7949 50711.0508
  endloop
 endfacet
facet normal -0.7932477 -0.017078165 0.608659506
  outer loop
   vertex 24758.6562 16105.9512 50731.918
   vertex 24817.8633 16085.0967 50808.4922
   vertex 24810.8574 16216.3242 50803.0469
  endloop
 endfacet
facet normal -0.851473927 0.406535655 0.331241459
  outer loop
   vertex 24663.9766 16226.7783 50466.207
   vertex 24635.2031 16105.6484 50540.9062
   vertex 24703.9648 16179.8906 50626.543
  endloop
 endfacet
facet normal -0.848095953 0.412753046 0.332217097
  outer loop
   vertex 24728.9492 16304.4961 50535.5156
   vertex 24663.9766 16226.7783 50466.207
   vertex 24703.9648 16179.8906 50626.543
  endloop
 endfacet
facet normal -0.866924345 0.0946419016 0.489372164
  outer loop
   vertex 24758.6562 16105.9512 50731.918
   vertex 24810.8574 16216.3242 50803.0469
   vertex 24757.9668 16239.9463 50704.7812
  endloop
 endfacet
facet normal -0.723415792 -0.138107628 0.676458299
  outer loop
   vertex 24866.9062 16227.998 50898.625
   vertex 24854.7734 16113.3799 50862.25
   vertex 24898.6465 16137.7373 50914.1445
  endloop
 endfacet
facet normal -0.778178155 0.301771045 0.550792992
  outer loop
   vertex 24899.2832 16334.376 50930.3477
   vertex 24941.7988 16496.3262 50901.6836
   vertex 24856.8066 16385.7305 50842.1992
  endloop
 endfacet
facet normal -0.734837532 0.300522506 0.608029604
  outer loop
   vertex 24899.2832 16334.376 50930.3477
   vertex 24955.7363 16359.9346 50985.9414
   vertex 24941.7988 16496.3262 50901.6836
  endloop
 endfacet
facet normal -0.956187546 0.0517574698 0.288143337
  outer loop
   vertex 25471.8652 16776.5586 51778.6914
   vertex 25408.2383 16665.8203 51587.4336
   vertex 25519.4336 16694.8086 51951.2266
  endloop
 endfacet
facet normal -0.86575526 0.118518755 0.486231536
  outer loop
   vertex 24866.9062 16227.998 50898.625
   vertex 24899.2832 16334.376 50930.3477
   vertex 24856.8066 16385.7305 50842.1992
  endloop
 endfacet
facet normal -0.976800263 0.0473492332 0.208852217
  outer loop
   vertex 24703.9375 16058.9873 50653.8242
   vertex 24712.9258 16106.8613 50685.0117
   vertex 24703.9648 16179.8906 50626.543
  endloop
 endfacet
facet normal -0.823719621 0.124976814 0.553052247
  outer loop
   vertex 24635.2031 16105.6484 50540.9062
   vertex 24703.9375 16058.9873 50653.8242
   vertex 24703.9648 16179.8906 50626.543
  endloop
 endfacet
facet normal -0.915105641 0.340854138 0.215406761
  outer loop
   vertex 24752.7227 16313.5273 50622.2148
   vertex 24728.9492 16304.4961 50535.5156
   vertex 24703.9648 16179.8906 50626.543
  endloop
 endfacet
facet normal -0.876074791 0.330994487 0.35062173
  outer loop
   vertex 24757.9668 16239.9463 50704.7812
   vertex 24752.7227 16313.5273 50622.2148
   vertex 24703.9648 16179.8906 50626.543
  endloop
 endfacet
facet normal -0.642495394 0.429320186 0.634731293
  outer loop
   vertex 24712.9258 16106.8613 50685.0117
   vertex 24758.6562 16105.9512 50731.918
   vertex 24703.9648 16179.8906 50626.543
  endloop
 endfacet
facet normal -0.852948725 0.0993864313 0.512445927
  outer loop
   vertex 24757.9668 16239.9463 50704.7812
   vertex 24703.9648 16179.8906 50626.543
   vertex 24758.6562 16105.9512 50731.918
  endloop
 endfacet
facet normal 0.28815186 -0.947910309 -0.135773718
  outer loop
   vertex 25780.4023 16081.3516 51038.125
   vertex 25682.6426 16039.3418 51123.9414
   vertex 25594.6074 16031.6055 50991.1172
  endloop
 endfacet
facet normal -0.0776734203 -0.992744327 0.0917905197
  outer loop
   vertex 25383.4551 16048.0889 50990.707
   vertex 25490.875 16018.3281 50759.7383
   vertex 25594.6074 16031.6055 50991.1172
  endloop
 endfacet
facet normal -0.367181629 -0.822450459 0.434456944
  outer loop
   vertex 24860.5625 16028.4775 50809.6172
   vertex 24825.3652 16020.0029 50763.8281
   vertex 24917.4629 15939.2715 50688.8359
  endloop
 endfacet
facet normal -0.240425721 -0.746531427 0.620392025
  outer loop
   vertex 24738.2812 15827.8984 50485.3789
   vertex 24917.4629 15939.2715 50688.8359
   vertex 24724.3848 15909.5107 50578.1992
  endloop
 endfacet
facet normal -0.146644324 -0.975353181 0.164868474
  outer loop
   vertex 25843.9609 16167.0137 51547.0586
   vertex 25888.3145 16188.1094 51711.3125
   vertex 25791.6973 16213.9561 51778.2812
  endloop
 endfacet
facet normal 0.0949775428 -0.990287244 0.101540081
  outer loop
   vertex 25843.9609 16167.0137 51547.0586
   vertex 25969.8301 16191.21 51665.3047
   vertex 25888.3145 16188.1094 51711.3125
  endloop
 endfacet
facet normal 0.256598979 -0.959750891 -0.114171594
  outer loop
   vertex 25682.6426 16039.3418 51123.9414
   vertex 25595.8086 16014.7871 51135.1992
   vertex 25594.6074 16031.6055 50991.1172
  endloop
 endfacet
facet normal 0.182600215 -0.981945395 0.0493998714
  outer loop
   vertex 25253.4805 15974.709 50770.1992
   vertex 25269.5293 15963.3037 50484.1602
   vertex 25490.875 16018.3281 50759.7383
  endloop
 endfacet
facet normal 0.28465566 -0.957901061 -0.0373731107
  outer loop
   vertex 25539.0879 16038.5576 50608.4531
   vertex 25490.875 16018.3281 50759.7383
   vertex 25269.5293 15963.3037 50484.1602
  endloop
 endfacet
facet normal 0.462953389 -0.886310697 -0.0112916296
  outer loop
   vertex 25721.043 16074.458 50728.2109
   vertex 25773.6113 16102.0459 50718.043
   vertex 25728.6348 16077.2422 50820.9297
  endloop
 endfacet
facet normal -0.273272723 -0.960572183 0.0512161106
  outer loop
   vertex 25689.9199 16080.7041 50679.2891
   vertex 25721.043 16074.458 50728.2109
   vertex 25728.6348 16077.2422 50820.9297
  endloop
 endfacet
facet normal 0.262438744 -0.96024096 -0.0952006429
  outer loop
   vertex 25490.875 16018.3281 50759.7383
   vertex 25689.9199 16080.7041 50679.2891
   vertex 25728.6348 16077.2422 50820.9297
  endloop
 endfacet
facet normal -0.0939245224 -0.988955021 -0.114656493
  outer loop
   vertex 25512.1992 16026.8066 51100.0156
   vertex 25594.6074 16031.6055 50991.1172
   vertex 25595.8086 16014.7871 51135.1992
  endloop
 endfacet
facet normal 0.588652611 -0.768086851 -0.252052963
  outer loop
   vertex 25953.9434 16169.7598 50946.8203
   vertex 26121.0273 16264.5791 51048.0859
   vertex 26051.9844 16194.1348 51101.5117
  endloop
 endfacet
facet normal 0.409381121 -0.904845297 -0.11688485
  outer loop
   vertex 25944.7031 16141.125 51136.1289
   vertex 25953.9434 16169.7598 50946.8203
   vertex 26051.9844 16194.1348 51101.5117
  endloop
 endfacet
facet normal 0.417617172 -0.904877603 -0.0824162364
  outer loop
   vertex 25728.6348 16077.2422 50820.9297
   vertex 25953.9434 16169.7598 50946.8203
   vertex 25780.4023 16081.3516 51038.125
  endloop
 endfacet
facet normal 0.374944359 -0.922779918 0.088847667
  outer loop
   vertex 25790.9941 16095.8828 51253.9297
   vertex 25649.6719 16036.1377 51229.8008
   vertex 25682.6426 16039.3418 51123.9414
  endloop
 endfacet
facet normal 0.409487009 -0.910064578 -0.0640532672
  outer loop
   vertex 25728.6348 16077.2422 50820.9297
   vertex 25870.4004 16144.4736 50772.0039
   vertex 25953.9434 16169.7598 50946.8203
  endloop
 endfacet
facet normal 0.975987315 -0.213803023 0.0416775532
  outer loop
   vertex 26506.7754 16775.248 51291.75
   vertex 26494.752 16688.7344 51129.5312
   vertex 26537.6211 16895.918 51188.4688
  endloop
 endfacet
facet normal 0.981093049 -0.16686295 0.0980466455
  outer loop
   vertex 26506.7754 16775.248 51291.75
   vertex 26537.6211 16895.918 51188.4688
   vertex 26526.3418 16914.668 51333.2344
  endloop
 endfacet
facet normal 0.625685751 -0.768194199 -0.135628328
  outer loop
   vertex 26029.6973 16237.7129 50786.5195
   vertex 26244.7422 16398.584 50867.4023
   vertex 26128.5996 16290.4561 50944.0469
  endloop
 endfacet
facet normal -0.127579093 -0.990002513 -0.0601549
  outer loop
   vertex 25585.4609 16011.3643 51213.4688
   vertex 25538.4648 16019.6582 51176.6523
   vertex 25595.8086 16014.7871 51135.1992
  endloop
 endfacet
facet normal 0.315917015 -0.947556734 0.0482980348
  outer loop
   vertex 25780.4023 16081.3516 51038.125
   vertex 25944.7031 16141.125 51136.1289
   vertex 25790.9941 16095.8828 51253.9297
  endloop
 endfacet
facet normal 0.358480275 -0.933514118 0.00658231275
  outer loop
   vertex 25649.6719 16036.1377 51229.8008
   vertex 25585.4609 16011.3643 51213.4688
   vertex 25595.8086 16014.7871 51135.1992
  endloop
 endfacet
facet normal -0.269733578 -0.962193668 0.0377780125
  outer loop
   vertex 25568.3223 16017.7373 51253.3945
   vertex 25538.0801 16025.3252 51230.7461
   vertex 25585.4609 16011.3643 51213.4688
  endloop
 endfacet
facet normal 0.234663144 -0.9392097 0.250635862
  outer loop
   vertex 25585.4609 16011.3643 51213.4688
   vertex 25597.2988 16031.3604 51277.3164
   vertex 25568.3223 16017.7373 51253.3945
  endloop
 endfacet
facet normal 0.521321356 -0.621733665 0.584526539
  outer loop
   vertex 25953.7266 16368.1934 51977.2891
   vertex 26011.8027 16318.0273 51872.1328
   vertex 26048.9102 16512.6016 52045.9961
  endloop
 endfacet
facet normal -0.457332224 -0.67880249 0.574521005
  outer loop
   vertex 25553.1094 16469.7715 51953.2461
   vertex 25576.2422 16322.0771 51797.1562
   vertex 25675.3203 16313.6182 51866.0312
  endloop
 endfacet
facet normal -0.503676236 -0.82104069 0.26870513
  outer loop
   vertex 25492.8594 16118.1201 51427.207
   vertex 25432.0918 16156.2832 51429.9062
   vertex 25452.5137 16118.8857 51353.918
  endloop
 endfacet
facet normal -0.22639145 -0.878789306 0.420090765
  outer loop
   vertex 25492.8594 16118.1201 51427.207
   vertex 25462.4648 16160.7822 51500.0703
   vertex 25446.0664 16148.9746 51466.5312
  endloop
 endfacet
facet normal 0.297353595 -0.925468683 0.234709501
  outer loop
   vertex 25585.4609 16011.3643 51213.4688
   vertex 25649.6719 16036.1377 51229.8008
   vertex 25597.2988 16031.3604 51277.3164
  endloop
 endfacet
facet normal 0.453856647 -0.584546983 0.672546625
  outer loop
   vertex 25876.2324 16401.2207 52025.4062
   vertex 25847.0234 16314.6602 51969.8828
   vertex 25881.0117 16292.1211 51927.3555
  endloop
 endfacet
facet normal 0.164167717 -0.965001702 0.204501092
  outer loop
   vertex 25632.4863 16100.4053 51402.5156
   vertex 25790.9941 16095.8828 51253.9297
   vertex 25843.9609 16167.0137 51547.0586
  endloop
 endfacet
facet normal 0.310927957 -0.880236626 0.358479112
  outer loop
   vertex 25632.4863 16100.4053 51402.5156
   vertex 25649.6719 16036.1377 51229.8008
   vertex 25790.9941 16095.8828 51253.9297
  endloop
 endfacet
facet normal -0.47969988 -0.839466095 0.25531286
  outer loop
   vertex 25492.8594 16118.1201 51427.207
   vertex 25452.5137 16118.8857 51353.918
   vertex 25533.5801 16058.1768 51306.6211
  endloop
 endfacet
facet normal 0.508924842 -0.438964546 0.740476608
  outer loop
   vertex 25828.8711 16220.4238 51854.7461
   vertex 25835.9648 16193.7227 51834.043
   vertex 25875.3242 16216.3916 51820.4297
  endloop
 endfacet
facet normal 0.302269042 -0.775057733 -0.554904461
  outer loop
   vertex 25791.6973 16213.9561 51778.2812
   vertex 25875.3242 16216.3916 51820.4297
   vertex 25826.041 16195.248 51823.1172
  endloop
 endfacet
facet normal -0.0925500989 -0.966478586 0.239486203
  outer loop
   vertex 25791.6973 16213.9561 51778.2812
   vertex 25888.3145 16188.1094 51711.3125
   vertex 25875.3242 16216.3916 51820.4297
  endloop
 endfacet
facet normal -0.115485884 -0.899203062 0.42201528
  outer loop
   vertex 25632.4863 16100.4053 51402.5156
   vertex 25639.4629 16220.5254 51660.3672
   vertex 25521.791 16178.418 51538.4453
  endloop
 endfacet
facet normal -0.00317656086 -0.906430185 0.422343731
  outer loop
   vertex 25639.4629 16220.5254 51660.3672
   vertex 25632.4863 16100.4053 51402.5156
   vertex 25843.9609 16167.0137 51547.0586
  endloop
 endfacet
facet normal 0.337465942 -0.840455294 -0.423971236
  outer loop
   vertex 25875.3242 16216.3916 51820.4297
   vertex 25835.9648 16193.7227 51834.043
   vertex 25826.041 16195.248 51823.1172
  endloop
 endfacet
facet normal -0.530474246 -0.847044289 0.0333618596
  outer loop
   vertex 25432.0918 16156.2832 51429.9062
   vertex 25492.8594 16118.1201 51427.207
   vertex 25446.0664 16148.9746 51466.5312
  endloop
 endfacet
facet normal -0.0259818546 -0.87601006 0.481592447
  outer loop
   vertex 25632.4863 16100.4053 51402.5156
   vertex 25521.791 16178.418 51538.4453
   vertex 25492.8594 16118.1201 51427.207
  endloop
 endfacet
facet normal -0.0372912697 -0.899800479 0.434705019
  outer loop
   vertex 25533.5801 16058.1768 51306.6211
   vertex 25632.4863 16100.4053 51402.5156
   vertex 25492.8594 16118.1201 51427.207
  endloop
 endfacet
facet normal -0.126351491 -0.853203416 0.506042659
  outer loop
   vertex 25632.4863 16100.4053 51402.5156
   vertex 25533.5801 16058.1768 51306.6211
   vertex 25597.2988 16031.3604 51277.3164
  endloop
 endfacet
facet normal -0.0836014748 -0.818989158 0.567686141
  outer loop
   vertex 25597.2988 16031.3604 51277.3164
   vertex 25533.5801 16058.1768 51306.6211
   vertex 25568.3223 16017.7373 51253.3945
  endloop
 endfacet
facet normal -0.0102156028 -0.629323542 0.777076244
  outer loop
   vertex 25742.4062 16441.0996 52034.7031
   vertex 25877.9492 16663.5352 52216.6289
   vertex 25706.5449 16569.3418 52138.0898
  endloop
 endfacet
facet normal -0.558119655 -0.773010135 0.301592112
  outer loop
   vertex 25533.5801 16058.1768 51306.6211
   vertex 25447.5781 16085.2314 51216.8125
   vertex 25538.0801 16025.3252 51230.7461
  endloop
 endfacet
facet normal 0.327224582 -0.779255092 0.534495652
  outer loop
   vertex 25828.8711 16220.4238 51854.7461
   vertex 25875.3242 16216.3916 51820.4297
   vertex 25881.0117 16292.1211 51927.3555
  endloop
 endfacet
facet normal -0.372899592 -0.819158554 0.435804069
  outer loop
   vertex 25791.6973 16213.9561 51778.2812
   vertex 25675.3203 16313.6182 51866.0312
   vertex 25639.4629 16220.5254 51660.3672
  endloop
 endfacet
facet normal -0.332936883 -0.811543941 0.480155677
  outer loop
   vertex 25800.2363 16299.7705 51929.2422
   vertex 25675.3203 16313.6182 51866.0312
   vertex 25791.6973 16213.9561 51778.2812
  endloop
 endfacet
facet normal -0.689547956 -0.612174511 0.38699609
  outer loop
   vertex 25791.6973 16213.9561 51778.2812
   vertex 25828.8711 16220.4238 51854.7461
   vertex 25800.2363 16299.7705 51929.2422
  endloop
 endfacet
facet normal -0.791719317 -0.44148019 0.422227114
  outer loop
   vertex 25826.041 16195.248 51823.1172
   vertex 25828.8711 16220.4238 51854.7461
   vertex 25791.6973 16213.9561 51778.2812
  endloop
 endfacet
facet normal -0.647604883 -0.566893399 0.509155929
  outer loop
   vertex 25826.041 16195.248 51823.1172
   vertex 25835.9648 16193.7227 51834.043
   vertex 25828.8711 16220.4238 51854.7461
  endloop
 endfacet
facet normal -0.0759006739 -0.904849827 0.418910295
  outer loop
   vertex 25881.0117 16292.1211 51927.3555
   vertex 25847.0234 16314.6602 51969.8828
   vertex 25800.2363 16299.7705 51929.2422
  endloop
 endfacet
facet normal -0.0488155708 -0.692960799 0.719320774
  outer loop
   vertex 25828.8711 16220.4238 51854.7461
   vertex 25881.0117 16292.1211 51927.3555
   vertex 25800.2363 16299.7705 51929.2422
  endloop
 endfacet
facet normal -0.56983912 -0.298753977 0.765525579
  outer loop
   vertex 25847.0234 16314.6602 51969.8828
   vertex 25876.2324 16401.2207 52025.4062
   vertex 25800.2363 16299.7705 51929.2422
  endloop
 endfacet
facet normal -0.290436566 -0.720801115 0.629358709
  outer loop
   vertex 25553.1094 16469.7715 51953.2461
   vertex 25706.5449 16569.3418 52138.0898
   vertex 25641.9629 16590.5312 52132.5547
  endloop
 endfacet
facet normal -0.0559310094 -0.871611118 0.48699674
  outer loop
   vertex 25521.791 16178.418 51538.4453
   vertex 25462.4648 16160.7822 51500.0703
   vertex 25492.8594 16118.1201 51427.207
  endloop
 endfacet
facet normal -0.845840931 -0.532308757 0.0346487574
  outer loop
   vertex 25452.5137 16118.8857 51353.918
   vertex 25432.0918 16156.2832 51429.9062
   vertex 25376.2148 16242.5205 51390.7031
  endloop
 endfacet
facet normal -0.857559562 -0.421822011 0.29437694
  outer loop
   vertex 25427.9512 16220.6006 51510.0078
   vertex 25376.2148 16242.5205 51390.7031
   vertex 25432.0918 16156.2832 51429.9062
  endloop
 endfacet
facet normal -0.587492108 -0.336527795 0.735936224
  outer loop
   vertex 25081.832 16267.7012 51059.9531
   vertex 25257.8496 16236.5625 51186.2266
   vertex 25160.6016 16421.0645 51192.9609
  endloop
 endfacet
facet normal -0.826091349 -0.0615393966 0.560166001
  outer loop
   vertex 25090.3691 16472.4688 51095.0352
   vertex 25081.832 16267.7012 51059.9531
   vertex 25160.6016 16421.0645 51192.9609
  endloop
 endfacet
facet normal -0.702028453 -0.490772754 0.516040862
  outer loop
   vertex 25446.0664 16148.9746 51466.5312
   vertex 25462.4648 16160.7822 51500.0703
   vertex 25427.9512 16220.6006 51510.0078
  endloop
 endfacet
facet normal -0.741591394 -0.50183022 0.445206285
  outer loop
   vertex 25463.5527 16211.083 51558.582
   vertex 25427.9512 16220.6006 51510.0078
   vertex 25462.4648 16160.7822 51500.0703
  endloop
 endfacet
facet normal -0.885979354 -0.382870376 0.261631042
  outer loop
   vertex 25432.0918 16156.2832 51429.9062
   vertex 25446.0664 16148.9746 51466.5312
   vertex 25427.9512 16220.6006 51510.0078
  endloop
 endfacet
facet normal -0.497270137 -0.838270187 0.223663718
  outer loop
   vertex 25533.5801 16058.1768 51306.6211
   vertex 25452.5137 16118.8857 51353.918
   vertex 25447.5781 16085.2314 51216.8125
  endloop
 endfacet
facet normal -0.200930417 -0.369043529 0.907432556
  outer loop
   vertex 24973.6758 16122.5723 50924.5898
   vertex 24922.5957 16231.0674 50957.4023
   vertex 24898.6465 16137.7373 50914.1445
  endloop
 endfacet
facet normal -0.761156738 -0.41926226 0.494832903
  outer loop
   vertex 25225.3633 16428.7012 51299.0508
   vertex 25160.6016 16421.0645 51192.9609
   vertex 25257.8496 16236.5625 51186.2266
  endloop
 endfacet
facet normal -0.816590369 -0.553084731 0.165158957
  outer loop
   vertex 25376.2148 16242.5205 51390.7031
   vertex 25447.5781 16085.2314 51216.8125
   vertex 25452.5137 16118.8857 51353.918
  endloop
 endfacet
facet normal -0.14732337 -0.909210086 0.389400661
  outer loop
   vertex 25253.4805 15974.709 50770.1992
   vertex 25383.4551 16048.0889 50990.707
   vertex 25144.0176 16050.5986 50905.9766
  endloop
 endfacet
facet normal 0.269196868 -0.961987853 -0.0459606275
  outer loop
   vertex 25728.6348 16077.2422 50820.9297
   vertex 25780.4023 16081.3516 51038.125
   vertex 25594.6074 16031.6055 50991.1172
  endloop
 endfacet
facet normal -0.70726186 0.0254222881 0.706494391
  outer loop
   vertex 24899.2832 16334.376 50930.3477
   vertex 24922.5957 16231.0674 50957.4023
   vertex 24955.7363 16359.9346 50985.9414
  endloop
 endfacet
facet normal -0.434448063 -0.441904247 0.784841061
  outer loop
   vertex 24922.5957 16231.0674 50957.4023
   vertex 24973.6758 16122.5723 50924.5898
   vertex 24982.4922 16260.4678 51007.1133
  endloop
 endfacet
facet normal -0.242484182 -0.737028897 0.630864382
  outer loop
   vertex 24973.6758 16122.5723 50924.5898
   vertex 24917.4629 15939.2715 50688.8359
   vertex 25144.0176 16050.5986 50905.9766
  endloop
 endfacet
facet normal -0.162285358 -0.799030423 0.578976572
  outer loop
   vertex 25129.8203 15945.7148 50757.25
   vertex 25144.0176 16050.5986 50905.9766
   vertex 24917.4629 15939.2715 50688.8359
  endloop
 endfacet
facet normal -0.457754016 -0.133960053 0.8789289
  outer loop
   vertex 25081.832 16267.7012 51059.9531
   vertex 25017.7109 16367.1543 51041.7148
   vertex 24982.4922 16260.4678 51007.1133
  endloop
 endfacet
facet normal -0.715857565 -0.133933023 0.685280859
  outer loop
   vertex 24866.9062 16227.998 50898.625
   vertex 24898.6465 16137.7373 50914.1445
   vertex 24922.5957 16231.0674 50957.4023
  endloop
 endfacet
facet normal -0.726224542 0.0161076784 0.687268853
  outer loop
   vertex 24866.9062 16227.998 50898.625
   vertex 24922.5957 16231.0674 50957.4023
   vertex 24899.2832 16334.376 50930.3477
  endloop
 endfacet
facet normal -0.536384821 -0.493082285 0.684953451
  outer loop
   vertex 24898.4082 16054.375 50853.9453
   vertex 24898.6465 16137.7373 50914.1445
   vertex 24854.7734 16113.3799 50862.25
  endloop
 endfacet
facet normal -0.225222141 -0.569966376 0.790198267
  outer loop
   vertex 24898.4082 16054.375 50853.9453
   vertex 24973.6758 16122.5723 50924.5898
   vertex 24898.6465 16137.7373 50914.1445
  endloop
 endfacet
facet normal -0.667433143 -0.0211036727 0.744370639
  outer loop
   vertex 24955.7363 16359.9346 50985.9414
   vertex 24982.4922 16260.4678 51007.1133
   vertex 25017.7109 16367.1543 51041.7148
  endloop
 endfacet
facet normal -0.636558652 -0.00708866445 0.77119571
  outer loop
   vertex 24955.7363 16359.9346 50985.9414
   vertex 24922.5957 16231.0674 50957.4023
   vertex 24982.4922 16260.4678 51007.1133
  endloop
 endfacet
facet normal -0.169060856 -0.601933241 0.780445278
  outer loop
   vertex 25081.832 16267.7012 51059.9531
   vertex 24973.6758 16122.5723 50924.5898
   vertex 25144.0176 16050.5986 50905.9766
  endloop
 endfacet
facet normal -0.392521471 -0.453691214 0.800056994
  outer loop
   vertex 24982.4922 16260.4678 51007.1133
   vertex 24973.6758 16122.5723 50924.5898
   vertex 25081.832 16267.7012 51059.9531
  endloop
 endfacet
facet normal -0.538669229 -0.5845837 0.606710315
  outer loop
   vertex 25257.8496 16236.5625 51186.2266
   vertex 25081.832 16267.7012 51059.9531
   vertex 25144.0176 16050.5986 50905.9766
  endloop
 endfacet
facet normal -0.624342024 -0.722969353 0.295824826
  outer loop
   vertex 25447.5781 16085.2314 51216.8125
   vertex 25257.8496 16236.5625 51186.2266
   vertex 25383.4551 16048.0889 50990.707
  endloop
 endfacet
facet normal -0.614134252 -0.694023073 0.375727445
  outer loop
   vertex 25447.5781 16085.2314 51216.8125
   vertex 25376.2148 16242.5205 51390.7031
   vertex 25257.8496 16236.5625 51186.2266
  endloop
 endfacet
facet normal -0.220335633 -0.769151688 0.59988153
  outer loop
   vertex 25257.8496 16236.5625 51186.2266
   vertex 25144.0176 16050.5986 50905.9766
   vertex 25383.4551 16048.0889 50990.707
  endloop
 endfacet
facet normal 0.254286259 -0.965351701 -0.0586053915
  outer loop
   vertex 25490.875 16018.3281 50759.7383
   vertex 25728.6348 16077.2422 50820.9297
   vertex 25594.6074 16031.6055 50991.1172
  endloop
 endfacet
facet normal -0.548829854 -0.828557014 0.110811144
  outer loop
   vertex 25447.5781 16085.2314 51216.8125
   vertex 25512.1992 16026.8066 51100.0156
   vertex 25538.4648 16019.6582 51176.6523
  endloop
 endfacet
facet normal -0.12106251 -0.991334736 -0.0509828962
  outer loop
   vertex 25595.8086 16014.7871 51135.1992
   vertex 25538.4648 16019.6582 51176.6523
   vertex 25512.1992 16026.8066 51100.0156
  endloop
 endfacet
facet normal -0.0772202164 -0.99176836 -0.102139637
  outer loop
   vertex 25383.4551 16048.0889 50990.707
   vertex 25594.6074 16031.6055 50991.1172
   vertex 25512.1992 16026.8066 51100.0156
  endloop
 endfacet
facet normal -0.455063581 -0.131912708 0.88063395
  outer loop
   vertex 25017.7109 16367.1543 51041.7148
   vertex 25081.832 16267.7012 51059.9531
   vertex 25090.3691 16472.4688 51095.0352
  endloop
 endfacet
facet normal -0.79451102 -0.344418794 0.500127912
  outer loop
   vertex 25302.9922 16418.4316 51395.5234
   vertex 25376.2148 16242.5205 51390.7031
   vertex 25357.707 16416.4922 51481.1055
  endloop
 endfacet
facet normal -0.856634855 -0.245280921 0.453887671
  outer loop
   vertex 25482.6973 16344.2676 51680.1602
   vertex 25398.0508 16368.5928 51533.5508
   vertex 25427.9512 16220.6006 51510.0078
  endloop
 endfacet
facet normal -0.786791921 -0.350609452 0.507968009
  outer loop
   vertex 25482.6973 16344.2676 51680.1602
   vertex 25427.9512 16220.6006 51510.0078
   vertex 25463.5527 16211.083 51558.582
  endloop
 endfacet
facet normal -0.723042309 -0.436603129 0.5353387
  outer loop
   vertex 25225.3633 16428.7012 51299.0508
   vertex 25257.8496 16236.5625 51186.2266
   vertex 25302.9922 16418.4316 51395.5234
  endloop
 endfacet
facet normal -0.806646705 -0.348839253 0.47710824
  outer loop
   vertex 25376.2148 16242.5205 51390.7031
   vertex 25302.9922 16418.4316 51395.5234
   vertex 25257.8496 16236.5625 51186.2266
  endloop
 endfacet
facet normal -0.427668571 -0.643367648 0.634962678
  outer loop
   vertex 25639.4629 16220.5254 51660.3672
   vertex 25482.6973 16344.2676 51680.1602
   vertex 25521.791 16178.418 51538.4453
  endloop
 endfacet
facet normal -0.114167146 -0.66079241 0.741835058
  outer loop
   vertex 25482.6973 16344.2676 51680.1602
   vertex 25463.5527 16211.083 51558.582
   vertex 25521.791 16178.418 51538.4453
  endloop
 endfacet
facet normal -0.565494597 -0.765504062 0.306951821
  outer loop
   vertex 25482.6973 16344.2676 51680.1602
   vertex 25639.4629 16220.5254 51660.3672
   vertex 25576.2422 16322.0771 51797.1562
  endloop
 endfacet
facet normal -0.37288928 -0.819163084 0.435804337
  outer loop
   vertex 25675.3203 16313.6182 51866.0312
   vertex 25576.2422 16322.0771 51797.1562
   vertex 25639.4629 16220.5254 51660.3672
  endloop
 endfacet
facet normal -0.873755634 -0.0755980685 0.480454028
  outer loop
   vertex 25484.4043 16417.6836 51820.1016
   vertex 25553.1094 16469.7715 51953.2461
   vertex 25464.9902 16481.0254 51794.7656
  endloop
 endfacet
facet normal -0.986642301 -0.106549859 0.123223871
  outer loop
   vertex 25470.4707 16558.6914 51885.5508
   vertex 25486.4043 16519.5215 51979.2539
   vertex 25479.8691 16572.1875 51972.4727
  endloop
 endfacet
facet normal 0.178351596 -0.65338552 0.735715985
  outer loop
   vertex 25876.2324 16401.2207 52025.4062
   vertex 25881.0117 16292.1211 51927.3555
   vertex 25953.7266 16368.1934 51977.2891
  endloop
 endfacet
facet normal -0.818695784 0.0338071994 0.573231459
  outer loop
   vertex 25498.8516 16500.6973 51998.1445
   vertex 25508.1934 16554.8848 52008.2891
   vertex 25486.4043 16519.5215 51979.2539
  endloop
 endfacet
facet normal -0.6420362 -0.711391151 -0.285853326
  outer loop
   vertex 25486.4043 16519.5215 51979.2539
   vertex 25553.1094 16469.7715 51953.2461
   vertex 25498.8516 16500.6973 51998.1445
  endloop
 endfacet
facet normal -0.228014633 -0.861059904 0.45451647
  outer loop
   vertex 25482.6973 16344.2676 51680.1602
   vertex 25553.1094 16469.7715 51953.2461
   vertex 25484.4043 16417.6836 51820.1016
  endloop
 endfacet
facet normal -0.688846886 -0.574753761 0.441755712
  outer loop
   vertex 25576.2422 16322.0771 51797.1562
   vertex 25553.1094 16469.7715 51953.2461
   vertex 25482.6973 16344.2676 51680.1602
  endloop
 endfacet
facet normal -0.802042067 -0.429079294 0.415475041
  outer loop
   vertex 25553.1094 16469.7715 51953.2461
   vertex 25470.4707 16558.6914 51885.5508
   vertex 25464.9902 16481.0254 51794.7656
  endloop
 endfacet
facet normal -0.635097265 -0.745142758 -0.203503683
  outer loop
   vertex 25553.1094 16469.7715 51953.2461
   vertex 25486.4043 16519.5215 51979.2539
   vertex 25470.4707 16558.6914 51885.5508
  endloop
 endfacet
facet normal -0.644365907 0.7645365 0.0166293718
  outer loop
   vertex 25691.6504 17098.4004 51838.9219
   vertex 25660.7266 17073.5059 51785.1602
   vertex 25656.3145 17069.5332 51796.832
  endloop
 endfacet
facet normal -0.755209744 -0.426191896 0.498014778
  outer loop
   vertex 25408.2383 16665.8203 51587.4336
   vertex 25471.8652 16776.5586 51778.6914
   vertex 25435.7422 16752.2148 51703.0781
  endloop
 endfacet
facet normal -0.729389727 -0.342570186 0.592145503
  outer loop
   vertex 25553.1094 16469.7715 51953.2461
   vertex 25641.9629 16590.5312 52132.5547
   vertex 25595.8516 16630.7148 52099.0039
  endloop
 endfacet
facet normal -0.24483946 -0.61431551 0.750113368
  outer loop
   vertex 25553.1094 16469.7715 51953.2461
   vertex 25595.8516 16630.7148 52099.0039
   vertex 25508.1934 16554.8848 52008.2891
  endloop
 endfacet
facet normal 0.532171845 -0.243552834 0.810848415
  outer loop
   vertex 25498.8516 16500.6973 51998.1445
   vertex 25553.1094 16469.7715 51953.2461
   vertex 25508.1934 16554.8848 52008.2891
  endloop
 endfacet
facet normal -0.399977654 -0.647614598 0.648546994
  outer loop
   vertex 25675.3203 16313.6182 51866.0312
   vertex 25800.2363 16299.7705 51929.2422
   vertex 25742.4062 16441.0996 52034.7031
  endloop
 endfacet
facet normal -0.379222721 -0.659365952 0.649173796
  outer loop
   vertex 25553.1094 16469.7715 51953.2461
   vertex 25675.3203 16313.6182 51866.0312
   vertex 25742.4062 16441.0996 52034.7031
  endloop
 endfacet
facet normal -0.382975847 -0.642317295 0.663896084
  outer loop
   vertex 25706.5449 16569.3418 52138.0898
   vertex 25553.1094 16469.7715 51953.2461
   vertex 25742.4062 16441.0996 52034.7031
  endloop
 endfacet
facet normal -0.0259045791 -0.611946046 0.79047513
  outer loop
   vertex 25744.2168 16722.5859 52257.957
   vertex 25706.5449 16569.3418 52138.0898
   vertex 25877.9492 16663.5352 52216.6289
  endloop
 endfacet
facet normal -0.133594841 -0.627222955 0.767296374
  outer loop
   vertex 25876.2324 16401.2207 52025.4062
   vertex 25742.4062 16441.0996 52034.7031
   vertex 25800.2363 16299.7705 51929.2422
  endloop
 endfacet
facet normal 0.717494369 -0.696309805 0.0188269317
  outer loop
   vertex 26045.1309 16231.0879 51585.3438
   vertex 26117.8535 16310.4375 51748.6328
   vertex 26028.1973 16216.5654 51693.6289
  endloop
 endfacet
facet normal -0.934212089 0.313396215 0.170383617
  outer loop
   vertex 25623.2188 16998.6543 51720.4648
   vertex 25680.1055 17044.9121 51947.293
   vertex 25671.3789 17072.0195 51849.5859
  endloop
 endfacet
facet normal -0.951198637 0.159531355 0.264141798
  outer loop
   vertex 25623.2188 16998.6543 51720.4648
   vertex 25671.3789 17072.0195 51849.5859
   vertex 25656.3145 17069.5332 51796.832
  endloop
 endfacet
facet normal -0.797959387 0.324940771 0.507616282
  outer loop
   vertex 24810.8574 16216.3242 50803.0469
   vertex 24814.8359 16402.9746 50689.8164
   vertex 24757.9668 16239.9463 50704.7812
  endloop
 endfacet
facet normal -0.871895969 0.336770624 0.355503798
  outer loop
   vertex 24757.9668 16239.9463 50704.7812
   vertex 24814.8359 16402.9746 50689.8164
   vertex 24752.7227 16313.5273 50622.2148
  endloop
 endfacet
facet normal -0.707768798 0.362745494 0.606200516
  outer loop
   vertex 25028.2188 16504.6426 51003.2188
   vertex 25090.3691 16472.4688 51095.0352
   vertex 25148.041 16678.2168 51039.25
  endloop
 endfacet
facet normal -0.738843679 0.297903657 0.604453027
  outer loop
   vertex 24941.7988 16496.3262 50901.6836
   vertex 24955.7363 16359.9346 50985.9414
   vertex 25028.2188 16504.6426 51003.2188
  endloop
 endfacet
facet normal -0.66381979 0.248262405 0.705484986
  outer loop
   vertex 25017.7109 16367.1543 51041.7148
   vertex 25028.2188 16504.6426 51003.2188
   vertex 24955.7363 16359.9346 50985.9414
  endloop
 endfacet
facet normal -0.841084957 -0.136869222 0.523299992
  outer loop
   vertex 25160.6016 16421.0645 51192.9609
   vertex 25225.3633 16428.7012 51299.0508
   vertex 25203.3262 16533.7207 51291.0977
  endloop
 endfacet
facet normal -0.842045844 -0.137194484 0.521667063
  outer loop
   vertex 25225.3633 16428.7012 51299.0508
   vertex 25267.7852 16554.0664 51400.4961
   vertex 25203.3262 16533.7207 51291.0977
  endloop
 endfacet
facet normal -0.771052599 -0.222023681 0.596811056
  outer loop
   vertex 25225.3633 16428.7012 51299.0508
   vertex 25302.9922 16418.4316 51395.5234
   vertex 25267.7852 16554.0664 51400.4961
  endloop
 endfacet
facet normal -0.572151423 0.692437649 0.439514399
  outer loop
   vertex 25213.7168 16778.9629 51060.0508
   vertex 25207.8086 16741.3242 51111.6562
   vertex 25330.6914 16869.1523 51070.2344
  endloop
 endfacet
facet normal -0.624342918 0.597390354 0.503309727
  outer loop
   vertex 25359.7637 16798.4199 51369.918
   vertex 25316.5723 16731.6035 51395.6484
   vertex 25408.2383 16665.8203 51587.4336
  endloop
 endfacet
facet normal -0.796565592 0.482661396 0.364034623
  outer loop
   vertex 25261.4395 16658.3477 51350.2969
   vertex 25302.6836 16787.9043 51268.7656
   vertex 25240.8711 16739.1426 51198.168
  endloop
 endfacet
facet normal -0.756868005 0.596036792 -0.268124968
  outer loop
   vertex 25623.2188 16998.6543 51720.4648
   vertex 25408.2383 16665.8203 51587.4336
   vertex 25477.6406 16813.543 51719.9023
  endloop
 endfacet
facet normal -0.834956169 0.380339861 0.397730768
  outer loop
   vertex 25623.2188 16998.6543 51720.4648
   vertex 25507.5547 16866.8262 51603.7148
   vertex 25408.2383 16665.8203 51587.4336
  endloop
 endfacet
facet normal 0.259372503 -0.549005091 0.794556081
  outer loop
   vertex 25953.7266 16368.1934 51977.2891
   vertex 26048.9102 16512.6016 52045.9961
   vertex 25876.2324 16401.2207 52025.4062
  endloop
 endfacet
facet normal -0.768603444 0.362740248 0.526942372
  outer loop
   vertex 25681.5566 16978.3438 52055.7422
   vertex 25627.5957 16871.5391 52050.5586
   vertex 25761.7461 16923.2617 52210.6289
  endloop
 endfacet
facet normal -0.726365387 -0.191354975 0.660133779
  outer loop
   vertex 25267.7852 16554.0664 51400.4961
   vertex 25408.2383 16665.8203 51587.4336
   vertex 25294.5566 16626.5039 51450.9492
  endloop
 endfacet
facet normal -0.717005074 -0.210476696 0.664532423
  outer loop
   vertex 25267.7852 16554.0664 51400.4961
   vertex 25302.9922 16418.4316 51395.5234
   vertex 25408.2383 16665.8203 51587.4336
  endloop
 endfacet
facet normal -0.78862083 -0.018682627 0.61459589
  outer loop
   vertex 25508.1934 16554.8848 52008.2891
   vertex 25479.8691 16572.1875 51972.4727
   vertex 25486.4043 16519.5215 51979.2539
  endloop
 endfacet
facet normal -0.845857143 0.430863023 0.314456224
  outer loop
   vertex 25553.7988 16863.9238 51879.375
   vertex 25518.4492 16866.1406 51781.2539
   vertex 25471.8652 16776.5586 51778.6914
  endloop
 endfacet
facet normal -0.841703415 -0.0583249032 0.536780775
  outer loop
   vertex 25302.9922 16418.4316 51395.5234
   vertex 25357.707 16416.4922 51481.1055
   vertex 25408.2383 16665.8203 51587.4336
  endloop
 endfacet
facet normal -0.191025734 0.980740786 -0.0407027453
  outer loop
   vertex 25759.8125 17118.9805 51765.4375
   vertex 25761.0547 17123.7695 51875.0352
   vertex 25889.7168 17149.8789 51900.2695
  endloop
 endfacet
facet normal -0.975707054 -0.200436562 0.0884357244
  outer loop
   vertex 25464.9902 16481.0254 51794.7656
   vertex 25408.2383 16665.8203 51587.4336
   vertex 25482.6973 16344.2676 51680.1602
  endloop
 endfacet
facet normal -0.961099029 -0.239592776 0.137419015
  outer loop
   vertex 25464.9902 16481.0254 51794.7656
   vertex 25482.6973 16344.2676 51680.1602
   vertex 25484.4043 16417.6836 51820.1016
  endloop
 endfacet
facet normal -0.868729055 -0.0593681671 0.491716683
  outer loop
   vertex 25398.0508 16368.5928 51533.5508
   vertex 25482.6973 16344.2676 51680.1602
   vertex 25408.2383 16665.8203 51587.4336
  endloop
 endfacet
facet normal -0.822014868 -0.0741844252 0.564613283
  outer loop
   vertex 25357.707 16416.4922 51481.1055
   vertex 25398.0508 16368.5928 51533.5508
   vertex 25408.2383 16665.8203 51587.4336
  endloop
 endfacet
facet normal -0.656675756 0.329422355 0.678423107
  outer loop
   vertex 25508.1934 16554.8848 52008.2891
   vertex 25519.4336 16694.8086 51951.2266
   vertex 25479.8691 16572.1875 51972.4727
  endloop
 endfacet
facet normal -0.872264445 0.447981119 0.196131766
  outer loop
   vertex 25471.8652 16776.5586 51778.6914
   vertex 25518.4492 16866.1406 51781.2539
   vertex 25477.6406 16813.543 51719.9023
  endloop
 endfacet
facet normal -0.848121941 0.412343711 0.332658768
  outer loop
   vertex 25627.5957 16871.5391 52050.5586
   vertex 25681.5566 16978.3438 52055.7422
   vertex 25626.1074 16958.1426 51939.4141
  endloop
 endfacet
facet normal -0.762138128 0.592357993 -0.261261374
  outer loop
   vertex 25408.2383 16665.8203 51587.4336
   vertex 25435.7422 16752.2148 51703.0781
   vertex 25477.6406 16813.543 51719.9023
  endloop
 endfacet
facet normal -0.837979317 0.424955308 0.342350125
  outer loop
   vertex 25626.1074 16958.1426 51939.4141
   vertex 25553.7988 16863.9238 51879.375
   vertex 25627.5957 16871.5391 52050.5586
  endloop
 endfacet
facet normal -0.871916175 0.330627054 0.361175835
  outer loop
   vertex 25519.4336 16694.8086 51951.2266
   vertex 25627.5957 16871.5391 52050.5586
   vertex 25553.7988 16863.9238 51879.375
  endloop
 endfacet
facet normal -0.812020719 0.492498398 0.313157648
  outer loop
   vertex 25681.5566 16978.3438 52055.7422
   vertex 25731.6348 17051.5781 52070.418
   vertex 25680.1055 17044.9121 51947.293
  endloop
 endfacet
facet normal -0.444797724 0.882503688 -0.15278168
  outer loop
   vertex 25691.6504 17098.4004 51838.9219
   vertex 25694.1914 17091.9277 51794.1367
   vertex 25660.7266 17073.5059 51785.1602
  endloop
 endfacet
facet normal -0.872296274 0.345156014 0.346361816
  outer loop
   vertex 25725.125 17089.5781 52016.1602
   vertex 25680.1055 17044.9121 51947.293
   vertex 25731.6348 17051.5781 52070.418
  endloop
 endfacet
facet normal -0.921436608 0.257547736 0.290901572
  outer loop
   vertex 25736.8672 17093.1016 52050.2344
   vertex 25725.125 17089.5781 52016.1602
   vertex 25731.6348 17051.5781 52070.418
  endloop
 endfacet
facet normal -0.197805613 0.695853233 -0.690406561
  outer loop
   vertex 25660.7266 17073.5059 51785.1602
   vertex 25694.1914 17091.9277 51794.1367
   vertex 25623.2188 16998.6543 51720.4648
  endloop
 endfacet
facet normal -0.366181582 0.710145354 0.601335704
  outer loop
   vertex 25761.7461 16923.2617 52210.6289
   vertex 25804.2988 16870.7266 52298.5781
   vertex 25831.1328 16892.0723 52289.7109
  endloop
 endfacet
facet normal -0.740493774 0.627646744 0.240267634
  outer loop
   vertex 25671.3789 17072.0195 51849.5859
   vertex 25680.1055 17044.9121 51947.293
   vertex 25727.3301 17102.3496 51942.793
  endloop
 endfacet
facet normal -0.848468602 0.518296778 0.107095368
  outer loop
   vertex 25623.2188 16998.6543 51720.4648
   vertex 25626.1074 16958.1426 51939.4141
   vertex 25680.1055 17044.9121 51947.293
  endloop
 endfacet
facet normal -0.268258572 0.951170266 -0.152684316
  outer loop
   vertex 25761.0547 17123.7695 51875.0352
   vertex 25694.1914 17091.9277 51794.1367
   vertex 25691.6504 17098.4004 51838.9219
  endloop
 endfacet
facet normal -0.83139503 0.503508151 0.235078365
  outer loop
   vertex 25435.7422 16752.2148 51703.0781
   vertex 25471.8652 16776.5586 51778.6914
   vertex 25477.6406 16813.543 51719.9023
  endloop
 endfacet
facet normal -0.266440779 0.94919008 0.167473868
  outer loop
   vertex 25727.3301 17102.3496 51942.793
   vertex 25819.5508 17115.0684 52017.4219
   vertex 25761.0547 17123.7695 51875.0352
  endloop
 endfacet
facet normal -0.224150658 0.968098104 0.111993417
  outer loop
   vertex 25754.5977 17097.3711 52040.3984
   vertex 25819.5508 17115.0684 52017.4219
   vertex 25727.3301 17102.3496 51942.793
  endloop
 endfacet
facet normal -0.684399724 0.697202563 0.213320404
  outer loop
   vertex 25623.2188 16998.6543 51720.4648
   vertex 25759.8125 17118.9805 51765.4375
   vertex 25716.9922 17095.1562 51705.918
  endloop
 endfacet
facet normal -0.501631737 0.738095999 -0.45119825
  outer loop
   vertex 25623.2188 16998.6543 51720.4648
   vertex 25694.1914 17091.9277 51794.1367
   vertex 25759.8125 17118.9805 51765.4375
  endloop
 endfacet
facet normal -0.386173993 0.917228818 0.0977800637
  outer loop
   vertex 25727.3301 17102.3496 51942.793
   vertex 25761.0547 17123.7695 51875.0352
   vertex 25691.6504 17098.4004 51838.9219
  endloop
 endfacet
facet normal -0.821910501 0.558071077 0.114104576
  outer loop
   vertex 25553.7988 16863.9238 51879.375
   vertex 25626.1074 16958.1426 51939.4141
   vertex 25623.2188 16998.6543 51720.4648
  endloop
 endfacet
facet normal -0.693552911 0.669899762 0.264988095
  outer loop
   vertex 25553.7988 16863.9238 51879.375
   vertex 25623.2188 16998.6543 51720.4648
   vertex 25518.4492 16866.1406 51781.2539
  endloop
 endfacet
facet normal -0.786015213 0.61816591 -0.00714261178
  outer loop
   vertex 25623.2188 16998.6543 51720.4648
   vertex 25477.6406 16813.543 51719.9023
   vertex 25518.4492 16866.1406 51781.2539
  endloop
 endfacet
facet normal -0.851944625 0.341695577 0.396780103
  outer loop
   vertex 25471.8652 16776.5586 51778.6914
   vertex 25519.4336 16694.8086 51951.2266
   vertex 25553.7988 16863.9238 51879.375
  endloop
 endfacet
facet normal -0.820231676 0.482563049 0.30716911
  outer loop
   vertex 25680.1055 17044.9121 51947.293
   vertex 25626.1074 16958.1426 51939.4141
   vertex 25681.5566 16978.3438 52055.7422
  endloop
 endfacet
facet normal 0.383101344 0.364370942 0.848803401
  outer loop
   vertex 25731.6348 17051.5781 52070.418
   vertex 25754.5977 17097.3711 52040.3984
   vertex 25736.8672 17093.1016 52050.2344
  endloop
 endfacet
facet normal -0.251864523 0.804319918 0.538176298
  outer loop
   vertex 25761.7461 16923.2617 52210.6289
   vertex 25831.1328 16892.0723 52289.7109
   vertex 25909.877 16939.2969 52255.9844
  endloop
 endfacet
facet normal -0.670363545 0.37912944 0.637866437
  outer loop
   vertex 25731.9746 16783.1895 52308.0391
   vertex 25740.6445 16820.5781 52294.9297
   vertex 25717.209 16793.6035 52286.332
  endloop
 endfacet
facet normal -0.823698103 -0.450718671 0.344055414
  outer loop
   vertex 25731.9746 16783.1895 52308.0391
   vertex 25717.209 16793.6035 52286.332
   vertex 25744.2168 16722.5859 52257.957
  endloop
 endfacet
facet normal -0.857067049 0.282310098 0.430972248
  outer loop
   vertex 25627.5957 16871.5391 52050.5586
   vertex 25519.4336 16694.8086 51951.2266
   vertex 25663.9961 16784.0762 52180.2422
  endloop
 endfacet
facet normal -0.773471594 -0.465865999 0.429779679
  outer loop
   vertex 25717.209 16793.6035 52286.332
   vertex 25663.9961 16784.0762 52180.2422
   vertex 25744.2168 16722.5859 52257.957
  endloop
 endfacet
facet normal -0.517568707 0.572934508 0.63550657
  outer loop
   vertex 25761.7461 16923.2617 52210.6289
   vertex 25788.2969 17060.4727 52108.5508
   vertex 25731.6348 17051.5781 52070.418
  endloop
 endfacet
facet normal -0.859902501 0.119172767 0.496352255
  outer loop
   vertex 25595.8516 16630.7148 52099.0039
   vertex 25663.9961 16784.0762 52180.2422
   vertex 25519.4336 16694.8086 51951.2266
  endloop
 endfacet
facet normal -0.632643342 0.32571435 0.702618361
  outer loop
   vertex 25717.209 16793.6035 52286.332
   vertex 25740.6445 16820.5781 52294.9297
   vertex 25718.2559 16836.5781 52267.3516
  endloop
 endfacet
facet normal -0.379727513 0.632375419 0.67520988
  outer loop
   vertex 25761.7461 16923.2617 52210.6289
   vertex 25718.2559 16836.5781 52267.3516
   vertex 25740.6445 16820.5781 52294.9297
  endloop
 endfacet
facet normal -0.881596148 0.208500922 0.423456788
  outer loop
   vertex 25663.9961 16784.0762 52180.2422
   vertex 25717.209 16793.6035 52286.332
   vertex 25718.2559 16836.5781 52267.3516
  endloop
 endfacet
facet normal 0.933932483 -0.09587989 0.344350398
  outer loop
   vertex 25731.9746 16783.1895 52308.0391
   vertex 25744.2168 16722.5859 52257.957
   vertex 25740.6445 16820.5781 52294.9297
  endloop
 endfacet
facet normal 0.230418622 0.819499791 0.524716496
  outer loop
   vertex 26466.2109 17321.5 50791.6797
   vertex 26499.8086 17273.8809 50851.2969
   vertex 26552.5527 17287.0469 50807.5742
  endloop
 endfacet
facet normal -0.745835066 0.403828204 0.529766798
  outer loop
   vertex 25731.6348 17051.5781 52070.418
   vertex 25681.5566 16978.3438 52055.7422
   vertex 25761.7461 16923.2617 52210.6289
  endloop
 endfacet
facet normal -0.822523057 0.536391556 0.189050004
  outer loop
   vertex 25663.9961 16784.0762 52180.2422
   vertex 25718.2559 16836.5781 52267.3516
   vertex 25761.7461 16923.2617 52210.6289
  endloop
 endfacet
facet normal -0.75710696 0.423037142 0.497823894
  outer loop
   vertex 25627.5957 16871.5391 52050.5586
   vertex 25663.9961 16784.0762 52180.2422
   vertex 25761.7461 16923.2617 52210.6289
  endloop
 endfacet
facet normal -0.677439034 0.439185828 0.590078056
  outer loop
   vertex 25761.7461 16923.2617 52210.6289
   vertex 25778.373 16833.916 52296.2148
   vertex 25804.2988 16870.7266 52298.5781
  endloop
 endfacet
facet normal -0.25240463 0.644449711 0.721786976
  outer loop
   vertex 25761.7461 16923.2617 52210.6289
   vertex 25740.6445 16820.5781 52294.9297
   vertex 25778.373 16833.916 52296.2148
  endloop
 endfacet
facet normal -0.337581247 0.438854307 0.832733929
  outer loop
   vertex 26002.0996 17095.6719 52180.4648
   vertex 26035.8008 17003.75 52242.5703
   vertex 26052.9844 17073.0801 52213
  endloop
 endfacet
facet normal -0.336812735 0.56309104 0.754642725
  outer loop
   vertex 25872.541 17055.5234 52152.5977
   vertex 25909.877 16939.2969 52255.9844
   vertex 26002.0996 17095.6719 52180.4648
  endloop
 endfacet
facet normal -0.17010805 0.508093476 0.844336569
  outer loop
   vertex 25909.877 16939.2969 52255.9844
   vertex 26035.8008 17003.75 52242.5703
   vertex 26002.0996 17095.6719 52180.4648
  endloop
 endfacet
facet normal 0.565691769 0.807957351 0.164917395
  outer loop
   vertex 26300.6562 17101.9258 51565.9062
   vertex 26226.1484 17090.0781 51879.5234
   vertex 26352.1797 17016.8184 51806.1289
  endloop
 endfacet
facet normal 0.535262465 0.829680145 0.158508733
  outer loop
   vertex 26300.6562 17101.9258 51565.9062
   vertex 26167.6113 17167.375 51672.5977
   vertex 26226.1484 17090.0781 51879.5234
  endloop
 endfacet
facet normal 0.0105195241 0.964655161 -0.263305455
  outer loop
   vertex 26985.5547 17440.1348 49379.7812
   vertex 26978.2383 17482.8633 49536.0273
   vertex 27105.6953 17485.127 49549.4141
  endloop
 endfacet
facet normal 0.103091411 0.960661352 -0.257879645
  outer loop
   vertex 26885.668 17471.0859 49455.1445
   vertex 26978.2383 17482.8633 49536.0273
   vertex 26985.5547 17440.1348 49379.7812
  endloop
 endfacet
facet normal -0.242791742 0.969935775 -0.0166350007
  outer loop
   vertex 25736.8672 17093.1016 52050.2344
   vertex 25754.5977 17097.3711 52040.3984
   vertex 25725.125 17089.5781 52016.1602
  endloop
 endfacet
facet normal 0.76298517 0.491065115 0.420367271
  outer loop
   vertex 26083.9473 17037.6289 52214.9258
   vertex 26146.2578 17022.7441 52119.2148
   vertex 26069.0703 17110.0938 52157.2773
  endloop
 endfacet
facet normal -0.319755375 0.81447649 0.484132737
  outer loop
   vertex 25944.2031 17130.3594 52074.0273
   vertex 25819.5508 17115.0684 52017.4219
   vertex 25872.541 17055.5234 52152.5977
  endloop
 endfacet
facet normal -0.187674209 0.86962676 0.45664832
  outer loop
   vertex 25872.541 17055.5234 52152.5977
   vertex 25819.5508 17115.0684 52017.4219
   vertex 25788.2969 17060.4727 52108.5508
  endloop
 endfacet
facet normal -0.365458697 0.918831885 0.148955911
  outer loop
   vertex 25727.3301 17102.3496 51942.793
   vertex 25725.125 17089.5781 52016.1602
   vertex 25754.5977 17097.3711 52040.3984
  endloop
 endfacet
facet normal -0.766067147 0.636734307 0.0878100172
  outer loop
   vertex 25680.1055 17044.9121 51947.293
   vertex 25725.125 17089.5781 52016.1602
   vertex 25727.3301 17102.3496 51942.793
  endloop
 endfacet
facet normal -0.0596136972 0.865180612 0.49790433
  outer loop
   vertex 25819.5508 17115.0684 52017.4219
   vertex 25754.5977 17097.3711 52040.3984
   vertex 25788.2969 17060.4727 52108.5508
  endloop
 endfacet
facet normal -0.496989787 0.63614881 0.5901829
  outer loop
   vertex 25731.6348 17051.5781 52070.418
   vertex 25788.2969 17060.4727 52108.5508
   vertex 25754.5977 17097.3711 52040.3984
  endloop
 endfacet
facet normal 0.172122657 0.978440225 0.114142396
  outer loop
   vertex 26116.6055 17201.5645 51539.6172
   vertex 26132.9375 17216.6562 51385.6172
   vertex 26029.5195 17226.166 51460.0547
  endloop
 endfacet
facet normal -0.742859662 0.644290686 0.181794018
  outer loop
   vertex 25691.6504 17098.4004 51838.9219
   vertex 25656.3145 17069.5332 51796.832
   vertex 25671.3789 17072.0195 51849.5859
  endloop
 endfacet
facet normal -0.726592243 0.649216235 0.224904329
  outer loop
   vertex 25727.3301 17102.3496 51942.793
   vertex 25691.6504 17098.4004 51838.9219
   vertex 25671.3789 17072.0195 51849.5859
  endloop
 endfacet
facet normal -0.0731265768 0.990773141 0.11411012
  outer loop
   vertex 25889.7168 17149.8789 51900.2695
   vertex 26023.6211 17171.7871 51795.8516
   vertex 25877.2891 17167.0371 51743.3203
  endloop
 endfacet
facet normal -0.354491025 0.926074445 0.129314482
  outer loop
   vertex 25877.2891 17167.0371 51743.3203
   vertex 25759.8125 17118.9805 51765.4375
   vertex 25889.7168 17149.8789 51900.2695
  endloop
 endfacet
facet normal 0.0946742073 0.995498776 0.00435888814
  outer loop
   vertex 25992.8066 17229.9785 51386.5547
   vertex 26029.5195 17226.166 51460.0547
   vertex 26132.9375 17216.6562 51385.6172
  endloop
 endfacet
facet normal 0.094288893 0.979030311 0.180580348
  outer loop
   vertex 26010.7559 17241.3008 51315.8008
   vertex 25992.8066 17229.9785 51386.5547
   vertex 26132.9375 17216.6562 51385.6172
  endloop
 endfacet
facet normal -0.850844264 0.404449403 0.335387379
  outer loop
   vertex 25207.8086 16741.3242 51111.6562
   vertex 25174.2598 16608.6445 51186.5469
   vertex 25240.8711 16739.1426 51198.168
  endloop
 endfacet
facet normal -0.852185786 0.405559897 0.330606341
  outer loop
   vertex 25261.4395 16658.3477 51350.2969
   vertex 25240.8711 16739.1426 51198.168
   vertex 25174.2598 16608.6445 51186.5469
  endloop
 endfacet
facet normal -0.933822215 0.107435033 0.341223955
  outer loop
   vertex 25261.4395 16658.3477 51350.2969
   vertex 25267.7852 16554.0664 51400.4961
   vertex 25294.5566 16626.5039 51450.9492
  endloop
 endfacet
facet normal -0.813634932 0.30651477 0.494011045
  outer loop
   vertex 25408.2383 16665.8203 51587.4336
   vertex 25316.5723 16731.6035 51395.6484
   vertex 25261.4395 16658.3477 51350.2969
  endloop
 endfacet
facet normal -0.699035227 0.582798719 0.414361477
  outer loop
   vertex 25408.2383 16665.8203 51587.4336
   vertex 25261.4395 16658.3477 51350.2969
   vertex 25294.5566 16626.5039 51450.9492
  endloop
 endfacet
facet normal -0.620818019 0.782076418 0.0542355366
  outer loop
   vertex 25794.4238 17139.5742 51648.1406
   vertex 25776.3457 17134.3047 51517.1992
   vertex 25623.2188 16998.6543 51720.4648
  endloop
 endfacet
facet normal -0.672977388 0.585908532 -0.451456159
  outer loop
   vertex 25794.4238 17139.5742 51648.1406
   vertex 25623.2188 16998.6543 51720.4648
   vertex 25716.9922 17095.1562 51705.918
  endloop
 endfacet
facet normal -0.443131506 0.896104813 0.0251117107
  outer loop
   vertex 25794.4238 17139.5742 51648.1406
   vertex 25914.2891 17203.1602 51494.2656
   vertex 25776.3457 17134.3047 51517.1992
  endloop
 endfacet
facet normal -0.369363368 0.927720845 0.053895656
  outer loop
   vertex 25759.8125 17118.9805 51765.4375
   vertex 25877.2891 17167.0371 51743.3203
   vertex 25794.4238 17139.5742 51648.1406
  endloop
 endfacet
facet normal -0.493617475 0.869650662 0.00703498395
  outer loop
   vertex 25716.9922 17095.1562 51705.918
   vertex 25759.8125 17118.9805 51765.4375
   vertex 25794.4238 17139.5742 51648.1406
  endloop
 endfacet
facet normal -0.103211656 0.97446996 0.199388221
  outer loop
   vertex 26023.6211 17171.7871 51795.8516
   vertex 25941.8965 17195.4512 51637.8984
   vertex 25877.2891 17167.0371 51743.3203
  endloop
 endfacet
facet normal -0.35186252 0.935341358 0.0364604406
  outer loop
   vertex 25941.8965 17195.4512 51637.8984
   vertex 25794.4238 17139.5742 51648.1406
   vertex 25877.2891 17167.0371 51743.3203
  endloop
 endfacet
facet normal -0.344837964 0.931432128 0.116279729
  outer loop
   vertex 25914.2891 17203.1602 51494.2656
   vertex 25794.4238 17139.5742 51648.1406
   vertex 25941.8965 17195.4512 51637.8984
  endloop
 endfacet
facet normal -0.593284369 0.751610935 0.288261414
  outer loop
   vertex 25452.8535 16887.8672 51368.1562
   vertex 25506.5312 16985.0391 51225.2695
   vertex 25394.6289 16894.0957 51232.0859
  endloop
 endfacet
facet normal -0.790190756 0.0783245638 0.607835412
  outer loop
   vertex 25090.3691 16472.4688 51095.0352
   vertex 25160.6016 16421.0645 51192.9609
   vertex 25174.2598 16608.6445 51186.5469
  endloop
 endfacet
facet normal -0.944195151 0.0796805918 0.319603771
  outer loop
   vertex 25203.3262 16533.7207 51291.0977
   vertex 25174.2598 16608.6445 51186.5469
   vertex 25160.6016 16421.0645 51192.9609
  endloop
 endfacet
facet normal -0.798876762 0.587768018 0.127768159
  outer loop
   vertex 25623.2188 16998.6543 51720.4648
   vertex 25534.3926 16925.6309 51501
   vertex 25507.5547 16866.8262 51603.7148
  endloop
 endfacet
facet normal -0.842257619 0.452501684 0.292992085
  outer loop
   vertex 25261.4395 16658.3477 51350.2969
   vertex 25316.5723 16731.6035 51395.6484
   vertex 25302.6836 16787.9043 51268.7656
  endloop
 endfacet
facet normal -0.689197838 0.723566115 0.0381892435
  outer loop
   vertex 25693.4551 17080.9219 51429.3125
   vertex 25534.3926 16925.6309 51501
   vertex 25623.2188 16998.6543 51720.4648
  endloop
 endfacet
facet normal -0.722040594 0.599626422 0.345116735
  outer loop
   vertex 25359.7637 16798.4199 51369.918
   vertex 25302.6836 16787.9043 51268.7656
   vertex 25316.5723 16731.6035 51395.6484
  endloop
 endfacet
facet normal -0.610349834 0.74259758 0.275720745
  outer loop
   vertex 25594.6211 17026.2637 51309.2422
   vertex 25506.5312 16985.0391 51225.2695
   vertex 25452.8535 16887.8672 51368.1562
  endloop
 endfacet
facet normal -0.64574641 0.74059242 0.185834616
  outer loop
   vertex 25594.6211 17026.2637 51309.2422
   vertex 25452.8535 16887.8672 51368.1562
   vertex 25534.3926 16925.6309 51501
  endloop
 endfacet
facet normal -0.896973312 0.441697031 0.0185096618
  outer loop
   vertex 25408.2383 16665.8203 51587.4336
   vertex 25507.5547 16866.8262 51603.7148
   vertex 25534.3926 16925.6309 51501
  endloop
 endfacet
facet normal -0.79404074 0.500377893 0.345139414
  outer loop
   vertex 25452.8535 16887.8672 51368.1562
   vertex 25408.2383 16665.8203 51587.4336
   vertex 25534.3926 16925.6309 51501
  endloop
 endfacet
facet normal -0.655234694 0.688048244 0.31186074
  outer loop
   vertex 25359.7637 16798.4199 51369.918
   vertex 25452.8535 16887.8672 51368.1562
   vertex 25394.6289 16894.0957 51232.0859
  endloop
 endfacet
facet normal -0.590095341 0.624198139 0.512019694
  outer loop
   vertex 25359.7637 16798.4199 51369.918
   vertex 25408.2383 16665.8203 51587.4336
   vertex 25452.8535 16887.8672 51368.1562
  endloop
 endfacet
facet normal -0.182449996 0.982143879 0.0458846465
  outer loop
   vertex 25914.2891 17203.1602 51494.2656
   vertex 26008.6602 17218.2559 51546.3906
   vertex 26029.5195 17226.166 51460.0547
  endloop
 endfacet
facet normal -0.0407654494 0.998603463 -0.0336057469
  outer loop
   vertex 26062.9883 17249.8867 51255.3438
   vertex 25980.1387 17246.418 51252.793
   vertex 25983.8691 17247.3652 51276.3867
  endloop
 endfacet
facet normal -0.598759174 0.796851754 0.0807135031
  outer loop
   vertex 25776.3457 17134.3047 51517.1992
   vertex 25693.4551 17080.9219 51429.3125
   vertex 25623.2188 16998.6543 51720.4648
  endloop
 endfacet
facet normal -0.862060308 0.176277995 0.475161076
  outer loop
   vertex 25261.4395 16658.3477 51350.2969
   vertex 25203.3262 16533.7207 51291.0977
   vertex 25267.7852 16554.0664 51400.4961
  endloop
 endfacet
facet normal -0.641032875 0.74387002 0.189035103
  outer loop
   vertex 25534.3926 16925.6309 51501
   vertex 25693.4551 17080.9219 51429.3125
   vertex 25594.6211 17026.2637 51309.2422
  endloop
 endfacet
facet normal -0.665451646 0.681427777 0.304680645
  outer loop
   vertex 25302.6836 16787.9043 51268.7656
   vertex 25359.7637 16798.4199 51369.918
   vertex 25394.6289 16894.0957 51232.0859
  endloop
 endfacet
facet normal -0.723489583 0.668672681 0.171579957
  outer loop
   vertex 25302.6836 16787.9043 51268.7656
   vertex 25330.6914 16869.1523 51070.2344
   vertex 25240.8711 16739.1426 51198.168
  endloop
 endfacet
facet normal -0.712954044 0.678482771 0.177080899
  outer loop
   vertex 25394.6289 16894.0957 51232.0859
   vertex 25330.6914 16869.1523 51070.2344
   vertex 25302.6836 16787.9043 51268.7656
  endloop
 endfacet
facet normal -0.622823954 0.774594426 0.10997162
  outer loop
   vertex 25394.6289 16894.0957 51232.0859
   vertex 25506.5312 16985.0391 51225.2695
   vertex 25495.9785 16992.6797 51111.6875
  endloop
 endfacet
facet normal -0.613638341 0.780075133 0.12219163
  outer loop
   vertex 25394.6289 16894.0957 51232.0859
   vertex 25495.9785 16992.6797 51111.6875
   vertex 25330.6914 16869.1523 51070.2344
  endloop
 endfacet
facet normal -0.650255919 0.71145016 0.26646924
  outer loop
   vertex 25240.8711 16739.1426 51198.168
   vertex 25330.6914 16869.1523 51070.2344
   vertex 25207.8086 16741.3242 51111.6562
  endloop
 endfacet
facet normal -0.407419205 0.873918116 0.265097648
  outer loop
   vertex 25458.8008 16968.1152 50579.918
   vertex 25298.9375 16879.0918 50627.707
   vertex 25207.207 16807.9316 50721.3164
  endloop
 endfacet
facet normal -0.57653743 0.809847891 -0.108401746
  outer loop
   vertex 25458.8008 16968.1152 50579.918
   vertex 25207.207 16807.9316 50721.3164
   vertex 25476.3379 17002.3066 50742.0781
  endloop
 endfacet
facet normal -0.839532912 0.542888165 0.0213750973
  outer loop
   vertex 25213.7168 16778.9629 51060.0508
   vertex 25224.0918 16796.6016 51019.5156
   vertex 25148.041 16678.2168 51039.25
  endloop
 endfacet
facet normal -0.69608289 0.710235059 0.105046391
  outer loop
   vertex 25086.0254 16662.1953 50903.6562
   vertex 25259.8906 16831.543 50910.7812
   vertex 25207.207 16807.9316 50721.3164
  endloop
 endfacet
facet normal -0.46221447 0.409580797 -0.786512136
  outer loop
   vertex 25562.7734 17067.1406 50725.0469
   vertex 25636.5488 17101.4375 50699.5508
   vertex 25476.3379 17002.3066 50742.0781
  endloop
 endfacet
facet normal -0.583267748 0.809422851 0.0680692717
  outer loop
   vertex 25330.6914 16869.1523 51070.2344
   vertex 25259.8906 16831.543 50910.7812
   vertex 25224.0918 16796.6016 51019.5156
  endloop
 endfacet
facet normal -0.612340689 0.785843372 0.0865395516
  outer loop
   vertex 25330.6914 16869.1523 51070.2344
   vertex 25437.6719 16972.4961 50888.7812
   vertex 25259.8906 16831.543 50910.7812
  endloop
 endfacet
facet normal -0.373108208 0.816200852 0.441142172
  outer loop
   vertex 24889.0664 16586.8008 50780.4531
   vertex 24914.1582 16577.0508 50819.7188
   vertex 24977.4688 16655.2383 50728.6016
  endloop
 endfacet
facet normal -0.501428723 0.708605945 0.496434093
  outer loop
   vertex 24870.5957 16554.2324 50808.2891
   vertex 24914.1582 16577.0508 50819.7188
   vertex 24889.0664 16586.8008 50780.4531
  endloop
 endfacet
facet normal -0.844489872 0.524243414 -0.10957025
  outer loop
   vertex 25148.041 16678.2168 51039.25
   vertex 25224.0918 16796.6016 51019.5156
   vertex 25259.8906 16831.543 50910.7812
  endloop
 endfacet
facet normal -0.68372035 0.692248881 0.230906919
  outer loop
   vertex 25086.0254 16662.1953 50903.6562
   vertex 25148.041 16678.2168 51039.25
   vertex 25259.8906 16831.543 50910.7812
  endloop
 endfacet
facet normal -0.587521851 0.806765497 0.0628298074
  outer loop
   vertex 25259.8906 16831.543 50910.7812
   vertex 25476.3379 17002.3066 50742.0781
   vertex 25207.207 16807.9316 50721.3164
  endloop
 endfacet
facet normal -0.114696167 0.993266821 0.0163023565
  outer loop
   vertex 26166.5176 17305.418 50517.5352
   vertex 26216.582 17312.4805 50439.5078
   vertex 26098.4395 17298.6973 50448.0938
  endloop
 endfacet
facet normal 0.0824527219 0.986401021 0.142177939
  outer loop
   vertex 26409.0449 17285.5508 50514.7266
   vertex 26216.582 17312.4805 50439.5078
   vertex 26166.5176 17305.418 50517.5352
  endloop
 endfacet
facet normal -0.531089723 0.798000932 0.284847766
  outer loop
   vertex 25011.1094 16642.168 50820.0859
   vertex 25086.0254 16662.1953 50903.6562
   vertex 25207.207 16807.9316 50721.3164
  endloop
 endfacet
facet normal -0.87378788 0.48584196 -0.0212690495
  outer loop
   vertex 24902.8887 16601.6484 50704.9219
   vertex 24879.9941 16558.1035 50650.8633
   vertex 24860.3711 16527.7637 50764
  endloop
 endfacet
facet normal -0.906956375 0.384642541 -0.171698138
  outer loop
   vertex 24892.7988 16597.8789 50749.7852
   vertex 24902.8887 16601.6484 50704.9219
   vertex 24860.3711 16527.7637 50764
  endloop
 endfacet
facet normal -0.617706835 0.651559532 -0.440350324
  outer loop
   vertex 25700.9785 17064.9199 50397.0039
   vertex 25867.959 17134.793 50266.1602
   vertex 25644.627 16893 50221.6719
  endloop
 endfacet
facet normal -0.593030095 0.805147052 0.00731463917
  outer loop
   vertex 25437.6719 16972.4961 50888.7812
   vertex 25532.9668 17043.2949 50821.6719
   vertex 25476.3379 17002.3066 50742.0781
  endloop
 endfacet
facet normal -0.621615767 0.783308446 -0.00465756515
  outer loop
   vertex 25437.6719 16972.4961 50888.7812
   vertex 25476.3379 17002.3066 50742.0781
   vertex 25259.8906 16831.543 50910.7812
  endloop
 endfacet
facet normal -0.527555108 0.847328484 -0.0609922297
  outer loop
   vertex 25532.9668 17043.2949 50821.6719
   vertex 25616.2031 17090.6348 50759.3906
   vertex 25476.3379 17002.3066 50742.0781
  endloop
 endfacet
facet normal -0.533799291 0.83722502 -0.118796386
  outer loop
   vertex 25679.3809 17114.9258 50623.4141
   vertex 25458.8008 16968.1152 50579.918
   vertex 25476.3379 17002.3066 50742.0781
  endloop
 endfacet
facet normal -0.536223054 0.791752338 0.292562962
  outer loop
   vertex 25616.2031 17090.6348 50759.3906
   vertex 25562.7734 17067.1406 50725.0469
   vertex 25476.3379 17002.3066 50742.0781
  endloop
 endfacet
facet normal -0.0387177579 0.177271768 -0.983400047
  outer loop
   vertex 25219.6445 16432.7148 50184.4062
   vertex 25368.3711 16422.8809 50176.7812
   vertex 25164.6035 16356.373 50172.8125
  endloop
 endfacet
facet normal -0.675354481 0.729672909 -0.107115693
  outer loop
   vertex 25207.207 16807.9316 50721.3164
   vertex 25298.9375 16879.0918 50627.707
   vertex 25280.3984 16857.0527 50594.4648
  endloop
 endfacet
facet normal -0.55021435 0.818659127 -0.164503276
  outer loop
   vertex 25679.3809 17114.9258 50623.4141
   vertex 25476.3379 17002.3066 50742.0781
   vertex 25636.5488 17101.4375 50699.5508
  endloop
 endfacet
facet normal -0.0361190364 0.211406872 -0.976730525
  outer loop
   vertex 25300.5508 16499.0391 50195.7695
   vertex 25368.3711 16422.8809 50176.7812
   vertex 25219.6445 16432.7148 50184.4062
  endloop
 endfacet
facet normal -0.392228335 0.914154053 -0.102368705
  outer loop
   vertex 25095.4863 16662.957 50453.418
   vertex 24941.8184 16603.8574 50514.4375
   vertex 24938.0156 16607.0332 50557.3555
  endloop
 endfacet
facet normal -0.703868687 0.668441772 -0.240321666
  outer loop
   vertex 24902.8887 16601.6484 50704.9219
   vertex 24974.3809 16644.498 50614.7188
   vertex 24879.9941 16558.1035 50650.8633
  endloop
 endfacet
facet normal -0.444084466 0.63238436 -0.634727478
  outer loop
   vertex 25095.4863 16662.957 50453.418
   vertex 25271.7695 16598.2871 50265.6523
   vertex 24961.2988 16486.6562 50371.6484
  endloop
 endfacet
facet normal -0.470785826 0.639977396 -0.607280493
  outer loop
   vertex 24919.1934 16546.9316 50467.8125
   vertex 25095.4863 16662.957 50453.418
   vertex 24961.2988 16486.6562 50371.6484
  endloop
 endfacet
facet normal -0.925612688 0.373629808 -0.0603484958
  outer loop
   vertex 24879.9941 16558.1035 50650.8633
   vertex 24814.8359 16402.9746 50689.8164
   vertex 24860.3711 16527.7637 50764
  endloop
 endfacet
facet normal -0.921225071 0.388947934 0.00799433328
  outer loop
   vertex 24870.5059 16537.4453 50562.6211
   vertex 24814.8359 16402.9746 50689.8164
   vertex 24879.9941 16558.1035 50650.8633
  endloop
 endfacet
facet normal -0.454395443 0.60986048 -0.649303496
  outer loop
   vertex 24924.1758 16582.9863 50498.1914
   vertex 25095.4863 16662.957 50453.418
   vertex 24919.1934 16546.9316 50467.8125
  endloop
 endfacet
facet normal -0.715839028 0.689742267 -0.10876631
  outer loop
   vertex 24870.5059 16537.4453 50562.6211
   vertex 24941.8184 16603.8574 50514.4375
   vertex 24924.1758 16582.9863 50498.1914
  endloop
 endfacet
facet normal -0.718363225 0.690527201 -0.0844186842
  outer loop
   vertex 24938.0156 16607.0332 50557.3555
   vertex 24870.5059 16537.4453 50562.6211
   vertex 24879.9941 16558.1035 50650.8633
  endloop
 endfacet
facet normal -0.717340469 0.68726635 -0.114401206
  outer loop
   vertex 24938.0156 16607.0332 50557.3555
   vertex 24941.8184 16603.8574 50514.4375
   vertex 24870.5059 16537.4453 50562.6211
  endloop
 endfacet
facet normal -0.601898372 0.687284946 -0.40664205
  outer loop
   vertex 24773.1816 16350.5234 50420.0117
   vertex 24961.2988 16486.6562 50371.6484
   vertex 24849.9688 16331.8848 50274.8516
  endloop
 endfacet
facet normal -0.480332941 0.801162839 -0.356957108
  outer loop
   vertex 24773.1816 16350.5234 50420.0117
   vertex 24849.9688 16331.8848 50274.8516
   vertex 24702.084 16279.0234 50355.207
  endloop
 endfacet
facet normal -0.281018525 0.49668926 -0.821174979
  outer loop
   vertex 25271.7695 16598.2871 50265.6523
   vertex 25300.5508 16499.0391 50195.7695
   vertex 25096.0684 16436.5059 50227.9258
  endloop
 endfacet
facet normal -0.444056422 0.630675316 -0.636445224
  outer loop
   vertex 24961.2988 16486.6562 50371.6484
   vertex 25271.7695 16598.2871 50265.6523
   vertex 25096.0684 16436.5059 50227.9258
  endloop
 endfacet
facet normal -0.503900528 0.71567893 -0.483619571
  outer loop
   vertex 25095.4863 16662.957 50453.418
   vertex 25373.6152 16868.7793 50468.207
   vertex 25644.627 16893 50221.6719
  endloop
 endfacet
facet normal -0.5093624 0.545052111 -0.665934086
  outer loop
   vertex 25271.7695 16598.2871 50265.6523
   vertex 25095.4863 16662.957 50453.418
   vertex 25644.627 16893 50221.6719
  endloop
 endfacet
facet normal -0.890472412 0.450558156 -0.0636887625
  outer loop
   vertex 24889.0664 16586.8008 50780.4531
   vertex 24860.3711 16527.7637 50764
   vertex 24870.5957 16554.2324 50808.2891
  endloop
 endfacet
facet normal -0.660905778 0.228294805 -0.714902163
  outer loop
   vertex 24919.1934 16546.9316 50467.8125
   vertex 24822.3457 16438.7441 50522.7969
   vertex 24868.373 16532.8789 50510.3086
  endloop
 endfacet
facet normal -0.502987504 0.830653846 0.238783941
  outer loop
   vertex 24889.0664 16586.8008 50780.4531
   vertex 24977.4688 16655.2383 50728.6016
   vertex 24892.7988 16597.8789 50749.7852
  endloop
 endfacet
facet normal -0.570008993 0.819490492 -0.0593723319
  outer loop
   vertex 24902.8887 16601.6484 50704.9219
   vertex 24892.7988 16597.8789 50749.7852
   vertex 24977.4688 16655.2383 50728.6016
  endloop
 endfacet
facet normal -0.943398833 0.177810356 0.279968083
  outer loop
   vertex 24814.8359 16402.9746 50689.8164
   vertex 24856.8066 16385.7305 50842.1992
   vertex 24860.3711 16527.7637 50764
  endloop
 endfacet
facet normal -0.957074046 0.157850176 0.243089691
  outer loop
   vertex 24856.8066 16385.7305 50842.1992
   vertex 24875.7754 16509.9707 50836.2109
   vertex 24860.3711 16527.7637 50764
  endloop
 endfacet
facet normal -0.976755619 0.0202993508 0.213392526
  outer loop
   vertex 24870.5957 16554.2324 50808.2891
   vertex 24860.3711 16527.7637 50764
   vertex 24875.7754 16509.9707 50836.2109
  endloop
 endfacet
facet normal -0.903299153 0.426729918 0.0441841669
  outer loop
   vertex 24860.3711 16527.7637 50764
   vertex 24889.0664 16586.8008 50780.4531
   vertex 24892.7988 16597.8789 50749.7852
  endloop
 endfacet
facet normal 0.136848167 -0.033862818 -0.990013063
  outer loop
   vertex 25675.6641 16379.9033 50220.7266
   vertex 25297.9043 16275.0537 50172.0938
   vertex 25368.3711 16422.8809 50176.7812
  endloop
 endfacet
facet normal -0.237461179 0.512260377 -0.825349331
  outer loop
   vertex 25300.5508 16499.0391 50195.7695
   vertex 25271.7695 16598.2871 50265.6523
   vertex 25609.0078 16590.875 50164.0234
  endloop
 endfacet
facet normal -0.137641028 0.122530639 -0.982873917
  outer loop
   vertex 25368.3711 16422.8809 50176.7812
   vertex 25300.5508 16499.0391 50195.7695
   vertex 25609.0078 16590.875 50164.0234
  endloop
 endfacet
facet normal 0.100428693 -0.565665483 -0.818496585
  outer loop
   vertex 25902.0059 16448.7363 50200.9297
   vertex 25854.4941 16415.584 50218.0078
   vertex 25675.6641 16379.9033 50220.7266
  endloop
 endfacet
facet normal -0.100153521 -0.287638545 -0.952487946
  outer loop
   vertex 25675.6641 16379.9033 50220.7266
   vertex 25609.0078 16590.875 50164.0234
   vertex 25894.2539 16523.248 50154.4531
  endloop
 endfacet
facet normal 0.0841513649 -0.52102381 -0.849383771
  outer loop
   vertex 25675.6641 16379.9033 50220.7266
   vertex 25894.2539 16523.248 50154.4531
   vertex 25902.0059 16448.7363 50200.9297
  endloop
 endfacet
facet normal -0.383893222 0.581188858 -0.71752733
  outer loop
   vertex 25096.0684 16436.5059 50227.9258
   vertex 24992.6504 16313.2217 50183.3984
   vertex 24849.9688 16331.8848 50274.8516
  endloop
 endfacet
facet normal -0.593620896 0.725286961 -0.348673284
  outer loop
   vertex 26190.3809 17244.0156 50030.9258
   vertex 26149.9199 17153.2676 49911.0469
   vertex 26047.0527 17088.4824 49951.418
  endloop
 endfacet
facet normal -0.670032382 0.682977974 -0.290856898
  outer loop
   vertex 26190.3809 17244.0156 50030.9258
   vertex 26258.7754 17266.2598 49925.6055
   vertex 26149.9199 17153.2676 49911.0469
  endloop
 endfacet
facet normal -0.404829234 0.676181734 -0.615541697
  outer loop
   vertex 24961.2988 16486.6562 50371.6484
   vertex 25096.0684 16436.5059 50227.9258
   vertex 24849.9688 16331.8848 50274.8516
  endloop
 endfacet
facet normal -0.672091782 0.739536345 -0.0371299312
  outer loop
   vertex 24870.5059 16537.4453 50562.6211
   vertex 24924.1758 16582.9863 50498.1914
   vertex 24868.373 16532.8789 50510.3086
  endloop
 endfacet
facet normal -0.898455441 0.439061493 -0.00167156698
  outer loop
   vertex 24822.3457 16438.7441 50522.7969
   vertex 24870.5059 16537.4453 50562.6211
   vertex 24868.373 16532.8789 50510.3086
  endloop
 endfacet
facet normal -0.905358791 0.421740115 0.0496060215
  outer loop
   vertex 24814.8359 16402.9746 50689.8164
   vertex 24870.5059 16537.4453 50562.6211
   vertex 24822.3457 16438.7441 50522.7969
  endloop
 endfacet
facet normal -0.618704557 0.554448426 -0.556589305
  outer loop
   vertex 24919.1934 16546.9316 50467.8125
   vertex 24868.373 16532.8789 50510.3086
   vertex 24924.1758 16582.9863 50498.1914
  endloop
 endfacet
facet normal -0.277943313 0.481464952 -0.831227422
  outer loop
   vertex 25300.5508 16499.0391 50195.7695
   vertex 25219.6445 16432.7148 50184.4062
   vertex 25096.0684 16436.5059 50227.9258
  endloop
 endfacet
facet normal -0.52303648 0.827678919 -0.203421861
  outer loop
   vertex 24619.1387 16214.4619 50359.9336
   vertex 24682.623 16231.6045 50266.457
   vertex 24595.6875 16188.3398 50313.9492
  endloop
 endfacet
facet normal -0.589716852 0.793552518 -0.150028035
  outer loop
   vertex 24619.1387 16214.4619 50359.9336
   vertex 24595.6875 16188.3398 50313.9492
   vertex 24581.1074 16186.0156 50358.9609
  endloop
 endfacet
facet normal -0.336100459 0.620227873 -0.708769262
  outer loop
   vertex 24849.9688 16331.8848 50274.8516
   vertex 24834.3262 16172.7949 50143.0547
   vertex 24682.623 16231.6045 50266.457
  endloop
 endfacet
facet normal -0.367159665 0.614549339 -0.698228419
  outer loop
   vertex 24849.9688 16331.8848 50274.8516
   vertex 24992.6504 16313.2217 50183.3984
   vertex 24834.3262 16172.7949 50143.0547
  endloop
 endfacet
facet normal -0.6160537 0.549132466 -0.564740121
  outer loop
   vertex 26479.8086 17226.5215 49475.2617
   vertex 26465.5078 17118.9258 49386.2422
   vertex 26387.7734 17126.6387 49478.5391
  endloop
 endfacet
facet normal -0.600927651 0.752266228 -0.27015084
  outer loop
   vertex 24619.1387 16214.4619 50359.9336
   vertex 24702.084 16279.0234 50355.207
   vertex 24682.623 16231.6045 50266.457
  endloop
 endfacet
facet normal -0.472434878 0.816239059 -0.332504302
  outer loop
   vertex 24849.9688 16331.8848 50274.8516
   vertex 24682.623 16231.6045 50266.457
   vertex 24702.084 16279.0234 50355.207
  endloop
 endfacet
facet normal -0.712891757 0.520276308 -0.470210493
  outer loop
   vertex 24587.082 16123.1328 50255.8984
   vertex 24660.6816 16176.4668 50203.3242
   vertex 24652.8164 16108.0723 50139.5703
  endloop
 endfacet
facet normal -0.678365827 0.25800249 -0.687934995
  outer loop
   vertex 24587.082 16123.1328 50255.8984
   vertex 24615.1797 16191.5654 50253.8555
   vertex 24660.6816 16176.4668 50203.3242
  endloop
 endfacet
facet normal -0.194081575 0.771290421 -0.606171131
  outer loop
   vertex 24682.623 16231.6045 50266.457
   vertex 24834.3262 16172.7949 50143.0547
   vertex 24660.6816 16176.4668 50203.3242
  endloop
 endfacet
facet normal -0.350964785 0.762302816 -0.543799698
  outer loop
   vertex 24615.1797 16191.5654 50253.8555
   vertex 24682.623 16231.6045 50266.457
   vertex 24660.6816 16176.4668 50203.3242
  endloop
 endfacet
facet normal -0.491509944 0.86349839 -0.113086157
  outer loop
   vertex 24595.6875 16188.3398 50313.9492
   vertex 24682.623 16231.6045 50266.457
   vertex 24615.1797 16191.5654 50253.8555
  endloop
 endfacet
facet normal -0.476624846 0.458071262 -0.750332892
  outer loop
   vertex 26047.0527 17088.4824 49951.418
   vertex 25989.7109 16984.9297 49924.6211
   vertex 25957.7383 17015.4238 49963.5508
  endloop
 endfacet
facet normal -0.668024242 0.681941211 -0.297825068
  outer loop
   vertex 26212.4375 17194.4121 49865.0273
   vertex 26149.9199 17153.2676 49911.0469
   vertex 26258.7754 17266.2598 49925.6055
  endloop
 endfacet
facet normal -0.719365001 0.656157196 -0.227973074
  outer loop
   vertex 26212.4375 17194.4121 49865.0273
   vertex 26258.7754 17266.2598 49925.6055
   vertex 26266.0078 17254.2305 49868.1562
  endloop
 endfacet
facet normal 0.0107992319 0.0265263449 -0.999589801
  outer loop
   vertex 25368.3711 16422.8809 50176.7812
   vertex 25297.9043 16275.0537 50172.0938
   vertex 25164.6035 16356.373 50172.8125
  endloop
 endfacet
facet normal 0.0839989707 0.146394968 -0.98565346
  outer loop
   vertex 25297.9043 16275.0537 50172.0938
   vertex 25072.4238 16236.6035 50147.168
   vertex 25164.6035 16356.373 50172.8125
  endloop
 endfacet
facet normal -0.301295042 0.351833552 -0.886247396
  outer loop
   vertex 25219.6445 16432.7148 50184.4062
   vertex 25164.6035 16356.373 50172.8125
   vertex 25096.0684 16436.5059 50227.9258
  endloop
 endfacet
facet normal -0.664720416 0.673465788 -0.3234047
  outer loop
   vertex 25921.8164 17145.6992 50178.1719
   vertex 25644.627 16893 50221.6719
   vertex 25867.959 17134.793 50266.1602
  endloop
 endfacet
facet normal -0.767931998 0.226451516 0.599166214
  outer loop
   vertex 25017.7109 16367.1543 51041.7148
   vertex 25090.3691 16472.4688 51095.0352
   vertex 25028.2188 16504.6426 51003.2188
  endloop
 endfacet
facet normal -0.887803674 0.334541738 0.316048145
  outer loop
   vertex 25148.041 16678.2168 51039.25
   vertex 25090.3691 16472.4688 51095.0352
   vertex 25174.2598 16608.6445 51186.5469
  endloop
 endfacet
facet normal -0.39517808 0.584363043 0.708769441
  outer loop
   vertex 25011.1094 16642.168 50820.0859
   vertex 24914.1582 16577.0508 50819.7188
   vertex 24941.7988 16496.3262 50901.6836
  endloop
 endfacet
facet normal -0.56257695 0.486273825 0.668614209
  outer loop
   vertex 24875.7754 16509.9707 50836.2109
   vertex 24941.7988 16496.3262 50901.6836
   vertex 24914.1582 16577.0508 50819.7188
  endloop
 endfacet
facet normal -0.652401745 0.561221421 0.509315729
  outer loop
   vertex 25086.0254 16662.1953 50903.6562
   vertex 24941.7988 16496.3262 50901.6836
   vertex 25028.2188 16504.6426 51003.2188
  endloop
 endfacet
facet normal -0.671459377 0.578339338 0.463320524
  outer loop
   vertex 25086.0254 16662.1953 50903.6562
   vertex 25011.1094 16642.168 50820.0859
   vertex 24941.7988 16496.3262 50901.6836
  endloop
 endfacet
facet normal -0.504671156 0.855354965 -0.116939902
  outer loop
   vertex 25679.3809 17114.9258 50623.4141
   vertex 25808.7207 17185.0801 50578.375
   vertex 25745.793 17138.2305 50507.2578
  endloop
 endfacet
facet normal -0.530337989 0.836918056 -0.135313779
  outer loop
   vertex 25458.8008 16968.1152 50579.918
   vertex 25679.3809 17114.9258 50623.4141
   vertex 25745.793 17138.2305 50507.2578
  endloop
 endfacet
facet normal -0.548318744 0.218662828 -0.807175994
  outer loop
   vertex 25609.0078 16590.875 50164.0234
   vertex 25644.627 16893 50221.6719
   vertex 25864.168 16792.0508 50045.1914
  endloop
 endfacet
facet normal -0.184782565 -0.315438479 -0.930781364
  outer loop
   vertex 25923.6699 16633.8809 50086.9805
   vertex 25609.0078 16590.875 50164.0234
   vertex 25864.168 16792.0508 50045.1914
  endloop
 endfacet
facet normal 0.268453181 -0.857011795 -0.439845026
  outer loop
   vertex 26383.123 16606.3223 50189.3047
   vertex 26280.4727 16539.7988 50256.2656
   vertex 26105.8496 16520.0332 50188.2031
  endloop
 endfacet
facet normal 0.208971232 -0.827127278 -0.521719694
  outer loop
   vertex 25675.6641 16379.9033 50220.7266
   vertex 25999.9297 16440.6836 50254.25
   vertex 25948.3574 16338.2822 50395.9375
  endloop
 endfacet
facet normal 0.193241701 -0.9760952 -0.0994774476
  outer loop
   vertex 25854.4941 16415.584 50218.0078
   vertex 25999.9297 16440.6836 50254.25
   vertex 25675.6641 16379.9033 50220.7266
  endloop
 endfacet
facet normal -0.500702024 0.858493865 0.110841088
  outer loop
   vertex 25594.6211 17026.2637 51309.2422
   vertex 25790.377 17150.1953 51233.6523
   vertex 25655.8652 17084.4473 51135.2539
  endloop
 endfacet
facet normal -0.495413095 0.847491741 0.190587476
  outer loop
   vertex 25649.9219 17088.1758 50926.1016
   vertex 25437.6719 16972.4961 50888.7812
   vertex 25330.6914 16869.1523 51070.2344
  endloop
 endfacet
facet normal -0.620188355 0.72918117 -0.289242476
  outer loop
   vertex 25976.6816 17210.8027 50224.6602
   vertex 25921.8164 17145.6992 50178.1719
   vertex 25867.959 17134.793 50266.1602
  endloop
 endfacet
facet normal -0.144355312 -0.486962497 -0.861411095
  outer loop
   vertex 25609.0078 16590.875 50164.0234
   vertex 25923.6699 16633.8809 50086.9805
   vertex 25894.2539 16523.248 50154.4531
  endloop
 endfacet
facet normal 0.186493739 -0.878284812 -0.44026801
  outer loop
   vertex 26383.123 16606.3223 50189.3047
   vertex 26178.8164 16607.3887 50100.6328
   vertex 26486.8477 16667.6719 50110.8555
  endloop
 endfacet
facet normal 0.326006532 -0.904166937 -0.276046932
  outer loop
   vertex 26383.123 16606.3223 50189.3047
   vertex 26486.8477 16667.6719 50110.8555
   vertex 26545.0293 16666.7812 50182.4805
  endloop
 endfacet
facet normal -0.488919526 0.871047497 -0.0472642556
  outer loop
   vertex 25679.3809 17114.9258 50623.4141
   vertex 25788.5957 17176.0742 50620.5703
   vertex 25808.7207 17185.0801 50578.375
  endloop
 endfacet
facet normal -0.58576417 0.807416141 -0.0704241842
  outer loop
   vertex 25649.9219 17088.1758 50926.1016
   vertex 25330.6914 16869.1523 51070.2344
   vertex 25495.9785 16992.6797 51111.6875
  endloop
 endfacet
facet normal -0.728925824 -0.446594 -0.518865049
  outer loop
   vertex 26201.7188 16741.6797 49757.5156
   vertex 26168.0645 16808.4941 49747.2852
   vertex 26208.1777 16772.8574 49721.6055
  endloop
 endfacet
facet normal -0.544140816 -0.582608879 -0.603719831
  outer loop
   vertex 26259.4336 16715.4863 49730.7734
   vertex 26201.7188 16741.6797 49757.5156
   vertex 26208.1777 16772.8574 49721.6055
  endloop
 endfacet
facet normal -0.666003644 0.260206342 -0.69909358
  outer loop
   vertex 25890.8965 16947.8125 50005.3594
   vertex 25795.7246 16902.9688 50079.3359
   vertex 25823.5859 16979.4805 50081.2734
  endloop
 endfacet
facet normal -0.586141944 0.693271637 -0.419299453
  outer loop
   vertex 25867.668 17061.457 50114.582
   vertex 25921.8164 17145.6992 50178.1719
   vertex 26022.8887 17184.9258 50101.7383
  endloop
 endfacet
facet normal -0.702041924 0.44398275 -0.556791246
  outer loop
   vertex 26149.9199 17153.2676 49911.0469
   vertex 26212.4375 17194.4121 49865.0273
   vertex 26154.5098 17055.9414 49827.6484
  endloop
 endfacet
facet normal -0.678439975 0.442177773 -0.586683929
  outer loop
   vertex 26154.5098 17055.9414 49827.6484
   vertex 26212.4375 17194.4121 49865.0273
   vertex 26261.6797 17187.957 49803.2188
  endloop
 endfacet
facet normal -0.701295257 0.470134765 -0.535871506
  outer loop
   vertex 26196.8281 17024.75 49744.9023
   vertex 26154.5098 17055.9414 49827.6484
   vertex 26261.6797 17187.957 49803.2188
  endloop
 endfacet
facet normal -0.592465818 0.0427698903 -0.804459453
  outer loop
   vertex 25952.2871 16899.5371 49947.6445
   vertex 25989.7109 16984.9297 49924.6211
   vertex 26024.2148 16920.1523 49895.7656
  endloop
 endfacet
facet normal -0.433186173 -0.0527299829 -0.899760664
  outer loop
   vertex 25952.2871 16899.5371 49947.6445
   vertex 25938.1836 16962.2031 49950.7617
   vertex 25989.7109 16984.9297 49924.6211
  endloop
 endfacet
facet normal -0.666623831 -0.189408898 -0.720927835
  outer loop
   vertex 25644.627 16893 50221.6719
   vertex 25795.7246 16902.9688 50079.3359
   vertex 25864.168 16792.0508 50045.1914
  endloop
 endfacet
facet normal -0.477887303 0.132286787 -0.868403077
  outer loop
   vertex 26024.2148 16920.1523 49895.7656
   vertex 25989.7109 16984.9297 49924.6211
   vertex 26068.9258 17019.7812 49886.3398
  endloop
 endfacet
facet normal -0.561742246 0.175589502 -0.808463991
  outer loop
   vertex 26094.6797 16906.8691 49843.9219
   vertex 26024.2148 16920.1523 49895.7656
   vertex 26068.9258 17019.7812 49886.3398
  endloop
 endfacet
facet normal -0.731936336 -0.131473556 -0.668568552
  outer loop
   vertex 25938.1836 16962.2031 49950.7617
   vertex 25952.2871 16899.5371 49947.6445
   vertex 25890.8965 16947.8125 50005.3594
  endloop
 endfacet
facet normal -0.602698982 0.156484291 -0.782474697
  outer loop
   vertex 26154.5098 17055.9414 49827.6484
   vertex 26094.6797 16906.8691 49843.9219
   vertex 26068.9258 17019.7812 49886.3398
  endloop
 endfacet
facet normal -0.747130215 0.231867716 -0.622923553
  outer loop
   vertex 26154.5098 17055.9414 49827.6484
   vertex 26151.9453 16885.2676 49767.1992
   vertex 26094.6797 16906.8691 49843.9219
  endloop
 endfacet
facet normal -0.842938602 0.190841153 -0.503024995
  outer loop
   vertex 26196.8281 17024.75 49744.9023
   vertex 26151.9453 16885.2676 49767.1992
   vertex 26154.5098 17055.9414 49827.6484
  endloop
 endfacet
facet normal -0.661940813 0.558888972 -0.499477208
  outer loop
   vertex 25867.668 17061.457 50114.582
   vertex 25823.5859 16979.4805 50081.2734
   vertex 25644.627 16893 50221.6719
  endloop
 endfacet
facet normal -0.670860648 0.261841625 -0.693819106
  outer loop
   vertex 25795.7246 16902.9688 50079.3359
   vertex 25644.627 16893 50221.6719
   vertex 25823.5859 16979.4805 50081.2734
  endloop
 endfacet
facet normal -0.40321508 0.90198952 -0.154377699
  outer loop
   vertex 25865.7871 17206.2148 50475.8203
   vertex 25870.0488 17214.6719 50514.0977
   vertex 25979.0469 17257.582 50480.125
  endloop
 endfacet
facet normal -0.516027033 0.828925133 -0.215868577
  outer loop
   vertex 25867.959 17134.793 50266.1602
   vertex 25700.9785 17064.9199 50397.0039
   vertex 25988.4844 17231.3984 50349.0039
  endloop
 endfacet
facet normal -0.541507661 0.784706891 -0.301669598
  outer loop
   vertex 25700.9785 17064.9199 50397.0039
   vertex 25458.8008 16968.1152 50579.918
   vertex 25745.793 17138.2305 50507.2578
  endloop
 endfacet
facet normal -0.537493289 0.7906515 -0.29320845
  outer loop
   vertex 25373.6152 16868.7793 50468.207
   vertex 25458.8008 16968.1152 50579.918
   vertex 25700.9785 17064.9199 50397.0039
  endloop
 endfacet
facet normal -0.414851844 0.909594238 0.0231563542
  outer loop
   vertex 25636.5488 17101.4375 50699.5508
   vertex 25562.7734 17067.1406 50725.0469
   vertex 25616.2031 17090.6348 50759.3906
  endloop
 endfacet
facet normal -0.51433444 0.847678781 -0.130002752
  outer loop
   vertex 25745.793 17138.2305 50507.2578
   vertex 25870.0488 17214.6719 50514.0977
   vertex 25865.7871 17206.2148 50475.8203
  endloop
 endfacet
facet normal -0.517149687 0.849769175 -0.102217883
  outer loop
   vertex 25745.793 17138.2305 50507.2578
   vertex 25808.7207 17185.0801 50578.375
   vertex 25870.0488 17214.6719 50514.0977
  endloop
 endfacet
facet normal -0.334204823 0.936744034 0.104008354
  outer loop
   vertex 25900.7754 17231.7598 50564.2461
   vertex 25900.457 17218.1719 50685.5977
   vertex 26001.1035 17268.4023 50556.6016
  endloop
 endfacet
facet normal -0.302469999 0.944029629 0.131605178
  outer loop
   vertex 26122.0215 17300.8867 50601.5
   vertex 26001.1035 17268.4023 50556.6016
   vertex 25900.457 17218.1719 50685.5977
  endloop
 endfacet
facet normal -0.564988256 0.815039873 -0.128445834
  outer loop
   vertex 26010.4199 17233.498 50265.832
   vertex 25867.959 17134.793 50266.1602
   vertex 25988.4844 17231.3984 50349.0039
  endloop
 endfacet
facet normal -0.56943208 0.821926296 0.0135751376
  outer loop
   vertex 26010.4199 17233.498 50265.832
   vertex 25976.6816 17210.8027 50224.6602
   vertex 25867.959 17134.793 50266.1602
  endloop
 endfacet
facet normal -0.532853484 0.7883237 -0.307592124
  outer loop
   vertex 25745.793 17138.2305 50507.2578
   vertex 25879.25 17198.9043 50431.5664
   vertex 25700.9785 17064.9199 50397.0039
  endloop
 endfacet
facet normal -0.528253376 0.797149062 -0.292406827
  outer loop
   vertex 25865.7871 17206.2148 50475.8203
   vertex 25879.25 17198.9043 50431.5664
   vertex 25745.793 17138.2305 50507.2578
  endloop
 endfacet
facet normal -0.510963976 0.775507569 -0.370815098
  outer loop
   vertex 25700.9785 17064.9199 50397.0039
   vertex 25879.25 17198.9043 50431.5664
   vertex 25988.4844 17231.3984 50349.0039
  endloop
 endfacet
facet normal -0.504905522 0.861027062 -0.0608505532
  outer loop
   vertex 26052.875 17256.4512 50238.3789
   vertex 25976.6816 17210.8027 50224.6602
   vertex 26010.4199 17233.498 50265.832
  endloop
 endfacet
facet normal -0.437761515 0.897066653 0.0603011772
  outer loop
   vertex 25776.3457 17134.3047 51517.1992
   vertex 25914.2891 17203.1602 51494.2656
   vertex 25898.1465 17206.0371 51334.2852
  endloop
 endfacet
facet normal -0.267893583 0.962427795 0.0443370603
  outer loop
   vertex 25898.1465 17206.0371 51334.2852
   vertex 25914.2891 17203.1602 51494.2656
   vertex 25992.8066 17229.9785 51386.5547
  endloop
 endfacet
facet normal -0.399558693 0.914662898 0.0611936748
  outer loop
   vertex 25950.4824 17211.1562 51050.4062
   vertex 26000.9473 17245.4082 50867.9414
   vertex 25649.9219 17088.1758 50926.1016
  endloop
 endfacet
facet normal -0.495413452 0.847489595 0.190596089
  outer loop
   vertex 25649.9219 17088.1758 50926.1016
   vertex 25532.9668 17043.2949 50821.6719
   vertex 25437.6719 16972.4961 50888.7812
  endloop
 endfacet
facet normal -0.433727473 0.895373046 0.100933395
  outer loop
   vertex 25649.9219 17088.1758 50926.1016
   vertex 25616.2031 17090.6348 50759.3906
   vertex 25532.9668 17043.2949 50821.6719
  endloop
 endfacet
facet normal -0.52759856 0.849297643 -0.0182541627
  outer loop
   vertex 25693.4551 17080.9219 51429.3125
   vertex 25776.3457 17134.3047 51517.1992
   vertex 25898.1465 17206.0371 51334.2852
  endloop
 endfacet
facet normal -0.52263087 0.851495266 0.0425765924
  outer loop
   vertex 25594.6211 17026.2637 51309.2422
   vertex 25693.4551 17080.9219 51429.3125
   vertex 25790.377 17150.1953 51233.6523
  endloop
 endfacet
facet normal -0.504551411 0.856496632 0.108818188
  outer loop
   vertex 25506.5312 16985.0391 51225.2695
   vertex 25594.6211 17026.2637 51309.2422
   vertex 25655.8652 17084.4473 51135.2539
  endloop
 endfacet
facet normal -0.506608963 0.855802655 0.104638457
  outer loop
   vertex 25495.9785 16992.6797 51111.6875
   vertex 25506.5312 16985.0391 51225.2695
   vertex 25655.8652 17084.4473 51135.2539
  endloop
 endfacet
facet normal -0.500850558 0.86502558 0.0296548922
  outer loop
   vertex 25649.9219 17088.1758 50926.1016
   vertex 25495.9785 16992.6797 51111.6875
   vertex 25655.8652 17084.4473 51135.2539
  endloop
 endfacet
facet normal -0.399605364 0.915604413 -0.0445433483
  outer loop
   vertex 25991.0449 17235.9668 51196.5039
   vertex 25950.4824 17211.1562 51050.4062
   vertex 25790.377 17150.1953 51233.6523
  endloop
 endfacet
facet normal -0.407266855 0.911798835 -0.0525032356
  outer loop
   vertex 25655.8652 17084.4473 51135.2539
   vertex 25790.377 17150.1953 51233.6523
   vertex 25950.4824 17211.1562 51050.4062
  endloop
 endfacet
facet normal -0.388256967 0.921142042 0.0274561979
  outer loop
   vertex 25655.8652 17084.4473 51135.2539
   vertex 25950.4824 17211.1562 51050.4062
   vertex 25649.9219 17088.1758 50926.1016
  endloop
 endfacet
facet normal -0.403504014 0.911983609 -0.0739619359
  outer loop
   vertex 25991.0449 17235.9668 51196.5039
   vertex 25790.377 17150.1953 51233.6523
   vertex 25898.1465 17206.0371 51334.2852
  endloop
 endfacet
facet normal -0.620814919 0.740371108 -0.257758528
  outer loop
   vertex 25980.1387 17246.418 51252.793
   vertex 25991.0449 17235.9668 51196.5039
   vertex 25898.1465 17206.0371 51334.2852
  endloop
 endfacet
facet normal -0.501104653 0.863475502 0.0574815758
  outer loop
   vertex 25790.377 17150.1953 51233.6523
   vertex 25693.4551 17080.9219 51429.3125
   vertex 25898.1465 17206.0371 51334.2852
  endloop
 endfacet
facet normal 0.078717038 0.975273728 0.206506014
  outer loop
   vertex 26132.9375 17216.6562 51385.6172
   vertex 26062.9883 17249.8867 51255.3438
   vertex 26010.7559 17241.3008 51315.8008
  endloop
 endfacet
facet normal -0.417767912 0.908070505 0.0296300966
  outer loop
   vertex 25983.8691 17247.3652 51276.3867
   vertex 25980.1387 17246.418 51252.793
   vertex 25898.1465 17206.0371 51334.2852
  endloop
 endfacet
facet normal 0.00756960222 0.989107013 0.147003502
  outer loop
   vertex 25983.8691 17247.3652 51276.3867
   vertex 26010.7559 17241.3008 51315.8008
   vertex 26062.9883 17249.8867 51255.3438
  endloop
 endfacet
facet normal -0.285842746 0.954907417 0.080285117
  outer loop
   vertex 25898.1465 17206.0371 51334.2852
   vertex 25992.8066 17229.9785 51386.5547
   vertex 26010.7559 17241.3008 51315.8008
  endloop
 endfacet
facet normal -0.238723397 0.922048748 0.30469197
  outer loop
   vertex 25983.8691 17247.3652 51276.3867
   vertex 25898.1465 17206.0371 51334.2852
   vertex 26010.7559 17241.3008 51315.8008
  endloop
 endfacet
facet normal -0.750799775 0.477446705 -0.456447542
  outer loop
   vertex 26465.5078 17118.9258 49386.2422
   vertex 26479.8086 17226.5215 49475.2617
   vertex 26538.6953 17259.6855 49413.0938
  endloop
 endfacet
facet normal -0.00908649061 0.954606295 0.297731936
  outer loop
   vertex 26406.5898 17347.3516 50088.5859
   vertex 26316.6992 17327.3047 50150.1172
   vertex 26568.0859 17326.2383 50161.2109
  endloop
 endfacet
facet normal -0.178366259 0.764867067 0.619002283
  outer loop
   vertex 26406.5898 17347.3516 50088.5859
   vertex 26568.0859 17326.2383 50161.2109
   vertex 26532.7305 17390.875 50071.1562
  endloop
 endfacet
facet normal -0.409346431 0.865733624 -0.287994325
  outer loop
   vertex 26155.6914 17300.7559 50189.5547
   vertex 26223.7168 17326.3691 50169.8594
   vertex 26160.6875 17283.8555 50131.6484
  endloop
 endfacet
facet normal -0.487615705 0.740807474 -0.461990505
  outer loop
   vertex 25921.8164 17145.6992 50178.1719
   vertex 25976.6816 17210.8027 50224.6602
   vertex 26054.9805 17250.8418 50206.2188
  endloop
 endfacet
facet normal -0.481230855 0.857670844 -0.181156322
  outer loop
   vertex 25976.6816 17210.8027 50224.6602
   vertex 26052.875 17256.4512 50238.3789
   vertex 26054.9805 17250.8418 50206.2188
  endloop
 endfacet
facet normal 0.272269011 0.794600248 0.542660117
  outer loop
   vertex 26956.2227 17359.7617 49993.543
   vertex 26997.5293 17304.5176 50053.7109
   vertex 27007.6738 17304.9043 50048.0547
  endloop
 endfacet
facet normal -0.725319326 -0.544307947 -0.421474457
  outer loop
   vertex 26301 16844.3555 49543.8359
   vertex 26335.3574 16825.5039 49509.0547
   vertex 26359.3066 16736.1582 49583.2227
  endloop
 endfacet
facet normal -0.449680597 0.837154746 -0.31138292
  outer loop
   vertex 26436.1543 17300.9805 49746.5195
   vertex 26493.4023 17396.8477 49921.5859
   vertex 26603.2617 17436.7148 49870.1133
  endloop
 endfacet
facet normal 0.595598578 0.773601055 0.216341719
  outer loop
   vertex 27018.3203 17299.7188 50037.2891
   vertex 26956.2227 17359.7617 49993.543
   vertex 27007.6738 17304.9043 50048.0547
  endloop
 endfacet
facet normal 0.27975291 0.623608708 0.729966044
  outer loop
   vertex 26700.6777 17405.4004 50042.7695
   vertex 26568.0859 17326.2383 50161.2109
   vertex 26852.8672 17260.6699 50108.0859
  endloop
 endfacet
facet normal -0.742012024 0.401608437 -0.536776304
  outer loop
   vertex 25938.1836 16962.2031 49950.7617
   vertex 25890.8965 16947.8125 50005.3594
   vertex 25957.7383 17015.4238 49963.5508
  endloop
 endfacet
facet normal 0.150775686 0.974522412 0.166050538
  outer loop
   vertex 26687.293 17459.832 49960.8672
   vertex 26781.4355 17446.1191 49955.8711
   vertex 26716.5195 17467.2344 49890.8906
  endloop
 endfacet
facet normal -0.259153664 0.965816975 -0.00607717549
  outer loop
   vertex 26603.2617 17436.7148 49870.1133
   vertex 26687.293 17459.832 49960.8672
   vertex 26716.5195 17467.2344 49890.8906
  endloop
 endfacet
facet normal 0.340913624 -0.929107666 -0.143306747
  outer loop
   vertex 26383.123 16606.3223 50189.3047
   vertex 26545.0293 16666.7812 50182.4805
   vertex 26545.6953 16659.3164 50232.4609
  endloop
 endfacet
facet normal -0.242558792 0.965384781 -0.0959031656
  outer loop
   vertex 26603.2617 17436.7148 49870.1133
   vertex 26716.5195 17467.2344 49890.8906
   vertex 26680.5586 17447.6113 49784.3125
  endloop
 endfacet
facet normal -0.324152082 0.929880142 -0.173920393
  outer loop
   vertex 26595.0488 17410.3496 49744.457
   vertex 26603.2617 17436.7148 49870.1133
   vertex 26680.5586 17447.6113 49784.3125
  endloop
 endfacet
facet normal -0.637695491 0.70027715 -0.320868164
  outer loop
   vertex 26436.1543 17300.9805 49746.5195
   vertex 26403.0449 17192.0996 49574.6953
   vertex 26331.8066 17164.3496 49655.7109
  endloop
 endfacet
facet normal 0.149721533 0.834555387 0.530189395
  outer loop
   vertex 26781.4355 17446.1191 49955.8711
   vertex 26687.293 17459.832 49960.8672
   vertex 26700.6777 17405.4004 50042.7695
  endloop
 endfacet
facet normal 0.445831746 -0.869753659 -0.211571768
  outer loop
   vertex 26655.3711 16733.6191 50112.2344
   vertex 26593.9336 16721.7207 50031.6836
   vertex 26707.0449 16768.9277 50075.9805
  endloop
 endfacet
facet normal -0.717861652 0.457487136 -0.524766743
  outer loop
   vertex 26272.7285 17019.2695 49613.3438
   vertex 26223.3145 17008.9883 49671.9805
   vertex 26264.9355 17108.0742 49701.4258
  endloop
 endfacet
facet normal -0.741926849 0.447837323 -0.498985231
  outer loop
   vertex 26403.0449 17192.0996 49574.6953
   vertex 26272.7285 17019.2695 49613.3438
   vertex 26331.8066 17164.3496 49655.7109
  endloop
 endfacet
facet normal -0.419096142 0.847081542 -0.326819986
  outer loop
   vertex 26493.4023 17396.8477 49921.5859
   vertex 26436.1543 17300.9805 49746.5195
   vertex 26350.0059 17309.7129 49879.625
  endloop
 endfacet
facet normal -0.762470305 0.499299258 -0.41150859
  outer loop
   vertex 25964.7793 17079.8848 50028.7148
   vertex 25957.7383 17015.4238 49963.5508
   vertex 25890.8965 16947.8125 50005.3594
  endloop
 endfacet
facet normal -0.477508008 0.66410166 -0.575286925
  outer loop
   vertex 25964.7793 17079.8848 50028.7148
   vertex 26022.8887 17184.9258 50101.7383
   vertex 26190.3809 17244.0156 50030.9258
  endloop
 endfacet
facet normal -0.419865638 0.86085391 -0.287477583
  outer loop
   vertex 26155.6914 17300.7559 50189.5547
   vertex 26160.6875 17283.8555 50131.6484
   vertex 26059.7734 17243.0918 50156.9688
  endloop
 endfacet
facet normal -0.571639776 0.442013085 -0.691268682
  outer loop
   vertex 25823.5859 16979.4805 50081.2734
   vertex 25964.7793 17079.8848 50028.7148
   vertex 25890.8965 16947.8125 50005.3594
  endloop
 endfacet
facet normal -0.60701257 0.556795835 -0.567022204
  outer loop
   vertex 25823.5859 16979.4805 50081.2734
   vertex 25867.668 17061.457 50114.582
   vertex 25964.7793 17079.8848 50028.7148
  endloop
 endfacet
facet normal -0.585614145 0.79005301 -0.181307107
  outer loop
   vertex 25921.8164 17145.6992 50178.1719
   vertex 26054.9805 17250.8418 50206.2188
   vertex 26059.7734 17243.0918 50156.9688
  endloop
 endfacet
facet normal -0.460646093 0.868820429 -0.181538448
  outer loop
   vertex 26054.9805 17250.8418 50206.2188
   vertex 26155.6914 17300.7559 50189.5547
   vertex 26059.7734 17243.0918 50156.9688
  endloop
 endfacet
facet normal -0.429232091 0.750015676 -0.503225863
  outer loop
   vertex 26022.8887 17184.9258 50101.7383
   vertex 26059.7734 17243.0918 50156.9688
   vertex 26160.6875 17283.8555 50131.6484
  endloop
 endfacet
facet normal -0.458521158 0.771841943 -0.440475106
  outer loop
   vertex 26022.8887 17184.9258 50101.7383
   vertex 26160.6875 17283.8555 50131.6484
   vertex 26190.3809 17244.0156 50030.9258
  endloop
 endfacet
facet normal -0.350805014 0.66698724 -0.657315612
  outer loop
   vertex 26266.0078 17254.2305 49868.1562
   vertex 26350.0059 17309.7129 49879.625
   vertex 26261.6797 17187.957 49803.2188
  endloop
 endfacet
facet normal -0.624174774 0.491175115 -0.607579529
  outer loop
   vertex 26154.5098 17055.9414 49827.6484
   vertex 26068.9258 17019.7812 49886.3398
   vertex 26149.9199 17153.2676 49911.0469
  endloop
 endfacet
facet normal -0.708127141 0.676104248 -0.203565821
  outer loop
   vertex 26436.1543 17300.9805 49746.5195
   vertex 26331.8066 17164.3496 49655.7109
   vertex 26264.9355 17108.0742 49701.4258
  endloop
 endfacet
facet normal -0.577587187 0.633119047 -0.515318692
  outer loop
   vertex 26261.6797 17187.957 49803.2188
   vertex 26436.1543 17300.9805 49746.5195
   vertex 26264.9355 17108.0742 49701.4258
  endloop
 endfacet
facet normal -0.805940747 0.473007619 -0.355982155
  outer loop
   vertex 26208.6309 17009.918 49698.4727
   vertex 26196.8281 17024.75 49744.9023
   vertex 26264.9355 17108.0742 49701.4258
  endloop
 endfacet
facet normal -0.483216584 0.863829672 -0.142478079
  outer loop
   vertex 26399.9648 17356.8809 49996.168
   vertex 26493.4023 17396.8477 49921.5859
   vertex 26350.0059 17309.7129 49879.625
  endloop
 endfacet
facet normal -0.483234912 0.863821268 -0.142466828
  outer loop
   vertex 26258.7754 17266.2598 49925.6055
   vertex 26399.9648 17356.8809 49996.168
   vertex 26350.0059 17309.7129 49879.625
  endloop
 endfacet
facet normal -0.512631357 0.825154185 -0.237338692
  outer loop
   vertex 26266.0078 17254.2305 49868.1562
   vertex 26258.7754 17266.2598 49925.6055
   vertex 26350.0059 17309.7129 49879.625
  endloop
 endfacet
facet normal -0.574504673 0.612095296 -0.543400168
  outer loop
   vertex 25957.7383 17015.4238 49963.5508
   vertex 25964.7793 17079.8848 50028.7148
   vertex 26047.0527 17088.4824 49951.418
  endloop
 endfacet
facet normal -0.516294181 0.715993583 -0.46988669
  outer loop
   vertex 25964.7793 17079.8848 50028.7148
   vertex 26190.3809 17244.0156 50030.9258
   vertex 26047.0527 17088.4824 49951.418
  endloop
 endfacet
facet normal 0.00190486433 0.998599589 0.052870214
  outer loop
   vertex 26385.7656 17322.4219 50239.8633
   vertex 26568.0859 17326.2383 50161.2109
   vertex 26316.6992 17327.3047 50150.1172
  endloop
 endfacet
facet normal -0.802964866 0.456141502 -0.383643538
  outer loop
   vertex 26196.8281 17024.75 49744.9023
   vertex 26261.6797 17187.957 49803.2188
   vertex 26264.9355 17108.0742 49701.4258
  endloop
 endfacet
facet normal -0.585409224 0.690896988 -0.424213856
  outer loop
   vertex 26436.1543 17300.9805 49746.5195
   vertex 26261.6797 17187.957 49803.2188
   vertex 26350.0059 17309.7129 49879.625
  endloop
 endfacet
facet normal -0.394623935 0.69085896 -0.605793536
  outer loop
   vertex 26830.252 17303.9395 49262.7695
   vertex 26712.125 17320.1543 49358.2109
   vertex 26832.416 17419.3691 49393
  endloop
 endfacet
facet normal -0.58322382 0.802764118 -0.124176167
  outer loop
   vertex 26538.6953 17259.6855 49413.0938
   vertex 26479.8086 17226.5215 49475.2617
   vertex 26675.9199 17381.041 49553.1055
  endloop
 endfacet
facet normal -0.570395172 0.805322051 -0.161572605
  outer loop
   vertex 26479.8086 17226.5215 49475.2617
   vertex 26403.0449 17192.0996 49574.6953
   vertex 26675.9199 17381.041 49553.1055
  endloop
 endfacet
facet normal -0.481420457 0.707466543 -0.517421901
  outer loop
   vertex 26886.6719 17418.543 49341.3867
   vertex 26832.416 17419.3691 49393
   vertex 26901.4434 17444.9277 49363.7188
  endloop
 endfacet
facet normal -0.535327792 0.771252573 -0.344374269
  outer loop
   vertex 26436.1543 17300.9805 49746.5195
   vertex 26595.0488 17410.3496 49744.457
   vertex 26675.9199 17381.041 49553.1055
  endloop
 endfacet
facet normal -0.548551977 0.75001061 -0.369560331
  outer loop
   vertex 26403.0449 17192.0996 49574.6953
   vertex 26436.1543 17300.9805 49746.5195
   vertex 26675.9199 17381.041 49553.1055
  endloop
 endfacet
facet normal -0.281181633 0.92367506 -0.260309845
  outer loop
   vertex 26595.0488 17410.3496 49744.457
   vertex 26680.5586 17447.6113 49784.3125
   vertex 26675.9199 17381.041 49553.1055
  endloop
 endfacet
facet normal -0.291068137 0.522640109 -0.801328063
  outer loop
   vertex 26749.6113 17175.3008 49155.418
   vertex 26734.2207 17212.1289 49185.0312
   vertex 26797.5508 17220.6152 49167.5625
  endloop
 endfacet
facet normal -0.451236516 0.600156486 -0.660452724
  outer loop
   vertex 26830.252 17303.9395 49262.7695
   vertex 26637.4434 17140.9746 49246.4141
   vertex 26712.125 17320.1543 49358.2109
  endloop
 endfacet
facet normal -0.635316491 0.763377428 -0.116738401
  outer loop
   vertex 26830.252 17303.9395 49262.7695
   vertex 26734.2207 17212.1289 49185.0312
   vertex 26637.4434 17140.9746 49246.4141
  endloop
 endfacet
facet normal -0.542781472 0.391295403 -0.743152857
  outer loop
   vertex 26778.3477 17101.918 49122.9375
   vertex 26721.9238 17016.0078 49118.9102
   vertex 26637.4434 17140.9746 49246.4141
  endloop
 endfacet
facet normal -0.709624469 0.698835492 0.0897888839
  outer loop
   vertex 26675.9199 17381.041 49553.1055
   vertex 26588.7754 17310.0527 49416.8828
   vertex 26538.6953 17259.6855 49413.0938
  endloop
 endfacet
facet normal -0.277128279 0.763928056 -0.58276397
  outer loop
   vertex 26570.584 17251.8887 49349.2891
   vertex 26588.7754 17310.0527 49416.8828
   vertex 26624.9629 17292.8613 49377.1406
  endloop
 endfacet
facet normal -0.703036785 0.572868586 -0.421379775
  outer loop
   vertex 26538.6953 17259.6855 49413.0938
   vertex 26570.584 17251.8887 49349.2891
   vertex 26536.7695 17202.2637 49338.2383
  endloop
 endfacet
facet normal -0.635268748 0.66162467 -0.39835462
  outer loop
   vertex 26588.7754 17310.0527 49416.8828
   vertex 26570.584 17251.8887 49349.2891
   vertex 26538.6953 17259.6855 49413.0938
  endloop
 endfacet
facet normal -0.523267984 0.642014802 -0.560363829
  outer loop
   vertex 26886.6719 17418.543 49341.3867
   vertex 26830.252 17303.9395 49262.7695
   vertex 26832.416 17419.3691 49393
  endloop
 endfacet
facet normal -0.105953313 0.994093597 -0.023491051
  outer loop
   vertex 26885.668 17471.0859 49455.1445
   vertex 26832.9668 17466.627 49504.1562
   vertex 26978.2383 17482.8633 49536.0273
  endloop
 endfacet
facet normal -0.0513454452 0.898726702 -0.435492724
  outer loop
   vertex 26588.7754 17310.0527 49416.8828
   vertex 26675.9199 17381.041 49553.1055
   vertex 26624.9629 17292.8613 49377.1406
  endloop
 endfacet
facet normal -0.344178736 0.596072257 -0.725423217
  outer loop
   vertex 26624.9629 17292.8613 49377.1406
   vertex 26712.125 17320.1543 49358.2109
   vertex 26637.4434 17140.9746 49246.4141
  endloop
 endfacet
facet normal -0.0973427966 0.644628346 -0.758273482
  outer loop
   vertex 26637.4434 17140.9746 49246.4141
   vertex 26570.584 17251.8887 49349.2891
   vertex 26624.9629 17292.8613 49377.1406
  endloop
 endfacet
facet normal -0.383601904 0.212372854 -0.898747683
  outer loop
   vertex 26721.9238 17016.0078 49118.9102
   vertex 26804.8438 17032.5996 49087.4414
   vertex 26780.8828 16992.1387 49088.1055
  endloop
 endfacet
facet normal -0.0817395747 0.337726951 -0.937688172
  outer loop
   vertex 26895.1074 17165.2832 49139.1289
   vertex 26749.6113 17175.3008 49155.418
   vertex 26797.5508 17220.6152 49167.5625
  endloop
 endfacet
facet normal -0.364826471 -0.628601789 -0.686848938
  outer loop
   vertex 26637.4434 17140.9746 49246.4141
   vertex 26696.0625 17183.4004 49176.4492
   vertex 26749.6113 17175.3008 49155.418
  endloop
 endfacet
facet normal -0.232427984 0.548595071 -0.803131819
  outer loop
   vertex 26734.2207 17212.1289 49185.0312
   vertex 26749.6113 17175.3008 49155.418
   vertex 26696.0625 17183.4004 49176.4492
  endloop
 endfacet
facet normal -0.599035084 0.800553918 -0.0164413508
  outer loop
   vertex 26637.4434 17140.9746 49246.4141
   vertex 26734.2207 17212.1289 49185.0312
   vertex 26696.0625 17183.4004 49176.4492
  endloop
 endfacet
facet normal -0.426369071 0.46347028 -0.776791334
  outer loop
   vertex 26570.584 17251.8887 49349.2891
   vertex 26637.4434 17140.9746 49246.4141
   vertex 26536.7695 17202.2637 49338.2383
  endloop
 endfacet
facet normal -0.801908851 0.483813971 -0.350522816
  outer loop
   vertex 26465.5078 17118.9258 49386.2422
   vertex 26538.6953 17259.6855 49413.0938
   vertex 26536.7695 17202.2637 49338.2383
  endloop
 endfacet
facet normal -0.783207953 0.564749122 -0.260084033
  outer loop
   vertex 26387.7734 17126.6387 49478.5391
   vertex 26323.5742 17060.4023 49528.0391
   vertex 26403.0449 17192.0996 49574.6953
  endloop
 endfacet
facet normal -0.754246056 -0.351743162 -0.554427326
  outer loop
   vertex 26309.8477 16897.1602 49498.3008
   vertex 26335.3574 16825.5039 49509.0547
   vertex 26301 16844.3555 49543.8359
  endloop
 endfacet
facet normal -0.920207024 -0.155565336 -0.359191388
  outer loop
   vertex 26309.8477 16897.1602 49498.3008
   vertex 26301 16844.3555 49543.8359
   vertex 26284.8242 16942.6719 49542.6914
  endloop
 endfacet
facet normal 0.757148862 -0.24292849 -0.606392026
  outer loop
   vertex 27219.5645 17131.4961 49375.9219
   vertex 27235.6426 17082.8066 49415.5039
   vertex 27158.0215 17036.7773 49337.0234
  endloop
 endfacet
facet normal -0.802714586 0.558480144 -0.209163174
  outer loop
   vertex 26272.7285 17019.2695 49613.3438
   vertex 26403.0449 17192.0996 49574.6953
   vertex 26323.5742 17060.4023 49528.0391
  endloop
 endfacet
facet normal -0.683980048 0.4959611 -0.534970939
  outer loop
   vertex 26665.7227 16947.7754 49172.2344
   vertex 26618.2109 16914.8652 49202.4648
   vertex 26591.8633 16931.6973 49251.7617
  endloop
 endfacet
facet normal -0.739441872 0.144251078 -0.657584488
  outer loop
   vertex 26637.4434 17140.9746 49246.4141
   vertex 26665.7227 16947.7754 49172.2344
   vertex 26591.8633 16931.6973 49251.7617
  endloop
 endfacet
facet normal -0.836020291 0.377252758 -0.398434967
  outer loop
   vertex 26721.9238 17016.0078 49118.9102
   vertex 26700.1992 16966.3242 49117.4531
   vertex 26665.7227 16947.7754 49172.2344
  endloop
 endfacet
facet normal -0.761865973 0.131970286 -0.6341483
  outer loop
   vertex 26637.4434 17140.9746 49246.4141
   vertex 26721.9238 17016.0078 49118.9102
   vertex 26665.7227 16947.7754 49172.2344
  endloop
 endfacet
facet normal -0.623290539 0.152021915 -0.767071187
  outer loop
   vertex 26498.8828 17007.6816 49332.5859
   vertex 26637.4434 17140.9746 49246.4141
   vertex 26543.6426 16981.7637 49291.0781
  endloop
 endfacet
facet normal -0.634698033 0.172861978 -0.753178
  outer loop
   vertex 26498.8828 17007.6816 49332.5859
   vertex 26465.5078 17118.9258 49386.2422
   vertex 26637.4434 17140.9746 49246.4141
  endloop
 endfacet
facet normal -0.811175942 0.113583125 -0.573665798
  outer loop
   vertex 26347.4805 16998.4453 49465.1367
   vertex 26309.8477 16897.1602 49498.3008
   vertex 26284.8242 16942.6719 49542.6914
  endloop
 endfacet
facet normal -0.828572154 0.208020195 -0.519803643
  outer loop
   vertex 26347.4805 16998.4453 49465.1367
   vertex 26284.8242 16942.6719 49542.6914
   vertex 26323.5742 17060.4023 49528.0391
  endloop
 endfacet
facet normal -0.594148993 0.0566271953 -0.802359223
  outer loop
   vertex 26347.4805 16998.4453 49465.1367
   vertex 26465.5078 17118.9258 49386.2422
   vertex 26415.8594 16941.8047 49410.5078
  endloop
 endfacet
facet normal -0.719373584 0.291993141 -0.630271077
  outer loop
   vertex 26387.7734 17126.6387 49478.5391
   vertex 26465.5078 17118.9258 49386.2422
   vertex 26347.4805 16998.4453 49465.1367
  endloop
 endfacet
facet normal -0.756609857 0.298619688 -0.581693947
  outer loop
   vertex 26347.4805 16998.4453 49465.1367
   vertex 26323.5742 17060.4023 49528.0391
   vertex 26387.7734 17126.6387 49478.5391
  endloop
 endfacet
facet normal -0.563118517 0.101695523 -0.820094824
  outer loop
   vertex 26591.8633 16931.6973 49251.7617
   vertex 26543.6426 16981.7637 49291.0781
   vertex 26637.4434 17140.9746 49246.4141
  endloop
 endfacet
facet normal -0.633918345 -0.0195550881 -0.773152709
  outer loop
   vertex 26415.8594 16941.8047 49410.5078
   vertex 26350.3848 16888.4004 49465.5391
   vertex 26347.4805 16998.4453 49465.1367
  endloop
 endfacet
facet normal -0.630951703 -0.0194856636 -0.775577366
  outer loop
   vertex 26350.3848 16888.4004 49465.5391
   vertex 26309.8477 16897.1602 49498.3008
   vertex 26347.4805 16998.4453 49465.1367
  endloop
 endfacet
facet normal -0.880437911 0.238803416 -0.409636408
  outer loop
   vertex 26272.7285 17019.2695 49613.3438
   vertex 26323.5742 17060.4023 49528.0391
   vertex 26284.8242 16942.6719 49542.6914
  endloop
 endfacet
facet normal -0.851566494 0.276405096 -0.445460111
  outer loop
   vertex 26261.623 16935.4707 49582.5781
   vertex 26272.7285 17019.2695 49613.3438
   vertex 26284.8242 16942.6719 49542.6914
  endloop
 endfacet
facet normal -0.390126348 -0.384066612 -0.836835861
  outer loop
   vertex 26411.1562 16794.1855 49480.4492
   vertex 26350.3848 16888.4004 49465.5391
   vertex 26415.8594 16941.8047 49410.5078
  endloop
 endfacet
facet normal -0.725263774 0.110197522 -0.679594755
  outer loop
   vertex 26498.8828 17007.6816 49332.5859
   vertex 26415.8594 16941.8047 49410.5078
   vertex 26465.5078 17118.9258 49386.2422
  endloop
 endfacet
facet normal 0.364474088 -0.930779278 -0.0284349117
  outer loop
   vertex 26643.166 16727.2891 50163.0352
   vertex 26486.8477 16667.6719 50110.8555
   vertex 26655.3711 16733.6191 50112.2344
  endloop
 endfacet
facet normal -0.491630912 -0.83662349 -0.241578639
  outer loop
   vertex 26259.4336 16715.4863 49730.7734
   vertex 26242.4805 16709.2363 49786.9219
   vertex 26201.7188 16741.6797 49757.5156
  endloop
 endfacet
facet normal 0.644810319 -0.73748368 0.200842023
  outer loop
   vertex 26733.8809 16809.3555 50138.2734
   vertex 26655.3711 16733.6191 50112.2344
   vertex 26707.0449 16768.9277 50075.9805
  endloop
 endfacet
facet normal -0.019501688 0.987263799 0.157891899
  outer loop
   vertex 26902.6328 17472.1875 49686.375
   vertex 26818.8984 17449.1367 49820.1602
   vertex 27005.4297 17454.8301 49807.6016
  endloop
 endfacet
facet normal -0.30903855 0.943518281 0.119450644
  outer loop
   vertex 26532.7305 17390.875 50071.1562
   vertex 26399.9648 17356.8809 49996.168
   vertex 26406.5898 17347.3516 50088.5859
  endloop
 endfacet
facet normal -0.388335705 0.87428844 0.291230381
  outer loop
   vertex 26532.7305 17390.875 50071.1562
   vertex 26553.127 17419.3242 50012.9453
   vertex 26399.9648 17356.8809 49996.168
  endloop
 endfacet
facet normal 0.739942729 -0.0633011758 0.669684827
  outer loop
   vertex 27117.9062 17180.5664 49916.5078
   vertex 27050.1445 17280.4043 50000.8164
   vertex 27007.3027 17221.7461 50042.6094
  endloop
 endfacet
facet normal 0.715778828 -0.280096978 0.639692366
  outer loop
   vertex 27007.3027 17221.7461 50042.6094
   vertex 26933.9707 17151.7734 50094.0234
   vertex 26942.9316 17029.8691 50030.6211
  endloop
 endfacet
facet normal 0.663083315 -0.266162813 0.699626923
  outer loop
   vertex 27007.3027 17221.7461 50042.6094
   vertex 26942.9316 17029.8691 50030.6211
   vertex 27050.5605 17057.2246 49939.0195
  endloop
 endfacet
facet normal 0.296581626 0.816224575 0.495799184
  outer loop
   vertex 26956.2227 17359.7617 49993.543
   vertex 27079.6426 17381.4766 49883.9688
   vertex 27005.4297 17454.8301 49807.6016
  endloop
 endfacet
facet normal 0.491710693 0.56191498 0.665185809
  outer loop
   vertex 26956.2227 17359.7617 49993.543
   vertex 27085.7637 17308.3223 49941.2383
   vertex 27079.6426 17381.4766 49883.9688
  endloop
 endfacet
facet normal 0.631569028 0.761052251 0.148054019
  outer loop
   vertex 27050.1445 17280.4043 50000.8164
   vertex 26956.2227 17359.7617 49993.543
   vertex 27018.3203 17299.7188 50037.2891
  endloop
 endfacet
facet normal 0.834148169 0.00849354267 0.551474988
  outer loop
   vertex 27196.8398 17167.002 49793.2852
   vertex 27227.2676 17274.1152 49745.6133
   vertex 27162.4688 17304.5898 49843.1562
  endloop
 endfacet
facet normal 0.841455758 0.0776888207 0.534711778
  outer loop
   vertex 27201.7734 17353.7969 49774.1562
   vertex 27162.4688 17304.5898 49843.1562
   vertex 27227.2676 17274.1152 49745.6133
  endloop
 endfacet
facet normal 0.736751616 -0.0581387691 0.673659325
  outer loop
   vertex 27007.3027 17221.7461 50042.6094
   vertex 27050.1445 17280.4043 50000.8164
   vertex 27018.3203 17299.7188 50037.2891
  endloop
 endfacet
facet normal 0.671888947 -0.381412417 0.634893537
  outer loop
   vertex 27061.3027 16990.627 49887.6406
   vertex 27107.4355 17019.873 49856.3906
   vertex 27050.5605 17057.2246 49939.0195
  endloop
 endfacet
facet normal 0.726033986 -0.281948954 0.62719965
  outer loop
   vertex 27117.9062 17180.5664 49916.5078
   vertex 27050.5605 17057.2246 49939.0195
   vertex 27107.4355 17019.873 49856.3906
  endloop
 endfacet
facet normal 0.969981015 0.220933437 -0.101612985
  outer loop
   vertex 26688.084 17166.5 50742.7773
   vertex 26702.8906 17083.8223 50704.3594
   vertex 26676.7695 17189.8789 50685.5977
  endloop
 endfacet
facet normal 0.674098432 -0.382455587 0.63191694
  outer loop
   vertex 27107.4355 17019.873 49856.3906
   vertex 27163.1465 17004.8984 49787.8984
   vertex 27169.1523 17075.627 49824.2969
  endloop
 endfacet
facet normal 0.967980862 -0.174879387 0.18008408
  outer loop
   vertex 27163.1465 17004.8984 49787.8984
   vertex 27179.8711 17027.6855 49720.125
   vertex 27169.1523 17075.627 49824.2969
  endloop
 endfacet
facet normal 0.745535135 0.66453141 0.0507475361
  outer loop
   vertex 26647.5957 17079.0332 50353.5273
   vertex 26501.3496 17239.3633 50402.5547
   vertex 26599.7578 17120.7148 50510.5156
  endloop
 endfacet
facet normal 0.836566508 -0.0690403134 0.543497801
  outer loop
   vertex 27117.9062 17180.5664 49916.5078
   vertex 27169.1523 17075.627 49824.2969
   vertex 27196.8398 17167.002 49793.2852
  endloop
 endfacet
facet normal 0.84271723 0.0154698929 0.538134098
  outer loop
   vertex 27117.9062 17180.5664 49916.5078
   vertex 27196.8398 17167.002 49793.2852
   vertex 27162.4688 17304.5898 49843.1562
  endloop
 endfacet
facet normal 0.686030388 -0.249863833 0.683323026
  outer loop
   vertex 27117.9062 17180.5664 49916.5078
   vertex 27007.3027 17221.7461 50042.6094
   vertex 27050.5605 17057.2246 49939.0195
  endloop
 endfacet
facet normal 0.742102385 -0.530424118 0.409797907
  outer loop
   vertex 26549.1055 16661.8164 50313.1875
   vertex 26565.5918 16665.0059 50287.457
   vertex 26601.623 16708.1406 50278.0391
  endloop
 endfacet
facet normal 0.641576767 -0.305093259 0.703773677
  outer loop
   vertex 27107.4355 17019.873 49856.3906
   vertex 27169.1523 17075.627 49824.2969
   vertex 27117.9062 17180.5664 49916.5078
  endloop
 endfacet
facet normal 0.515884399 -0.732358992 0.444424987
  outer loop
   vertex 26972.4668 16911.709 49834.8242
   vertex 27112.0195 16953.3105 49741.3828
   vertex 27107.4355 17019.873 49856.3906
  endloop
 endfacet
facet normal 0.547874868 -0.69377768 -0.46744588
  outer loop
   vertex 26934.709 16830.7422 49503.0195
   vertex 27094.1758 16922.7871 49553.3125
   vertex 27019.3438 16855.918 49564.8477
  endloop
 endfacet
facet normal 0.954459071 -0.22131899 0.20006448
  outer loop
   vertex 27196.8398 17167.002 49793.2852
   vertex 27169.1523 17075.627 49824.2969
   vertex 27179.8711 17027.6855 49720.125
  endloop
 endfacet
facet normal 0.951842427 -0.151841119 0.266346067
  outer loop
   vertex 27227.2676 17274.1152 49745.6133
   vertex 27196.8398 17167.002 49793.2852
   vertex 27232.0254 17144.582 49654.7656
  endloop
 endfacet
facet normal 0.288927317 0.482262641 -0.827008903
  outer loop
   vertex 26895.1074 17165.2832 49139.1289
   vertex 27017.5039 17145.7461 49170.4961
   vertex 26968.0078 17080.3789 49115.0859
  endloop
 endfacet
facet normal 0.199299932 0.702468097 -0.683240891
  outer loop
   vertex 26895.1074 17165.2832 49139.1289
   vertex 26797.5508 17220.6152 49167.5625
   vertex 26830.252 17303.9395 49262.7695
  endloop
 endfacet
facet normal -0.158112988 0.415535986 -0.895728827
  outer loop
   vertex 26895.1074 17165.2832 49139.1289
   vertex 26947.7793 17113.0215 49105.5859
   vertex 26894.8516 17082.9707 49100.9883
  endloop
 endfacet
facet normal 0.288290024 0.443687677 -0.848545909
  outer loop
   vertex 27015.0684 17311.4648 49256.3203
   vertex 27017.5039 17145.7461 49170.4961
   vertex 26895.1074 17165.2832 49139.1289
  endloop
 endfacet
facet normal 0.0695293546 0.459566981 -0.885417342
  outer loop
   vertex 27015.0684 17311.4648 49256.3203
   vertex 27093.1523 17286.7109 49249.6016
   vertex 27017.5039 17145.7461 49170.4961
  endloop
 endfacet
facet normal 0.516479075 -0.841726184 -0.15730986
  outer loop
   vertex 26993.375 17002.6465 49183.0508
   vertex 26846.3633 16912.3359 49183.6172
   vertex 26903.3691 16955.6543 49138.9883
  endloop
 endfacet
facet normal -0.19704245 0.654866934 -0.729605079
  outer loop
   vertex 26985.5547 17440.1348 49379.7812
   vertex 27084.8652 17412.252 49327.9336
   vertex 27015.0684 17311.4648 49256.3203
  endloop
 endfacet
facet normal -0.26368314 0.768948436 -0.582399786
  outer loop
   vertex 26734.2207 17212.1289 49185.0312
   vertex 26830.252 17303.9395 49262.7695
   vertex 26797.5508 17220.6152 49167.5625
  endloop
 endfacet
facet normal -0.0772625282 0.378106087 -0.922532558
  outer loop
   vertex 26778.3477 17101.918 49122.9375
   vertex 26749.6113 17175.3008 49155.418
   vertex 26895.1074 17165.2832 49139.1289
  endloop
 endfacet
facet normal -0.285231322 0.842609823 -0.456784159
  outer loop
   vertex 26832.416 17419.3691 49393
   vertex 26802.7285 17453.3379 49474.1953
   vertex 26885.668 17471.0859 49455.1445
  endloop
 endfacet
facet normal 0.925499439 0.208593667 0.316132098
  outer loop
   vertex 27222.0273 17374.7715 49694.5391
   vertex 27227.2676 17274.1152 49745.6133
   vertex 27256.2168 17275.293 49660.0859
  endloop
 endfacet
facet normal 0.89195019 0.450702935 -0.0359403044
  outer loop
   vertex 27256.6699 17337.1152 49608.7656
   vertex 27251.8066 17339.1328 49513.3398
   vertex 27209.8105 17427.9238 49584.6016
  endloop
 endfacet
facet normal 0.936487496 0.307292998 0.169003502
  outer loop
   vertex 27222.4727 17426.6172 49516.8203
   vertex 27209.8105 17427.9238 49584.6016
   vertex 27251.8066 17339.1328 49513.3398
  endloop
 endfacet
facet normal 0.864465892 0.0352045596 -0.501457274
  outer loop
   vertex 27235.6426 17082.8066 49415.5039
   vertex 27245.3086 17181.1406 49439.0703
   vertex 27250.0371 17084.6758 49440.4453
  endloop
 endfacet
facet normal 0.926187873 -0.000676435593 -0.377061725
  outer loop
   vertex 27219.5645 17131.4961 49375.9219
   vertex 27245.3086 17181.1406 49439.0703
   vertex 27235.6426 17082.8066 49415.5039
  endloop
 endfacet
facet normal 0.921185076 0.239340439 -0.306812972
  outer loop
   vertex 27149.041 17366.627 49338.9961
   vertex 27176.8379 17238.8398 49322.7695
   vertex 27144.6445 17372.1895 49330.1367
  endloop
 endfacet
facet normal 0.93160516 -0.185150996 0.312779367
  outer loop
   vertex 27227.2676 17274.1152 49745.6133
   vertex 27232.0254 17144.582 49654.7656
   vertex 27256.2168 17275.293 49660.0859
  endloop
 endfacet
facet normal 0.975415826 -0.185376257 0.119161867
  outer loop
   vertex 27258.1836 17221.6895 49560.5898
   vertex 27256.2168 17275.293 49660.0859
   vertex 27232.0254 17144.582 49654.7656
  endloop
 endfacet
facet normal -0.347279489 0.874805093 -0.337806165
  outer loop
   vertex 26624.9629 17292.8613 49377.1406
   vertex 26675.9199 17381.041 49553.1055
   vertex 26712.125 17320.1543 49358.2109
  endloop
 endfacet
facet normal -0.231366247 0.97171402 -0.0473450162
  outer loop
   vertex 27029.0469 17502.0488 49681.5078
   vertex 26978.2383 17482.8633 49536.0273
   vertex 26902.6328 17472.1875 49686.375
  endloop
 endfacet
facet normal 0.0612801574 0.95882684 -0.277300924
  outer loop
   vertex 26680.5586 17447.6113 49784.3125
   vertex 26818.8984 17449.1367 49820.1602
   vertex 26675.9199 17381.041 49553.1055
  endloop
 endfacet
facet normal -0.537579656 0.771268427 -0.340812474
  outer loop
   vertex 26712.125 17320.1543 49358.2109
   vertex 26675.9199 17381.041 49553.1055
   vertex 26832.416 17419.3691 49393
  endloop
 endfacet
facet normal -0.64085561 0.596110165 -0.483690739
  outer loop
   vertex 26832.416 17419.3691 49393
   vertex 26675.9199 17381.041 49553.1055
   vertex 26802.7285 17453.3379 49474.1953
  endloop
 endfacet
facet normal 0.85324192 -0.0361173674 -0.520263195
  outer loop
   vertex 27245.3086 17181.1406 49439.0703
   vertex 27176.8379 17238.8398 49322.7695
   vertex 27238.3574 17308.9062 49418.7969
  endloop
 endfacet
facet normal 0.880798459 0.124372669 -0.456864864
  outer loop
   vertex 27219.5645 17131.4961 49375.9219
   vertex 27176.8379 17238.8398 49322.7695
   vertex 27245.3086 17181.1406 49439.0703
  endloop
 endfacet
facet normal 0.657799006 -0.165611789 -0.734760642
  outer loop
   vertex 27171.9883 17311.3203 49302.0898
   vertex 27176.8379 17238.8398 49322.7695
   vertex 27139.8184 17294.1387 49277.1641
  endloop
 endfacet
facet normal 0.999845922 0.00626666844 0.016397262
  outer loop
   vertex 27256.2168 17275.293 49660.0859
   vertex 27258.1836 17221.6895 49560.5898
   vertex 27256.6699 17337.1152 49608.7656
  endloop
 endfacet
facet normal -0.401647329 0.221698865 -0.888554454
  outer loop
   vertex 27084.8652 17412.252 49327.9336
   vertex 26985.5547 17440.1348 49379.7812
   vertex 27063.1348 17451.3379 49347.5078
  endloop
 endfacet
facet normal 0.874387026 0.186325133 0.448029369
  outer loop
   vertex 27171.9883 17311.3203 49302.0898
   vertex 27144.6445 17372.1895 49330.1367
   vertex 27176.8379 17238.8398 49322.7695
  endloop
 endfacet
facet normal 0.923872054 0.306349099 -0.229370251
  outer loop
   vertex 27238.3574 17308.9062 49418.7969
   vertex 27214.6445 17399.2773 49443.9883
   vertex 27251.8066 17339.1328 49513.3398
  endloop
 endfacet
facet normal 0.894584537 0.321308404 -0.310611427
  outer loop
   vertex 27238.3574 17308.9062 49418.7969
   vertex 27213.0137 17340.1758 49378.1562
   vertex 27214.6445 17399.2773 49443.9883
  endloop
 endfacet
facet normal 0.691034853 0.662856638 -0.288256615
  outer loop
   vertex 27144.6445 17372.1895 49330.1367
   vertex 27087.5918 17443.2129 49356.6875
   vertex 27105.9941 17454.6387 49427.0742
  endloop
 endfacet
facet normal 0.424467564 0.59582907 -0.681773484
  outer loop
   vertex 27087.5918 17443.2129 49356.6875
   vertex 27144.6445 17372.1895 49330.1367
   vertex 27084.8652 17412.252 49327.9336
  endloop
 endfacet
facet normal 0.448090345 0.586880267 -0.674378693
  outer loop
   vertex 27087.5918 17443.2129 49356.6875
   vertex 27084.8652 17412.252 49327.9336
   vertex 27063.1348 17451.3379 49347.5078
  endloop
 endfacet
facet normal -0.244502842 0.953511894 -0.176162958
  outer loop
   vertex 26885.668 17471.0859 49455.1445
   vertex 26802.7285 17453.3379 49474.1953
   vertex 26832.9668 17466.627 49504.1562
  endloop
 endfacet
facet normal -0.533697605 -0.80977726 -0.243777767
  outer loop
   vertex 27144.6445 17372.1895 49330.1367
   vertex 27149.041 17366.627 49338.9961
   vertex 27084.8652 17412.252 49327.9336
  endloop
 endfacet
facet normal 0.574664354 0.224922001 -0.786874175
  outer loop
   vertex 27213.0137 17340.1758 49378.1562
   vertex 27176.8379 17238.8398 49322.7695
   vertex 27149.041 17366.627 49338.9961
  endloop
 endfacet
facet normal 0.583717227 0.596961439 -0.550373733
  outer loop
   vertex 27213.0137 17340.1758 49378.1562
   vertex 27149.041 17366.627 49338.9961
   vertex 27214.6445 17399.2773 49443.9883
  endloop
 endfacet
facet normal -0.15867199 0.821509778 -0.547672272
  outer loop
   vertex 26832.416 17419.3691 49393
   vertex 26885.668 17471.0859 49455.1445
   vertex 26985.5547 17440.1348 49379.7812
  endloop
 endfacet
facet normal 0.341659218 0.584384322 -0.736046135
  outer loop
   vertex 27149.041 17366.627 49338.9961
   vertex 27139.8184 17294.1387 49277.1641
   vertex 27093.1523 17286.7109 49249.6016
  endloop
 endfacet
facet normal -0.921388507 -0.177634642 0.345671952
  outer loop
   vertex 27149.041 17366.627 49338.9961
   vertex 27144.6445 17372.1895 49330.1367
   vertex 27139.8184 17294.1387 49277.1641
  endloop
 endfacet
facet normal -0.0620202199 0.81977874 0.569312096
  outer loop
   vertex 26901.4434 17444.9277 49363.7188
   vertex 26832.416 17419.3691 49393
   vertex 26985.5547 17440.1348 49379.7812
  endloop
 endfacet
facet normal 0.185145259 0.572436333 -0.798772752
  outer loop
   vertex 26886.6719 17418.543 49341.3867
   vertex 26901.4434 17444.9277 49363.7188
   vertex 26985.5547 17440.1348 49379.7812
  endloop
 endfacet
facet normal 0.156274721 0.685803294 -0.71081084
  outer loop
   vertex 27149.041 17366.627 49338.9961
   vertex 27093.1523 17286.7109 49249.6016
   vertex 27015.0684 17311.4648 49256.3203
  endloop
 endfacet
facet normal 0.388872057 0.339290261 -0.856539905
  outer loop
   vertex 27084.8652 17412.252 49327.9336
   vertex 27149.041 17366.627 49338.9961
   vertex 27015.0684 17311.4648 49256.3203
  endloop
 endfacet
facet normal 0.22755836 0.472183168 -0.851622105
  outer loop
   vertex 26830.252 17303.9395 49262.7695
   vertex 26886.6719 17418.543 49341.3867
   vertex 26985.5547 17440.1348 49379.7812
  endloop
 endfacet
facet normal -0.0529290773 0.650700212 -0.757487833
  outer loop
   vertex 26895.1074 17165.2832 49139.1289
   vertex 26830.252 17303.9395 49262.7695
   vertex 27015.0684 17311.4648 49256.3203
  endloop
 endfacet
facet normal 0.650875807 0.507591605 -0.564545333
  outer loop
   vertex 27214.6445 17399.2773 49443.9883
   vertex 27149.041 17366.627 49338.9961
   vertex 27169.127 17441.3281 49429.3203
  endloop
 endfacet
facet normal -0.0218536854 0.970076263 -0.241814867
  outer loop
   vertex 26985.5547 17440.1348 49379.7812
   vertex 27105.6953 17485.127 49549.4141
   vertex 27105.9941 17454.6387 49427.0742
  endloop
 endfacet
facet normal -0.0623718873 0.98760891 -0.144008189
  outer loop
   vertex 26985.5547 17440.1348 49379.7812
   vertex 27105.9941 17454.6387 49427.0742
   vertex 27087.5918 17443.2129 49356.6875
  endloop
 endfacet
facet normal 0.0397973955 0.977616608 -0.206595957
  outer loop
   vertex 27105.9941 17454.6387 49427.0742
   vertex 26978.2383 17482.8633 49536.0273
   vertex 27146.8027 17471.0117 49512.418
  endloop
 endfacet
facet normal -0.0081604952 -0.970292866 0.241795644
  outer loop
   vertex 27105.9941 17454.6387 49427.0742
   vertex 27105.6953 17485.127 49549.4141
   vertex 26978.2383 17482.8633 49536.0273
  endloop
 endfacet
facet normal 0.497237235 0.865195811 -0.0647410378
  outer loop
   vertex 27105.6953 17485.127 49549.4141
   vertex 27167.2734 17458.1738 49662.1641
   vertex 27209.8105 17427.9238 49584.6016
  endloop
 endfacet
facet normal 0.437463403 0.887035429 0.147627652
  outer loop
   vertex 27146.8027 17471.0117 49512.418
   vertex 27105.6953 17485.127 49549.4141
   vertex 27209.8105 17427.9238 49584.6016
  endloop
 endfacet
facet normal 0.501193047 0.86190325 0.0769958943
  outer loop
   vertex 27222.4727 17426.6172 49516.8203
   vertex 27146.8027 17471.0117 49512.418
   vertex 27209.8105 17427.9238 49584.6016
  endloop
 endfacet
facet normal 0.994018734 0.0102361152 -0.108728983
  outer loop
   vertex 27258.1836 17221.6895 49560.5898
   vertex 27245.3086 17181.1406 49439.0703
   vertex 27251.8066 17339.1328 49513.3398
  endloop
 endfacet
facet normal 0.998161435 0.0340241902 -0.0501605049
  outer loop
   vertex 27256.6699 17337.1152 49608.7656
   vertex 27258.1836 17221.6895 49560.5898
   vertex 27251.8066 17339.1328 49513.3398
  endloop
 endfacet
facet normal 0.207574412 0.937548041 -0.279135287
  outer loop
   vertex 27169.127 17441.3281 49429.3203
   vertex 27105.9941 17454.6387 49427.0742
   vertex 27146.8027 17471.0117 49512.418
  endloop
 endfacet
facet normal 0.550261736 0.737946272 0.390701085
  outer loop
   vertex 26052.6777 17135.1699 52038.668
   vertex 26146.2578 17022.7441 52119.2148
   vertex 26226.1484 17090.0781 51879.5234
  endloop
 endfacet
facet normal 0.0905425996 0.853147209 0.513752699
  outer loop
   vertex 27063.1348 17451.3379 49347.5078
   vertex 26985.5547 17440.1348 49379.7812
   vertex 27087.5918 17443.2129 49356.6875
  endloop
 endfacet
facet normal 0.922551453 0.318026572 -0.218535796
  outer loop
   vertex 27251.8066 17339.1328 49513.3398
   vertex 27214.6445 17399.2773 49443.9883
   vertex 27222.4727 17426.6172 49516.8203
  endloop
 endfacet
facet normal 0.98820883 0.0299490616 -0.150154486
  outer loop
   vertex 27245.3086 17181.1406 49439.0703
   vertex 27238.3574 17308.9062 49418.7969
   vertex 27251.8066 17339.1328 49513.3398
  endloop
 endfacet
facet normal 0.700204432 0.468228102 0.53895849
  outer loop
   vertex 27162.4688 17304.5898 49843.1562
   vertex 27137.1582 17426.3223 49770.2852
   vertex 27079.6426 17381.4766 49883.9688
  endloop
 endfacet
facet normal 0.535555363 0.512957633 0.670861304
  outer loop
   vertex 27201.7734 17353.7969 49774.1562
   vertex 27137.1582 17426.3223 49770.2852
   vertex 27162.4688 17304.5898 49843.1562
  endloop
 endfacet
facet normal 0.488775522 0.798175573 -0.35215655
  outer loop
   vertex 27214.6445 17399.2773 49443.9883
   vertex 27146.8027 17471.0117 49512.418
   vertex 27222.4727 17426.6172 49516.8203
  endloop
 endfacet
facet normal 0.156517908 -0.852301657 0.499083132
  outer loop
   vertex 27146.8027 17471.0117 49512.418
   vertex 27079.9863 17507.5723 49595.8047
   vertex 27105.6953 17485.127 49549.4141
  endloop
 endfacet
facet normal 0.00920526031 0.918496847 -0.395321161
  outer loop
   vertex 27146.8027 17471.0117 49512.418
   vertex 26978.2383 17482.8633 49536.0273
   vertex 27079.9863 17507.5723 49595.8047
  endloop
 endfacet
facet normal 0.512159109 0.855593383 -0.075186044
  outer loop
   vertex 27167.2734 17458.1738 49662.1641
   vertex 27105.6953 17485.127 49549.4141
   vertex 27106.3555 17495.7461 49674.75
  endloop
 endfacet
facet normal 0.579252899 0.811975658 -0.0718441382
  outer loop
   vertex 27079.9863 17507.5723 49595.8047
   vertex 27106.3555 17495.7461 49674.75
   vertex 27105.6953 17485.127 49549.4141
  endloop
 endfacet
facet normal 0.541684151 0.753378332 0.372826248
  outer loop
   vertex 27137.1582 17426.3223 49770.2852
   vertex 27167.2734 17458.1738 49662.1641
   vertex 27106.3555 17495.7461 49674.75
  endloop
 endfacet
facet normal 0.692086279 0.634934485 0.343329012
  outer loop
   vertex 27222.0273 17374.7715 49694.5391
   vertex 27137.1582 17426.3223 49770.2852
   vertex 27201.7734 17353.7969 49774.1562
  endloop
 endfacet
facet normal 0.782158375 0.590574682 0.198619813
  outer loop
   vertex 27222.0273 17374.7715 49694.5391
   vertex 27209.8105 17427.9238 49584.6016
   vertex 27167.2734 17458.1738 49662.1641
  endloop
 endfacet
facet normal 0.701978445 0.606050014 0.374071687
  outer loop
   vertex 27222.0273 17374.7715 49694.5391
   vertex 27167.2734 17458.1738 49662.1641
   vertex 27137.1582 17426.3223 49770.2852
  endloop
 endfacet
facet normal -0.219777733 0.75596559 0.616614759
  outer loop
   vertex 26978.2383 17482.8633 49536.0273
   vertex 26832.9668 17466.627 49504.1562
   vertex 26675.9199 17381.041 49553.1055
  endloop
 endfacet
facet normal -0.459968001 0.885035753 0.0717017278
  outer loop
   vertex 26675.9199 17381.041 49553.1055
   vertex 26832.9668 17466.627 49504.1562
   vertex 26802.7285 17453.3379 49474.1953
  endloop
 endfacet
facet normal 0.0909206867 0.988869905 0.117769621
  outer loop
   vertex 27106.3555 17495.7461 49674.75
   vertex 27079.9863 17507.5723 49595.8047
   vertex 27029.0469 17502.0488 49681.5078
  endloop
 endfacet
facet normal -0.203349158 0.977394104 -0.0578785352
  outer loop
   vertex 26978.2383 17482.8633 49536.0273
   vertex 27029.0469 17502.0488 49681.5078
   vertex 27079.9863 17507.5723 49595.8047
  endloop
 endfacet
facet normal 0.587632716 0.732801795 0.343058795
  outer loop
   vertex 27106.3555 17495.7461 49674.75
   vertex 27075.9355 17487.7832 49743.8633
   vertex 27137.1582 17426.3223 49770.2852
  endloop
 endfacet
facet normal -0.0237608068 0.855639338 0.517026782
  outer loop
   vertex 26553.127 17419.3242 50012.9453
   vertex 26700.6777 17405.4004 50042.7695
   vertex 26612.0312 17444.1504 49974.5664
  endloop
 endfacet
facet normal -0.322566748 0.941733301 -0.095336847
  outer loop
   vertex 26978.2383 17482.8633 49536.0273
   vertex 26675.9199 17381.041 49553.1055
   vertex 26902.6328 17472.1875 49686.375
  endloop
 endfacet
facet normal 0.230156258 0.969426274 0.085092932
  outer loop
   vertex 26818.8984 17449.1367 49820.1602
   vertex 26716.5195 17467.2344 49890.8906
   vertex 26781.4355 17446.1191 49955.8711
  endloop
 endfacet
facet normal 0.0394032486 0.98025316 -0.193781018
  outer loop
   vertex 26680.5586 17447.6113 49784.3125
   vertex 26716.5195 17467.2344 49890.8906
   vertex 26818.8984 17449.1367 49820.1602
  endloop
 endfacet
facet normal 0.313523114 0.818460286 0.481483102
  outer loop
   vertex 27079.6426 17381.4766 49883.9688
   vertex 27137.1582 17426.3223 49770.2852
   vertex 27005.4297 17454.8301 49807.6016
  endloop
 endfacet
facet normal 0.334720761 0.633336782 0.697743893
  outer loop
   vertex 27075.9355 17487.7832 49743.8633
   vertex 27005.4297 17454.8301 49807.6016
   vertex 27137.1582 17426.3223 49770.2852
  endloop
 endfacet
facet normal -0.377695352 0.92573148 0.0191697665
  outer loop
   vertex 26553.127 17419.3242 50012.9453
   vertex 26612.0312 17444.1504 49974.5664
   vertex 26493.4023 17396.8477 49921.5859
  endloop
 endfacet
facet normal -0.379357636 0.925024509 0.0204303879
  outer loop
   vertex 26553.127 17419.3242 50012.9453
   vertex 26493.4023 17396.8477 49921.5859
   vertex 26399.9648 17356.8809 49996.168
  endloop
 endfacet
facet normal 0.0121777002 0.750753224 0.660470486
  outer loop
   vertex 26852.8672 17260.6699 50108.0859
   vertex 26967.0059 17296.2988 50065.4844
   vertex 26956.2227 17359.7617 49993.543
  endloop
 endfacet
facet normal 0.253483742 0.606609225 0.753506005
  outer loop
   vertex 26852.8672 17260.6699 50108.0859
   vertex 26956.2227 17359.7617 49993.543
   vertex 26700.6777 17405.4004 50042.7695
  endloop
 endfacet
facet normal 0.786692023 0.079414703 0.612216413
  outer loop
   vertex 27117.9062 17180.5664 49916.5078
   vertex 27162.4688 17304.5898 49843.1562
   vertex 27085.7637 17308.3223 49941.2383
  endloop
 endfacet
facet normal 0.831556618 0.103578813 0.545696795
  outer loop
   vertex 27050.1445 17280.4043 50000.8164
   vertex 27117.9062 17180.5664 49916.5078
   vertex 27085.7637 17308.3223 49941.2383
  endloop
 endfacet
facet normal -0.344798058 0.937102079 -0.0543503538
  outer loop
   vertex 26675.9199 17381.041 49553.1055
   vertex 26818.8984 17449.1367 49820.1602
   vertex 26902.6328 17472.1875 49686.375
  endloop
 endfacet
facet normal -0.212701023 0.97575289 -0.0516190119
  outer loop
   vertex 26603.2617 17436.7148 49870.1133
   vertex 26612.0312 17444.1504 49974.5664
   vertex 26687.293 17459.832 49960.8672
  endloop
 endfacet
facet normal -0.355994225 0.933771074 -0.0366015695
  outer loop
   vertex 26603.2617 17436.7148 49870.1133
   vertex 26493.4023 17396.8477 49921.5859
   vertex 26612.0312 17444.1504 49974.5664
  endloop
 endfacet
facet normal 0.492413074 0.637126446 0.592958033
  outer loop
   vertex 27085.7637 17308.3223 49941.2383
   vertex 26956.2227 17359.7617 49993.543
   vertex 27050.1445 17280.4043 50000.8164
  endloop
 endfacet
facet normal 0.250822037 0.765925169 0.591985583
  outer loop
   vertex 26956.2227 17359.7617 49993.543
   vertex 26781.4355 17446.1191 49955.8711
   vertex 26700.6777 17405.4004 50042.7695
  endloop
 endfacet
facet normal 0.0035368728 0.889991462 0.455963492
  outer loop
   vertex 26956.2227 17359.7617 49993.543
   vertex 27005.4297 17454.8301 49807.6016
   vertex 26818.8984 17449.1367 49820.1602
  endloop
 endfacet
facet normal 0.415431857 0.899597704 0.134686247
  outer loop
   vertex 26956.2227 17359.7617 49993.543
   vertex 26818.8984 17449.1367 49820.1602
   vertex 26781.4355 17446.1191 49955.8711
  endloop
 endfacet
facet normal 0.0937015936 0.983531356 0.154551357
  outer loop
   vertex 27106.3555 17495.7461 49674.75
   vertex 27029.0469 17502.0488 49681.5078
   vertex 27075.9355 17487.7832 49743.8633
  endloop
 endfacet
facet normal -0.00801657233 0.997186959 -0.0745247826
  outer loop
   vertex 26397.7969 17300.3711 50324.4492
   vertex 26180.9688 17295.0801 50276.9688
   vertex 26320.4648 17304.625 50389.6836
  endloop
 endfacet
facet normal -0.0700645149 0.825475991 0.560071766
  outer loop
   vertex 26700.6777 17405.4004 50042.7695
   vertex 26687.293 17459.832 49960.8672
   vertex 26612.0312 17444.1504 49974.5664
  endloop
 endfacet
facet normal -0.454551518 0.88210994 0.123551294
  outer loop
   vertex 26399.9648 17356.8809 49996.168
   vertex 26190.3809 17244.0156 50030.9258
   vertex 26406.5898 17347.3516 50088.5859
  endloop
 endfacet
facet normal -0.0019141027 0.987179637 -0.159601718
  outer loop
   vertex 26320.4648 17304.625 50389.6836
   vertex 26165.6953 17301.1387 50369.9688
   vertex 26216.582 17312.4805 50439.5078
  endloop
 endfacet
facet normal 0.487932146 -0.059224464 0.870870054
  outer loop
   vertex 27007.6738 17304.9043 50048.0547
   vertex 26997.5293 17304.5176 50053.7109
   vertex 27007.3027 17221.7461 50042.6094
  endloop
 endfacet
facet normal 0.0504810438 0.75268966 0.656437337
  outer loop
   vertex 26997.5293 17304.5176 50053.7109
   vertex 26956.2227 17359.7617 49993.543
   vertex 26967.0059 17296.2988 50065.4844
  endloop
 endfacet
facet normal 0.572949886 0.764555454 -0.295268297
  outer loop
   vertex 26585.0996 17305.5586 50667.0742
   vertex 26613.834 17298.6855 50705.0352
   vertex 26642.7305 17267.8926 50681.3711
  endloop
 endfacet
facet normal 0.503487468 0.598456204 -0.623177767
  outer loop
   vertex 26595.2578 17237.9121 50619.4258
   vertex 26599.7578 17120.7148 50510.5156
   vertex 26409.0449 17285.5508 50514.7266
  endloop
 endfacet
facet normal 0.792943895 0.559981346 0.240126818
  outer loop
   vertex 26482.9785 17181.7012 51003.6797
   vertex 26523.2305 17100.8223 51059.3711
   vertex 26569.6934 17080.6855 50952.9023
  endloop
 endfacet
facet normal 0.912142277 0.193104282 0.361534536
  outer loop
   vertex 26567.2676 16940.3105 51034
   vertex 26569.6934 17080.6855 50952.9023
   vertex 26523.2305 17100.8223 51059.3711
  endloop
 endfacet
facet normal 0.377178252 -0.079262577 0.922742665
  outer loop
   vertex 26967.0059 17296.2988 50065.4844
   vertex 27007.3027 17221.7461 50042.6094
   vertex 26997.5293 17304.5176 50053.7109
  endloop
 endfacet
facet normal 0.901913404 0.382675648 -0.20027867
  outer loop
   vertex 26642.7305 17267.8926 50681.3711
   vertex 26658.6094 17249.1094 50716.9844
   vertex 26676.7695 17189.8789 50685.5977
  endloop
 endfacet
facet normal 0.640104115 0.734863222 0.224148944
  outer loop
   vertex 26599.7578 17120.7148 50510.5156
   vertex 26501.3496 17239.3633 50402.5547
   vertex 26409.0449 17285.5508 50514.7266
  endloop
 endfacet
facet normal 0.276379883 0.578764915 0.767232239
  outer loop
   vertex 26721.7637 17170.5488 50223.2969
   vertex 26852.8672 17260.6699 50108.0859
   vertex 26568.0859 17326.2383 50161.2109
  endloop
 endfacet
facet normal 0.0266821086 0.817048013 0.575951934
  outer loop
   vertex 26568.0859 17326.2383 50161.2109
   vertex 26700.6777 17405.4004 50042.7695
   vertex 26532.7305 17390.875 50071.1562
  endloop
 endfacet
facet normal 0.518734336 0.543013275 -0.660341799
  outer loop
   vertex 26642.7305 17267.8926 50681.3711
   vertex 26595.2578 17237.9121 50619.4258
   vertex 26585.0996 17305.5586 50667.0742
  endloop
 endfacet
facet normal 0.363322258 0.572350085 -0.735127449
  outer loop
   vertex 26585.0996 17305.5586 50667.0742
   vertex 26595.2578 17237.9121 50619.4258
   vertex 26479.7695 17320.8789 50626.9453
  endloop
 endfacet
facet normal 0.527170062 0.524342537 0.668697715
  outer loop
   vertex 26721.7637 17170.5488 50223.2969
   vertex 26550.418 17255.4766 50291.7852
   vertex 26647.5957 17079.0332 50353.5273
  endloop
 endfacet
facet normal 0.733878553 0.54572928 0.404477179
  outer loop
   vertex 26647.5957 17079.0332 50353.5273
   vertex 26550.418 17255.4766 50291.7852
   vertex 26501.3496 17239.3633 50402.5547
  endloop
 endfacet
facet normal -0.0670591667 0.978518963 0.194945306
  outer loop
   vertex 25941.8965 17195.4512 51637.8984
   vertex 26061.584 17201.3418 51649.5
   vertex 26008.6602 17218.2559 51546.3906
  endloop
 endfacet
facet normal 0.474863023 0.708330691 -0.522276461
  outer loop
   vertex 26479.7695 17320.8789 50626.9453
   vertex 26595.2578 17237.9121 50619.4258
   vertex 26409.0449 17285.5508 50514.7266
  endloop
 endfacet
facet normal -0.00371043035 0.898944557 0.438046664
  outer loop
   vertex 26700.6777 17405.4004 50042.7695
   vertex 26553.127 17419.3242 50012.9453
   vertex 26532.7305 17390.875 50071.1562
  endloop
 endfacet
facet normal 0.534922242 0.710399866 0.457373172
  outer loop
   vertex 26721.7637 17170.5488 50223.2969
   vertex 26568.0859 17326.2383 50161.2109
   vertex 26550.418 17255.4766 50291.7852
  endloop
 endfacet
facet normal -0.343779117 0.910527408 0.229686111
  outer loop
   vertex 26052.875 17256.4512 50238.3789
   vertex 26010.4199 17233.498 50265.832
   vertex 26180.9688 17295.0801 50276.9688
  endloop
 endfacet
facet normal 0.315266222 0.928298831 0.19715108
  outer loop
   vertex 26550.418 17255.4766 50291.7852
   vertex 26385.7656 17322.4219 50239.8633
   vertex 26397.7969 17300.3711 50324.4492
  endloop
 endfacet
facet normal 0.192507282 0.851601124 0.487561703
  outer loop
   vertex 26550.418 17255.4766 50291.7852
   vertex 26568.0859 17326.2383 50161.2109
   vertex 26385.7656 17322.4219 50239.8633
  endloop
 endfacet
facet normal 0.0560340323 0.998366058 0.011200374
  outer loop
   vertex 26316.6992 17327.3047 50150.1172
   vertex 26255.6797 17330.0957 50206.582
   vertex 26385.7656 17322.4219 50239.8633
  endloop
 endfacet
facet normal -0.140221521 0.768744946 -0.623994529
  outer loop
   vertex 26160.6875 17283.8555 50131.6484
   vertex 26223.7168 17326.3691 50169.8594
   vertex 26316.6992 17327.3047 50150.1172
  endloop
 endfacet
facet normal -0.276771814 0.943931878 0.179972127
  outer loop
   vertex 25979.0469 17257.582 50480.125
   vertex 26166.5176 17305.418 50517.5352
   vertex 26098.4395 17298.6973 50448.0938
  endloop
 endfacet
facet normal -0.291873753 0.864600837 -0.408992797
  outer loop
   vertex 25988.4844 17231.3984 50349.0039
   vertex 26099.5234 17293.9004 50401.8906
   vertex 26165.6953 17301.1387 50369.9688
  endloop
 endfacet
facet normal -0.4190467 0.876330316 -0.237581715
  outer loop
   vertex 25936.7852 17248.6699 50521.793
   vertex 25979.0469 17257.582 50480.125
   vertex 25870.0488 17214.6719 50514.0977
  endloop
 endfacet
facet normal -0.335176051 0.939932883 -0.0646778941
  outer loop
   vertex 26010.4199 17233.498 50265.832
   vertex 25988.4844 17231.3984 50349.0039
   vertex 26180.9688 17295.0801 50276.9688
  endloop
 endfacet
facet normal -0.3514947 0.928696096 -0.118216023
  outer loop
   vertex 26165.6953 17301.1387 50369.9688
   vertex 26180.9688 17295.0801 50276.9688
   vertex 25988.4844 17231.3984 50349.0039
  endloop
 endfacet
facet normal -0.0265980903 0.99659729 -0.0780154616
  outer loop
   vertex 26316.6992 17327.3047 50150.1172
   vertex 26223.7168 17326.3691 50169.8594
   vertex 26255.6797 17330.0957 50206.582
  endloop
 endfacet
facet normal -0.301622242 0.941812277 0.148370013
  outer loop
   vertex 26180.9688 17295.0801 50276.9688
   vertex 26255.6797 17330.0957 50206.582
   vertex 26155.6914 17300.7559 50189.5547
  endloop
 endfacet
facet normal -0.41329661 0.893128932 0.177500933
  outer loop
   vertex 26180.9688 17295.0801 50276.9688
   vertex 26155.6914 17300.7559 50189.5547
   vertex 26054.9805 17250.8418 50206.2188
  endloop
 endfacet
facet normal -0.303939283 0.937511265 0.169391528
  outer loop
   vertex 26223.7168 17326.3691 50169.8594
   vertex 26155.6914 17300.7559 50189.5547
   vertex 26255.6797 17330.0957 50206.582
  endloop
 endfacet
facet normal -0.0490860939 0.91405654 0.402605474
  outer loop
   vertex 26385.7656 17322.4219 50239.8633
   vertex 26255.6797 17330.0957 50206.582
   vertex 26180.9688 17295.0801 50276.9688
  endloop
 endfacet
facet normal -0.0808771029 0.961622119 0.262186617
  outer loop
   vertex 26385.7656 17322.4219 50239.8633
   vertex 26180.9688 17295.0801 50276.9688
   vertex 26397.7969 17300.3711 50324.4492
  endloop
 endfacet
facet normal -0.233255029 0.955244184 -0.181935921
  outer loop
   vertex 26180.9688 17295.0801 50276.9688
   vertex 26054.9805 17250.8418 50206.2188
   vertex 26052.875 17256.4512 50238.3789
  endloop
 endfacet
facet normal 0.304446995 0.903387249 0.301999152
  outer loop
   vertex 26397.7969 17300.3711 50324.4492
   vertex 26320.4648 17304.625 50389.6836
   vertex 26501.3496 17239.3633 50402.5547
  endloop
 endfacet
facet normal 0.325093627 0.904632092 0.275599122
  outer loop
   vertex 26397.7969 17300.3711 50324.4492
   vertex 26501.3496 17239.3633 50402.5547
   vertex 26550.418 17255.4766 50291.7852
  endloop
 endfacet
facet normal -0.321513832 0.941040933 -0.105218075
  outer loop
   vertex 26010.2969 17265.1562 50417.457
   vertex 26098.4395 17298.6973 50448.0938
   vertex 26099.5234 17293.9004 50401.8906
  endloop
 endfacet
facet normal -0.389992625 0.882050574 -0.264371961
  outer loop
   vertex 25879.25 17198.9043 50431.5664
   vertex 25865.7871 17206.2148 50475.8203
   vertex 25979.0469 17257.582 50480.125
  endloop
 endfacet
facet normal -0.458242416 0.880399346 -0.1221103
  outer loop
   vertex 26010.2969 17265.1562 50417.457
   vertex 25879.25 17198.9043 50431.5664
   vertex 25979.0469 17257.582 50480.125
  endloop
 endfacet
facet normal -0.338296533 0.939421475 -0.0551616028
  outer loop
   vertex 26098.4395 17298.6973 50448.0938
   vertex 26010.2969 17265.1562 50417.457
   vertex 25979.0469 17257.582 50480.125
  endloop
 endfacet
facet normal 0.0299784224 0.991577148 0.1260003
  outer loop
   vertex 26191.7832 17265.0273 51030.957
   vertex 26157.8262 17254.2148 51124.1289
   vertex 26292.7559 17257.1211 51069.1562
  endloop
 endfacet
facet normal -0.257807732 0.966074646 -0.0153290965
  outer loop
   vertex 26115.5371 17299.6445 50782.6445
   vertex 26251.793 17336.1562 50792.1484
   vertex 26207.7207 17323.5 50735.7734
  endloop
 endfacet
facet normal -0.295320153 0.943553805 0.149974093
  outer loop
   vertex 25900.457 17218.1719 50685.5977
   vertex 26224.8027 17322.7559 50666.293
   vertex 26122.0215 17300.8867 50601.5
  endloop
 endfacet
facet normal -0.233885899 0.969623685 -0.0716052726
  outer loop
   vertex 26166.5176 17305.418 50517.5352
   vertex 26001.1035 17268.4023 50556.6016
   vertex 26122.0215 17300.8867 50601.5
  endloop
 endfacet
facet normal -0.262703598 0.962979019 -0.0604837649
  outer loop
   vertex 25979.0469 17257.582 50480.125
   vertex 25936.7852 17248.6699 50521.793
   vertex 26001.1035 17268.4023 50556.6016
  endloop
 endfacet
facet normal -0.233523965 0.969837487 -0.0698701367
  outer loop
   vertex 26166.5176 17305.418 50517.5352
   vertex 25979.0469 17257.582 50480.125
   vertex 26001.1035 17268.4023 50556.6016
  endloop
 endfacet
facet normal -0.149067253 0.988494575 -0.0256394055
  outer loop
   vertex 26306.1328 17328.5508 50597.6875
   vertex 26166.5176 17305.418 50517.5352
   vertex 26122.0215 17300.8867 50601.5
  endloop
 endfacet
facet normal 0.110069156 0.991221786 0.0732404739
  outer loop
   vertex 26320.4648 17304.625 50389.6836
   vertex 26216.582 17312.4805 50439.5078
   vertex 26409.0449 17285.5508 50514.7266
  endloop
 endfacet
facet normal 0.344005108 0.933488667 -0.101288483
  outer loop
   vertex 26320.4648 17304.625 50389.6836
   vertex 26409.0449 17285.5508 50514.7266
   vertex 26501.3496 17239.3633 50402.5547
  endloop
 endfacet
facet normal -0.122784011 0.986830771 -0.105304748
  outer loop
   vertex 26099.5234 17293.9004 50401.8906
   vertex 26098.4395 17298.6973 50448.0938
   vertex 26216.582 17312.4805 50439.5078
  endloop
 endfacet
facet normal -0.137409493 0.988653123 -0.0606930815
  outer loop
   vertex 26165.6953 17301.1387 50369.9688
   vertex 26099.5234 17293.9004 50401.8906
   vertex 26216.582 17312.4805 50439.5078
  endloop
 endfacet
facet normal -0.128024474 0.989423335 -0.0682000294
  outer loop
   vertex 26394.0215 17344.3613 50662.0703
   vertex 26306.1328 17328.5508 50597.6875
   vertex 26224.8027 17322.7559 50666.293
  endloop
 endfacet
facet normal 0.220820963 0.818946481 0.52968365
  outer loop
   vertex 26466.2109 17321.5 50791.6797
   vertex 26362.0215 17327.2988 50826.1484
   vertex 26499.8086 17273.8809 50851.2969
  endloop
 endfacet
facet normal 0.0972937718 0.990618587 0.0959622636
  outer loop
   vertex 26398.8242 17337.709 50725.8828
   vertex 26521.0312 17328.9785 50692.0859
   vertex 26394.0215 17344.3613 50662.0703
  endloop
 endfacet
facet normal 0.211922839 0.853057444 0.476845592
  outer loop
   vertex 26586.8105 17276.4902 50756.7539
   vertex 26613.834 17298.6855 50705.0352
   vertex 26521.0312 17328.9785 50692.0859
  endloop
 endfacet
facet normal -0.266840786 0.929896057 0.253158629
  outer loop
   vertex 26214.9609 17309.9707 50849.5117
   vertex 26251.793 17336.1562 50792.1484
   vertex 26115.5371 17299.6445 50782.6445
  endloop
 endfacet
facet normal -0.261447966 0.93502599 0.239523232
  outer loop
   vertex 26000.9473 17245.4082 50867.9414
   vertex 26181.8613 17276.4141 50944.3789
   vertex 26214.9609 17309.9707 50849.5117
  endloop
 endfacet
facet normal -0.26083529 0.934150755 0.243572056
  outer loop
   vertex 26214.9609 17309.9707 50849.5117
   vertex 26115.5371 17299.6445 50782.6445
   vertex 26000.9473 17245.4082 50867.9414
  endloop
 endfacet
facet normal -0.381865293 0.921343923 0.0728306323
  outer loop
   vertex 26000.9473 17245.4082 50867.9414
   vertex 26115.5371 17299.6445 50782.6445
   vertex 25900.457 17218.1719 50685.5977
  endloop
 endfacet
facet normal -0.396114975 0.914559186 0.0816972852
  outer loop
   vertex 26000.9473 17245.4082 50867.9414
   vertex 25900.457 17218.1719 50685.5977
   vertex 25649.9219 17088.1758 50926.1016
  endloop
 endfacet
facet normal -0.310397774 0.94666779 -0.0864480808
  outer loop
   vertex 26207.7207 17323.5 50735.7734
   vertex 26224.8027 17322.7559 50666.293
   vertex 25900.457 17218.1719 50685.5977
  endloop
 endfacet
facet normal -0.203832462 0.967356622 0.150577173
  outer loop
   vertex 26181.8613 17276.4141 50944.3789
   vertex 25950.4824 17211.1562 51050.4062
   vertex 26191.7832 17265.0273 51030.957
  endloop
 endfacet
facet normal 0.191835895 0.975255907 0.109885924
  outer loop
   vertex 26236.543 17225.8145 51238.7578
   vertex 26157.8262 17254.2148 51124.1289
   vertex 26113.3125 17255.0918 51194.0508
  endloop
 endfacet
facet normal -0.149845168 0.984181821 -0.0945122465
  outer loop
   vertex 26122.0215 17300.8867 50601.5
   vertex 26224.8027 17322.7559 50666.293
   vertex 26306.1328 17328.5508 50597.6875
  endloop
 endfacet
facet normal 0.318348348 0.9454 -0.0698079169
  outer loop
   vertex 26613.834 17298.6855 50705.0352
   vertex 26585.0996 17305.5586 50667.0742
   vertex 26521.0312 17328.9785 50692.0859
  endloop
 endfacet
facet normal 0.248857513 0.855592489 0.453906834
  outer loop
   vertex 26357.7188 17290.3438 50898.1641
   vertex 26499.8086 17273.8809 50851.2969
   vertex 26362.0215 17327.2988 50826.1484
  endloop
 endfacet
facet normal -0.217389882 0.96847111 0.121677302
  outer loop
   vertex 26181.8613 17276.4141 50944.3789
   vertex 26000.9473 17245.4082 50867.9414
   vertex 25950.4824 17211.1562 51050.4062
  endloop
 endfacet
facet normal -0.22498478 0.962549984 0.151259407
  outer loop
   vertex 25889.7168 17149.8789 51900.2695
   vertex 25761.0547 17123.7695 51875.0352
   vertex 25819.5508 17115.0684 52017.4219
  endloop
 endfacet
facet normal -0.157084525 0.979089379 0.129261345
  outer loop
   vertex 25992.8066 17229.9785 51386.5547
   vertex 25914.2891 17203.1602 51494.2656
   vertex 26029.5195 17226.166 51460.0547
  endloop
 endfacet
facet normal -0.0658494979 0.981262326 0.181074798
  outer loop
   vertex 25941.8965 17195.4512 51637.8984
   vertex 26023.6211 17171.7871 51795.8516
   vertex 26061.584 17201.3418 51649.5
  endloop
 endfacet
facet normal 0.107870892 0.968693674 0.223598763
  outer loop
   vertex 26023.6211 17171.7871 51795.8516
   vertex 26120.9941 17172.5078 51745.75
   vertex 26061.584 17201.3418 51649.5
  endloop
 endfacet
facet normal -0.155256733 0.986909568 -0.043644879
  outer loop
   vertex 26113.3125 17255.0918 51194.0508
   vertex 25991.0449 17235.9668 51196.5039
   vertex 26062.9883 17249.8867 51255.3438
  endloop
 endfacet
facet normal -0.0352548175 0.981333733 -0.189053491
  outer loop
   vertex 25980.1387 17246.418 51252.793
   vertex 26062.9883 17249.8867 51255.3438
   vertex 25991.0449 17235.9668 51196.5039
  endloop
 endfacet
facet normal 0.0135096535 0.831096888 0.555963576
  outer loop
   vertex 26002.0996 17095.6719 52180.4648
   vertex 26052.9844 17073.0801 52213
   vertex 26069.0703 17110.0938 52157.2773
  endloop
 endfacet
facet normal 0.30113095 0.122174725 0.945723772
  outer loop
   vertex 26050.8984 17141.9043 52158.9531
   vertex 26002.0996 17095.6719 52180.4648
   vertex 26069.0703 17110.0938 52157.2773
  endloop
 endfacet
facet normal 0.74682492 0.444369674 0.494760722
  outer loop
   vertex 26069.0703 17110.0938 52157.2773
   vertex 26146.2578 17022.7441 52119.2148
   vertex 26078.3477 17126.1309 52128.8711
  endloop
 endfacet
facet normal 0.15727362 0.984248817 0.0807420686
  outer loop
   vertex 26116.6055 17201.5645 51539.6172
   vertex 26008.6602 17218.2559 51546.3906
   vertex 26061.584 17201.3418 51649.5
  endloop
 endfacet
facet normal 0.946064115 0.317677468 -0.0635901466
  outer loop
   vertex 26069.0703 17110.0938 52157.2773
   vertex 26052.6777 17135.1699 52038.668
   vertex 26053.8867 17150.5195 52133.3398
  endloop
 endfacet
facet normal -0.586642742 0.772114873 0.244313091
  outer loop
   vertex 26069.0703 17110.0938 52157.2773
   vertex 26078.3477 17126.1309 52128.8711
   vertex 26052.6777 17135.1699 52038.668
  endloop
 endfacet
facet normal -0.647527516 -0.553400338 -0.523885727
  outer loop
   vertex 26069.0703 17110.0938 52157.2773
   vertex 26053.8867 17150.5195 52133.3398
   vertex 26078.3477 17126.1309 52128.8711
  endloop
 endfacet
facet normal 0.474006504 0.878284037 -0.0627293363
  outer loop
   vertex 26331.2969 17035.0469 51903.5547
   vertex 26352.1797 17016.8184 51806.1289
   vertex 26226.1484 17090.0781 51879.5234
  endloop
 endfacet
facet normal -0.160078421 0.979548216 -0.12190216
  outer loop
   vertex 25950.4824 17211.1562 51050.4062
   vertex 25991.0449 17235.9668 51196.5039
   vertex 26157.8262 17254.2148 51124.1289
  endloop
 endfacet
facet normal -0.215080947 0.975973368 0.0348737873
  outer loop
   vertex 26191.7832 17265.0273 51030.957
   vertex 25950.4824 17211.1562 51050.4062
   vertex 26157.8262 17254.2148 51124.1289
  endloop
 endfacet
facet normal -0.155767694 0.981482804 -0.111480452
  outer loop
   vertex 25991.0449 17235.9668 51196.5039
   vertex 26113.3125 17255.0918 51194.0508
   vertex 26157.8262 17254.2148 51124.1289
  endloop
 endfacet
facet normal 0.767469466 0.478137463 0.427054048
  outer loop
   vertex 26409.8457 17079.5723 51394.707
   vertex 26349.9336 17128.4277 51447.6758
   vertex 26300.6562 17101.9258 51565.9062
  endloop
 endfacet
facet normal -0.0415559374 0.98721993 0.153850257
  outer loop
   vertex 26052.6777 17135.1699 52038.668
   vertex 26023.6211 17171.7871 51795.8516
   vertex 25889.7168 17149.8789 51900.2695
  endloop
 endfacet
facet normal -0.00696072495 0.993481457 0.113781042
  outer loop
   vertex 25944.2031 17130.3594 52074.0273
   vertex 26052.6777 17135.1699 52038.668
   vertex 25889.7168 17149.8789 51900.2695
  endloop
 endfacet
facet normal -0.195611447 0.965863228 0.169836208
  outer loop
   vertex 25944.2031 17130.3594 52074.0273
   vertex 25889.7168 17149.8789 51900.2695
   vertex 25819.5508 17115.0684 52017.4219
  endloop
 endfacet
facet normal 0.280917436 0.953159094 0.112130001
  outer loop
   vertex 26061.584 17201.3418 51649.5
   vertex 26120.9941 17172.5078 51745.75
   vertex 26167.6113 17167.375 51672.5977
  endloop
 endfacet
facet normal 0.284107715 0.923421025 0.258024037
  outer loop
   vertex 26308.4668 17163.0273 51384.2695
   vertex 26236.543 17225.8145 51238.7578
   vertex 26132.9375 17216.6562 51385.6172
  endloop
 endfacet
facet normal 0.153871566 0.965867579 0.208382636
  outer loop
   vertex 26062.9883 17249.8867 51255.3438
   vertex 26236.543 17225.8145 51238.7578
   vertex 26113.3125 17255.0918 51194.0508
  endloop
 endfacet
facet normal 0.15111433 0.974244118 0.167370409
  outer loop
   vertex 26236.543 17225.8145 51238.7578
   vertex 26062.9883 17249.8867 51255.3438
   vertex 26132.9375 17216.6562 51385.6172
  endloop
 endfacet
facet normal 0.424788237 0.880865216 0.208881319
  outer loop
   vertex 26226.1484 17090.0781 51879.5234
   vertex 26167.6113 17167.375 51672.5977
   vertex 26120.9941 17172.5078 51745.75
  endloop
 endfacet
facet normal 0.197610065 0.896304548 0.396974027
  outer loop
   vertex 26226.1484 17090.0781 51879.5234
   vertex 26120.9941 17172.5078 51745.75
   vertex 26023.6211 17171.7871 51795.8516
  endloop
 endfacet
facet normal 0.263021439 0.718088388 0.644335926
  outer loop
   vertex 26343.3184 16992.6621 52015.1328
   vertex 26307.457 17034.2715 51983.3984
   vertex 26290.4785 16979.3223 52051.5664
  endloop
 endfacet
facet normal 0.44587034 0.890684128 0.0887770504
  outer loop
   vertex 26327.3574 17032.0586 51953.3125
   vertex 26331.2969 17035.0469 51903.5547
   vertex 26226.1484 17090.0781 51879.5234
  endloop
 endfacet
facet normal 0.382685214 0.90484339 0.186575636
  outer loop
   vertex 26327.3574 17032.0586 51953.3125
   vertex 26226.1484 17090.0781 51879.5234
   vertex 26307.457 17034.2715 51983.3984
  endloop
 endfacet
facet normal -0.105307043 0.976058602 -0.190315709
  outer loop
   vertex 25944.2031 17130.3594 52074.0273
   vertex 26020.0625 17148.0449 52122.75
   vertex 26052.6777 17135.1699 52038.668
  endloop
 endfacet
facet normal -0.0222100317 0.986908555 -0.159744278
  outer loop
   vertex 26053.8867 17150.5195 52133.3398
   vertex 26052.6777 17135.1699 52038.668
   vertex 26020.0625 17148.0449 52122.75
  endloop
 endfacet
facet normal 0.272740036 0.908270121 0.317266792
  outer loop
   vertex 26349.9336 17128.4277 51447.6758
   vertex 26308.4668 17163.0273 51384.2695
   vertex 26300.6562 17101.9258 51565.9062
  endloop
 endfacet
facet normal 0.279353172 0.906380832 0.316915661
  outer loop
   vertex 26132.9375 17216.6562 51385.6172
   vertex 26300.6562 17101.9258 51565.9062
   vertex 26308.4668 17163.0273 51384.2695
  endloop
 endfacet
facet normal 0.0865514427 0.960841119 0.263236076
  outer loop
   vertex 26292.7559 17257.1211 51069.1562
   vertex 26157.8262 17254.2148 51124.1289
   vertex 26307.373 17237.4551 51136.1328
  endloop
 endfacet
facet normal 0.0955639631 0.979549587 0.177059844
  outer loop
   vertex 26157.8262 17254.2148 51124.1289
   vertex 26236.543 17225.8145 51238.7578
   vertex 26307.373 17237.4551 51136.1328
  endloop
 endfacet
facet normal 0.237418324 0.934119105 -0.26655969
  outer loop
   vertex 26585.0996 17305.5586 50667.0742
   vertex 26479.7695 17320.8789 50626.9453
   vertex 26521.0312 17328.9785 50692.0859
  endloop
 endfacet
facet normal 0.169742897 0.959037304 -0.226792395
  outer loop
   vertex 26394.0215 17344.3613 50662.0703
   vertex 26521.0312 17328.9785 50692.0859
   vertex 26479.7695 17320.8789 50626.9453
  endloop
 endfacet
facet normal 0.381828934 0.905997634 0.182688177
  outer loop
   vertex 26307.373 17237.4551 51136.1328
   vertex 26416.1875 17202.334 51082.8789
   vertex 26292.7559 17257.1211 51069.1562
  endloop
 endfacet
facet normal -0.0248032156 0.944851518 0.326558352
  outer loop
   vertex 26342.6289 17344.748 50774.1875
   vertex 26251.793 17336.1562 50792.1484
   vertex 26362.0215 17327.2988 50826.1484
  endloop
 endfacet
facet normal 0.0927328393 0.988509417 0.119372271
  outer loop
   vertex 26191.7832 17265.0273 51030.957
   vertex 26353.0469 17254.5723 50992.2695
   vertex 26181.8613 17276.4141 50944.3789
  endloop
 endfacet
facet normal 0.0698776618 0.997318923 0.0217268541
  outer loop
   vertex 26191.7832 17265.0273 51030.957
   vertex 26292.7559 17257.1211 51069.1562
   vertex 26353.0469 17254.5723 50992.2695
  endloop
 endfacet
facet normal 0.367709726 0.89322716 0.258717537
  outer loop
   vertex 26416.1875 17202.334 51082.8789
   vertex 26353.0469 17254.5723 50992.2695
   vertex 26292.7559 17257.1211 51069.1562
  endloop
 endfacet
facet normal -0.0326282866 0.890020251 0.454751968
  outer loop
   vertex 26214.9609 17309.9707 50849.5117
   vertex 26357.7188 17290.3438 50898.1641
   vertex 26362.0215 17327.2988 50826.1484
  endloop
 endfacet
facet normal -0.0464023389 0.919639528 0.390012771
  outer loop
   vertex 26214.9609 17309.9707 50849.5117
   vertex 26362.0215 17327.2988 50826.1484
   vertex 26251.793 17336.1562 50792.1484
  endloop
 endfacet
facet normal 0.0195747428 0.934235215 0.356119841
  outer loop
   vertex 26181.8613 17276.4141 50944.3789
   vertex 26353.0469 17254.5723 50992.2695
   vertex 26357.7188 17290.3438 50898.1641
  endloop
 endfacet
facet normal 0.0142326411 0.941089869 0.337856889
  outer loop
   vertex 26214.9609 17309.9707 50849.5117
   vertex 26181.8613 17276.4141 50944.3789
   vertex 26357.7188 17290.3438 50898.1641
  endloop
 endfacet
facet normal 0.672801316 0.66968596 0.314418733
  outer loop
   vertex 26605.3906 17228.0098 50820.25
   vertex 26586.8105 17276.4902 50756.7539
   vertex 26552.5527 17287.0469 50807.5742
  endloop
 endfacet
facet normal 0.5465101 0.627323508 0.554789901
  outer loop
   vertex 26613.834 17298.6855 50705.0352
   vertex 26586.8105 17276.4902 50756.7539
   vertex 26658.6094 17249.1094 50716.9844
  endloop
 endfacet
facet normal 0.700475812 0.651135743 0.292157322
  outer loop
   vertex 26586.8105 17276.4902 50756.7539
   vertex 26605.3906 17228.0098 50820.25
   vertex 26661.998 17181.3047 50788.6211
  endloop
 endfacet
facet normal 0.36207211 0.930768847 0.0507255606
  outer loop
   vertex 26586.8105 17276.4902 50756.7539
   vertex 26466.2109 17321.5 50791.6797
   vertex 26552.5527 17287.0469 50807.5742
  endloop
 endfacet
facet normal 0.102728523 0.924431503 -0.36725086
  outer loop
   vertex 26306.1328 17328.5508 50597.6875
   vertex 26394.0215 17344.3613 50662.0703
   vertex 26479.7695 17320.8789 50626.9453
  endloop
 endfacet
facet normal 0.176095515 0.982440054 0.0616596118
  outer loop
   vertex 26466.2109 17321.5 50791.6797
   vertex 26398.8242 17337.709 50725.8828
   vertex 26342.6289 17344.748 50774.1875
  endloop
 endfacet
facet normal 0.141479865 0.953172624 0.267292619
  outer loop
   vertex 26466.2109 17321.5 50791.6797
   vertex 26342.6289 17344.748 50774.1875
   vertex 26362.0215 17327.2988 50826.1484
  endloop
 endfacet
facet normal -0.0842898488 0.967339694 -0.239058971
  outer loop
   vertex 26342.6289 17344.748 50774.1875
   vertex 26398.8242 17337.709 50725.8828
   vertex 26207.7207 17323.5 50735.7734
  endloop
 endfacet
facet normal -0.0756147429 0.996707559 -0.0292647742
  outer loop
   vertex 26224.8027 17322.7559 50666.293
   vertex 26207.7207 17323.5 50735.7734
   vertex 26398.8242 17337.709 50725.8828
  endloop
 endfacet
facet normal -0.123094767 0.986046731 0.112069525
  outer loop
   vertex 26394.0215 17344.3613 50662.0703
   vertex 26224.8027 17322.7559 50666.293
   vertex 26398.8242 17337.709 50725.8828
  endloop
 endfacet
facet normal 0.196158826 0.84941107 0.489920974
  outer loop
   vertex 26398.8242 17337.709 50725.8828
   vertex 26586.8105 17276.4902 50756.7539
   vertex 26521.0312 17328.9785 50692.0859
  endloop
 endfacet
facet normal 0.322748959 0.941328526 -0.0986596271
  outer loop
   vertex 26398.8242 17337.709 50725.8828
   vertex 26466.2109 17321.5 50791.6797
   vertex 26586.8105 17276.4902 50756.7539
  endloop
 endfacet
facet normal 0.886807144 0.140544102 -0.440250486
  outer loop
   vertex 26664.1855 17095.3125 50630.0625
   vertex 26676.7695 17189.8789 50685.5977
   vertex 26702.8906 17083.8223 50704.3594
  endloop
 endfacet
facet normal 0.974772811 0.0987847522 0.200148806
  outer loop
   vertex 26569.6934 17080.6855 50952.9023
   vertex 26567.2676 16940.3105 51034
   vertex 26596.6113 16903.168 50909.4258
  endloop
 endfacet
facet normal 0.837360263 -0.0069043804 0.546607792
  outer loop
   vertex 26637.9863 17021.8516 50847.5391
   vertex 26569.6934 17080.6855 50952.9023
   vertex 26596.6113 16903.168 50909.4258
  endloop
 endfacet
facet normal 0.557083011 0.422073007 0.715201318
  outer loop
   vertex 26586.8105 17276.4902 50756.7539
   vertex 26688.084 17166.5 50742.7773
   vertex 26658.6094 17249.1094 50716.9844
  endloop
 endfacet
facet normal 0.732628703 0.648209095 0.207557604
  outer loop
   vertex 26586.8105 17276.4902 50756.7539
   vertex 26661.998 17181.3047 50788.6211
   vertex 26688.084 17166.5 50742.7773
  endloop
 endfacet
facet normal 0.441789359 0.524007618 0.728174567
  outer loop
   vertex 26499.8086 17273.8809 50851.2969
   vertex 26590.5215 17166.0098 50873.8867
   vertex 26605.3906 17228.0098 50820.25
  endloop
 endfacet
facet normal 0.446692467 0.551119864 0.704792738
  outer loop
   vertex 26499.8086 17273.8809 50851.2969
   vertex 26605.3906 17228.0098 50820.25
   vertex 26552.5527 17287.0469 50807.5742
  endloop
 endfacet
facet normal 0.673862517 0.616147339 0.407764345
  outer loop
   vertex 26416.1875 17202.334 51082.8789
   vertex 26523.2305 17100.8223 51059.3711
   vertex 26482.9785 17181.7012 51003.6797
  endloop
 endfacet
facet normal 0.791932762 0.604571998 0.0856455117
  outer loop
   vertex 26300.6562 17101.9258 51565.9062
   vertex 26405.1992 16948.4785 51682.418
   vertex 26465.9219 16899.4004 51467.375
  endloop
 endfacet
facet normal 0.416671246 0.864442766 0.281289428
  outer loop
   vertex 26416.1875 17202.334 51082.8789
   vertex 26307.373 17237.4551 51136.1328
   vertex 26394.6602 17178.6758 51187.4688
  endloop
 endfacet
facet normal 0.600182056 0.744671464 0.291968971
  outer loop
   vertex 26484.2832 17124.0098 51142.668
   vertex 26416.1875 17202.334 51082.8789
   vertex 26394.6602 17178.6758 51187.4688
  endloop
 endfacet
facet normal 0.594154894 0.609548092 0.524815321
  outer loop
   vertex 26590.5215 17166.0098 50873.8867
   vertex 26499.8086 17273.8809 50851.2969
   vertex 26487.7188 17218.1992 50929.6562
  endloop
 endfacet
facet normal 0.697148919 0.705098212 0.129691511
  outer loop
   vertex 26416.1875 17202.334 51082.8789
   vertex 26484.2832 17124.0098 51142.668
   vertex 26523.2305 17100.8223 51059.3711
  endloop
 endfacet
facet normal 0.787267983 0.425156504 0.446599424
  outer loop
   vertex 26465.9219 16899.4004 51467.375
   vertex 26409.8457 17079.5723 51394.707
   vertex 26300.6562 17101.9258 51565.9062
  endloop
 endfacet
facet normal 0.815018654 0.551852524 -0.176644847
  outer loop
   vertex 26052.6777 17135.1699 52038.668
   vertex 26078.3477 17126.1309 52128.8711
   vertex 26146.2578 17022.7441 52119.2148
  endloop
 endfacet
facet normal 0.635178983 0.772341192 0.00606075814
  outer loop
   vertex 26409.8457 17079.5723 51394.707
   vertex 26308.4668 17163.0273 51384.2695
   vertex 26349.9336 17128.4277 51447.6758
  endloop
 endfacet
facet normal 0.397400111 0.89757514 0.19087179
  outer loop
   vertex 26236.543 17225.8145 51238.7578
   vertex 26308.4668 17163.0273 51384.2695
   vertex 26376.9219 17153.0117 51288.8438
  endloop
 endfacet
facet normal 0.859594643 0.502962112 0.0901448652
  outer loop
   vertex 26331.2969 17035.0469 51903.5547
   vertex 26374.4961 16953.7031 51945.4727
   vertex 26352.1797 17016.8184 51806.1289
  endloop
 endfacet
facet normal 0.815311491 0.578245103 0.0299959164
  outer loop
   vertex 26405.1992 16948.4785 51682.418
   vertex 26300.6562 17101.9258 51565.9062
   vertex 26352.1797 17016.8184 51806.1289
  endloop
 endfacet
facet normal 0.577891707 0.747634947 0.327235669
  outer loop
   vertex 26307.457 17034.2715 51983.3984
   vertex 26343.3184 16992.6621 52015.1328
   vertex 26327.3574 17032.0586 51953.3125
  endloop
 endfacet
facet normal 0.423528641 0.825501204 0.37305662
  outer loop
   vertex 26226.1484 17090.0781 51879.5234
   vertex 26146.2578 17022.7441 52119.2148
   vertex 26290.4785 16979.3223 52051.5664
  endloop
 endfacet
facet normal 0.857057154 0.505773425 0.0982152149
  outer loop
   vertex 26327.3574 17032.0586 51953.3125
   vertex 26374.4961 16953.7031 51945.4727
   vertex 26331.2969 17035.0469 51903.5547
  endloop
 endfacet
facet normal 0.85694623 0.505443454 0.10084641
  outer loop
   vertex 26327.3574 17032.0586 51953.3125
   vertex 26343.3184 16992.6621 52015.1328
   vertex 26374.4961 16953.7031 51945.4727
  endloop
 endfacet
facet normal 0.358097613 0.88830179 0.287551761
  outer loop
   vertex 26394.6602 17178.6758 51187.4688
   vertex 26236.543 17225.8145 51238.7578
   vertex 26376.9219 17153.0117 51288.8438
  endloop
 endfacet
facet normal 0.370662749 0.858967483 0.353247792
  outer loop
   vertex 26394.6602 17178.6758 51187.4688
   vertex 26307.373 17237.4551 51136.1328
   vertex 26236.543 17225.8145 51238.7578
  endloop
 endfacet
facet normal 0.91694361 0.163416639 0.36401847
  outer loop
   vertex 26537.6211 16895.918 51188.4688
   vertex 26534.6152 17030.2812 51135.7227
   vertex 26484.7734 17059.5098 51248.1484
  endloop
 endfacet
facet normal 0.904620826 0.369640231 -0.212196395
  outer loop
   vertex 26537.6211 16895.918 51188.4688
   vertex 26484.7734 17059.5098 51248.1484
   vertex 26530.207 16969.1113 51284.3672
  endloop
 endfacet
facet normal 0.85480088 0.438451141 0.277625799
  outer loop
   vertex 26523.2305 17100.8223 51059.3711
   vertex 26484.2832 17124.0098 51142.668
   vertex 26534.6152 17030.2812 51135.7227
  endloop
 endfacet
facet normal 0.687028944 0.666685343 0.289001554
  outer loop
   vertex 26394.6602 17178.6758 51187.4688
   vertex 26376.9219 17153.0117 51288.8438
   vertex 26484.7734 17059.5098 51248.1484
  endloop
 endfacet
facet normal 0.964094937 0.25062421 0.0877976641
  outer loop
   vertex 26567.2676 16940.3105 51034
   vertex 26523.2305 17100.8223 51059.3711
   vertex 26534.6152 17030.2812 51135.7227
  endloop
 endfacet
facet normal 0.615440965 0.673702657 0.409093052
  outer loop
   vertex 26484.2832 17124.0098 51142.668
   vertex 26394.6602 17178.6758 51187.4688
   vertex 26484.7734 17059.5098 51248.1484
  endloop
 endfacet
facet normal 0.857446194 0.440767646 0.265536994
  outer loop
   vertex 26484.7734 17059.5098 51248.1484
   vertex 26534.6152 17030.2812 51135.7227
   vertex 26484.2832 17124.0098 51142.668
  endloop
 endfacet
facet normal 0.870184839 0.480903149 0.107287042
  outer loop
   vertex 26405.1992 16948.4785 51682.418
   vertex 26352.1797 17016.8184 51806.1289
   vertex 26409.3711 16909.7266 51822.2773
  endloop
 endfacet
facet normal 0.874634147 0.478672147 0.0767340288
  outer loop
   vertex 26352.1797 17016.8184 51806.1289
   vertex 26374.4961 16953.7031 51945.4727
   vertex 26409.3711 16909.7266 51822.2773
  endloop
 endfacet
facet normal 0.955632329 0.224867746 0.190266564
  outer loop
   vertex 26409.3711 16909.7266 51822.2773
   vertex 26374.4961 16953.7031 51945.4727
   vertex 26412.6465 16821.2969 51910.3359
  endloop
 endfacet
facet normal 0.484903306 0.394571424 0.780501246
  outer loop
   vertex 26290.4785 16979.3223 52051.5664
   vertex 26146.2578 17022.7441 52119.2148
   vertex 26230.1953 16907.9043 52125.125
  endloop
 endfacet
facet normal 0.0742718279 0.896851838 0.436050981
  outer loop
   vertex 26341.2148 16975.6797 52050.4219
   vertex 26343.3184 16992.6621 52015.1328
   vertex 26290.4785 16979.3223 52051.5664
  endloop
 endfacet
facet normal -0.131387085 0.732090056 0.668417275
  outer loop
   vertex 26076.502 17007.4668 52246.4961
   vertex 26083.9473 17037.6289 52214.9258
   vertex 26035.8008 17003.75 52242.5703
  endloop
 endfacet
facet normal 0.299408406 0.310575485 0.902162671
  outer loop
   vertex 26052.9844 17073.0801 52213
   vertex 26035.8008 17003.75 52242.5703
   vertex 26083.9473 17037.6289 52214.9258
  endloop
 endfacet
facet normal 0.820321858 0.128279716 0.557329655
  outer loop
   vertex 26721.7637 17170.5488 50223.2969
   vertex 26647.5957 17079.0332 50353.5273
   vertex 26752.9785 16962.834 50225.1602
  endloop
 endfacet
facet normal 0.890839994 -0.206247926 -0.404803544
  outer loop
   vertex 26653.7285 16943.2246 50667.8008
   vertex 26702.8906 17083.8223 50704.3594
   vertex 26702.1855 17021.5156 50734.5469
  endloop
 endfacet
facet normal 0.781230271 -0.429653317 0.452854604
  outer loop
   vertex 26599.4141 16741.4238 50359.4766
   vertex 26618.6211 16873.459 50451.6133
   vertex 26540.1504 16691.498 50414.3477
  endloop
 endfacet
facet normal 0.425110459 0.202690229 0.88215518
  outer loop
   vertex 27007.3027 17221.7461 50042.6094
   vertex 26852.8672 17260.6699 50108.0859
   vertex 26933.9707 17151.7734 50094.0234
  endloop
 endfacet
facet normal 0.371163607 -0.0831561387 0.924836516
  outer loop
   vertex 27007.3027 17221.7461 50042.6094
   vertex 26967.0059 17296.2988 50065.4844
   vertex 26852.8672 17260.6699 50108.0859
  endloop
 endfacet
facet normal 0.372968435 0.15974544 0.913989007
  outer loop
   vertex 26933.9707 17151.7734 50094.0234
   vertex 26852.8672 17260.6699 50108.0859
   vertex 26861.4922 17069.8809 50137.9141
  endloop
 endfacet
facet normal 0.737727463 -0.214734316 0.640037
  outer loop
   vertex 26942.9316 17029.8691 50030.6211
   vertex 26861.4922 17069.8809 50137.9141
   vertex 26873.3105 16953.7031 50085.3125
  endloop
 endfacet
facet normal 0.710178733 -0.283065557 0.644608438
  outer loop
   vertex 26942.9316 17029.8691 50030.6211
   vertex 26933.9707 17151.7734 50094.0234
   vertex 26861.4922 17069.8809 50137.9141
  endloop
 endfacet
facet normal 0.592747509 0.464556694 0.65790385
  outer loop
   vertex 26487.7188 17218.1992 50929.6562
   vertex 26569.6934 17080.6855 50952.9023
   vertex 26590.5215 17166.0098 50873.8867
  endloop
 endfacet
facet normal 0.792823017 0.524951816 0.309608251
  outer loop
   vertex 26487.7188 17218.1992 50929.6562
   vertex 26482.9785 17181.7012 51003.6797
   vertex 26569.6934 17080.6855 50952.9023
  endloop
 endfacet
facet normal 0.592182279 0.150525019 0.791620135
  outer loop
   vertex 26861.4922 17069.8809 50137.9141
   vertex 26852.8672 17260.6699 50108.0859
   vertex 26721.7637 17170.5488 50223.2969
  endloop
 endfacet
facet normal 0.741325378 -0.240922272 0.626412928
  outer loop
   vertex 26861.4922 17069.8809 50137.9141
   vertex 26752.9785 16962.834 50225.1602
   vertex 26828.3926 16923.6094 50120.8281
  endloop
 endfacet
facet normal 0.566882789 0.0925387219 0.818584442
  outer loop
   vertex 26861.4922 17069.8809 50137.9141
   vertex 26721.7637 17170.5488 50223.2969
   vertex 26752.9785 16962.834 50225.1602
  endloop
 endfacet
facet normal 0.716662645 -0.378056884 0.58606118
  outer loop
   vertex 26873.3105 16953.7031 50085.3125
   vertex 26828.3926 16923.6094 50120.8281
   vertex 26850.9434 16904.2598 50080.7695
  endloop
 endfacet
facet normal 0.695192337 -0.236598119 0.678770185
  outer loop
   vertex 26861.4922 17069.8809 50137.9141
   vertex 26828.3926 16923.6094 50120.8281
   vertex 26873.3105 16953.7031 50085.3125
  endloop
 endfacet
facet normal 0.936868191 -0.260284185 0.233516917
  outer loop
   vertex 26540.1523 16769.6113 51037.5234
   vertex 26537.6211 16895.918 51188.4688
   vertex 26494.752 16688.7344 51129.5312
  endloop
 endfacet
facet normal 0.904959559 -0.418088466 0.0790583268
  outer loop
   vertex 26483.4668 16640.7559 51004.9727
   vertex 26540.1523 16769.6113 51037.5234
   vertex 26494.752 16688.7344 51129.5312
  endloop
 endfacet
facet normal 0.775406301 -0.615210712 0.142340779
  outer loop
   vertex 26617.0938 16707.1367 50217.9609
   vertex 26643.166 16727.2891 50163.0352
   vertex 26685.1836 16795.2051 50227.6914
  endloop
 endfacet
facet normal 0.762869477 -0.612626493 0.206685483
  outer loop
   vertex 26601.623 16708.1406 50278.0391
   vertex 26617.0938 16707.1367 50217.9609
   vertex 26685.1836 16795.2051 50227.6914
  endloop
 endfacet
facet normal 0.945783615 0.319867373 -0.0563752539
  outer loop
   vertex 26658.6094 17249.1094 50716.9844
   vertex 26688.084 17166.5 50742.7773
   vertex 26676.7695 17189.8789 50685.5977
  endloop
 endfacet
facet normal 0.700348616 0.289881349 -0.652288735
  outer loop
   vertex 26595.2578 17237.9121 50619.4258
   vertex 26676.7695 17189.8789 50685.5977
   vertex 26664.1855 17095.3125 50630.0625
  endloop
 endfacet
facet normal 0.697514296 0.268352985 -0.664424896
  outer loop
   vertex 26642.7305 17267.8926 50681.3711
   vertex 26676.7695 17189.8789 50685.5977
   vertex 26595.2578 17237.9121 50619.4258
  endloop
 endfacet
facet normal 0.884386778 0.0749792978 -0.460693121
  outer loop
   vertex 26664.1855 17095.3125 50630.0625
   vertex 26643.6016 16969.7012 50570.1016
   vertex 26599.7578 17120.7148 50510.5156
  endloop
 endfacet
facet normal 0.845380485 0.380684763 -0.374714524
  outer loop
   vertex 26664.1855 17095.3125 50630.0625
   vertex 26599.7578 17120.7148 50510.5156
   vertex 26595.2578 17237.9121 50619.4258
  endloop
 endfacet
facet normal 0.936992586 0.146980673 -0.316925138
  outer loop
   vertex 26618.6211 16873.459 50451.6133
   vertex 26599.7578 17120.7148 50510.5156
   vertex 26643.6016 16969.7012 50570.1016
  endloop
 endfacet
facet normal 0.762220979 -0.0233545899 0.646895468
  outer loop
   vertex 26752.9785 16962.834 50225.1602
   vertex 26647.5957 17079.0332 50353.5273
   vertex 26668.5449 16863.0391 50321.043
  endloop
 endfacet
facet normal 0.934387267 0.0373476818 0.354295909
  outer loop
   vertex 26647.5957 17079.0332 50353.5273
   vertex 26618.6211 16873.459 50451.6133
   vertex 26668.5449 16863.0391 50321.043
  endloop
 endfacet
facet normal 0.956845939 0.00377760036 0.290571034
  outer loop
   vertex 26647.5957 17079.0332 50353.5273
   vertex 26599.7578 17120.7148 50510.5156
   vertex 26618.6211 16873.459 50451.6133
  endloop
 endfacet
facet normal 0.926475227 -0.327819586 -0.184872746
  outer loop
   vertex 26643.6016 16969.7012 50570.1016
   vertex 26653.7285 16943.2246 50667.8008
   vertex 26584.7734 16803.6504 50569.7305
  endloop
 endfacet
facet normal 0.811445892 -0.2631782 0.52181685
  outer loop
   vertex 26716.5859 17085.4844 50744.4141
   vertex 26690.6016 17077.3086 50780.6992
   vertex 26702.1855 17021.5156 50734.5469
  endloop
 endfacet
facet normal 0.848235428 -0.33689636 0.408653259
  outer loop
   vertex 26752.9785 16962.834 50225.1602
   vertex 26685.1836 16795.2051 50227.6914
   vertex 26733.8809 16809.3555 50138.2734
  endloop
 endfacet
facet normal 0.643431723 -0.436196655 0.629069209
  outer loop
   vertex 26752.9785 16962.834 50225.1602
   vertex 26733.8809 16809.3555 50138.2734
   vertex 26828.3926 16923.6094 50120.8281
  endloop
 endfacet
facet normal 0.750828326 0.276267111 0.599944413
  outer loop
   vertex 26690.6016 17077.3086 50780.6992
   vertex 26716.5859 17085.4844 50744.4141
   vertex 26688.084 17166.5 50742.7773
  endloop
 endfacet
facet normal 0.877463818 0.208431229 0.431988031
  outer loop
   vertex 26690.6016 17077.3086 50780.6992
   vertex 26688.084 17166.5 50742.7773
   vertex 26661.998 17181.3047 50788.6211
  endloop
 endfacet
facet normal 0.895991802 0.308769166 -0.319155574
  outer loop
   vertex 26702.8906 17083.8223 50704.3594
   vertex 26688.084 17166.5 50742.7773
   vertex 26716.5859 17085.4844 50744.4141
  endloop
 endfacet
facet normal 0.686615765 0.679704726 0.257992685
  outer loop
   vertex 26409.8457 17079.5723 51394.707
   vertex 26484.7734 17059.5098 51248.1484
   vertex 26376.9219 17153.0117 51288.8438
  endloop
 endfacet
facet normal 0.659495533 0.395084053 0.63951093
  outer loop
   vertex 26605.3906 17228.0098 50820.25
   vertex 26590.5215 17166.0098 50873.8867
   vertex 26654.3066 17137.5645 50825.6836
  endloop
 endfacet
facet normal 0.618883967 0.0606388375 0.783138275
  outer loop
   vertex 26637.9863 17021.8516 50847.5391
   vertex 26654.3066 17137.5645 50825.6836
   vertex 26590.5215 17166.0098 50873.8867
  endloop
 endfacet
facet normal 0.86956948 0.204130918 0.449643761
  outer loop
   vertex 26637.9863 17021.8516 50847.5391
   vertex 26590.5215 17166.0098 50873.8867
   vertex 26569.6934 17080.6855 50952.9023
  endloop
 endfacet
facet normal 0.996968865 -0.000958014047 0.0777955577
  outer loop
   vertex 26537.6211 16895.918 51188.4688
   vertex 26530.207 16969.1113 51284.3672
   vertex 26526.3418 16914.668 51333.2344
  endloop
 endfacet
facet normal 0.935707867 -0.162366629 -0.313189864
  outer loop
   vertex 26702.8906 17083.8223 50704.3594
   vertex 26716.5859 17085.4844 50744.4141
   vertex 26702.1855 17021.5156 50734.5469
  endloop
 endfacet
facet normal 0.947350681 -0.167290047 0.273021549
  outer loop
   vertex 26566.4082 16789.6133 50944.6445
   vertex 26596.6113 16903.168 50909.4258
   vertex 26567.2676 16940.3105 51034
  endloop
 endfacet
facet normal 0.959628284 -0.147485435 0.239502802
  outer loop
   vertex 26567.2676 16940.3105 51034
   vertex 26540.1523 16769.6113 51037.5234
   vertex 26566.4082 16789.6133 50944.6445
  endloop
 endfacet
facet normal 0.75535363 -0.611214697 0.236341879
  outer loop
   vertex 26461.7129 16642.4727 50546.2031
   vertex 26526.0859 16696.8262 50481.0312
   vertex 26584.7734 16803.6504 50569.7305
  endloop
 endfacet
facet normal 0.955983698 -0.249834731 0.153875828
  outer loop
   vertex 26433.0293 16773.0566 51718.5273
   vertex 26401.5684 16576.2402 51594.4219
   vertex 26449.2148 16707.5332 51511.582
  endloop
 endfacet
facet normal 0.993140042 -0.0639158934 0.0979163721
  outer loop
   vertex 26433.0293 16773.0566 51718.5273
   vertex 26449.2148 16707.5332 51511.582
   vertex 26465.9219 16899.4004 51467.375
  endloop
 endfacet
facet normal 0.356844336 -0.355724305 0.863783717
  outer loop
   vertex 26143.2441 16790.2363 52159.207
   vertex 25999.5859 16864.4375 52249.1133
   vertex 25877.9492 16663.5352 52216.6289
  endloop
 endfacet
facet normal 0.93376267 0.200063527 0.296752274
  outer loop
   vertex 26530.207 16969.1113 51284.3672
   vertex 26504.3398 16983.3789 51356.1406
   vertex 26526.3418 16914.668 51333.2344
  endloop
 endfacet
facet normal 0.738116443 0.607121646 0.294257402
  outer loop
   vertex 26484.7734 17059.5098 51248.1484
   vertex 26409.8457 17079.5723 51394.707
   vertex 26504.3398 16983.3789 51356.1406
  endloop
 endfacet
facet normal 0.839974642 0.50336206 0.202655494
  outer loop
   vertex 26484.7734 17059.5098 51248.1484
   vertex 26504.3398 16983.3789 51356.1406
   vertex 26530.207 16969.1113 51284.3672
  endloop
 endfacet
facet normal 0.870917022 -0.483446479 -0.0882217437
  outer loop
   vertex 26494.752 16688.7344 51129.5312
   vertex 26429.7227 16569.3867 51141.5898
   vertex 26401.8535 16540.2324 51026.2383
  endloop
 endfacet
facet normal 0.782620907 -0.601385534 0.160748094
  outer loop
   vertex 26494.752 16688.7344 51129.5312
   vertex 26401.8535 16540.2324 51026.2383
   vertex 26483.4668 16640.7559 51004.9727
  endloop
 endfacet
facet normal 0.954499781 0.29711473 0.0255546775
  outer loop
   vertex 26517.3105 16938.7656 51390.3828
   vertex 26526.3418 16914.668 51333.2344
   vertex 26504.3398 16983.3789 51356.1406
  endloop
 endfacet
facet normal 0.830769598 -0.453616887 0.322573364
  outer loop
   vertex 26465.9219 16899.4004 51467.375
   vertex 26526.3418 16914.668 51333.2344
   vertex 26517.3105 16938.7656 51390.3828
  endloop
 endfacet
facet normal 0.895496607 -0.237651616 0.376307756
  outer loop
   vertex 26465.9219 16899.4004 51467.375
   vertex 26506.7754 16775.248 51291.75
   vertex 26526.3418 16914.668 51333.2344
  endloop
 endfacet
facet normal 0.977943242 -0.0481288992 -0.203250244
  outer loop
   vertex 26545.0996 16739.9141 50853.8867
   vertex 26566.4082 16789.6133 50944.6445
   vertex 26555.6074 16729.2344 50906.9805
  endloop
 endfacet
facet normal 0.53187716 -0.84586823 -0.0401703268
  outer loop
   vertex 26247.5664 16470.6582 50536.2617
   vertex 26214.8555 16454.5625 50442.0703
   vertex 26380.4531 16557.8965 50458.7539
  endloop
 endfacet
facet normal 0.610670567 -0.771466136 0.178665742
  outer loop
   vertex 26247.5664 16470.6582 50536.2617
   vertex 26380.4531 16557.8965 50458.7539
   vertex 26461.7129 16642.4727 50546.2031
  endloop
 endfacet
facet normal 0.76405251 -0.644869566 -0.0191585831
  outer loop
   vertex 26344.4238 16465.1602 51449.4062
   vertex 26335.4922 16451.2852 51560.2031
   vertex 26253.0195 16357.5117 51427.5547
  endloop
 endfacet
facet normal 0.543606341 0.334157884 0.769954979
  outer loop
   vertex 26290.4785 16979.3223 52051.5664
   vertex 26230.1953 16907.9043 52125.125
   vertex 26301.4922 16829.7051 52108.7266
  endloop
 endfacet
facet normal 0.516363084 -0.745515108 0.421398163
  outer loop
   vertex 26374.6191 16483.4512 51826.4648
   vertex 26350.043 16464.4844 51823.0234
   vertex 26353.6875 16458.377 51807.7539
  endloop
 endfacet
facet normal 0.84099263 0.0885609537 0.533749342
  outer loop
   vertex 26083.9473 17037.6289 52214.9258
   vertex 26087.5039 16958.9941 52222.3672
   vertex 26146.2578 17022.7441 52119.2148
  endloop
 endfacet
facet normal 0.288977951 0.0631519482 0.955250561
  outer loop
   vertex 26143.2441 16790.2363 52159.207
   vertex 26301.4922 16829.7051 52108.7266
   vertex 26230.1953 16907.9043 52125.125
  endloop
 endfacet
facet normal 0.975023806 0.171757445 0.140811816
  outer loop
   vertex 26343.3184 16992.6621 52015.1328
   vertex 26341.2148 16975.6797 52050.4219
   vertex 26349.582 16932.0117 52045.7422
  endloop
 endfacet
facet normal 0.0150369862 -0.103677481 0.994497299
  outer loop
   vertex 26341.2148 16975.6797 52050.4219
   vertex 26290.4785 16979.3223 52051.5664
   vertex 26349.582 16932.0117 52045.7422
  endloop
 endfacet
facet normal 0.74956578 -0.660306752 0.0463265963
  outer loop
   vertex 26363.6328 16468.4434 51790.3203
   vertex 26374.6191 16483.4512 51826.4648
   vertex 26353.6875 16458.377 51807.7539
  endloop
 endfacet
facet normal 0.369031787 0.35526371 0.85883832
  outer loop
   vertex 26349.582 16932.0117 52045.7422
   vertex 26290.4785 16979.3223 52051.5664
   vertex 26301.4922 16829.7051 52108.7266
  endloop
 endfacet
facet normal 0.746706784 0.0569885522 0.662707508
  outer loop
   vertex 26349.582 16932.0117 52045.7422
   vertex 26301.4922 16829.7051 52108.7266
   vertex 26373.3105 16833.1445 52027.5078
  endloop
 endfacet
facet normal 0.702330768 -0.70891881 -0.0645414442
  outer loop
   vertex 26332.8086 16722.4727 52080.3398
   vertex 26301.332 16688.2012 52114.2617
   vertex 26247.791 16639.1035 52070.918
  endloop
 endfacet
facet normal 0.533504069 -0.61022979 0.585656047
  outer loop
   vertex 26351.1582 16610.832 51947.3008
   vertex 26332.8086 16722.4727 52080.3398
   vertex 26247.791 16639.1035 52070.918
  endloop
 endfacet
facet normal 0.953618288 0.0708311796 0.292566389
  outer loop
   vertex 26083.9473 17037.6289 52214.9258
   vertex 26076.502 17007.4668 52246.4961
   vertex 26087.5039 16958.9941 52222.3672
  endloop
 endfacet
facet normal 0.455137253 -0.17633 0.872787356
  outer loop
   vertex 26087.5039 16958.9941 52222.3672
   vertex 25999.5859 16864.4375 52249.1133
   vertex 26143.2441 16790.2363 52159.207
  endloop
 endfacet
facet normal 0.273635745 -0.567758799 0.77638483
  outer loop
   vertex 26048.9102 16512.6016 52045.9961
   vertex 25877.9492 16663.5352 52216.6289
   vertex 25876.2324 16401.2207 52025.4062
  endloop
 endfacet
facet normal 0.157769829 0.165401116 0.973525107
  outer loop
   vertex 26230.1953 16907.9043 52125.125
   vertex 26146.2578 17022.7441 52119.2148
   vertex 26143.2441 16790.2363 52159.207
  endloop
 endfacet
facet normal 0.843981862 0.0802742913 0.530330718
  outer loop
   vertex 26146.2578 17022.7441 52119.2148
   vertex 26087.5039 16958.9941 52222.3672
   vertex 26143.2441 16790.2363 52159.207
  endloop
 endfacet
facet normal 0.813863456 -0.384928316 0.435265958
  outer loop
   vertex 26332.8086 16722.4727 52080.3398
   vertex 26351.1582 16610.832 51947.3008
   vertex 26390.0488 16736.6758 51985.8711
  endloop
 endfacet
facet normal -0.0986740962 0.209054857 0.972912908
  outer loop
   vertex 26285.332 16730.8164 52128.3359
   vertex 26320.0781 16753.9863 52126.8828
   vertex 26301.4922 16829.7051 52108.7266
  endloop
 endfacet
facet normal 0.267657101 0.145145729 0.952519
  outer loop
   vertex 26285.332 16730.8164 52128.3359
   vertex 26301.4922 16829.7051 52108.7266
   vertex 26143.2441 16790.2363 52159.207
  endloop
 endfacet
facet normal 0.945627868 0.176576346 0.273145914
  outer loop
   vertex 26349.582 16932.0117 52045.7422
   vertex 26373.3105 16833.1445 52027.5078
   vertex 26374.4961 16953.7031 51945.4727
  endloop
 endfacet
facet normal 0.929158509 0.238506898 0.28245157
  outer loop
   vertex 26349.582 16932.0117 52045.7422
   vertex 26374.4961 16953.7031 51945.4727
   vertex 26343.3184 16992.6621 52015.1328
  endloop
 endfacet
facet normal 0.948484063 0.0283793323 0.315551341
  outer loop
   vertex 26373.3105 16833.1445 52027.5078
   vertex 26390.0488 16736.6758 51985.8711
   vertex 26412.6465 16821.2969 51910.3359
  endloop
 endfacet
facet normal 0.936140358 0.191483214 0.294915855
  outer loop
   vertex 26373.3105 16833.1445 52027.5078
   vertex 26412.6465 16821.2969 51910.3359
   vertex 26374.4961 16953.7031 51945.4727
  endloop
 endfacet
facet normal 0.468764842 -0.666596234 0.579576552
  outer loop
   vertex 26332.8086 16722.4727 52080.3398
   vertex 26320.0781 16753.9863 52126.8828
   vertex 26285.332 16730.8164 52128.3359
  endloop
 endfacet
facet normal 0.971744537 -0.054504361 0.229655802
  outer loop
   vertex 26390.0488 16736.6758 51985.8711
   vertex 26411.8066 16706.2969 51886.6016
   vertex 26412.6465 16821.2969 51910.3359
  endloop
 endfacet
facet normal 0.989199102 -0.126029983 0.0748435855
  outer loop
   vertex 26411.8066 16706.2969 51886.6016
   vertex 26403.4805 16593.0742 51805.9766
   vertex 26433.0293 16773.0566 51718.5273
  endloop
 endfacet
facet normal 0.990602732 0.113172829 0.0767991766
  outer loop
   vertex 26409.3711 16909.7266 51822.2773
   vertex 26412.6465 16821.2969 51910.3359
   vertex 26433.0293 16773.0566 51718.5273
  endloop
 endfacet
facet normal 0.99309653 -0.0306289811 0.113230355
  outer loop
   vertex 26411.8066 16706.2969 51886.6016
   vertex 26433.0293 16773.0566 51718.5273
   vertex 26412.6465 16821.2969 51910.3359
  endloop
 endfacet
facet normal 0.987065256 0.159635529 0.0147877503
  outer loop
   vertex 26405.1992 16948.4785 51682.418
   vertex 26409.3711 16909.7266 51822.2773
   vertex 26433.0293 16773.0566 51718.5273
  endloop
 endfacet
facet normal 0.954266191 0.197571859 0.224368855
  outer loop
   vertex 26465.9219 16899.4004 51467.375
   vertex 26405.1992 16948.4785 51682.418
   vertex 26433.0293 16773.0566 51718.5273
  endloop
 endfacet
facet normal 0.72328335 -0.687430501 0.0655781254
  outer loop
   vertex 26374.6191 16483.4512 51826.4648
   vertex 26363.6328 16468.4434 51790.3203
   vertex 26388.7871 16495.9199 51800.9062
  endloop
 endfacet
facet normal 0.925790846 -0.0259452648 -0.377144724
  outer loop
   vertex 26365.5156 16487.8672 51720.0195
   vertex 26403.4805 16593.0742 51805.9766
   vertex 26398.6113 16523.5664 51798.8047
  endloop
 endfacet
facet normal 0.962188721 0.2574839 0.0888531283
  outer loop
   vertex 26332.8086 16722.4727 52080.3398
   vertex 26301.4922 16829.7051 52108.7266
   vertex 26320.0781 16753.9863 52126.8828
  endloop
 endfacet
facet normal 0.968763411 -0.044038903 0.244045198
  outer loop
   vertex 26403.4805 16593.0742 51805.9766
   vertex 26384.5117 16553.9219 51874.2148
   vertex 26392.625 16523.2656 51836.4727
  endloop
 endfacet
facet normal 0.984135211 -0.0850111395 0.155727386
  outer loop
   vertex 26403.4805 16593.0742 51805.9766
   vertex 26392.625 16523.2656 51836.4727
   vertex 26398.6113 16523.5664 51798.8047
  endloop
 endfacet
facet normal 0.757678449 -0.633987665 -0.15486446
  outer loop
   vertex 26363.6328 16468.4434 51790.3203
   vertex 26365.5156 16487.8672 51720.0195
   vertex 26388.7871 16495.9199 51800.9062
  endloop
 endfacet
facet normal 0.911774755 -0.34136644 -0.22833252
  outer loop
   vertex 26398.6113 16523.5664 51798.8047
   vertex 26388.7871 16495.9199 51800.9062
   vertex 26365.5156 16487.8672 51720.0195
  endloop
 endfacet
facet normal 0.593727469 -0.557369173 0.580368221
  outer loop
   vertex 26344.9727 16500.7754 51863.6211
   vertex 26392.625 16523.2656 51836.4727
   vertex 26384.5117 16553.9219 51874.2148
  endloop
 endfacet
facet normal 0.461216837 -0.406753629 0.788562298
  outer loop
   vertex 25999.5859 16864.4375 52249.1133
   vertex 25910.7227 16820.2852 52278.3125
   vertex 25877.9492 16663.5352 52216.6289
  endloop
 endfacet
facet normal 0.391599447 -0.45838666 0.79782927
  outer loop
   vertex 26048.9102 16512.6016 52045.9961
   vertex 26143.2441 16790.2363 52159.207
   vertex 25877.9492 16663.5352 52216.6289
  endloop
 endfacet
facet normal 0.59210515 -0.437851399 0.67653352
  outer loop
   vertex 26344.9727 16500.7754 51863.6211
   vertex 26374.6191 16483.4512 51826.4648
   vertex 26392.625 16523.2656 51836.4727
  endloop
 endfacet
facet normal 0.855585754 -0.450875252 0.254331499
  outer loop
   vertex 26388.7871 16495.9199 51800.9062
   vertex 26392.625 16523.2656 51836.4727
   vertex 26374.6191 16483.4512 51826.4648
  endloop
 endfacet
facet normal 0.935609698 -0.321374506 0.146126285
  outer loop
   vertex 26388.7871 16495.9199 51800.9062
   vertex 26398.6113 16523.5664 51798.8047
   vertex 26392.625 16523.2656 51836.4727
  endloop
 endfacet
facet normal 0.935572267 0.123379946 0.330880523
  outer loop
   vertex 26384.5117 16553.9219 51874.2148
   vertex 26403.4805 16593.0742 51805.9766
   vertex 26351.1582 16610.832 51947.3008
  endloop
 endfacet
facet normal 0.747533858 0.0428510122 0.662840068
  outer loop
   vertex 26301.4922 16829.7051 52108.7266
   vertex 26332.8086 16722.4727 52080.3398
   vertex 26373.3105 16833.1445 52027.5078
  endloop
 endfacet
facet normal 0.857785285 -0.0708927289 0.509095848
  outer loop
   vertex 26390.0488 16736.6758 51985.8711
   vertex 26373.3105 16833.1445 52027.5078
   vertex 26332.8086 16722.4727 52080.3398
  endloop
 endfacet
facet normal -0.322646946 -0.403852254 0.856038749
  outer loop
   vertex 26285.332 16730.8164 52128.3359
   vertex 26247.791 16639.1035 52070.918
   vertex 26301.332 16688.2012 52114.2617
  endloop
 endfacet
facet normal 0.382385701 -0.73395431 0.561330795
  outer loop
   vertex 25953.7266 16368.1934 51977.2891
   vertex 25881.0117 16292.1211 51927.3555
   vertex 26011.8027 16318.0273 51872.1328
  endloop
 endfacet
facet normal 0.713654757 0.0369118638 0.699524462
  outer loop
   vertex 26332.8086 16722.4727 52080.3398
   vertex 26285.332 16730.8164 52128.3359
   vertex 26301.332 16688.2012 52114.2617
  endloop
 endfacet
facet normal 0.536086738 -0.529801369 0.65720737
  outer loop
   vertex 26351.1582 16610.832 51947.3008
   vertex 26344.9727 16500.7754 51863.6211
   vertex 26384.5117 16553.9219 51874.2148
  endloop
 endfacet
facet normal -0.0324407369 -0.52078408 0.853071809
  outer loop
   vertex 26285.332 16730.8164 52128.3359
   vertex 26143.2441 16790.2363 52159.207
   vertex 26247.791 16639.1035 52070.918
  endloop
 endfacet
facet normal 0.506518304 -0.645853102 0.571238101
  outer loop
   vertex 26351.1582 16610.832 51947.3008
   vertex 26247.791 16639.1035 52070.918
   vertex 26208.4219 16467.2148 51911.4883
  endloop
 endfacet
facet normal 0.392999977 -0.570429504 0.721221983
  outer loop
   vertex 26351.1582 16610.832 51947.3008
   vertex 26208.4219 16467.2148 51911.4883
   vertex 26344.9727 16500.7754 51863.6211
  endloop
 endfacet
facet normal -0.410873652 0.0396275036 0.910830677
  outer loop
   vertex 25744.2168 16722.5859 52257.957
   vertex 25829.8496 16710.7891 52297.1016
   vertex 25838.1875 16808.7031 52296.6016
  endloop
 endfacet
facet normal -0.127209738 -0.287201494 0.949385583
  outer loop
   vertex 25744.2168 16722.5859 52257.957
   vertex 25838.1875 16808.7031 52296.6016
   vertex 25778.373 16833.916 52296.2148
  endloop
 endfacet
facet normal 0.239514187 0.10007222 0.965721726
  outer loop
   vertex 25838.1875 16808.7031 52296.6016
   vertex 25831.1328 16892.0723 52289.7109
   vertex 25804.2988 16870.7266 52298.5781
  endloop
 endfacet
facet normal -0.38277787 -0.920642853 0.0767975226
  outer loop
   vertex 25827.6426 16690.8184 52292.9375
   vertex 25744.2168 16722.5859 52257.957
   vertex 25877.9492 16663.5352 52216.6289
  endloop
 endfacet
facet normal 0.552042484 -0.656253874 0.514373362
  outer loop
   vertex 26030.4414 16244.2676 51758.0234
   vertex 26117.8535 16310.4375 51748.6328
   vertex 26011.8027 16318.0273 51872.1328
  endloop
 endfacet
facet normal 0.477982581 -0.750388741 0.456562579
  outer loop
   vertex 26208.4219 16467.2148 51911.4883
   vertex 26011.8027 16318.0273 51872.1328
   vertex 26117.8535 16310.4375 51748.6328
  endloop
 endfacet
facet normal 0.816095531 0.554730833 0.162054867
  outer loop
   vertex 25877.9492 16663.5352 52216.6289
   vertex 25829.8496 16710.7891 52297.1016
   vertex 25848.8281 16683.0293 52296.5508
  endloop
 endfacet
facet normal 0.838084936 -0.0686004609 0.54120934
  outer loop
   vertex 25877.9492 16663.5352 52216.6289
   vertex 25838.1875 16808.7031 52296.6016
   vertex 25829.8496 16710.7891 52297.1016
  endloop
 endfacet
facet normal 0.283685744 -0.401927024 0.87061882
  outer loop
   vertex 25877.9492 16663.5352 52216.6289
   vertex 25910.7227 16820.2852 52278.3125
   vertex 25838.1875 16808.7031 52296.6016
  endloop
 endfacet
facet normal -0.0258407965 -0.045961611 0.998608947
  outer loop
   vertex 25838.1875 16808.7031 52296.6016
   vertex 25804.2988 16870.7266 52298.5781
   vertex 25778.373 16833.916 52296.2148
  endloop
 endfacet
facet normal 0.350882888 -0.678741753 0.645128548
  outer loop
   vertex 26247.791 16639.1035 52070.918
   vertex 26048.9102 16512.6016 52045.9961
   vertex 26208.4219 16467.2148 51911.4883
  endloop
 endfacet
facet normal 0.36740303 -0.65768981 0.657616258
  outer loop
   vertex 26011.8027 16318.0273 51872.1328
   vertex 26208.4219 16467.2148 51911.4883
   vertex 26048.9102 16512.6016 52045.9961
  endloop
 endfacet
facet normal 0.15318656 -0.417312682 0.895758927
  outer loop
   vertex 26247.791 16639.1035 52070.918
   vertex 26143.2441 16790.2363 52159.207
   vertex 26048.9102 16512.6016 52045.9961
  endloop
 endfacet
facet normal 0.367979407 -0.763850987 0.530210197
  outer loop
   vertex 25875.3242 16216.3916 51820.4297
   vertex 25970.1328 16213.1982 51750.0312
   vertex 26011.8027 16318.0273 51872.1328
  endloop
 endfacet
facet normal 0.37267065 -0.766508281 0.523050368
  outer loop
   vertex 25875.3242 16216.3916 51820.4297
   vertex 26011.8027 16318.0273 51872.1328
   vertex 25881.0117 16292.1211 51927.3555
  endloop
 endfacet
facet normal 0.165419206 -0.949714482 0.265855014
  outer loop
   vertex 25875.3242 16216.3916 51820.4297
   vertex 25888.3145 16188.1094 51711.3125
   vertex 25970.1328 16213.1982 51750.0312
  endloop
 endfacet
facet normal 0.175501391 -0.953062773 0.246719792
  outer loop
   vertex 25888.3145 16188.1094 51711.3125
   vertex 25969.8301 16191.21 51665.3047
   vertex 25970.1328 16213.1982 51750.0312
  endloop
 endfacet
facet normal -0.171889007 -0.953377545 0.24804309
  outer loop
   vertex 25999.041 16195.3066 51701.293
   vertex 25970.1328 16213.1982 51750.0312
   vertex 25969.8301 16191.21 51665.3047
  endloop
 endfacet
facet normal 0.83160013 -0.186119437 -0.523259699
  outer loop
   vertex 27017.5039 17145.7461 49170.4961
   vertex 26993.375 17002.6465 49183.0508
   vertex 26968.0078 17080.3789 49115.0859
  endloop
 endfacet
facet normal 0.213045716 0.181623623 0.960012674
  outer loop
   vertex 25910.7227 16820.2852 52278.3125
   vertex 25909.877 16939.2969 52255.9844
   vertex 25838.1875 16808.7031 52296.6016
  endloop
 endfacet
facet normal 0.0915081054 -0.348602921 0.932792723
  outer loop
   vertex 25740.6445 16820.5781 52294.9297
   vertex 25744.2168 16722.5859 52257.957
   vertex 25778.373 16833.916 52296.2148
  endloop
 endfacet
facet normal -0.4274593 -0.138956398 0.893291473
  outer loop
   vertex 25744.2168 16722.5859 52257.957
   vertex 25827.6426 16690.8184 52292.9375
   vertex 25829.8496 16710.7891 52297.1016
  endloop
 endfacet
facet normal 0.337195933 0.105836846 0.935466468
  outer loop
   vertex 25838.1875 16808.7031 52296.6016
   vertex 25909.877 16939.2969 52255.9844
   vertex 25831.1328 16892.0723 52289.7109
  endloop
 endfacet
facet normal 0.420448482 -0.905605197 -0.0556983799
  outer loop
   vertex 26028.1973 16216.5654 51693.6289
   vertex 25969.8301 16191.21 51665.3047
   vertex 26045.1309 16231.0879 51585.3438
  endloop
 endfacet
facet normal 0.487770796 -0.165311322 -0.857176661
  outer loop
   vertex 26028.1973 16216.5654 51693.6289
   vertex 26002.5918 16191.5127 51683.8906
   vertex 25969.8301 16191.21 51665.3047
  endloop
 endfacet
facet normal 0.277424276 -0.95130223 0.134386778
  outer loop
   vertex 25843.9609 16167.0137 51547.0586
   vertex 26003.3848 16184.0703 51338.6953
   vertex 26045.1309 16231.0879 51585.3438
  endloop
 endfacet
facet normal 0.326738685 -0.93196702 -0.15709652
  outer loop
   vertex 25969.8301 16191.21 51665.3047
   vertex 25843.9609 16167.0137 51547.0586
   vertex 26045.1309 16231.0879 51585.3438
  endloop
 endfacet
facet normal 0.298924446 -0.736401677 0.606923997
  outer loop
   vertex 25970.1328 16213.1982 51750.0312
   vertex 26010.0215 16208.1562 51724.2656
   vertex 26030.4414 16244.2676 51758.0234
  endloop
 endfacet
facet normal 0.160119399 -0.892109811 0.422494829
  outer loop
   vertex 25970.1328 16213.1982 51750.0312
   vertex 25999.041 16195.3066 51701.293
   vertex 26010.0215 16208.1562 51724.2656
  endloop
 endfacet
facet normal -0.100079797 -0.976208568 0.192355961
  outer loop
   vertex 26002.5918 16191.5127 51683.8906
   vertex 25999.041 16195.3066 51701.293
   vertex 25969.8301 16191.21 51665.3047
  endloop
 endfacet
facet normal 0.604372382 -0.787775457 0.118927948
  outer loop
   vertex 26290.8906 16425.5352 51770.8867
   vertex 26180.5879 16320.7705 51637.4688
   vertex 26269.7754 16383.6182 51600.5312
  endloop
 endfacet
facet normal 0.46261391 -0.878385484 0.120113842
  outer loop
   vertex 26141.6387 16255.3301 51327.332
   vertex 26153.0156 16282.6406 51483.2383
   vertex 26003.3848 16184.0703 51338.6953
  endloop
 endfacet
facet normal 0.720031857 -0.689042568 -0.0823071003
  outer loop
   vertex 26173.5586 16284.5264 51172.6953
   vertex 26202.7188 16301.4014 51286.5312
   vertex 26141.627 16244.2715 51230.3711
  endloop
 endfacet
facet normal 0.698807895 -0.707292318 -0.106794566
  outer loop
   vertex 26100.9766 16213.1914 51170.2148
   vertex 26173.5586 16284.5264 51172.6953
   vertex 26141.627 16244.2715 51230.3711
  endloop
 endfacet
facet normal 0.574262142 -0.817943037 0.0345288105
  outer loop
   vertex 26078.2715 16199.7188 51228.707
   vertex 26100.9766 16213.1914 51170.2148
   vertex 26141.627 16244.2715 51230.3711
  endloop
 endfacet
facet normal 0.596084118 -0.744906783 0.299662471
  outer loop
   vertex 26117.8535 16310.4375 51748.6328
   vertex 26030.4414 16244.2676 51758.0234
   vertex 26028.1973 16216.5654 51693.6289
  endloop
 endfacet
facet normal 0.7224648 -0.643920481 0.251815438
  outer loop
   vertex 26010.0215 16208.1562 51724.2656
   vertex 26028.1973 16216.5654 51693.6289
   vertex 26030.4414 16244.2676 51758.0234
  endloop
 endfacet
facet normal 0.612545788 -0.737040818 0.285584509
  outer loop
   vertex 25999.041 16195.3066 51701.293
   vertex 26002.5918 16191.5127 51683.8906
   vertex 26028.1973 16216.5654 51693.6289
  endloop
 endfacet
facet normal 0.607668042 -0.780619562 0.146193683
  outer loop
   vertex 26010.0215 16208.1562 51724.2656
   vertex 25999.041 16195.3066 51701.293
   vertex 26028.1973 16216.5654 51693.6289
  endloop
 endfacet
facet normal 0.491821349 -0.866826594 0.0819962174
  outer loop
   vertex 26045.1309 16231.0879 51585.3438
   vertex 26003.3848 16184.0703 51338.6953
   vertex 26153.0156 16282.6406 51483.2383
  endloop
 endfacet
facet normal 0.52735424 -0.814673126 -0.241257533
  outer loop
   vertex 26051.9844 16194.1348 51101.5117
   vertex 26054.1309 16178.998 51157.3125
   vertex 26017.5059 16161.1885 51137.3984
  endloop
 endfacet
facet normal 0.348514766 -0.932302654 0.0966913626
  outer loop
   vertex 26003.3848 16184.0703 51338.6953
   vertex 25790.9941 16095.8828 51253.9297
   vertex 25944.7031 16141.125 51136.1289
  endloop
 endfacet
facet normal 0.319902927 -0.93235749 0.168438762
  outer loop
   vertex 25790.9941 16095.8828 51253.9297
   vertex 26003.3848 16184.0703 51338.6953
   vertex 25843.9609 16167.0137 51547.0586
  endloop
 endfacet
facet normal 0.559307277 -0.813074052 -0.161511555
  outer loop
   vertex 26121.0273 16264.5791 51048.0859
   vertex 25953.9434 16169.7598 50946.8203
   vertex 26128.5996 16290.4561 50944.0469
  endloop
 endfacet
facet normal 0.5657987 -0.820606291 -0.0804805681
  outer loop
   vertex 26128.5996 16290.4561 50944.0469
   vertex 25953.9434 16169.7598 50946.8203
   vertex 26029.6973 16237.7129 50786.5195
  endloop
 endfacet
facet normal 0.509621501 -0.851945221 -0.120313272
  outer loop
   vertex 25953.9434 16169.7598 50946.8203
   vertex 25870.4004 16144.4736 50772.0039
   vertex 26029.6973 16237.7129 50786.5195
  endloop
 endfacet
facet normal 0.509431183 -0.845151007 -0.161863148
  outer loop
   vertex 25870.4004 16144.4736 50772.0039
   vertex 25898.9609 16186.3057 50643.4688
   vertex 26029.6973 16237.7129 50786.5195
  endloop
 endfacet
facet normal 0.63641417 -0.766387463 0.0873345286
  outer loop
   vertex 26202.7188 16301.4014 51286.5312
   vertex 26141.6387 16255.3301 51327.332
   vertex 26141.627 16244.2715 51230.3711
  endloop
 endfacet
facet normal 0.739867985 -0.6516608 -0.167133421
  outer loop
   vertex 26391.0605 16552.3047 50794.1836
   vertex 26297.5742 16482.1152 50654.0078
   vertex 26504.5352 16708.5 50687.5039
  endloop
 endfacet
facet normal 0.571086407 -0.815609813 0.0929564163
  outer loop
   vertex 26141.6387 16255.3301 51327.332
   vertex 26078.2715 16199.7188 51228.707
   vertex 26141.627 16244.2715 51230.3711
  endloop
 endfacet
facet normal 0.614228308 -0.75532192 -0.228500381
  outer loop
   vertex 26054.1309 16178.998 51157.3125
   vertex 26051.9844 16194.1348 51101.5117
   vertex 26100.9766 16213.1914 51170.2148
  endloop
 endfacet
facet normal 0.645607352 -0.74831301 -0.15237698
  outer loop
   vertex 26051.9844 16194.1348 51101.5117
   vertex 26121.0273 16264.5791 51048.0859
   vertex 26173.5586 16284.5264 51172.6953
  endloop
 endfacet
facet normal 0.418010026 -0.907433629 0.0427995697
  outer loop
   vertex 26017.5059 16161.1885 51137.3984
   vertex 26054.1309 16178.998 51157.3125
   vertex 26019.9805 16164.8789 51191.4805
  endloop
 endfacet
facet normal 0.46318841 -0.880713522 0.0989956632
  outer loop
   vertex 26019.9805 16164.8789 51191.4805
   vertex 26054.1309 16178.998 51157.3125
   vertex 26078.2715 16199.7188 51228.707
  endloop
 endfacet
facet normal 0.196612641 -0.969168484 0.148512453
  outer loop
   vertex 26003.3848 16184.0703 51338.6953
   vertex 25944.7031 16141.125 51136.1289
   vertex 26019.9805 16164.8789 51191.4805
  endloop
 endfacet
facet normal 0.264422774 -0.96291554 0.0536120385
  outer loop
   vertex 26017.5059 16161.1885 51137.3984
   vertex 26019.9805 16164.8789 51191.4805
   vertex 25944.7031 16141.125 51136.1289
  endloop
 endfacet
facet normal 0.675130486 -0.676693618 -0.293742388
  outer loop
   vertex 26173.5586 16284.5264 51172.6953
   vertex 26100.9766 16213.1914 51170.2148
   vertex 26051.9844 16194.1348 51101.5117
  endloop
 endfacet
facet normal 0.426798522 -0.88934201 0.164054319
  outer loop
   vertex 26019.9805 16164.8789 51191.4805
   vertex 26078.2715 16199.7188 51228.707
   vertex 26003.3848 16184.0703 51338.6953
  endloop
 endfacet
facet normal 0.462061495 -0.865949452 0.191391662
  outer loop
   vertex 26141.6387 16255.3301 51327.332
   vertex 26003.3848 16184.0703 51338.6953
   vertex 26078.2715 16199.7188 51228.707
  endloop
 endfacet
facet normal 0.582102537 -0.812184453 0.0388986878
  outer loop
   vertex 26054.1309 16178.998 51157.3125
   vertex 26100.9766 16213.1914 51170.2148
   vertex 26078.2715 16199.7188 51228.707
  endloop
 endfacet
facet normal 0.534280241 -0.827416182 -0.172994286
  outer loop
   vertex 26353.6875 16458.377 51807.7539
   vertex 26290.8906 16425.5352 51770.8867
   vertex 26363.6328 16468.4434 51790.3203
  endloop
 endfacet
facet normal 0.867149353 -0.496547222 0.0386378802
  outer loop
   vertex 26344.4238 16465.1602 51449.4062
   vertex 26403.5156 16561.5547 51362.0352
   vertex 26401.5684 16576.2402 51594.4219
  endloop
 endfacet
facet normal 0.840000331 -0.531341076 0.109891221
  outer loop
   vertex 26478.6875 16648.375 51218.1797
   vertex 26471.1484 16653.2422 51299.3477
   vertex 26426.5918 16567.8184 51226.8906
  endloop
 endfacet
facet normal 0.779871166 -0.611278117 -0.134684712
  outer loop
   vertex 26391.0605 16552.3047 50794.1836
   vertex 26510.6914 16676.8027 50921.8438
   vertex 26414.4707 16554.7031 50918.8594
  endloop
 endfacet
facet normal 0.956785142 -0.0804586858 0.279443324
  outer loop
   vertex 26506.7754 16775.248 51291.75
   vertex 26465.9219 16899.4004 51467.375
   vertex 26473.5117 16720.2969 51389.8242
  endloop
 endfacet
facet normal 0.935203552 -0.35356319 0.0196820181
  outer loop
   vertex 26365.5156 16487.8672 51720.0195
   vertex 26401.5684 16576.2402 51594.4219
   vertex 26403.4805 16593.0742 51805.9766
  endloop
 endfacet
facet normal 0.855098605 -0.314545929 0.412149519
  outer loop
   vertex 26690.6016 17077.3086 50780.6992
   vertex 26637.9863 17021.8516 50847.5391
   vertex 26649.0234 16934.2129 50757.7539
  endloop
 endfacet
facet normal 0.782862842 0.00710256072 0.622153759
  outer loop
   vertex 26690.6016 17077.3086 50780.6992
   vertex 26654.3066 17137.5645 50825.6836
   vertex 26637.9863 17021.8516 50847.5391
  endloop
 endfacet
facet normal 0.954595745 -0.242733613 0.172706068
  outer loop
   vertex 26637.9863 17021.8516 50847.5391
   vertex 26596.6113 16903.168 50909.4258
   vertex 26602.332 16857.0078 50812.9219
  endloop
 endfacet
facet normal 0.761060476 -0.312300831 0.568555295
  outer loop
   vertex 26702.1855 17021.5156 50734.5469
   vertex 26690.6016 17077.3086 50780.6992
   vertex 26649.0234 16934.2129 50757.7539
  endloop
 endfacet
facet normal 0.887606263 -0.270296514 0.372954279
  outer loop
   vertex 26602.332 16857.0078 50812.9219
   vertex 26649.0234 16934.2129 50757.7539
   vertex 26637.9863 17021.8516 50847.5391
  endloop
 endfacet
facet normal 0.750173807 -0.661225498 -0.00448739715
  outer loop
   vertex 26284.7852 16394.418 51299.6445
   vertex 26253.0195 16357.5117 51427.5547
   vertex 26202.7188 16301.4014 51286.5312
  endloop
 endfacet
facet normal 0.956328034 -0.272712529 0.105188243
  outer loop
   vertex 26478.6875 16648.375 51218.1797
   vertex 26506.7754 16775.248 51291.75
   vertex 26471.1484 16653.2422 51299.3477
  endloop
 endfacet
facet normal 0.966396928 -0.249594763 0.0614766665
  outer loop
   vertex 26506.7754 16775.248 51291.75
   vertex 26478.6875 16648.375 51218.1797
   vertex 26494.752 16688.7344 51129.5312
  endloop
 endfacet
facet normal 0.98065263 -0.0413022339 0.191349238
  outer loop
   vertex 26465.9219 16899.4004 51467.375
   vertex 26449.2148 16707.5332 51511.582
   vertex 26473.5117 16720.2969 51389.8242
  endloop
 endfacet
facet normal 0.854105949 -0.428273886 0.295100808
  outer loop
   vertex 26471.1484 16653.2422 51299.3477
   vertex 26473.5117 16720.2969 51389.8242
   vertex 26403.5156 16561.5547 51362.0352
  endloop
 endfacet
facet normal 0.65999037 -0.749127865 -0.0567463636
  outer loop
   vertex 26295.5918 16424.5059 51116.6055
   vertex 26128.5996 16290.4561 50944.0469
   vertex 26244.7422 16398.584 50867.4023
  endloop
 endfacet
facet normal 0.945259213 -0.325077355 0.0284562819
  outer loop
   vertex 26449.2148 16707.5332 51511.582
   vertex 26401.5684 16576.2402 51594.4219
   vertex 26403.5156 16561.5547 51362.0352
  endloop
 endfacet
facet normal 0.537837684 -0.816193163 -0.211090699
  outer loop
   vertex 26363.6328 16468.4434 51790.3203
   vertex 26290.8906 16425.5352 51770.8867
   vertex 26365.5156 16487.8672 51720.0195
  endloop
 endfacet
facet normal 0.223802552 -0.885359526 0.407493472
  outer loop
   vertex 26353.6875 16458.377 51807.7539
   vertex 26350.043 16464.4844 51823.0234
   vertex 26290.8906 16425.5352 51770.8867
  endloop
 endfacet
facet normal -0.0871983692 -0.74810791 0.657822907
  outer loop
   vertex 26344.9727 16500.7754 51863.6211
   vertex 26290.8906 16425.5352 51770.8867
   vertex 26350.043 16464.4844 51823.0234
  endloop
 endfacet
facet normal 0.359239161 -0.816125214 0.452644318
  outer loop
   vertex 26344.9727 16500.7754 51863.6211
   vertex 26208.4219 16467.2148 51911.4883
   vertex 26290.8906 16425.5352 51770.8867
  endloop
 endfacet
facet normal 0.777005434 -0.629460514 0.00647970894
  outer loop
   vertex 26401.8535 16540.2324 51026.2383
   vertex 26414.4707 16554.7031 50918.8594
   vertex 26483.4668 16640.7559 51004.9727
  endloop
 endfacet
facet normal 0.441053957 -0.756461918 0.482945889
  outer loop
   vertex 26208.4219 16467.2148 51911.4883
   vertex 26117.8535 16310.4375 51748.6328
   vertex 26290.8906 16425.5352 51770.8867
  endloop
 endfacet
facet normal 0.516434193 -0.848243296 0.117384315
  outer loop
   vertex 26153.0156 16282.6406 51483.2383
   vertex 26180.5879 16320.7705 51637.4688
   vertex 26045.1309 16231.0879 51585.3438
  endloop
 endfacet
facet normal 0.487724721 -0.850671351 0.19617039
  outer loop
   vertex 26117.8535 16310.4375 51748.6328
   vertex 26045.1309 16231.0879 51585.3438
   vertex 26180.5879 16320.7705 51637.4688
  endloop
 endfacet
facet normal 0.521062315 -0.825384617 0.217334583
  outer loop
   vertex 26117.8535 16310.4375 51748.6328
   vertex 26180.5879 16320.7705 51637.4688
   vertex 26290.8906 16425.5352 51770.8867
  endloop
 endfacet
facet normal 0.723700166 -0.689766049 0.0219280571
  outer loop
   vertex 26365.5156 16487.8672 51720.0195
   vertex 26269.7754 16383.6182 51600.5312
   vertex 26335.4922 16451.2852 51560.2031
  endloop
 endfacet
facet normal 0.675841749 -0.730762541 0.0960417688
  outer loop
   vertex 26365.5156 16487.8672 51720.0195
   vertex 26290.8906 16425.5352 51770.8867
   vertex 26269.7754 16383.6182 51600.5312
  endloop
 endfacet
facet normal 0.762033463 -0.647533178 0.00240841531
  outer loop
   vertex 26344.4238 16465.1602 51449.4062
   vertex 26253.0195 16357.5117 51427.5547
   vertex 26284.7852 16394.418 51299.6445
  endloop
 endfacet
facet normal 0.889298797 -0.452910811 -0.0633990765
  outer loop
   vertex 26401.5684 16576.2402 51594.4219
   vertex 26365.5156 16487.8672 51720.0195
   vertex 26335.4922 16451.2852 51560.2031
  endloop
 endfacet
facet normal 0.882545948 -0.470065653 0.0122856721
  outer loop
   vertex 26344.4238 16465.1602 51449.4062
   vertex 26401.5684 16576.2402 51594.4219
   vertex 26335.4922 16451.2852 51560.2031
  endloop
 endfacet
facet normal 0.618892789 -0.783311069 0.0582704507
  outer loop
   vertex 26269.7754 16383.6182 51600.5312
   vertex 26153.0156 16282.6406 51483.2383
   vertex 26253.0195 16357.5117 51427.5547
  endloop
 endfacet
facet normal 0.598294497 -0.796218514 0.0898875967
  outer loop
   vertex 26269.7754 16383.6182 51600.5312
   vertex 26180.5879 16320.7705 51637.4688
   vertex 26153.0156 16282.6406 51483.2383
  endloop
 endfacet
facet normal 0.701094449 -0.707751036 0.0869196281
  outer loop
   vertex 26295.5918 16424.5059 51116.6055
   vertex 26426.5918 16567.8184 51226.8906
   vertex 26403.5156 16561.5547 51362.0352
  endloop
 endfacet
facet normal 0.633785725 -0.769355536 0.0800483748
  outer loop
   vertex 26141.6387 16255.3301 51327.332
   vertex 26202.7188 16301.4014 51286.5312
   vertex 26253.0195 16357.5117 51427.5547
  endloop
 endfacet
facet normal 0.628376126 -0.772742391 0.0895131826
  outer loop
   vertex 26153.0156 16282.6406 51483.2383
   vertex 26141.6387 16255.3301 51327.332
   vertex 26253.0195 16357.5117 51427.5547
  endloop
 endfacet
facet normal 0.897650957 -0.41947329 0.13514775
  outer loop
   vertex 26449.2148 16707.5332 51511.582
   vertex 26403.5156 16561.5547 51362.0352
   vertex 26473.5117 16720.2969 51389.8242
  endloop
 endfacet
facet normal 0.835934401 -0.53601557 0.117902502
  outer loop
   vertex 26403.5156 16561.5547 51362.0352
   vertex 26426.5918 16567.8184 51226.8906
   vertex 26471.1484 16653.2422 51299.3477
  endloop
 endfacet
facet normal 0.782154918 -0.618688941 -0.0738765523
  outer loop
   vertex 26545.0996 16739.9141 50853.8867
   vertex 26391.0605 16552.3047 50794.1836
   vertex 26504.5352 16708.5 50687.5039
  endloop
 endfacet
facet normal 0.753078282 -0.650824726 -0.0964379236
  outer loop
   vertex 26202.7188 16301.4014 51286.5312
   vertex 26173.5586 16284.5264 51172.6953
   vertex 26284.7852 16394.418 51299.6445
  endloop
 endfacet
facet normal 0.696452796 -0.706622601 -0.125052005
  outer loop
   vertex 26121.0273 16264.5791 51048.0859
   vertex 26128.5996 16290.4561 50944.0469
   vertex 26295.5918 16424.5059 51116.6055
  endloop
 endfacet
facet normal 0.702434838 -0.686973453 -0.186152428
  outer loop
   vertex 26173.5586 16284.5264 51172.6953
   vertex 26121.0273 16264.5791 51048.0859
   vertex 26295.5918 16424.5059 51116.6055
  endloop
 endfacet
facet normal 0.824539721 -0.562315226 -0.0627365857
  outer loop
   vertex 26403.5156 16561.5547 51362.0352
   vertex 26344.4238 16465.1602 51449.4062
   vertex 26284.7852 16394.418 51299.6445
  endloop
 endfacet
facet normal 0.822228491 -0.567397773 -0.0447221585
  outer loop
   vertex 26284.7852 16394.418 51299.6445
   vertex 26295.5918 16424.5059 51116.6055
   vertex 26403.5156 16561.5547 51362.0352
  endloop
 endfacet
facet normal 0.738716125 -0.670714557 -0.0666371286
  outer loop
   vertex 26284.7852 16394.418 51299.6445
   vertex 26173.5586 16284.5264 51172.6953
   vertex 26295.5918 16424.5059 51116.6055
  endloop
 endfacet
facet normal 0.732495189 -0.680620611 0.0143647073
  outer loop
   vertex 26295.5918 16424.5059 51116.6055
   vertex 26429.7227 16569.3867 51141.5898
   vertex 26426.5918 16567.8184 51226.8906
  endloop
 endfacet
facet normal 0.734296262 -0.67880404 -0.00584031548
  outer loop
   vertex 26401.8535 16540.2324 51026.2383
   vertex 26429.7227 16569.3867 51141.5898
   vertex 26295.5918 16424.5059 51116.6055
  endloop
 endfacet
facet normal 0.840555191 -0.541322887 0.0208936892
  outer loop
   vertex 26478.6875 16648.375 51218.1797
   vertex 26426.5918 16567.8184 51226.8906
   vertex 26429.7227 16569.3867 51141.5898
  endloop
 endfacet
facet normal 0.691528857 -0.669379294 -0.271512717
  outer loop
   vertex 26545.0996 16739.9141 50853.8867
   vertex 26555.6074 16729.2344 50906.9805
   vertex 26510.6914 16676.8027 50921.8438
  endloop
 endfacet
facet normal 0.787165105 -0.596774518 -0.155663908
  outer loop
   vertex 26391.0605 16552.3047 50794.1836
   vertex 26545.0996 16739.9141 50853.8867
   vertex 26510.6914 16676.8027 50921.8438
  endloop
 endfacet
facet normal 0.899082482 -0.423523456 0.110808715
  outer loop
   vertex 26510.6914 16676.8027 50921.8438
   vertex 26540.1523 16769.6113 51037.5234
   vertex 26483.4668 16640.7559 51004.9727
  endloop
 endfacet
facet normal 0.873644352 -0.470454663 -0.124168925
  outer loop
   vertex 26504.5352 16708.5 50687.5039
   vertex 26602.332 16857.0078 50812.9219
   vertex 26545.0996 16739.9141 50853.8867
  endloop
 endfacet
facet normal 0.957967639 -0.277435273 -0.0729906932
  outer loop
   vertex 26596.6113 16903.168 50909.4258
   vertex 26566.4082 16789.6133 50944.6445
   vertex 26545.0996 16739.9141 50853.8867
  endloop
 endfacet
facet normal 0.903954983 -0.362430394 0.226957291
  outer loop
   vertex 26602.332 16857.0078 50812.9219
   vertex 26596.6113 16903.168 50909.4258
   vertex 26545.0996 16739.9141 50853.8867
  endloop
 endfacet
facet normal 0.861300111 -0.177371755 -0.476131678
  outer loop
   vertex 26664.1855 17095.3125 50630.0625
   vertex 26702.8906 17083.8223 50704.3594
   vertex 26653.7285 16943.2246 50667.8008
  endloop
 endfacet
facet normal 0.711781561 -0.458999485 0.53168273
  outer loop
   vertex 26566.4082 16789.6133 50944.6445
   vertex 26510.6914 16676.8027 50921.8438
   vertex 26555.6074 16729.2344 50906.9805
  endloop
 endfacet
facet normal 0.874581218 -0.461813778 0.147769272
  outer loop
   vertex 26566.4082 16789.6133 50944.6445
   vertex 26540.1523 16769.6113 51037.5234
   vertex 26510.6914 16676.8027 50921.8438
  endloop
 endfacet
facet normal 0.743586779 -0.667570293 0.0377974808
  outer loop
   vertex 27094.1758 16922.7871 49553.3125
   vertex 27179.8711 17027.6855 49720.125
   vertex 27112.0195 16953.3105 49741.3828
  endloop
 endfacet
facet normal 0.69318372 -0.714693725 0.0933231413
  outer loop
   vertex 27192.3281 17024.2207 49601.0625
   vertex 27179.8711 17027.6855 49720.125
   vertex 27094.1758 16922.7871 49553.3125
  endloop
 endfacet
facet normal 0.873851776 -0.482319593 -0.061244633
  outer loop
   vertex 26478.6875 16648.375 51218.1797
   vertex 26429.7227 16569.3867 51141.5898
   vertex 26494.752 16688.7344 51129.5312
  endloop
 endfacet
facet normal 0.525049746 -0.639506221 -0.561564386
  outer loop
   vertex 27168.6582 16985.5859 49757.5859
   vertex 27112.0195 16953.3105 49741.3828
   vertex 27179.8711 17027.6855 49720.125
  endloop
 endfacet
facet normal 0.516404152 -0.832957745 0.19876641
  outer loop
   vertex 26256.7246 16480.127 50394.8945
   vertex 26309.5703 16506.8223 50369.4648
   vertex 26404.4844 16569.4648 50385.3867
  endloop
 endfacet
facet normal 0.518731475 -0.854211032 0.0352308415
  outer loop
   vertex 26256.7246 16480.127 50394.8945
   vertex 26404.4844 16569.4648 50385.3867
   vertex 26380.4531 16557.8965 50458.7539
  endloop
 endfacet
facet normal 0.845957637 -0.532451749 -0.0291690342
  outer loop
   vertex 26602.332 16857.0078 50812.9219
   vertex 26504.5352 16708.5 50687.5039
   vertex 26649.0234 16934.2129 50757.7539
  endloop
 endfacet
facet normal 0.725664556 -0.676350594 0.126336247
  outer loop
   vertex 26785.9727 16840.3535 50005.0156
   vertex 26733.8809 16809.3555 50138.2734
   vertex 26707.0449 16768.9277 50075.9805
  endloop
 endfacet
facet normal 0.772525251 -0.614759684 0.158981994
  outer loop
   vertex 26828.3926 16923.6094 50120.8281
   vertex 26733.8809 16809.3555 50138.2734
   vertex 26785.9727 16840.3535 50005.0156
  endloop
 endfacet
facet normal 0.98655194 -0.099932 -0.129340276
  outer loop
   vertex 26664.1855 17095.3125 50630.0625
   vertex 26653.7285 16943.2246 50667.8008
   vertex 26643.6016 16969.7012 50570.1016
  endloop
 endfacet
facet normal 0.38520956 -0.878590286 -0.282298893
  outer loop
   vertex 26280.4727 16539.7988 50256.2656
   vertex 26383.123 16606.3223 50189.3047
   vertex 26499.7578 16632.5234 50266.9102
  endloop
 endfacet
facet normal 0.67846489 -0.706332684 -0.20193933
  outer loop
   vertex 26404.4844 16569.4648 50385.3867
   vertex 26540.1504 16691.498 50414.3477
   vertex 26477.959 16625.6641 50435.6719
  endloop
 endfacet
facet normal 0.611122549 -0.771844029 0.175459504
  outer loop
   vertex 26461.7129 16642.4727 50546.2031
   vertex 26504.5352 16708.5 50687.5039
   vertex 26247.5664 16470.6582 50536.2617
  endloop
 endfacet
facet normal 0.691325009 -0.713201344 -0.115817033
  outer loop
   vertex 26391.0605 16552.3047 50794.1836
   vertex 26244.7422 16398.584 50867.4023
   vertex 26169.9121 16355.4414 50686.3984
  endloop
 endfacet
facet normal 0.671012938 -0.734343231 -0.102380231
  outer loop
   vertex 26108.541 16293.7646 50726.5625
   vertex 26169.9121 16355.4414 50686.3984
   vertex 26244.7422 16398.584 50867.4023
  endloop
 endfacet
facet normal 0.679952979 -0.733012676 -0.0188781563
  outer loop
   vertex 26414.4707 16554.7031 50918.8594
   vertex 26401.8535 16540.2324 51026.2383
   vertex 26244.7422 16398.584 50867.4023
  endloop
 endfacet
facet normal 0.688121259 -0.71881038 -0.0989987701
  outer loop
   vertex 26297.5742 16482.1152 50654.0078
   vertex 26391.0605 16552.3047 50794.1836
   vertex 26169.9121 16355.4414 50686.3984
  endloop
 endfacet
facet normal 0.958722591 -0.28214398 0.0352949612
  outer loop
   vertex 27232.0254 17144.582 49654.7656
   vertex 27208.0703 17039.1797 49462.8672
   vertex 27258.1836 17221.6895 49560.5898
  endloop
 endfacet
facet normal -0.263010889 -0.946923137 -0.18482925
  outer loop
   vertex 26259.4336 16715.4863 49730.7734
   vertex 26353.1426 16683.0156 49763.7852
   vertex 26242.4805 16709.2363 49786.9219
  endloop
 endfacet
facet normal 0.732802808 -0.632995844 -0.249632448
  outer loop
   vertex 26247.5664 16470.6582 50536.2617
   vertex 26504.5352 16708.5 50687.5039
   vertex 26297.5742 16482.1152 50654.0078
  endloop
 endfacet
facet normal 0.657624781 -0.719692528 -0.222648412
  outer loop
   vertex 26169.9121 16355.4414 50686.3984
   vertex 26148.75 16363.5586 50597.6602
   vertex 26297.5742 16482.1152 50654.0078
  endloop
 endfacet
facet normal 0.836163402 -0.338620543 -0.431470633
  outer loop
   vertex 26850.9434 16904.2598 50080.7695
   vertex 26785.9727 16840.3535 50005.0156
   vertex 26873.3105 16953.7031 50085.3125
  endloop
 endfacet
facet normal 0.528698564 -0.848758936 0.00927977543
  outer loop
   vertex 26380.4531 16557.8965 50458.7539
   vertex 26214.8555 16454.5625 50442.0703
   vertex 26256.7246 16480.127 50394.8945
  endloop
 endfacet
facet normal 0.412949711 -0.851505041 -0.323128015
  outer loop
   vertex 26280.4727 16539.7988 50256.2656
   vertex 26425.7539 16586.4219 50319.0742
   vertex 26238.1816 16488.9258 50336.2852
  endloop
 endfacet
facet normal 0.45378229 -0.887390018 -0.081366986
  outer loop
   vertex 26425.7539 16586.4219 50319.0742
   vertex 26404.4844 16569.4648 50385.3867
   vertex 26238.1816 16488.9258 50336.2852
  endloop
 endfacet
facet normal 0.463746369 -0.520426929 -0.717004299
  outer loop
   vertex 26309.5703 16506.8223 50369.4648
   vertex 26238.1816 16488.9258 50336.2852
   vertex 26404.4844 16569.4648 50385.3867
  endloop
 endfacet
facet normal 0.388121456 -0.890723526 -0.236586913
  outer loop
   vertex 26280.4727 16539.7988 50256.2656
   vertex 26499.7578 16632.5234 50266.9102
   vertex 26425.7539 16586.4219 50319.0742
  endloop
 endfacet
facet normal 0.532976329 -0.835783124 -0.131919578
  outer loop
   vertex 26545.6953 16659.3164 50232.4609
   vertex 26545.0293 16666.7812 50182.4805
   vertex 26617.0938 16707.1367 50217.9609
  endloop
 endfacet
facet normal 0.513436317 -0.855261564 -0.0700768605
  outer loop
   vertex 26643.166 16727.2891 50163.0352
   vertex 26617.0938 16707.1367 50217.9609
   vertex 26545.0293 16666.7812 50182.4805
  endloop
 endfacet
facet normal 0.401053488 -0.904520571 0.14490898
  outer loop
   vertex 26499.7578 16632.5234 50266.9102
   vertex 26565.5918 16665.0059 50287.457
   vertex 26549.1055 16661.8164 50313.1875
  endloop
 endfacet
facet normal 0.409011304 -0.912398636 -0.0154438298
  outer loop
   vertex 26693.125 16750.0645 50140.5781
   vertex 26643.166 16727.2891 50163.0352
   vertex 26655.3711 16733.6191 50112.2344
  endloop
 endfacet
facet normal 0.328181088 -0.818276227 -0.471933484
  outer loop
   vertex 25999.9297 16440.6836 50254.25
   vertex 26238.1816 16488.9258 50336.2852
   vertex 25948.3574 16338.2822 50395.9375
  endloop
 endfacet
facet normal 0.839947343 -0.521187603 0.151168853
  outer loop
   vertex 26504.5352 16708.5 50687.5039
   vertex 26584.7734 16803.6504 50569.7305
   vertex 26653.7285 16943.2246 50667.8008
  endloop
 endfacet
facet normal 0.853183627 -0.521554947 -0.00762327667
  outer loop
   vertex 26649.0234 16934.2129 50757.7539
   vertex 26653.7285 16943.2246 50667.8008
   vertex 26702.1855 17021.5156 50734.5469
  endloop
 endfacet
facet normal 0.843543112 -0.53697437 -0.00967195071
  outer loop
   vertex 26649.0234 16934.2129 50757.7539
   vertex 26504.5352 16708.5 50687.5039
   vertex 26653.7285 16943.2246 50667.8008
  endloop
 endfacet
facet normal 0.94006443 -0.333208531 0.0724631399
  outer loop
   vertex 26643.6016 16969.7012 50570.1016
   vertex 26584.7734 16803.6504 50569.7305
   vertex 26618.6211 16873.459 50451.6133
  endloop
 endfacet
facet normal 0.522438645 -0.847193897 0.0965421647
  outer loop
   vertex 26425.7539 16586.4219 50319.0742
   vertex 26549.1055 16661.8164 50313.1875
   vertex 26518.6992 16648.375 50359.7617
  endloop
 endfacet
facet normal 0.520932972 -0.853461444 -0.0152441394
  outer loop
   vertex 26425.7539 16586.4219 50319.0742
   vertex 26499.7578 16632.5234 50266.9102
   vertex 26549.1055 16661.8164 50313.1875
  endloop
 endfacet
facet normal 0.884023905 -0.466894835 -0.0226042084
  outer loop
   vertex 26584.7734 16803.6504 50569.7305
   vertex 26526.0859 16696.8262 50481.0312
   vertex 26618.6211 16873.459 50451.6133
  endloop
 endfacet
facet normal 0.584414423 -0.732535541 0.349072188
  outer loop
   vertex 26404.4844 16569.4648 50385.3867
   vertex 26518.6992 16648.375 50359.7617
   vertex 26540.1504 16691.498 50414.3477
  endloop
 endfacet
facet normal 0.56354332 -0.825529099 -0.0303426217
  outer loop
   vertex 26425.7539 16586.4219 50319.0742
   vertex 26518.6992 16648.375 50359.7617
   vertex 26404.4844 16569.4648 50385.3867
  endloop
 endfacet
facet normal 0.579418659 -0.812694728 0.0616547838
  outer loop
   vertex 26404.4844 16569.4648 50385.3867
   vertex 26477.959 16625.6641 50435.6719
   vertex 26380.4531 16557.8965 50458.7539
  endloop
 endfacet
facet normal 0.790772855 -0.610410154 0.0455819033
  outer loop
   vertex 26504.5352 16708.5 50687.5039
   vertex 26461.7129 16642.4727 50546.2031
   vertex 26584.7734 16803.6504 50569.7305
  endloop
 endfacet
facet normal 0.743780375 -0.635357797 0.207632422
  outer loop
   vertex 26540.1504 16691.498 50414.3477
   vertex 26526.0859 16696.8262 50481.0312
   vertex 26477.959 16625.6641 50435.6719
  endloop
 endfacet
facet normal 0.578843594 -0.679146945 0.451330811
  outer loop
   vertex 26526.0859 16696.8262 50481.0312
   vertex 26380.4531 16557.8965 50458.7539
   vertex 26477.959 16625.6641 50435.6719
  endloop
 endfacet
facet normal 0.7572366 -0.456769735 0.466855586
  outer loop
   vertex 26668.5449 16863.0391 50321.043
   vertex 26601.623 16708.1406 50278.0391
   vertex 26685.1836 16795.2051 50227.6914
  endloop
 endfacet
facet normal 0.852495372 -0.338778496 0.398096442
  outer loop
   vertex 26752.9785 16962.834 50225.1602
   vertex 26668.5449 16863.0391 50321.043
   vertex 26685.1836 16795.2051 50227.6914
  endloop
 endfacet
facet normal 0.683143675 -0.727074981 0.0683866143
  outer loop
   vertex 26380.4531 16557.8965 50458.7539
   vertex 26526.0859 16696.8262 50481.0312
   vertex 26461.7129 16642.4727 50546.2031
  endloop
 endfacet
facet normal 0.85602212 -0.373739183 0.3571347
  outer loop
   vertex 26668.5449 16863.0391 50321.043
   vertex 26618.6211 16873.459 50451.6133
   vertex 26599.4141 16741.4238 50359.4766
  endloop
 endfacet
facet normal 0.571552932 -0.804690242 0.160626516
  outer loop
   vertex 26545.6953 16659.3164 50232.4609
   vertex 26617.0938 16707.1367 50217.9609
   vertex 26601.623 16708.1406 50278.0391
  endloop
 endfacet
facet normal 0.368789464 -0.60115093 0.708951235
  outer loop
   vertex 26499.7578 16632.5234 50266.9102
   vertex 26562.8418 16662.8086 50259.7734
   vertex 26601.623 16708.1406 50278.0391
  endloop
 endfacet
facet normal 0.484337509 -0.552645445 -0.678233147
  outer loop
   vertex 26565.5918 16665.0059 50287.457
   vertex 26499.7578 16632.5234 50266.9102
   vertex 26601.623 16708.1406 50278.0391
  endloop
 endfacet
facet normal 0.766439736 -0.486919731 -0.418902516
  outer loop
   vertex 26545.6953 16659.3164 50232.4609
   vertex 26601.623 16708.1406 50278.0391
   vertex 26562.8418 16662.8086 50259.7734
  endloop
 endfacet
facet normal 0.68561691 -0.677552283 0.266181111
  outer loop
   vertex 26733.8809 16809.3555 50138.2734
   vertex 26685.1836 16795.2051 50227.6914
   vertex 26643.166 16727.2891 50163.0352
  endloop
 endfacet
facet normal 0.505064845 -0.31594193 0.803175032
  outer loop
   vertex 26733.8809 16809.3555 50138.2734
   vertex 26643.166 16727.2891 50163.0352
   vertex 26693.125 16750.0645 50140.5781
  endloop
 endfacet
facet normal 0.210331783 -0.82869184 0.518681347
  outer loop
   vertex 26850.9434 16904.2598 50080.7695
   vertex 26828.3926 16923.6094 50120.8281
   vertex 26785.9727 16840.3535 50005.0156
  endloop
 endfacet
facet normal 0.6515885 -0.471020073 -0.594619632
  outer loop
   vertex 26655.3711 16733.6191 50112.2344
   vertex 26733.8809 16809.3555 50138.2734
   vertex 26693.125 16750.0645 50140.5781
  endloop
 endfacet
facet normal 0.64977175 -0.113527007 -0.751603842
  outer loop
   vertex 27176.8379 17238.8398 49322.7695
   vertex 27219.5645 17131.4961 49375.9219
   vertex 27158.0215 17036.7773 49337.0234
  endloop
 endfacet
facet normal 0.762771249 -0.642098248 0.0767458156
  outer loop
   vertex 26785.9727 16840.3535 50005.0156
   vertex 26942.9316 17029.8691 50030.6211
   vertex 26873.3105 16953.7031 50085.3125
  endloop
 endfacet
facet normal 0.732817113 -0.622659385 0.274361759
  outer loop
   vertex 26549.1055 16661.8164 50313.1875
   vertex 26601.623 16708.1406 50278.0391
   vertex 26599.4141 16741.4238 50359.4766
  endloop
 endfacet
facet normal 0.877515018 -0.435098886 0.201634184
  outer loop
   vertex 26668.5449 16863.0391 50321.043
   vertex 26599.4141 16741.4238 50359.4766
   vertex 26601.623 16708.1406 50278.0391
  endloop
 endfacet
facet normal 0.723091483 -0.62634176 0.291263938
  outer loop
   vertex 26518.6992 16648.375 50359.7617
   vertex 26549.1055 16661.8164 50313.1875
   vertex 26599.4141 16741.4238 50359.4766
  endloop
 endfacet
facet normal 0.73802495 -0.639529049 0.215224758
  outer loop
   vertex 26599.4141 16741.4238 50359.4766
   vertex 26540.1504 16691.498 50414.3477
   vertex 26518.6992 16648.375 50359.7617
  endloop
 endfacet
facet normal 0.245284781 -0.780844212 -0.574558675
  outer loop
   vertex 26178.8164 16607.3887 50100.6328
   vertex 26383.123 16606.3223 50189.3047
   vertex 26105.8496 16520.0332 50188.2031
  endloop
 endfacet
facet normal 0.309461027 -0.868010938 -0.388318062
  outer loop
   vertex 26280.4727 16539.7988 50256.2656
   vertex 26238.1816 16488.9258 50336.2852
   vertex 25999.9297 16440.6836 50254.25
  endloop
 endfacet
facet normal 0.410058767 -0.910824418 -0.0474417061
  outer loop
   vertex 26029.6973 16237.7129 50786.5195
   vertex 25898.9609 16186.3057 50643.4688
   vertex 26027.6602 16242.2598 50681.6289
  endloop
 endfacet
facet normal 0.656446815 -0.725059927 -0.208244383
  outer loop
   vertex 26148.75 16363.5586 50597.6602
   vertex 26247.5664 16470.6582 50536.2617
   vertex 26297.5742 16482.1152 50654.0078
  endloop
 endfacet
facet normal 0.669282138 -0.735330164 -0.106540672
  outer loop
   vertex 26083.2129 16278.6953 50671.4609
   vertex 26169.9121 16355.4414 50686.3984
   vertex 26108.541 16293.7646 50726.5625
  endloop
 endfacet
facet normal 0.691237509 -0.713243365 -0.11608015
  outer loop
   vertex 26414.4707 16554.7031 50918.8594
   vertex 26244.7422 16398.584 50867.4023
   vertex 26391.0605 16552.3047 50794.1836
  endloop
 endfacet
facet normal 0.592441797 -0.805182993 0.0263249446
  outer loop
   vertex 26244.7422 16398.584 50867.4023
   vertex 26029.6973 16237.7129 50786.5195
   vertex 26108.541 16293.7646 50726.5625
  endloop
 endfacet
facet normal 0.545541048 -0.837804794 -0.0216353461
  outer loop
   vertex 26083.2129 16278.6953 50671.4609
   vertex 26108.541 16293.7646 50726.5625
   vertex 26027.6602 16242.2598 50681.6289
  endloop
 endfacet
facet normal 0.554914653 -0.830591202 -0.0467761755
  outer loop
   vertex 26029.6973 16237.7129 50786.5195
   vertex 26027.6602 16242.2598 50681.6289
   vertex 26108.541 16293.7646 50726.5625
  endloop
 endfacet
facet normal 0.402888536 -0.877773106 -0.259220272
  outer loop
   vertex 26238.1816 16488.9258 50336.2852
   vertex 26256.7246 16480.127 50394.8945
   vertex 25948.3574 16338.2822 50395.9375
  endloop
 endfacet
facet normal 0.34106797 -0.907775044 -0.244166195
  outer loop
   vertex 26238.1816 16488.9258 50336.2852
   vertex 26309.5703 16506.8223 50369.4648
   vertex 26256.7246 16480.127 50394.8945
  endloop
 endfacet
facet normal -0.602540672 -0.281483263 -0.746801138
  outer loop
   vertex 26024.2148 16920.1523 49895.7656
   vertex 26094.6797 16906.8691 49843.9219
   vertex 26057.9219 16806.6816 49911.3398
  endloop
 endfacet
facet normal 0.420497566 -0.796000898 -0.435389876
  outer loop
   vertex 25979.9336 16272.9736 50545.8359
   vertex 25722.1348 16142.1924 50535.9531
   vertex 25948.3574 16338.2822 50395.9375
  endloop
 endfacet
facet normal 0.353069007 -0.644754827 -0.67796278
  outer loop
   vertex 25979.9336 16272.9736 50545.8359
   vertex 25861.8105 16189.9697 50563.2578
   vertex 25722.1348 16142.1924 50535.9531
  endloop
 endfacet
facet normal 0.443026721 -0.820610225 -0.361007184
  outer loop
   vertex 25979.9336 16272.9736 50545.8359
   vertex 26044.8477 16278.7959 50612.2617
   vertex 25898.9609 16186.3057 50643.4688
  endloop
 endfacet
facet normal 0.524090469 -0.804500937 -0.27947697
  outer loop
   vertex 25979.9336 16272.9736 50545.8359
   vertex 25898.9609 16186.3057 50643.4688
   vertex 25861.8105 16189.9697 50563.2578
  endloop
 endfacet
facet normal 0.290045261 -0.810604632 -0.508717835
  outer loop
   vertex 26280.4727 16539.7988 50256.2656
   vertex 25999.9297 16440.6836 50254.25
   vertex 26105.8496 16520.0332 50188.2031
  endloop
 endfacet
facet normal -0.395675451 -0.65446341 -0.644297004
  outer loop
   vertex 25864.168 16792.0508 50045.1914
   vertex 26057.9219 16806.6816 49911.3398
   vertex 26102.5059 16693.0645 49999.3711
  endloop
 endfacet
facet normal -0.529029608 -0.290038645 -0.797499359
  outer loop
   vertex 25952.2871 16899.5371 49947.6445
   vertex 26057.9219 16806.6816 49911.3398
   vertex 25864.168 16792.0508 50045.1914
  endloop
 endfacet
facet normal -0.31545791 -0.351554096 -0.881417036
  outer loop
   vertex 25923.6699 16633.8809 50086.9805
   vertex 25864.168 16792.0508 50045.1914
   vertex 26102.5059 16693.0645 49999.3711
  endloop
 endfacet
facet normal 0.0943890363 -0.743029118 -0.662569523
  outer loop
   vertex 25894.2539 16523.248 50154.4531
   vertex 26178.8164 16607.3887 50100.6328
   vertex 26105.8496 16520.0332 50188.2031
  endloop
 endfacet
facet normal 0.12733902 -0.515338123 -0.847473562
  outer loop
   vertex 25902.0059 16448.7363 50200.9297
   vertex 25894.2539 16523.248 50154.4531
   vertex 26105.8496 16520.0332 50188.2031
  endloop
 endfacet
facet normal -0.0475957468 -0.779944241 -0.624036551
  outer loop
   vertex 25923.6699 16633.8809 50086.9805
   vertex 26102.5059 16693.0645 49999.3711
   vertex 26178.8164 16607.3887 50100.6328
  endloop
 endfacet
facet normal -0.00816714112 -0.51907438 -0.854690015
  outer loop
   vertex 25894.2539 16523.248 50154.4531
   vertex 25923.6699 16633.8809 50086.9805
   vertex 26178.8164 16607.3887 50100.6328
  endloop
 endfacet
facet normal -0.227277145 -0.97369194 0.016405791
  outer loop
   vertex 26353.1426 16683.0156 49763.7852
   vertex 26253.6777 16708.127 49876.207
   vertex 26242.4805 16709.2363 49786.9219
  endloop
 endfacet
facet normal 0.281571627 -0.726514757 -0.626812398
  outer loop
   vertex 25854.4941 16415.584 50218.0078
   vertex 25902.0059 16448.7363 50200.9297
   vertex 25999.9297 16440.6836 50254.25
  endloop
 endfacet
facet normal 0.507608235 -0.834132314 -0.215771243
  outer loop
   vertex 26083.2129 16278.6953 50671.4609
   vertex 26027.6602 16242.2598 50681.6289
   vertex 26040.9258 16259.5225 50646.1016
  endloop
 endfacet
facet normal 0.597531438 -0.564100266 -0.569865823
  outer loop
   vertex 26169.9121 16355.4414 50686.3984
   vertex 26083.2129 16278.6953 50671.4609
   vertex 26040.9258 16259.5225 50646.1016
  endloop
 endfacet
facet normal 0.355193377 -0.61955893 -0.699988842
  outer loop
   vertex 25524.7676 16179.4775 50321.5547
   vertex 25675.6641 16379.9033 50220.7266
   vertex 25948.3574 16338.2822 50395.9375
  endloop
 endfacet
facet normal 0.241399765 -0.79061693 -0.562717557
  outer loop
   vertex 25999.9297 16440.6836 50254.25
   vertex 25902.0059 16448.7363 50200.9297
   vertex 26105.8496 16520.0332 50188.2031
  endloop
 endfacet
facet normal 0.447453499 -0.858615398 -0.250129908
  outer loop
   vertex 26027.6602 16242.2598 50681.6289
   vertex 25898.9609 16186.3057 50643.4688
   vertex 26040.9258 16259.5225 50646.1016
  endloop
 endfacet
facet normal 0.627542436 -0.705583513 -0.329154074
  outer loop
   vertex 26169.9121 16355.4414 50686.3984
   vertex 26040.9258 16259.5225 50646.1016
   vertex 26044.8477 16278.7959 50612.2617
  endloop
 endfacet
facet normal 0.599363685 -0.771481931 -0.213491976
  outer loop
   vertex 26169.9121 16355.4414 50686.3984
   vertex 26044.8477 16278.7959 50612.2617
   vertex 26148.75 16363.5586 50597.6602
  endloop
 endfacet
facet normal 0.423937112 -0.807248533 -0.410642296
  outer loop
   vertex 26044.8477 16278.7959 50612.2617
   vertex 26040.9258 16259.5225 50646.1016
   vertex 25898.9609 16186.3057 50643.4688
  endloop
 endfacet
facet normal 0.414492726 -0.901983321 -0.120921008
  outer loop
   vertex 26256.7246 16480.127 50394.8945
   vertex 26214.8555 16454.5625 50442.0703
   vertex 25948.3574 16338.2822 50395.9375
  endloop
 endfacet
facet normal 0.375519007 -0.740721166 -0.557061553
  outer loop
   vertex 25615.1602 16145.1465 50428.1367
   vertex 25524.7676 16179.4775 50321.5547
   vertex 25948.3574 16338.2822 50395.9375
  endloop
 endfacet
facet normal 0.418935001 -0.79568398 -0.437470585
  outer loop
   vertex 25722.1348 16142.1924 50535.9531
   vertex 25615.1602 16145.1465 50428.1367
   vertex 25948.3574 16338.2822 50395.9375
  endloop
 endfacet
facet normal 0.397097558 -0.917582035 0.018888196
  outer loop
   vertex 26214.8555 16454.5625 50442.0703
   vertex 26247.5664 16470.6582 50536.2617
   vertex 25948.3574 16338.2822 50395.9375
  endloop
 endfacet
facet normal 0.526286364 -0.733347535 -0.430376619
  outer loop
   vertex 25979.9336 16272.9736 50545.8359
   vertex 25948.3574 16338.2822 50395.9375
   vertex 26247.5664 16470.6582 50536.2617
  endloop
 endfacet
facet normal 0.525557041 -0.721805871 -0.4503178
  outer loop
   vertex 25979.9336 16272.9736 50545.8359
   vertex 26148.75 16363.5586 50597.6602
   vertex 26044.8477 16278.7959 50612.2617
  endloop
 endfacet
facet normal 0.525801599 -0.732767582 -0.431954086
  outer loop
   vertex 26247.5664 16470.6582 50536.2617
   vertex 26148.75 16363.5586 50597.6602
   vertex 25979.9336 16272.9736 50545.8359
  endloop
 endfacet
facet normal -0.0815618187 -0.972309411 -0.21900253
  outer loop
   vertex 26102.5059 16693.0645 49999.3711
   vertex 26253.6777 16708.127 49876.207
   vertex 26357.584 16671.9277 49998.2148
  endloop
 endfacet
facet normal -0.00704921596 -0.977235019 0.212042436
  outer loop
   vertex 26510.8926 16705.6016 49873.1211
   vertex 26253.6777 16708.127 49876.207
   vertex 26353.1426 16683.0156 49763.7852
  endloop
 endfacet
facet normal -0.660695076 -0.747039139 0.0735830516
  outer loop
   vertex 26253.6777 16708.127 49876.207
   vertex 26158.918 16784.9336 49805.1406
   vertex 26242.4805 16709.2363 49786.9219
  endloop
 endfacet
facet normal -0.658254623 -0.747693419 0.0874948278
  outer loop
   vertex 26201.7188 16741.6797 49757.5156
   vertex 26242.4805 16709.2363 49786.9219
   vertex 26158.918 16784.9336 49805.1406
  endloop
 endfacet
facet normal -0.7310884 -0.17546159 -0.659335256
  outer loop
   vertex 26094.6797 16906.8691 49843.9219
   vertex 26158.918 16784.9336 49805.1406
   vertex 26057.9219 16806.6816 49911.3398
  endloop
 endfacet
facet normal -0.807777464 -0.256803691 -0.530610442
  outer loop
   vertex 26094.6797 16906.8691 49843.9219
   vertex 26151.9453 16885.2676 49767.1992
   vertex 26158.918 16784.9336 49805.1406
  endloop
 endfacet
facet normal -0.513121247 -0.264493883 -0.816547334
  outer loop
   vertex 25952.2871 16899.5371 49947.6445
   vertex 26024.2148 16920.1523 49895.7656
   vertex 26057.9219 16806.6816 49911.3398
  endloop
 endfacet
facet normal -0.821536779 0.177766874 -0.541734457
  outer loop
   vertex 26151.9453 16885.2676 49767.1992
   vertex 26196.8281 17024.75 49744.9023
   vertex 26201.209 16894.918 49695.6562
  endloop
 endfacet
facet normal -0.806763232 0.286201745 -0.516934872
  outer loop
   vertex 26162.3223 16851.9219 49732.543
   vertex 26151.9453 16885.2676 49767.1992
   vertex 26201.209 16894.918 49695.6562
  endloop
 endfacet
facet normal 0.193794549 -0.94646436 -0.258164525
  outer loop
   vertex 26178.8164 16607.3887 50100.6328
   vertex 26357.584 16671.9277 49998.2148
   vertex 26486.8477 16667.6719 50110.8555
  endloop
 endfacet
facet normal -0.0679395348 -0.786306977 -0.614089191
  outer loop
   vertex 26178.8164 16607.3887 50100.6328
   vertex 26102.5059 16693.0645 49999.3711
   vertex 26357.584 16671.9277 49998.2148
  endloop
 endfacet
facet normal -0.471288592 -0.837451994 -0.27669704
  outer loop
   vertex 26057.9219 16806.6816 49911.3398
   vertex 26158.918 16784.9336 49805.1406
   vertex 26253.6777 16708.127 49876.207
  endloop
 endfacet
facet normal -0.43907395 -0.651578665 -0.618594646
  outer loop
   vertex 26102.5059 16693.0645 49999.3711
   vertex 26057.9219 16806.6816 49911.3398
   vertex 26253.6777 16708.127 49876.207
  endloop
 endfacet
facet normal -0.616391122 -0.690442145 -0.378618062
  outer loop
   vertex 26158.918 16784.9336 49805.1406
   vertex 26150.0566 16812.2324 49769.7852
   vertex 26168.0645 16808.4941 49747.2852
  endloop
 endfacet
facet normal -0.825626373 -0.464823604 -0.319812626
  outer loop
   vertex 26158.918 16784.9336 49805.1406
   vertex 26168.0645 16808.4941 49747.2852
   vertex 26201.7188 16741.6797 49757.5156
  endloop
 endfacet
facet normal -0.693031132 -0.630320728 -0.349862307
  outer loop
   vertex 26398.3164 16691.584 49586.2617
   vertex 26397.4512 16686.5469 49597.0469
   vertex 26359.3066 16736.1582 49583.2227
  endloop
 endfacet
facet normal -0.0127309533 -0.961525321 -0.274421185
  outer loop
   vertex 26510.8926 16705.6016 49873.1211
   vertex 26357.584 16671.9277 49998.2148
   vertex 26253.6777 16708.127 49876.207
  endloop
 endfacet
facet normal -0.51198107 -0.732167482 -0.449228346
  outer loop
   vertex 26411.1562 16794.1855 49480.4492
   vertex 26452.8789 16788.293 49442.5039
   vertex 26473.3496 16749.1992 49482.8867
  endloop
 endfacet
facet normal -0.369170994 -0.55094403 -0.748447359
  outer loop
   vertex 26411.1562 16794.1855 49480.4492
   vertex 26473.3496 16749.1992 49482.8867
   vertex 26437.1543 16736.0215 49510.4414
  endloop
 endfacet
facet normal -0.256762236 -0.945340097 -0.201010674
  outer loop
   vertex 26353.1426 16683.0156 49763.7852
   vertex 26259.4336 16715.4863 49730.7734
   vertex 26326.4258 16710.627 49668.0547
  endloop
 endfacet
facet normal 0.013726294 -0.714948177 -0.699042678
  outer loop
   vertex 26504.7598 16848.4453 49382
   vertex 26473.3496 16749.1992 49482.8867
   vertex 26452.8789 16788.293 49442.5039
  endloop
 endfacet
facet normal -0.211768225 -0.662946224 -0.718092322
  outer loop
   vertex 26504.7598 16848.4453 49382
   vertex 26549.9453 16744.1758 49464.9375
   vertex 26473.3496 16749.1992 49482.8867
  endloop
 endfacet
facet normal -0.0425573252 -0.933061779 0.357189924
  outer loop
   vertex 26692.043 16683.668 49602.6367
   vertex 26706.7285 16726.5195 49716.3281
   vertex 26637.6191 16686.8984 49604.5938
  endloop
 endfacet
facet normal -0.030070696 -0.9843871 -0.173429415
  outer loop
   vertex 26553.5156 16699.7812 49546.0508
   vertex 26637.6191 16686.8984 49604.5938
   vertex 26568.3379 16684.3379 49631.1367
  endloop
 endfacet
facet normal -0.912998557 -0.154592991 -0.377537638
  outer loop
   vertex 26272.2441 16850.7051 49610.7773
   vertex 26284.8242 16942.6719 49542.6914
   vertex 26301 16844.3555 49543.8359
  endloop
 endfacet
facet normal -0.808873177 -0.274347723 -0.520055354
  outer loop
   vertex 26272.2441 16850.7051 49610.7773
   vertex 26261.623 16935.4707 49582.5781
   vertex 26284.8242 16942.6719 49542.6914
  endloop
 endfacet
facet normal -0.311039865 -0.924273193 0.221299097
  outer loop
   vertex 26393.8594 16680.7383 49638.0039
   vertex 26326.4258 16710.627 49668.0547
   vertex 26357.5762 16691.3379 49631.2812
  endloop
 endfacet
facet normal -0.467750072 -0.862889707 -0.191392794
  outer loop
   vertex 26393.8594 16680.7383 49638.0039
   vertex 26390.4961 16669.7207 49695.8945
   vertex 26326.4258 16710.627 49668.0547
  endloop
 endfacet
facet normal -0.501326561 -0.858527541 -0.107713282
  outer loop
   vertex 26353.1426 16683.0156 49763.7852
   vertex 26326.4258 16710.627 49668.0547
   vertex 26390.4961 16669.7207 49695.8945
  endloop
 endfacet
facet normal -0.167297661 -0.211997554 -0.962843955
  outer loop
   vertex 26445.7422 16701.1582 49575.9141
   vertex 26398.3164 16691.584 49586.2617
   vertex 26359.3066 16736.1582 49583.2227
  endloop
 endfacet
facet normal -0.786174655 -0.437568307 -0.436421096
  outer loop
   vertex 26359.3066 16736.1582 49583.2227
   vertex 26357.5762 16691.3379 49631.2812
   vertex 26326.4258 16710.627 49668.0547
  endloop
 endfacet
facet normal -0.467922568 -0.424485803 -0.775151789
  outer loop
   vertex 26350.3848 16888.4004 49465.5391
   vertex 26411.1562 16794.1855 49480.4492
   vertex 26335.3574 16825.5039 49509.0547
  endloop
 endfacet
facet normal -0.635343909 -0.330923319 -0.697730541
  outer loop
   vertex 26309.8477 16897.1602 49498.3008
   vertex 26350.3848 16888.4004 49465.5391
   vertex 26335.3574 16825.5039 49509.0547
  endloop
 endfacet
facet normal -0.780894458 -0.00193899148 -0.624659956
  outer loop
   vertex 26151.9453 16885.2676 49767.1992
   vertex 26168.0645 16808.4941 49747.2852
   vertex 26150.0566 16812.2324 49769.7852
  endloop
 endfacet
facet normal -0.97686404 -0.172229394 -0.126782119
  outer loop
   vertex 26162.3223 16851.9219 49732.543
   vertex 26168.0645 16808.4941 49747.2852
   vertex 26151.9453 16885.2676 49767.1992
  endloop
 endfacet
facet normal -0.536569476 -0.48881644 -0.687860191
  outer loop
   vertex 26272.2441 16850.7051 49610.7773
   vertex 26326.4258 16710.627 49668.0547
   vertex 26246.5742 16775.7637 49684.0547
  endloop
 endfacet
facet normal -0.419858843 -0.693549395 -0.585412502
  outer loop
   vertex 26618.6328 16830.8457 49321.1797
   vertex 26592.7559 16769.1113 49412.8789
   vertex 26504.7598 16848.4453 49382
  endloop
 endfacet
facet normal -0.729641438 -0.227091387 -0.645021558
  outer loop
   vertex 26498.8828 17007.6816 49332.5859
   vertex 26543.6426 16981.7637 49291.0781
   vertex 26504.7598 16848.4453 49382
  endloop
 endfacet
facet normal -0.679136574 -0.189528227 -0.709120989
  outer loop
   vertex 26246.5742 16775.7637 49684.0547
   vertex 26208.1777 16772.8574 49721.6055
   vertex 26201.209 16894.918 49695.6562
  endloop
 endfacet
facet normal -0.58232975 -0.571973443 -0.577700973
  outer loop
   vertex 26326.4258 16710.627 49668.0547
   vertex 26259.4336 16715.4863 49730.7734
   vertex 26246.5742 16775.7637 49684.0547
  endloop
 endfacet
facet normal -0.54499346 -0.583162129 -0.602415204
  outer loop
   vertex 26208.1777 16772.8574 49721.6055
   vertex 26246.5742 16775.7637 49684.0547
   vertex 26259.4336 16715.4863 49730.7734
  endloop
 endfacet
facet normal -0.794172227 -0.533744395 -0.290529519
  outer loop
   vertex 26272.2441 16850.7051 49610.7773
   vertex 26301 16844.3555 49543.8359
   vertex 26359.3066 16736.1582 49583.2227
  endloop
 endfacet
facet normal -0.76315701 -0.47454828 -0.438628882
  outer loop
   vertex 26359.3066 16736.1582 49583.2227
   vertex 26326.4258 16710.627 49668.0547
   vertex 26272.2441 16850.7051 49610.7773
  endloop
 endfacet
facet normal -0.961443305 0.068576239 -0.266315818
  outer loop
   vertex 26196.8281 17024.75 49744.9023
   vertex 26208.6309 17009.918 49698.4727
   vertex 26201.209 16894.918 49695.6562
  endloop
 endfacet
facet normal -0.765881479 0.0149955889 -0.642806888
  outer loop
   vertex 26223.3145 17008.9883 49671.9805
   vertex 26272.7285 17019.2695 49613.3438
   vertex 26201.209 16894.918 49695.6562
  endloop
 endfacet
facet normal -0.763732195 0.0120289214 -0.645421147
  outer loop
   vertex 26272.2441 16850.7051 49610.7773
   vertex 26201.209 16894.918 49695.6562
   vertex 26272.7285 17019.2695 49613.3438
  endloop
 endfacet
facet normal -0.938334286 -0.0025564197 0.345719934
  outer loop
   vertex 26272.2441 16850.7051 49610.7773
   vertex 26272.7285 17019.2695 49613.3438
   vertex 26261.623 16935.4707 49582.5781
  endloop
 endfacet
facet normal -0.871608853 0.0681478083 -0.485441953
  outer loop
   vertex 26223.3145 17008.9883 49671.9805
   vertex 26201.209 16894.918 49695.6562
   vertex 26208.6309 17009.918 49698.4727
  endloop
 endfacet
facet normal -0.742008567 -0.216327786 -0.634527802
  outer loop
   vertex 26543.6426 16981.7637 49291.0781
   vertex 26591.8633 16931.6973 49251.7617
   vertex 26504.7598 16848.4453 49382
  endloop
 endfacet
facet normal -0.67690438 -0.14252618 -0.722140431
  outer loop
   vertex 26504.7598 16848.4453 49382
   vertex 26452.8789 16788.293 49442.5039
   vertex 26411.1562 16794.1855 49480.4492
  endloop
 endfacet
facet normal -0.585577428 -0.33177349 -0.739611685
  outer loop
   vertex 26411.1562 16794.1855 49480.4492
   vertex 26415.8594 16941.8047 49410.5078
   vertex 26504.7598 16848.4453 49382
  endloop
 endfacet
facet normal -0.537707388 -0.26792556 -0.79942894
  outer loop
   vertex 26415.8594 16941.8047 49410.5078
   vertex 26498.8828 17007.6816 49332.5859
   vertex 26504.7598 16848.4453 49382
  endloop
 endfacet
facet normal -0.381955326 -0.671003819 -0.635502994
  outer loop
   vertex 26504.7598 16848.4453 49382
   vertex 26592.7559 16769.1113 49412.8789
   vertex 26549.9453 16744.1758 49464.9375
  endloop
 endfacet
facet normal -0.409096032 -0.533538163 -0.740254998
  outer loop
   vertex 26691.3203 16879.7129 49207.1445
   vertex 26645.7344 16883.084 49229.9062
   vertex 26665.7227 16947.7754 49172.2344
  endloop
 endfacet
facet normal -0.28705743 -0.520439625 -0.804201841
  outer loop
   vertex 26665.7227 16947.7754 49172.2344
   vertex 26739.3555 16888.834 49184.0938
   vertex 26691.3203 16879.7129 49207.1445
  endloop
 endfacet
facet normal -0.375050813 -0.609152377 -0.698763371
  outer loop
   vertex 26665.7227 16947.7754 49172.2344
   vertex 26752.5312 16952.291 49121.7031
   vertex 26739.3555 16888.834 49184.0938
  endloop
 endfacet
facet normal 0.278725535 -0.888014853 -0.365707159
  outer loop
   vertex 26763.541 16838.6816 49299.3398
   vertex 26846.3633 16912.3359 49183.6172
   vertex 27004.0605 16897.2246 49340.5
  endloop
 endfacet
facet normal 0.493075103 -0.849481821 -0.187769905
  outer loop
   vertex 26763.541 16838.6816 49299.3398
   vertex 26774.1309 16865.2441 49206.9805
   vertex 26846.3633 16912.3359 49183.6172
  endloop
 endfacet
facet normal -0.759801149 -0.303496957 0.574971139
  outer loop
   vertex 26947.7793 17113.0215 49105.5859
   vertex 26941.6641 17114.0684 49098.0586
   vertex 26968.0078 17080.3789 49115.0859
  endloop
 endfacet
facet normal 0.884362876 -0.466800064 -0.000173632463
  outer loop
   vertex 27208.0703 17039.1797 49462.8672
   vertex 27161.916 16951.7637 49397.2852
   vertex 27176.0078 16978.4648 49384.125
  endloop
 endfacet
facet normal 0.314964294 -0.909268141 0.272082567
  outer loop
   vertex 26706.7285 16726.5195 49716.3281
   vertex 26785.9727 16840.3535 50005.0156
   vertex 26510.8926 16705.6016 49873.1211
  endloop
 endfacet
facet normal 0.204158589 -0.970864415 0.125465274
  outer loop
   vertex 26484.1895 16677.8633 49701.9375
   vertex 26706.7285 16726.5195 49716.3281
   vertex 26510.8926 16705.6016 49873.1211
  endloop
 endfacet
facet normal -0.201929167 -0.882030725 -0.425730407
  outer loop
   vertex 26665.7227 16947.7754 49172.2344
   vertex 26700.1992 16966.3242 49117.4531
   vertex 26752.5312 16952.291 49121.7031
  endloop
 endfacet
facet normal 0.446076661 -0.729394555 -0.518651366
  outer loop
   vertex 27004.0605 16897.2246 49340.5
   vertex 26846.3633 16912.3359 49183.6172
   vertex 26993.375 17002.6465 49183.0508
  endloop
 endfacet
facet normal 0.68096292 -0.325445116 -0.656029701
  outer loop
   vertex 27096.6621 17099.8184 49242.0586
   vertex 27158.0215 17036.7773 49337.0234
   vertex 26993.375 17002.6465 49183.0508
  endloop
 endfacet
facet normal -0.532909036 -0.290801853 -0.794633389
  outer loop
   vertex 26721.9238 17016.0078 49118.9102
   vertex 26780.8828 16992.1387 49088.1055
   vertex 26752.5312 16952.291 49121.7031
  endloop
 endfacet
facet normal 0.162123233 -0.700938702 -0.694550931
  outer loop
   vertex 26780.8828 16992.1387 49088.1055
   vertex 26874.3008 16994.7168 49107.3125
   vertex 26752.5312 16952.291 49121.7031
  endloop
 endfacet
facet normal 0.0795226917 -0.00548405573 -0.996817946
  outer loop
   vertex 26700.1992 16966.3242 49117.4531
   vertex 26721.9238 17016.0078 49118.9102
   vertex 26752.5312 16952.291 49121.7031
  endloop
 endfacet
facet normal 0.501041949 -0.853738666 -0.141729578
  outer loop
   vertex 27115.4531 16931.7969 49353.2969
   vertex 27161.916 16951.7637 49397.2852
   vertex 27116.7344 16923.75 49406.3086
  endloop
 endfacet
facet normal -0.546168447 -0.766848028 0.337111443
  outer loop
   vertex 26941.6641 17114.0684 49098.0586
   vertex 26947.7793 17113.0215 49105.5859
   vertex 26895.1074 17165.2832 49139.1289
  endloop
 endfacet
facet normal 0.937651753 -0.340462983 0.0699578226
  outer loop
   vertex 27208.0703 17039.1797 49462.8672
   vertex 27232.0254 17144.582 49654.7656
   vertex 27192.3281 17024.2207 49601.0625
  endloop
 endfacet
facet normal -0.200919315 -0.943749189 -0.262619317
  outer loop
   vertex 26691.3203 16879.7129 49207.1445
   vertex 26763.541 16838.6816 49299.3398
   vertex 26645.7344 16883.084 49229.9062
  endloop
 endfacet
facet normal 0.018779343 -0.0758110061 -0.996945322
  outer loop
   vertex 26874.3008 16994.7168 49107.3125
   vertex 26894.8516 17082.9707 49100.9883
   vertex 26941.5312 17058.5742 49103.7227
  endloop
 endfacet
facet normal 0.97368443 -0.0649698228 0.218443483
  outer loop
   vertex 27179.8711 17027.6855 49720.125
   vertex 27163.1465 17004.8984 49787.8984
   vertex 27168.6582 16985.5859 49757.5859
  endloop
 endfacet
facet normal 0.12580958 -0.588993669 -0.79828465
  outer loop
   vertex 26739.3555 16888.834 49184.0938
   vertex 26846.3633 16912.3359 49183.6172
   vertex 26774.1309 16865.2441 49206.9805
  endloop
 endfacet
facet normal 0.152609304 -0.708807409 -0.688696206
  outer loop
   vertex 26739.3555 16888.834 49184.0938
   vertex 26752.5312 16952.291 49121.7031
   vertex 26846.3633 16912.3359 49183.6172
  endloop
 endfacet
facet normal 0.766917348 0.637402356 0.0745390654
  outer loop
   vertex 26941.6641 17114.0684 49098.0586
   vertex 26895.1074 17165.2832 49139.1289
   vertex 26968.0078 17080.3789 49115.0859
  endloop
 endfacet
facet normal 0.715557337 -0.0920613706 -0.692461073
  outer loop
   vertex 27176.8379 17238.8398 49322.7695
   vertex 27017.5039 17145.7461 49170.4961
   vertex 27139.8184 17294.1387 49277.1641
  endloop
 endfacet
facet normal 0.467950612 0.228025958 -0.853830397
  outer loop
   vertex 27139.8184 17294.1387 49277.1641
   vertex 27017.5039 17145.7461 49170.4961
   vertex 27093.1523 17286.7109 49249.6016
  endloop
 endfacet
facet normal 0.96644026 -0.256337702 -0.0168587174
  outer loop
   vertex 27258.1836 17221.6895 49560.5898
   vertex 27208.0703 17039.1797 49462.8672
   vertex 27245.3086 17181.1406 49439.0703
  endloop
 endfacet
facet normal 0.508988917 -0.0459050573 0.859548151
  outer loop
   vertex 27250.0371 17084.6758 49440.4453
   vertex 27208.0703 17039.1797 49462.8672
   vertex 27247.5859 17060.4473 49440.6055
  endloop
 endfacet
facet normal 0.441648513 0.0344338082 0.896527112
  outer loop
   vertex 27245.3086 17181.1406 49439.0703
   vertex 27208.0703 17039.1797 49462.8672
   vertex 27250.0371 17084.6758 49440.4453
  endloop
 endfacet
facet normal 0.371161014 -0.79718107 0.476174116
  outer loop
   vertex 27163.1465 17004.8984 49787.8984
   vertex 27107.4355 17019.873 49856.3906
   vertex 27112.0195 16953.3105 49741.3828
  endloop
 endfacet
facet normal 0.288440108 -0.782895148 0.551250875
  outer loop
   vertex 27168.6582 16985.5859 49757.5859
   vertex 27163.1465 17004.8984 49787.8984
   vertex 27112.0195 16953.3105 49741.3828
  endloop
 endfacet
facet normal 0.437180907 -0.8969208 -0.066376932
  outer loop
   vertex 26864.6582 16786.6875 49636.9219
   vertex 26767.3223 16749.0195 49504.8164
   vertex 26934.709 16830.7422 49503.0195
  endloop
 endfacet
facet normal 0.524565279 -0.842741668 -0.120903768
  outer loop
   vertex 27004.0605 16897.2246 49340.5
   vertex 27094.1758 16922.7871 49553.3125
   vertex 26934.709 16830.7422 49503.0195
  endloop
 endfacet
facet normal 0.797375739 -0.116028666 -0.592224002
  outer loop
   vertex 27176.8379 17238.8398 49322.7695
   vertex 27158.0215 17036.7773 49337.0234
   vertex 27096.6621 17099.8184 49242.0586
  endloop
 endfacet
facet normal 0.669815302 -0.698073566 -0.253062755
  outer loop
   vertex 27235.6426 17082.8066 49415.5039
   vertex 27208.0703 17039.1797 49462.8672
   vertex 27158.0215 17036.7773 49337.0234
  endloop
 endfacet
facet normal 0.873771369 0.333603114 -0.353882164
  outer loop
   vertex 27192.2656 17004.2715 49390.9336
   vertex 27158.0215 17036.7773 49337.0234
   vertex 27208.0703 17039.1797 49462.8672
  endloop
 endfacet
facet normal 0.476201355 -0.878431439 -0.0398806632
  outer loop
   vertex 27007.9062 16864.1699 49640.7109
   vertex 26864.6582 16786.6875 49636.9219
   vertex 26934.709 16830.7422 49503.0195
  endloop
 endfacet
facet normal -0.628232896 -0.168223739 0.759621084
  outer loop
   vertex 26968.0078 17080.3789 49115.0859
   vertex 27017.5039 17145.7461 49170.4961
   vertex 26947.7793 17113.0215 49105.5859
  endloop
 endfacet
facet normal 0.720562279 -0.287434161 -0.631008387
  outer loop
   vertex 27158.0215 17036.7773 49337.0234
   vertex 27192.2656 17004.2715 49390.9336
   vertex 27176.0078 16978.4648 49384.125
  endloop
 endfacet
facet normal 0.50640732 0.200988144 -0.838543594
  outer loop
   vertex 27017.5039 17145.7461 49170.4961
   vertex 26966.7227 17042.5078 49115.0859
   vertex 26941.5312 17058.5742 49103.7227
  endloop
 endfacet
facet normal -0.760466933 0.0257869232 0.648864448
  outer loop
   vertex 27017.5039 17145.7461 49170.4961
   vertex 26968.0078 17080.3789 49115.0859
   vertex 26966.7227 17042.5078 49115.0859
  endloop
 endfacet
facet normal 0.833288074 -0.546690345 0.0822234005
  outer loop
   vertex 27192.2656 17004.2715 49390.9336
   vertex 27208.0703 17039.1797 49462.8672
   vertex 27176.0078 16978.4648 49384.125
  endloop
 endfacet
facet normal 0.0212559942 -0.741506517 -0.670608878
  outer loop
   vertex 27247.5859 17060.4473 49440.6055
   vertex 27208.0703 17039.1797 49462.8672
   vertex 27235.6426 17082.8066 49415.5039
  endloop
 endfacet
facet normal 0.309589624 -0.818140686 -0.484561741
  outer loop
   vertex 27004.0605 16897.2246 49340.5
   vertex 27072.8418 16950.998 49293.6523
   vertex 27115.4531 16931.7969 49353.2969
  endloop
 endfacet
facet normal 0.210488275 -0.338745356 -0.917031229
  outer loop
   vertex 27004.0605 16897.2246 49340.5
   vertex 27115.4531 16931.7969 49353.2969
   vertex 27082.4355 16896.7676 49358.6562
  endloop
 endfacet
facet normal -0.0157856699 -0.918031573 -0.396192968
  outer loop
   vertex 26763.541 16838.6816 49299.3398
   vertex 26691.3203 16879.7129 49207.1445
   vertex 26739.3555 16888.834 49184.0938
  endloop
 endfacet
facet normal -0.692522764 -0.70999831 -0.127728775
  outer loop
   vertex 26591.8633 16931.6973 49251.7617
   vertex 26618.2109 16914.8652 49202.4648
   vertex 26645.7344 16883.084 49229.9062
  endloop
 endfacet
facet normal -0.682084918 -0.52876538 -0.505140901
  outer loop
   vertex 26618.6328 16830.8457 49321.1797
   vertex 26591.8633 16931.6973 49251.7617
   vertex 26645.7344 16883.084 49229.9062
  endloop
 endfacet
facet normal -0.0179165006 -0.662258029 -0.749061584
  outer loop
   vertex 26665.7227 16947.7754 49172.2344
   vertex 26645.7344 16883.084 49229.9062
   vertex 26618.2109 16914.8652 49202.4648
  endloop
 endfacet
facet normal -0.0760370046 -0.817049146 -0.57153219
  outer loop
   vertex 26673.5449 16766.7109 49405.5625
   vertex 26592.7559 16769.1113 49412.8789
   vertex 26618.6328 16830.8457 49321.1797
  endloop
 endfacet
facet normal 0.499658018 -0.848271668 -0.175433874
  outer loop
   vertex 26785.9727 16840.3535 50005.0156
   vertex 26593.9336 16721.7207 50031.6836
   vertex 26510.8926 16705.6016 49873.1211
  endloop
 endfacet
facet normal 0.467468917 -0.82695955 -0.312427223
  outer loop
   vertex 26707.0449 16768.9277 50075.9805
   vertex 26593.9336 16721.7207 50031.6836
   vertex 26785.9727 16840.3535 50005.0156
  endloop
 endfacet
facet normal 0.217273891 -0.975189149 -0.0424048938
  outer loop
   vertex 26724.9316 16689.8711 49628.4805
   vertex 26692.043 16683.668 49602.6367
   vertex 26717.6406 16690.666 49572.8359
  endloop
 endfacet
facet normal 0.36833483 -0.924377501 0.0992756709
  outer loop
   vertex 26690.1523 16678.9258 49565.5039
   vertex 26717.6406 16690.666 49572.8359
   vertex 26692.043 16683.668 49602.6367
  endloop
 endfacet
facet normal 0.602289259 -0.782775879 0.156555399
  outer loop
   vertex 27107.4355 17019.873 49856.3906
   vertex 27061.3027 16990.627 49887.6406
   vertex 26972.4668 16911.709 49834.8242
  endloop
 endfacet
facet normal 0.063105762 -0.603195548 0.79509294
  outer loop
   vertex 27061.3027 16990.627 49887.6406
   vertex 27050.5605 17057.2246 49939.0195
   vertex 26972.4668 16911.709 49834.8242
  endloop
 endfacet
facet normal 0.578543246 -0.656798303 0.483635873
  outer loop
   vertex 27050.5605 17057.2246 49939.0195
   vertex 26942.9316 17029.8691 50030.6211
   vertex 26972.4668 16911.709 49834.8242
  endloop
 endfacet
facet normal 0.65157032 -0.60199672 0.461579949
  outer loop
   vertex 26942.9316 17029.8691 50030.6211
   vertex 26785.9727 16840.3535 50005.0156
   vertex 26972.4668 16911.709 49834.8242
  endloop
 endfacet
facet normal 0.50071907 -0.843337595 0.195095062
  outer loop
   vertex 26785.9727 16840.3535 50005.0156
   vertex 26706.7285 16726.5195 49716.3281
   vertex 26972.4668 16911.709 49834.8242
  endloop
 endfacet
facet normal 0.542471945 -0.835960627 -0.0830306634
  outer loop
   vertex 26724.9316 16689.8711 49628.4805
   vertex 26717.6406 16690.666 49572.8359
   vertex 26761.1152 16714.8691 49613.1914
  endloop
 endfacet
facet normal 0.670741379 -0.719664156 0.179414347
  outer loop
   vertex 27094.1758 16922.7871 49553.3125
   vertex 27007.9062 16864.1699 49640.7109
   vertex 27019.3438 16855.918 49564.8477
  endloop
 endfacet
facet normal 0.608510852 -0.790403426 0.0705473498
  outer loop
   vertex 27094.1758 16922.7871 49553.3125
   vertex 27112.0195 16953.3105 49741.3828
   vertex 27007.9062 16864.1699 49640.7109
  endloop
 endfacet
facet normal 0.445964068 -0.847145736 0.288894713
  outer loop
   vertex 26972.4668 16911.709 49834.8242
   vertex 27007.9062 16864.1699 49640.7109
   vertex 27112.0195 16953.3105 49741.3828
  endloop
 endfacet
facet normal 0.44952026 -0.845204651 0.289068609
  outer loop
   vertex 26972.4668 16911.709 49834.8242
   vertex 26864.6582 16786.6875 49636.9219
   vertex 27007.9062 16864.1699 49640.7109
  endloop
 endfacet
facet normal 0.480469972 -0.806531429 0.344464362
  outer loop
   vertex 26864.6582 16786.6875 49636.9219
   vertex 26706.7285 16726.5195 49716.3281
   vertex 26761.1152 16714.8691 49613.1914
  endloop
 endfacet
facet normal 0.46157521 -0.841664791 0.28026545
  outer loop
   vertex 26972.4668 16911.709 49834.8242
   vertex 26706.7285 16726.5195 49716.3281
   vertex 26864.6582 16786.6875 49636.9219
  endloop
 endfacet
facet normal -0.110759169 -0.925172865 0.363025606
  outer loop
   vertex 26724.9316 16689.8711 49628.4805
   vertex 26706.7285 16726.5195 49716.3281
   vertex 26692.043 16683.668 49602.6367
  endloop
 endfacet
facet normal 0.629377842 -0.66219002 0.406679064
  outer loop
   vertex 26724.9316 16689.8711 49628.4805
   vertex 26761.1152 16714.8691 49613.1914
   vertex 26706.7285 16726.5195 49716.3281
  endloop
 endfacet
facet normal 0.247001991 -0.886466801 -0.391365021
  outer loop
   vertex 26767.3223 16749.0195 49504.8164
   vertex 26673.5449 16766.7109 49405.5625
   vertex 26763.541 16838.6816 49299.3398
  endloop
 endfacet
facet normal 0.361831963 -0.921696603 -0.139832214
  outer loop
   vertex 26593.9336 16721.7207 50031.6836
   vertex 26655.3711 16733.6191 50112.2344
   vertex 26486.8477 16667.6719 50110.8555
  endloop
 endfacet
facet normal 0.0696630627 -0.971050918 0.228488967
  outer loop
   vertex 26484.1895 16677.8633 49701.9375
   vertex 26353.1426 16683.0156 49763.7852
   vertex 26390.4961 16669.7207 49695.8945
  endloop
 endfacet
facet normal 0.201786339 -0.967666924 0.151337445
  outer loop
   vertex 26706.7285 16726.5195 49716.3281
   vertex 26484.1895 16677.8633 49701.9375
   vertex 26568.3379 16684.3379 49631.1367
  endloop
 endfacet
facet normal 0.207383826 -0.978216827 -0.00915669836
  outer loop
   vertex 26357.584 16671.9277 49998.2148
   vertex 26510.8926 16705.6016 49873.1211
   vertex 26593.9336 16721.7207 50031.6836
  endloop
 endfacet
facet normal 0.133724958 -0.957191288 0.256714851
  outer loop
   vertex 26637.6191 16686.8984 49604.5938
   vertex 26706.7285 16726.5195 49716.3281
   vertex 26568.3379 16684.3379 49631.1367
  endloop
 endfacet
facet normal 0.122315362 -0.968621314 -0.216360152
  outer loop
   vertex 26393.8594 16680.7383 49638.0039
   vertex 26445.7422 16701.1582 49575.9141
   vertex 26484.1895 16677.8633 49701.9375
  endloop
 endfacet
facet normal -0.0615713894 -0.984665692 -0.163225248
  outer loop
   vertex 26568.3379 16684.3379 49631.1367
   vertex 26484.1895 16677.8633 49701.9375
   vertex 26445.7422 16701.1582 49575.9141
  endloop
 endfacet
facet normal 0.0341768041 -0.987376928 0.154656962
  outer loop
   vertex 26510.8926 16705.6016 49873.1211
   vertex 26353.1426 16683.0156 49763.7852
   vertex 26484.1895 16677.8633 49701.9375
  endloop
 endfacet
facet normal 0.237662017 -0.921371281 -0.307557762
  outer loop
   vertex 26357.584 16671.9277 49998.2148
   vertex 26593.9336 16721.7207 50031.6836
   vertex 26486.8477 16667.6719 50110.8555
  endloop
 endfacet
facet normal -0.146162778 -0.860615969 -0.487828434
  outer loop
   vertex 26473.3496 16749.1992 49482.8867
   vertex 26553.5156 16699.7812 49546.0508
   vertex 26445.7422 16701.1582 49575.9141
  endloop
 endfacet
facet normal -0.0331889316 -0.883971453 -0.466361433
  outer loop
   vertex 26473.3496 16749.1992 49482.8867
   vertex 26445.7422 16701.1582 49575.9141
   vertex 26437.1543 16736.0215 49510.4414
  endloop
 endfacet
facet normal 0.00814733095 -0.974078178 -0.226064965
  outer loop
   vertex 26637.6191 16686.8984 49604.5938
   vertex 26553.5156 16699.7812 49546.0508
   vertex 26652.2285 16706.9316 49518.7969
  endloop
 endfacet
facet normal -0.0591983162 -0.98396033 -0.168278456
  outer loop
   vertex 26568.3379 16684.3379 49631.1367
   vertex 26445.7422 16701.1582 49575.9141
   vertex 26553.5156 16699.7812 49546.0508
  endloop
 endfacet
facet normal 0.190949112 -0.972333848 0.134555921
  outer loop
   vertex 27007.9062 16864.1699 49640.7109
   vertex 26934.709 16830.7422 49503.0195
   vertex 27019.3438 16855.918 49564.8477
  endloop
 endfacet
facet normal 0.40399158 -0.835668206 -0.372088015
  outer loop
   vertex 26763.541 16838.6816 49299.3398
   vertex 26934.709 16830.7422 49503.0195
   vertex 26767.3223 16749.0195 49504.8164
  endloop
 endfacet
facet normal 0.604650795 -0.170208633 -0.77809155
  outer loop
   vertex 27017.5039 17145.7461 49170.4961
   vertex 27096.6621 17099.8184 49242.0586
   vertex 26993.375 17002.6465 49183.0508
  endloop
 endfacet
facet normal -0.685365438 -0.717131555 0.126477391
  outer loop
   vertex 26690.1523 16678.9258 49565.5039
   vertex 26692.043 16683.668 49602.6367
   vertex 26652.2285 16706.9316 49518.7969
  endloop
 endfacet
facet normal -0.0660764202 -0.969126046 -0.237546995
  outer loop
   vertex 26637.6191 16686.8984 49604.5938
   vertex 26652.2285 16706.9316 49518.7969
   vertex 26692.043 16683.668 49602.6367
  endloop
 endfacet
facet normal -0.0684565455 -0.876666963 -0.476202369
  outer loop
   vertex 26592.7559 16769.1113 49412.8789
   vertex 26652.2285 16706.9316 49518.7969
   vertex 26549.9453 16744.1758 49464.9375
  endloop
 endfacet
facet normal -0.0691475496 -0.876785636 -0.47588402
  outer loop
   vertex 26592.7559 16769.1113 49412.8789
   vertex 26673.5449 16766.7109 49405.5625
   vertex 26652.2285 16706.9316 49518.7969
  endloop
 endfacet
facet normal -0.0681184754 -0.876432478 -0.476682246
  outer loop
   vertex 26549.9453 16744.1758 49464.9375
   vertex 26652.2285 16706.9316 49518.7969
   vertex 26553.5156 16699.7812 49546.0508
  endloop
 endfacet
facet normal -0.166552976 -0.868027806 -0.467747658
  outer loop
   vertex 26549.9453 16744.1758 49464.9375
   vertex 26553.5156 16699.7812 49546.0508
   vertex 26473.3496 16749.1992 49482.8867
  endloop
 endfacet
facet normal -0.0445642918 -0.809103251 -0.585974395
  outer loop
   vertex 26673.5449 16766.7109 49405.5625
   vertex 26618.6328 16830.8457 49321.1797
   vertex 26763.541 16838.6816 49299.3398
  endloop
 endfacet
facet normal -0.395485848 -0.869651496 -0.295460939
  outer loop
   vertex 26763.541 16838.6816 49299.3398
   vertex 26739.3555 16888.834 49184.0938
   vertex 26774.1309 16865.2441 49206.9805
  endloop
 endfacet
facet normal 0.589313686 -0.779614747 -0.211920351
  outer loop
   vertex 26864.6582 16786.6875 49636.9219
   vertex 26761.1152 16714.8691 49613.1914
   vertex 26767.3223 16749.0195 49504.8164
  endloop
 endfacet
facet normal 0.614389181 -0.761930048 -0.204911202
  outer loop
   vertex 26717.6406 16690.666 49572.8359
   vertex 26767.3223 16749.0195 49504.8164
   vertex 26761.1152 16714.8691 49613.1914
  endloop
 endfacet
facet normal 0.23407349 -0.815772653 -0.528890014
  outer loop
   vertex 26717.6406 16690.666 49572.8359
   vertex 26652.2285 16706.9316 49518.7969
   vertex 26767.3223 16749.0195 49504.8164
  endloop
 endfacet
facet normal 0.269028485 -0.871719539 -0.409547031
  outer loop
   vertex 26673.5449 16766.7109 49405.5625
   vertex 26767.3223 16749.0195 49504.8164
   vertex 26652.2285 16706.9316 49518.7969
  endloop
 endfacet
facet normal 0.270463258 -0.925998569 -0.263393819
  outer loop
   vertex 27004.0605 16897.2246 49340.5
   vertex 26934.709 16830.7422 49503.0195
   vertex 26763.541 16838.6816 49299.3398
  endloop
 endfacet
facet normal -0.0291018859 -0.86379385 -0.503004253
  outer loop
   vertex 26618.6328 16830.8457 49321.1797
   vertex 26645.7344 16883.084 49229.9062
   vertex 26763.541 16838.6816 49299.3398
  endloop
 endfacet
facet normal 0.692344427 -0.37618643 -0.615745842
  outer loop
   vertex 27115.4531 16931.7969 49353.2969
   vertex 27072.8418 16950.998 49293.6523
   vertex 27158.0215 17036.7773 49337.0234
  endloop
 endfacet
facet normal 0.629067004 -0.361736923 -0.688055992
  outer loop
   vertex 27115.4531 16931.7969 49353.2969
   vertex 27158.0215 17036.7773 49337.0234
   vertex 27176.0078 16978.4648 49384.125
  endloop
 endfacet
facet normal 0.530550361 -0.259530216 -0.806945086
  outer loop
   vertex 26993.375 17002.6465 49183.0508
   vertex 26903.3691 16955.6543 49138.9883
   vertex 26874.3008 16994.7168 49107.3125
  endloop
 endfacet
facet normal 0.965527058 0.249131128 -0.0754398033
  outer loop
   vertex 26993.375 17002.6465 49183.0508
   vertex 26981.4062 17029.1973 49117.5391
   vertex 26968.0078 17080.3789 49115.0859
  endloop
 endfacet
facet normal 0.161451042 -0.699540198 -0.696115673
  outer loop
   vertex 26752.5312 16952.291 49121.7031
   vertex 26874.3008 16994.7168 49107.3125
   vertex 26846.3633 16912.3359 49183.6172
  endloop
 endfacet
facet normal -0.0792761371 -0.662802756 -0.744585633
  outer loop
   vertex 26903.3691 16955.6543 49138.9883
   vertex 26846.3633 16912.3359 49183.6172
   vertex 26874.3008 16994.7168 49107.3125
  endloop
 endfacet
facet normal 0.248182982 -0.797067702 -0.550534546
  outer loop
   vertex 27072.8418 16950.998 49293.6523
   vertex 27004.0605 16897.2246 49340.5
   vertex 26993.375 17002.6465 49183.0508
  endloop
 endfacet
facet normal 0.677385569 -0.580318391 -0.45208329
  outer loop
   vertex 27161.916 16951.7637 49397.2852
   vertex 27115.4531 16931.7969 49353.2969
   vertex 27176.0078 16978.4648 49384.125
  endloop
 endfacet
facet normal 0.160058737 -0.00538358698 -0.987092793
  outer loop
   vertex 26966.7227 17042.5078 49115.0859
   vertex 26968.0078 17080.3789 49115.0859
   vertex 26981.4062 17029.1973 49117.5391
  endloop
 endfacet
facet normal -0.134470612 -0.817659497 0.559777319
  outer loop
   vertex 27116.7344 16923.75 49406.3086
   vertex 27004.0605 16897.2246 49340.5
   vertex 27082.4355 16896.7676 49358.6562
  endloop
 endfacet
facet normal 0.214363843 -0.976394176 0.0265054069
  outer loop
   vertex 27094.1758 16922.7871 49553.3125
   vertex 27004.0605 16897.2246 49340.5
   vertex 27116.7344 16923.75 49406.3086
  endloop
 endfacet
facet normal 0.678182065 -0.345507443 -0.648609042
  outer loop
   vertex 27072.8418 16950.998 49293.6523
   vertex 26993.375 17002.6465 49183.0508
   vertex 27158.0215 17036.7773 49337.0234
  endloop
 endfacet
facet normal -0.64317894 -0.743345141 -0.183735847
  outer loop
   vertex 26993.375 17002.6465 49183.0508
   vertex 26966.7227 17042.5078 49115.0859
   vertex 26981.4062 17029.1973 49117.5391
  endloop
 endfacet
facet normal 0.413231224 -0.705474854 -0.575799644
  outer loop
   vertex 26993.375 17002.6465 49183.0508
   vertex 26874.3008 16994.7168 49107.3125
   vertex 26966.7227 17042.5078 49115.0859
  endloop
 endfacet
facet normal 0.712870061 -0.690588355 -0.122082017
  outer loop
   vertex 27116.7344 16923.75 49406.3086
   vertex 27082.4355 16896.7676 49358.6562
   vertex 27115.4531 16931.7969 49353.2969
  endloop
 endfacet
endsolid MATLAB_1
