solid MATLAB_1
facet normal 0.0682582706 0.953734815 -0.292797983
  outer loop
   vertex 45646.6641 32498.3848 28660.1641
   vertex 45354.3164 32537.3379 28718.8906
   vertex 45547.0664 32580.6973 28905.0625
  endloop
 endfacet
facet normal -0.554721296 0.790468216 0.259700239
  outer loop
   vertex 38052.5469 35124.6211 31165.1484
   vertex 38020.0352 35112.8125 31131.6445
   vertex 38088.3555 35117.8164 31262.3438
  endloop
 endfacet
facet normal -0.384370655 -0.775791049 0.500407279
  outer loop
   vertex 36368.1836 34097.3281 31223.0215
   vertex 36201.4648 34316.1328 31434.1816
   vertex 36161.7969 34083.3125 31042.7676
  endloop
 endfacet
facet normal 0.06864658 -0.243546844 -0.967456758
  outer loop
   vertex 37491.1406 33936.2656 29929.4941
   vertex 37466.1289 34059.7617 29896.6289
   vertex 37661.0391 33978.1602 29931.002
  endloop
 endfacet
facet normal 0.197566286 0.900232852 -0.388005614
  outer loop
   vertex 46345.0078 32205.4707 28159.2402
   vertex 46167.4648 32288.1719 28260.7188
   vertex 46313.3789 32365.3516 28514.0879
  endloop
 endfacet
facet normal 0.166031674 0.689906538 -0.70460093
  outer loop
   vertex 43613.1328 32837.457 29000.0703
   vertex 43355.3867 32764.3262 28867.7266
   vertex 43467.3125 32965.5156 29091.0957
  endloop
 endfacet
facet normal -0.704259396 -0.349275976 -0.618081689
  outer loop
   vertex 40319.4883 33753.8633 29780.3672
   vertex 40370.2305 33591.7578 29814.1543
   vertex 40272.1328 33667.1328 29883.3359
  endloop
 endfacet
facet normal 0.531359196 0.770330369 0.352488995
  outer loop
   vertex 44731.8086 32745.9688 29627.0664
   vertex 44571.332 32837.9609 29667.9355
   vertex 44634.0664 32755.9668 29752.5605
  endloop
 endfacet
facet normal 0.445950687 0.857723951 -0.255807877
  outer loop
   vertex 40945.7031 34629.5156 30790.4785
   vertex 41031.3945 34631.4258 30946.2773
   vertex 41010.0938 34577.0938 30726.9688
  endloop
 endfacet
facet normal -0.0552411079 -0.850694656 0.522749543
  outer loop
   vertex 41952.5547 33041.1055 30126.7012
   vertex 42037.6484 33218.3906 30424.1953
   vertex 41803.4297 33118.7148 30237.2402
  endloop
 endfacet
facet normal 0.303483367 0.903906345 -0.301415235
  outer loop
   vertex 41950.9258 34183.6289 30427.1191
   vertex 41800.6211 34249.2344 30472.5273
   vertex 41868.7188 34292.1953 30669.9238
  endloop
 endfacet
facet normal 0.0250271112 -0.964280248 0.263699234
  outer loop
   vertex 39738.9492 33924.0312 31976.4375
   vertex 39759.7812 33878.1289 31806.6074
   vertex 39815.2656 33896.0938 31867.0391
  endloop
 endfacet
facet normal 0.167981178 -0.946258724 0.276363492
  outer loop
   vertex 39738.9492 33924.0312 31976.4375
   vertex 39626.6055 33848.6992 31786.7891
   vertex 39759.7812 33878.1289 31806.6074
  endloop
 endfacet
facet normal -0.784017622 -0.414685547 0.461900681
  outer loop
   vertex 35509.1055 34381.5078 30853.5957
   vertex 35603.5547 34543.8281 31159.6367
   vertex 35383.0156 34632.1641 30864.6055
  endloop
 endfacet
facet normal -0.415827394 -0.604357481 -0.679587841
  outer loop
   vertex 35437.8594 34260.4492 30579.4766
   vertex 35476.9062 34302.8086 30517.9102
   vertex 35469.4336 34236.7109 30581.2656
  endloop
 endfacet
facet normal -0.212231457 -0.866748095 0.451337546
  outer loop
   vertex 41465.8906 33456.3555 30871.7461
   vertex 41480.5391 33506.4375 30974.8125
   vertex 41239.8008 33512.7344 30873.7051
  endloop
 endfacet
facet normal -0.272453934 0.956415415 0.105063945
  outer loop
   vertex 38131.7539 35112.2383 31425.6699
   vertex 38088.3555 35117.8164 31262.3438
   vertex 38109.2266 35092.7266 31544.8789
  endloop
 endfacet
facet normal -0.208099023 -0.86338985 -0.459622443
  outer loop
   vertex 39333.0898 34242.5898 30345.877
   vertex 39457.7773 34127.0938 30506.3828
   vertex 39273.5977 34169.0508 30510.957
  endloop
 endfacet
facet normal 0.266243637 -0.0900642127 -0.959688902
  outer loop
   vertex 35476.9062 34302.8086 30517.9102
   vertex 35383.8906 34393.8438 30483.5625
   vertex 35424.75 34466.0352 30488.123
  endloop
 endfacet
facet normal -0.301055431 -0.263460666 -0.916490078
  outer loop
   vertex 35552.7305 34397.9922 30465.6426
   vertex 35476.9062 34302.8086 30517.9102
   vertex 35424.75 34466.0352 30488.123
  endloop
 endfacet
facet normal -0.142896682 -0.858071387 0.493248463
  outer loop
   vertex 37217.2344 34021.75 31452.877
   vertex 36883.2227 34133.7695 31550.9844
   vertex 36918.0195 34005.875 31338.5742
  endloop
 endfacet
facet normal 0.286338955 0.94996345 0.124817654
  outer loop
   vertex 39713.8359 35113.2266 31152.8438
   vertex 39761.3398 35101.3203 31134.4707
   vertex 39617.7266 35167.9023 30957.1738
  endloop
 endfacet
facet normal 0.239043161 0.251274437 0.937933624
  outer loop
   vertex 46246.1094 32256.3867 29277.4219
   vertex 46028.3789 32307.0293 29319.3457
   vertex 46102.7188 32152.125 29341.8984
  endloop
 endfacet
facet normal 0.347097099 0.932254314 0.102105148
  outer loop
   vertex 41914.0234 34317.3672 30945.2246
   vertex 42033.9258 34265.7227 31009.1504
   vertex 42031.7773 34281.5977 30871.5332
  endloop
 endfacet
facet normal 0.302844167 0.946647108 0.110202946
  outer loop
   vertex 39761.3398 35101.3203 31134.4707
   vertex 39992.8359 35037.6094 31045.5957
   vertex 39617.7266 35167.9023 30957.1738
  endloop
 endfacet
facet normal -0.294638753 -0.869986475 0.395362467
  outer loop
   vertex 40486.1445 33803.1758 30936.3633
   vertex 40606.9453 33718.0859 30839.1484
   vertex 40848.1758 33664.8867 30901.8555
  endloop
 endfacet
facet normal -0.333913952 0.939756215 -0.0732103139
  outer loop
   vertex 38833.3203 35223.3477 31076.084
   vertex 38834.75 35211.1211 30912.6016
   vertex 38665.582 35176.957 31245.6426
  endloop
 endfacet
facet normal 0.382214338 -0.773662806 0.505329669
  outer loop
   vertex 40097.9023 34135.1797 32017.0762
   vertex 40166.1406 34066.3984 31860.1602
   vertex 40206.0703 34168.6016 31986.4297
  endloop
 endfacet
facet normal 0.456513971 -0.72468257 0.516168773
  outer loop
   vertex 40000.4258 34000.5273 31914.2402
   vertex 40166.1406 34066.3984 31860.1602
   vertex 40097.9023 34135.1797 32017.0762
  endloop
 endfacet
facet normal 0.0492384061 -0.642380834 0.764802217
  outer loop
   vertex 41355.5664 33831.6523 31336.3359
   vertex 41435.5664 33745.9922 31259.2363
   vertex 41481.207 33901.1211 31386.5938
  endloop
 endfacet
facet normal 0.424878031 0.897864997 -0.115399763
  outer loop
   vertex 43175.3867 33661.0586 30096.5391
   vertex 43171.543 33641.0898 29927.0273
   vertex 43042.6992 33704.1797 29943.5059
  endloop
 endfacet
facet normal 0.0684951097 -0.973076165 -0.220071018
  outer loop
   vertex 39433.9414 33831.457 31595.2246
   vertex 39262.8203 33869.2891 31374.6914
   vertex 39400.8359 33884.0898 31352.1934
  endloop
 endfacet
facet normal -0.291838139 -0.83685869 0.463139355
  outer loop
   vertex 40848.1758 33664.8867 30901.8555
   vertex 41239.8008 33512.7344 30873.7051
   vertex 41145.0703 33646.9453 31056.5156
  endloop
 endfacet
facet normal -0.265037447 -0.785622835 0.559063435
  outer loop
   vertex 40848.1758 33664.8867 30901.8555
   vertex 41022.3203 33505.3711 30760.2539
   vertex 41239.8008 33512.7344 30873.7051
  endloop
 endfacet
facet normal -0.369037807 -0.905551791 0.209253445
  outer loop
   vertex 40953.6055 33200.7695 29912.4688
   vertex 41098.8672 33143.9883 29922.9414
   vertex 41086.457 33182.3398 30067.0156
  endloop
 endfacet
facet normal 0.266163558 0.216603324 0.939276278
  outer loop
   vertex 40702.9766 34617.2461 31839.5762
   vertex 40577.957 34674.5859 31861.7793
   vertex 40630.0469 34472.418 31893.6387
  endloop
 endfacet
facet normal -0.0171934944 0.775932312 -0.630581856
  outer loop
   vertex 45204.3984 32239.207 28264.7559
   vertex 45076.8711 32366.9082 28425.3691
   vertex 45233.1328 32418.957 28485.1562
  endloop
 endfacet
facet normal 0.512700617 0.824784636 -0.238470986
  outer loop
   vertex 46817.1133 32152.7969 28165.7324
   vertex 46848.7383 32100.7285 28053.6348
   vertex 46796.4336 32125.4902 28026.834
  endloop
 endfacet
facet normal 0.147587091 0.814584374 -0.560954809
  outer loop
   vertex 46388.7109 32012.3789 27890.3418
   vertex 46216.8398 32105.168 27979.8672
   vertex 46345.0078 32205.4707 28159.2402
  endloop
 endfacet
facet normal 0.00910900161 0.923422813 -0.383676112
  outer loop
   vertex 45646.6641 32498.3848 28660.1641
   vertex 45852.9883 32449.4102 28547.1895
   vertex 45703.457 32379.418 28375.1836
  endloop
 endfacet
facet normal -0.481608361 -0.825934052 0.29306379
  outer loop
   vertex 42797.6523 32223.3633 29191.6777
   vertex 42596.168 32350.2734 29218.2324
   vertex 42677.957 32229.8926 29013.377
  endloop
 endfacet
facet normal -0.62933588 -0.71501714 -0.304445148
  outer loop
   vertex 42393.4805 32456.2285 29008.5918
   vertex 42508.543 32416.0547 28865.0879
   vertex 42519.6836 32345.9863 29006.625
  endloop
 endfacet
facet normal -0.0236104373 0.398517638 -0.916856706
  outer loop
   vertex 42586.293 32749.2227 28813.4004
   vertex 42614.7617 32931.2344 28891.7812
   vertex 42776.8359 32880.2539 28865.4473
  endloop
 endfacet
facet normal 0.421910644 0.21800077 0.880038083
  outer loop
   vertex 43427.1562 33439.1523 30226.0215
   vertex 43300.2266 33425.6914 30290.207
   vertex 43364.4766 33302.75 30289.8594
  endloop
 endfacet
facet normal 0.348116368 -0.553330779 0.756729841
  outer loop
   vertex 42738.6055 33532.9609 30580.6914
   vertex 42597.3281 33424.2852 30566.2188
   vertex 42684.8828 33348.1289 30470.2539
  endloop
 endfacet
facet normal 0.543371558 0.808954239 0.22436662
  outer loop
   vertex 43175.3867 33661.0586 30096.5391
   vertex 43079.5742 33719.9023 30116.4277
   vertex 43135.8281 33645.5 30248.4395
  endloop
 endfacet
facet normal -0.219498992 -0.816131234 0.534555912
  outer loop
   vertex 42501.7422 32651.9551 29706.8125
   vertex 42453.3242 32559.7812 29546.2031
   vertex 42629.2266 32623.1621 29715.1973
  endloop
 endfacet
facet normal 0.629567921 -0.00386609905 -0.776935875
  outer loop
   vertex 46959.2461 31949.7012 28118.5234
   vertex 46822.9922 31880.2676 28008.459
   vertex 46894.0938 32031.9668 28065.3203
  endloop
 endfacet
facet normal 0.426104099 0.879427493 -0.212232426
  outer loop
   vertex 43311.6602 33563.2734 29906.5977
   vertex 43480.6953 33504.1875 30001.125
   vertex 43427.2266 33483.7266 29809.0039
  endloop
 endfacet
facet normal -0.13877967 -0.761551559 0.633071482
  outer loop
   vertex 40932.0938 33833.8945 31234.0586
   vertex 41034.4023 33792.125 31206.2422
   vertex 41079.1719 33921.2188 31371.3457
  endloop
 endfacet
facet normal -0.10172002 -0.963494539 0.247651681
  outer loop
   vertex 44186.8906 31606.0762 28847.6211
   vertex 44033.1094 31631.7832 28884.4688
   vertex 43988.7656 31594.7832 28722.3105
  endloop
 endfacet
facet normal -0.435409963 -0.774855912 0.458275557
  outer loop
   vertex 36986.5625 33676.2656 30739.752
   vertex 36928.8281 33778.7031 30858.0938
   vertex 36944.957 33685.2539 30715.416
  endloop
 endfacet
facet normal -0.0226845145 -0.277459294 0.960469544
  outer loop
   vertex 38262.1445 34402.2695 32412.541
   vertex 38289.7227 34419.1055 32418.0566
   vertex 38200.8516 34448.5469 32424.4629
  endloop
 endfacet
facet normal -0.265084445 -0.912450552 0.311711758
  outer loop
   vertex 36928.8281 33778.7031 30858.0938
   vertex 36548.1523 33946.8594 31026.6035
   vertex 36667.0039 33819.2539 30754.1406
  endloop
 endfacet
facet normal 0.153578758 -0.373819143 0.914698184
  outer loop
   vertex 41481.207 33901.1211 31386.5938
   vertex 41560.3203 33858.3867 31355.8457
   vertex 41615.5977 34000.6094 31404.6895
  endloop
 endfacet
facet normal 0.127910301 -0.366243094 0.921685934
  outer loop
   vertex 41663.4453 33886.7422 31352.8008
   vertex 41615.5977 34000.6094 31404.6895
   vertex 41560.3203 33858.3867 31355.8457
  endloop
 endfacet
facet normal 0.104967497 -0.684652388 0.721271753
  outer loop
   vertex 45199.4922 32088.3281 29445.0762
   vertex 45026.0547 32074.875 29457.5469
   vertex 45048.8594 31922.8828 29309.9531
  endloop
 endfacet
facet normal -0.180111051 -0.309663802 0.933631778
  outer loop
   vertex 36851.957 34774.3789 32161.0703
   vertex 37042.0156 34518.5742 32112.8906
   vertex 37263.6367 34724.6289 32223.9883
  endloop
 endfacet
facet normal 0.0548537523 0.874512553 -0.481890887
  outer loop
   vertex 37412.8633 35033.8633 31384.4238
   vertex 37215.1914 35123.3555 31524.3262
   vertex 37428.6172 35067.8867 31447.9609
  endloop
 endfacet
facet normal 0.123250425 0.905841053 -0.405291706
  outer loop
   vertex 37412.8633 35033.8633 31384.4238
   vertex 37271.3555 35030.6523 31334.2129
   vertex 37215.1914 35123.3555 31524.3262
  endloop
 endfacet
facet normal -0.121591493 0.686467946 -0.716922104
  outer loop
   vertex 41829.0977 33652.3906 29599.7578
   vertex 41959.7305 33629.3242 29555.5156
   vertex 41805.4766 33430.5898 29391.3848
  endloop
 endfacet
facet normal -0.0731493458 0.68699348 -0.722972393
  outer loop
   vertex 41829.0977 33652.3906 29599.7578
   vertex 41805.4766 33430.5898 29391.3848
   vertex 41653.1367 33450.3594 29425.5879
  endloop
 endfacet
facet normal -0.955751359 0.123547927 -0.2669743
  outer loop
   vertex 35326.1914 34624.9375 30709.041
   vertex 35307.5703 34639.6641 30782.5156
   vertex 35312.5625 34668.1836 30777.8477
  endloop
 endfacet
facet normal 0.497836411 -0.867247164 -0.00642466918
  outer loop
   vertex 37661.0391 33978.1602 29931.002
   vertex 37738.043 34022.8789 29861.2852
   vertex 37760.7539 34035.8164 29874.7363
  endloop
 endfacet
facet normal -0.424285203 -0.711199701 -0.560514987
  outer loop
   vertex 41031.3359 33181.6211 29733.2402
   vertex 40923.9453 33197.7773 29794.0312
   vertex 40818.4414 33271.4023 29780.4785
  endloop
 endfacet
facet normal -0.430077493 -0.78890568 -0.438931882
  outer loop
   vertex 40902.6484 33316.7383 29616.4805
   vertex 41031.3359 33181.6211 29733.2402
   vertex 40818.4414 33271.4023 29780.4785
  endloop
 endfacet
facet normal -0.367387116 -0.903416097 -0.221056834
  outer loop
   vertex 40631.793 33381.2539 29742.4902
   vertex 40642.2617 33345.7344 29870.2383
   vertex 40551.8555 33397.4219 29809.2598
  endloop
 endfacet
facet normal -0.404463112 -0.818223834 -0.408557653
  outer loop
   vertex 41144.2617 33208.9219 29566.7656
   vertex 41031.3359 33181.6211 29733.2402
   vertex 41019.2969 33257.3398 29593.5195
  endloop
 endfacet
facet normal -0.231524691 0.511748075 -0.827351332
  outer loop
   vertex 41487.5195 33333.3945 29399.584
   vertex 41579.4414 33532.4766 29497.002
   vertex 41653.1367 33450.3594 29425.5879
  endloop
 endfacet
facet normal -0.305060565 -0.88188535 0.359466642
  outer loop
   vertex 40988.9453 33345.793 30389.2891
   vertex 40868.7109 33310.0312 30199.5234
   vertex 40975.6797 33250.2266 30143.5742
  endloop
 endfacet
facet normal 0.532877028 -0.83618921 -0.129729077
  outer loop
   vertex 37494.582 33714.9727 30282.2441
   vertex 37687.0938 33851.5938 30192.3906
   vertex 37554.0938 33742.7461 30347.6758
  endloop
 endfacet
facet normal -0.588608444 -0.34633705 -0.730472982
  outer loop
   vertex 41592.7188 32998.8242 29382.0312
   vertex 41672.7852 33082.5586 29277.8164
   vertex 41724.1484 32932.2031 29307.7148
  endloop
 endfacet
facet normal -0.81384635 -0.47058621 -0.340885222
  outer loop
   vertex 42345.8828 32587.0156 28941.6738
   vertex 42393.4805 32456.2285 29008.5918
   vertex 42265.1055 32566.7793 29162.4629
  endloop
 endfacet
facet normal -0.12732552 0.50037533 -0.856395245
  outer loop
   vertex 41653.1367 33450.3594 29425.5879
   vertex 41805.4766 33430.5898 29391.3848
   vertex 41616.3398 33314.5977 29351.7344
  endloop
 endfacet
facet normal -0.579519153 -0.186820596 -0.793256342
  outer loop
   vertex 40471.5234 33627.4766 29699.0625
   vertex 40319.4883 33753.8633 29780.3672
   vertex 40438.0078 33740.8008 29696.8555
  endloop
 endfacet
facet normal -0.649101794 -0.344541192 -0.678202212
  outer loop
   vertex 40471.5234 33627.4766 29699.0625
   vertex 40370.2305 33591.7578 29814.1543
   vertex 40319.4883 33753.8633 29780.3672
  endloop
 endfacet
facet normal -0.484741449 -0.467629731 -0.739153683
  outer loop
   vertex 41528.9375 33153.0859 29356.3516
   vertex 41390.5039 33099.6133 29480.9668
   vertex 41411.1836 33204.7031 29400.918
  endloop
 endfacet
facet normal -0.446151018 -0.285841316 -0.848082542
  outer loop
   vertex 41264.168 33152.2422 29522.791
   vertex 41144.2617 33208.9219 29566.7656
   vertex 41292.957 33281.6836 29464.0195
  endloop
 endfacet
facet normal -0.325100601 0.149229765 -0.933830857
  outer loop
   vertex 41487.5195 33333.3945 29399.584
   vertex 41616.3398 33314.5977 29351.7344
   vertex 41528.9375 33153.0859 29356.3516
  endloop
 endfacet
facet normal -0.602494597 -0.742070436 -0.293822616
  outer loop
   vertex 42265.1055 32566.7793 29162.4629
   vertex 42026.4961 32728.709 29242.7832
   vertex 42143.2695 32699.0547 29078.2227
  endloop
 endfacet
facet normal -0.325464964 0.59708792 -0.733183861
  outer loop
   vertex 42130.5664 33218.5469 29130.123
   vertex 41955.0898 33172.293 29170.3535
   vertex 42125.5117 33387.8945 29270.2793
  endloop
 endfacet
facet normal -0.489935309 -0.722237229 -0.488197476
  outer loop
   vertex 41858.8555 32853.8828 29225.8359
   vertex 41960.0977 32850.7852 29128.8125
   vertex 42026.4961 32728.709 29242.7832
  endloop
 endfacet
facet normal -0.462419808 -0.694003344 -0.551839948
  outer loop
   vertex 41890.6641 32773.2969 29300.5273
   vertex 41858.8555 32853.8828 29225.8359
   vertex 42026.4961 32728.709 29242.7832
  endloop
 endfacet
facet normal -0.0955944732 0.793120205 -0.601516426
  outer loop
   vertex 42352.0859 33378.4648 29211.8809
   vertex 42254.5 33374.0273 29221.5391
   vertex 42407.9766 33473.4805 29328.2793
  endloop
 endfacet
facet normal -0.0291230436 0.751874387 -0.658662856
  outer loop
   vertex 42297.457 33504.9297 29369.0703
   vertex 42407.9766 33473.4805 29328.2793
   vertex 42254.5 33374.0273 29221.5391
  endloop
 endfacet
facet normal -0.599260211 -0.747064531 -0.287718177
  outer loop
   vertex 42345.8828 32587.0156 28941.6738
   vertex 42265.1055 32566.7793 29162.4629
   vertex 42226.5039 32652.3516 29020.6758
  endloop
 endfacet
facet normal -0.485521376 -0.790169477 0.37403363
  outer loop
   vertex 42273.7656 32728.0508 29694.4004
   vertex 42208.0078 32641.0547 29425.2539
   vertex 42359.6602 32620.5254 29578.7422
  endloop
 endfacet
facet normal 0.209561646 -0.0206695907 0.977576971
  outer loop
   vertex 43300.2266 33425.6914 30290.207
   vertex 43182.5469 33488.3711 30316.7598
   vertex 43186.5703 33287.9023 30311.6582
  endloop
 endfacet
facet normal -0.00323634176 0.654570043 -0.755994439
  outer loop
   vertex 41579.4414 33532.4766 29497.002
   vertex 41829.0977 33652.3906 29599.7578
   vertex 41653.1367 33450.3594 29425.5879
  endloop
 endfacet
facet normal -0.0301223639 0.685823858 -0.727143884
  outer loop
   vertex 41680.7891 33724.3516 29673.7773
   vertex 41829.0977 33652.3906 29599.7578
   vertex 41579.4414 33532.4766 29497.002
  endloop
 endfacet
facet normal 0.0487281345 0.662723482 -0.747277141
  outer loop
   vertex 41680.7891 33724.3516 29673.7773
   vertex 41579.4414 33532.4766 29497.002
   vertex 41466.8945 33601.4375 29550.8203
  endloop
 endfacet
facet normal -0.470286757 -0.841544151 0.265770108
  outer loop
   vertex 40795.5898 33294.4141 30020.6797
   vertex 40868.7109 33310.0312 30199.5234
   vertex 40743.0898 33403.2031 30272.252
  endloop
 endfacet
facet normal -0.244101092 -0.897344351 0.36767891
  outer loop
   vertex 41237.8516 33148.0156 30083.7578
   vertex 41196.7227 33254.6055 30316.5918
   vertex 41086.457 33182.3398 30067.0156
  endloop
 endfacet
facet normal -0.278163075 -0.928993165 0.244125038
  outer loop
   vertex 41223.1094 33100.7852 29874.584
   vertex 41372.8203 33056.1914 29875.4648
   vertex 41367.9375 33100.7344 30039.4082
  endloop
 endfacet
facet normal -0.0368613563 -0.740965307 0.670530856
  outer loop
   vertex 42309.1797 33008.1211 30149.5469
   vertex 42438.6602 32973.0156 30117.8711
   vertex 42545.7305 33134.5156 30302.2227
  endloop
 endfacet
facet normal 0.230251774 -0.708427489 0.667169094
  outer loop
   vertex 42003.2539 33630.4688 30974.8008
   vertex 41925.7891 33717.0977 31093.5215
   vertex 41790.082 33546.2031 30958.8945
  endloop
 endfacet
facet normal 0.137310535 -0.850140214 0.508337915
  outer loop
   vertex 41883.6953 33471.4844 30808.6504
   vertex 41790.082 33546.2031 30958.8945
   vertex 41679.3125 33429.0508 30792.8867
  endloop
 endfacet
facet normal -0.151749134 -0.954972744 0.25494951
  outer loop
   vertex 41552.332 33081.3828 30076.6797
   vertex 41367.9375 33100.7344 30039.4082
   vertex 41372.8203 33056.1914 29875.4648
  endloop
 endfacet
facet normal 0.053700842 -0.896375597 -0.440030754
  outer loop
   vertex 37244.2344 33732.6328 30192.5938
   vertex 37415.2578 33792 30092.5332
   vertex 37383.3281 33709.6562 30256.375
  endloop
 endfacet
facet normal 0.081952557 -0.849531233 0.52113378
  outer loop
   vertex 41631.8867 33518.1992 30998.041
   vertex 41588.7227 33529.0586 31022.5312
   vertex 41556.8398 33483.6367 30953.502
  endloop
 endfacet
facet normal -0.15398638 -0.984961331 -0.0783540979
  outer loop
   vertex 37100.5586 33703.1328 30331.7695
   vertex 36925.9453 33709.2266 30598.3184
   vertex 36875.3164 33732.625 30403.6816
  endloop
 endfacet
facet normal -0.232397601 -0.815802753 0.529582083
  outer loop
   vertex 41467.0625 33565.4297 31054.6074
   vertex 41396.6328 33616.6367 31102.5859
   vertex 41239.8008 33512.7344 30873.7051
  endloop
 endfacet
facet normal 0.0566496588 -0.662811339 0.746640444
  outer loop
   vertex 41062.3008 34089.4062 31521.9336
   vertex 41079.1719 33921.2188 31371.3457
   vertex 41267.7305 34057.2617 31477.8086
  endloop
 endfacet
facet normal -0.00679862173 -0.948702037 -0.316098362
  outer loop
   vertex 39328.3086 33958.8359 31110.5879
   vertex 39272.0586 34042.5156 30860.6484
   vertex 39387.5625 34008.0273 30961.6758
  endloop
 endfacet
facet normal -0.275992125 -0.959892869 -0.0493357666
  outer loop
   vertex 38908.9727 33756.1211 31900.8184
   vertex 38909.2461 33765.0234 31726.0898
   vertex 38991.5625 33739.5898 31760.457
  endloop
 endfacet
facet normal 0.10546156 -0.963241994 -0.247068167
  outer loop
   vertex 39092.5586 33786.8945 31623.248
   vertex 39262.8203 33869.2891 31374.6914
   vertex 39433.9414 33831.457 31595.2246
  endloop
 endfacet
facet normal 0.86360389 0.503953636 0.0148018021
  outer loop
   vertex 42376.5391 34051.9414 30878.8164
   vertex 42405.8398 34003.0117 30835.1289
   vertex 42343.7148 34110.7344 30792.1895
  endloop
 endfacet
facet normal -0.612154841 -0.769285738 0.182936788
  outer loop
   vertex 40250.2344 33741.8164 30404.9473
   vertex 40067.6523 33853.4492 30263.4023
   vertex 40167.8945 33750.9727 30167.9199
  endloop
 endfacet
facet normal -0.642623484 -0.764114439 0.0562505648
  outer loop
   vertex 40412.5078 33506.8438 29855.6914
   vertex 40500.9531 33436.2969 29907.8379
   vertex 40358.082 33562.1172 29984.7578
  endloop
 endfacet
facet normal -0.597958624 -0.783198178 0.170429155
  outer loop
   vertex 40521.7812 33464.9805 30112.7227
   vertex 40358.082 33562.1172 29984.7578
   vertex 40500.9531 33436.2969 29907.8379
  endloop
 endfacet
facet normal -0.652604878 -0.755183101 0.0616876036
  outer loop
   vertex 40167.8945 33750.9727 30167.9199
   vertex 40212.9688 33699.2891 30012.082
   vertex 40289.3203 33647.2891 30183.2168
  endloop
 endfacet
facet normal 0.0468621999 -0.875852644 -0.480297953
  outer loop
   vertex 37100.5586 33703.1328 30331.7695
   vertex 36981.2266 33737.1953 30258.0098
   vertex 37081.2383 33808.7344 30137.3125
  endloop
 endfacet
facet normal -0.332451314 -0.943119705 0.00115888112
  outer loop
   vertex 36368.2891 33924.5781 30775.8652
   vertex 36624.8672 33833.8203 30520.7344
   vertex 36667.0039 33819.2539 30754.1406
  endloop
 endfacet
facet normal 0.225886017 -0.948461413 0.222253099
  outer loop
   vertex 37524.2539 33757.6055 30548.6777
   vertex 37357.4844 33785.5312 30837.3496
   vertex 37230.3711 33682.7266 30527.8242
  endloop
 endfacet
facet normal -0.264533341 -0.963759243 -0.0345002636
  outer loop
   vertex 36037.8828 34015.8281 30760.252
   vertex 36253.7773 33963.7227 30560.3672
   vertex 36368.2891 33924.5781 30775.8652
  endloop
 endfacet
facet normal -0.310847074 -0.255155742 -0.915570676
  outer loop
   vertex 35476.9062 34302.8086 30517.9102
   vertex 35552.7305 34397.9922 30465.6426
   vertex 35725.7109 34275.6758 30441
  endloop
 endfacet
facet normal -0.240757644 0.353965819 -0.903738856
  outer loop
   vertex 35476.9062 34302.8086 30517.9102
   vertex 35725.7109 34275.6758 30441
   vertex 35588.7148 34227.5977 30458.668
  endloop
 endfacet
facet normal -0.405827105 -0.838530838 0.363552481
  outer loop
   vertex 40743.0898 33403.2031 30272.252
   vertex 40727.707 33523.7578 30533.1367
   vertex 40562.5195 33519.4609 30338.8281
  endloop
 endfacet
facet normal -0.332314789 -0.943078458 0.0130330697
  outer loop
   vertex 39123.5078 33715.3594 31882.2109
   vertex 39180.2578 33696.957 31997.8105
   vertex 39087.8594 33730.082 32038.834
  endloop
 endfacet
facet normal -0.182172418 -0.981950402 0.0508584827
  outer loop
   vertex 38908.9727 33756.1211 31900.8184
   vertex 39123.5078 33715.3594 31882.2109
   vertex 39087.8594 33730.082 32038.834
  endloop
 endfacet
facet normal -0.175017416 -0.913548887 0.367147595
  outer loop
   vertex 37462.6328 34275.0703 32125.3496
   vertex 37284.957 34283.3008 32061.1309
   vertex 37380.9961 34234.5234 31985.5488
  endloop
 endfacet
facet normal -0.457470328 -0.476819664 0.750575721
  outer loop
   vertex 36375.5039 34658.6016 31908.1094
   vertex 36159.5742 34931.3828 31949.791
   vertex 36080.5156 34711.2578 31761.7676
  endloop
 endfacet
facet normal 0.336028099 -0.935859144 -0.106079258
  outer loop
   vertex 39447.4258 33798.4961 31928.7285
   vertex 39312.4922 33770.8203 31745.459
   vertex 39433.9414 33831.457 31595.2246
  endloop
 endfacet
facet normal 0.353633255 -0.932199478 0.0771212205
  outer loop
   vertex 39940.9453 33936.8555 31843.7246
   vertex 39869.2461 33904.1133 31776.7461
   vertex 40002.9414 33955 31778.7773
  endloop
 endfacet
facet normal 0.355334282 -0.934476376 0.0221693143
  outer loop
   vertex 39936.9102 33926.207 31623.5723
   vertex 40002.9414 33955 31778.7773
   vertex 39869.2461 33904.1133 31776.7461
  endloop
 endfacet
facet normal -0.315437347 -0.117069997 -0.941697359
  outer loop
   vertex 37151.8984 33946.1758 29981.8652
   vertex 37038.2266 34068.6914 30004.7109
   vertex 37239.3633 34016.6055 29943.8125
  endloop
 endfacet
facet normal 0.11409305 -0.96415931 0.239540502
  outer loop
   vertex 37357.4844 33785.5312 30837.3496
   vertex 37532.2539 33838.9961 30969.3125
   vertex 37485.8164 33845.5352 31017.748
  endloop
 endfacet
facet normal -0.800323129 -0.556518674 -0.223091617
  outer loop
   vertex 40212.9688 33699.2891 30012.082
   vertex 40105.4141 33847.3711 30028.5312
   vertex 40198.5547 33765.543 29898.5176
  endloop
 endfacet
facet normal -0.274703532 -0.76950103 0.576546788
  outer loop
   vertex 41022.3203 33505.3711 30760.2539
   vertex 41077.7734 33473.4375 30744.0566
   vertex 41239.8008 33512.7344 30873.7051
  endloop
 endfacet
facet normal 0.338643372 -0.742155135 0.578382611
  outer loop
   vertex 39582.3438 33888.0117 32063.918
   vertex 39641.8594 33983.6992 32151.8535
   vertex 39467.4336 33903.9297 32151.623
  endloop
 endfacet
facet normal 0.17167066 -0.965827227 -0.194182724
  outer loop
   vertex 39433.9414 33831.457 31595.2246
   vertex 39569.3359 33906.2852 31342.7441
   vertex 39732.4531 33880.6133 31614.6289
  endloop
 endfacet
facet normal -0.137257114 -0.746770084 0.650764823
  outer loop
   vertex 41396.6328 33616.6367 31102.5859
   vertex 41435.5664 33745.9922 31259.2363
   vertex 41293.25 33641.4102 31109.209
  endloop
 endfacet
facet normal -0.084155634 -0.7579813 0.646824658
  outer loop
   vertex 41396.6328 33616.6367 31102.5859
   vertex 41550.0586 33665.75 31180.0996
   vertex 41435.5664 33745.9922 31259.2363
  endloop
 endfacet
facet normal 0.268789798 -0.956819296 -0.110674739
  outer loop
   vertex 40003.875 33948.3203 31523.6797
   vertex 39990.9102 33942.375 31543.6035
   vertex 39913.4414 33940.4609 31371.9941
  endloop
 endfacet
facet normal -0.0518034138 -0.949793935 -0.308557689
  outer loop
   vertex 39044.2227 33923.2422 31211.6602
   vertex 39092.5586 33786.8945 31623.248
   vertex 38838.5039 33888.1719 31354.1504
  endloop
 endfacet
facet normal 0.0875980407 -0.938570976 0.33378306
  outer loop
   vertex 37582.4648 33875.1875 31075.7598
   vertex 37479.0391 33904.1406 31184.3242
   vertex 37485.8164 33845.5352 31017.748
  endloop
 endfacet
facet normal -0.0367884412 -0.995535553 -0.0869230628
  outer loop
   vertex 38240.9961 33960.668 31206.3984
   vertex 38383.3711 33940.6172 31375.7676
   vertex 38083.4062 33956.9648 31315.4961
  endloop
 endfacet
facet normal 0.0127116945 0.945180058 0.326302201
  outer loop
   vertex 39771.8359 35009.4453 31501.7188
   vertex 39729.4727 34987.8047 31566.0508
   vertex 39859.6445 34974.2773 31600.168
  endloop
 endfacet
facet normal -0.300474793 -0.790744841 0.533326805
  outer loop
   vertex 37087.9531 34193.4688 31754.8418
   vertex 36632.5391 34395.2852 31797.4844
   vertex 36883.2227 34133.7695 31550.9844
  endloop
 endfacet
facet normal -0.236456513 -0.853214145 0.464880556
  outer loop
   vertex 36918.0195 34005.875 31338.5742
   vertex 36612.6406 34105.8086 31366.6602
   vertex 36813.4336 33932.1367 31150.0449
  endloop
 endfacet
facet normal -0.256332874 -0.856096625 0.448767275
  outer loop
   vertex 36813.4336 33932.1367 31150.0449
   vertex 36612.6406 34105.8086 31366.6602
   vertex 36548.1523 33946.8594 31026.6035
  endloop
 endfacet
facet normal 0.136959776 -0.955756605 0.260329306
  outer loop
   vertex 37532.2539 33838.9961 30969.3125
   vertex 37582.4648 33875.1875 31075.7598
   vertex 37485.8164 33845.5352 31017.748
  endloop
 endfacet
facet normal -0.197988823 -0.890367806 0.409933716
  outer loop
   vertex 37087.9531 34193.4688 31754.8418
   vertex 37405.6094 34094.6094 31693.5371
   vertex 37380.9961 34234.5234 31985.5488
  endloop
 endfacet
facet normal 0.274886727 0.960888743 -0.0336167738
  outer loop
   vertex 40823.7812 34774.7969 31443.7109
   vertex 40729.3281 34793.8789 31216.7754
   vertex 40644.8672 34827.0078 31473.0332
  endloop
 endfacet
facet normal 0.637467384 -0.766114831 0.0818741843
  outer loop
   vertex 40087.5312 33993.1172 31786.5137
   vertex 40095.9336 33985.9062 31653.5879
   vertex 40166.1406 34066.3984 31860.1602
  endloop
 endfacet
facet normal 0.206337988 -0.933398664 0.293584019
  outer loop
   vertex 40214.1445 34047.8359 31767.4023
   vertex 40166.1406 34066.3984 31860.1602
   vertex 40095.9336 33985.9062 31653.5879
  endloop
 endfacet
facet normal 0.330986232 0.893008351 -0.304933131
  outer loop
   vertex 41504.5391 34429.8359 30826.4629
   vertex 41372.4375 34386.3086 30555.6113
   vertex 41318.0156 34457.5234 30705.0859
  endloop
 endfacet
facet normal 0.127019778 -0.988886178 0.0772665367
  outer loop
   vertex 39913.4414 33940.4609 31371.9941
   vertex 40243.0352 33991.6094 31484.7773
   vertex 40095.9336 33985.9062 31653.5879
  endloop
 endfacet
facet normal 0.0987101272 -0.98262769 0.157159403
  outer loop
   vertex 39913.4414 33940.4609 31371.9941
   vertex 40144.7578 33939.2227 31218.9668
   vertex 40243.0352 33991.6094 31484.7773
  endloop
 endfacet
facet normal 0.379233152 -0.611989796 0.694010615
  outer loop
   vertex 42003.2539 33630.4688 30974.8008
   vertex 42088.2656 33805.2695 31082.4883
   vertex 41925.7891 33717.0977 31093.5215
  endloop
 endfacet
facet normal 0.602965534 -0.00138785865 0.79776603
  outer loop
   vertex 42138.3828 33957.1484 31122.2969
   vertex 42216.0156 34036.1055 31063.7559
   vertex 42148.6289 34073.2422 31114.7559
  endloop
 endfacet
facet normal 0.34130764 -0.53197515 0.774926782
  outer loop
   vertex 42088.2656 33805.2695 31082.4883
   vertex 42027.5 33885.3516 31164.2285
   vertex 41925.7891 33717.0977 31093.5215
  endloop
 endfacet
facet normal 0.405304492 0.795120955 0.451121867
  outer loop
   vertex 40805.375 34756.8477 31591.875
   vertex 40734.3477 34708.4297 31741.0332
   vertex 40916.8945 34658.6055 31664.8379
  endloop
 endfacet
facet normal 0.215182766 0.879496753 -0.424478352
  outer loop
   vertex 42617.1719 33762.6797 29821.6934
   vertex 42615.3359 33840.6719 29982.3574
   vertex 42720.3281 33842.7578 30039.9043
  endloop
 endfacet
facet normal 0.702904403 0.293696642 0.647817612
  outer loop
   vertex 42290.5469 33997.4414 30997.7969
   vertex 42367.9961 33977.4688 30922.8184
   vertex 42331.6367 34077.6172 30916.8652
  endloop
 endfacet
facet normal 0.0239210147 0.776596427 -0.629544139
  outer loop
   vertex 42029.7812 33743.8477 29699.4551
   vertex 42132.8633 33725.6172 29680.8789
   vertex 41959.7305 33629.3242 29555.5156
  endloop
 endfacet
facet normal 0.436902434 -0.559945643 0.703972399
  outer loop
   vertex 41893.3594 33827.7812 31201.6855
   vertex 41925.7891 33717.0977 31093.5215
   vertex 42027.5 33885.3516 31164.2285
  endloop
 endfacet
facet normal 0.481651664 -0.135059044 0.865893006
  outer loop
   vertex 41941.9805 34080.3594 31266.7891
   vertex 41831.5859 34071.3867 31326.7969
   vertex 41878.2344 33949.0586 31281.7676
  endloop
 endfacet
facet normal 0.349239439 -0.55242157 0.756876647
  outer loop
   vertex 42262.1992 33517.4219 30762.5918
   vertex 42318.5391 33496.4219 30721.2695
   vertex 42350.25 33648.5586 30817.6758
  endloop
 endfacet
facet normal -0.540398836 -0.718716323 0.437511057
  outer loop
   vertex 41023.1992 33466.7344 30697.8691
   vertex 41040.0469 33477.1133 30735.7285
   vertex 41022.3203 33505.3711 30760.2539
  endloop
 endfacet
facet normal 0.326214492 -0.910674036 0.253489554
  outer loop
   vertex 40095.9336 33985.9062 31653.5879
   vertex 40243.0352 33991.6094 31484.7773
   vertex 40361.2969 34112.332 31766.291
  endloop
 endfacet
facet normal -0.348306537 -0.907727778 0.233907729
  outer loop
   vertex 38685.7617 33822.6406 31864.9004
   vertex 38695.125 33871.1328 32067.0234
   vertex 38481.6367 33906.5703 31886.6426
  endloop
 endfacet
facet normal -0.147400707 -0.905092537 0.39884904
  outer loop
   vertex 39180.2578 33696.957 31997.8105
   vertex 39216.0078 33725.4531 32075.6875
   vertex 39087.8594 33730.082 32038.834
  endloop
 endfacet
facet normal -0.389211416 -0.892445207 0.228158012
  outer loop
   vertex 40975.6797 33250.2266 30143.5742
   vertex 40953.6055 33200.7695 29912.4688
   vertex 41086.457 33182.3398 30067.0156
  endloop
 endfacet
facet normal 0.144281536 0.862371027 -0.485282481
  outer loop
   vertex 42018.4062 34013.8906 30113.3125
   vertex 41882.6641 34057.3633 30150.2051
   vertex 42042.4297 34110.5156 30292.1582
  endloop
 endfacet
facet normal -0.309647858 -0.930288136 -0.196677953
  outer loop
   vertex 39602.8828 34032.9062 30723.4336
   vertex 39457.7773 34127.0938 30506.3828
   vertex 39620.5898 34074.9336 30496.7637
  endloop
 endfacet
facet normal 0.139396176 0.805572927 -0.575865388
  outer loop
   vertex 41937.7305 33866.1016 29871.3418
   vertex 42080.7227 33969.5547 30050.6738
   vertex 42136.9766 33928.1367 30006.3535
  endloop
 endfacet
facet normal -0.197856218 0.267508507 -0.943022847
  outer loop
   vertex 40438.0078 33740.8008 29696.8555
   vertex 40432.3242 33836.8789 29725.3027
   vertex 40594.2266 33755.4648 29668.2402
  endloop
 endfacet
facet normal -0.163305178 -0.907645166 0.386667341
  outer loop
   vertex 41488.5195 33209.0547 30332.9004
   vertex 41196.7227 33254.6055 30316.5918
   vertex 41237.8516 33148.0156 30083.7578
  endloop
 endfacet
facet normal -0.00455451151 0.459778249 -0.888022065
  outer loop
   vertex 40961.5078 33756.4258 29658.3262
   vertex 40796.7656 33663.5469 29611.082
   vertex 40822.5898 33841.1953 29702.9277
  endloop
 endfacet
facet normal 0.356712013 -0.826391339 -0.435699314
  outer loop
   vertex 37687.0938 33851.5938 30192.3906
   vertex 37661.0391 33978.1602 29931.002
   vertex 37801.7188 33988.832 30025.9375
  endloop
 endfacet
facet normal 0.708550572 -0.604838192 -0.363492578
  outer loop
   vertex 37687.0938 33851.5938 30192.3906
   vertex 37594.3203 33842.9297 30025.9629
   vertex 37661.0391 33978.1602 29931.002
  endloop
 endfacet
facet normal -0.125211805 -0.744531453 -0.655739963
  outer loop
   vertex 37415.2578 33792 30092.5332
   vertex 37244.2344 33732.6328 30192.5938
   vertex 37081.2383 33808.7344 30137.3125
  endloop
 endfacet
facet normal -0.330307543 0.505884945 -0.796854675
  outer loop
   vertex 37388.168 34372.5859 29994.4609
   vertex 37466.9844 34287.5195 29907.7871
   vertex 37374.8125 34240.7344 29916.291
  endloop
 endfacet
facet normal -0.76810962 -0.382090241 -0.513823509
  outer loop
   vertex 40105.4141 33847.3711 30028.5312
   vertex 39963.0625 33993.3789 30132.7578
   vertex 40069.3359 34018.1797 29955.4492
  endloop
 endfacet
facet normal 0.183854342 0.514936149 -0.837280333
  outer loop
   vertex 40161.2344 34454.543 30022.5137
   vertex 40374.8555 34462.7812 30074.4883
   vertex 40255.4609 34316.9688 29958.5938
  endloop
 endfacet
facet normal 0.424034208 -0.862235785 -0.277027935
  outer loop
   vertex 38166.9883 34051.8438 30336.6855
   vertex 37990.1328 33945.0625 30398.3301
   vertex 38016.5039 34010.4727 30235.1035
  endloop
 endfacet
facet normal 0.497145087 -0.753942966 -0.429437697
  outer loop
   vertex 38166.9883 34051.8438 30336.6855
   vertex 38016.5039 34010.4727 30235.1035
   vertex 38246.5547 34174.8203 30212.8945
  endloop
 endfacet
facet normal 0.355484545 -0.924416721 -0.13814649
  outer loop
   vertex 37965.4961 33916.043 30529.1094
   vertex 37790.2773 33853.4492 30497.0801
   vertex 37990.1328 33945.0625 30398.3301
  endloop
 endfacet
facet normal -0.190779969 0.189726099 -0.96312356
  outer loop
   vertex 35626.4688 34203.0625 30446.3555
   vertex 35588.7148 34227.5977 30458.668
   vertex 35725.7109 34275.6758 30441
  endloop
 endfacet
facet normal 0.205958009 -0.617925227 -0.758781731
  outer loop
   vertex 37429.3906 33680.4648 30292.6484
   vertex 37383.3281 33709.6562 30256.375
   vertex 37494.582 33714.9727 30282.2441
  endloop
 endfacet
facet normal 0.0989030078 -0.947955251 -0.302653283
  outer loop
   vertex 39312.4922 33770.8203 31745.459
   vertex 39092.5586 33786.8945 31623.248
   vertex 39433.9414 33831.457 31595.2246
  endloop
 endfacet
facet normal -0.227604106 -0.871680379 -0.43401581
  outer loop
   vertex 36981.5977 33656.9375 30674.1523
   vertex 36925.9453 33709.2266 30598.3184
   vertex 37057.5781 33657.2617 30633.6543
  endloop
 endfacet
facet normal -0.134328395 -0.472086936 -0.871257603
  outer loop
   vertex 36147.6523 34217.2031 30358.9473
   vertex 36082.5781 34070.4219 30448.5137
   vertex 35915.4102 34157.9922 30426.8359
  endloop
 endfacet
facet normal -0.802769601 -0.458056748 0.381765634
  outer loop
   vertex 35437.8594 34260.4492 30579.4766
   vertex 35471.6445 34267.2383 30658.668
   vertex 35422.4102 34299.0234 30593.2812
  endloop
 endfacet
facet normal -0.105903216 0.674834847 -0.730330408
  outer loop
   vertex 36523.0469 34479.7422 30312.1523
   vertex 36634.8125 34464.5469 30281.9023
   vertex 36606.5664 34423.4258 30248.002
  endloop
 endfacet
facet normal -0.255829215 -0.898247838 -0.357354552
  outer loop
   vertex 35599.6484 34189.4102 30487.1309
   vertex 35662.75 34183.1758 30457.625
   vertex 35770.293 34131.0273 30511.7168
  endloop
 endfacet
facet normal -0.157090887 0.10482496 -0.982005179
  outer loop
   vertex 35725.7109 34275.6758 30441
   vertex 35659 34580.875 30484.252
   vertex 36005.5781 34464.793 30416.418
  endloop
 endfacet
facet normal -0.569866121 -0.589661598 -0.572321415
  outer loop
   vertex 35626.4688 34203.0625 30446.3555
   vertex 35599.6484 34189.4102 30487.1309
   vertex 35588.7148 34227.5977 30458.668
  endloop
 endfacet
facet normal -0.0201743972 0.614288628 -0.788823485
  outer loop
   vertex 37593.3203 34311.2891 29924.0391
   vertex 37651.7148 34532.0781 30094.4844
   vertex 37793.0195 34372.3281 29966.4648
  endloop
 endfacet
facet normal -0.272878766 -0.255698949 -0.927445531
  outer loop
   vertex 36531.9258 34017.9648 30300.8145
   vertex 36147.6523 34217.2031 30358.9473
   vertex 36471.5234 34220.0938 30262.8594
  endloop
 endfacet
facet normal 0.503183365 -0.272098631 -0.820224881
  outer loop
   vertex 35659 34580.875 30484.252
   vertex 35737.5078 34685.418 30497.7305
   vertex 35888.1016 34764.6367 30563.8379
  endloop
 endfacet
facet normal 0.032661058 0.631785452 -0.774454951
  outer loop
   vertex 35707.3906 34709.1133 30510.9219
   vertex 35599.5195 34800.4805 30580.9082
   vertex 35888.1016 34764.6367 30563.8379
  endloop
 endfacet
facet normal -0.567326188 -0.720967293 0.397928566
  outer loop
   vertex 36632.5391 34395.2852 31797.4844
   vertex 36543.8086 34549.9531 31951.2168
   vertex 36375.5039 34658.6016 31908.1094
  endloop
 endfacet
facet normal -0.35423252 -0.63441968 0.687045097
  outer loop
   vertex 36269.4844 34511.5508 31717.6582
   vertex 36632.5391 34395.2852 31797.4844
   vertex 36375.5039 34658.6016 31908.1094
  endloop
 endfacet
facet normal -0.0487505235 -0.98118645 0.186806262
  outer loop
   vertex 37682.8672 33982.3516 31457.4766
   vertex 37741.5117 33956.6094 31337.5605
   vertex 37769.9922 33957.7852 31351.1699
  endloop
 endfacet
facet normal 0.0493712127 -0.969341516 0.24070628
  outer loop
   vertex 37479.0391 33904.1406 31184.3242
   vertex 37643.4531 33936.5273 31281.0234
   vertex 37682.8672 33982.3516 31457.4766
  endloop
 endfacet
facet normal -0.316413879 -0.802455366 0.505912662
  outer loop
   vertex 35888.0508 34274.0195 31174.0469
   vertex 35812.1953 34122.7031 30886.5938
   vertex 36161.7969 34083.3125 31042.7676
  endloop
 endfacet
facet normal -0.4944399 -0.748931885 0.441169113
  outer loop
   vertex 35728.4688 34382.6211 31179.5605
   vertex 35888.0508 34274.0195 31174.0469
   vertex 35790.9531 34397.1367 31274.2305
  endloop
 endfacet
facet normal -0.170632631 -0.886137366 0.430865526
  outer loop
   vertex 37087.9531 34193.4688 31754.8418
   vertex 36883.2227 34133.7695 31550.9844
   vertex 37217.2344 34021.75 31452.877
  endloop
 endfacet
facet normal -0.371471465 -0.720371544 0.585725069
  outer loop
   vertex 36113.6914 34515.7539 31624.0215
   vertex 36201.4648 34316.1328 31434.1816
   vertex 36269.4844 34511.5508 31717.6582
  endloop
 endfacet
facet normal -0.582103431 -0.536789834 0.610747337
  outer loop
   vertex 35721.3555 34726.2422 31468.1152
   vertex 35944.6641 34557.6172 31532.7441
   vertex 35869.2969 34789.2773 31664.5234
  endloop
 endfacet
facet normal -0.088450551 0.38109836 -0.920293748
  outer loop
   vertex 35417.2031 34681.4688 30549.1484
   vertex 35599.5195 34800.4805 30580.9082
   vertex 35659 34580.875 30484.252
  endloop
 endfacet
facet normal -0.0595185198 0.341501415 -0.937994838
  outer loop
   vertex 35417.2031 34681.4688 30549.1484
   vertex 35425.1367 34818.0859 30598.3828
   vertex 35599.5195 34800.4805 30580.9082
  endloop
 endfacet
facet normal 0.144276977 0.987763405 -0.0592253134
  outer loop
   vertex 37672.3047 35060.4297 31418.4707
   vertex 37446.832 35105.2148 31616.1562
   vertex 37560.4375 35100.25 31810.0742
  endloop
 endfacet
facet normal 0.779354811 0.496186376 0.382629275
  outer loop
   vertex 39389.4297 35223.6094 31111.707
   vertex 39377.5664 35173.8359 31200.418
   vertex 39416.8594 35219.8359 31060.7285
  endloop
 endfacet
facet normal 0.294137955 0.734670281 -0.611344814
  outer loop
   vertex 36451.043 35192.9375 31110.0117
   vertex 36635.0352 35143.1797 31138.7402
   vertex 36485.0312 35148.2578 31072.6719
  endloop
 endfacet
facet normal -0.944141507 -0.0536790229 0.325138986
  outer loop
   vertex 35549.2422 35401.2109 31568.7012
   vertex 35486.1328 35161.4688 31345.8691
   vertex 35548.2344 35196.6562 31532.002
  endloop
 endfacet
facet normal 0.299979419 0.921973765 0.244901404
  outer loop
   vertex 37150.4531 35182.2148 31792.5664
   vertex 36792.0156 35308.1367 31757.5527
   vertex 36849.8281 35220.4141 32016.9941
  endloop
 endfacet
facet normal -0.0714717284 0.960583329 0.268647373
  outer loop
   vertex 38438.9375 35138.5039 31511.0938
   vertex 38384.2656 35142.3516 31482.7949
   vertex 38313.4648 35104.6758 31598.6719
  endloop
 endfacet
facet normal 0.177953541 0.881684244 -0.436995924
  outer loop
   vertex 41416.4141 34268.0781 30328.7285
   vertex 41297.9531 34286.5859 30317.8301
   vertex 41482.3945 34326.9961 30474.4668
  endloop
 endfacet
facet normal 0.29862538 0.74051404 -0.602048039
  outer loop
   vertex 36176.5742 35471.5039 31317.209
   vertex 36310.5195 35307.6641 31182.125
   vertex 36017.2188 35382.1797 31128.2969
  endloop
 endfacet
facet normal 0.313657373 0.728484213 -0.609040082
  outer loop
   vertex 36176.5742 35471.5039 31317.209
   vertex 36017.2188 35382.1797 31128.2969
   vertex 36001.7109 35564.4102 31338.2812
  endloop
 endfacet
facet normal 0.336232126 0.924938917 -0.177302018
  outer loop
   vertex 37037.082 35218.7109 31684.0059
   vertex 37215.1914 35123.3555 31524.3262
   vertex 36929.5547 35243.0859 31607.25
  endloop
 endfacet
facet normal -0.714444041 -0.447799116 0.537629664
  outer loop
   vertex 35721.3555 34726.2422 31468.1152
   vertex 35603.5547 34543.8281 31159.6367
   vertex 35772.5156 34494.043 31342.7012
  endloop
 endfacet
facet normal -0.282395333 0.954218686 -0.098587878
  outer loop
   vertex 38020.0352 35112.8125 31131.6445
   vertex 38052.2227 35119.3477 31102.6973
   vertex 37891.8516 35061.3047 31000.2656
  endloop
 endfacet
facet normal 0.356155306 0.785221994 -0.506537139
  outer loop
   vertex 36001.7109 35564.4102 31338.2812
   vertex 36138.9688 35629.0234 31534.9492
   vertex 36176.5742 35471.5039 31317.209
  endloop
 endfacet
facet normal 0.202318847 0.325670958 -0.923582971
  outer loop
   vertex 38231.2383 34444.9297 30117.041
   vertex 38258.3203 34668.0469 30201.6484
   vertex 38503.7695 34519.2344 30202.9434
  endloop
 endfacet
facet normal 0.044115074 0.662579417 -0.747691393
  outer loop
   vertex 36296.7383 34592.3984 30435.3184
   vertex 35888.1016 34764.6367 30563.8379
   vertex 36327.5234 34855.1094 30669.9414
  endloop
 endfacet
facet normal -0.103927478 0.992680311 0.0615211762
  outer loop
   vertex 38192.5312 35116.8555 31453.8105
   vertex 38088.3555 35117.8164 31262.3438
   vertex 38131.7539 35112.2383 31425.6699
  endloop
 endfacet
facet normal -0.166865155 0.98132354 0.0957083628
  outer loop
   vertex 38192.5312 35116.8555 31453.8105
   vertex 38306.1719 35140.0234 31414.4102
   vertex 38088.3555 35117.8164 31262.3438
  endloop
 endfacet
facet normal -0.162151247 0.986586034 0.018841058
  outer loop
   vertex 38531.4688 35163.043 30820.0254
   vertex 38665.582 35176.957 31245.6426
   vertex 38834.75 35211.1211 30912.6016
  endloop
 endfacet
facet normal -0.0105701918 0.999513447 -0.0293451343
  outer loop
   vertex 38376.3359 35169.0664 31081.084
   vertex 38665.582 35176.957 31245.6426
   vertex 38531.4688 35163.043 30820.0254
  endloop
 endfacet
facet normal -0.155068532 0.964452207 -0.213975966
  outer loop
   vertex 38172.9844 35082.6641 30717.5293
   vertex 38531.4688 35163.043 30820.0254
   vertex 38369.6172 35095.6367 30633.4941
  endloop
 endfacet
facet normal 0.459486574 0.835327029 -0.301829159
  outer loop
   vertex 40495.5039 34717.7812 30464.8379
   vertex 40345.7148 34806.2852 30481.748
   vertex 40515.4062 34793.6875 30705.209
  endloop
 endfacet
facet normal -0.0288063586 0.304670185 -0.952022195
  outer loop
   vertex 39934.3281 34641.0977 30103.0371
   vertex 40085.5547 34570.0195 30075.7148
   vertex 39931.9688 34437.0352 30037.8047
  endloop
 endfacet
facet normal 0.375861436 -0.742229819 -0.554818034
  outer loop
   vertex 38508.9336 34201.2891 30359.8223
   vertex 38716.9453 34337.9492 30317.918
   vertex 38648.0859 34189.3125 30470.1152
  endloop
 endfacet
facet normal 0.423227519 0.873418689 -0.240869746
  outer loop
   vertex 40724.5234 34751.75 30920.5723
   vertex 40687.1562 34698.207 30660.7617
   vertex 40515.4062 34793.6875 30705.209
  endloop
 endfacet
facet normal 0.366621941 0.913150609 -0.178169385
  outer loop
   vertex 40724.5234 34751.75 30920.5723
   vertex 40515.4062 34793.6875 30705.209
   vertex 40545.4648 34833.8086 30972.6875
  endloop
 endfacet
facet normal 0.299675465 0.941961825 0.151335835
  outer loop
   vertex 40644.8672 34827.0078 31473.0332
   vertex 40805.375 34756.8477 31591.875
   vertex 40823.7812 34774.7969 31443.7109
  endloop
 endfacet
facet normal -0.193760082 -0.66309768 0.723020375
  outer loop
   vertex 39091.1992 33970.9688 32318.2773
   vertex 38890.1992 33911.6875 32210.0449
   vertex 39073.168 33816.1602 32171.4668
  endloop
 endfacet
facet normal 0.32054019 0.947219372 -0.00542383222
  outer loop
   vertex 40440.6914 34896.1445 31480.625
   vertex 40644.8672 34827.0078 31473.0332
   vertex 40400.7305 34907.9883 31187.4453
  endloop
 endfacet
facet normal -0.0455037914 0.997989476 0.0441187248
  outer loop
   vertex 38665.582 35176.957 31245.6426
   vertex 38380.8125 35162.4727 31279.582
   vertex 38453.9688 35160.625 31396.8496
  endloop
 endfacet
facet normal -0.0157964285 0.92901957 0.369693249
  outer loop
   vertex 39859.6445 34974.2773 31600.168
   vertex 39995.793 34873.5547 31859.0977
   vertex 40041.1992 34956.6523 31652.2207
  endloop
 endfacet
facet normal -0.0488252528 0.95548141 0.290983498
  outer loop
   vertex 39617.7266 35167.9023 30957.1738
   vertex 39726.7852 35060.1602 31329.2676
   vertex 39713.8359 35113.2266 31152.8438
  endloop
 endfacet
facet normal 0.0768459514 0.978302181 0.192404643
  outer loop
   vertex 40246.4922 34921.6758 31738.0312
   vertex 40168.3555 34959.6914 31575.9414
   vertex 40135.7109 34928.2773 31748.7051
  endloop
 endfacet
facet normal 0.0852549449 0.951245546 0.296417832
  outer loop
   vertex 40135.7109 34928.2773 31748.7051
   vertex 40208.8242 34884.3555 31868.623
   vertex 40246.4922 34921.6758 31738.0312
  endloop
 endfacet
facet normal 0.227905765 0.916867971 0.327737808
  outer loop
   vertex 40208.8242 34884.3555 31868.623
   vertex 40343.9258 34873.1055 31806.1465
   vertex 40246.4922 34921.6758 31738.0312
  endloop
 endfacet
facet normal 0.340992123 0.927252114 0.154686317
  outer loop
   vertex 40805.375 34756.8477 31591.875
   vertex 40923.5234 34723.9453 31528.6582
   vertex 40823.7812 34774.7969 31443.7109
  endloop
 endfacet
facet normal -0.261464775 -0.747426331 0.610729098
  outer loop
   vertex 38919.582 33791.8477 32075.957
   vertex 39073.168 33816.1602 32171.4668
   vertex 38890.1992 33911.6875 32210.0449
  endloop
 endfacet
facet normal 0.376044124 -0.851660132 0.365055978
  outer loop
   vertex 40166.1406 34066.3984 31860.1602
   vertex 40214.1445 34047.8359 31767.4023
   vertex 40361.2969 34112.332 31766.291
  endloop
 endfacet
facet normal 0.114207886 0.921625912 0.370893806
  outer loop
   vertex 39331.5938 35071.8828 31467.9121
   vertex 39434.2539 35089.1602 31393.3691
   vertex 39377.5664 35173.8359 31200.418
  endloop
 endfacet
facet normal 0.120575704 0.862619579 0.491272837
  outer loop
   vertex 39248.418 34864.8945 31877.082
   vertex 39356.6406 34992.6875 31626.1289
   vertex 39232.9375 35014.9648 31617.375
  endloop
 endfacet
facet normal -0.0215242933 0.55095619 0.834256589
  outer loop
   vertex 39759.3867 34509.0898 32193.2285
   vertex 39935.7734 34696.9648 32073.7031
   vertex 39584.9883 34702.1992 32061.1973
  endloop
 endfacet
facet normal 0.287249655 -0.306283474 0.907567143
  outer loop
   vertex 39135.7383 34095.8906 32383.3555
   vertex 39217.8438 33978.293 32317.6816
   vertex 39350.0977 34044.1758 32298.0566
  endloop
 endfacet
facet normal 0.336307645 -0.14164941 0.931038439
  outer loop
   vertex 39276.4023 34250.9922 32356.1406
   vertex 39135.7383 34095.8906 32383.3555
   vertex 39350.0977 34044.1758 32298.0566
  endloop
 endfacet
facet normal 0.406794637 0.91333127 -0.0185490455
  outer loop
   vertex 40348.4141 34934.8164 31361.1094
   vertex 40440.6914 34896.1445 31480.625
   vertex 40400.7305 34907.9883 31187.4453
  endloop
 endfacet
facet normal 0.589591801 0.731571436 0.342322558
  outer loop
   vertex 41299.2969 34490.918 31493.7734
   vertex 41309.5977 34551.8789 31345.7617
   vertex 41258.3398 34574.2578 31386.2207
  endloop
 endfacet
facet normal 0.216465741 0.968362749 -0.124162041
  outer loop
   vertex 42031.7773 34281.5977 30871.5332
   vertex 41868.7188 34292.1953 30669.9238
   vertex 41914.0234 34317.3672 30945.2246
  endloop
 endfacet
facet normal 0.258822739 0.00414839713 0.965915918
  outer loop
   vertex 41615.5977 34000.6094 31404.6895
   vertex 41729.8789 34002.5195 31374.0586
   vertex 41722.1289 34130.9375 31375.584
  endloop
 endfacet
facet normal 0.445073754 0.549979866 0.706704676
  outer loop
   vertex 40916.8945 34658.6055 31664.8379
   vertex 40734.3477 34708.4297 31741.0332
   vertex 40810.5039 34580.625 31792.5293
  endloop
 endfacet
facet normal 0.600474715 0.227408469 0.76662606
  outer loop
   vertex 41036.8477 34577.1758 31653.7402
   vertex 40945.5234 34547.4727 31734.0801
   vertex 41037.1719 34448.1992 31691.7441
  endloop
 endfacet
facet normal 0.35217613 -0.549155354 0.757892072
  outer loop
   vertex 41663.4453 33886.7422 31352.8008
   vertex 41682.3203 33778.5273 31265.6191
   vertex 41771.2148 33916.4922 31324.2812
  endloop
 endfacet
facet normal 0.44791159 -0.758939803 0.472636819
  outer loop
   vertex 40166.1406 34066.3984 31860.1602
   vertex 40316.6836 34207.6953 31944.3789
   vertex 40206.0703 34168.6016 31986.4297
  endloop
 endfacet
facet normal 0.382908046 0.263662338 0.885360718
  outer loop
   vertex 41831.5859 34071.3867 31326.7969
   vertex 41900.168 34174.043 31266.5645
   vertex 41809.625 34217.418 31292.8066
  endloop
 endfacet
facet normal 0.511324525 0.76261729 0.396184444
  outer loop
   vertex 41258.3398 34574.2578 31386.2207
   vertex 41183.4336 34598.5195 31436.1914
   vertex 41299.2969 34490.918 31493.7734
  endloop
 endfacet
facet normal 0.367827684 0.927758515 -0.0629835799
  outer loop
   vertex 40375.043 34902.3633 30954.5703
   vertex 40400.7305 34907.9883 31187.4453
   vertex 40441.3477 34878.0938 30984.3223
  endloop
 endfacet
facet normal 0.201076671 0.848977685 -0.488676786
  outer loop
   vertex 41555.6641 34195.8242 30264.2441
   vertex 41527.3008 34261.6875 30366.998
   vertex 41675.0117 34255.3867 30416.8301
  endloop
 endfacet
facet normal 0.35817048 0.9166587 -0.177343667
  outer loop
   vertex 40946.5664 34699.6602 31127.6426
   vertex 41031.3945 34631.4258 30946.2773
   vertex 40870.7148 34675.1328 30847.668
  endloop
 endfacet
facet normal -0.0211017076 -0.94928664 -0.313702971
  outer loop
   vertex 39443.8438 33990.3242 31011.4648
   vertex 39387.5625 34008.0273 30961.6758
   vertex 39464.2773 34004.7305 30966.4902
  endloop
 endfacet
facet normal 0.48450923 -0.460012317 -0.744069517
  outer loop
   vertex 38071.1289 34244.1602 30055.7949
   vertex 38305.8945 34341.3594 30148.5703
   vertex 38246.5547 34174.8203 30212.8945
  endloop
 endfacet
facet normal 0.372497052 -0.0139830792 -0.92792803
  outer loop
   vertex 38071.1289 34244.1602 30055.7949
   vertex 38231.2383 34444.9297 30117.041
   vertex 38305.8945 34341.3594 30148.5703
  endloop
 endfacet
facet normal -0.077970162 -0.967724144 -0.239646852
  outer loop
   vertex 39596.2539 33979.1836 31026.7168
   vertex 39464.2773 34004.7305 30966.4902
   vertex 39432.2578 34027.2969 30885.791
  endloop
 endfacet
facet normal 0.00548406364 0.603071332 -0.797668457
  outer loop
   vertex 39363.0664 34837.832 30175.6641
   vertex 39211.3711 34894.1094 30217.1719
   vertex 39307.0547 34987.0195 30288.0723
  endloop
 endfacet
facet normal -0.00981771108 0.599385023 -0.800400615
  outer loop
   vertex 39363.0664 34837.832 30175.6641
   vertex 39307.0547 34987.0195 30288.0723
   vertex 39514.0547 34978.4141 30279.0879
  endloop
 endfacet
facet normal 0.0199405551 0.813641489 -0.581024826
  outer loop
   vertex 46623.7148 32148.6055 28089.1738
   vertex 46388.7109 32012.3789 27890.3418
   vertex 46345.0078 32205.4707 28159.2402
  endloop
 endfacet
facet normal -0.246737421 -0.210036352 -0.946047246
  outer loop
   vertex 39091.1758 34661.707 30156.6816
   vertex 39170.4375 34660.6055 30136.2539
   vertex 39147.4453 34562.6875 30163.9902
  endloop
 endfacet
facet normal 0.581349075 0.739065826 0.340315968
  outer loop
   vertex 42856.4805 33815.9219 30332.0078
   vertex 42758.2656 33854.7188 30415.5371
   vertex 42862.6445 33746.0039 30473.3242
  endloop
 endfacet
facet normal -0.0900360346 -0.72897464 0.678593755
  outer loop
   vertex 42735.1992 32980.0977 30138.0527
   vertex 42658.832 32776.1172 29908.7969
   vertex 42927.9727 32932.1133 30112.082
  endloop
 endfacet
facet normal 0.676271439 0.266527474 0.686746001
  outer loop
   vertex 42946.1094 33713.7305 30403.6582
   vertex 42862.6445 33746.0039 30473.3242
   vertex 42899.3125 33608.8008 30490.4648
  endloop
 endfacet
facet normal 0.721325099 0.272329539 0.636809826
  outer loop
   vertex 42824.4023 33649.2031 30558.0371
   vertex 42899.3125 33608.8008 30490.4648
   vertex 42862.6445 33746.0039 30473.3242
  endloop
 endfacet
facet normal 0.680443943 0.352537632 0.642427623
  outer loop
   vertex 42181.707 34145.2812 31040.1836
   vertex 42148.6289 34073.2422 31114.7559
   vertex 42216.0156 34036.1055 31063.7559
  endloop
 endfacet
facet normal 0.194286108 -0.681291819 0.705758035
  outer loop
   vertex 42325.918 33315.4062 30543.8047
   vertex 42501.4648 33450.9141 30626.2871
   vertex 42408.5078 33471.9844 30672.2188
  endloop
 endfacet
facet normal 0.280563027 -0.525708973 0.803065658
  outer loop
   vertex 42198.6367 33543.7891 30802.0605
   vertex 42262.1992 33517.4219 30762.5918
   vertex 42350.25 33648.5586 30817.6758
  endloop
 endfacet
facet normal 0.580281198 0.225250155 0.782646835
  outer loop
   vertex 42478.4375 33783.7344 30793.8555
   vertex 42550.4297 33735.3203 30754.4121
   vertex 42570.0078 33859.0234 30704.293
  endloop
 endfacet
facet normal 0.578733146 0.227665201 0.783094168
  outer loop
   vertex 42478.4375 33783.7344 30793.8555
   vertex 42570.0078 33859.0234 30704.293
   vertex 42470.9102 33934.9883 30755.4453
  endloop
 endfacet
facet normal 0.384087622 0.865414202 -0.321768463
  outer loop
   vertex 42329.2852 33968.1562 30192.998
   vertex 42384.8164 34032.3867 30432.0352
   vertex 42519.2969 33967.2148 30417.2812
  endloop
 endfacet
facet normal 0.323654711 0.898437917 -0.29674387
  outer loop
   vertex 46702.3438 32331.0801 28667.5938
   vertex 46664.1328 32256.9883 28401.5938
   vertex 46559.8008 32352.7891 28577.8477
  endloop
 endfacet
facet normal 0.150088564 0.903217733 -0.402083486
  outer loop
   vertex 46664.1328 32256.9883 28401.5938
   vertex 46313.3789 32365.3516 28514.0879
   vertex 46559.8008 32352.7891 28577.8477
  endloop
 endfacet
facet normal 0.0749380141 0.951262712 -0.29913798
  outer loop
   vertex 45547.0664 32580.6973 28905.0625
   vertex 45354.3164 32537.3379 28718.8906
   vertex 45401.3398 32608.0957 28955.6855
  endloop
 endfacet
facet normal -0.174288809 0.706591904 -0.685821652
  outer loop
   vertex 44486.7305 32356.5234 28522.2949
   vertex 44621.2734 32337.9238 28468.9395
   vertex 44461.8281 32200.0293 28367.3887
  endloop
 endfacet
facet normal 0.392775655 0.738027036 0.548674226
  outer loop
   vertex 46875.0977 32243.6973 28942.6074
   vertex 46645.1875 32264.0078 29079.8691
   vertex 46887.3594 32125.8281 29092.377
  endloop
 endfacet
facet normal 0.418949574 0.825524628 -0.378140688
  outer loop
   vertex 43778.1875 33165.6172 29498.752
   vertex 43642.8828 33258.2695 29551.1191
   vertex 43806.0586 33246.2422 29705.6445
  endloop
 endfacet
facet normal 0.248522297 0.697766662 0.671832085
  outer loop
   vertex 45935.6133 32438.002 29217.6328
   vertex 45805.1758 32350.9414 29356.3047
   vertex 46028.3789 32307.0293 29319.3457
  endloop
 endfacet
facet normal -0.0675185099 -0.859355092 0.506902456
  outer loop
   vertex 46521.2969 31584.0234 28735.9219
   vertex 46717.7305 31675.0781 28916.4531
   vertex 46489.9258 31758.7695 29027.9902
  endloop
 endfacet
facet normal 0.393677771 0.843757868 -0.364815623
  outer loop
   vertex 47018.9375 32122.3047 28472.9668
   vertex 46664.1328 32256.9883 28401.5938
   vertex 46863.4336 32259.041 28621.4082
  endloop
 endfacet
facet normal 0.349692792 0.319298416 -0.880774379
  outer loop
   vertex 46546.5625 31593.3574 27762.7852
   vertex 46639.0352 31703.3145 27839.3613
   vertex 46632.8633 31589.2676 27795.5664
  endloop
 endfacet
facet normal -0.016078284 0.678656757 -0.734279573
  outer loop
   vertex 46216.8398 32105.168 27979.8672
   vertex 46388.7109 32012.3789 27890.3418
   vertex 46113.2188 31988.4551 27874.2637
  endloop
 endfacet
facet normal -0.0303920303 0.774577379 -0.631748557
  outer loop
   vertex 46247.9102 31915.6172 27778.4805
   vertex 46113.2188 31988.4551 27874.2637
   vertex 46388.7109 32012.3789 27890.3418
  endloop
 endfacet
facet normal -0.349809289 -0.617518961 -0.704488337
  outer loop
   vertex 45725.7031 31641.1816 28002.2559
   vertex 45561.5781 31788.7676 27954.3848
   vertex 45763.4062 31756.9531 27882.0547
  endloop
 endfacet
facet normal -0.0911655352 0.856752753 -0.507605672
  outer loop
   vertex 45233.1328 32418.957 28485.1562
   vertex 45076.8711 32366.9082 28425.3691
   vertex 45104.125 32519.1133 28677.3711
  endloop
 endfacet
facet normal -0.199238569 0.553881288 -0.808405519
  outer loop
   vertex 45289.375 32050.6699 28093.3125
   vertex 45476.4688 32189.5098 28142.3281
   vertex 45519.7656 31982.543 27989.8535
  endloop
 endfacet
facet normal 0.167956978 0.962247789 -0.214172035
  outer loop
   vertex 46817.1133 32152.7969 28165.7324
   vertex 46796.4336 32125.4902 28026.834
   vertex 46757.9023 32133.623 28033.1504
  endloop
 endfacet
facet normal 0.0426082388 0.985933125 -0.161618114
  outer loop
   vertex 46817.1133 32152.7969 28165.7324
   vertex 46757.9023 32133.623 28033.1504
   vertex 46623.7148 32148.6055 28089.1738
  endloop
 endfacet
facet normal 0.137022763 0.562223196 -0.815554917
  outer loop
   vertex 46388.7109 32012.3789 27890.3418
   vertex 46738.8516 32059.082 27981.3672
   vertex 46565.375 31877.9082 27827.3242
  endloop
 endfacet
facet normal 0.527707875 -0.757054329 -0.385218352
  outer loop
   vertex 46842.8086 31673.2461 28117.2422
   vertex 47108.1875 31686.0059 28455.707
   vertex 46893.7266 31575.498 28379.0957
  endloop
 endfacet
facet normal 0.589600205 -0.712407768 -0.380587339
  outer loop
   vertex 46842.8086 31673.2461 28117.2422
   vertex 46893.7266 31575.498 28379.0957
   vertex 46631.7617 31504.7246 28105.7441
  endloop
 endfacet
facet normal 0.156664416 -0.37559849 0.913445115
  outer loop
   vertex 46313.8438 32098.8145 29291.25
   vertex 46143.3047 31983.1035 29272.9199
   vertex 46376.8047 31931.3477 29211.5898
  endloop
 endfacet
facet normal 0.205718741 0.483119518 -0.851043701
  outer loop
   vertex 46391.1133 31800.498 27714.082
   vertex 46329.7148 31820.6992 27710.707
   vertex 46377.2539 31863.6562 27746.584
  endloop
 endfacet
facet normal 0.0343410857 0.46326977 -0.885551691
  outer loop
   vertex 46459.4492 31831.6191 27733.0117
   vertex 46391.1133 31800.498 27714.082
   vertex 46377.2539 31863.6562 27746.584
  endloop
 endfacet
facet normal 0.337497056 -0.741923034 -0.579349637
  outer loop
   vertex 46617.9102 31510.2734 27828.3594
   vertex 46570.4219 31521.2988 27786.5781
   vertex 46621.1133 31542.5137 27788.9375
  endloop
 endfacet
facet normal -0.172185734 0.443942517 -0.879356086
  outer loop
   vertex 46238.3164 31800.291 27754.7754
   vertex 45919.9062 31850.959 27842.7012
   vertex 46113.2188 31988.4551 27874.2637
  endloop
 endfacet
facet normal -0.486314207 0.214572966 -0.847028315
  outer loop
   vertex 46238.3164 31800.291 27754.7754
   vertex 46113.2188 31988.4551 27874.2637
   vertex 46247.9102 31915.6172 27778.4805
  endloop
 endfacet
facet normal -0.00551839499 -0.887827754 0.460142881
  outer loop
   vertex 45459.2031 31762.0938 29078.5879
   vertex 45244.4883 31671.3984 28901.0215
   vertex 45453.6562 31643.3926 28849.4941
  endloop
 endfacet
facet normal -0.019547699 -0.998460233 -0.0519140251
  outer loop
   vertex 45536.7617 31570.3066 28555.666
   vertex 45346.9062 31582.0625 28401.0527
   vertex 45556.8711 31585.8633 28248.8789
  endloop
 endfacet
facet normal 0.0129445521 0.857715726 -0.513961256
  outer loop
   vertex 46738.8516 32059.082 27981.3672
   vertex 46848.7383 32100.7285 28053.6348
   vertex 46840.5977 32075.1484 28010.7422
  endloop
 endfacet
facet normal -0.239320785 -0.943196177 0.230448514
  outer loop
   vertex 41237.8516 33148.0156 30083.7578
   vertex 41086.457 33182.3398 30067.0156
   vertex 41098.8672 33143.9883 29922.9414
  endloop
 endfacet
facet normal 0.0314254537 0.897883296 -0.439110518
  outer loop
   vertex 45646.6641 32498.3848 28660.1641
   vertex 45452.0938 32377.0156 28398.0664
   vertex 45354.3164 32537.3379 28718.8906
  endloop
 endfacet
facet normal -0.625191569 -0.780125201 0.0232415721
  outer loop
   vertex 42677.957 32229.8926 29013.377
   vertex 42621.4414 32270.873 28868.6953
   vertex 42760.1875 32159.2637 28854.6523
  endloop
 endfacet
facet normal 0.0611762106 -0.708188176 0.703368306
  outer loop
   vertex 46489.9258 31758.7695 29027.9902
   vertex 46376.8047 31931.3477 29211.5898
   vertex 46183.7578 31804.5039 29100.668
  endloop
 endfacet
facet normal -0.38040781 -0.842971265 0.380380481
  outer loop
   vertex 43845.8281 31723.916 28985.3281
   vertex 43753.5625 31800.6934 29063.2012
   vertex 43723.9766 31719.8125 28854.3711
  endloop
 endfacet
facet normal -0.212565616 0.378720701 -0.900769949
  outer loop
   vertex 44232.8984 31755.248 28186.7715
   vertex 44110.5039 31809.916 28238.6387
   vertex 44289.8711 31988.7969 28271.5215
  endloop
 endfacet
facet normal -0.505185843 -0.849862099 -0.150072291
  outer loop
   vertex 43822.2305 31680.3184 28497.1016
   vertex 43947.2578 31600.8887 28526.0273
   vertex 43811.6172 31655.3887 28673.9961
  endloop
 endfacet
facet normal -0.267853051 -0.961699724 0.0582100786
  outer loop
   vertex 43312.4375 31883.9707 28913.4414
   vertex 43353.9375 31861.5137 28733.3867
   vertex 43541.25 31821.1465 28928.418
  endloop
 endfacet
facet normal -0.461005062 -0.869527161 -0.177191556
  outer loop
   vertex 43594.7656 31770.1836 28674.8594
   vertex 43717.5547 31732.5332 28540.1602
   vertex 43811.6172 31655.3887 28673.9961
  endloop
 endfacet
facet normal -0.764072001 -0.600049078 -0.236928463
  outer loop
   vertex 42508.543 32416.0547 28865.0879
   vertex 42621.4414 32270.873 28868.6953
   vertex 42519.6836 32345.9863 29006.625
  endloop
 endfacet
facet normal -0.337677121 -0.850719273 0.402803808
  outer loop
   vertex 43649.0625 31886.7773 29157.4082
   vertex 43541.25 31821.1465 28928.418
   vertex 43753.5625 31800.6934 29063.2012
  endloop
 endfacet
facet normal -0.295619845 -0.923832357 0.243192673
  outer loop
   vertex 43312.4375 31883.9707 28913.4414
   vertex 43151.6484 31921.1172 28859.0996
   vertex 43235.9609 31877.8223 28797.123
  endloop
 endfacet
facet normal -0.330974132 -0.446987599 -0.831058502
  outer loop
   vertex 43598.4883 31982.9883 28465.6309
   vertex 43453.1445 31898.123 28569.1602
   vertex 43366.043 32059.3242 28517.1465
  endloop
 endfacet
facet normal -0.431659698 -0.717857063 -0.546215296
  outer loop
   vertex 36981.2266 33737.1953 30258.0098
   vertex 36939.0508 33721.2852 30312.252
   vertex 36831.0742 33801.6875 30291.9141
  endloop
 endfacet
facet normal -0.453128844 -0.00112272461 -0.891444325
  outer loop
   vertex 40196.1836 34032.5703 29861.998
   vertex 40325.2344 33941.9727 29796.5156
   vertex 40183.918 33890.0312 29868.4121
  endloop
 endfacet
facet normal -0.389038742 -0.175868452 -0.904278219
  outer loop
   vertex 43112.9961 32089.9531 28577.3555
   vertex 42958.543 32169.9102 28628.2539
   vertex 43075.3555 32206.3887 28570.9043
  endloop
 endfacet
facet normal -0.117943756 0.864304006 -0.488945693
  outer loop
   vertex 44619.5273 32480.5977 28673.5039
   vertex 44452.6914 32448.1074 28656.3145
   vertex 44556.457 32600.2246 28900.1797
  endloop
 endfacet
facet normal -0.138811022 0.743275583 -0.654425621
  outer loop
   vertex 44307.3555 32479.5645 28722.8691
   vertex 44452.6914 32448.1074 28656.3145
   vertex 44301.9609 32264.291 28479.5137
  endloop
 endfacet
facet normal 0.0215746388 0.547894776 -0.836269021
  outer loop
   vertex 43935.332 32097.3711 28405.1367
   vertex 43847.6602 32202.3555 28471.6582
   vertex 44062.0625 32291.8809 28535.8438
  endloop
 endfacet
facet normal -0.256219029 -0.78118366 0.569301248
  outer loop
   vertex 43649.0625 31886.7773 29157.4082
   vertex 43712.6523 32032.1074 29385.4473
   vertex 43455.6562 31951.5215 29159.2031
  endloop
 endfacet
facet normal 0.119820379 0.611376643 -0.782215834
  outer loop
   vertex 43102.9102 32686.0605 28767.8809
   vertex 43194.8125 32889.6914 28941.1152
   vertex 43355.3867 32764.3262 28867.7266
  endloop
 endfacet
facet normal 0.235613734 0.759576678 -0.606242061
  outer loop
   vertex 42721.332 33286.7617 29141.8398
   vertex 42758.3281 33397.4219 29294.8691
   vertex 42885.4805 33286.8047 29205.6914
  endloop
 endfacet
facet normal 0.237836406 0.646480918 -0.724911213
  outer loop
   vertex 43010.418 32997.6406 28990.1074
   vertex 43068.4297 33207.7344 29196.5039
   vertex 43302.9453 33109.1289 29185.5078
  endloop
 endfacet
facet normal -0.591523349 -0.806283414 0.00268142135
  outer loop
   vertex 42519.6836 32345.9863 29006.625
   vertex 42621.4414 32270.873 28868.6953
   vertex 42677.957 32229.8926 29013.377
  endloop
 endfacet
facet normal -0.267076731 -0.878102422 0.396996409
  outer loop
   vertex 43455.6562 31951.5215 29159.2031
   vertex 43312.4375 31883.9707 28913.4414
   vertex 43541.25 31821.1465 28928.418
  endloop
 endfacet
facet normal 0.233707562 0.764045358 -0.601344705
  outer loop
   vertex 42885.4805 33286.8047 29205.6914
   vertex 42741.3047 33249.293 29101.9961
   vertex 42721.332 33286.7617 29141.8398
  endloop
 endfacet
facet normal 0.349065661 0.776423335 -0.524709404
  outer loop
   vertex 43504.8594 33338.4258 29577.9023
   vertex 43642.8828 33258.2695 29551.1191
   vertex 43474.7969 33236.0273 29406.3828
  endloop
 endfacet
facet normal 0.326251566 0.779039562 -0.535403848
  outer loop
   vertex 43778.1875 33165.6172 29498.752
   vertex 43575.4961 33135.543 29331.4824
   vertex 43642.8828 33258.2695 29551.1191
  endloop
 endfacet
facet normal 0.260390669 0.807050645 -0.529967844
  outer loop
   vertex 44006.625 32970.668 29342.8809
   vertex 43980.9141 32812.6133 29089.5566
   vertex 43827.4062 32882.1758 29120.0684
  endloop
 endfacet
facet normal 0.229804158 0.815056264 -0.531858385
  outer loop
   vertex 44006.625 32970.668 29342.8809
   vertex 44167.7695 32874.3594 29264.9219
   vertex 43980.9141 32812.6133 29089.5566
  endloop
 endfacet
facet normal 0.794848919 0.253949255 0.551112473
  outer loop
   vertex 43806.9648 33066.8711 30111.4902
   vertex 43761.5 33248.9141 30093.1758
   vertex 43732.0156 33178.5078 30168.1445
  endloop
 endfacet
facet normal 0.545868576 0.826721251 -0.136233285
  outer loop
   vertex 43806.0586 33246.2422 29705.6445
   vertex 43662.5234 33351.0781 29766.7168
   vertex 43797.4453 33286.3203 29914.3535
  endloop
 endfacet
facet normal 0.543676555 0.830830455 -0.118897282
  outer loop
   vertex 43311.6602 33563.2734 29906.5977
   vertex 43276.9883 33607.9922 30060.5312
   vertex 43390.8984 33539.4531 30102.4688
  endloop
 endfacet
facet normal 0.40373677 0.826393247 -0.39251855
  outer loop
   vertex 43504.8594 33338.4258 29577.9023
   vertex 43662.5234 33351.0781 29766.7168
   vertex 43642.8828 33258.2695 29551.1191
  endloop
 endfacet
facet normal 0.287449509 -0.0319112502 0.957264066
  outer loop
   vertex 43541.1641 33152.2852 30239.7891
   vertex 43506.4688 33298.3984 30255.0781
   vertex 43428.5469 33191.168 30274.9023
  endloop
 endfacet
facet normal 0.313628286 0.801617682 -0.508966029
  outer loop
   vertex 43006.6875 33467.9531 29482.0938
   vertex 43133.1758 33576.6875 29731.2969
   vertex 43236.5586 33488.5117 29656.125
  endloop
 endfacet
facet normal 0.109813869 -0.529980421 0.840869546
  outer loop
   vertex 43675.1055 32920.0078 30119.4355
   vertex 43534.1016 32980.7578 30176.1387
   vertex 43501.7266 32785.6367 30057.3848
  endloop
 endfacet
facet normal -0.0839549676 -0.630065799 0.771990061
  outer loop
   vertex 43361.7031 32857.5977 30107.1426
   vertex 43233.9727 32929.8438 30152.2168
   vertex 43159.9492 32741.2871 29990.2734
  endloop
 endfacet
facet normal 0.0515747629 -0.422679663 0.904810429
  outer loop
   vertex 43980.5078 32559.875 29911.3223
   vertex 43990.9453 32761.1895 30004.7695
   vertex 43815.6289 32633.4434 29955.0859
  endloop
 endfacet
facet normal 0.281519622 -0.202018946 0.938048542
  outer loop
   vertex 43675.1055 32920.0078 30119.4355
   vertex 43832.5938 32847.9922 30056.6621
   vertex 43806.9648 33066.8711 30111.4902
  endloop
 endfacet
facet normal -0.238788143 -0.807280779 0.5397017
  outer loop
   vertex 42629.2266 32623.1621 29715.1973
   vertex 42612.0156 32484.3125 29499.8965
   vertex 42767.3789 32589.3887 29725.8047
  endloop
 endfacet
facet normal -0.204289034 -0.733476937 0.64828819
  outer loop
   vertex 43393.7422 32379.2305 29691.4023
   vertex 43231.1992 32463.9336 29736.0156
   vertex 43175.0586 32285.5234 29516.4707
  endloop
 endfacet
facet normal -0.0959421396 -0.801691651 0.589987814
  outer loop
   vertex 43983.9414 31843.3379 29210.4531
   vertex 44143.5977 31733.9688 29087.8008
   vertex 44233.5039 31907.3594 29338.0293
  endloop
 endfacet
facet normal -0.126073942 -0.671528161 0.730174839
  outer loop
   vertex 43784.5195 32417.502 29797.2695
   vertex 43562.4375 32294.8848 29646.1562
   vertex 43734.9766 32214.291 29601.8242
  endloop
 endfacet
facet normal 0.202686816 0.674940348 -0.709488213
  outer loop
   vertex 43355.3867 32764.3262 28867.7266
   vertex 43194.8125 32889.6914 28941.1152
   vertex 43467.3125 32965.5156 29091.0957
  endloop
 endfacet
facet normal 0.20335342 0.733300924 -0.64878124
  outer loop
   vertex 43756.2656 32720.1777 28914.668
   vertex 43827.4062 32882.1758 29120.0684
   vertex 43980.9141 32812.6133 29089.5566
  endloop
 endfacet
facet normal 0.21373865 -0.324693501 0.921352208
  outer loop
   vertex 46143.3047 31983.1035 29272.9199
   vertex 46102.7188 32152.125 29341.8984
   vertex 45969.6641 32049.2266 29336.5039
  endloop
 endfacet
facet normal 0.0658970028 -0.798411489 0.598495364
  outer loop
   vertex 45459.2031 31762.0938 29078.5879
   vertex 45439.75 31912.3164 29281.1328
   vertex 45296.1406 31797.2266 29143.4121
  endloop
 endfacet
facet normal 0.234495267 0.249334157 0.939598024
  outer loop
   vertex 45900.3672 32191.6074 29381.9219
   vertex 46102.7188 32152.125 29341.8984
   vertex 46028.3789 32307.0293 29319.3457
  endloop
 endfacet
facet normal -0.0415474288 -0.916921496 0.396898955
  outer loop
   vertex 46001.9961 31561.5215 28639.8516
   vertex 46232.3359 31638.2715 28841.2734
   vertex 45956.293 31687.5586 28926.2402
  endloop
 endfacet
facet normal 0.229056373 -0.6933043 0.683273256
  outer loop
   vertex 46974.6953 31673.6426 28887.4258
   vertex 47194.0938 31801.3164 28943.4258
   vertex 47038.6562 31834.4082 29029.1113
  endloop
 endfacet
facet normal 0.0458142087 -0.839969337 0.540696323
  outer loop
   vertex 44466.4219 31825.9648 29235.8262
   vertex 44396.4062 31678.5273 29012.7148
   vertex 44625.582 31774.1953 29141.918
  endloop
 endfacet
facet normal 0.091439642 -0.870982289 0.482730389
  outer loop
   vertex 44480.9062 31632.4863 28913.6387
   vertex 44625.582 31774.1953 29141.918
   vertex 44396.4062 31678.5273 29012.7148
  endloop
 endfacet
facet normal 0.0792154148 -0.660431504 0.746696115
  outer loop
   vertex 44857.0859 31941.7754 29343.3125
   vertex 44883.7656 32141.3398 29516.9922
   vertex 44671.5703 31980.7715 29397.4844
  endloop
 endfacet
facet normal 0.0501659848 -0.799873233 0.598068714
  outer loop
   vertex 45643.1758 31888.5566 29232.291
   vertex 45439.75 31912.3164 29281.1328
   vertex 45459.2031 31762.0938 29078.5879
  endloop
 endfacet
facet normal 0.108997568 -0.322402477 0.940306425
  outer loop
   vertex 45338.832 32252.9668 29485.375
   vertex 45199.4922 32088.3281 29445.0762
   vertex 45392.418 32073.7578 29417.7188
  endloop
 endfacet
facet normal -0.0471691862 -0.789102197 0.612448156
  outer loop
   vertex 45296.1406 31797.2266 29143.4121
   vertex 45247.2656 31921.8438 29300.209
   vertex 45081.582 31756.5176 29074.4355
  endloop
 endfacet
facet normal 0.0928531438 0.905341864 -0.414408565
  outer loop
   vertex 44775.0273 32686.9492 29138.6172
   vertex 44556.457 32600.2246 28900.1797
   vertex 44579.7617 32740.1094 29211.0039
  endloop
 endfacet
facet normal 0.404438764 0.127348036 0.905655444
  outer loop
   vertex 46748.3633 32005.2539 29171.4043
   vertex 46887.3594 32125.8281 29092.377
   vertex 46663.418 32137.4492 29190.748
  endloop
 endfacet
facet normal 0.141847178 -0.286984652 0.94737488
  outer loop
   vertex 45690.4492 32213.1055 29415.6465
   vertex 45581.4844 32056.2285 29384.4395
   vertex 45784.9023 32045.1934 29350.6387
  endloop
 endfacet
facet normal 0.29166767 0.88730675 0.357234716
  outer loop
   vertex 46690.5195 32333.25 28870.877
   vertex 46645.1875 32264.0078 29079.8691
   vertex 46875.0977 32243.6973 28942.6074
  endloop
 endfacet
facet normal 0.244122729 0.967562556 0.0650135353
  outer loop
   vertex 46355.8398 32419.9512 28802.9668
   vertex 46485.707 32377.2852 28950.2734
   vertex 46525.6328 32381.6836 28734.9043
  endloop
 endfacet
facet normal 0.0706110373 0.95181191 -0.298442841
  outer loop
   vertex 45226.0312 32608.4316 28915.2754
   vertex 45401.3398 32608.0957 28955.6855
   vertex 45354.3164 32537.3379 28718.8906
  endloop
 endfacet
facet normal 0.166848987 0.95696497 -0.237443715
  outer loop
   vertex 45226.0312 32608.4316 28915.2754
   vertex 45354.3164 32537.3379 28718.8906
   vertex 45228 32572.2227 28770.7305
  endloop
 endfacet
facet normal 0.392043263 0.896902978 -0.204614475
  outer loop
   vertex 43427.2266 33483.7266 29809.0039
   vertex 43480.6953 33504.1875 30001.125
   vertex 43593.582 33434.7969 29913.2539
  endloop
 endfacet
facet normal 0.0800215527 -0.645158052 0.759847164
  outer loop
   vertex 44480.1836 32283.3086 29674.7227
   vertex 44461.7109 32011.1504 29445.5898
   vertex 44695.8828 32203.9824 29584.6543
  endloop
 endfacet
facet normal 0.235439822 -0.489469856 0.839635253
  outer loop
   vertex 44480.1836 32283.3086 29674.7227
   vertex 44594.4453 32516.0195 29778.3438
   vertex 44419.1758 32516.9082 29828.0098
  endloop
 endfacet
facet normal 0.235219374 -0.489540845 0.839655638
  outer loop
   vertex 44480.1836 32283.3086 29674.7227
   vertex 44419.1758 32516.9082 29828.0098
   vertex 44312.0391 32333.2676 29750.9551
  endloop
 endfacet
facet normal 0.412131906 0.677101374 0.609656453
  outer loop
   vertex 43427.1562 33439.1523 30226.0215
   vertex 43567.8008 33389.4922 30186.0957
   vertex 43503.3672 33476.5078 30133.0117
  endloop
 endfacet
facet normal 0.0683105513 0.265892535 0.961579323
  outer loop
   vertex 37263.6367 34724.6289 32223.9883
   vertex 37039.4023 35003.6289 32162.7695
   vertex 36980.8906 34873.5078 32202.9062
  endloop
 endfacet
facet normal 0.0609624013 0.0892773569 0.994139373
  outer loop
   vertex 38049.1836 34503.0273 32365.3281
   vertex 38396.9531 34574.2422 32337.6055
   vertex 38091.4766 34785.6719 32337.3516
  endloop
 endfacet
facet normal -0.347800404 -0.0727426037 0.934742451
  outer loop
   vertex 38883.6641 34418.5586 32360.3301
   vertex 38902.1953 34115.6211 32343.6504
   vertex 39014.4922 34225.3594 32393.9746
  endloop
 endfacet
facet normal 0.0054347883 0.960472226 -0.278322726
  outer loop
   vertex 39613.5078 35168.1836 30601.6309
   vertex 39462.1211 35136.7773 30490.293
   vertex 39526.6719 35203.5352 30721.9316
  endloop
 endfacet
facet normal 0.0627520755 -0.484007925 0.872810662
  outer loop
   vertex 43654.25 32711.7012 30005.4199
   vertex 43675.1055 32920.0078 30119.4355
   vertex 43501.7266 32785.6367 30057.3848
  endloop
 endfacet
facet normal -0.0829960257 -0.81446588 0.574244738
  outer loop
   vertex 41588.7227 33529.0586 31022.5312
   vertex 41480.5391 33506.4375 30974.8125
   vertex 41556.8398 33483.6367 30953.502
  endloop
 endfacet
facet normal 0.356043041 -0.920740485 0.159594163
  outer loop
   vertex 37147.9141 33678.7305 30688.7344
   vertex 37230.3711 33682.7266 30527.8242
   vertex 37357.4844 33785.5312 30837.3496
  endloop
 endfacet
facet normal 0.14391838 -0.236482278 0.960918128
  outer loop
   vertex 45900.3672 32191.6074 29381.9219
   vertex 45969.6641 32049.2266 29336.5039
   vertex 46102.7188 32152.125 29341.8984
  endloop
 endfacet
facet normal -0.0276617501 -0.999023676 0.0344460569
  outer loop
   vertex 45346.9062 31582.0625 28401.0527
   vertex 45317.7109 31590.998 28636.7344
   vertex 45128.4336 31588.7676 28420.082
  endloop
 endfacet
facet normal 0.184630409 -0.472229749 0.861922681
  outer loop
   vertex 44721.6445 32432.8301 29704.5176
   vertex 44695.8828 32203.9824 29584.6543
   vertex 44895.8984 32357.6758 29626.0156
  endloop
 endfacet
facet normal -0.0839603022 -0.996093392 0.0273607392
  outer loop
   vertex 45317.7109 31590.998 28636.7344
   vertex 45346.9062 31582.0625 28401.0527
   vertex 45536.7617 31570.3066 28555.666
  endloop
 endfacet
facet normal -0.245395571 -0.935825884 0.253003776
  outer loop
   vertex 36667.0039 33819.2539 30754.1406
   vertex 36925.9453 33709.2266 30598.3184
   vertex 36928.8281 33778.7031 30858.0938
  endloop
 endfacet
facet normal -0.265617669 -0.904868126 0.332657397
  outer loop
   vertex 36037.8828 34015.8281 30760.252
   vertex 36368.2891 33924.5781 30775.8652
   vertex 36161.7969 34083.3125 31042.7676
  endloop
 endfacet
facet normal 0.126787603 0.734735727 0.666399479
  outer loop
   vertex 38791.7891 34730.9766 32159.9434
   vertex 39080.5664 34546.293 32308.6191
   vertex 39184.6328 34661.4414 32161.8652
  endloop
 endfacet
facet normal 0.137128487 0.791211843 0.595969498
  outer loop
   vertex 39248.418 34864.8945 31877.082
   vertex 38791.7891 34730.9766 32159.9434
   vertex 39184.6328 34661.4414 32161.8652
  endloop
 endfacet
facet normal 0.819969535 -0.09510611 0.56445086
  outer loop
   vertex 38122.9492 34884.3984 32308.2676
   vertex 38085.5781 34874.8945 32360.957
   vertex 38091.4766 34785.6719 32337.3516
  endloop
 endfacet
facet normal 0.324417472 -0.372985542 0.869272709
  outer loop
   vertex 40126.3047 34414.8555 32158.2812
   vertex 40214.1328 34280.0312 32067.6523
   vertex 40258.4141 34404.0547 32104.3438
  endloop
 endfacet
facet normal -0.0647246614 0.904159188 0.42226401
  outer loop
   vertex 40152.5781 34829.0508 31978.418
   vertex 40208.8242 34884.3555 31868.623
   vertex 39995.793 34873.5547 31859.0977
  endloop
 endfacet
facet normal 0.715360284 0.638478458 -0.283910155
  outer loop
   vertex 36034.3203 35778.4688 31701.8262
   vertex 35967.9531 35814.5977 31615.8457
   vertex 35949.918 35865.6836 31685.2988
  endloop
 endfacet
facet normal -0.5050897 -0.299678206 0.809368491
  outer loop
   vertex 35983.8906 35255.4609 31965.0996
   vertex 35847.6641 35274.9023 31887.2852
   vertex 35900.4141 35043.8242 31834.6465
  endloop
 endfacet
facet normal -0.606316328 -0.230069652 0.76121515
  outer loop
   vertex 35983.8906 35255.4609 31965.0996
   vertex 35900.4141 35043.8242 31834.6465
   vertex 36060.3359 35125.8281 31986.8086
  endloop
 endfacet
facet normal -0.0639451668 0.654353142 -0.753480554
  outer loop
   vertex 35902.8203 35848.625 31595.9258
   vertex 35890.1641 35735.9805 31499.1758
   vertex 35867.2461 35854.1133 31603.709
  endloop
 endfacet
facet normal 0.519181192 0.703597307 0.485182166
  outer loop
   vertex 36141.2812 35570.7188 31914.8828
   vertex 36239.875 35600.2539 31766.5508
   vertex 36001.8945 35738.5977 31820.584
  endloop
 endfacet
facet normal 0.351772934 0.863117933 -0.362330288
  outer loop
   vertex 36626.7266 35359.5703 31558.0645
   vertex 36835.1172 35217.6445 31422.291
   vertex 36678.3945 35238.1602 31319.0117
  endloop
 endfacet
facet normal 0.360920936 0.929800987 -0.072153829
  outer loop
   vertex 36929.5547 35243.0859 31607.25
   vertex 36792.1562 35295.625 31597.0254
   vertex 36792.0156 35308.1367 31757.5527
  endloop
 endfacet
facet normal 0.369577587 0.915433049 -0.159357294
  outer loop
   vertex 42245.6914 34189.5625 30725.2207
   vertex 42134.6875 34222.332 30656.0293
   vertex 42186.9375 34226.4141 30800.6523
  endloop
 endfacet
facet normal 0.387016535 0.901441872 -0.193960637
  outer loop
   vertex 42168.7812 34191.4766 30580.6562
   vertex 42134.6875 34222.332 30656.0293
   vertex 42245.6914 34189.5625 30725.2207
  endloop
 endfacet
facet normal 0.677298009 0.705868959 -0.207404047
  outer loop
   vertex 36138.9688 35629.0234 31534.9492
   vertex 36034.3203 35778.4688 31701.8262
   vertex 36239.875 35600.2539 31766.5508
  endloop
 endfacet
facet normal -0.00174959644 -0.944996238 -0.327076584
  outer loop
   vertex 39092.5586 33786.8945 31623.248
   vertex 39034.1953 33728.6445 31791.8516
   vertex 38991.5625 33739.5898 31760.457
  endloop
 endfacet
facet normal -0.0133177089 0.681150317 -0.732022464
  outer loop
   vertex 37725.5859 34675.2969 30206.8203
   vertex 37754.2227 34724.0547 30251.6699
   vertex 37900.5312 34683.0312 30210.8359
  endloop
 endfacet
facet normal -0.199240506 0.271035403 -0.941723466
  outer loop
   vertex 35737.5078 34685.418 30497.7305
   vertex 35659 34580.875 30484.252
   vertex 35707.3906 34709.1133 30510.9219
  endloop
 endfacet
facet normal -0.0456572026 0.456001014 -0.888807356
  outer loop
   vertex 41411.0039 33445.5469 29461.0566
   vertex 41579.4414 33532.4766 29497.002
   vertex 41487.5195 33333.3945 29399.584
  endloop
 endfacet
facet normal -0.40356946 -0.361911803 -0.840328217
  outer loop
   vertex 41292.957 33281.6836 29464.0195
   vertex 41144.2617 33208.9219 29566.7656
   vertex 41043.6172 33387.6289 29538.1387
  endloop
 endfacet
facet normal -0.314480156 -0.251840323 -0.915247858
  outer loop
   vertex 40573.5078 33612.3711 29635.9805
   vertex 40668.2695 33592.8359 29608.7949
   vertex 40616.5703 33496.0039 29653.2031
  endloop
 endfacet
facet normal -0.0873080492 0.520423889 -0.849432945
  outer loop
   vertex 41579.4414 33532.4766 29497.002
   vertex 41411.0039 33445.5469 29461.0566
   vertex 41466.8945 33601.4375 29550.8203
  endloop
 endfacet
facet normal -0.61932981 -0.394976407 -0.678545654
  outer loop
   vertex 41390.5039 33099.6133 29480.9668
   vertex 41292.957 33281.6836 29464.0195
   vertex 41411.1836 33204.7031 29400.918
  endloop
 endfacet
facet normal -0.410082012 -0.299881727 -0.861338317
  outer loop
   vertex 41264.168 33152.2422 29522.791
   vertex 41292.957 33281.6836 29464.0195
   vertex 41390.5039 33099.6133 29480.9668
  endloop
 endfacet
facet normal -0.384679347 -0.917475045 0.101298191
  outer loop
   vertex 41946.0312 32785.5234 29570.627
   vertex 41820.7383 32843.0234 29615.6387
   vertex 41820.7227 32819.1914 29399.6973
  endloop
 endfacet
facet normal -0.287069857 0.160493195 -0.944369018
  outer loop
   vertex 41487.5195 33333.3945 29399.584
   vertex 41528.9375 33153.0859 29356.3516
   vertex 41411.1836 33204.7031 29400.918
  endloop
 endfacet
facet normal -0.355801433 0.201591104 -0.912560344
  outer loop
   vertex 41487.5195 33333.3945 29399.584
   vertex 41411.1836 33204.7031 29400.918
   vertex 41292.957 33281.6836 29464.0195
  endloop
 endfacet
facet normal -0.362891525 0.2451621 -0.899002373
  outer loop
   vertex 41487.5195 33333.3945 29399.584
   vertex 41292.957 33281.6836 29464.0195
   vertex 41411.0039 33445.5469 29461.0566
  endloop
 endfacet
facet normal -0.570751667 -0.30192405 -0.763599634
  outer loop
   vertex 41390.5039 33099.6133 29480.9668
   vertex 41528.9375 33153.0859 29356.3516
   vertex 41497.4609 33040.3672 29424.4473
  endloop
 endfacet
facet normal -0.423358709 -0.803286076 -0.418925822
  outer loop
   vertex 41279.9492 33086.3828 29664.6172
   vertex 41031.3359 33181.6211 29733.2402
   vertex 41144.2617 33208.9219 29566.7656
  endloop
 endfacet
facet normal -0.559514523 -0.798627377 -0.221670553
  outer loop
   vertex 41390.5039 33099.6133 29480.9668
   vertex 41497.4609 33040.3672 29424.4473
   vertex 41539.2383 32972.7227 29562.709
  endloop
 endfacet
facet normal -0.477803469 -0.788937688 -0.386369169
  outer loop
   vertex 41031.3359 33181.6211 29733.2402
   vertex 40902.6484 33316.7383 29616.4805
   vertex 41019.2969 33257.3398 29593.5195
  endloop
 endfacet
facet normal -0.444839805 -0.791452646 -0.41918996
  outer loop
   vertex 41539.2383 32972.7227 29562.709
   vertex 41410.8398 33022.4883 29605.0059
   vertex 41390.5039 33099.6133 29480.9668
  endloop
 endfacet
facet normal -0.0299742296 -0.713735282 -0.699773908
  outer loop
   vertex 41043.6172 33387.6289 29538.1387
   vertex 40902.6484 33316.7383 29616.4805
   vertex 40910.4414 33376.2266 29555.4727
  endloop
 endfacet
facet normal -0.335143805 -0.314893097 -0.887987018
  outer loop
   vertex 40902.6484 33316.7383 29616.4805
   vertex 41043.6172 33387.6289 29538.1387
   vertex 41019.2969 33257.3398 29593.5195
  endloop
 endfacet
facet normal -0.315455168 -0.320738286 -0.89309293
  outer loop
   vertex 41043.6172 33387.6289 29538.1387
   vertex 41144.2617 33208.9219 29566.7656
   vertex 41019.2969 33257.3398 29593.5195
  endloop
 endfacet
facet normal -0.454428345 -0.826165199 -0.333085448
  outer loop
   vertex 41390.5039 33099.6133 29480.9668
   vertex 41279.9492 33086.3828 29664.6172
   vertex 41264.168 33152.2422 29522.791
  endloop
 endfacet
facet normal -0.539594948 -0.75179708 -0.37899667
  outer loop
   vertex 41390.5039 33099.6133 29480.9668
   vertex 41410.8398 33022.4883 29605.0059
   vertex 41279.9492 33086.3828 29664.6172
  endloop
 endfacet
facet normal -0.301049262 -0.900837421 0.312827975
  outer loop
   vertex 41980.9219 32849.0586 29787.166
   vertex 41820.7383 32843.0234 29615.6387
   vertex 41946.0312 32785.5234 29570.627
  endloop
 endfacet
facet normal -0.073923856 -0.825824201 0.559061408
  outer loop
   vertex 41588.7227 33529.0586 31022.5312
   vertex 41563.2812 33555.832 31058.7148
   vertex 41480.5391 33506.4375 30974.8125
  endloop
 endfacet
facet normal -0.498138726 -0.806288838 -0.318992317
  outer loop
   vertex 41144.2617 33208.9219 29566.7656
   vertex 41264.168 33152.2422 29522.791
   vertex 41279.9492 33086.3828 29664.6172
  endloop
 endfacet
facet normal -0.40439555 -0.806823075 -0.430698007
  outer loop
   vertex 40818.4414 33271.4023 29780.4785
   vertex 40746.2812 33373.1641 29657.5996
   vertex 40902.6484 33316.7383 29616.4805
  endloop
 endfacet
facet normal -0.3659859 -0.929951429 -0.0352796055
  outer loop
   vertex 41223.1094 33100.7852 29874.584
   vertex 41031.3359 33181.6211 29733.2402
   vertex 41279.9492 33086.3828 29664.6172
  endloop
 endfacet
facet normal -0.368208587 -0.929287136 0.0291169975
  outer loop
   vertex 41279.9492 33086.3828 29664.6172
   vertex 41487.9727 33007.6367 29782.0957
   vertex 41372.8203 33056.1914 29875.4648
  endloop
 endfacet
facet normal -0.400205076 -0.911180139 0.0979115441
  outer loop
   vertex 41410.8398 33022.4883 29605.0059
   vertex 41487.9727 33007.6367 29782.0957
   vertex 41279.9492 33086.3828 29664.6172
  endloop
 endfacet
facet normal -0.0500452816 -0.762301385 0.645284534
  outer loop
   vertex 42176.293 33219.8125 30436.627
   vertex 42240.8555 33335.9609 30578.8457
   vertex 42037.6484 33218.3906 30424.1953
  endloop
 endfacet
facet normal -0.354685426 -0.932684541 0.0655578822
  outer loop
   vertex 41539.2383 32972.7227 29562.709
   vertex 41647.0312 32947.8047 29791.416
   vertex 41487.9727 33007.6367 29782.0957
  endloop
 endfacet
facet normal -0.340470999 -0.937670052 0.0696730241
  outer loop
   vertex 41410.8398 33022.4883 29605.0059
   vertex 41539.2383 32972.7227 29562.709
   vertex 41487.9727 33007.6367 29782.0957
  endloop
 endfacet
facet normal -0.11821375 -0.991483033 0.0546527207
  outer loop
   vertex 40923.9453 33197.7773 29794.0312
   vertex 41031.3359 33181.6211 29733.2402
   vertex 40953.6055 33200.7695 29912.4688
  endloop
 endfacet
facet normal -0.359922528 -0.931263268 -0.0566084459
  outer loop
   vertex 41098.8672 33143.9883 29922.9414
   vertex 40953.6055 33200.7695 29912.4688
   vertex 41031.3359 33181.6211 29733.2402
  endloop
 endfacet
facet normal -0.285401911 -0.958338737 -0.011517223
  outer loop
   vertex 41279.9492 33086.3828 29664.6172
   vertex 41372.8203 33056.1914 29875.4648
   vertex 41223.1094 33100.7852 29874.584
  endloop
 endfacet
facet normal -0.349016875 -0.935112357 -0.0612543821
  outer loop
   vertex 41223.1094 33100.7852 29874.584
   vertex 41098.8672 33143.9883 29922.9414
   vertex 41031.3359 33181.6211 29733.2402
  endloop
 endfacet
facet normal -0.526717842 -0.847749829 0.0623583086
  outer loop
   vertex 40642.2617 33345.7344 29870.2383
   vertex 40500.9531 33436.2969 29907.8379
   vertex 40551.8555 33397.4219 29809.2598
  endloop
 endfacet
facet normal -0.153767526 -0.881956458 0.445542723
  outer loop
   vertex 41803.4297 33118.7148 30237.2402
   vertex 41552.332 33081.3828 30076.6797
   vertex 41690.3828 33010.6875 29984.3828
  endloop
 endfacet
facet normal -0.139655501 -0.893774152 0.426220745
  outer loop
   vertex 41803.4297 33118.7148 30237.2402
   vertex 41703.7891 33181.0664 30335.3359
   vertex 41552.332 33081.3828 30076.6797
  endloop
 endfacet
facet normal -0.56240797 -0.645240247 -0.51707083
  outer loop
   vertex 40631.793 33381.2539 29742.4902
   vertex 40551.8555 33397.4219 29809.2598
   vertex 40492.9336 33480.8867 29769.1914
  endloop
 endfacet
facet normal -0.578591049 -0.798738539 0.165072963
  outer loop
   vertex 40923.9453 33197.7773 29794.0312
   vertex 40953.6055 33200.7695 29912.4688
   vertex 40818.4414 33271.4023 29780.4785
  endloop
 endfacet
facet normal -0.466079831 -0.861532748 -0.201322988
  outer loop
   vertex 40818.4414 33271.4023 29780.4785
   vertex 40642.2617 33345.7344 29870.2383
   vertex 40631.793 33381.2539 29742.4902
  endloop
 endfacet
facet normal -0.385907084 -0.809012115 -0.443367928
  outer loop
   vertex 40746.2812 33373.1641 29657.5996
   vertex 40818.4414 33271.4023 29780.4785
   vertex 40631.793 33381.2539 29742.4902
  endloop
 endfacet
facet normal -0.251813233 -0.860734105 -0.44241029
  outer loop
   vertex 37244.2344 33732.6328 30192.5938
   vertex 37100.5586 33703.1328 30331.7695
   vertex 37081.2383 33808.7344 30137.3125
  endloop
 endfacet
facet normal 0.483119816 -0.85217911 0.200962648
  outer loop
   vertex 37494.582 33714.9727 30282.2441
   vertex 37401.5664 33683.4922 30372.3711
   vertex 37429.3906 33680.4648 30292.6484
  endloop
 endfacet
facet normal -0.447685987 -0.121895485 -0.885843515
  outer loop
   vertex 37038.2266 34068.6914 30004.7109
   vertex 36846.5078 34004.0625 30110.4941
   vertex 36865.8203 34176.6562 30076.9844
  endloop
 endfacet
facet normal -0.513225198 -0.275405526 -0.81286633
  outer loop
   vertex 36964.457 34154.7109 30022.1445
   vertex 37038.2266 34068.6914 30004.7109
   vertex 36865.8203 34176.6562 30076.9844
  endloop
 endfacet
facet normal -0.238632843 -0.943513572 0.2298619
  outer loop
   vertex 41237.8516 33148.0156 30083.7578
   vertex 41098.8672 33143.9883 29922.9414
   vertex 41223.1094 33100.7852 29874.584
  endloop
 endfacet
facet normal 0.434321553 -0.77882123 -0.452550858
  outer loop
   vertex 38016.5039 34010.4727 30235.1035
   vertex 37687.0938 33851.5938 30192.3906
   vertex 37959.2812 34064.9258 30086.4766
  endloop
 endfacet
facet normal 0.137311846 -0.961400211 -0.238442987
  outer loop
   vertex 37401.5664 33683.4922 30372.3711
   vertex 37282.8555 33666.5391 30372.3633
   vertex 37383.3281 33709.6562 30256.375
  endloop
 endfacet
facet normal -0.458031952 -0.879893661 -0.126466826
  outer loop
   vertex 37429.3906 33680.4648 30292.6484
   vertex 37401.5664 33683.4922 30372.3711
   vertex 37383.3281 33709.6562 30256.375
  endloop
 endfacet
facet normal 0.507762134 -0.802895069 -0.312309295
  outer loop
   vertex 37801.7188 33988.832 30025.9375
   vertex 37959.2812 34064.9258 30086.4766
   vertex 37687.0938 33851.5938 30192.3906
  endloop
 endfacet
facet normal -0.275692135 -0.916558862 0.289678633
  outer loop
   vertex 41690.3828 33010.6875 29984.3828
   vertex 41552.332 33081.3828 30076.6797
   vertex 41487.9727 33007.6367 29782.0957
  endloop
 endfacet
facet normal -0.220411927 0.244780123 -0.944193423
  outer loop
   vertex 40668.2695 33592.8359 29608.7949
   vertex 40573.5078 33612.3711 29635.9805
   vertex 40594.2266 33755.4648 29668.2402
  endloop
 endfacet
facet normal -0.661021829 -0.395871431 -0.637444854
  outer loop
   vertex 40198.5547 33765.543 29898.5176
   vertex 40319.4883 33753.8633 29780.3672
   vertex 40272.1328 33667.1328 29883.3359
  endloop
 endfacet
facet normal 0.142373368 -0.547691345 -0.82447803
  outer loop
   vertex 37504.9375 33860.0039 29982.5352
   vertex 37491.1406 33936.2656 29929.4941
   vertex 37661.0391 33978.1602 29931.002
  endloop
 endfacet
facet normal 0.23668085 -0.633852124 -0.73635155
  outer loop
   vertex 37504.9375 33860.0039 29982.5352
   vertex 37661.0391 33978.1602 29931.002
   vertex 37594.3203 33842.9297 30025.9629
  endloop
 endfacet
facet normal -0.119737141 -0.581397235 -0.804760993
  outer loop
   vertex 37504.9375 33860.0039 29982.5352
   vertex 37312.9688 33899.8047 29982.3438
   vertex 37491.1406 33936.2656 29929.4941
  endloop
 endfacet
facet normal -0.36042136 -0.886999786 0.288665652
  outer loop
   vertex 36944.957 33685.2539 30715.416
   vertex 36981.5977 33656.9375 30674.1523
   vertex 36986.5625 33676.2656 30739.752
  endloop
 endfacet
facet normal -0.527092457 -0.564315498 -0.635390818
  outer loop
   vertex 40616.5703 33496.0039 29653.2031
   vertex 40631.793 33381.2539 29742.4902
   vertex 40492.9336 33480.8867 29769.1914
  endloop
 endfacet
facet normal -0.59460479 -0.416005045 -0.688029766
  outer loop
   vertex 40492.9336 33480.8867 29769.1914
   vertex 40471.5234 33627.4766 29699.0625
   vertex 40616.5703 33496.0039 29653.2031
  endloop
 endfacet
facet normal -0.350958526 -0.400872201 -0.846244395
  outer loop
   vertex 40821.6484 33465.6172 29582.5469
   vertex 40746.2812 33373.1641 29657.5996
   vertex 40616.5703 33496.0039 29653.2031
  endloop
 endfacet
facet normal -0.489165425 0.089417018 -0.867595375
  outer loop
   vertex 40319.4883 33753.8633 29780.3672
   vertex 40325.2344 33941.9727 29796.5156
   vertex 40432.3242 33836.8789 29725.3027
  endloop
 endfacet
facet normal -0.173345 -0.070379898 -0.982343197
  outer loop
   vertex 40594.2266 33755.4648 29668.2402
   vertex 40471.5234 33627.4766 29699.0625
   vertex 40438.0078 33740.8008 29696.8555
  endloop
 endfacet
facet normal -0.480186284 0.258502126 -0.83821106
  outer loop
   vertex 40594.2266 33755.4648 29668.2402
   vertex 40573.5078 33612.3711 29635.9805
   vertex 40471.5234 33627.4766 29699.0625
  endloop
 endfacet
facet normal -0.347370774 -0.231302083 -0.908753514
  outer loop
   vertex 40668.2695 33592.8359 29608.7949
   vertex 40821.6484 33465.6172 29582.5469
   vertex 40616.5703 33496.0039 29653.2031
  endloop
 endfacet
facet normal 0.0101118265 0.439046919 -0.898407221
  outer loop
   vertex 40973.2852 33591.7617 29577.9883
   vertex 40796.7656 33663.5469 29611.082
   vertex 40961.5078 33756.4258 29658.3262
  endloop
 endfacet
facet normal -0.363337994 -0.390482634 -0.845877528
  outer loop
   vertex 40902.6484 33316.7383 29616.4805
   vertex 40746.2812 33373.1641 29657.5996
   vertex 40821.6484 33465.6172 29582.5469
  endloop
 endfacet
facet normal -0.133502752 0.124955855 -0.983139396
  outer loop
   vertex 40973.2852 33591.7617 29577.9883
   vertex 40821.6484 33465.6172 29582.5469
   vertex 40796.7656 33663.5469 29611.082
  endloop
 endfacet
facet normal -0.289512664 0.191599607 -0.937801719
  outer loop
   vertex 41411.0039 33445.5469 29461.0566
   vertex 41292.957 33281.6836 29464.0195
   vertex 41280.5586 33509.6992 29514.4316
  endloop
 endfacet
facet normal -0.0569307208 0.135448158 -0.989147484
  outer loop
   vertex 40668.2695 33592.8359 29608.7949
   vertex 40796.7656 33663.5469 29611.082
   vertex 40821.6484 33465.6172 29582.5469
  endloop
 endfacet
facet normal -0.515847743 -0.567661762 -0.641608298
  outer loop
   vertex 40746.2812 33373.1641 29657.5996
   vertex 40631.793 33381.2539 29742.4902
   vertex 40616.5703 33496.0039 29653.2031
  endloop
 endfacet
facet normal -0.53268528 -0.313480824 -0.786114573
  outer loop
   vertex 40471.5234 33627.4766 29699.0625
   vertex 40573.5078 33612.3711 29635.9805
   vertex 40616.5703 33496.0039 29653.2031
  endloop
 endfacet
facet normal -0.681479692 -0.566146731 -0.463749141
  outer loop
   vertex 40370.2305 33591.7578 29814.1543
   vertex 40492.9336 33480.8867 29769.1914
   vertex 40412.5078 33506.8438 29855.6914
  endloop
 endfacet
facet normal -0.617254913 -0.411082745 -0.670825839
  outer loop
   vertex 40370.2305 33591.7578 29814.1543
   vertex 40471.5234 33627.4766 29699.0625
   vertex 40492.9336 33480.8867 29769.1914
  endloop
 endfacet
facet normal -0.14064455 0.156384006 -0.97763139
  outer loop
   vertex 41043.6172 33387.6289 29538.1387
   vertex 40910.4414 33376.2266 29555.4727
   vertex 40821.6484 33465.6172 29582.5469
  endloop
 endfacet
facet normal -0.146466985 0.140683413 -0.979160666
  outer loop
   vertex 41043.6172 33387.6289 29538.1387
   vertex 40821.6484 33465.6172 29582.5469
   vertex 40973.2852 33591.7617 29577.9883
  endloop
 endfacet
facet normal 0.0202839505 0.779163241 -0.626492798
  outer loop
   vertex 42132.8633 33725.6172 29680.8789
   vertex 42033.1875 33569.6875 29483.7266
   vertex 41959.7305 33629.3242 29555.5156
  endloop
 endfacet
facet normal -0.199590921 0.201176405 -0.959005475
  outer loop
   vertex 41292.957 33281.6836 29464.0195
   vertex 41043.6172 33387.6289 29538.1387
   vertex 41280.5586 33509.6992 29514.4316
  endloop
 endfacet
facet normal -0.665271044 -0.490291506 -0.563052952
  outer loop
   vertex 40902.6484 33316.7383 29616.4805
   vertex 40821.6484 33465.6172 29582.5469
   vertex 40910.4414 33376.2266 29555.4727
  endloop
 endfacet
facet normal -0.194815129 0.191325113 -0.96199882
  outer loop
   vertex 41280.5586 33509.6992 29514.4316
   vertex 41043.6172 33387.6289 29538.1387
   vertex 41136.5898 33575.332 29556.6406
  endloop
 endfacet
facet normal -0.112971231 0.152736753 -0.981788695
  outer loop
   vertex 41043.6172 33387.6289 29538.1387
   vertex 40973.2852 33591.7617 29577.9883
   vertex 41136.5898 33575.332 29556.6406
  endloop
 endfacet
facet normal -0.141437024 0.509529054 -0.848749518
  outer loop
   vertex 41381.3906 33638.3125 29574.8398
   vertex 41280.5586 33509.6992 29514.4316
   vertex 41295.543 33680.9844 29614.7617
  endloop
 endfacet
facet normal -0.0216730554 0.506718814 -0.861838937
  outer loop
   vertex 41280.5586 33509.6992 29514.4316
   vertex 41136.5898 33575.332 29556.6406
   vertex 41295.543 33680.9844 29614.7617
  endloop
 endfacet
facet normal 0.039670743 0.440430373 -0.896909893
  outer loop
   vertex 41135.3633 33736.3555 29656.1582
   vertex 40973.2852 33591.7617 29577.9883
   vertex 40961.5078 33756.4258 29658.3262
  endloop
 endfacet
facet normal -0.051981125 0.457650393 -0.887611449
  outer loop
   vertex 41466.8945 33601.4375 29550.8203
   vertex 41280.5586 33509.6992 29514.4316
   vertex 41381.3906 33638.3125 29574.8398
  endloop
 endfacet
facet normal -0.09089984 0.521215081 -0.848570585
  outer loop
   vertex 41466.8945 33601.4375 29550.8203
   vertex 41411.0039 33445.5469 29461.0566
   vertex 41280.5586 33509.6992 29514.4316
  endloop
 endfacet
facet normal 0.136941433 0.761561573 -0.633459508
  outer loop
   vertex 41366.8828 33869.1875 29801.9648
   vertex 41120.5117 33957.7695 29855.2031
   vertex 41499.5078 34073.2188 30075.9297
  endloop
 endfacet
facet normal -0.0381844938 0.525136292 -0.850161076
  outer loop
   vertex 41295.543 33680.9844 29614.7617
   vertex 41136.5898 33575.332 29556.6406
   vertex 41135.3633 33736.3555 29656.1582
  endloop
 endfacet
facet normal -0.0582539327 0.524516344 -0.849405169
  outer loop
   vertex 40973.2852 33591.7617 29577.9883
   vertex 41135.3633 33736.3555 29656.1582
   vertex 41136.5898 33575.332 29556.6406
  endloop
 endfacet
facet normal 0.0844127461 0.673860788 -0.734020531
  outer loop
   vertex 41381.3906 33638.3125 29574.8398
   vertex 41514.6133 33773.5273 29714.2949
   vertex 41466.8945 33601.4375 29550.8203
  endloop
 endfacet
facet normal -0.232250869 0.512612045 -0.826612592
  outer loop
   vertex 41653.1367 33450.3594 29425.5879
   vertex 41616.3398 33314.5977 29351.7344
   vertex 41487.5195 33333.3945 29399.584
  endloop
 endfacet
facet normal -0.143850818 0.699912965 -0.699591875
  outer loop
   vertex 41965.0195 33385.0859 29313.0566
   vertex 41805.4766 33430.5898 29391.3848
   vertex 42033.1875 33569.6875 29483.7266
  endloop
 endfacet
facet normal -0.340544164 0.150820583 -0.92805326
  outer loop
   vertex 41672.7852 33082.5586 29277.8164
   vertex 41670.3906 33232.8633 29303.1211
   vertex 41799.2734 33215.7461 29253.0469
  endloop
 endfacet
facet normal -0.0973705873 0.460404038 -0.882353187
  outer loop
   vertex 41616.3398 33314.5977 29351.7344
   vertex 41805.4766 33430.5898 29391.3848
   vertex 41670.3906 33232.8633 29303.1211
  endloop
 endfacet
facet normal -0.428165466 0.244850844 -0.869897902
  outer loop
   vertex 41672.7852 33082.5586 29277.8164
   vertex 41799.2734 33215.7461 29253.0469
   vertex 41814.6719 33021.7109 29190.8516
  endloop
 endfacet
facet normal -0.398169458 0.251190186 -0.882249713
  outer loop
   vertex 41814.6719 33021.7109 29190.8516
   vertex 41799.2734 33215.7461 29253.0469
   vertex 41955.0898 33172.293 29170.3535
  endloop
 endfacet
facet normal -0.418758005 0.144273669 -0.896563888
  outer loop
   vertex 41670.3906 33232.8633 29303.1211
   vertex 41672.7852 33082.5586 29277.8164
   vertex 41528.9375 33153.0859 29356.3516
  endloop
 endfacet
facet normal -0.59378612 -0.347189218 -0.725863397
  outer loop
   vertex 41814.6719 33021.7109 29190.8516
   vertex 41724.1484 32932.2031 29307.7148
   vertex 41672.7852 33082.5586 29277.8164
  endloop
 endfacet
facet normal -0.247313485 0.529603302 -0.811391592
  outer loop
   vertex 41799.2734 33215.7461 29253.0469
   vertex 41805.4766 33430.5898 29391.3848
   vertex 41965.0195 33385.0859 29313.0566
  endloop
 endfacet
facet normal -0.245075598 0.529865563 -0.811899245
  outer loop
   vertex 41670.3906 33232.8633 29303.1211
   vertex 41805.4766 33430.5898 29391.3848
   vertex 41799.2734 33215.7461 29253.0469
  endloop
 endfacet
facet normal -0.224058449 0.550004423 -0.804545164
  outer loop
   vertex 41955.0898 33172.293 29170.3535
   vertex 41965.0195 33385.0859 29313.0566
   vertex 42125.5117 33387.8945 29270.2793
  endloop
 endfacet
facet normal -0.269378543 0.545024753 -0.79396677
  outer loop
   vertex 41799.2734 33215.7461 29253.0469
   vertex 41965.0195 33385.0859 29313.0566
   vertex 41955.0898 33172.293 29170.3535
  endloop
 endfacet
facet normal -0.133756012 0.690722823 -0.710641503
  outer loop
   vertex 42033.1875 33569.6875 29483.7266
   vertex 41805.4766 33430.5898 29391.3848
   vertex 41959.7305 33629.3242 29555.5156
  endloop
 endfacet
facet normal 0.20379819 0.872119606 -0.444829941
  outer loop
   vertex 41416.4141 34268.0781 30328.7285
   vertex 41482.3945 34326.9961 30474.4668
   vertex 41527.3008 34261.6875 30366.998
  endloop
 endfacet
facet normal 0.109477155 0.911389828 -0.396715701
  outer loop
   vertex 42342.3594 33818.1406 29868.1211
   vertex 42543.8633 33869.957 30042.7734
   vertex 42451.25 33781.4414 29813.8574
  endloop
 endfacet
facet normal 0.131973669 0.818392336 -0.559300363
  outer loop
   vertex 41882.6641 34057.3633 30150.2051
   vertex 41782.7617 33908.9844 29909.5195
   vertex 41656.8516 33988.0117 29995.4453
  endloop
 endfacet
facet normal 0.12147814 0.827550769 -0.54809016
  outer loop
   vertex 41811.0469 34092.5898 30187.5195
   vertex 41882.6641 34057.3633 30150.2051
   vertex 41656.8516 33988.0117 29995.4453
  endloop
 endfacet
facet normal -0.0122846542 0.805200636 -0.592875183
  outer loop
   vertex 42345.9375 33636.7344 29559.2168
   vertex 42145.1992 33535.2266 29425.5137
   vertex 42237.8164 33686.25 29628.7031
  endloop
 endfacet
facet normal 0.0250868052 0.684840739 -0.728260815
  outer loop
   vertex 41466.8945 33601.4375 29550.8203
   vertex 41514.6133 33773.5273 29714.2949
   vertex 41680.7891 33724.3516 29673.7773
  endloop
 endfacet
facet normal 0.0225916822 0.706877649 -0.706974983
  outer loop
   vertex 41381.3906 33638.3125 29574.8398
   vertex 41295.543 33680.9844 29614.7617
   vertex 41514.6133 33773.5273 29714.2949
  endloop
 endfacet
facet normal 0.0290313642 0.699371099 -0.714168906
  outer loop
   vertex 41366.8828 33869.1875 29801.9648
   vertex 41514.6133 33773.5273 29714.2949
   vertex 41295.543 33680.9844 29614.7617
  endloop
 endfacet
facet normal -0.449140579 0.218281165 -0.866386771
  outer loop
   vertex 41616.3398 33314.5977 29351.7344
   vertex 41670.3906 33232.8633 29303.1211
   vertex 41528.9375 33153.0859 29356.3516
  endloop
 endfacet
facet normal -0.346870154 -0.86601454 0.360138744
  outer loop
   vertex 41647.0312 32947.8047 29791.416
   vertex 41690.3828 33010.6875 29984.3828
   vertex 41487.9727 33007.6367 29782.0957
  endloop
 endfacet
facet normal -0.465335399 -0.876428664 0.123837672
  outer loop
   vertex 41647.0312 32947.8047 29791.416
   vertex 41539.2383 32972.7227 29562.709
   vertex 41708.9141 32899.3398 29680.9473
  endloop
 endfacet
facet normal -0.435479283 -0.897639751 0.067828536
  outer loop
   vertex 41708.9141 32899.3398 29680.9473
   vertex 41539.2383 32972.7227 29562.709
   vertex 41685.582 32895.2266 29476.7168
  endloop
 endfacet
facet normal -0.329322666 -0.873461962 0.358623415
  outer loop
   vertex 41690.3828 33010.6875 29984.3828
   vertex 41647.0312 32947.8047 29791.416
   vertex 41754.7891 32966.0742 29934.8613
  endloop
 endfacet
facet normal -0.288212061 -0.898562491 0.330936939
  outer loop
   vertex 41647.0312 32947.8047 29791.416
   vertex 41774.5078 32934.6992 29866.8438
   vertex 41754.7891 32966.0742 29934.8613
  endloop
 endfacet
facet normal -0.253161728 -0.930071652 0.266225159
  outer loop
   vertex 41774.5078 32934.6992 29866.8438
   vertex 41647.0312 32947.8047 29791.416
   vertex 41708.9141 32899.3398 29680.9473
  endloop
 endfacet
facet normal -0.242074266 -0.933920383 0.263045132
  outer loop
   vertex 41868.4219 32902.5312 29839.0703
   vertex 41774.5078 32934.6992 29866.8438
   vertex 41708.9141 32899.3398 29680.9473
  endloop
 endfacet
facet normal -0.0484465361 -0.912253678 0.406750679
  outer loop
   vertex 41774.5078 32934.6992 29866.8438
   vertex 41952.5547 33041.1055 30126.7012
   vertex 41754.7891 32966.0742 29934.8613
  endloop
 endfacet
facet normal -0.281790435 -0.910497308 0.302636385
  outer loop
   vertex 41868.4219 32902.5312 29839.0703
   vertex 41708.9141 32899.3398 29680.9473
   vertex 41820.7383 32843.0234 29615.6387
  endloop
 endfacet
facet normal -0.291078836 -0.907201529 0.303740859
  outer loop
   vertex 41868.4219 32902.5312 29839.0703
   vertex 41820.7383 32843.0234 29615.6387
   vertex 41980.9219 32849.0586 29787.166
  endloop
 endfacet
facet normal -0.417804539 -0.906137943 0.0659803227
  outer loop
   vertex 41708.9141 32899.3398 29680.9473
   vertex 41685.582 32895.2266 29476.7168
   vertex 41820.7383 32843.0234 29615.6387
  endloop
 endfacet
facet normal -0.494832277 -0.779195786 0.384701073
  outer loop
   vertex 42208.0078 32641.0547 29425.2539
   vertex 42346 32548.1895 29414.6582
   vertex 42359.6602 32620.5254 29578.7422
  endloop
 endfacet
facet normal -0.815605283 -0.501320601 0.288904279
  outer loop
   vertex 42369.3867 32562.8691 29506.1523
   vertex 42359.6602 32620.5254 29578.7422
   vertex 42346 32548.1895 29414.6582
  endloop
 endfacet
facet normal -0.548529148 -0.828199863 0.114894353
  outer loop
   vertex 42208.0078 32641.0547 29425.2539
   vertex 42265.1055 32566.7793 29162.4629
   vertex 42346 32548.1895 29414.6582
  endloop
 endfacet
facet normal -0.528742075 -0.839896202 0.122499652
  outer loop
   vertex 42026.4961 32728.709 29242.7832
   vertex 42265.1055 32566.7793 29162.4629
   vertex 42208.0078 32641.0547 29425.2539
  endloop
 endfacet
facet normal -0.60436362 -0.745398283 -0.281293571
  outer loop
   vertex 41724.1484 32932.2031 29307.7148
   vertex 41858.8555 32853.8828 29225.8359
   vertex 41820.7227 32819.1914 29399.6973
  endloop
 endfacet
facet normal -0.481759578 -0.835795879 -0.263349533
  outer loop
   vertex 41539.2383 32972.7227 29562.709
   vertex 41497.4609 33040.3672 29424.4473
   vertex 41592.7188 32998.8242 29382.0312
  endloop
 endfacet
facet normal -0.572801113 -0.770095289 -0.280806214
  outer loop
   vertex 41539.2383 32972.7227 29562.709
   vertex 41592.7188 32998.8242 29382.0312
   vertex 41685.582 32895.2266 29476.7168
  endloop
 endfacet
facet normal -0.444856554 -0.890191793 0.0982915834
  outer loop
   vertex 41685.582 32895.2266 29476.7168
   vertex 41820.7227 32819.1914 29399.6973
   vertex 41820.7383 32843.0234 29615.6387
  endloop
 endfacet
facet normal -0.77333647 -0.567410588 -0.282835484
  outer loop
   vertex 41890.6641 32773.2969 29300.5273
   vertex 41820.7227 32819.1914 29399.6973
   vertex 41858.8555 32853.8828 29225.8359
  endloop
 endfacet
facet normal -0.508052647 -0.860403657 0.0398510471
  outer loop
   vertex 41933.75 32752.1191 29392.5645
   vertex 41820.7227 32819.1914 29399.6973
   vertex 41890.6641 32773.2969 29300.5273
  endloop
 endfacet
facet normal -0.491658747 -0.849086404 0.193194136
  outer loop
   vertex 41946.0312 32785.5234 29570.627
   vertex 41820.7227 32819.1914 29399.6973
   vertex 41933.75 32752.1191 29392.5645
  endloop
 endfacet
facet normal -0.327923864 -0.924151659 0.195983708
  outer loop
   vertex 42072.25 32727.5 29508.2188
   vertex 41946.0312 32785.5234 29570.627
   vertex 41933.75 32752.1191 29392.5645
  endloop
 endfacet
facet normal -0.502293527 -0.340031862 -0.795034289
  outer loop
   vertex 41497.4609 33040.3672 29424.4473
   vertex 41528.9375 33153.0859 29356.3516
   vertex 41592.7188 32998.8242 29382.0312
  endloop
 endfacet
facet normal -0.478011727 -0.104286082 -0.872140586
  outer loop
   vertex 42049.6289 32987.3203 29063.416
   vertex 42063.1172 32802.9023 29078.0762
   vertex 41960.0977 32850.7852 29128.8125
  endloop
 endfacet
facet normal -0.55999738 -0.773426771 -0.297008306
  outer loop
   vertex 41685.582 32895.2266 29476.7168
   vertex 41592.7188 32998.8242 29382.0312
   vertex 41724.1484 32932.2031 29307.7148
  endloop
 endfacet
facet normal -0.591621816 -0.748786747 -0.298834354
  outer loop
   vertex 41820.7227 32819.1914 29399.6973
   vertex 41685.582 32895.2266 29476.7168
   vertex 41724.1484 32932.2031 29307.7148
  endloop
 endfacet
facet normal -0.620066226 -0.464565396 -0.632215858
  outer loop
   vertex 41960.0977 32850.7852 29128.8125
   vertex 41858.8555 32853.8828 29225.8359
   vertex 41899.7344 32936.918 29124.7266
  endloop
 endfacet
facet normal -0.619569957 -0.313155413 -0.719768524
  outer loop
   vertex 41814.6719 33021.7109 29190.8516
   vertex 41858.8555 32853.8828 29225.8359
   vertex 41724.1484 32932.2031 29307.7148
  endloop
 endfacet
facet normal -0.758886576 -0.318232208 -0.568171978
  outer loop
   vertex 41858.8555 32853.8828 29225.8359
   vertex 41814.6719 33021.7109 29190.8516
   vertex 41899.7344 32936.918 29124.7266
  endloop
 endfacet
facet normal -0.620205998 -0.0105005046 -0.784368694
  outer loop
   vertex 41910.5742 33021.1523 29115.0293
   vertex 41899.7344 32936.918 29124.7266
   vertex 41814.6719 33021.7109 29190.8516
  endloop
 endfacet
facet normal -0.559818923 0.425213158 -0.71119374
  outer loop
   vertex 41955.0898 33172.293 29170.3535
   vertex 41910.5742 33021.1523 29115.0293
   vertex 41814.6719 33021.7109 29190.8516
  endloop
 endfacet
facet normal -0.576924562 -0.360547513 -0.732914388
  outer loop
   vertex 41592.7188 32998.8242 29382.0312
   vertex 41528.9375 33153.0859 29356.3516
   vertex 41672.7852 33082.5586 29277.8164
  endloop
 endfacet
facet normal -0.0526837222 0.688189566 -0.723615646
  outer loop
   vertex 42297.457 33504.9297 29369.0703
   vertex 42125.5117 33387.8945 29270.2793
   vertex 42218.0977 33520.5039 29389.6582
  endloop
 endfacet
facet normal -0.156153992 0.760955513 -0.629732251
  outer loop
   vertex 42297.457 33504.9297 29369.0703
   vertex 42254.5 33374.0273 29221.5391
   vertex 42125.5117 33387.8945 29270.2793
  endloop
 endfacet
facet normal -0.293542594 -0.249518514 -0.922807276
  outer loop
   vertex 41899.7344 32936.918 29124.7266
   vertex 42049.6289 32987.3203 29063.416
   vertex 41960.0977 32850.7852 29128.8125
  endloop
 endfacet
facet normal -0.360290736 -0.0608053207 -0.930856228
  outer loop
   vertex 41899.7344 32936.918 29124.7266
   vertex 41910.5742 33021.1523 29115.0293
   vertex 42049.6289 32987.3203 29063.416
  endloop
 endfacet
facet normal -0.439378589 0.387590706 -0.810382545
  outer loop
   vertex 42130.5664 33218.5469 29130.123
   vertex 42201.8789 33129.4922 29048.8652
   vertex 42049.6289 32987.3203 29063.416
  endloop
 endfacet
facet normal -0.233953804 0.39422214 -0.888737619
  outer loop
   vertex 41910.5742 33021.1523 29115.0293
   vertex 41955.0898 33172.293 29170.3535
   vertex 42049.6289 32987.3203 29063.416
  endloop
 endfacet
facet normal -0.297491163 0.359315187 -0.884529054
  outer loop
   vertex 42130.5664 33218.5469 29130.123
   vertex 42049.6289 32987.3203 29063.416
   vertex 41955.0898 33172.293 29170.3535
  endloop
 endfacet
facet normal -0.547815919 -0.710418582 -0.441817999
  outer loop
   vertex 41960.0977 32850.7852 29128.8125
   vertex 42063.1172 32802.9023 29078.0762
   vertex 42026.4961 32728.709 29242.7832
  endloop
 endfacet
facet normal -0.199040979 -0.979536355 0.029854307
  outer loop
   vertex 41933.75 32752.1191 29392.5645
   vertex 42026.4961 32728.709 29242.7832
   vertex 42072.25 32727.5 29508.2188
  endloop
 endfacet
facet normal -0.334250063 -0.940575361 -0.0599574633
  outer loop
   vertex 41933.75 32752.1191 29392.5645
   vertex 41890.6641 32773.2969 29300.5273
   vertex 42026.4961 32728.709 29242.7832
  endloop
 endfacet
facet normal -0.499120921 -0.862633109 0.0821123049
  outer loop
   vertex 42208.0078 32641.0547 29425.2539
   vertex 42072.25 32727.5 29508.2188
   vertex 42026.4961 32728.709 29242.7832
  endloop
 endfacet
facet normal -0.218794465 0.618254066 -0.754911184
  outer loop
   vertex 42130.5664 33218.5469 29130.123
   vertex 42125.5117 33387.8945 29270.2793
   vertex 42254.5 33374.0273 29221.5391
  endloop
 endfacet
facet normal -0.465415448 -0.865380883 0.185753584
  outer loop
   vertex 42596.168 32350.2734 29218.2324
   vertex 42422.8477 32424.3867 29129.2441
   vertex 42519.6836 32345.9863 29006.625
  endloop
 endfacet
facet normal -0.628867924 -0.746979117 0.215748295
  outer loop
   vertex 42265.1055 32566.7793 29162.4629
   vertex 42422.8477 32424.3867 29129.2441
   vertex 42431.375 32466.9844 29301.5879
  endloop
 endfacet
facet normal -0.673347473 -0.738673449 -0.0310603417
  outer loop
   vertex 42265.1055 32566.7793 29162.4629
   vertex 42393.4805 32456.2285 29008.5918
   vertex 42422.8477 32424.3867 29129.2441
  endloop
 endfacet
facet normal -0.535205722 -0.806978762 0.249680072
  outer loop
   vertex 40250.2344 33741.8164 30404.9473
   vertex 40289.3203 33647.2891 30183.2168
   vertex 40424.9961 33620.6367 30387.9043
  endloop
 endfacet
facet normal -0.587798595 -0.798546731 0.129676253
  outer loop
   vertex 42265.1055 32566.7793 29162.4629
   vertex 42431.375 32466.9844 29301.5879
   vertex 42346 32548.1895 29414.6582
  endloop
 endfacet
facet normal -0.45015797 -0.850792527 0.271127015
  outer loop
   vertex 42444.5625 32502.0898 29433.6445
   vertex 42346 32548.1895 29414.6582
   vertex 42431.375 32466.9844 29301.5879
  endloop
 endfacet
facet normal -0.360233545 0.0672423095 -0.930435538
  outer loop
   vertex 42817.7891 32449.3965 28675.6094
   vertex 42643.4961 32430.2539 28741.707
   vertex 42686.6445 32586.0469 28736.2617
  endloop
 endfacet
facet normal -0.610021472 -0.740868092 -0.281048566
  outer loop
   vertex 42226.5039 32652.3516 29020.6758
   vertex 42265.1055 32566.7793 29162.4629
   vertex 42143.2695 32699.0547 29078.2227
  endloop
 endfacet
facet normal -0.721251011 -0.557271898 -0.41139394
  outer loop
   vertex 42026.4961 32728.709 29242.7832
   vertex 42063.1172 32802.9023 29078.0762
   vertex 42143.2695 32699.0547 29078.2227
  endloop
 endfacet
facet normal -0.638566732 -0.235130474 -0.732766151
  outer loop
   vertex 42226.5039 32652.3516 29020.6758
   vertex 42143.2695 32699.0547 29078.2227
   vertex 42234.4492 32801.3594 28965.9375
  endloop
 endfacet
facet normal -0.545221567 -0.105975762 -0.831566334
  outer loop
   vertex 42063.1172 32802.9023 29078.0762
   vertex 42049.6289 32987.3203 29063.416
   vertex 42234.4492 32801.3594 28965.9375
  endloop
 endfacet
facet normal -0.506306171 -0.391871303 -0.768173754
  outer loop
   vertex 42143.2695 32699.0547 29078.2227
   vertex 42063.1172 32802.9023 29078.0762
   vertex 42234.4492 32801.3594 28965.9375
  endloop
 endfacet
facet normal -0.623665333 -0.240025416 -0.743928313
  outer loop
   vertex 42345.8828 32587.0156 28941.6738
   vertex 42226.5039 32652.3516 29020.6758
   vertex 42234.4492 32801.3594 28965.9375
  endloop
 endfacet
facet normal -0.577970147 -0.211252093 -0.788240492
  outer loop
   vertex 42406.293 32708.9316 28864.7051
   vertex 42345.8828 32587.0156 28941.6738
   vertex 42234.4492 32801.3594 28965.9375
  endloop
 endfacet
facet normal -0.139235318 0.546750188 -0.825637758
  outer loop
   vertex 42289.9844 33275.4102 29130.6367
   vertex 42376.1719 33170.082 29046.3516
   vertex 42201.8789 33129.4922 29048.8652
  endloop
 endfacet
facet normal -0.396149963 0.336815119 -0.854178429
  outer loop
   vertex 42049.6289 32987.3203 29063.416
   vertex 42201.8789 33129.4922 29048.8652
   vertex 42245.0898 33012.6211 28982.7422
  endloop
 endfacet
facet normal -0.180694044 0.724725068 -0.664923489
  outer loop
   vertex 42125.5117 33387.8945 29270.2793
   vertex 42145.1992 33535.2266 29425.5137
   vertex 42218.0977 33520.5039 29389.6582
  endloop
 endfacet
facet normal -0.147558317 0.700252891 -0.698478639
  outer loop
   vertex 42033.1875 33569.6875 29483.7266
   vertex 42145.1992 33535.2266 29425.5137
   vertex 41965.0195 33385.0859 29313.0566
  endloop
 endfacet
facet normal -0.189427868 0.7240749 -0.663198769
  outer loop
   vertex 42125.5117 33387.8945 29270.2793
   vertex 41965.0195 33385.0859 29313.0566
   vertex 42145.1992 33535.2266 29425.5137
  endloop
 endfacet
facet normal -0.390091568 0.0925196558 -0.916116118
  outer loop
   vertex 42234.4492 32801.3594 28965.9375
   vertex 42049.6289 32987.3203 29063.416
   vertex 42245.0898 33012.6211 28982.7422
  endloop
 endfacet
facet normal -0.0732120201 0.698495626 -0.711859405
  outer loop
   vertex 42376.1719 33170.082 29046.3516
   vertex 42505.8125 33383.9688 29242.8926
   vertex 42584.4336 33258.8945 29112.0801
  endloop
 endfacet
facet normal 0.0627899319 0.654377282 -0.753556788
  outer loop
   vertex 42289.9844 33275.4102 29130.6367
   vertex 42505.8125 33383.9688 29242.8926
   vertex 42376.1719 33170.082 29046.3516
  endloop
 endfacet
facet normal -0.331986368 0.577633023 -0.745738029
  outer loop
   vertex 42360.0234 33053.4531 28963.2031
   vertex 42245.0898 33012.6211 28982.7422
   vertex 42376.1719 33170.082 29046.3516
  endloop
 endfacet
facet normal -0.200078756 0.568135679 -0.798242033
  outer loop
   vertex 42201.8789 33129.4922 29048.8652
   vertex 42130.5664 33218.5469 29130.123
   vertex 42289.9844 33275.4102 29130.6367
  endloop
 endfacet
facet normal -0.217968896 0.617904544 -0.755436003
  outer loop
   vertex 42254.5 33374.0273 29221.5391
   vertex 42289.9844 33275.4102 29130.6367
   vertex 42130.5664 33218.5469 29130.123
  endloop
 endfacet
facet normal -0.10391628 0.653617144 -0.749657273
  outer loop
   vertex 42254.5 33374.0273 29221.5391
   vertex 42352.0859 33378.4648 29211.8809
   vertex 42289.9844 33275.4102 29130.6367
  endloop
 endfacet
facet normal -0.118762113 0.455325305 -0.882368624
  outer loop
   vertex 42245.0898 33012.6211 28982.7422
   vertex 42201.8789 33129.4922 29048.8652
   vertex 42376.1719 33170.082 29046.3516
  endloop
 endfacet
facet normal 0.0395017751 0.285715401 -0.957500041
  outer loop
   vertex 42360.0234 33053.4531 28963.2031
   vertex 42533.2734 33081.0352 28978.582
   vertex 42346.5859 32959.5117 28934.6172
  endloop
 endfacet
facet normal -0.0838687345 0.850271642 -0.519619286
  outer loop
   vertex 42218.0977 33520.5039 29389.6582
   vertex 42145.1992 33535.2266 29425.5137
   vertex 42345.9375 33636.7344 29559.2168
  endloop
 endfacet
facet normal 0.106252186 0.744687557 -0.658901274
  outer loop
   vertex 42407.9766 33473.4805 29328.2793
   vertex 42505.8125 33383.9688 29242.8926
   vertex 42352.0859 33378.4648 29211.8809
  endloop
 endfacet
facet normal -0.0515506305 0.408825785 -0.911155343
  outer loop
   vertex 42438.8398 32867.9961 28888.3359
   vertex 42346.5859 32959.5117 28934.6172
   vertex 42533.2734 33081.0352 28978.582
  endloop
 endfacet
facet normal -0.386686951 0.092463322 -0.917564034
  outer loop
   vertex 42245.0898 33012.6211 28982.7422
   vertex 42346.5859 32959.5117 28934.6172
   vertex 42234.4492 32801.3594 28965.9375
  endloop
 endfacet
facet normal -0.266833812 0.315294683 -0.910707951
  outer loop
   vertex 42245.0898 33012.6211 28982.7422
   vertex 42360.0234 33053.4531 28963.2031
   vertex 42346.5859 32959.5117 28934.6172
  endloop
 endfacet
facet normal 0.144986227 0.557206213 -0.817618668
  outer loop
   vertex 42289.9844 33275.4102 29130.6367
   vertex 42352.0859 33378.4648 29211.8809
   vertex 42505.8125 33383.9688 29242.8926
  endloop
 endfacet
facet normal -0.309924155 0.201454952 -0.929173231
  outer loop
   vertex 42586.293 32749.2227 28813.4004
   vertex 42406.293 32708.9316 28864.7051
   vertex 42438.8398 32867.9961 28888.3359
  endloop
 endfacet
facet normal -0.377852947 0.0853361115 -0.921924591
  outer loop
   vertex 42234.4492 32801.3594 28965.9375
   vertex 42346.5859 32959.5117 28934.6172
   vertex 42438.8398 32867.9961 28888.3359
  endloop
 endfacet
facet normal -0.407171607 0.215181649 -0.887641907
  outer loop
   vertex 42406.293 32708.9316 28864.7051
   vertex 42234.4492 32801.3594 28965.9375
   vertex 42438.8398 32867.9961 28888.3359
  endloop
 endfacet
facet normal -0.0205651391 0.582275748 -0.812731206
  outer loop
   vertex 42376.1719 33170.082 29046.3516
   vertex 42533.2734 33081.0352 28978.582
   vertex 42360.0234 33053.4531 28963.2031
  endloop
 endfacet
facet normal 0.123594023 0.43998912 -0.889457166
  outer loop
   vertex 42717.1484 33187.082 29056.5898
   vertex 42533.2734 33081.0352 28978.582
   vertex 42653.9727 33216.1758 29062.2031
  endloop
 endfacet
facet normal -0.140144169 0.438233286 -0.887868941
  outer loop
   vertex 42533.2734 33081.0352 28978.582
   vertex 42614.7617 32931.2344 28891.7812
   vertex 42438.8398 32867.9961 28888.3359
  endloop
 endfacet
facet normal -0.00408963952 0.601047575 -0.79920274
  outer loop
   vertex 42533.2734 33081.0352 28978.582
   vertex 42376.1719 33170.082 29046.3516
   vertex 42584.4336 33258.8945 29112.0801
  endloop
 endfacet
facet normal -0.129404947 0.409193784 -0.903224647
  outer loop
   vertex 42586.293 32749.2227 28813.4004
   vertex 42438.8398 32867.9961 28888.3359
   vertex 42614.7617 32931.2344 28891.7812
  endloop
 endfacet
facet normal -0.166541293 0.622111142 -0.765010893
  outer loop
   vertex 42653.9727 33216.1758 29062.2031
   vertex 42533.2734 33081.0352 28978.582
   vertex 42584.4336 33258.8945 29112.0801
  endloop
 endfacet
facet normal 0.0402613468 0.492907196 -0.869149864
  outer loop
   vertex 42879.3594 32619.6602 28719.8691
   vertex 42946.6758 32799.1562 28824.7832
   vertex 43102.9102 32686.0605 28767.8809
  endloop
 endfacet
facet normal 0.04936276 0.470749706 -0.880884826
  outer loop
   vertex 43023.9023 32490.793 28659.1016
   vertex 42879.3594 32619.6602 28719.8691
   vertex 43102.9102 32686.0605 28767.8809
  endloop
 endfacet
facet normal -0.131766543 0.293750167 -0.94675678
  outer loop
   vertex 42817.7891 32449.3965 28675.6094
   vertex 42686.6445 32586.0469 28736.2617
   vertex 42879.3594 32619.6602 28719.8691
  endloop
 endfacet
facet normal -0.566032052 -0.768554866 -0.298213184
  outer loop
   vertex 42848.9297 32143.3379 28727.2617
   vertex 42760.1875 32159.2637 28854.6523
   vertex 42716.6484 32224.4062 28769.4062
  endloop
 endfacet
facet normal -0.738532543 -0.50011605 -0.452165455
  outer loop
   vertex 42345.8828 32587.0156 28941.6738
   vertex 42508.543 32416.0547 28865.0879
   vertex 42393.4805 32456.2285 29008.5918
  endloop
 endfacet
facet normal -0.717956245 -0.568288445 -0.40197894
  outer loop
   vertex 42639.5156 32315.9434 28772.6953
   vertex 42621.4414 32270.873 28868.6953
   vertex 42508.543 32416.0547 28865.0879
  endloop
 endfacet
facet normal -0.653958619 -0.176647708 -0.735617936
  outer loop
   vertex 42643.4961 32430.2539 28741.707
   vertex 42639.5156 32315.9434 28772.6953
   vertex 42508.543 32416.0547 28865.0879
  endloop
 endfacet
facet normal -0.618969023 -0.176475078 -0.76533252
  outer loop
   vertex 42406.293 32708.9316 28864.7051
   vertex 42513.1211 32572.5918 28809.7441
   vertex 42345.8828 32587.0156 28941.6738
  endloop
 endfacet
facet normal -0.300954342 0.144188762 -0.942674935
  outer loop
   vertex 42406.293 32708.9316 28864.7051
   vertex 42586.293 32749.2227 28813.4004
   vertex 42513.1211 32572.5918 28809.7441
  endloop
 endfacet
facet normal -0.613171101 -0.247315943 -0.750237286
  outer loop
   vertex 42508.543 32416.0547 28865.0879
   vertex 42345.8828 32587.0156 28941.6738
   vertex 42513.1211 32572.5918 28809.7441
  endloop
 endfacet
facet normal -0.395375371 0.182426184 -0.900221646
  outer loop
   vertex 42586.293 32749.2227 28813.4004
   vertex 42686.6445 32586.0469 28736.2617
   vertex 42513.1211 32572.5918 28809.7441
  endloop
 endfacet
facet normal -0.641386509 -0.238997832 -0.729042828
  outer loop
   vertex 42643.4961 32430.2539 28741.707
   vertex 42508.543 32416.0547 28865.0879
   vertex 42513.1211 32572.5918 28809.7441
  endloop
 endfacet
facet normal -0.393859148 0.0770622194 -0.915934682
  outer loop
   vertex 42686.6445 32586.0469 28736.2617
   vertex 42643.4961 32430.2539 28741.707
   vertex 42513.1211 32572.5918 28809.7441
  endloop
 endfacet
facet normal -0.171788454 0.332706422 -0.927251399
  outer loop
   vertex 42586.293 32749.2227 28813.4004
   vertex 42763.1406 32724.1484 28771.6406
   vertex 42686.6445 32586.0469 28736.2617
  endloop
 endfacet
facet normal -0.65773356 -0.752268732 -0.0384488739
  outer loop
   vertex 42422.8477 32424.3867 29129.2441
   vertex 42393.4805 32456.2285 29008.5918
   vertex 42519.6836 32345.9863 29006.625
  endloop
 endfacet
facet normal -0.480946213 -0.845297813 0.232728094
  outer loop
   vertex 42431.375 32466.9844 29301.5879
   vertex 42422.8477 32424.3867 29129.2441
   vertex 42596.168 32350.2734 29218.2324
  endloop
 endfacet
facet normal -0.376452923 -0.828142166 0.415287524
  outer loop
   vertex 42612.0156 32484.3125 29499.8965
   vertex 42431.375 32466.9844 29301.5879
   vertex 42596.168 32350.2734 29218.2324
  endloop
 endfacet
facet normal -0.582363367 -0.780792117 0.226310819
  outer loop
   vertex 42519.6836 32345.9863 29006.625
   vertex 42677.957 32229.8926 29013.377
   vertex 42596.168 32350.2734 29218.2324
  endloop
 endfacet
facet normal -0.382244319 -0.91795361 0.106068097
  outer loop
   vertex 43811.6172 31655.3887 28673.9961
   vertex 43919.1836 31626.6797 28813.1719
   vertex 43843.6602 31662.5781 28851.6875
  endloop
 endfacet
facet normal -0.270329624 -0.848080635 0.455720454
  outer loop
   vertex 42444.5625 32502.0898 29433.6445
   vertex 42612.0156 32484.3125 29499.8965
   vertex 42453.3242 32559.7812 29546.2031
  endloop
 endfacet
facet normal -0.206870675 -0.940200746 0.270605117
  outer loop
   vertex 42444.5625 32502.0898 29433.6445
   vertex 42431.375 32466.9844 29301.5879
   vertex 42612.0156 32484.3125 29499.8965
  endloop
 endfacet
facet normal -0.145522758 -0.799456894 0.582830846
  outer loop
   vertex 42454.6289 32726.5859 29789.8672
   vertex 42658.832 32776.1172 29908.7969
   vertex 42556.1602 32832.8438 29960.9707
  endloop
 endfacet
facet normal -0.164236069 -0.778230965 0.606121302
  outer loop
   vertex 42454.6289 32726.5859 29789.8672
   vertex 42501.7422 32651.9551 29706.8125
   vertex 42658.832 32776.1172 29908.7969
  endloop
 endfacet
facet normal -0.286111206 -0.798412263 0.529790759
  outer loop
   vertex 42273.7656 32728.0508 29694.4004
   vertex 42359.6602 32620.5254 29578.7422
   vertex 42454.6289 32726.5859 29789.8672
  endloop
 endfacet
facet normal -0.247768328 0.769426525 -0.58872211
  outer loop
   vertex 44486.7305 32356.5234 28522.2949
   vertex 44301.9609 32264.291 28479.5137
   vertex 44452.6914 32448.1074 28656.3145
  endloop
 endfacet
facet normal -0.194385171 0.705520988 -0.681509078
  outer loop
   vertex 44486.7305 32356.5234 28522.2949
   vertex 44461.8281 32200.0293 28367.3887
   vertex 44301.9609 32264.291 28479.5137
  endloop
 endfacet
facet normal 0.0970868468 0.770220518 -0.630344748
  outer loop
   vertex 42738.3594 33528.4062 29455.1992
   vertex 42505.8125 33383.9688 29242.8926
   vertex 42602.0664 33562.8594 29476.3066
  endloop
 endfacet
facet normal 0.137137502 0.758092165 -0.637565315
  outer loop
   vertex 42407.9766 33473.4805 29328.2793
   vertex 42602.0664 33562.8594 29476.3066
   vertex 42505.8125 33383.9688 29242.8926
  endloop
 endfacet
facet normal 0.0654084682 0.813948631 -0.577242851
  outer loop
   vertex 42407.9766 33473.4805 29328.2793
   vertex 42490.5 33613.1016 29534.5078
   vertex 42602.0664 33562.8594 29476.3066
  endloop
 endfacet
facet normal 0.0248946771 0.823158145 -0.567266166
  outer loop
   vertex 42407.9766 33473.4805 29328.2793
   vertex 42297.457 33504.9297 29369.0703
   vertex 42490.5 33613.1016 29534.5078
  endloop
 endfacet
facet normal 0.0605210178 0.874101818 -0.481957704
  outer loop
   vertex 42345.9375 33636.7344 29559.2168
   vertex 42617.1719 33762.6797 29821.6934
   vertex 42490.5 33613.1016 29534.5078
  endloop
 endfacet
facet normal 0.0689576566 0.872017384 -0.484593213
  outer loop
   vertex 42700.25 33691.0859 29704.6875
   vertex 42490.5 33613.1016 29534.5078
   vertex 42617.1719 33762.6797 29821.6934
  endloop
 endfacet
facet normal 0.10879799 0.84609139 -0.521816432
  outer loop
   vertex 42700.25 33691.0859 29704.6875
   vertex 42602.0664 33562.8594 29476.3066
   vertex 42490.5 33613.1016 29534.5078
  endloop
 endfacet
facet normal 0.0352365561 0.817121923 -0.575386941
  outer loop
   vertex 42297.457 33504.9297 29369.0703
   vertex 42345.9375 33636.7344 29559.2168
   vertex 42490.5 33613.1016 29534.5078
  endloop
 endfacet
facet normal 0.0126214651 0.820286036 -0.571814299
  outer loop
   vertex 42297.457 33504.9297 29369.0703
   vertex 42218.0977 33520.5039 29389.6582
   vertex 42345.9375 33636.7344 29559.2168
  endloop
 endfacet
facet normal 0.113086715 0.824129283 -0.554997563
  outer loop
   vertex 41782.7617 33908.9844 29909.5195
   vertex 41882.6641 34057.3633 30150.2051
   vertex 42018.4062 34013.8906 30113.3125
  endloop
 endfacet
facet normal -0.0634617805 0.7957654 -0.602270722
  outer loop
   vertex 41959.7305 33629.3242 29555.5156
   vertex 41829.0977 33652.3906 29599.7578
   vertex 42029.7812 33743.8477 29699.4551
  endloop
 endfacet
facet normal -0.0971541405 0.823099315 -0.559525311
  outer loop
   vertex 42028.918 33817.6641 29808.1953
   vertex 42029.7812 33743.8477 29699.4551
   vertex 41829.0977 33652.3906 29599.7578
  endloop
 endfacet
facet normal -0.25188005 -0.908010244 0.334774256
  outer loop
   vertex 42072.25 32727.5 29508.2188
   vertex 42135.4609 32807.4062 29772.5078
   vertex 41946.0312 32785.5234 29570.627
  endloop
 endfacet
facet normal -0.195565671 -0.878787756 0.435300052
  outer loop
   vertex 42135.4609 32807.4062 29772.5078
   vertex 42142.2773 32899.2617 29961.0117
   vertex 41980.9219 32849.0586 29787.166
  endloop
 endfacet
facet normal -0.106266767 -0.8923406 0.438674897
  outer loop
   vertex 42135.4609 32807.4062 29772.5078
   vertex 42266.9883 32897.0898 29986.8047
   vertex 42142.2773 32899.2617 29961.0117
  endloop
 endfacet
facet normal -0.220388442 -0.925789714 0.307151973
  outer loop
   vertex 41946.0312 32785.5234 29570.627
   vertex 42135.4609 32807.4062 29772.5078
   vertex 41980.9219 32849.0586 29787.166
  endloop
 endfacet
facet normal -0.332687497 -0.870514631 0.362661481
  outer loop
   vertex 42273.7656 32728.0508 29694.4004
   vertex 42072.25 32727.5 29508.2188
   vertex 42208.0078 32641.0547 29425.2539
  endloop
 endfacet
facet normal -0.316478133 -0.778409421 0.542144179
  outer loop
   vertex 42453.3242 32559.7812 29546.2031
   vertex 42501.7422 32651.9551 29706.8125
   vertex 42359.6602 32620.5254 29578.7422
  endloop
 endfacet
facet normal -0.29944846 -0.76626128 0.568484187
  outer loop
   vertex 42369.3867 32562.8691 29506.1523
   vertex 42453.3242 32559.7812 29546.2031
   vertex 42359.6602 32620.5254 29578.7422
  endloop
 endfacet
facet normal -0.125753418 -0.974001646 0.188432753
  outer loop
   vertex 42346 32548.1895 29414.6582
   vertex 42453.3242 32559.7812 29546.2031
   vertex 42369.3867 32562.8691 29506.1523
  endloop
 endfacet
facet normal -0.448878884 -0.780559421 0.435011178
  outer loop
   vertex 42444.5625 32502.0898 29433.6445
   vertex 42453.3242 32559.7812 29546.2031
   vertex 42346 32548.1895 29414.6582
  endloop
 endfacet
facet normal -0.30692035 -0.787898123 0.533869267
  outer loop
   vertex 42501.7422 32651.9551 29706.8125
   vertex 42454.6289 32726.5859 29789.8672
   vertex 42359.6602 32620.5254 29578.7422
  endloop
 endfacet
facet normal -0.283832252 -0.802107692 0.525416553
  outer loop
   vertex 42454.6289 32726.5859 29789.8672
   vertex 42423.1914 32800.8164 29886.207
   vertex 42273.7656 32728.0508 29694.4004
  endloop
 endfacet
facet normal -0.229033411 -0.837485254 0.496147275
  outer loop
   vertex 42337.6758 32844.5938 29920.623
   vertex 42273.7656 32728.0508 29694.4004
   vertex 42423.1914 32800.8164 29886.207
  endloop
 endfacet
facet normal -0.191206545 -0.858134568 0.476492465
  outer loop
   vertex 42337.6758 32844.5938 29920.623
   vertex 42266.9883 32897.0898 29986.8047
   vertex 42135.4609 32807.4062 29772.5078
  endloop
 endfacet
facet normal -0.314323545 -0.885251105 0.342828274
  outer loop
   vertex 42072.25 32727.5 29508.2188
   vertex 42273.7656 32728.0508 29694.4004
   vertex 42135.4609 32807.4062 29772.5078
  endloop
 endfacet
facet normal -0.206101552 -0.844961345 0.493520498
  outer loop
   vertex 42273.7656 32728.0508 29694.4004
   vertex 42337.6758 32844.5938 29920.623
   vertex 42135.4609 32807.4062 29772.5078
  endloop
 endfacet
facet normal -0.157648996 -0.882156551 0.443786681
  outer loop
   vertex 41239.8008 33512.7344 30873.7051
   vertex 41184.8047 33372.4414 30575.2949
   vertex 41439.9297 33369.4844 30660.0488
  endloop
 endfacet
facet normal -0.262197435 -0.937181711 0.23009336
  outer loop
   vertex 41237.8516 33148.0156 30083.7578
   vertex 41223.1094 33100.7852 29874.584
   vertex 41367.9375 33100.7344 30039.4082
  endloop
 endfacet
facet normal -0.190580577 -0.881739616 0.431525558
  outer loop
   vertex 42041.5117 32937.5547 29994.752
   vertex 41980.9219 32849.0586 29787.166
   vertex 42142.2773 32899.2617 29961.0117
  endloop
 endfacet
facet normal -0.214692816 -0.874271989 0.435379773
  outer loop
   vertex 42041.5117 32937.5547 29994.752
   vertex 41868.4219 32902.5312 29839.0703
   vertex 41980.9219 32849.0586 29787.166
  endloop
 endfacet
facet normal -0.158283159 -0.853687346 0.49614951
  outer loop
   vertex 42142.2773 32899.2617 29961.0117
   vertex 42164.457 32961.5352 30075.2344
   vertex 42041.5117 32937.5547 29994.752
  endloop
 endfacet
facet normal 0.0549338907 -0.846167088 0.530078769
  outer loop
   vertex 41776.7695 33304.0156 30552.3945
   vertex 41883.6953 33471.4844 30808.6504
   vertex 41655.3984 33345.0117 30630.418
  endloop
 endfacet
facet normal -0.262383431 -0.837089419 0.480037779
  outer loop
   vertex 41868.4219 32902.5312 29839.0703
   vertex 42041.5117 32937.5547 29994.752
   vertex 41952.5547 33041.1055 30126.7012
  endloop
 endfacet
facet normal -0.160188466 -0.870128751 0.466063917
  outer loop
   vertex 41774.5078 32934.6992 29866.8438
   vertex 41868.4219 32902.5312 29839.0703
   vertex 41952.5547 33041.1055 30126.7012
  endloop
 endfacet
facet normal -0.13584587 -0.88767606 0.43997398
  outer loop
   vertex 41690.3828 33010.6875 29984.3828
   vertex 41952.5547 33041.1055 30126.7012
   vertex 41803.4297 33118.7148 30237.2402
  endloop
 endfacet
facet normal -0.182989076 -0.83684361 0.515953243
  outer loop
   vertex 41690.3828 33010.6875 29984.3828
   vertex 41754.7891 32966.0742 29934.8613
   vertex 41952.5547 33041.1055 30126.7012
  endloop
 endfacet
facet normal -0.175580621 -0.945276916 0.27499631
  outer loop
   vertex 41372.8203 33056.1914 29875.4648
   vertex 41487.9727 33007.6367 29782.0957
   vertex 41552.332 33081.3828 30076.6797
  endloop
 endfacet
facet normal -0.186427027 -0.894349933 0.406673342
  outer loop
   vertex 41488.5195 33209.0547 30332.9004
   vertex 41237.8516 33148.0156 30083.7578
   vertex 41367.9375 33100.7344 30039.4082
  endloop
 endfacet
facet normal 0.342083991 -0.886084437 0.312782496
  outer loop
   vertex 42250.0273 33281.6328 30531.1172
   vertex 42176.293 33219.8125 30436.627
   vertex 42325.918 33315.4062 30543.8047
  endloop
 endfacet
facet normal -0.325752527 -0.654433429 0.682350457
  outer loop
   vertex 42250.0273 33281.6328 30531.1172
   vertex 42240.8555 33335.9609 30578.8457
   vertex 42176.293 33219.8125 30436.627
  endloop
 endfacet
facet normal -0.13093096 -0.805512488 0.577933133
  outer loop
   vertex 42454.6289 32726.5859 29789.8672
   vertex 42556.1602 32832.8438 29960.9707
   vertex 42423.1914 32800.8164 29886.207
  endloop
 endfacet
facet normal -0.0913172662 -0.624634385 0.775559843
  outer loop
   vertex 43123.3594 32982.2656 30181.4102
   vertex 43040.3086 32824.918 30044.9062
   vertex 43233.9727 32929.8438 30152.2168
  endloop
 endfacet
facet normal 0.138202235 -0.670618355 0.7288149
  outer loop
   vertex 42240.8555 33335.9609 30578.8457
   vertex 42325.918 33315.4062 30543.8047
   vertex 42408.5078 33471.9844 30672.2188
  endloop
 endfacet
facet normal 0.157165602 -0.636679292 0.754942715
  outer loop
   vertex 42240.8555 33335.9609 30578.8457
   vertex 42250.0273 33281.6328 30531.1172
   vertex 42325.918 33315.4062 30543.8047
  endloop
 endfacet
facet normal 0.0410454944 -0.880583704 0.472109735
  outer loop
   vertex 42164.457 32961.5352 30075.2344
   vertex 42142.2773 32899.2617 29961.0117
   vertex 42309.1797 33008.1211 30149.5469
  endloop
 endfacet
facet normal -0.134337068 -0.802013934 0.582002759
  outer loop
   vertex 42266.9883 32897.0898 29986.8047
   vertex 42309.1797 33008.1211 30149.5469
   vertex 42142.2773 32899.2617 29961.0117
  endloop
 endfacet
facet normal -0.0797493532 -0.813683152 0.575812221
  outer loop
   vertex 42309.1797 33008.1211 30149.5469
   vertex 42266.9883 32897.0898 29986.8047
   vertex 42438.6602 32973.0156 30117.8711
  endloop
 endfacet
facet normal -0.0736120492 -0.818106472 0.570335925
  outer loop
   vertex 42337.6758 32844.5938 29920.623
   vertex 42438.6602 32973.0156 30117.8711
   vertex 42266.9883 32897.0898 29986.8047
  endloop
 endfacet
facet normal -0.0266850311 -0.313052982 0.949360728
  outer loop
   vertex 43273.1094 33123.4062 30259.8477
   vertex 43186.5703 33287.9023 30311.6582
   vertex 43106.168 33097.1211 30246.4863
  endloop
 endfacet
facet normal -0.159043759 -0.773084939 0.61403966
  outer loop
   vertex 42423.1914 32800.8164 29886.207
   vertex 42556.1602 32832.8438 29960.9707
   vertex 42523.1133 32912.7109 30052.9668
  endloop
 endfacet
facet normal -0.122938238 -0.801719546 0.584920466
  outer loop
   vertex 42438.6602 32973.0156 30117.8711
   vertex 42337.6758 32844.5938 29920.623
   vertex 42523.1133 32912.7109 30052.9668
  endloop
 endfacet
facet normal -0.151311919 -0.776490569 0.611691952
  outer loop
   vertex 42337.6758 32844.5938 29920.623
   vertex 42423.1914 32800.8164 29886.207
   vertex 42523.1133 32912.7109 30052.9668
  endloop
 endfacet
facet normal -0.0630922839 -0.735073626 0.675045252
  outer loop
   vertex 42735.1992 32980.0977 30138.0527
   vertex 42556.1602 32832.8438 29960.9707
   vertex 42658.832 32776.1172 29908.7969
  endloop
 endfacet
facet normal -0.14218843 -0.775681973 0.614898324
  outer loop
   vertex 42188.5117 33045.3125 30186.5664
   vertex 42250.7266 33180.4062 30371.375
   vertex 41952.5547 33041.1055 30126.7012
  endloop
 endfacet
facet normal -0.126958519 -0.820079148 0.557988942
  outer loop
   vertex 42041.5117 32937.5547 29994.752
   vertex 42188.5117 33045.3125 30186.5664
   vertex 41952.5547 33041.1055 30126.7012
  endloop
 endfacet
facet normal -0.257983953 -0.744396985 0.615887463
  outer loop
   vertex 42041.5117 32937.5547 29994.752
   vertex 42164.457 32961.5352 30075.2344
   vertex 42188.5117 33045.3125 30186.5664
  endloop
 endfacet
facet normal -0.0121789863 -0.788239896 0.615247488
  outer loop
   vertex 42240.8555 33335.9609 30578.8457
   vertex 42144.6797 33393.2422 30650.3301
   vertex 42037.6484 33218.3906 30424.1953
  endloop
 endfacet
facet normal -0.037832927 -0.853623092 0.519515395
  outer loop
   vertex 42176.293 33219.8125 30436.627
   vertex 42037.6484 33218.3906 30424.1953
   vertex 41952.5547 33041.1055 30126.7012
  endloop
 endfacet
facet normal -0.0299846847 -0.752376616 0.658050418
  outer loop
   vertex 42309.1797 33008.1211 30149.5469
   vertex 42432.5352 33201.7656 30376.5664
   vertex 42188.5117 33045.3125 30186.5664
  endloop
 endfacet
facet normal -0.0574179552 -0.791730225 0.608166456
  outer loop
   vertex 42309.1797 33008.1211 30149.5469
   vertex 42188.5117 33045.3125 30186.5664
   vertex 42164.457 32961.5352 30075.2344
  endloop
 endfacet
facet normal -0.0126220528 -0.862265825 0.506298602
  outer loop
   vertex 42250.7266 33180.4062 30371.375
   vertex 42176.293 33219.8125 30436.627
   vertex 41952.5547 33041.1055 30126.7012
  endloop
 endfacet
facet normal -0.018859338 -0.755603492 0.654757738
  outer loop
   vertex 42545.7305 33134.5156 30302.2227
   vertex 42432.5352 33201.7656 30376.5664
   vertex 42309.1797 33008.1211 30149.5469
  endloop
 endfacet
facet normal 0.0797139853 -0.817322433 0.570639789
  outer loop
   vertex 42250.7266 33180.4062 30371.375
   vertex 42188.5117 33045.3125 30186.5664
   vertex 42432.5352 33201.7656 30376.5664
  endloop
 endfacet
facet normal 0.0732000321 -0.775565207 0.627009034
  outer loop
   vertex 42427.0781 33309.4648 30510.4238
   vertex 42250.7266 33180.4062 30371.375
   vertex 42432.5352 33201.7656 30376.5664
  endloop
 endfacet
facet normal 0.0911927298 -0.803015769 0.588939369
  outer loop
   vertex 42176.293 33219.8125 30436.627
   vertex 42250.7266 33180.4062 30371.375
   vertex 42325.918 33315.4062 30543.8047
  endloop
 endfacet
facet normal 0.141078949 -0.808434963 0.571427703
  outer loop
   vertex 42325.918 33315.4062 30543.8047
   vertex 42250.7266 33180.4062 30371.375
   vertex 42427.0781 33309.4648 30510.4238
  endloop
 endfacet
facet normal 0.193245932 -0.680552065 0.706756592
  outer loop
   vertex 42427.0781 33309.4648 30510.4238
   vertex 42501.4648 33450.9141 30626.2871
   vertex 42325.918 33315.4062 30543.8047
  endloop
 endfacet
facet normal 0.621496558 0.352487624 0.699638844
  outer loop
   vertex 42673.8867 33829.8984 30626.6934
   vertex 42570.0078 33859.0234 30704.293
   vertex 42617.5703 33756.668 30713.6094
  endloop
 endfacet
facet normal 0.185120463 -0.700952828 0.688763797
  outer loop
   vertex 42240.8555 33335.9609 30578.8457
   vertex 42408.5078 33471.9844 30672.2188
   vertex 42318.5391 33496.4219 30721.2695
  endloop
 endfacet
facet normal 0.186068445 -0.749952137 0.634783685
  outer loop
   vertex 42262.1992 33517.4219 30762.5918
   vertex 42144.6797 33393.2422 30650.3301
   vertex 42318.5391 33496.4219 30721.2695
  endloop
 endfacet
facet normal 0.605283797 -0.246290356 0.756949484
  outer loop
   vertex 41982.9688 33979.2695 31230.3945
   vertex 42027.5 33885.3516 31164.2285
   vertex 42076.207 34030.0195 31172.3496
  endloop
 endfacet
facet normal 0.356663197 -0.602248609 0.714204431
  outer loop
   vertex 42103.1289 33597 30894.625
   vertex 42198.6367 33543.7891 30802.0605
   vertex 42269.4766 33704.1367 30901.8945
  endloop
 endfacet
facet normal 0.547682941 0.680884123 0.486251205
  outer loop
   vertex 42705.8516 33884.9258 30513.6328
   vertex 42673.8867 33829.8984 30626.6934
   vertex 42750.7344 33816.3164 30559.1504
  endloop
 endfacet
facet normal 0.448477358 0.747194946 0.490477085
  outer loop
   vertex 42705.8516 33884.9258 30513.6328
   vertex 42639.9219 33922.1172 30517.2578
   vertex 42673.8867 33829.8984 30626.6934
  endloop
 endfacet
facet normal 0.257648855 0.911582589 -0.320365846
  outer loop
   vertex 42061.418 34255.4805 30720.4336
   vertex 41950.9258 34183.6289 30427.1191
   vertex 41868.7188 34292.1953 30669.9238
  endloop
 endfacet
facet normal 0.284476042 -0.51189965 0.810575187
  outer loop
   vertex 42501.4648 33450.9141 30626.2871
   vertex 42559.3398 33619.6445 30712.5332
   vertex 42408.5078 33471.9844 30672.2188
  endloop
 endfacet
facet normal 0.340663433 -0.600778759 0.723196626
  outer loop
   vertex 42350.25 33648.5586 30817.6758
   vertex 42269.4766 33704.1367 30901.8945
   vertex 42198.6367 33543.7891 30802.0605
  endloop
 endfacet
facet normal 0.284392685 -0.511889338 0.81061095
  outer loop
   vertex 42637.0195 33575.5352 30657.4258
   vertex 42559.3398 33619.6445 30712.5332
   vertex 42501.4648 33450.9141 30626.2871
  endloop
 endfacet
facet normal 0.290594995 -0.628736973 0.721279681
  outer loop
   vertex 42162.3828 33749.7891 31003.9395
   vertex 42103.1289 33597 30894.625
   vertex 42217.7344 33724.1289 30959.2695
  endloop
 endfacet
facet normal -0.0551688597 -0.61493814 0.786643147
  outer loop
   vertex 41582.1523 33780.7227 31296.666
   vertex 41560.3203 33858.3867 31355.8457
   vertex 41435.5664 33745.9922 31259.2363
  endloop
 endfacet
facet normal -0.0114028081 -0.710336924 0.703769445
  outer loop
   vertex 41582.1523 33780.7227 31296.666
   vertex 41435.5664 33745.9922 31259.2363
   vertex 41550.0586 33665.75 31180.0996
  endloop
 endfacet
facet normal 0.369470179 -0.869847417 0.326890349
  outer loop
   vertex 42103.1289 33597 30894.625
   vertex 42006.832 33559.9141 30904.7852
   vertex 41883.6953 33471.4844 30808.6504
  endloop
 endfacet
facet normal 0.118835546 -0.690673828 0.713335693
  outer loop
   vertex 42318.5391 33496.4219 30721.2695
   vertex 42144.6797 33393.2422 30650.3301
   vertex 42240.8555 33335.9609 30578.8457
  endloop
 endfacet
facet normal 0.32500869 -0.657809198 0.679453015
  outer loop
   vertex 42103.1289 33597 30894.625
   vertex 42003.2539 33630.4688 30974.8008
   vertex 42006.832 33559.9141 30904.7852
  endloop
 endfacet
facet normal 0.20664297 -0.736426234 0.644185603
  outer loop
   vertex 41702.0742 33636.2305 31110.457
   vertex 41631.8867 33518.1992 30998.041
   vertex 41687.7109 33530.9531 30994.7148
  endloop
 endfacet
facet normal 0.0819304511 -0.849585652 0.521048546
  outer loop
   vertex 41883.6953 33471.4844 30808.6504
   vertex 41776.7695 33304.0156 30552.3945
   vertex 42008.6484 33421.4453 30707.4062
  endloop
 endfacet
facet normal 0.494568616 -0.43513003 0.752372086
  outer loop
   vertex 41878.2344 33949.0586 31281.7676
   vertex 41893.3594 33827.7812 31201.6855
   vertex 41982.9688 33979.2695 31230.3945
  endloop
 endfacet
facet normal -0.0281879548 -0.865669787 0.499821186
  outer loop
   vertex 41912.8086 33262.2812 30487.7852
   vertex 41776.7695 33304.0156 30552.3945
   vertex 41703.7891 33181.0664 30335.3359
  endloop
 endfacet
facet normal 0.376598179 -0.677153409 0.632168531
  outer loop
   vertex 41702.0742 33636.2305 31110.457
   vertex 41893.3594 33827.7812 31201.6855
   vertex 41792.9648 33817.6953 31250.6895
  endloop
 endfacet
facet normal 0.644030094 0.763753116 -0.0436627269
  outer loop
   vertex 42343.7148 34110.7344 30792.1895
   vertex 42289.6055 34146.2148 30614.752
   vertex 42245.6914 34189.5625 30725.2207
  endloop
 endfacet
facet normal 0.175151795 -0.72855413 0.662216544
  outer loop
   vertex 41588.7227 33529.0586 31022.5312
   vertex 41702.0742 33636.2305 31110.457
   vertex 41563.2812 33555.832 31058.7148
  endloop
 endfacet
facet normal 0.281673878 -0.62714088 0.726191521
  outer loop
   vertex 41702.0742 33636.2305 31110.457
   vertex 41925.7891 33717.0977 31093.5215
   vertex 41893.3594 33827.7812 31201.6855
  endloop
 endfacet
facet normal 0.328130305 -0.675017536 0.660819113
  outer loop
   vertex 41792.9648 33817.6953 31250.6895
   vertex 41682.3203 33778.5273 31265.6191
   vertex 41702.0742 33636.2305 31110.457
  endloop
 endfacet
facet normal 0.186372474 -0.733439744 0.653705955
  outer loop
   vertex 41631.8867 33518.1992 30998.041
   vertex 41702.0742 33636.2305 31110.457
   vertex 41588.7227 33529.0586 31022.5312
  endloop
 endfacet
facet normal 0.268741399 -0.785176277 0.55792135
  outer loop
   vertex 41883.6953 33471.4844 30808.6504
   vertex 42003.2539 33630.4688 30974.8008
   vertex 41790.082 33546.2031 30958.8945
  endloop
 endfacet
facet normal -0.0464684553 -0.70482409 0.707858503
  outer loop
   vertex 42006.832 33559.9141 30904.7852
   vertex 42003.2539 33630.4688 30974.8008
   vertex 41883.6953 33471.4844 30808.6504
  endloop
 endfacet
facet normal 0.309425324 -0.727825522 0.611985326
  outer loop
   vertex 41925.7891 33717.0977 31093.5215
   vertex 41702.0742 33636.2305 31110.457
   vertex 41790.082 33546.2031 30958.8945
  endloop
 endfacet
facet normal 0.322344959 -0.719846368 0.614747882
  outer loop
   vertex 41687.7109 33530.9531 30994.7148
   vertex 41790.082 33546.2031 30958.8945
   vertex 41702.0742 33636.2305 31110.457
  endloop
 endfacet
facet normal 0.0203877762 -0.954972148 0.295994103
  outer loop
   vertex 41465.8906 33456.3555 30871.7461
   vertex 41609.9102 33465.7266 30892.0605
   vertex 41556.8398 33483.6367 30953.502
  endloop
 endfacet
facet normal 0.0252465643 -0.814663112 0.579384625
  outer loop
   vertex 41912.8086 33262.2812 30487.7852
   vertex 42008.6484 33421.4453 30707.4062
   vertex 41776.7695 33304.0156 30552.3945
  endloop
 endfacet
facet normal 0.067196168 -0.821593046 0.566100359
  outer loop
   vertex 41912.8086 33262.2812 30487.7852
   vertex 42144.6797 33393.2422 30650.3301
   vertex 42008.6484 33421.4453 30707.4062
  endloop
 endfacet
facet normal 0.194475979 -0.762593627 0.61695224
  outer loop
   vertex 42103.1289 33597 30894.625
   vertex 41883.6953 33471.4844 30808.6504
   vertex 42008.6484 33421.4453 30707.4062
  endloop
 endfacet
facet normal 0.0271566994 -0.796983659 0.603390038
  outer loop
   vertex 42144.6797 33393.2422 30650.3301
   vertex 41912.8086 33262.2812 30487.7852
   vertex 42037.6484 33218.3906 30424.1953
  endloop
 endfacet
facet normal 0.17977944 -0.761217654 0.623078704
  outer loop
   vertex 42198.6367 33543.7891 30802.0605
   vertex 42103.1289 33597 30894.625
   vertex 42008.6484 33421.4453 30707.4062
  endloop
 endfacet
facet normal -0.0419444293 -0.85888046 0.510455728
  outer loop
   vertex 41803.4297 33118.7148 30237.2402
   vertex 42037.6484 33218.3906 30424.1953
   vertex 41912.8086 33262.2812 30487.7852
  endloop
 endfacet
facet normal -0.0370596908 -0.859991968 0.508960187
  outer loop
   vertex 41703.7891 33181.0664 30335.3359
   vertex 41803.4297 33118.7148 30237.2402
   vertex 41912.8086 33262.2812 30487.7852
  endloop
 endfacet
facet normal 0.132166967 -0.726738572 0.674079359
  outer loop
   vertex 42198.6367 33543.7891 30802.0605
   vertex 42008.6484 33421.4453 30707.4062
   vertex 42144.6797 33393.2422 30650.3301
  endloop
 endfacet
facet normal 0.119628705 -0.725711405 0.677518904
  outer loop
   vertex 42198.6367 33543.7891 30802.0605
   vertex 42144.6797 33393.2422 30650.3301
   vertex 42262.1992 33517.4219 30762.5918
  endloop
 endfacet
facet normal -0.11599566 -0.847006142 0.518773198
  outer loop
   vertex 41488.5195 33209.0547 30332.9004
   vertex 41703.7891 33181.0664 30335.3359
   vertex 41776.7695 33304.0156 30552.3945
  endloop
 endfacet
facet normal 0.150486574 -0.886962891 0.436635524
  outer loop
   vertex 41655.3984 33345.0117 30630.418
   vertex 41883.6953 33471.4844 30808.6504
   vertex 41679.3125 33429.0508 30792.8867
  endloop
 endfacet
facet normal 0.226970553 -0.890681028 0.393918365
  outer loop
   vertex 41609.9102 33465.7266 30892.0605
   vertex 41687.7109 33530.9531 30994.7148
   vertex 41631.8867 33518.1992 30998.041
  endloop
 endfacet
facet normal 0.170440644 -0.896658063 0.40860045
  outer loop
   vertex 41556.8398 33483.6367 30953.502
   vertex 41609.9102 33465.7266 30892.0605
   vertex 41631.8867 33518.1992 30998.041
  endloop
 endfacet
facet normal 0.261796892 -0.89204812 0.368391782
  outer loop
   vertex 41790.082 33546.2031 30958.8945
   vertex 41687.7109 33530.9531 30994.7148
   vertex 41609.9102 33465.7266 30892.0605
  endloop
 endfacet
facet normal 0.211162224 -0.859426856 0.465613604
  outer loop
   vertex 41679.3125 33429.0508 30792.8867
   vertex 41790.082 33546.2031 30958.8945
   vertex 41609.9102 33465.7266 30892.0605
  endloop
 endfacet
facet normal -0.0368434303 -0.885386705 0.463392884
  outer loop
   vertex 41679.3125 33429.0508 30792.8867
   vertex 41439.9297 33369.4844 30660.0488
   vertex 41655.3984 33345.0117 30630.418
  endloop
 endfacet
facet normal -0.0423768088 -0.899516821 0.434826016
  outer loop
   vertex 41488.5195 33209.0547 30332.9004
   vertex 41655.3984 33345.0117 30630.418
   vertex 41439.9297 33369.4844 30660.0488
  endloop
 endfacet
facet normal -0.029213503 -0.902848542 0.428965122
  outer loop
   vertex 41776.7695 33304.0156 30552.3945
   vertex 41655.3984 33345.0117 30630.418
   vertex 41488.5195 33209.0547 30332.9004
  endloop
 endfacet
facet normal 0.0292247217 -0.930687368 0.364646375
  outer loop
   vertex 41679.3125 33429.0508 30792.8867
   vertex 41609.9102 33465.7266 30892.0605
   vertex 41439.9297 33369.4844 30660.0488
  endloop
 endfacet
facet normal 0.00676951418 -0.925409377 0.378908455
  outer loop
   vertex 41609.9102 33465.7266 30892.0605
   vertex 41465.8906 33456.3555 30871.7461
   vertex 41439.9297 33369.4844 30660.0488
  endloop
 endfacet
facet normal -0.219254032 -0.892892897 0.393281072
  outer loop
   vertex 41439.9297 33369.4844 30660.0488
   vertex 41465.8906 33456.3555 30871.7461
   vertex 41239.8008 33512.7344 30873.7051
  endloop
 endfacet
facet normal -0.138503134 -0.8828848 0.448699534
  outer loop
   vertex 41556.8398 33483.6367 30953.502
   vertex 41480.5391 33506.4375 30974.8125
   vertex 41465.8906 33456.3555 30871.7461
  endloop
 endfacet
facet normal 0.233064249 -0.777907431 0.583558977
  outer loop
   vertex 41563.2812 33555.832 31058.7148
   vertex 41702.0742 33636.2305 31110.457
   vertex 41572.0898 33595.3242 31107.8398
  endloop
 endfacet
facet normal 0.189457327 -0.724639535 0.662573338
  outer loop
   vertex 41682.3203 33778.5273 31265.6191
   vertex 41582.1523 33780.7227 31296.666
   vertex 41550.0586 33665.75 31180.0996
  endloop
 endfacet
facet normal -0.164528131 -0.690155745 0.704709589
  outer loop
   vertex 41255.9688 33732.5273 31216.0039
   vertex 41355.5664 33831.6523 31336.3359
   vertex 41212.4102 33853.5586 31324.3652
  endloop
 endfacet
facet normal 0.196916312 -0.671415269 0.714440703
  outer loop
   vertex 41702.0742 33636.2305 31110.457
   vertex 41550.0586 33665.75 31180.0996
   vertex 41572.0898 33595.3242 31107.8398
  endloop
 endfacet
facet normal 0.17157574 -0.715095639 0.677642941
  outer loop
   vertex 41702.0742 33636.2305 31110.457
   vertex 41682.3203 33778.5273 31265.6191
   vertex 41550.0586 33665.75 31180.0996
  endloop
 endfacet
facet normal -0.10534782 -0.808065295 0.579596698
  outer loop
   vertex 41563.2812 33555.832 31058.7148
   vertex 41467.0625 33565.4297 31054.6074
   vertex 41480.5391 33506.4375 30974.8125
  endloop
 endfacet
facet normal -0.144226581 -0.806715488 0.573069632
  outer loop
   vertex 40870.5898 34019.7344 31473.9531
   vertex 40745.6758 33887.3594 31256.1699
   vertex 40943.0312 33943.1719 31384.4062
  endloop
 endfacet
facet normal -0.250909448 -0.798165798 0.547700465
  outer loop
   vertex 41480.5391 33506.4375 30974.8125
   vertex 41467.0625 33565.4297 31054.6074
   vertex 41239.8008 33512.7344 30873.7051
  endloop
 endfacet
facet normal -0.162978128 -0.930626333 0.327677786
  outer loop
   vertex 41077.7734 33473.4375 30744.0566
   vertex 41040.0469 33477.1133 30735.7285
   vertex 41023.1992 33466.7344 30697.8691
  endloop
 endfacet
facet normal -0.317007393 -0.790316641 0.524314702
  outer loop
   vertex 41098.0273 33729.1055 31149.7148
   vertex 41034.4023 33792.125 31206.2422
   vertex 40848.1758 33664.8867 30901.8555
  endloop
 endfacet
facet normal -0.0875541046 -0.917672992 0.387570053
  outer loop
   vertex 41077.7734 33473.4375 30744.0566
   vertex 41069.375 33432.8984 30646.1738
   vertex 41239.8008 33512.7344 30873.7051
  endloop
 endfacet
facet normal -0.184950024 -0.875801682 0.445830613
  outer loop
   vertex 41239.8008 33512.7344 30873.7051
   vertex 41069.375 33432.8984 30646.1738
   vertex 41184.8047 33372.4414 30575.2949
  endloop
 endfacet
facet normal -0.236899853 -0.89511025 0.377698481
  outer loop
   vertex 41069.375 33432.8984 30646.1738
   vertex 40988.9453 33345.793 30389.2891
   vertex 41184.8047 33372.4414 30575.2949
  endloop
 endfacet
facet normal -0.349031985 -0.931609273 0.101394333
  outer loop
   vertex 40085.0586 33900.1055 30835.9844
   vertex 39982.9648 33919.7852 30665.3613
   vertex 40146.6484 33865.5312 30730.3359
  endloop
 endfacet
facet normal -0.219579056 -0.894546688 0.389321506
  outer loop
   vertex 41069.375 33432.8984 30646.1738
   vertex 41077.7734 33473.4375 30744.0566
   vertex 41023.1992 33466.7344 30697.8691
  endloop
 endfacet
facet normal -0.103495121 -0.766054392 0.634388983
  outer loop
   vertex 41572.0898 33595.3242 31107.8398
   vertex 41467.0625 33565.4297 31054.6074
   vertex 41563.2812 33555.832 31058.7148
  endloop
 endfacet
facet normal -0.13232252 -0.729695261 0.670846939
  outer loop
   vertex 41572.0898 33595.3242 31107.8398
   vertex 41550.0586 33665.75 31180.0996
   vertex 41467.0625 33565.4297 31054.6074
  endloop
 endfacet
facet normal -0.0939150676 -0.746419013 0.65881604
  outer loop
   vertex 41467.0625 33565.4297 31054.6074
   vertex 41550.0586 33665.75 31180.0996
   vertex 41396.6328 33616.6367 31102.5859
  endloop
 endfacet
facet normal -0.291502774 -0.955661356 0.0416839197
  outer loop
   vertex 38685.7617 33822.6406 31864.9004
   vertex 38761.1875 33794.4961 31747.0684
   vertex 38908.9727 33756.1211 31900.8184
  endloop
 endfacet
facet normal -0.67384547 -0.718383491 -0.172793135
  outer loop
   vertex 40272.1328 33667.1328 29883.3359
   vertex 40370.2305 33591.7578 29814.1543
   vertex 40358.082 33562.1172 29984.7578
  endloop
 endfacet
facet normal 0.139413625 -0.965016782 -0.222050667
  outer loop
   vertex 39273.6367 33714.9844 31978.0938
   vertex 39180.2578 33696.957 31997.8105
   vertex 39123.5078 33715.3594 31882.2109
  endloop
 endfacet
facet normal -0.854773879 -0.49764964 -0.147331014
  outer loop
   vertex 40370.2305 33591.7578 29814.1543
   vertex 40412.5078 33506.8438 29855.6914
   vertex 40358.082 33562.1172 29984.7578
  endloop
 endfacet
facet normal 0.162656888 -0.966093123 0.200516418
  outer loop
   vertex 39273.6367 33714.9844 31978.0938
   vertex 39355.3047 33738.1914 32023.6562
   vertex 39301.293 33740.4336 32078.2852
  endloop
 endfacet
facet normal 0.163590163 -0.965994179 0.200233683
  outer loop
   vertex 39273.6367 33714.9844 31978.0938
   vertex 39301.293 33740.4336 32078.2852
   vertex 39216.0078 33725.4531 32075.6875
  endloop
 endfacet
facet normal 0.232371897 -0.942962348 0.238380522
  outer loop
   vertex 39180.2578 33696.957 31997.8105
   vertex 39273.6367 33714.9844 31978.0938
   vertex 39216.0078 33725.4531 32075.6875
  endloop
 endfacet
facet normal -0.0875818059 -0.931095302 -0.35410589
  outer loop
   vertex 39092.5586 33786.8945 31623.248
   vertex 38909.2461 33765.0234 31726.0898
   vertex 38763.8516 33827.9375 31596.6211
  endloop
 endfacet
facet normal -0.0357677191 -0.978770614 0.201813638
  outer loop
   vertex 38908.9727 33756.1211 31900.8184
   vertex 38919.582 33791.8477 32075.957
   vertex 38843.957 33783.4258 32021.7051
  endloop
 endfacet
facet normal -0.296231925 -0.932173073 0.20808655
  outer loop
   vertex 39087.8594 33730.082 32038.834
   vertex 38919.582 33791.8477 32075.957
   vertex 38908.9727 33756.1211 31900.8184
  endloop
 endfacet
facet normal -0.948308468 -0.303792298 0.091767773
  outer loop
   vertex 36944.957 33685.2539 30715.416
   vertex 36928.8281 33778.7031 30858.0938
   vertex 36925.9453 33709.2266 30598.3184
  endloop
 endfacet
facet normal -0.114058182 0.79096967 0.601130307
  outer loop
   vertex 38249.6602 34504.1953 32401.8281
   vertex 38396.9531 34574.2422 32337.6055
   vertex 38049.1836 34503.0273 32365.3281
  endloop
 endfacet
facet normal -0.151268065 0.562538445 0.812815189
  outer loop
   vertex 38223.1602 34469.1523 32421.1484
   vertex 38249.6602 34504.1953 32401.8281
   vertex 38049.1836 34503.0273 32365.3281
  endloop
 endfacet
facet normal -0.183458194 -0.982335567 0.0368779302
  outer loop
   vertex 39123.5078 33715.3594 31882.2109
   vertex 38908.9727 33756.1211 31900.8184
   vertex 39034.1953 33728.6445 31791.8516
  endloop
 endfacet
facet normal -0.232967868 -0.972222567 -0.0225677788
  outer loop
   vertex 39034.1953 33728.6445 31791.8516
   vertex 38908.9727 33756.1211 31900.8184
   vertex 38991.5625 33739.5898 31760.457
  endloop
 endfacet
facet normal -0.526221752 -0.845344245 -0.0921076387
  outer loop
   vertex 38908.9727 33756.1211 31900.8184
   vertex 38843.957 33783.4258 32021.7051
   vertex 38695.125 33871.1328 32067.0234
  endloop
 endfacet
facet normal -0.312156796 -0.920435131 0.235281214
  outer loop
   vertex 38695.125 33871.1328 32067.0234
   vertex 38685.7617 33822.6406 31864.9004
   vertex 38908.9727 33756.1211 31900.8184
  endloop
 endfacet
facet normal -0.248758584 -0.911731362 0.3269023
  outer loop
   vertex 35812.1953 34122.7031 30886.5938
   vertex 36037.8828 34015.8281 30760.252
   vertex 36161.7969 34083.3125 31042.7676
  endloop
 endfacet
facet normal -0.191868529 -0.835815132 -0.514392376
  outer loop
   vertex 36925.9453 33709.2266 30598.3184
   vertex 37230.3711 33682.7266 30527.8242
   vertex 37057.5781 33657.2617 30633.6543
  endloop
 endfacet
facet normal -0.650822759 -0.733018816 0.197770596
  outer loop
   vertex 40289.3203 33647.2891 30183.2168
   vertex 40250.2344 33741.8164 30404.9473
   vertex 40167.8945 33750.9727 30167.9199
  endloop
 endfacet
facet normal -0.0895579308 -0.905734301 -0.414276153
  outer loop
   vertex 37282.8555 33666.5391 30372.3633
   vertex 37100.5586 33703.1328 30331.7695
   vertex 37383.3281 33709.6562 30256.375
  endloop
 endfacet
facet normal -0.044620458 -0.966949224 -0.251034349
  outer loop
   vertex 37244.2344 33732.6328 30192.5938
   vertex 37383.3281 33709.6562 30256.375
   vertex 37100.5586 33703.1328 30331.7695
  endloop
 endfacet
facet normal -0.114889212 -0.910030782 -0.398301899
  outer loop
   vertex 39092.5586 33786.8945 31623.248
   vertex 38991.5625 33739.5898 31760.457
   vertex 38909.2461 33765.0234 31726.0898
  endloop
 endfacet
facet normal -0.201800719 -0.978141844 -0.0501494557
  outer loop
   vertex 38908.9727 33756.1211 31900.8184
   vertex 38761.1875 33794.4961 31747.0684
   vertex 38909.2461 33765.0234 31726.0898
  endloop
 endfacet
facet normal -0.093018584 -0.773241401 0.627252162
  outer loop
   vertex 41435.5664 33745.9922 31259.2363
   vertex 41255.9688 33732.5273 31216.0039
   vertex 41293.25 33641.4102 31109.209
  endloop
 endfacet
facet normal 0.179033339 -0.971325934 0.15643841
  outer loop
   vertex 37532.2539 33838.9961 30969.3125
   vertex 37357.4844 33785.5312 30837.3496
   vertex 37593.3086 33839.3242 30901.4609
  endloop
 endfacet
facet normal 0.0157023408 -0.752199948 0.658747792
  outer loop
   vertex 36928.8281 33778.7031 30858.0938
   vertex 36986.5625 33676.2656 30739.752
   vertex 37084.6328 33698.2695 30762.5371
  endloop
 endfacet
facet normal -0.322941869 -0.784852386 0.528881133
  outer loop
   vertex 41098.0273 33729.1055 31149.7148
   vertex 40848.1758 33664.8867 30901.8555
   vertex 41145.0703 33646.9453 31056.5156
  endloop
 endfacet
facet normal 0.221834451 -0.974082112 -0.0441992134
  outer loop
   vertex 39759.7812 33878.1289 31806.6074
   vertex 39626.6055 33848.6992 31786.7891
   vertex 39732.4531 33880.6133 31614.6289
  endloop
 endfacet
facet normal 0.0600824729 -0.960293114 -0.272446841
  outer loop
   vertex 39092.5586 33786.8945 31623.248
   vertex 39255.1914 33737.5938 31832.8809
   vertex 39123.5078 33715.3594 31882.2109
  endloop
 endfacet
facet normal 0.141221642 -0.949779928 -0.279239208
  outer loop
   vertex 39092.5586 33786.8945 31623.248
   vertex 39123.5078 33715.3594 31882.2109
   vertex 39034.1953 33728.6445 31791.8516
  endloop
 endfacet
facet normal 0.381091356 -0.904950321 -0.18929939
  outer loop
   vertex 39447.4258 33798.4961 31928.7285
   vertex 39273.6367 33714.9844 31978.0938
   vertex 39255.1914 33737.5938 31832.8809
  endloop
 endfacet
facet normal 0.374149144 -0.903126597 -0.210653201
  outer loop
   vertex 39447.4258 33798.4961 31928.7285
   vertex 39355.3047 33738.1914 32023.6562
   vertex 39273.6367 33714.9844 31978.0938
  endloop
 endfacet
facet normal 0.0961607769 -0.94972533 -0.297951102
  outer loop
   vertex 39312.4922 33770.8203 31745.459
   vertex 39255.1914 33737.5938 31832.8809
   vertex 39092.5586 33786.8945 31623.248
  endloop
 endfacet
facet normal -0.216532797 -0.713846326 0.665985703
  outer loop
   vertex 41040.0469 33477.1133 30735.7285
   vertex 41077.7734 33473.4375 30744.0566
   vertex 41022.3203 33505.3711 30760.2539
  endloop
 endfacet
facet normal -0.168807 -0.747090399 0.642930925
  outer loop
   vertex 41034.4023 33792.125 31206.2422
   vertex 41098.0273 33729.1055 31149.7148
   vertex 41212.4102 33853.5586 31324.3652
  endloop
 endfacet
facet normal -0.265634447 -0.69438082 0.668785214
  outer loop
   vertex 41255.9688 33732.5273 31216.0039
   vertex 41212.4102 33853.5586 31324.3652
   vertex 41098.0273 33729.1055 31149.7148
  endloop
 endfacet
facet normal -0.235936791 -0.778390288 0.581758022
  outer loop
   vertex 41255.9688 33732.5273 31216.0039
   vertex 41145.0703 33646.9453 31056.5156
   vertex 41293.25 33641.4102 31109.209
  endloop
 endfacet
facet normal 0.167003095 -0.982744694 -0.0795164779
  outer loop
   vertex 39626.6055 33848.6992 31786.7891
   vertex 39433.9414 33831.457 31595.2246
   vertex 39732.4531 33880.6133 31614.6289
  endloop
 endfacet
facet normal 0.19093354 -0.976058185 -0.10418614
  outer loop
   vertex 39626.6055 33848.6992 31786.7891
   vertex 39447.4258 33798.4961 31928.7285
   vertex 39433.9414 33831.457 31595.2246
  endloop
 endfacet
facet normal 0.103468612 -0.980711222 -0.165830418
  outer loop
   vertex 39273.6367 33714.9844 31978.0938
   vertex 39123.5078 33715.3594 31882.2109
   vertex 39255.1914 33737.5938 31832.8809
  endloop
 endfacet
facet normal 0.353939474 -0.927468836 -0.12053372
  outer loop
   vertex 39312.4922 33770.8203 31745.459
   vertex 39447.4258 33798.4961 31928.7285
   vertex 39255.1914 33737.5938 31832.8809
  endloop
 endfacet
facet normal -0.225469157 -0.784463108 0.577738106
  outer loop
   vertex 41255.9688 33732.5273 31216.0039
   vertex 41098.0273 33729.1055 31149.7148
   vertex 41145.0703 33646.9453 31056.5156
  endloop
 endfacet
facet normal -0.210868865 -0.836890936 0.505121589
  outer loop
   vertex 41145.0703 33646.9453 31056.5156
   vertex 41239.8008 33512.7344 30873.7051
   vertex 41293.25 33641.4102 31109.209
  endloop
 endfacet
facet normal -0.170988634 -0.847783148 0.502022505
  outer loop
   vertex 41396.6328 33616.6367 31102.5859
   vertex 41293.25 33641.4102 31109.209
   vertex 41239.8008 33512.7344 30873.7051
  endloop
 endfacet
facet normal -0.144872829 -0.902944088 0.404603332
  outer loop
   vertex 41439.9297 33369.4844 30660.0488
   vertex 41184.8047 33372.4414 30575.2949
   vertex 41196.7227 33254.6055 30316.5918
  endloop
 endfacet
facet normal -0.316422313 -0.669595778 -0.671951234
  outer loop
   vertex 37504.9375 33860.0039 29982.5352
   vertex 37524.8516 33805.3242 30027.6465
   vertex 37415.2578 33792 30092.5332
  endloop
 endfacet
facet normal -0.378836006 -0.895626485 0.23310177
  outer loop
   vertex 40795.5898 33294.4141 30020.6797
   vertex 40975.6797 33250.2266 30143.5742
   vertex 40868.7109 33310.0312 30199.5234
  endloop
 endfacet
facet normal -0.265546322 -0.893599987 0.361889809
  outer loop
   vertex 40988.9453 33345.793 30389.2891
   vertex 40975.6797 33250.2266 30143.5742
   vertex 41196.7227 33254.6055 30316.5918
  endloop
 endfacet
facet normal -0.203776866 -0.978457987 0.0330895707
  outer loop
   vertex 37230.3711 33682.7266 30527.8242
   vertex 37100.5586 33703.1328 30331.7695
   vertex 37282.8555 33666.5391 30372.3633
  endloop
 endfacet
facet normal -0.402331382 -0.914593816 -0.0405903831
  outer loop
   vertex 37303.9414 33655.3477 30415.5059
   vertex 37230.3711 33682.7266 30527.8242
   vertex 37282.8555 33666.5391 30372.3633
  endloop
 endfacet
facet normal -0.141584754 -0.946598768 0.289662808
  outer loop
   vertex 37042.6211 33654.8828 30697.2656
   vertex 36986.5625 33676.2656 30739.752
   vertex 36981.5977 33656.9375 30674.1523
  endloop
 endfacet
facet normal -0.796581805 -0.560695887 -0.226003468
  outer loop
   vertex 40198.5547 33765.543 29898.5176
   vertex 40272.1328 33667.1328 29883.3359
   vertex 40212.9688 33699.2891 30012.082
  endloop
 endfacet
facet normal 0.134434253 -0.941223145 -0.309881389
  outer loop
   vertex 37303.9414 33655.3477 30415.5059
   vertex 37282.8555 33666.5391 30372.3633
   vertex 37401.5664 33683.4922 30372.3711
  endloop
 endfacet
facet normal -0.160238251 -0.77580899 -0.610281944
  outer loop
   vertex 37312.9688 33899.8047 29982.3438
   vertex 37504.9375 33860.0039 29982.5352
   vertex 37415.2578 33792 30092.5332
  endloop
 endfacet
facet normal -0.330026269 -0.943963706 0.00389791164
  outer loop
   vertex 36253.7773 33963.7227 30560.3672
   vertex 36624.8672 33833.8203 30520.7344
   vertex 36368.2891 33924.5781 30775.8652
  endloop
 endfacet
facet normal -0.0662821308 -0.94236207 -0.327964067
  outer loop
   vertex 36981.2266 33737.1953 30258.0098
   vertex 37100.5586 33703.1328 30331.7695
   vertex 36939.0508 33721.2852 30312.252
  endloop
 endfacet
facet normal 0.430466384 -0.812794745 -0.392509103
  outer loop
   vertex 37524.8516 33805.3242 30027.6465
   vertex 37594.3203 33842.9297 30025.9629
   vertex 37561.3867 33804.0312 30070.3945
  endloop
 endfacet
facet normal 0.278085858 -0.54899925 -0.788205624
  outer loop
   vertex 37524.8516 33805.3242 30027.6465
   vertex 37504.9375 33860.0039 29982.5352
   vertex 37594.3203 33842.9297 30025.9629
  endloop
 endfacet
facet normal 0.188655451 -0.979373932 0.0723590478
  outer loop
   vertex 37230.3711 33682.7266 30527.8242
   vertex 37147.9141 33678.7305 30688.7344
   vertex 37057.5781 33657.2617 30633.6543
  endloop
 endfacet
facet normal -0.017895082 -0.998975337 -0.0415704139
  outer loop
   vertex 36981.5977 33656.9375 30674.1523
   vertex 37057.5781 33657.2617 30633.6543
   vertex 37042.6211 33654.8828 30697.2656
  endloop
 endfacet
facet normal -0.384969354 -0.922852576 0.0119047426
  outer loop
   vertex 36925.9453 33709.2266 30598.3184
   vertex 36667.0039 33819.2539 30754.1406
   vertex 36624.8672 33833.8203 30520.7344
  endloop
 endfacet
facet normal -0.0958507806 -0.994589686 -0.0400499888
  outer loop
   vertex 37230.3711 33682.7266 30527.8242
   vertex 36925.9453 33709.2266 30598.3184
   vertex 37100.5586 33703.1328 30331.7695
  endloop
 endfacet
facet normal 0.222099692 -0.97489655 0.0157630946
  outer loop
   vertex 37057.5781 33657.2617 30633.6543
   vertex 37147.9141 33678.7305 30688.7344
   vertex 37042.6211 33654.8828 30697.2656
  endloop
 endfacet
facet normal -0.539600432 -0.794856489 -0.277550846
  outer loop
   vertex 36875.3164 33732.625 30403.6816
   vertex 36831.0742 33801.6875 30291.9141
   vertex 36939.0508 33721.2852 30312.252
  endloop
 endfacet
facet normal -0.116580993 -0.99230051 0.0418161452
  outer loop
   vertex 36875.3164 33732.625 30403.6816
   vertex 36939.0508 33721.2852 30312.252
   vertex 37100.5586 33703.1328 30331.7695
  endloop
 endfacet
facet normal -0.478795588 -0.818900168 -0.316476464
  outer loop
   vertex 36624.8672 33833.8203 30520.7344
   vertex 36831.0742 33801.6875 30291.9141
   vertex 36875.3164 33732.625 30403.6816
  endloop
 endfacet
facet normal -0.646052122 -0.761585951 -0.0510240868
  outer loop
   vertex 36981.5977 33656.9375 30674.1523
   vertex 36944.957 33685.2539 30715.416
   vertex 36925.9453 33709.2266 30598.3184
  endloop
 endfacet
facet normal -0.379605174 -0.925064623 -0.0124642113
  outer loop
   vertex 36925.9453 33709.2266 30598.3184
   vertex 36624.8672 33833.8203 30520.7344
   vertex 36875.3164 33732.625 30403.6816
  endloop
 endfacet
facet normal -0.580962837 -0.762081861 0.285855591
  outer loop
   vertex 40289.3203 33647.2891 30183.2168
   vertex 40416.6445 33554.1328 30193.6309
   vertex 40424.9961 33620.6367 30387.9043
  endloop
 endfacet
facet normal -0.493268549 -0.816273928 0.300637782
  outer loop
   vertex 40424.9961 33620.6367 30387.9043
   vertex 40416.6445 33554.1328 30193.6309
   vertex 40562.5195 33519.4609 30338.8281
  endloop
 endfacet
facet normal -0.51783669 -0.822676361 -0.234624654
  outer loop
   vertex 40412.5078 33506.8438 29855.6914
   vertex 40492.9336 33480.8867 29769.1914
   vertex 40500.9531 33436.2969 29907.8379
  endloop
 endfacet
facet normal -0.77079004 -0.618143797 -0.15421088
  outer loop
   vertex 40551.8555 33397.4219 29809.2598
   vertex 40500.9531 33436.2969 29907.8379
   vertex 40492.9336 33480.8867 29769.1914
  endloop
 endfacet
facet normal -0.481864452 -0.828137457 0.286347777
  outer loop
   vertex 40416.6445 33554.1328 30193.6309
   vertex 40521.7812 33464.9805 30112.7227
   vertex 40562.5195 33519.4609 30338.8281
  endloop
 endfacet
facet normal -0.453390092 -0.837655604 0.304582506
  outer loop
   vertex 40628.7031 33376.1992 30027.7168
   vertex 40743.0898 33403.2031 30272.252
   vertex 40521.7812 33464.9805 30112.7227
  endloop
 endfacet
facet normal -0.442552894 -0.85037452 0.284622759
  outer loop
   vertex 40562.5195 33519.4609 30338.8281
   vertex 40521.7812 33464.9805 30112.7227
   vertex 40743.0898 33403.2031 30272.252
  endloop
 endfacet
facet normal -0.580080271 -0.803806782 0.131914869
  outer loop
   vertex 40521.7812 33464.9805 30112.7227
   vertex 40416.6445 33554.1328 30193.6309
   vertex 40358.082 33562.1172 29984.7578
  endloop
 endfacet
facet normal -0.592225969 -0.794265687 0.135685116
  outer loop
   vertex 40416.6445 33554.1328 30193.6309
   vertex 40289.3203 33647.2891 30183.2168
   vertex 40358.082 33562.1172 29984.7578
  endloop
 endfacet
facet normal -0.693978667 -0.705727279 -0.142627463
  outer loop
   vertex 40358.082 33562.1172 29984.7578
   vertex 40212.9688 33699.2891 30012.082
   vertex 40272.1328 33667.1328 29883.3359
  endloop
 endfacet
facet normal -0.758126259 -0.643558979 -0.10524492
  outer loop
   vertex 40167.8945 33750.9727 30167.9199
   vertex 40067.6523 33853.4492 30263.4023
   vertex 40105.4141 33847.3711 30028.5312
  endloop
 endfacet
facet normal -0.810571611 -0.584223509 -0.0407006554
  outer loop
   vertex 40212.9688 33699.2891 30012.082
   vertex 40167.8945 33750.9727 30167.9199
   vertex 40105.4141 33847.3711 30028.5312
  endloop
 endfacet
facet normal -0.676817477 -0.731836379 0.0795838907
  outer loop
   vertex 40358.082 33562.1172 29984.7578
   vertex 40289.3203 33647.2891 30183.2168
   vertex 40212.9688 33699.2891 30012.082
  endloop
 endfacet
facet normal -0.411076307 -0.59318161 -0.692207992
  outer loop
   vertex 36981.2266 33737.1953 30258.0098
   vertex 36831.0742 33801.6875 30291.9141
   vertex 37081.2383 33808.7344 30137.3125
  endloop
 endfacet
facet normal -0.123174421 -0.764098465 -0.633231103
  outer loop
   vertex 37312.9688 33899.8047 29982.3438
   vertex 37415.2578 33792 30092.5332
   vertex 37081.2383 33808.7344 30137.3125
  endloop
 endfacet
facet normal -0.490759045 -0.870521367 0.0367171913
  outer loop
   vertex 40953.6055 33200.7695 29912.4688
   vertex 40795.5898 33294.4141 30020.6797
   vertex 40818.4414 33271.4023 29780.4785
  endloop
 endfacet
facet normal -0.51277864 -0.85005188 0.120290712
  outer loop
   vertex 40500.9531 33436.2969 29907.8379
   vertex 40642.2617 33345.7344 29870.2383
   vertex 40628.7031 33376.1992 30027.7168
  endloop
 endfacet
facet normal -0.376032293 -0.898090661 0.228107184
  outer loop
   vertex 40795.5898 33294.4141 30020.6797
   vertex 40953.6055 33200.7695 29912.4688
   vertex 40975.6797 33250.2266 30143.5742
  endloop
 endfacet
facet normal -0.545801759 -0.820417702 0.170338556
  outer loop
   vertex 40521.7812 33464.9805 30112.7227
   vertex 40500.9531 33436.2969 29907.8379
   vertex 40628.7031 33376.1992 30027.7168
  endloop
 endfacet
facet normal -0.364518881 -0.929606318 0.0543877035
  outer loop
   vertex 40642.2617 33345.7344 29870.2383
   vertex 40818.4414 33271.4023 29780.4785
   vertex 40795.5898 33294.4141 30020.6797
  endloop
 endfacet
facet normal -0.431400537 -0.891941845 0.135400712
  outer loop
   vertex 40628.7031 33376.1992 30027.7168
   vertex 40642.2617 33345.7344 29870.2383
   vertex 40795.5898 33294.4141 30020.6797
  endloop
 endfacet
facet normal -0.411594659 -0.864660561 0.288013846
  outer loop
   vertex 40743.0898 33403.2031 30272.252
   vertex 40628.7031 33376.1992 30027.7168
   vertex 40795.5898 33294.4141 30020.6797
  endloop
 endfacet
facet normal -0.121767588 -0.900153995 0.418205053
  outer loop
   vertex 41703.7891 33181.0664 30335.3359
   vertex 41488.5195 33209.0547 30332.9004
   vertex 41552.332 33081.3828 30076.6797
  endloop
 endfacet
facet normal -0.175807804 -0.89787972 0.40361321
  outer loop
   vertex 41488.5195 33209.0547 30332.9004
   vertex 41367.9375 33100.7344 30039.4082
   vertex 41552.332 33081.3828 30076.6797
  endloop
 endfacet
facet normal -0.251439512 -0.885124266 0.39157781
  outer loop
   vertex 40988.9453 33345.793 30389.2891
   vertex 41196.7227 33254.6055 30316.5918
   vertex 41184.8047 33372.4414 30575.2949
  endloop
 endfacet
facet normal -0.162935555 -0.895203352 0.414804697
  outer loop
   vertex 41488.5195 33209.0547 30332.9004
   vertex 41439.9297 33369.4844 30660.0488
   vertex 41196.7227 33254.6055 30316.5918
  endloop
 endfacet
facet normal -0.278983861 -0.882438481 0.378774703
  outer loop
   vertex 40975.6797 33250.2266 30143.5742
   vertex 41086.457 33182.3398 30067.0156
   vertex 41196.7227 33254.6055 30316.5918
  endloop
 endfacet
facet normal -0.327169687 -0.859032989 0.393728703
  outer loop
   vertex 40988.9453 33345.793 30389.2891
   vertex 41069.375 33432.8984 30646.1738
   vertex 40914.0469 33470.543 30599.2305
  endloop
 endfacet
facet normal -0.38831225 -0.811520755 0.436632156
  outer loop
   vertex 41022.3203 33505.3711 30760.2539
   vertex 40848.1758 33664.8867 30901.8555
   vertex 40914.0469 33470.543 30599.2305
  endloop
 endfacet
facet normal -0.447911471 -0.762915254 0.466192663
  outer loop
   vertex 41023.1992 33466.7344 30697.8691
   vertex 41022.3203 33505.3711 30760.2539
   vertex 40914.0469 33470.543 30599.2305
  endloop
 endfacet
facet normal -0.311349869 -0.898362994 0.309847057
  outer loop
   vertex 41069.375 33432.8984 30646.1738
   vertex 41023.1992 33466.7344 30697.8691
   vertex 40914.0469 33470.543 30599.2305
  endloop
 endfacet
facet normal -0.375001758 -0.849538445 0.371023059
  outer loop
   vertex 40743.0898 33403.2031 30272.252
   vertex 40988.9453 33345.793 30389.2891
   vertex 40914.0469 33470.543 30599.2305
  endloop
 endfacet
facet normal -0.384847343 -0.831544757 0.400531918
  outer loop
   vertex 40868.7109 33310.0312 30199.5234
   vertex 40988.9453 33345.793 30389.2891
   vertex 40743.0898 33403.2031 30272.252
  endloop
 endfacet
facet normal -0.374236017 -0.850008488 0.370719492
  outer loop
   vertex 40914.0469 33470.543 30599.2305
   vertex 40727.707 33523.7578 30533.1367
   vertex 40743.0898 33403.2031 30272.252
  endloop
 endfacet
facet normal -0.336154222 -0.908102572 -0.249699861
  outer loop
   vertex 37588.6914 34019.75 29877.1426
   vertex 37661.0391 33978.1602 29931.002
   vertex 37466.1289 34059.7617 29896.6289
  endloop
 endfacet
facet normal 0.068408154 -0.993721128 -0.0885361061
  outer loop
   vertex 37524.8516 33805.3242 30027.6465
   vertex 37561.3867 33804.0312 30070.3945
   vertex 37415.2578 33792 30092.5332
  endloop
 endfacet
facet normal -0.55994767 -0.82545495 0.0712930709
  outer loop
   vertex 40098.5547 33854.418 30517.3535
   vertex 40067.6523 33853.4492 30263.4023
   vertex 40250.2344 33741.8164 30404.9473
  endloop
 endfacet
facet normal 0.559442163 -0.783287823 -0.271080524
  outer loop
   vertex 37561.3867 33804.0312 30070.3945
   vertex 37594.3203 33842.9297 30025.9629
   vertex 37687.0938 33851.5938 30192.3906
  endloop
 endfacet
facet normal 0.117443189 -0.960219741 0.253347933
  outer loop
   vertex 37415.2578 33792 30092.5332
   vertex 37561.3867 33804.0312 30070.3945
   vertex 37687.0938 33851.5938 30192.3906
  endloop
 endfacet
facet normal 0.190964535 -0.71287626 -0.674788833
  outer loop
   vertex 37383.3281 33709.6562 30256.375
   vertex 37687.0938 33851.5938 30192.3906
   vertex 37494.582 33714.9727 30282.2441
  endloop
 endfacet
facet normal 0.327257156 -0.868355572 -0.372641027
  outer loop
   vertex 37383.3281 33709.6562 30256.375
   vertex 37415.2578 33792 30092.5332
   vertex 37687.0938 33851.5938 30192.3906
  endloop
 endfacet
facet normal 0.114810593 -0.967529356 -0.225178838
  outer loop
   vertex 39569.3359 33906.2852 31342.7441
   vertex 39433.9414 33831.457 31595.2246
   vertex 39400.8359 33884.0898 31352.1934
  endloop
 endfacet
facet normal -0.665696919 -0.710510612 -0.228083953
  outer loop
   vertex 39905.1055 33965.6211 30388.3848
   vertex 39963.0625 33993.3789 30132.7578
   vertex 40067.6523 33853.4492 30263.4023
  endloop
 endfacet
facet normal -0.530822635 -0.844764709 0.0678224117
  outer loop
   vertex 39905.1055 33965.6211 30388.3848
   vertex 40067.6523 33853.4492 30263.4023
   vertex 40098.5547 33854.418 30517.3535
  endloop
 endfacet
facet normal -0.748039722 -0.655563176 -0.103312604
  outer loop
   vertex 40067.6523 33853.4492 30263.4023
   vertex 39963.0625 33993.3789 30132.7578
   vertex 40105.4141 33847.3711 30028.5312
  endloop
 endfacet
facet normal 0.376672745 -0.918038964 0.123782456
  outer loop
   vertex 37524.2539 33757.6055 30548.6777
   vertex 37401.5664 33683.4922 30372.3711
   vertex 37554.0938 33742.7461 30347.6758
  endloop
 endfacet
facet normal 0.369585395 -0.92741549 0.0575073697
  outer loop
   vertex 37554.0938 33742.7461 30347.6758
   vertex 37401.5664 33683.4922 30372.3711
   vertex 37494.582 33714.9727 30282.2441
  endloop
 endfacet
facet normal -0.0130897723 -0.853397369 -0.521096528
  outer loop
   vertex 37081.2383 33808.7344 30137.3125
   vertex 37142.6328 33879.4766 30019.9141
   vertex 37312.9688 33899.8047 29982.3438
  endloop
 endfacet
facet normal -0.234000713 -0.972236156 0.000687062857
  outer loop
   vertex 36037.8828 34015.8281 30760.252
   vertex 35964.4531 34033.3828 30592.7871
   vertex 36253.7773 33963.7227 30560.3672
  endloop
 endfacet
facet normal -0.524105966 -0.398883909 -0.752465665
  outer loop
   vertex 36944.5352 33890.8242 30102.2441
   vertex 36840.1797 33889.1016 30175.8418
   vertex 36846.5078 34004.0625 30110.4941
  endloop
 endfacet
facet normal -0.547288418 -0.740974367 -0.389143169
  outer loop
   vertex 36831.0742 33801.6875 30291.9141
   vertex 36624.8672 33833.8203 30520.7344
   vertex 36531.9258 34017.9648 30300.8145
  endloop
 endfacet
facet normal -0.255213082 -0.865435779 -0.431146324
  outer loop
   vertex 35964.4531 34033.3828 30592.7871
   vertex 35770.293 34131.0273 30511.7168
   vertex 36082.5781 34070.4219 30448.5137
  endloop
 endfacet
facet normal -0.26991275 -0.683195591 -0.678521156
  outer loop
   vertex 35915.4102 34157.9922 30426.8359
   vertex 36082.5781 34070.4219 30448.5137
   vertex 35770.293 34131.0273 30511.7168
  endloop
 endfacet
facet normal -0.328533322 -0.381554693 -0.863991797
  outer loop
   vertex 36082.5781 34070.4219 30448.5137
   vertex 36147.6523 34217.2031 30358.9473
   vertex 36531.9258 34017.9648 30300.8145
  endloop
 endfacet
facet normal 0.109824985 -0.981252193 0.158374861
  outer loop
   vertex 37357.4844 33785.5312 30837.3496
   vertex 37524.2539 33757.6055 30548.6777
   vertex 37521.9375 33783.3008 30709.502
  endloop
 endfacet
facet normal -0.194612443 -0.886129856 0.420594633
  outer loop
   vertex 37405.6094 34094.6094 31693.5371
   vertex 37087.9531 34193.4688 31754.8418
   vertex 37217.2344 34021.75 31452.877
  endloop
 endfacet
facet normal 0.223472282 -0.944332778 0.241445169
  outer loop
   vertex 37230.3711 33682.7266 30527.8242
   vertex 37401.5664 33683.4922 30372.3711
   vertex 37524.2539 33757.6055 30548.6777
  endloop
 endfacet
facet normal 0.429819465 -0.771227241 0.469535738
  outer loop
   vertex 37230.3711 33682.7266 30527.8242
   vertex 37303.9414 33655.3477 30415.5059
   vertex 37401.5664 33683.4922 30372.3711
  endloop
 endfacet
facet normal 0.0699453354 -0.850925982 0.520607948
  outer loop
   vertex 36986.5625 33676.2656 30739.752
   vertex 37042.6211 33654.8828 30697.2656
   vertex 37084.6328 33698.2695 30762.5371
  endloop
 endfacet
facet normal 0.231007755 -0.959030807 0.163997933
  outer loop
   vertex 37745.5703 33882.2773 30938.1777
   vertex 37646.0938 33871.3242 31014.248
   vertex 37593.3086 33839.3242 30901.4609
  endloop
 endfacet
facet normal -0.233111441 -0.863257945 0.447710633
  outer loop
   vertex 36612.6406 34105.8086 31366.6602
   vertex 36368.1836 34097.3281 31223.0215
   vertex 36548.1523 33946.8594 31026.6035
  endloop
 endfacet
facet normal -0.388845474 -0.864586294 0.318260491
  outer loop
   vertex 40495.2891 33702.1094 30672.9707
   vertex 40486.1445 33803.1758 30936.3633
   vertex 40285.5195 33799.8047 30682.084
  endloop
 endfacet
facet normal -0.356621802 -0.876312494 0.323878586
  outer loop
   vertex 40495.2891 33702.1094 30672.9707
   vertex 40606.9453 33718.0859 30839.1484
   vertex 40486.1445 33803.1758 30936.3633
  endloop
 endfacet
facet normal 0.232439056 -0.872285545 0.430220932
  outer loop
   vertex 37084.6328 33698.2695 30762.5371
   vertex 37042.6211 33654.8828 30697.2656
   vertex 37147.9141 33678.7305 30688.7344
  endloop
 endfacet
facet normal 0.189779624 -0.97451669 0.119586416
  outer loop
   vertex 37357.4844 33785.5312 30837.3496
   vertex 37681.3633 33838.4961 30755
   vertex 37593.3086 33839.3242 30901.4609
  endloop
 endfacet
facet normal 0.230089262 -0.921786845 0.312038302
  outer loop
   vertex 37357.4844 33785.5312 30837.3496
   vertex 37521.9375 33783.3008 30709.502
   vertex 37681.3633 33838.4961 30755
  endloop
 endfacet
facet normal -0.155430615 -0.895902634 0.416172802
  outer loop
   vertex 37380.9961 34234.5234 31985.5488
   vertex 37405.6094 34094.6094 31693.5371
   vertex 37691.3008 34078.8281 31766.2656
  endloop
 endfacet
facet normal 0.180450559 -0.901494086 0.393377632
  outer loop
   vertex 37357.4844 33785.5312 30837.3496
   vertex 37084.6328 33698.2695 30762.5371
   vertex 37147.9141 33678.7305 30688.7344
  endloop
 endfacet
facet normal -0.2524454 -0.967566788 0.00926394854
  outer loop
   vertex 35964.4531 34033.3828 30592.7871
   vertex 36037.8828 34015.8281 30760.252
   vertex 35764.1758 34086.8008 30714.5156
  endloop
 endfacet
facet normal 0.0447353013 -0.727159858 0.685009003
  outer loop
   vertex 37084.6328 33698.2695 30762.5371
   vertex 37357.4844 33785.5312 30837.3496
   vertex 36928.8281 33778.7031 30858.0938
  endloop
 endfacet
facet normal 0.0322696865 -0.932450771 0.359853089
  outer loop
   vertex 36928.8281 33778.7031 30858.0938
   vertex 37357.4844 33785.5312 30837.3496
   vertex 37111.8359 33893.9531 31140.3223
  endloop
 endfacet
facet normal -0.298598856 -0.907687008 0.294861048
  outer loop
   vertex 36368.2891 33924.5781 30775.8652
   vertex 36667.0039 33819.2539 30754.1406
   vertex 36548.1523 33946.8594 31026.6035
  endloop
 endfacet
facet normal 0.716600537 -0.632764161 0.293416321
  outer loop
   vertex 39355.3047 33738.1914 32023.6562
   vertex 39447.4258 33798.4961 31928.7285
   vertex 39372.8594 33786.0898 32084.082
  endloop
 endfacet
facet normal 0.446427345 -0.759822845 0.472622305
  outer loop
   vertex 39301.293 33740.4336 32078.2852
   vertex 39355.3047 33738.1914 32023.6562
   vertex 39372.8594 33786.0898 32084.082
  endloop
 endfacet
facet normal 0.105787106 -0.940558016 -0.322737843
  outer loop
   vertex 39569.3359 33906.2852 31342.7441
   vertex 39400.8359 33884.0898 31352.1934
   vertex 39328.3086 33958.8359 31110.5879
  endloop
 endfacet
facet normal 0.185524598 -0.979937077 -0.0728278831
  outer loop
   vertex 39913.4414 33940.4609 31371.9941
   vertex 39990.9102 33942.375 31543.6035
   vertex 39936.9102 33926.207 31623.5723
  endloop
 endfacet
facet normal -0.0979443341 -0.958365142 -0.268222243
  outer loop
   vertex 38838.5039 33888.1719 31354.1504
   vertex 39092.5586 33786.8945 31623.248
   vertex 38763.8516 33827.9375 31596.6211
  endloop
 endfacet
facet normal -0.0367774889 -0.627621591 0.777649403
  outer loop
   vertex 41560.3203 33858.3867 31355.8457
   vertex 41481.207 33901.1211 31386.5938
   vertex 41435.5664 33745.9922 31259.2363
  endloop
 endfacet
facet normal -0.160170853 -0.756071568 0.634587348
  outer loop
   vertex 41079.1719 33921.2188 31371.3457
   vertex 41034.4023 33792.125 31206.2422
   vertex 41212.4102 33853.5586 31324.3652
  endloop
 endfacet
facet normal -0.214113042 -0.847697675 0.485349566
  outer loop
   vertex 40932.0938 33833.8945 31234.0586
   vertex 40848.1758 33664.8867 30901.8555
   vertex 41034.4023 33792.125 31206.2422
  endloop
 endfacet
facet normal -0.194532201 -0.970941544 0.139390439
  outer loop
   vertex 39903.1016 33948.6367 30947.2617
   vertex 40214.8945 33892.2656 30989.7539
   vertex 40144.7578 33939.2227 31218.9668
  endloop
 endfacet
facet normal -0.386921823 -0.811893106 0.437173933
  outer loop
   vertex 40848.1758 33664.8867 30901.8555
   vertex 40727.707 33523.7578 30533.1367
   vertex 40914.0469 33470.543 30599.2305
  endloop
 endfacet
facet normal -0.110898159 -0.720080376 0.684971452
  outer loop
   vertex 41255.9688 33732.5273 31216.0039
   vertex 41435.5664 33745.9922 31259.2363
   vertex 41355.5664 33831.6523 31336.3359
  endloop
 endfacet
facet normal 0.219266549 -0.974684238 -0.0437359326
  outer loop
   vertex 39869.2461 33904.1133 31776.7461
   vertex 39732.4531 33880.6133 31614.6289
   vertex 39936.9102 33926.207 31623.5723
  endloop
 endfacet
facet normal 0.219408572 -0.974646628 -0.0438612178
  outer loop
   vertex 39869.2461 33904.1133 31776.7461
   vertex 39759.7812 33878.1289 31806.6074
   vertex 39732.4531 33880.6133 31614.6289
  endloop
 endfacet
facet normal -0.188074812 -0.855367541 0.482674092
  outer loop
   vertex 40848.1758 33664.8867 30901.8555
   vertex 40932.0938 33833.8945 31234.0586
   vertex 40745.6758 33887.3594 31256.1699
  endloop
 endfacet
facet normal 0.802975357 -0.380151182 -0.459037751
  outer loop
   vertex 40095.9336 33985.9062 31653.5879
   vertex 40003.875 33948.3203 31523.6797
   vertex 39913.4414 33940.4609 31371.9941
  endloop
 endfacet
facet normal -0.0210584197 -0.597885549 0.801304817
  outer loop
   vertex 41212.4102 33853.5586 31324.3652
   vertex 41267.7305 34057.2617 31477.8086
   vertex 41079.1719 33921.2188 31371.3457
  endloop
 endfacet
facet normal 0.371333718 -0.917208016 0.144363284
  outer loop
   vertex 39447.4258 33798.4961 31928.7285
   vertex 39626.6055 33848.6992 31786.7891
   vertex 39738.9492 33924.0312 31976.4375
  endloop
 endfacet
facet normal 0.0423253439 -0.671780646 0.739539981
  outer loop
   vertex 39257.2031 33842.8672 32192.4121
   vertex 39217.8438 33978.293 32317.6816
   vertex 39091.1992 33970.9688 32318.2773
  endloop
 endfacet
facet normal 0.267849475 -0.579539657 0.769669056
  outer loop
   vertex 39560.0703 34074.4805 32247.8027
   vertex 39350.0977 34044.1758 32298.0566
   vertex 39467.4336 33903.9297 32151.623
  endloop
 endfacet
facet normal 0.263536274 -0.578482926 0.771949589
  outer loop
   vertex 39641.8594 33983.6992 32151.8535
   vertex 39560.0703 34074.4805 32247.8027
   vertex 39467.4336 33903.9297 32151.623
  endloop
 endfacet
facet normal -0.0365796313 -0.668630719 0.742694318
  outer loop
   vertex 40943.0312 33943.1719 31384.4062
   vertex 41079.1719 33921.2188 31371.3457
   vertex 41062.3008 34089.4062 31521.9336
  endloop
 endfacet
facet normal 0.388983905 -0.901590884 0.189276055
  outer loop
   vertex 40087.5312 33993.1172 31786.5137
   vertex 40068.418 33995.9219 31839.1523
   vertex 40002.9414 33955 31778.7773
  endloop
 endfacet
facet normal 0.391311496 -0.907392144 0.15334554
  outer loop
   vertex 39815.2656 33896.0938 31867.0391
   vertex 39869.2461 33904.1133 31776.7461
   vertex 39879.3828 33928.5195 31895.3008
  endloop
 endfacet
facet normal 0.246354729 -0.96723479 0.0613692254
  outer loop
   vertex 39815.2656 33896.0938 31867.0391
   vertex 39759.7812 33878.1289 31806.6074
   vertex 39869.2461 33904.1133 31776.7461
  endloop
 endfacet
facet normal 0.26305604 -0.874779522 0.406893432
  outer loop
   vertex 39815.2656 33896.0938 31867.0391
   vertex 39879.3828 33928.5195 31895.3008
   vertex 39738.9492 33924.0312 31976.4375
  endloop
 endfacet
facet normal -0.21990034 -0.951444864 -0.215398401
  outer loop
   vertex 38763.8516 33827.9375 31596.6211
   vertex 38909.2461 33765.0234 31726.0898
   vertex 38761.1875 33794.4961 31747.0684
  endloop
 endfacet
facet normal 0.246764421 -0.691817582 0.678598404
  outer loop
   vertex 39923.2266 34074.293 32062.6191
   vertex 39738.9492 33924.0312 31976.4375
   vertex 39890.7578 33971.9062 31970.043
  endloop
 endfacet
facet normal 0.386432797 -0.561122298 0.73199147
  outer loop
   vertex 39923.2266 34074.293 32062.6191
   vertex 40097.9023 34135.1797 32017.0762
   vertex 40037.707 34246.6172 32134.2812
  endloop
 endfacet
facet normal 0.285990506 -0.846990526 0.448125571
  outer loop
   vertex 39879.3828 33928.5195 31895.3008
   vertex 39890.7578 33971.9062 31970.043
   vertex 39738.9492 33924.0312 31976.4375
  endloop
 endfacet
facet normal 0.00373877329 -0.974474609 -0.224466503
  outer loop
   vertex 39596.2539 33979.1836 31026.7168
   vertex 39569.3359 33906.2852 31342.7441
   vertex 39328.3086 33958.8359 31110.5879
  endloop
 endfacet
facet normal -0.4353939 -0.893223763 0.112176225
  outer loop
   vertex 38695.125 33871.1328 32067.0234
   vertex 38633.25 33913.8125 32166.7051
   vertex 38586.0508 33935.5703 32156.7793
  endloop
 endfacet
facet normal -0.461049557 -0.884237528 0.0745471418
  outer loop
   vertex 38350.5273 34053.3633 32097.3066
   vertex 38695.125 33871.1328 32067.0234
   vertex 38586.0508 33935.5703 32156.7793
  endloop
 endfacet
facet normal -0.418647408 -0.846376598 0.329212755
  outer loop
   vertex 38350.5273 34053.3633 32097.3066
   vertex 38481.6367 33906.5703 31886.6426
   vertex 38695.125 33871.1328 32067.0234
  endloop
 endfacet
facet normal -0.287012428 -0.744624257 0.602626443
  outer loop
   vertex 38695.125 33871.1328 32067.0234
   vertex 38919.582 33791.8477 32075.957
   vertex 38890.1992 33911.6875 32210.0449
  endloop
 endfacet
facet normal -0.299432695 -0.786891401 0.539575756
  outer loop
   vertex 38843.957 33783.4258 32021.7051
   vertex 38919.582 33791.8477 32075.957
   vertex 38695.125 33871.1328 32067.0234
  endloop
 endfacet
facet normal -0.31761381 -0.818047047 0.479500264
  outer loop
   vertex 37087.9531 34193.4688 31754.8418
   vertex 37065.0547 34336.875 31984.3281
   vertex 36632.5391 34395.2852 31797.4844
  endloop
 endfacet
facet normal -0.234434858 -0.849312305 0.472978771
  outer loop
   vertex 36612.6406 34105.8086 31366.6602
   vertex 36918.0195 34005.875 31338.5742
   vertex 36883.2227 34133.7695 31550.9844
  endloop
 endfacet
facet normal -0.306013167 -0.951352954 -0.0358260795
  outer loop
   vertex 38703.1367 33815.5938 31682.6738
   vertex 38761.1875 33794.4961 31747.0684
   vertex 38562.668 33860.2266 31697.2441
  endloop
 endfacet
facet normal -0.3192195 -0.947425961 0.0219752137
  outer loop
   vertex 38761.1875 33794.4961 31747.0684
   vertex 38685.7617 33822.6406 31864.9004
   vertex 38562.668 33860.2266 31697.2441
  endloop
 endfacet
facet normal -0.373341113 -0.925295174 0.0666725039
  outer loop
   vertex 38481.6367 33906.5703 31886.6426
   vertex 38562.668 33860.2266 31697.2441
   vertex 38685.7617 33822.6406 31864.9004
  endloop
 endfacet
facet normal -0.316465229 -0.88175714 -0.349791586
  outer loop
   vertex 38562.668 33860.2266 31697.2441
   vertex 38763.8516 33827.9375 31596.6211
   vertex 38703.1367 33815.5938 31682.6738
  endloop
 endfacet
facet normal -0.111120433 -0.96970737 -0.217531309
  outer loop
   vertex 38763.8516 33827.9375 31596.6211
   vertex 38761.1875 33794.4961 31747.0684
   vertex 38703.1367 33815.5938 31682.6738
  endloop
 endfacet
facet normal -0.201787472 -0.933281958 0.297096908
  outer loop
   vertex 37823.9336 34010.1914 31640.7344
   vertex 37691.3008 34078.8281 31766.2656
   vertex 37682.8672 33982.3516 31457.4766
  endloop
 endfacet
facet normal -0.128331929 -0.945603371 0.298940122
  outer loop
   vertex 37405.6094 34094.6094 31693.5371
   vertex 37682.8672 33982.3516 31457.4766
   vertex 37691.3008 34078.8281 31766.2656
  endloop
 endfacet
facet normal -0.221327588 -0.966157019 -0.13249439
  outer loop
   vertex 38557.4414 33884.1758 31531.334
   vertex 38763.8516 33827.9375 31596.6211
   vertex 38562.668 33860.2266 31697.2441
  endloop
 endfacet
facet normal -0.121055588 -0.915422499 0.383858293
  outer loop
   vertex 37772.9766 34204.0664 32090.6934
   vertex 37691.3008 34078.8281 31766.2656
   vertex 38103.0195 33983.9453 31669.834
  endloop
 endfacet
facet normal -0.24462299 -0.924671054 0.29179287
  outer loop
   vertex 38350.5273 34053.3633 32097.3066
   vertex 37772.9766 34204.0664 32090.6934
   vertex 38103.0195 33983.9453 31669.834
  endloop
 endfacet
facet normal -0.0701833367 -0.994352996 0.0796019062
  outer loop
   vertex 38383.3711 33940.6172 31375.7676
   vertex 38103.0195 33983.9453 31669.834
   vertex 38083.4062 33956.9648 31315.4961
  endloop
 endfacet
facet normal 0.254790425 -0.955086172 0.151301861
  outer loop
   vertex 37745.5703 33882.2773 30938.1777
   vertex 37802.0664 33911.2891 31026.166
   vertex 37772.8711 33928.7344 31185.4551
  endloop
 endfacet
facet normal 0.225076243 -0.961797059 0.155843049
  outer loop
   vertex 37646.0938 33871.3242 31014.248
   vertex 37745.5703 33882.2773 30938.1777
   vertex 37772.8711 33928.7344 31185.4551
  endloop
 endfacet
facet normal -0.379469216 -0.853035748 0.358236104
  outer loop
   vertex 38481.6367 33906.5703 31886.6426
   vertex 38350.5273 34053.3633 32097.3066
   vertex 38103.0195 33983.9453 31669.834
  endloop
 endfacet
facet normal -0.264717758 -0.95672524 0.120835833
  outer loop
   vertex 38562.668 33860.2266 31697.2441
   vertex 38481.6367 33906.5703 31886.6426
   vertex 38103.0195 33983.9453 31669.834
  endloop
 endfacet
facet normal -0.253319949 -0.962548912 -0.0965849385
  outer loop
   vertex 38406.8906 33913.8242 31571.666
   vertex 38562.668 33860.2266 31697.2441
   vertex 38103.0195 33983.9453 31669.834
  endloop
 endfacet
facet normal -0.225507721 -0.965226352 -0.132228419
  outer loop
   vertex 38562.668 33860.2266 31697.2441
   vertex 38406.8906 33913.8242 31571.666
   vertex 38557.4414 33884.1758 31531.334
  endloop
 endfacet
facet normal -0.116111763 -0.954987824 -0.272976846
  outer loop
   vertex 38638.7773 33896.2891 31410.709
   vertex 38838.5039 33888.1719 31354.1504
   vertex 38763.8516 33827.9375 31596.6211
  endloop
 endfacet
facet normal 0.175638869 -0.954346836 0.241605341
  outer loop
   vertex 37582.4648 33875.1875 31075.7598
   vertex 37532.2539 33838.9961 30969.3125
   vertex 37646.0938 33871.3242 31014.248
  endloop
 endfacet
facet normal -0.0204381924 -0.922987461 0.38428688
  outer loop
   vertex 37111.8359 33893.9531 31140.3223
   vertex 37479.0391 33904.1406 31184.3242
   vertex 37217.2344 34021.75 31452.877
  endloop
 endfacet
facet normal -0.107385106 -0.907052934 0.407091439
  outer loop
   vertex 36918.0195 34005.875 31338.5742
   vertex 37111.8359 33893.9531 31140.3223
   vertex 37217.2344 34021.75 31452.877
  endloop
 endfacet
facet normal 0.203098089 -0.962818444 0.178134397
  outer loop
   vertex 37532.2539 33838.9961 30969.3125
   vertex 37593.3086 33839.3242 30901.4609
   vertex 37646.0938 33871.3242 31014.248
  endloop
 endfacet
facet normal -0.0828066543 -0.940011203 0.330941021
  outer loop
   vertex 37479.0391 33904.1406 31184.3242
   vertex 37682.8672 33982.3516 31457.4766
   vertex 37217.2344 34021.75 31452.877
  endloop
 endfacet
facet normal -0.356704175 -0.713943303 0.602533937
  outer loop
   vertex 36830.0234 34464.4062 31996.3008
   vertex 36632.5391 34395.2852 31797.4844
   vertex 37065.0547 34336.875 31984.3281
  endloop
 endfacet
facet normal -0.0824689716 -0.934106052 0.347339511
  outer loop
   vertex 37682.8672 33982.3516 31457.4766
   vertex 37405.6094 34094.6094 31693.5371
   vertex 37217.2344 34021.75 31452.877
  endloop
 endfacet
facet normal -0.306479454 -0.903324187 0.300126225
  outer loop
   vertex 36368.2891 33924.5781 30775.8652
   vertex 36548.1523 33946.8594 31026.6035
   vertex 36161.7969 34083.3125 31042.7676
  endloop
 endfacet
facet normal -0.290298998 -0.86933887 0.399970472
  outer loop
   vertex 36548.1523 33946.8594 31026.6035
   vertex 36368.1836 34097.3281 31223.0215
   vertex 36161.7969 34083.3125 31042.7676
  endloop
 endfacet
facet normal 0.515119672 -0.856405675 0.0349436328
  outer loop
   vertex 35764.1758 34086.8008 30714.5156
   vertex 35812.1953 34122.7031 30886.5938
   vertex 35743.3125 34077.7266 30799.6445
  endloop
 endfacet
facet normal -0.10251487 -0.905789733 0.411139518
  outer loop
   vertex 36918.0195 34005.875 31338.5742
   vertex 36813.4336 33932.1367 31150.0449
   vertex 37111.8359 33893.9531 31140.3223
  endloop
 endfacet
facet normal -0.024093831 -0.943350852 0.330920935
  outer loop
   vertex 37479.0391 33904.1406 31184.3242
   vertex 37357.4844 33785.5312 30837.3496
   vertex 37485.8164 33845.5352 31017.748
  endloop
 endfacet
facet normal -0.0130321188 -0.944752634 0.32752496
  outer loop
   vertex 37111.8359 33893.9531 31140.3223
   vertex 37357.4844 33785.5312 30837.3496
   vertex 37479.0391 33904.1406 31184.3242
  endloop
 endfacet
facet normal -0.283802658 -0.91976279 0.271095008
  outer loop
   vertex 35764.1758 34086.8008 30714.5156
   vertex 36037.8828 34015.8281 30760.252
   vertex 35812.1953 34122.7031 30886.5938
  endloop
 endfacet
facet normal -0.100670315 -0.896531403 0.431389511
  outer loop
   vertex 36928.8281 33778.7031 30858.0938
   vertex 37111.8359 33893.9531 31140.3223
   vertex 36813.4336 33932.1367 31150.0449
  endloop
 endfacet
facet normal -0.227121398 -0.896154881 0.381211668
  outer loop
   vertex 36548.1523 33946.8594 31026.6035
   vertex 36928.8281 33778.7031 30858.0938
   vertex 36813.4336 33932.1367 31150.0449
  endloop
 endfacet
facet normal -0.546840608 -0.446300477 0.708365202
  outer loop
   vertex 35812.1953 34122.7031 30886.5938
   vertex 35629.9375 34188.668 30787.457
   vertex 35717.4336 34096.7461 30797.0879
  endloop
 endfacet
facet normal -0.51802963 -0.706406057 0.482323319
  outer loop
   vertex 35812.1953 34122.7031 30886.5938
   vertex 35681.3359 34302.3867 31009.2129
   vertex 35629.9375 34188.668 30787.457
  endloop
 endfacet
facet normal -0.48051101 -0.563381672 0.672093928
  outer loop
   vertex 35743.3125 34077.7266 30799.6445
   vertex 35812.1953 34122.7031 30886.5938
   vertex 35717.4336 34096.7461 30797.0879
  endloop
 endfacet
facet normal -0.56296438 -0.795880914 -0.222810715
  outer loop
   vertex 35743.3125 34077.7266 30799.6445
   vertex 35717.4336 34096.7461 30797.0879
   vertex 35764.1758 34086.8008 30714.5156
  endloop
 endfacet
facet normal -0.667894363 -0.578917503 0.467730284
  outer loop
   vertex 35629.9375 34188.668 30787.457
   vertex 35509.1055 34381.5078 30853.5957
   vertex 35471.6445 34267.2383 30658.668
  endloop
 endfacet
facet normal 0.235561952 -0.960672557 0.147033498
  outer loop
   vertex 37681.3633 33838.4961 30755
   vertex 37745.5703 33882.2773 30938.1777
   vertex 37593.3086 33839.3242 30901.4609
  endloop
 endfacet
facet normal 0.208775625 -0.965197027 0.15750359
  outer loop
   vertex 37681.3633 33838.4961 30755
   vertex 37752.3086 33867.7617 30840.2871
   vertex 37745.5703 33882.2773 30938.1777
  endloop
 endfacet
facet normal 0.148252964 -0.965522885 0.213978156
  outer loop
   vertex 37772.8711 33928.7344 31185.4551
   vertex 37582.4648 33875.1875 31075.7598
   vertex 37646.0938 33871.3242 31014.248
  endloop
 endfacet
facet normal 0.410928637 -0.874074459 -0.259097427
  outer loop
   vertex 38166.9883 34051.8438 30336.6855
   vertex 38338.1055 34124.8711 30361.707
   vertex 38214.7695 34020.1289 30519.4551
  endloop
 endfacet
facet normal 0.110965885 -0.980991185 -0.159194559
  outer loop
   vertex 39732.4531 33880.6133 31614.6289
   vertex 39569.3359 33906.2852 31342.7441
   vertex 39913.4414 33940.4609 31371.9941
  endloop
 endfacet
facet normal 0.220180199 -0.97252208 -0.0756407157
  outer loop
   vertex 39936.9102 33926.207 31623.5723
   vertex 39732.4531 33880.6133 31614.6289
   vertex 39913.4414 33940.4609 31371.9941
  endloop
 endfacet
facet normal 0.215681374 -0.965595245 0.145283937
  outer loop
   vertex 37802.0664 33911.2891 31026.166
   vertex 37877.5703 33917.6133 30956.123
   vertex 37772.8711 33928.7344 31185.4551
  endloop
 endfacet
facet normal -0.189656302 -0.955988646 -0.223866463
  outer loop
   vertex 38763.8516 33827.9375 31596.6211
   vertex 38557.4414 33884.1758 31531.334
   vertex 38638.7773 33896.2891 31410.709
  endloop
 endfacet
facet normal 0.255849868 -0.956459463 -0.140449896
  outer loop
   vertex 38239.1953 33998.8945 30684.6543
   vertex 38295.3203 33989.4375 30851.3086
   vertex 38007.4766 33932.3359 30715.8301
  endloop
 endfacet
facet normal -0.142058983 -0.970808625 -0.193261176
  outer loop
   vertex 38557.4414 33884.1758 31531.334
   vertex 38383.3711 33940.6172 31375.7676
   vertex 38638.7773 33896.2891 31410.709
  endloop
 endfacet
facet normal 0.114543542 -0.970090687 -0.21401827
  outer loop
   vertex 39913.4414 33940.4609 31371.9941
   vertex 39569.3359 33906.2852 31342.7441
   vertex 39596.2539 33979.1836 31026.7168
  endloop
 endfacet
facet normal 0.000260915171 -0.949259102 -0.314495057
  outer loop
   vertex 39092.5586 33786.8945 31623.248
   vertex 39044.2227 33923.2422 31211.6602
   vertex 39262.8203 33869.2891 31374.6914
  endloop
 endfacet
facet normal 0.346973598 -0.937506378 0.0262884237
  outer loop
   vertex 40095.9336 33985.9062 31653.5879
   vertex 40002.9414 33955 31778.7773
   vertex 39936.9102 33926.207 31623.5723
  endloop
 endfacet
facet normal 0.344052523 -0.937978804 0.0427037962
  outer loop
   vertex 40095.9336 33985.9062 31653.5879
   vertex 39936.9102 33926.207 31623.5723
   vertex 39990.9102 33942.375 31543.6035
  endloop
 endfacet
facet normal 0.396830916 -0.917757511 -0.0156960823
  outer loop
   vertex 40003.875 33948.3203 31523.6797
   vertex 40095.9336 33985.9062 31653.5879
   vertex 39990.9102 33942.375 31543.6035
  endloop
 endfacet
facet normal 0.272008628 -0.946858704 0.171668068
  outer loop
   vertex 39879.3828 33928.5195 31895.3008
   vertex 39869.2461 33904.1133 31776.7461
   vertex 39940.9453 33936.8555 31843.7246
  endloop
 endfacet
facet normal 0.28131789 -0.908025324 0.310403436
  outer loop
   vertex 40068.418 33995.9219 31839.1523
   vertex 40000.4258 34000.5273 31914.2402
   vertex 40002.9414 33955 31778.7773
  endloop
 endfacet
facet normal -0.219462216 -0.969813764 -0.10628996
  outer loop
   vertex 38406.8906 33913.8242 31571.666
   vertex 38383.3711 33940.6172 31375.7676
   vertex 38557.4414 33884.1758 31531.334
  endloop
 endfacet
facet normal 0.00484764948 -0.947395563 -0.320028394
  outer loop
   vertex 39044.2227 33923.2422 31211.6602
   vertex 39328.3086 33958.8359 31110.5879
   vertex 39262.8203 33869.2891 31374.6914
  endloop
 endfacet
facet normal 0.0514434539 -0.949597776 -0.30922097
  outer loop
   vertex 39328.3086 33958.8359 31110.5879
   vertex 39400.8359 33884.0898 31352.1934
   vertex 39262.8203 33869.2891 31374.6914
  endloop
 endfacet
facet normal 0.0334220044 -0.990258574 0.135169998
  outer loop
   vertex 37883.1953 33961.875 31400.9844
   vertex 37772.8711 33928.7344 31185.4551
   vertex 38083.4062 33956.9648 31315.4961
  endloop
 endfacet
facet normal -0.122093573 -0.992518246 0.000852294732
  outer loop
   vertex 39596.2539 33979.1836 31026.7168
   vertex 39805.375 33953.5352 31113.2188
   vertex 39913.4414 33940.4609 31371.9941
  endloop
 endfacet
facet normal 0.23394762 -0.958032548 0.165656731
  outer loop
   vertex 37877.5703 33917.6133 30956.123
   vertex 37802.0664 33911.2891 31026.166
   vertex 37745.5703 33882.2773 30938.1777
  endloop
 endfacet
facet normal 0.123639084 -0.986831546 0.104292542
  outer loop
   vertex 37772.8711 33928.7344 31185.4551
   vertex 37877.5703 33917.6133 30956.123
   vertex 38097.9062 33954.5508 31044.4102
  endloop
 endfacet
facet normal 0.0123582436 0.886248112 -0.463045925
  outer loop
   vertex 37505.5742 34984.0078 31294.668
   vertex 37499.6172 34957.4648 31243.7109
   vertex 37480.7969 34960.4258 31248.873
  endloop
 endfacet
facet normal 0.0776201189 -0.942418516 0.325303584
  outer loop
   vertex 37772.8711 33928.7344 31185.4551
   vertex 37479.0391 33904.1406 31184.3242
   vertex 37582.4648 33875.1875 31075.7598
  endloop
 endfacet
facet normal 0.0811590552 -0.978478611 0.18971777
  outer loop
   vertex 37479.0391 33904.1406 31184.3242
   vertex 37772.8711 33928.7344 31185.4551
   vertex 37643.4531 33936.5273 31281.0234
  endloop
 endfacet
facet normal 0.289373696 -0.943770707 0.159874156
  outer loop
   vertex 37745.5703 33882.2773 30938.1777
   vertex 37752.3086 33867.7617 30840.2871
   vertex 37817.0391 33887.1836 30837.7891
  endloop
 endfacet
facet normal 0.109274656 -0.967764378 0.226916596
  outer loop
   vertex 37772.8711 33928.7344 31185.4551
   vertex 37682.8672 33982.3516 31457.4766
   vertex 37643.4531 33936.5273 31281.0234
  endloop
 endfacet
facet normal -0.109023556 -0.981498957 0.157396495
  outer loop
   vertex 37772.8711 33928.7344 31185.4551
   vertex 37741.5117 33956.6094 31337.5605
   vertex 37682.8672 33982.3516 31457.4766
  endloop
 endfacet
facet normal 0.0664246753 -0.997570217 -0.0210095793
  outer loop
   vertex 38378.2148 33972.1172 31096.5371
   vertex 38240.9961 33960.668 31206.3984
   vertex 38097.9062 33954.5508 31044.4102
  endloop
 endfacet
facet normal 0.119122431 -0.96862644 -0.21811147
  outer loop
   vertex 38418.4414 34042.6719 30682.1426
   vertex 38602.1484 34011.4883 30920.9453
   vertex 38295.3203 33989.4375 30851.3086
  endloop
 endfacet
facet normal -0.13581723 -0.963698804 -0.229865834
  outer loop
   vertex 38619.0039 33948.0664 31205.3105
   vertex 38638.7773 33896.2891 31410.709
   vertex 38383.3711 33940.6172 31375.7676
  endloop
 endfacet
facet normal -0.0792512 -0.996705413 -0.0172502697
  outer loop
   vertex 39913.4414 33940.4609 31371.9941
   vertex 39805.375 33953.5352 31113.2188
   vertex 39903.1016 33948.6367 30947.2617
  endloop
 endfacet
facet normal -0.0177873373 -0.999664962 -0.0188031252
  outer loop
   vertex 40144.7578 33939.2227 31218.9668
   vertex 39913.4414 33940.4609 31371.9941
   vertex 39903.1016 33948.6367 30947.2617
  endloop
 endfacet
facet normal -0.175482526 -0.902778268 0.392679572
  outer loop
   vertex 37380.9961 34234.5234 31985.5488
   vertex 37691.3008 34078.8281 31766.2656
   vertex 37772.9766 34204.0664 32090.6934
  endloop
 endfacet
facet normal -0.107755952 -0.993591428 -0.0341279842
  outer loop
   vertex 39903.1016 33948.6367 30947.2617
   vertex 39805.375 33953.5352 31113.2188
   vertex 39596.2539 33979.1836 31026.7168
  endloop
 endfacet
facet normal -0.676584542 -0.579684854 0.454091251
  outer loop
   vertex 35629.9375 34188.668 30787.457
   vertex 35681.3359 34302.3867 31009.2129
   vertex 35509.1055 34381.5078 30853.5957
  endloop
 endfacet
facet normal -0.498147398 -0.706158757 0.503178895
  outer loop
   vertex 35681.3359 34302.3867 31009.2129
   vertex 35812.1953 34122.7031 30886.5938
   vertex 35888.0508 34274.0195 31174.0469
  endloop
 endfacet
facet normal -0.314457804 -0.801511765 0.508620858
  outer loop
   vertex 35888.0508 34274.0195 31174.0469
   vertex 36161.7969 34083.3125 31042.7676
   vertex 36201.4648 34316.1328 31434.1816
  endloop
 endfacet
facet normal -0.357625812 -0.752721965 0.552732706
  outer loop
   vertex 35911.8359 34398.6797 31359.2012
   vertex 35888.0508 34274.0195 31174.0469
   vertex 36201.4648 34316.1328 31434.1816
  endloop
 endfacet
facet normal -0.302440017 -0.77112776 0.560260713
  outer loop
   vertex 36368.1836 34097.3281 31223.0215
   vertex 36612.6406 34105.8086 31366.6602
   vertex 36201.4648 34316.1328 31434.1816
  endloop
 endfacet
facet normal -0.0635469779 -0.989056468 0.133150697
  outer loop
   vertex 38103.0195 33983.9453 31669.834
   vertex 37682.8672 33982.3516 31457.4766
   vertex 37883.1953 33961.875 31400.9844
  endloop
 endfacet
facet normal -0.115286075 -0.965052247 0.235336497
  outer loop
   vertex 38103.0195 33983.9453 31669.834
   vertex 37823.9336 34010.1914 31640.7344
   vertex 37682.8672 33982.3516 31457.4766
  endloop
 endfacet
facet normal -0.125201002 -0.92020762 0.370867431
  outer loop
   vertex 38103.0195 33983.9453 31669.834
   vertex 37691.3008 34078.8281 31766.2656
   vertex 37823.9336 34010.1914 31640.7344
  endloop
 endfacet
facet normal -0.254559189 -0.961770952 -0.100976564
  outer loop
   vertex 38103.0195 33983.9453 31669.834
   vertex 38383.3711 33940.6172 31375.7676
   vertex 38406.8906 33913.8242 31571.666
  endloop
 endfacet
facet normal -0.462826312 -0.70923233 0.531771839
  outer loop
   vertex 36201.4648 34316.1328 31434.1816
   vertex 36113.6914 34515.7539 31624.0215
   vertex 35944.6641 34557.6172 31532.7441
  endloop
 endfacet
facet normal -0.358797967 -0.653562903 0.666422904
  outer loop
   vertex 36201.4648 34316.1328 31434.1816
   vertex 35944.6641 34557.6172 31532.7441
   vertex 35911.8359 34398.6797 31359.2012
  endloop
 endfacet
facet normal -0.301661521 -0.928633511 0.2159632
  outer loop
   vertex 37065.0547 34336.875 31984.3281
   vertex 37380.9961 34234.5234 31985.5488
   vertex 37284.957 34283.3008 32061.1309
  endloop
 endfacet
facet normal -0.270243883 -0.828372896 0.490679771
  outer loop
   vertex 37087.9531 34193.4688 31754.8418
   vertex 37380.9961 34234.5234 31985.5488
   vertex 37065.0547 34336.875 31984.3281
  endloop
 endfacet
facet normal -0.0472625047 -0.981033087 0.187990323
  outer loop
   vertex 37883.1953 33961.875 31400.9844
   vertex 37682.8672 33982.3516 31457.4766
   vertex 37769.9922 33957.7852 31351.1699
  endloop
 endfacet
facet normal -0.0400471725 -0.984306633 0.171862423
  outer loop
   vertex 37772.8711 33928.7344 31185.4551
   vertex 37883.1953 33961.875 31400.9844
   vertex 37769.9922 33957.7852 31351.1699
  endloop
 endfacet
facet normal -0.0414660834 -0.984253764 0.171828508
  outer loop
   vertex 37741.5117 33956.6094 31337.5605
   vertex 37772.8711 33928.7344 31185.4551
   vertex 37769.9922 33957.7852 31351.1699
  endloop
 endfacet
facet normal -0.288508952 -0.788520992 0.543136477
  outer loop
   vertex 36883.2227 34133.7695 31550.9844
   vertex 36632.5391 34395.2852 31797.4844
   vertex 36612.6406 34105.8086 31366.6602
  endloop
 endfacet
facet normal -0.311380833 -0.782053232 0.539846957
  outer loop
   vertex 36201.4648 34316.1328 31434.1816
   vertex 36612.6406 34105.8086 31366.6602
   vertex 36632.5391 34395.2852 31797.4844
  endloop
 endfacet
facet normal 0.116242088 -0.475938529 0.871762753
  outer loop
   vertex 38289.7227 34419.1055 32418.0566
   vertex 38262.1445 34402.2695 32412.541
   vertex 38435.9375 34310.1836 32339.0938
  endloop
 endfacet
facet normal -0.176588789 -0.532115519 0.828051567
  outer loop
   vertex 38890.1992 33911.6875 32210.0449
   vertex 38902.1953 34115.6211 32343.6504
   vertex 38639.3203 33992.2891 32208.3359
  endloop
 endfacet
facet normal 0.0461945124 -0.78776592 0.61424011
  outer loop
   vertex 37594.5391 34255.1445 32169.6211
   vertex 37772.9766 34204.0664 32090.6934
   vertex 37637.7422 34290.4062 32211.5938
  endloop
 endfacet
facet normal 0.10690926 0.586332381 0.802984893
  outer loop
   vertex 39584.9883 34702.1992 32061.1973
   vertex 39361.9766 34677.9258 32108.6113
   vertex 39402.7305 34470.9102 32254.3457
  endloop
 endfacet
facet normal -0.202038482 -0.964916766 0.167678639
  outer loop
   vertex 37462.6328 34275.0703 32125.3496
   vertex 37772.9766 34204.0664 32090.6934
   vertex 37594.5391 34255.1445 32169.6211
  endloop
 endfacet
facet normal -0.168868706 -0.915870905 0.364230514
  outer loop
   vertex 37462.6328 34275.0703 32125.3496
   vertex 37380.9961 34234.5234 31985.5488
   vertex 37772.9766 34204.0664 32090.6934
  endloop
 endfacet
facet normal -0.166742429 -0.88104552 0.442668855
  outer loop
   vertex 37637.7422 34290.4062 32211.5938
   vertex 37772.9766 34204.0664 32090.6934
   vertex 37707.9922 34281.5352 32220.4004
  endloop
 endfacet
facet normal 0.52754724 -0.802256048 0.279426426
  outer loop
   vertex 40000.4258 34000.5273 31914.2402
   vertex 39940.9453 33936.8555 31843.7246
   vertex 40002.9414 33955 31778.7773
  endloop
 endfacet
facet normal 0.221353978 0.235321313 0.94637537
  outer loop
   vertex 39467.3984 34215.3516 32302.7676
   vertex 39691.2773 34251.1094 32241.5117
   vertex 39402.7305 34470.9102 32254.3457
  endloop
 endfacet
facet normal 0.399024189 -0.721260607 0.566182673
  outer loop
   vertex 39923.2266 34074.293 32062.6191
   vertex 40000.4258 34000.5273 31914.2402
   vertex 40097.9023 34135.1797 32017.0762
  endloop
 endfacet
facet normal 0.42858547 -0.820144355 0.379048467
  outer loop
   vertex 39879.3828 33928.5195 31895.3008
   vertex 39940.9453 33936.8555 31843.7246
   vertex 40000.4258 34000.5273 31914.2402
  endloop
 endfacet
facet normal 0.419028163 -0.811504066 0.407279432
  outer loop
   vertex 39890.7578 33971.9062 31970.043
   vertex 39879.3828 33928.5195 31895.3008
   vertex 40000.4258 34000.5273 31914.2402
  endloop
 endfacet
facet normal 0.468124449 -0.669703543 0.576503873
  outer loop
   vertex 39890.7578 33971.9062 31970.043
   vertex 40000.4258 34000.5273 31914.2402
   vertex 39923.2266 34074.293 32062.6191
  endloop
 endfacet
facet normal 0.403983861 -0.911685407 0.0750119984
  outer loop
   vertex 40002.9414 33955 31778.7773
   vertex 40095.9336 33985.9062 31653.5879
   vertex 40087.5312 33993.1172 31786.5137
  endloop
 endfacet
facet normal 0.136826277 -0.714292943 0.686341107
  outer loop
   vertex 40528.7344 34202.7188 31841.3965
   vertex 40569.0703 34226.4453 31858.0508
   vertex 40504.8594 34249.0742 31894.3984
  endloop
 endfacet
facet normal -0.0959340632 -0.855911434 0.508145928
  outer loop
   vertex 40432.5547 33941.75 31288.668
   vertex 40745.6758 33887.3594 31256.1699
   vertex 40682.957 34047.0469 31513.3066
  endloop
 endfacet
facet normal 0.55331552 0.49996531 0.666240692
  outer loop
   vertex 40504.8594 34249.0742 31894.3984
   vertex 40569.0703 34226.4453 31858.0508
   vertex 40642.332 34240.3906 31786.7422
  endloop
 endfacet
facet normal 0.362658441 -0.769854724 0.525169015
  outer loop
   vertex 40591.0352 34290.9258 31896.2422
   vertex 40504.8594 34249.0742 31894.3984
   vertex 40642.332 34240.3906 31786.7422
  endloop
 endfacet
facet normal 0.0530513935 -0.925608814 0.374745131
  outer loop
   vertex 40479.7461 34061.6172 31578.0527
   vertex 40432.5547 33941.75 31288.668
   vertex 40682.957 34047.0469 31513.3066
  endloop
 endfacet
facet normal -0.0371526182 -0.94663918 -0.320146739
  outer loop
   vertex 39464.2773 34004.7305 30966.4902
   vertex 39596.2539 33979.1836 31026.7168
   vertex 39443.8438 33990.3242 31011.4648
  endloop
 endfacet
facet normal -0.157768175 -0.793279052 0.588062525
  outer loop
   vertex 40932.0938 33833.8945 31234.0586
   vertex 40943.0312 33943.1719 31384.4062
   vertex 40745.6758 33887.3594 31256.1699
  endloop
 endfacet
facet normal 0.400647014 -0.912689507 0.0804971978
  outer loop
   vertex 40214.1445 34047.8359 31767.4023
   vertex 40095.9336 33985.9062 31653.5879
   vertex 40361.2969 34112.332 31766.291
  endloop
 endfacet
facet normal 0.299218476 0.951076686 -0.0769510642
  outer loop
   vertex 41700.2539 34366.2773 30801.9316
   vertex 41504.5391 34429.8359 30826.4629
   vertex 41662.0977 34397.0781 31034.2754
  endloop
 endfacet
facet normal -0.0731050521 -0.804203093 0.589841545
  outer loop
   vertex 40932.0938 33833.8945 31234.0586
   vertex 41079.1719 33921.2188 31371.3457
   vertex 40943.0312 33943.1719 31384.4062
  endloop
 endfacet
facet normal 0.141266182 -0.929955065 0.33945173
  outer loop
   vertex 40243.0352 33991.6094 31484.7773
   vertex 40479.7461 34061.6172 31578.0527
   vertex 40361.2969 34112.332 31766.291
  endloop
 endfacet
facet normal 0.13076213 -0.923306286 0.361118734
  outer loop
   vertex 40243.0352 33991.6094 31484.7773
   vertex 40432.5547 33941.75 31288.668
   vertex 40479.7461 34061.6172 31578.0527
  endloop
 endfacet
facet normal 0.453367472 -0.764998257 0.457422793
  outer loop
   vertex 40068.418 33995.9219 31839.1523
   vertex 40166.1406 34066.3984 31860.1602
   vertex 40000.4258 34000.5273 31914.2402
  endloop
 endfacet
facet normal 0.534183979 -0.811411083 0.237190977
  outer loop
   vertex 40068.418 33995.9219 31839.1523
   vertex 40087.5312 33993.1172 31786.5137
   vertex 40166.1406 34066.3984 31860.1602
  endloop
 endfacet
facet normal 0.311511517 -0.803027034 0.508043468
  outer loop
   vertex 40504.8594 34249.0742 31894.3984
   vertex 40316.6836 34207.6953 31944.3789
   vertex 40361.2969 34112.332 31766.291
  endloop
 endfacet
facet normal 0.421157986 -0.751447797 0.507889867
  outer loop
   vertex 40166.1406 34066.3984 31860.1602
   vertex 40361.2969 34112.332 31766.291
   vertex 40316.6836 34207.6953 31944.3789
  endloop
 endfacet
facet normal 0.0895086378 -0.729383469 0.678224146
  outer loop
   vertex 40528.7344 34202.7188 31841.3965
   vertex 40504.8594 34249.0742 31894.3984
   vertex 40361.2969 34112.332 31766.291
  endloop
 endfacet
facet normal 0.489584684 0.357890695 0.795123279
  outer loop
   vertex 41037.1719 34448.1992 31691.7441
   vertex 41200.5547 34408.6992 31608.9238
   vertex 41150.2344 34537.4883 31581.9375
  endloop
 endfacet
facet normal 0.394064456 -0.896875143 0.200818747
  outer loop
   vertex 40642.332 34240.3906 31786.7422
   vertex 40528.7344 34202.7188 31841.3965
   vertex 40361.2969 34112.332 31766.291
  endloop
 endfacet
facet normal 0.411516041 -0.876025975 0.251461774
  outer loop
   vertex 40642.332 34240.3906 31786.7422
   vertex 40569.0703 34226.4453 31858.0508
   vertex 40528.7344 34202.7188 31841.3965
  endloop
 endfacet
facet normal 0.345478892 -0.828545392 0.440632373
  outer loop
   vertex 40642.332 34240.3906 31786.7422
   vertex 40361.2969 34112.332 31766.291
   vertex 40479.7461 34061.6172 31578.0527
  endloop
 endfacet
facet normal -0.270096034 -0.941935003 0.19951576
  outer loop
   vertex 40486.1445 33803.1758 30936.3633
   vertex 40214.8945 33892.2656 30989.7539
   vertex 40262.1445 33846.6992 30838.5996
  endloop
 endfacet
facet normal -0.125506103 -0.92959857 0.346546829
  outer loop
   vertex 40745.6758 33887.3594 31256.1699
   vertex 40432.5547 33941.75 31288.668
   vertex 40486.1445 33803.1758 30936.3633
  endloop
 endfacet
facet normal -0.280695766 -0.847326338 0.45083034
  outer loop
   vertex 40745.6758 33887.3594 31256.1699
   vertex 40486.1445 33803.1758 30936.3633
   vertex 40848.1758 33664.8867 30901.8555
  endloop
 endfacet
facet normal 0.0894909427 -0.720092416 0.688083053
  outer loop
   vertex 40943.0312 33943.1719 31384.4062
   vertex 41062.3008 34089.4062 31521.9336
   vertex 40870.5898 34019.7344 31473.9531
  endloop
 endfacet
facet normal -0.191549823 -0.975067794 0.11203339
  outer loop
   vertex 39903.1016 33948.6367 30947.2617
   vertex 40085.0586 33900.1055 30835.9844
   vertex 40214.8945 33892.2656 30989.7539
  endloop
 endfacet
facet normal -0.236985773 -0.915832043 0.324175
  outer loop
   vertex 40486.1445 33803.1758 30936.3633
   vertex 40432.5547 33941.75 31288.668
   vertex 40214.8945 33892.2656 30989.7539
  endloop
 endfacet
facet normal -0.0373101495 -0.981154263 0.189589635
  outer loop
   vertex 40144.7578 33939.2227 31218.9668
   vertex 40214.8945 33892.2656 30989.7539
   vertex 40432.5547 33941.75 31288.668
  endloop
 endfacet
facet normal -0.0418154933 -0.977223992 0.208049864
  outer loop
   vertex 40144.7578 33939.2227 31218.9668
   vertex 40432.5547 33941.75 31288.668
   vertex 40243.0352 33991.6094 31484.7773
  endloop
 endfacet
facet normal -0.459947586 -0.877464592 -0.136029929
  outer loop
   vertex 39723.5273 34060.3711 30391.1484
   vertex 39905.1055 33965.6211 30388.3848
   vertex 39784.0352 33996.9531 30595.6387
  endloop
 endfacet
facet normal 0.0956092179 -0.7294873 0.677279234
  outer loop
   vertex 40870.5898 34019.7344 31473.9531
   vertex 41062.3008 34089.4062 31521.9336
   vertex 40882.9297 34162.043 31625.4883
  endloop
 endfacet
facet normal 0.129081041 -0.800531268 0.585224569
  outer loop
   vertex 40642.332 34240.3906 31786.7422
   vertex 40479.7461 34061.6172 31578.0527
   vertex 40682.957 34047.0469 31513.3066
  endloop
 endfacet
facet normal -0.0137403039 -0.850929677 0.525099874
  outer loop
   vertex 40682.957 34047.0469 31513.3066
   vertex 40745.6758 33887.3594 31256.1699
   vertex 40870.5898 34019.7344 31473.9531
  endloop
 endfacet
facet normal -0.0229415167 -0.558444321 0.829224706
  outer loop
   vertex 41481.207 33901.1211 31386.5938
   vertex 41383.4609 33962.2578 31425.0625
   vertex 41355.5664 33831.6523 31336.3359
  endloop
 endfacet
facet normal 0.400020838 -0.393485606 0.827739358
  outer loop
   vertex 42027.5 33885.3516 31164.2285
   vertex 41982.9688 33979.2695 31230.3945
   vertex 41893.3594 33827.7812 31201.6855
  endloop
 endfacet
facet normal -0.107416436 -0.579417288 0.807921588
  outer loop
   vertex 41212.4102 33853.5586 31324.3652
   vertex 41383.4609 33962.2578 31425.0625
   vertex 41267.7305 34057.2617 31477.8086
  endloop
 endfacet
facet normal 0.192470521 -0.421191335 0.886314273
  outer loop
   vertex 41481.207 33901.1211 31386.5938
   vertex 41615.5977 34000.6094 31404.6895
   vertex 41510.207 34034.3438 31443.6055
  endloop
 endfacet
facet normal 0.22803624 -0.586408019 0.777254879
  outer loop
   vertex 41582.1523 33780.7227 31296.666
   vertex 41682.3203 33778.5273 31265.6191
   vertex 41663.4453 33886.7422 31352.8008
  endloop
 endfacet
facet normal -0.151184365 -0.533195436 0.832373679
  outer loop
   vertex 41212.4102 33853.5586 31324.3652
   vertex 41355.5664 33831.6523 31336.3359
   vertex 41383.4609 33962.2578 31425.0625
  endloop
 endfacet
facet normal 0.345985711 -0.630973399 0.694382071
  outer loop
   vertex 42003.2539 33630.4688 30974.8008
   vertex 42103.1289 33597 30894.625
   vertex 42162.3828 33749.7891 31003.9395
  endloop
 endfacet
facet normal 0.32870999 -0.349686682 0.877307773
  outer loop
   vertex 41771.2148 33916.4922 31324.2812
   vertex 41729.8789 34002.5195 31374.0586
   vertex 41663.4453 33886.7422 31352.8008
  endloop
 endfacet
facet normal 0.178880841 -0.564017892 0.806154728
  outer loop
   vertex 41560.3203 33858.3867 31355.8457
   vertex 41582.1523 33780.7227 31296.666
   vertex 41663.4453 33886.7422 31352.8008
  endloop
 endfacet
facet normal 0.476914167 -0.366734177 0.798785925
  outer loop
   vertex 42208.4727 33900.8398 31054.5977
   vertex 42138.3828 33957.1484 31122.2969
   vertex 42088.2656 33805.2695 31082.4883
  endloop
 endfacet
facet normal 0.411124319 -0.679575562 0.607580304
  outer loop
   vertex 42217.7344 33724.1289 30959.2695
   vertex 42103.1289 33597 30894.625
   vertex 42269.4766 33704.1367 30901.8945
  endloop
 endfacet
facet normal 0.501865685 -0.408779114 0.762253523
  outer loop
   vertex 42162.3828 33749.7891 31003.9395
   vertex 42208.4727 33900.8398 31054.5977
   vertex 42088.2656 33805.2695 31082.4883
  endloop
 endfacet
facet normal 0.674733996 0.425143212 0.603313625
  outer loop
   vertex 43135.8281 33645.5 30248.4395
   vertex 43035.293 33684.1172 30333.6621
   vertex 43088.6094 33565.9062 30357.334
  endloop
 endfacet
facet normal 0.320039779 -0.604870439 0.729181945
  outer loop
   vertex 42088.2656 33805.2695 31082.4883
   vertex 42003.2539 33630.4688 30974.8008
   vertex 42162.3828 33749.7891 31003.9395
  endloop
 endfacet
facet normal 0.540429592 -0.0312230755 0.840809703
  outer loop
   vertex 41982.9688 33979.2695 31230.3945
   vertex 42076.207 34030.0195 31172.3496
   vertex 42021.3906 34094.4883 31209.9746
  endloop
 endfacet
facet normal 0.458589911 -0.202972472 0.865157485
  outer loop
   vertex 42138.3828 33957.1484 31122.2969
   vertex 42076.207 34030.0195 31172.3496
   vertex 42027.5 33885.3516 31164.2285
  endloop
 endfacet
facet normal 0.481852353 -0.355088174 0.801080942
  outer loop
   vertex 42162.3828 33749.7891 31003.9395
   vertex 42217.7344 33724.1289 30959.2695
   vertex 42284.9297 33847.6758 30973.6133
  endloop
 endfacet
facet normal 0.513703108 -0.409585923 0.753888905
  outer loop
   vertex 42208.4727 33900.8398 31054.5977
   vertex 42162.3828 33749.7891 31003.9395
   vertex 42284.9297 33847.6758 30973.6133
  endloop
 endfacet
facet normal 0.602960587 -0.407575816 0.685799122
  outer loop
   vertex 42217.7344 33724.1289 30959.2695
   vertex 42269.4766 33704.1367 30901.8945
   vertex 42284.9297 33847.6758 30973.6133
  endloop
 endfacet
facet normal 0.669169903 -0.142857403 0.729248524
  outer loop
   vertex 42367.9961 33977.4688 30922.8184
   vertex 42290.5469 33997.4414 30997.7969
   vertex 42284.9297 33847.6758 30973.6133
  endloop
 endfacet
facet normal 0.671251476 -0.142633259 0.727376938
  outer loop
   vertex 42284.9297 33847.6758 30973.6133
   vertex 42290.5469 33997.4414 30997.7969
   vertex 42208.4727 33900.8398 31054.5977
  endloop
 endfacet
facet normal 0.530099213 -0.374336749 0.760832965
  outer loop
   vertex 42027.5 33885.3516 31164.2285
   vertex 42088.2656 33805.2695 31082.4883
   vertex 42138.3828 33957.1484 31122.2969
  endloop
 endfacet
facet normal 0.42625311 -0.460845947 0.778414607
  outer loop
   vertex 41792.9648 33817.6953 31250.6895
   vertex 41893.3594 33827.7812 31201.6855
   vertex 41878.2344 33949.0586 31281.7676
  endloop
 endfacet
facet normal 0.445653707 -0.469591618 0.762152553
  outer loop
   vertex 41771.2148 33916.4922 31324.2812
   vertex 41792.9648 33817.6953 31250.6895
   vertex 41878.2344 33949.0586 31281.7676
  endloop
 endfacet
facet normal 0.294490099 -0.52833128 0.796330094
  outer loop
   vertex 41771.2148 33916.4922 31324.2812
   vertex 41682.3203 33778.5273 31265.6191
   vertex 41792.9648 33817.6953 31250.6895
  endloop
 endfacet
facet normal 0.587229669 -0.052697096 0.807703078
  outer loop
   vertex 41982.9688 33979.2695 31230.3945
   vertex 42021.3906 34094.4883 31209.9746
   vertex 41941.9805 34080.3594 31266.7891
  endloop
 endfacet
facet normal 0.465999097 -0.126339108 0.875718713
  outer loop
   vertex 41982.9688 33979.2695 31230.3945
   vertex 41941.9805 34080.3594 31266.7891
   vertex 41878.2344 33949.0586 31281.7676
  endloop
 endfacet
facet normal 0.455956608 -0.152114183 0.876906395
  outer loop
   vertex 41380.0742 34206.7578 31532.1855
   vertex 41443.3984 34120.5234 31484.2988
   vertex 41476.1328 34267.6211 31492.7969
  endloop
 endfacet
facet normal 0.408807218 -0.173883274 0.895902455
  outer loop
   vertex 41878.2344 33949.0586 31281.7676
   vertex 41831.5859 34071.3867 31326.7969
   vertex 41771.2148 33916.4922 31324.2812
  endloop
 endfacet
facet normal 0.250816405 -0.312154025 0.916324735
  outer loop
   vertex 41663.4453 33886.7422 31352.8008
   vertex 41729.8789 34002.5195 31374.0586
   vertex 41615.5977 34000.6094 31404.6895
  endloop
 endfacet
facet normal 0.100458018 -0.409844607 0.906606615
  outer loop
   vertex 41383.4609 33962.2578 31425.0625
   vertex 41481.207 33901.1211 31386.5938
   vertex 41510.207 34034.3438 31443.6055
  endloop
 endfacet
facet normal 0.532944143 -0.223663151 0.816054702
  outer loop
   vertex 42367.9961 33977.4688 30922.8184
   vertex 42391.8438 33862.1016 30875.623
   vertex 42404.1758 33955.7188 30893.2266
  endloop
 endfacet
facet normal 0.529503524 -0.219685137 0.819368303
  outer loop
   vertex 41771.2148 33916.4922 31324.2812
   vertex 41831.5859 34071.3867 31326.7969
   vertex 41729.8789 34002.5195 31374.0586
  endloop
 endfacet
facet normal 0.334309757 -0.549412489 0.765756428
  outer loop
   vertex 40642.332 34240.3906 31786.7422
   vertex 40882.9297 34162.043 31625.4883
   vertex 40908.4102 34314.1641 31723.5078
  endloop
 endfacet
facet normal 0.454526037 0.204947904 0.8668347
  outer loop
   vertex 41831.5859 34071.3867 31326.7969
   vertex 41941.9805 34080.3594 31266.7891
   vertex 41900.168 34174.043 31266.5645
  endloop
 endfacet
facet normal 0.413479418 0.0141431205 0.910403609
  outer loop
   vertex 41831.5859 34071.3867 31326.7969
   vertex 41722.1289 34130.9375 31375.584
   vertex 41729.8789 34002.5195 31374.0586
  endloop
 endfacet
facet normal 0.0783583224 -0.375348568 0.923565626
  outer loop
   vertex 41383.4609 33962.2578 31425.0625
   vertex 41510.207 34034.3438 31443.6055
   vertex 41443.3984 34120.5234 31484.2988
  endloop
 endfacet
facet normal 0.324109614 -0.737374842 0.592647731
  outer loop
   vertex 39738.9492 33924.0312 31976.4375
   vertex 39923.2266 34074.293 32062.6191
   vertex 39768.1445 34081.2969 32156.1426
  endloop
 endfacet
facet normal 0.512412131 -0.685758114 0.516884506
  outer loop
   vertex 39641.8594 33983.6992 32151.8535
   vertex 39738.9492 33924.0312 31976.4375
   vertex 39768.1445 34081.2969 32156.1426
  endloop
 endfacet
facet normal 0.43911016 0.0223505981 0.898155153
  outer loop
   vertex 40945.5234 34547.4727 31734.0801
   vertex 40842.875 34437.1562 31787.0117
   vertex 41037.1719 34448.1992 31691.7441
  endloop
 endfacet
facet normal 0.103997886 -0.382938892 0.91790098
  outer loop
   vertex 41267.7305 34057.2617 31477.8086
   vertex 41383.4609 33962.2578 31425.0625
   vertex 41443.3984 34120.5234 31484.2988
  endloop
 endfacet
facet normal 0.116315745 -0.415524364 0.902114272
  outer loop
   vertex 41267.7305 34057.2617 31477.8086
   vertex 41443.3984 34120.5234 31484.2988
   vertex 41380.0742 34206.7578 31532.1855
  endloop
 endfacet
facet normal 0.577921987 0.44365114 0.684967041
  outer loop
   vertex 42148.6289 34073.2422 31114.7559
   vertex 42181.707 34145.2812 31040.1836
   vertex 42076.6719 34169.7227 31112.9727
  endloop
 endfacet
facet normal 0.634388626 -0.0873927325 0.7680583
  outer loop
   vertex 42290.5469 33997.4414 30997.7969
   vertex 42216.0156 34036.1055 31063.7559
   vertex 42208.4727 33900.8398 31054.5977
  endloop
 endfacet
facet normal 0.658230126 0.350679249 0.666150987
  outer loop
   vertex 42261.1797 34111.7109 30979.3301
   vertex 42181.707 34145.2812 31040.1836
   vertex 42216.0156 34036.1055 31063.7559
  endloop
 endfacet
facet normal 0.624007642 -0.00430764677 0.781406403
  outer loop
   vertex 42076.207 34030.0195 31172.3496
   vertex 42138.3828 33957.1484 31122.2969
   vertex 42148.6289 34073.2422 31114.7559
  endloop
 endfacet
facet normal 0.657001197 0.284540176 0.698130608
  outer loop
   vertex 42991.4141 33570.5977 30419.3574
   vertex 42946.1094 33713.7305 30403.6582
   vertex 42899.3125 33608.8008 30490.4648
  endloop
 endfacet
facet normal 0.654881954 -0.0873580575 0.750665188
  outer loop
   vertex 42208.4727 33900.8398 31054.5977
   vertex 42216.0156 34036.1055 31063.7559
   vertex 42138.3828 33957.1484 31122.2969
  endloop
 endfacet
facet normal 0.504680693 0.711146712 0.489456564
  outer loop
   vertex 42181.707 34145.2812 31040.1836
   vertex 42120.2773 34230.4297 30979.8105
   vertex 42076.6719 34169.7227 31112.9727
  endloop
 endfacet
facet normal 0.710347712 0.295853913 0.638652146
  outer loop
   vertex 42367.9961 33977.4688 30922.8184
   vertex 42376.5391 34051.9414 30878.8164
   vertex 42331.6367 34077.6172 30916.8652
  endloop
 endfacet
facet normal 0.709467947 0.286397576 0.643918991
  outer loop
   vertex 42290.5469 33997.4414 30997.7969
   vertex 42331.6367 34077.6172 30916.8652
   vertex 42261.1797 34111.7109 30979.3301
  endloop
 endfacet
facet normal 0.714016914 0.286727041 0.638723314
  outer loop
   vertex 42216.0156 34036.1055 31063.7559
   vertex 42290.5469 33997.4414 30997.7969
   vertex 42261.1797 34111.7109 30979.3301
  endloop
 endfacet
facet normal 0.294845074 0.948265016 -0.117727764
  outer loop
   vertex 42061.418 34255.4805 30720.4336
   vertex 42131.9297 34251.7812 30867.2207
   vertex 42186.9375 34226.4141 30800.6523
  endloop
 endfacet
facet normal 0.790878296 0.596530974 0.136610091
  outer loop
   vertex 42391.2344 34065.9531 30644.8418
   vertex 42405.8398 34003.0117 30835.1289
   vertex 42470.9102 33934.9883 30755.4453
  endloop
 endfacet
facet normal 0.702755094 0.541772604 0.4611049
  outer loop
   vertex 42405.8398 34003.0117 30835.1289
   vertex 42367.9961 33977.4688 30922.8184
   vertex 42404.1758 33955.7188 30893.2266
  endloop
 endfacet
facet normal 0.890871763 0.150938258 0.428445071
  outer loop
   vertex 42405.8398 34003.0117 30835.1289
   vertex 42376.5391 34051.9414 30878.8164
   vertex 42367.9961 33977.4688 30922.8184
  endloop
 endfacet
facet normal 0.571419597 -0.31673941 0.757070541
  outer loop
   vertex 42350.25 33648.5586 30817.6758
   vertex 42391.8438 33862.1016 30875.623
   vertex 42269.4766 33704.1367 30901.8945
  endloop
 endfacet
facet normal 0.64918226 -0.394753814 0.650178313
  outer loop
   vertex 42269.4766 33704.1367 30901.8945
   vertex 42391.8438 33862.1016 30875.623
   vertex 42284.9297 33847.6758 30973.6133
  endloop
 endfacet
facet normal 0.990734756 -0.117815539 -0.067558527
  outer loop
   vertex 42405.8398 34003.0117 30835.1289
   vertex 42404.1758 33955.7188 30893.2266
   vertex 42391.8438 33862.1016 30875.623
  endloop
 endfacet
facet normal 0.806939363 0.0877102986 0.584085464
  outer loop
   vertex 42470.9102 33934.9883 30755.4453
   vertex 42405.8398 34003.0117 30835.1289
   vertex 42391.8438 33862.1016 30875.623
  endloop
 endfacet
facet normal 0.6788432 -0.153419957 0.718076766
  outer loop
   vertex 42367.9961 33977.4688 30922.8184
   vertex 42284.9297 33847.6758 30973.6133
   vertex 42391.8438 33862.1016 30875.623
  endloop
 endfacet
facet normal 0.760890424 0.195028976 0.61887759
  outer loop
   vertex 42391.8438 33862.1016 30875.623
   vertex 42478.4375 33783.7344 30793.8555
   vertex 42470.9102 33934.9883 30755.4453
  endloop
 endfacet
facet normal 0.484562278 -0.315753847 0.815781176
  outer loop
   vertex 42391.8438 33862.1016 30875.623
   vertex 42350.25 33648.5586 30817.6758
   vertex 42478.4375 33783.7344 30793.8555
  endloop
 endfacet
facet normal -0.274313271 -0.92208308 0.272974402
  outer loop
   vertex 40606.9453 33718.0859 30839.1484
   vertex 40495.2891 33702.1094 30672.9707
   vertex 40848.1758 33664.8867 30901.8555
  endloop
 endfacet
facet normal 0.408426732 0.860123456 -0.305573583
  outer loop
   vertex 42289.6055 34146.2148 30614.752
   vertex 42160.3789 34150.5195 30454.1367
   vertex 42168.7812 34191.4766 30580.6562
  endloop
 endfacet
facet normal 0.383149952 0.905352354 -0.183120728
  outer loop
   vertex 40946.5664 34699.6602 31127.6426
   vertex 40870.7148 34675.1328 30847.668
   vertex 40724.5234 34751.75 30920.5723
  endloop
 endfacet
facet normal 0.384042352 0.8868258 -0.257004768
  outer loop
   vertex 41031.3945 34631.4258 30946.2773
   vertex 41185.9609 34566.4258 30952.9551
   vertex 41010.0938 34577.0938 30726.9688
  endloop
 endfacet
facet normal 0.379280776 0.898834527 -0.219642043
  outer loop
   vertex 40945.7031 34629.5156 30790.4785
   vertex 40870.7148 34675.1328 30847.668
   vertex 41031.3945 34631.4258 30946.2773
  endloop
 endfacet
facet normal 0.534446478 0.716848612 0.447766721
  outer loop
   vertex 41036.8477 34577.1758 31653.7402
   vertex 41150.2344 34537.4883 31581.9375
   vertex 41048.0469 34650.918 31522.3125
  endloop
 endfacet
facet normal -0.283633113 -0.929411232 0.236108065
  outer loop
   vertex 40262.1445 33846.6992 30838.5996
   vertex 40285.5195 33799.8047 30682.084
   vertex 40486.1445 33803.1758 30936.3633
  endloop
 endfacet
facet normal -0.267300487 -0.947139621 0.177417502
  outer loop
   vertex 40214.8945 33892.2656 30989.7539
   vertex 40085.0586 33900.1055 30835.9844
   vertex 40178.0312 33876.3984 30849.5039
  endloop
 endfacet
facet normal -0.305590987 -0.933824062 0.185975105
  outer loop
   vertex 40214.8945 33892.2656 30989.7539
   vertex 40178.0312 33876.3984 30849.5039
   vertex 40262.1445 33846.6992 30838.5996
  endloop
 endfacet
facet normal -0.142463148 -0.974087596 -0.175663263
  outer loop
   vertex 39903.1016 33948.6367 30947.2617
   vertex 39596.2539 33979.1836 31026.7168
   vertex 39602.8828 34032.9062 30723.4336
  endloop
 endfacet
facet normal -0.167399868 -0.970141113 -0.175509259
  outer loop
   vertex 39500.8203 34031.4531 30828.8184
   vertex 39602.8828 34032.9062 30723.4336
   vertex 39596.2539 33979.1836 31026.7168
  endloop
 endfacet
facet normal -0.325367808 0.0166704617 -0.94544059
  outer loop
   vertex 39931.9688 34437.0352 30037.8047
   vertex 39935.9531 34193.1367 30032.1309
   vertex 39685.25 34320.5078 30120.6562
  endloop
 endfacet
facet normal 0.0942881405 -0.990324795 -0.101816081
  outer loop
   vertex 38602.1484 34011.4883 30920.9453
   vertex 38378.2148 33972.1172 31096.5371
   vertex 38295.3203 33989.4375 30851.3086
  endloop
 endfacet
facet normal 0.249721915 0.846784472 -0.469675392
  outer loop
   vertex 41800.6211 34249.2344 30472.5273
   vertex 41707.6914 34184.6055 30306.5938
   vertex 41675.0117 34255.3867 30416.8301
  endloop
 endfacet
facet normal -0.461191982 -0.806399524 0.370164514
  outer loop
   vertex 40424.9961 33620.6367 30387.9043
   vertex 40562.5195 33519.4609 30338.8281
   vertex 40604.043 33599.4141 30564.7441
  endloop
 endfacet
facet normal 0.245908096 0.893160701 -0.37655431
  outer loop
   vertex 41196.875 34431.7617 30534.9922
   vertex 41030.8047 34432.6953 30428.7539
   vertex 41129.4688 34507.5078 30670.6367
  endloop
 endfacet
facet normal -0.459326297 -0.855907083 0.237576142
  outer loop
   vertex 40250.2344 33741.8164 30404.9473
   vertex 40285.5195 33799.8047 30682.084
   vertex 40098.5547 33854.418 30517.3535
  endloop
 endfacet
facet normal -0.613860369 -0.757715106 -0.221457139
  outer loop
   vertex 39963.0625 33993.3789 30132.7578
   vertex 39905.1055 33965.6211 30388.3848
   vertex 39785.3281 34113.1875 30215.4844
  endloop
 endfacet
facet normal -0.510398388 -0.785353541 0.350304514
  outer loop
   vertex 40495.2891 33702.1094 30672.9707
   vertex 40250.2344 33741.8164 30404.9473
   vertex 40424.9961 33620.6367 30387.9043
  endloop
 endfacet
facet normal -0.357768893 -0.924850225 0.129048273
  outer loop
   vertex 40098.5547 33854.418 30517.3535
   vertex 40146.6484 33865.5312 30730.3359
   vertex 39982.9648 33919.7852 30665.3613
  endloop
 endfacet
facet normal -0.385283947 -0.912923157 0.134638771
  outer loop
   vertex 40098.5547 33854.418 30517.3535
   vertex 40285.5195 33799.8047 30682.084
   vertex 40146.6484 33865.5312 30730.3359
  endloop
 endfacet
facet normal -0.852939069 -0.215295047 -0.4755449
  outer loop
   vertex 40105.4141 33847.3711 30028.5312
   vertex 40183.918 33890.0312 29868.4121
   vertex 40198.5547 33765.543 29898.5176
  endloop
 endfacet
facet normal -0.308970422 -0.936338544 0.166755557
  outer loop
   vertex 40178.0312 33876.3984 30849.5039
   vertex 40146.6484 33865.5312 30730.3359
   vertex 40262.1445 33846.6992 30838.5996
  endloop
 endfacet
facet normal -0.265350193 -0.951343477 0.156635925
  outer loop
   vertex 40178.0312 33876.3984 30849.5039
   vertex 40085.0586 33900.1055 30835.9844
   vertex 40146.6484 33865.5312 30730.3359
  endloop
 endfacet
facet normal -0.401787132 -0.884725153 0.236280546
  outer loop
   vertex 40250.2344 33741.8164 30404.9473
   vertex 40495.2891 33702.1094 30672.9707
   vertex 40285.5195 33799.8047 30682.084
  endloop
 endfacet
facet normal -0.353993058 -0.909120381 0.219520137
  outer loop
   vertex 40146.6484 33865.5312 30730.3359
   vertex 40285.5195 33799.8047 30682.084
   vertex 40262.1445 33846.6992 30838.5996
  endloop
 endfacet
facet normal -0.49627617 -0.868154705 -0.00416384079
  outer loop
   vertex 39905.1055 33965.6211 30388.3848
   vertex 40098.5547 33854.418 30517.3535
   vertex 39982.9648 33919.7852 30665.3613
  endloop
 endfacet
facet normal -0.326464593 -0.925809503 -0.190519497
  outer loop
   vertex 39784.0352 33996.9531 30595.6387
   vertex 39620.5898 34074.9336 30496.7637
   vertex 39723.5273 34060.3711 30391.1484
  endloop
 endfacet
facet normal -0.322633356 -0.925825 -0.196864903
  outer loop
   vertex 39602.8828 34032.9062 30723.4336
   vertex 39620.5898 34074.9336 30496.7637
   vertex 39784.0352 33996.9531 30595.6387
  endloop
 endfacet
facet normal -0.239586532 -0.970365942 0.0314361304
  outer loop
   vertex 40085.0586 33900.1055 30835.9844
   vertex 39903.1016 33948.6367 30947.2617
   vertex 39982.9648 33919.7852 30665.3613
  endloop
 endfacet
facet normal -0.359699517 -0.933046162 -0.00641058153
  outer loop
   vertex 39784.0352 33996.9531 30595.6387
   vertex 39982.9648 33919.7852 30665.3613
   vertex 39903.1016 33948.6367 30947.2617
  endloop
 endfacet
facet normal -0.385491937 -0.812665343 0.437002331
  outer loop
   vertex 40604.043 33599.4141 30564.7441
   vertex 40727.707 33523.7578 30533.1367
   vertex 40848.1758 33664.8867 30901.8555
  endloop
 endfacet
facet normal -0.362348169 -0.830197036 0.423646927
  outer loop
   vertex 40848.1758 33664.8867 30901.8555
   vertex 40495.2891 33702.1094 30672.9707
   vertex 40604.043 33599.4141 30564.7441
  endloop
 endfacet
facet normal 0.131111085 0.841221511 -0.524553359
  outer loop
   vertex 41707.6914 34184.6055 30306.5938
   vertex 41730.1523 34110.9141 30194.0312
   vertex 41499.5078 34073.2188 30075.9297
  endloop
 endfacet
facet normal -0.439387739 -0.829262316 0.345343888
  outer loop
   vertex 40495.2891 33702.1094 30672.9707
   vertex 40424.9961 33620.6367 30387.9043
   vertex 40604.043 33599.4141 30564.7441
  endloop
 endfacet
facet normal -0.4140414 -0.83149761 0.370380193
  outer loop
   vertex 40727.707 33523.7578 30533.1367
   vertex 40604.043 33599.4141 30564.7441
   vertex 40562.5195 33519.4609 30338.8281
  endloop
 endfacet
facet normal -0.34308967 -0.937467039 -0.0586941093
  outer loop
   vertex 39784.0352 33996.9531 30595.6387
   vertex 39905.1055 33965.6211 30388.3848
   vertex 39982.9648 33919.7852 30665.3613
  endloop
 endfacet
facet normal 0.392133147 0.898628294 -0.196719989
  outer loop
   vertex 42245.6914 34189.5625 30725.2207
   vertex 42289.6055 34146.2148 30614.752
   vertex 42168.7812 34191.4766 30580.6562
  endloop
 endfacet
facet normal 0.258163899 0.847315252 -0.464120954
  outer loop
   vertex 42136.9766 33928.1367 30006.3535
   vertex 42080.7227 33969.5547 30050.6738
   vertex 42207.2773 34027.5508 30226.9492
  endloop
 endfacet
facet normal 0.278604329 0.839226127 -0.466989398
  outer loop
   vertex 42136.9766 33928.1367 30006.3535
   vertex 42207.2773 34027.5508 30226.9492
   vertex 42329.2852 33968.1562 30192.998
  endloop
 endfacet
facet normal 0.168783128 0.889576972 -0.424458563
  outer loop
   vertex 42617.1719 33762.6797 29821.6934
   vertex 42814.1758 33774.9648 29925.7832
   vertex 42700.25 33691.0859 29704.6875
  endloop
 endfacet
facet normal 0.15266861 0.905538499 -0.395843834
  outer loop
   vertex 42617.1719 33762.6797 29821.6934
   vertex 42784.5312 33820.9023 30019.4375
   vertex 42814.1758 33774.9648 29925.7832
  endloop
 endfacet
facet normal 0.286268234 0.927957416 -0.23863259
  outer loop
   vertex 42466.6445 33915.8203 30154.2715
   vertex 42329.2852 33968.1562 30192.998
   vertex 42519.2969 33967.2148 30417.2812
  endloop
 endfacet
facet normal 0.525401771 0.844036818 0.107493624
  outer loop
   vertex 42274.3086 34163.7266 30865.8262
   vertex 42186.9375 34226.4141 30800.6523
   vertex 42203.793 34199.4258 30930.1758
  endloop
 endfacet
facet normal 0.664129436 0.675177991 0.321040213
  outer loop
   vertex 42391.2344 34065.9531 30644.8418
   vertex 42470.9102 33934.9883 30755.4453
   vertex 42502.6367 33977.457 30600.502
  endloop
 endfacet
facet normal 0.841268361 0.529209554 0.110475354
  outer loop
   vertex 42405.8398 34003.0117 30835.1289
   vertex 42391.2344 34065.9531 30644.8418
   vertex 42343.7148 34110.7344 30792.1895
  endloop
 endfacet
facet normal 0.554208875 0.794627249 0.247830719
  outer loop
   vertex 42391.2344 34065.9531 30644.8418
   vertex 42338.5781 34121.0391 30585.9609
   vertex 42289.6055 34146.2148 30614.752
  endloop
 endfacet
facet normal 0.287315249 0.93518132 0.207088977
  outer loop
   vertex 42131.9297 34251.7812 30867.2207
   vertex 42031.7773 34281.5977 30871.5332
   vertex 42120.2773 34230.4297 30979.8105
  endloop
 endfacet
facet normal 0.239294454 0.792492092 -0.560976326
  outer loop
   vertex 41527.3008 34261.6875 30366.998
   vertex 41351.0312 34179.1602 30175.2227
   vertex 41416.4141 34268.0781 30328.7285
  endloop
 endfacet
facet normal 0.234790385 0.838880956 -0.491072565
  outer loop
   vertex 42153.582 34093.4609 30313.8672
   vertex 42207.2773 34027.5508 30226.9492
   vertex 42018.4062 34013.8906 30113.3125
  endloop
 endfacet
facet normal 0.19496119 0.881526113 -0.430002153
  outer loop
   vertex 42080.7227 33969.5547 30050.6738
   vertex 42018.4062 34013.8906 30113.3125
   vertex 42207.2773 34027.5508 30226.9492
  endloop
 endfacet
facet normal 0.198474765 0.850432158 -0.48720935
  outer loop
   vertex 41707.6914 34184.6055 30306.5938
   vertex 41555.6641 34195.8242 30264.2441
   vertex 41675.0117 34255.3867 30416.8301
  endloop
 endfacet
facet normal 0.0833853707 0.898787379 -0.430381417
  outer loop
   vertex 42042.4297 34110.5156 30292.1582
   vertex 41882.6641 34057.3633 30150.2051
   vertex 41950.9258 34183.6289 30427.1191
  endloop
 endfacet
facet normal 0.058163967 0.936781466 -0.345046937
  outer loop
   vertex 42342.3594 33818.1406 29868.1211
   vertex 42466.6445 33915.8203 30154.2715
   vertex 42543.8633 33869.957 30042.7734
  endloop
 endfacet
facet normal 0.153984353 0.813745439 -0.5604527
  outer loop
   vertex 41730.1523 34110.9141 30194.0312
   vertex 41656.8516 33988.0117 29995.4453
   vertex 41499.5078 34073.2188 30075.9297
  endloop
 endfacet
facet normal 0.224542484 0.844413459 -0.48636055
  outer loop
   vertex 42042.4297 34110.5156 30292.1582
   vertex 42153.582 34093.4609 30313.8672
   vertex 42018.4062 34013.8906 30113.3125
  endloop
 endfacet
facet normal 0.305796951 0.942178369 -0.137069717
  outer loop
   vertex 42134.6875 34222.332 30656.0293
   vertex 42061.418 34255.4805 30720.4336
   vertex 42186.9375 34226.4141 30800.6523
  endloop
 endfacet
facet normal 0.18492128 0.797458053 -0.574338555
  outer loop
   vertex 41499.5078 34073.2188 30075.9297
   vertex 41351.0312 34179.1602 30175.2227
   vertex 41555.6641 34195.8242 30264.2441
  endloop
 endfacet
facet normal 0.625779867 0.779213786 -0.0350059308
  outer loop
   vertex 42343.7148 34110.7344 30792.1895
   vertex 42391.2344 34065.9531 30644.8418
   vertex 42289.6055 34146.2148 30614.752
  endloop
 endfacet
facet normal 0.14993383 0.850665092 -0.503873706
  outer loop
   vertex 41527.3008 34261.6875 30366.998
   vertex 41555.6641 34195.8242 30264.2441
   vertex 41351.0312 34179.1602 30175.2227
  endloop
 endfacet
facet normal -0.0395128317 0.463427901 -0.885253251
  outer loop
   vertex 40594.2266 33755.4648 29668.2402
   vertex 40822.5898 33841.1953 29702.9277
   vertex 40796.7656 33663.5469 29611.082
  endloop
 endfacet
facet normal -0.13911362 0.283490449 -0.948831141
  outer loop
   vertex 40594.2266 33755.4648 29668.2402
   vertex 40796.7656 33663.5469 29611.082
   vertex 40668.2695 33592.8359 29608.7949
  endloop
 endfacet
facet normal 0.189206466 0.81686151 -0.544920325
  outer loop
   vertex 41351.0312 34179.1602 30175.2227
   vertex 41038.2734 34184.5508 30074.7051
   vertex 41297.9531 34286.5859 30317.8301
  endloop
 endfacet
facet normal 0.178094015 0.816681504 -0.548920631
  outer loop
   vertex 41416.4141 34268.0781 30328.7285
   vertex 41351.0312 34179.1602 30175.2227
   vertex 41297.9531 34286.5859 30317.8301
  endloop
 endfacet
facet normal 0.0996595696 0.77431196 -0.624907136
  outer loop
   vertex 41656.8516 33988.0117 29995.4453
   vertex 41366.8828 33869.1875 29801.9648
   vertex 41499.5078 34073.2188 30075.9297
  endloop
 endfacet
facet normal 0.0619129129 0.778180301 -0.624981761
  outer loop
   vertex 41656.8516 33988.0117 29995.4453
   vertex 41782.7617 33908.9844 29909.5195
   vertex 41514.6133 33773.5273 29714.2949
  endloop
 endfacet
facet normal 0.130213186 0.769027889 -0.625811934
  outer loop
   vertex 41351.0312 34179.1602 30175.2227
   vertex 41499.5078 34073.2188 30075.9297
   vertex 41120.5117 33957.7695 29855.2031
  endloop
 endfacet
facet normal 0.216180205 0.79621917 -0.565067351
  outer loop
   vertex 41038.2734 34184.5508 30074.7051
   vertex 41124.5039 34347.625 30337.4805
   vertex 41297.9531 34286.5859 30317.8301
  endloop
 endfacet
facet normal 0.254939198 0.857665718 -0.446559697
  outer loop
   vertex 42136.9766 33928.1367 30006.3535
   vertex 42329.2852 33968.1562 30192.998
   vertex 42211.8398 33856.2695 29911.0625
  endloop
 endfacet
facet normal 0.210799858 0.875318944 -0.43517825
  outer loop
   vertex 42466.6445 33915.8203 30154.2715
   vertex 42211.8398 33856.2695 29911.0625
   vertex 42329.2852 33968.1562 30192.998
  endloop
 endfacet
facet normal 0.454239756 0.712401152 -0.534930706
  outer loop
   vertex 40636.6172 34611.5898 30412.6309
   vertex 40611.0156 34476.1992 30210.5801
   vertex 40469.5508 34566.1797 30210.291
  endloop
 endfacet
facet normal 0.415401906 0.730453312 -0.542106271
  outer loop
   vertex 40636.6172 34611.5898 30412.6309
   vertex 40887.6797 34516.8789 30477.3945
   vertex 40611.0156 34476.1992 30210.5801
  endloop
 endfacet
facet normal 0.0603506789 0.859052956 -0.508316636
  outer loop
   vertex 42211.8398 33856.2695 29911.0625
   vertex 42132.8633 33725.6172 29680.8789
   vertex 42029.7812 33743.8477 29699.4551
  endloop
 endfacet
facet normal 0.080939889 0.854638875 -0.512875319
  outer loop
   vertex 42211.8398 33856.2695 29911.0625
   vertex 42342.3594 33818.1406 29868.1211
   vertex 42132.8633 33725.6172 29680.8789
  endloop
 endfacet
facet normal 0.0585573837 0.773478866 -0.631111264
  outer loop
   vertex 41680.7891 33724.3516 29673.7773
   vertex 41782.7617 33908.9844 29909.5195
   vertex 41937.7305 33866.1016 29871.3418
  endloop
 endfacet
facet normal 0.218881771 0.786585093 -0.577386081
  outer loop
   vertex 41555.6641 34195.8242 30264.2441
   vertex 41707.6914 34184.6055 30306.5938
   vertex 41499.5078 34073.2188 30075.9297
  endloop
 endfacet
facet normal 0.248695001 0.672253966 -0.697298646
  outer loop
   vertex 41038.2734 34184.5508 30074.7051
   vertex 40824.3164 34008.2031 29828.3848
   vertex 40757.9961 34148.4727 29939.9609
  endloop
 endfacet
facet normal 0.0730669945 0.769591093 -0.63434273
  outer loop
   vertex 41680.7891 33724.3516 29673.7773
   vertex 41514.6133 33773.5273 29714.2949
   vertex 41782.7617 33908.9844 29909.5195
  endloop
 endfacet
facet normal 0.00978723634 0.352538168 -0.935746253
  outer loop
   vertex 40822.5898 33841.1953 29702.9277
   vertex 40594.2266 33755.4648 29668.2402
   vertex 40689.9102 33902.1406 29724.5
  endloop
 endfacet
facet normal 0.0810802951 0.669338644 -0.738520026
  outer loop
   vertex 41120.5117 33957.7695 29855.2031
   vertex 41366.8828 33869.1875 29801.9648
   vertex 41135.3633 33736.3555 29656.1582
  endloop
 endfacet
facet normal 0.0680792257 0.66950798 -0.739678502
  outer loop
   vertex 41120.5117 33957.7695 29855.2031
   vertex 41135.3633 33736.3555 29656.1582
   vertex 40961.5078 33756.4258 29658.3262
  endloop
 endfacet
facet normal 0.144082218 0.915691853 -0.375164956
  outer loop
   vertex 42342.3594 33818.1406 29868.1211
   vertex 42211.8398 33856.2695 29911.0625
   vertex 42466.6445 33915.8203 30154.2715
  endloop
 endfacet
facet normal 0.0444982164 0.866683781 -0.496869355
  outer loop
   vertex 42342.3594 33818.1406 29868.1211
   vertex 42451.25 33781.4414 29813.8574
   vertex 42237.8164 33686.25 29628.7031
  endloop
 endfacet
facet normal 0.0715319067 0.860117078 -0.505056202
  outer loop
   vertex 42342.3594 33818.1406 29868.1211
   vertex 42237.8164 33686.25 29628.7031
   vertex 42132.8633 33725.6172 29680.8789
  endloop
 endfacet
facet normal 0.13932766 0.819815278 -0.555419385
  outer loop
   vertex 42211.8398 33856.2695 29911.0625
   vertex 42029.7812 33743.8477 29699.4551
   vertex 42028.918 33817.6641 29808.1953
  endloop
 endfacet
facet normal 0.114034355 0.761208177 -0.638402879
  outer loop
   vertex 41366.8828 33869.1875 29801.9648
   vertex 41656.8516 33988.0117 29995.4453
   vertex 41514.6133 33773.5273 29714.2949
  endloop
 endfacet
facet normal 0.140361309 0.817891121 -0.557989955
  outer loop
   vertex 41811.0469 34092.5898 30187.5195
   vertex 41656.8516 33988.0117 29995.4453
   vertex 41730.1523 34110.9141 30194.0312
  endloop
 endfacet
facet normal 0.0973692909 0.834585011 -0.542205811
  outer loop
   vertex 41937.7305 33866.1016 29871.3418
   vertex 41782.7617 33908.9844 29909.5195
   vertex 42018.4062 34013.8906 30113.3125
  endloop
 endfacet
facet normal 0.0595810786 0.772743881 -0.631915271
  outer loop
   vertex 41829.0977 33652.3906 29599.7578
   vertex 41680.7891 33724.3516 29673.7773
   vertex 41937.7305 33866.1016 29871.3418
  endloop
 endfacet
facet normal 0.120007157 0.841005981 -0.527548313
  outer loop
   vertex 42617.1719 33762.6797 29821.6934
   vertex 42345.9375 33636.7344 29559.2168
   vertex 42451.25 33781.4414 29813.8574
  endloop
 endfacet
facet normal 0.0627396181 0.856343925 -0.512580574
  outer loop
   vertex 42237.8164 33686.25 29628.7031
   vertex 42451.25 33781.4414 29813.8574
   vertex 42345.9375 33636.7344 29559.2168
  endloop
 endfacet
facet normal -0.00848535076 0.787478387 -0.616283894
  outer loop
   vertex 42028.918 33817.6641 29808.1953
   vertex 41829.0977 33652.3906 29599.7578
   vertex 41937.7305 33866.1016 29871.3418
  endloop
 endfacet
facet normal -0.0516506135 0.812645555 -0.58046484
  outer loop
   vertex 42145.1992 33535.2266 29425.5137
   vertex 42033.1875 33569.6875 29483.7266
   vertex 42237.8164 33686.25 29628.7031
  endloop
 endfacet
facet normal 0.0893689245 0.848420799 -0.52172339
  outer loop
   vertex 42028.918 33817.6641 29808.1953
   vertex 41937.7305 33866.1016 29871.3418
   vertex 42136.9766 33928.1367 30006.3535
  endloop
 endfacet
facet normal 0.06155679 0.842531323 -0.535118461
  outer loop
   vertex 42080.7227 33969.5547 30050.6738
   vertex 41937.7305 33866.1016 29871.3418
   vertex 42018.4062 34013.8906 30113.3125
  endloop
 endfacet
facet normal 0.0542283542 0.69377619 -0.718146145
  outer loop
   vertex 41135.3633 33736.3555 29656.1582
   vertex 41366.8828 33869.1875 29801.9648
   vertex 41295.543 33680.9844 29614.7617
  endloop
 endfacet
facet normal -0.0113856122 0.78708148 -0.616743922
  outer loop
   vertex 42237.8164 33686.25 29628.7031
   vertex 42033.1875 33569.6875 29483.7266
   vertex 42132.8633 33725.6172 29680.8789
  endloop
 endfacet
facet normal 0.123630479 0.836536229 -0.533781409
  outer loop
   vertex 42028.918 33817.6641 29808.1953
   vertex 42136.9766 33928.1367 30006.3535
   vertex 42211.8398 33856.2695 29911.0625
  endloop
 endfacet
facet normal 0.141600087 0.632661402 -0.761373103
  outer loop
   vertex 40961.5078 33756.4258 29658.3262
   vertex 40822.5898 33841.1953 29702.9277
   vertex 41120.5117 33957.7695 29855.2031
  endloop
 endfacet
facet normal 0.143812791 0.593418956 -0.791941822
  outer loop
   vertex 40822.5898 33841.1953 29702.9277
   vertex 40689.9102 33902.1406 29724.5
   vertex 40824.3164 34008.2031 29828.3848
  endloop
 endfacet
facet normal 0.171942979 0.590530932 -0.788485169
  outer loop
   vertex 40822.5898 33841.1953 29702.9277
   vertex 40824.3164 34008.2031 29828.3848
   vertex 41120.5117 33957.7695 29855.2031
  endloop
 endfacet
facet normal -0.548067033 0.207488611 -0.810290694
  outer loop
   vertex 40438.0078 33740.8008 29696.8555
   vertex 40319.4883 33753.8633 29780.3672
   vertex 40432.3242 33836.8789 29725.3027
  endloop
 endfacet
facet normal -0.477602273 0.0896130949 -0.873993993
  outer loop
   vertex 40319.4883 33753.8633 29780.3672
   vertex 40183.918 33890.0312 29868.4121
   vertex 40325.2344 33941.9727 29796.5156
  endloop
 endfacet
facet normal -0.689431667 -0.245841458 -0.681356013
  outer loop
   vertex 40198.5547 33765.543 29898.5176
   vertex 40183.918 33890.0312 29868.4121
   vertex 40319.4883 33753.8633 29780.3672
  endloop
 endfacet
facet normal -0.512195826 -0.549268782 -0.660272121
  outer loop
   vertex 39785.3281 34113.1875 30215.4844
   vertex 39685.25 34320.5078 30120.6562
   vertex 39935.9531 34193.1367 30032.1309
  endloop
 endfacet
facet normal -0.789010823 -0.374911547 -0.486727089
  outer loop
   vertex 40183.918 33890.0312 29868.4121
   vertex 40105.4141 33847.3711 30028.5312
   vertex 40069.3359 34018.1797 29955.4492
  endloop
 endfacet
facet normal -0.429667115 -0.811873555 -0.395281523
  outer loop
   vertex 39785.3281 34113.1875 30215.4844
   vertex 39905.1055 33965.6211 30388.3848
   vertex 39723.5273 34060.3711 30391.1484
  endloop
 endfacet
facet normal -0.470076382 -0.544620514 -0.694562256
  outer loop
   vertex 39785.3281 34113.1875 30215.4844
   vertex 39568.8281 34178.5273 30310.7793
   vertex 39685.25 34320.5078 30120.6562
  endloop
 endfacet
facet normal -0.457473755 -0.824869633 -0.33212626
  outer loop
   vertex 39620.5898 34074.9336 30496.7637
   vertex 39568.8281 34178.5273 30310.7793
   vertex 39723.5273 34060.3711 30391.1484
  endloop
 endfacet
facet normal -0.420032561 -0.817691445 -0.393641174
  outer loop
   vertex 39568.8281 34178.5273 30310.7793
   vertex 39785.3281 34113.1875 30215.4844
   vertex 39723.5273 34060.3711 30391.1484
  endloop
 endfacet
facet normal -0.775179029 -0.364950538 -0.515663207
  outer loop
   vertex 39963.0625 33993.3789 30132.7578
   vertex 39935.9531 34193.1367 30032.1309
   vertex 40069.3359 34018.1797 29955.4492
  endloop
 endfacet
facet normal -0.600892067 -0.423145026 -0.678142309
  outer loop
   vertex 39963.0625 33993.3789 30132.7578
   vertex 39785.3281 34113.1875 30215.4844
   vertex 39935.9531 34193.1367 30032.1309
  endloop
 endfacet
facet normal -0.594161153 0.0149394795 -0.804207265
  outer loop
   vertex 40069.3359 34018.1797 29955.4492
   vertex 40196.1836 34032.5703 29861.998
   vertex 40183.918 33890.0312 29868.4121
  endloop
 endfacet
facet normal -0.147967368 0.4368577 -0.887277305
  outer loop
   vertex 40689.9102 33902.1406 29724.5
   vertex 40594.2266 33755.4648 29668.2402
   vertex 40560.0664 33994.293 29791.5254
  endloop
 endfacet
facet normal -0.0890838057 0.44678542 -0.890194833
  outer loop
   vertex 40432.3242 33836.8789 29725.3027
   vertex 40560.0664 33994.293 29791.5254
   vertex 40594.2266 33755.4648 29668.2402
  endloop
 endfacet
facet normal -0.122833677 0.467872798 -0.875218213
  outer loop
   vertex 40325.2344 33941.9727 29796.5156
   vertex 40560.0664 33994.293 29791.5254
   vertex 40432.3242 33836.8789 29725.3027
  endloop
 endfacet
facet normal -0.104055226 0.379377812 -0.919372082
  outer loop
   vertex 40560.0664 33994.293 29791.5254
   vertex 40325.2344 33941.9727 29796.5156
   vertex 40352.7461 34143.1953 29876.4336
  endloop
 endfacet
facet normal -0.18846643 0.38466084 -0.903612971
  outer loop
   vertex 40325.2344 33941.9727 29796.5156
   vertex 40196.1836 34032.5703 29861.998
   vertex 40352.7461 34143.1953 29876.4336
  endloop
 endfacet
facet normal -0.596820116 0.0703216419 -0.799287558
  outer loop
   vertex 40196.1836 34032.5703 29861.998
   vertex 40069.3359 34018.1797 29955.4492
   vertex 40133.2578 34170.7734 29921.1445
  endloop
 endfacet
facet normal -0.489482254 0.00901782978 -0.87196666
  outer loop
   vertex 39935.9531 34193.1367 30032.1309
   vertex 40133.2578 34170.7734 29921.1445
   vertex 40069.3359 34018.1797 29955.4492
  endloop
 endfacet
facet normal -0.301069975 -0.866252124 -0.398703009
  outer loop
   vertex 39568.8281 34178.5273 30310.7793
   vertex 39620.5898 34074.9336 30496.7637
   vertex 39457.7773 34127.0938 30506.3828
  endloop
 endfacet
facet normal 0.895635128 0.417331725 -0.153856754
  outer loop
   vertex 37736.4648 34087.0547 29872.3379
   vertex 37760.7539 34035.8164 29874.7363
   vertex 37755.707 34036.6367 29847.5977
  endloop
 endfacet
facet normal 0.430112451 -0.863819718 -0.262333274
  outer loop
   vertex 38166.9883 34051.8438 30336.6855
   vertex 38214.7695 34020.1289 30519.4551
   vertex 37990.1328 33945.0625 30398.3301
  endloop
 endfacet
facet normal 0.44647643 -0.853161871 -0.269765884
  outer loop
   vertex 38016.5039 34010.4727 30235.1035
   vertex 37990.1328 33945.0625 30398.3301
   vertex 37687.0938 33851.5938 30192.3906
  endloop
 endfacet
facet normal -0.119106658 -0.37794295 -0.918135464
  outer loop
   vertex 37466.1289 34059.7617 29896.6289
   vertex 37312.9688 33899.8047 29982.3438
   vertex 37239.3633 34016.6055 29943.8125
  endloop
 endfacet
facet normal 0.54655838 -0.827791333 -0.126631305
  outer loop
   vertex 37738.043 34022.8789 29861.2852
   vertex 37755.707 34036.6367 29847.5977
   vertex 37760.7539 34035.8164 29874.7363
  endloop
 endfacet
facet normal -0.989019096 -0.0544864275 -0.137377128
  outer loop
   vertex 35351.75 34532.2852 30561.7773
   vertex 35326.1914 34624.9375 30709.041
   vertex 35334.5391 34685.1328 30625.0762
  endloop
 endfacet
facet normal 0.524254322 -0.627637625 -0.575524449
  outer loop
   vertex 37959.2812 34064.9258 30086.4766
   vertex 37801.7188 33988.832 30025.9375
   vertex 37867.043 34107.2812 29956.2656
  endloop
 endfacet
facet normal 0.460017592 -0.695416808 -0.552068174
  outer loop
   vertex 37974.918 34131.1172 30016.1289
   vertex 37959.2812 34064.9258 30086.4766
   vertex 37867.043 34107.2812 29956.2656
  endloop
 endfacet
facet normal 0.0072174645 -0.871440351 -0.490448415
  outer loop
   vertex 39139.0195 34130.6641 30646.082
   vertex 38869.8789 34178.9883 30556.252
   vertex 39078.1094 34269.125 30399.1641
  endloop
 endfacet
facet normal 0.498892248 -0.850107551 -0.168593064
  outer loop
   vertex 37554.0938 33742.7461 30347.6758
   vertex 37687.0938 33851.5938 30192.3906
   vertex 37643.6797 33787.3828 30387.6973
  endloop
 endfacet
facet normal 0.365022033 -0.923492372 -0.117986366
  outer loop
   vertex 37790.2773 33853.4492 30497.0801
   vertex 37687.0938 33851.5938 30192.3906
   vertex 37990.1328 33945.0625 30398.3301
  endloop
 endfacet
facet normal 0.505473256 -0.846720338 -0.166016459
  outer loop
   vertex 37790.2773 33853.4492 30497.0801
   vertex 37643.6797 33787.3828 30387.6973
   vertex 37687.0938 33851.5938 30192.3906
  endloop
 endfacet
facet normal 0.173770264 -0.373553932 -0.911186755
  outer loop
   vertex 38503.7695 34519.2344 30202.9434
   vertex 38903.543 34660.0586 30221.4512
   vertex 38716.9453 34337.9492 30317.918
  endloop
 endfacet
facet normal -0.0526522584 0.275620252 -0.959823549
  outer loop
   vertex 38640.8672 34838.3164 30287.0488
   vertex 38903.543 34660.0586 30221.4512
   vertex 38503.7695 34519.2344 30202.9434
  endloop
 endfacet
facet normal 0.329939157 -0.467159867 -0.820305943
  outer loop
   vertex 38451.9414 34324.1992 30219.1582
   vertex 38716.9453 34337.9492 30317.918
   vertex 38467.5742 34245.2852 30270.3887
  endloop
 endfacet
facet normal 0.351855338 -0.17003569 -0.920481205
  outer loop
   vertex 38451.9414 34324.1992 30219.1582
   vertex 38503.7695 34519.2344 30202.9434
   vertex 38716.9453 34337.9492 30317.918
  endloop
 endfacet
facet normal 0.28939712 -0.953305304 0.0863613784
  outer loop
   vertex 37681.3633 33838.4961 30755
   vertex 37817.0391 33887.1836 30837.7891
   vertex 37752.3086 33867.7617 30840.2871
  endloop
 endfacet
facet normal -0.104934849 -0.924249947 -0.367084086
  outer loop
   vertex 39379.9688 34081.0312 30702.1699
   vertex 39139.0195 34130.6641 30646.082
   vertex 39273.5977 34169.0508 30510.957
  endloop
 endfacet
facet normal 0.233364284 -0.963214755 -0.133260801
  outer loop
   vertex 38418.4414 34042.6719 30682.1426
   vertex 38295.3203 33989.4375 30851.3086
   vertex 38239.1953 33998.8945 30684.6543
  endloop
 endfacet
facet normal -0.0251796432 -0.976025522 -0.216194615
  outer loop
   vertex 38841.7539 33965.3398 31101.3828
   vertex 38619.0039 33948.0664 31205.3105
   vertex 38602.1484 34011.4883 30920.9453
  endloop
 endfacet
facet normal -0.175289452 -0.940543175 -0.290950477
  outer loop
   vertex 39457.7773 34127.0938 30506.3828
   vertex 39602.8828 34032.9062 30723.4336
   vertex 39379.9688 34081.0312 30702.1699
  endloop
 endfacet
facet normal -0.18898429 -0.962159097 -0.196302965
  outer loop
   vertex 39500.8203 34031.4531 30828.8184
   vertex 39379.9688 34081.0312 30702.1699
   vertex 39602.8828 34032.9062 30723.4336
  endloop
 endfacet
facet normal 0.0802432969 -0.992025912 -0.0971886069
  outer loop
   vertex 38378.2148 33972.1172 31096.5371
   vertex 38097.9062 33954.5508 31044.4102
   vertex 38295.3203 33989.4375 30851.3086
  endloop
 endfacet
facet normal -0.218725577 -0.926894486 -0.305001259
  outer loop
   vertex 39379.9688 34081.0312 30702.1699
   vertex 39273.5977 34169.0508 30510.957
   vertex 39457.7773 34127.0938 30506.3828
  endloop
 endfacet
facet normal -0.0381888375 -0.923256695 -0.382280856
  outer loop
   vertex 39139.0195 34130.6641 30646.082
   vertex 38970.0352 34034.0781 30896.2285
   vertex 38869.8789 34178.9883 30556.252
  endloop
 endfacet
facet normal -0.0176982209 -0.92865473 -0.370522827
  outer loop
   vertex 39139.0195 34130.6641 30646.082
   vertex 39272.0586 34042.5156 30860.6484
   vertex 38970.0352 34034.0781 30896.2285
  endloop
 endfacet
facet normal 0.193571746 -0.942630172 -0.271989584
  outer loop
   vertex 38602.1484 34011.4883 30920.9453
   vertex 38418.4414 34042.6719 30682.1426
   vertex 38665.3945 34099.0273 30662.5801
  endloop
 endfacet
facet normal 0.240779117 -0.962579846 0.124359995
  outer loop
   vertex 37877.5703 33917.6133 30956.123
   vertex 37745.5703 33882.2773 30938.1777
   vertex 37817.0391 33887.1836 30837.7891
  endloop
 endfacet
facet normal -0.288443685 -0.718394279 -0.633016527
  outer loop
   vertex 39221.3281 34387.3242 30232.5488
   vertex 39434.0508 34347.8711 30180.3926
   vertex 39333.0898 34242.5898 30345.877
  endloop
 endfacet
facet normal 0.000875133672 -0.976007462 -0.217735291
  outer loop
   vertex 38378.2148 33972.1172 31096.5371
   vertex 38602.1484 34011.4883 30920.9453
   vertex 38619.0039 33948.0664 31205.3105
  endloop
 endfacet
facet normal 0.155984998 -0.987471759 0.0238362011
  outer loop
   vertex 38097.9062 33954.5508 31044.4102
   vertex 37877.5703 33917.6133 30956.123
   vertex 38007.4766 33932.3359 30715.8301
  endloop
 endfacet
facet normal 0.18791455 -0.982075632 0.0146842282
  outer loop
   vertex 38295.3203 33989.4375 30851.3086
   vertex 38097.9062 33954.5508 31044.4102
   vertex 38007.4766 33932.3359 30715.8301
  endloop
 endfacet
facet normal -0.194862485 -0.875228643 -0.442722797
  outer loop
   vertex 39078.1094 34269.125 30399.1641
   vertex 39273.5977 34169.0508 30510.957
   vertex 39139.0195 34130.6641 30646.082
  endloop
 endfacet
facet normal -0.185699418 -0.870955229 -0.45492059
  outer loop
   vertex 39078.1094 34269.125 30399.1641
   vertex 39333.0898 34242.5898 30345.877
   vertex 39273.5977 34169.0508 30510.957
  endloop
 endfacet
facet normal 0.000248150202 -0.943433762 -0.331561029
  outer loop
   vertex 39328.3086 33958.8359 31110.5879
   vertex 39044.2227 33923.2422 31211.6602
   vertex 38970.0352 34034.0781 30896.2285
  endloop
 endfacet
facet normal 0.00181409798 -0.943316936 -0.331888288
  outer loop
   vertex 38954.9414 33976.0508 31061.0781
   vertex 38970.0352 34034.0781 30896.2285
   vertex 39044.2227 33923.2422 31211.6602
  endloop
 endfacet
facet normal 0.131813422 -0.897293389 -0.421295345
  outer loop
   vertex 38665.3945 34099.0273 30662.5801
   vertex 38869.8789 34178.9883 30556.252
   vertex 38970.0352 34034.0781 30896.2285
  endloop
 endfacet
facet normal 0.0387461856 -0.95453018 -0.295585692
  outer loop
   vertex 38841.7539 33965.3398 31101.3828
   vertex 38602.1484 34011.4883 30920.9453
   vertex 38970.0352 34034.0781 30896.2285
  endloop
 endfacet
facet normal 0.0372841805 -0.949194968 -0.312472075
  outer loop
   vertex 38665.3945 34099.0273 30662.5801
   vertex 38970.0352 34034.0781 30896.2285
   vertex 38602.1484 34011.4883 30920.9453
  endloop
 endfacet
facet normal -0.029932864 -0.941982269 -0.334325343
  outer loop
   vertex 38954.9414 33976.0508 31061.0781
   vertex 38841.7539 33965.3398 31101.3828
   vertex 38970.0352 34034.0781 30896.2285
  endloop
 endfacet
facet normal -0.295258105 -0.869383156 -0.396226615
  outer loop
   vertex 39568.8281 34178.5273 30310.7793
   vertex 39457.7773 34127.0938 30506.3828
   vertex 39333.0898 34242.5898 30345.877
  endloop
 endfacet
facet normal -0.289360434 -0.717842102 -0.633224487
  outer loop
   vertex 39434.0508 34347.8711 30180.3926
   vertex 39568.8281 34178.5273 30310.7793
   vertex 39333.0898 34242.5898 30345.877
  endloop
 endfacet
facet normal -0.215186402 -0.699644983 -0.681316137
  outer loop
   vertex 39333.0898 34242.5898 30345.877
   vertex 39078.1094 34269.125 30399.1641
   vertex 39221.3281 34387.3242 30232.5488
  endloop
 endfacet
facet normal -0.121541664 -0.942353785 -0.31176427
  outer loop
   vertex 39139.0195 34130.6641 30646.082
   vertex 39379.9688 34081.0312 30702.1699
   vertex 39272.0586 34042.5156 30860.6484
  endloop
 endfacet
facet normal 0.186644524 -0.928895652 -0.319869846
  outer loop
   vertex 38665.3945 34099.0273 30662.5801
   vertex 38418.4414 34042.6719 30682.1426
   vertex 38469.1133 34115.2734 30500.877
  endloop
 endfacet
facet normal 0.353750736 -0.930458069 0.0954371542
  outer loop
   vertex 37681.3633 33838.4961 30755
   vertex 37524.2539 33757.6055 30548.6777
   vertex 37790.2773 33853.4492 30497.0801
  endloop
 endfacet
facet normal 0.305856526 -0.885794163 -0.349027961
  outer loop
   vertex 38338.1055 34124.8711 30361.707
   vertex 38469.1133 34115.2734 30500.877
   vertex 38214.7695 34020.1289 30519.4551
  endloop
 endfacet
facet normal 0.400399595 -0.765728891 -0.503328383
  outer loop
   vertex 38338.1055 34124.8711 30361.707
   vertex 38166.9883 34051.8438 30336.6855
   vertex 38246.5547 34174.8203 30212.8945
  endloop
 endfacet
facet normal 0.314935327 -0.824330509 -0.470420003
  outer loop
   vertex 38338.1055 34124.8711 30361.707
   vertex 38246.5547 34174.8203 30212.8945
   vertex 38394.8828 34186.5586 30291.627
  endloop
 endfacet
facet normal 0.38136059 -0.915069044 -0.131197467
  outer loop
   vertex 38050.3867 33950.7969 30533.4707
   vertex 37965.4961 33916.043 30529.1094
   vertex 37990.1328 33945.0625 30398.3301
  endloop
 endfacet
facet normal 0.376044452 -0.917617559 -0.128718972
  outer loop
   vertex 38214.7695 34020.1289 30519.4551
   vertex 38050.3867 33950.7969 30533.4707
   vertex 37990.1328 33945.0625 30398.3301
  endloop
 endfacet
facet normal 0.388477117 -0.921456456 -0.0018861657
  outer loop
   vertex 38214.7695 34020.1289 30519.4551
   vertex 38007.4766 33932.3359 30715.8301
   vertex 38050.3867 33950.7969 30533.4707
  endloop
 endfacet
facet normal 0.252586722 -0.954254329 -0.159995705
  outer loop
   vertex 38214.7695 34020.1289 30519.4551
   vertex 38239.1953 33998.8945 30684.6543
   vertex 38007.4766 33932.3359 30715.8301
  endloop
 endfacet
facet normal 0.33530125 -0.942086399 0.00680234469
  outer loop
   vertex 37790.2773 33853.4492 30497.0801
   vertex 37965.4961 33916.043 30529.1094
   vertex 38007.4766 33932.3359 30715.8301
  endloop
 endfacet
facet normal 0.232188642 -0.959802747 -0.157693118
  outer loop
   vertex 38418.4414 34042.6719 30682.1426
   vertex 38239.1953 33998.8945 30684.6543
   vertex 38214.7695 34020.1289 30519.4551
  endloop
 endfacet
facet normal 0.319320321 -0.907149374 -0.274070323
  outer loop
   vertex 38469.1133 34115.2734 30500.877
   vertex 38418.4414 34042.6719 30682.1426
   vertex 38214.7695 34020.1289 30519.4551
  endloop
 endfacet
facet normal 0.288273245 -0.952572167 0.097492747
  outer loop
   vertex 37877.5703 33917.6133 30956.123
   vertex 37817.0391 33887.1836 30837.7891
   vertex 38007.4766 33932.3359 30715.8301
  endloop
 endfacet
facet normal 0.283051938 -0.956963718 0.064046964
  outer loop
   vertex 37681.3633 33838.4961 30755
   vertex 37790.2773 33853.4492 30497.0801
   vertex 38007.4766 33932.3359 30715.8301
  endloop
 endfacet
facet normal 0.285613656 -0.953834116 0.0928726122
  outer loop
   vertex 37817.0391 33887.1836 30837.7891
   vertex 37681.3633 33838.4961 30755
   vertex 38007.4766 33932.3359 30715.8301
  endloop
 endfacet
facet normal 0.283329368 -0.946365058 0.155298635
  outer loop
   vertex 37524.2539 33757.6055 30548.6777
   vertex 37681.3633 33838.4961 30755
   vertex 37521.9375 33783.3008 30709.502
  endloop
 endfacet
facet normal 0.352930933 -0.931354642 0.0895451754
  outer loop
   vertex 37790.2773 33853.4492 30497.0801
   vertex 37524.2539 33757.6055 30548.6777
   vertex 37643.6797 33787.3828 30387.6973
  endloop
 endfacet
facet normal 0.379063129 -0.925359905 -0.0044965595
  outer loop
   vertex 38007.4766 33932.3359 30715.8301
   vertex 37965.4961 33916.043 30529.1094
   vertex 38050.3867 33950.7969 30533.4707
  endloop
 endfacet
facet normal 0.396700591 -0.909244776 0.126105532
  outer loop
   vertex 37524.2539 33757.6055 30548.6777
   vertex 37554.0938 33742.7461 30347.6758
   vertex 37643.6797 33787.3828 30387.6973
  endloop
 endfacet
facet normal 0.497194916 -0.438437223 -0.748712242
  outer loop
   vertex 38071.1289 34244.1602 30055.7949
   vertex 38246.5547 34174.8203 30212.8945
   vertex 37959.2812 34064.9258 30086.4766
  endloop
 endfacet
facet normal 0.486477733 -0.743078291 -0.459536761
  outer loop
   vertex 38246.5547 34174.8203 30212.8945
   vertex 38016.5039 34010.4727 30235.1035
   vertex 37959.2812 34064.9258 30086.4766
  endloop
 endfacet
facet normal 0.549449861 -0.110911086 -0.82813257
  outer loop
   vertex 37736.4648 34087.0547 29872.3379
   vertex 37831.5195 34229.9961 29916.2617
   vertex 37867.043 34107.2812 29956.2656
  endloop
 endfacet
facet normal 0.507368267 0.201290429 -0.837889969
  outer loop
   vertex 37760.7539 34035.8164 29874.7363
   vertex 37736.4648 34087.0547 29872.3379
   vertex 37867.043 34107.2812 29956.2656
  endloop
 endfacet
facet normal 0.772191823 -0.539376259 -0.335846752
  outer loop
   vertex 37959.2812 34064.9258 30086.4766
   vertex 37974.918 34131.1172 30016.1289
   vertex 38071.1289 34244.1602 30055.7949
  endloop
 endfacet
facet normal 0.480026454 -0.14318648 -0.865489602
  outer loop
   vertex 37831.5195 34229.9961 29916.2617
   vertex 37938.875 34268.7227 29969.3984
   vertex 37867.043 34107.2812 29956.2656
  endloop
 endfacet
facet normal 0.189097151 -0.564002454 -0.803830504
  outer loop
   vertex 37661.0391 33978.1602 29931.002
   vertex 37618.8984 34052.0664 29869.2305
   vertex 37736.4648 34087.0547 29872.3379
  endloop
 endfacet
facet normal -0.700147569 0.104430124 -0.706319869
  outer loop
   vertex 37738.043 34022.8789 29861.2852
   vertex 37661.0391 33978.1602 29931.002
   vertex 37736.4648 34087.0547 29872.3379
  endloop
 endfacet
facet normal 0.518343151 -0.162339419 -0.839622736
  outer loop
   vertex 37938.875 34268.7227 29969.3984
   vertex 38071.1289 34244.1602 30055.7949
   vertex 37867.043 34107.2812 29956.2656
  endloop
 endfacet
facet normal -0.661434829 0.111471228 -0.741672516
  outer loop
   vertex 37738.043 34022.8789 29861.2852
   vertex 37736.4648 34087.0547 29872.3379
   vertex 37755.707 34036.6367 29847.5977
  endloop
 endfacet
facet normal 0.317628175 -0.494887859 -0.808825254
  outer loop
   vertex 37661.0391 33978.1602 29931.002
   vertex 37588.6914 34019.75 29877.1426
   vertex 37618.8984 34052.0664 29869.2305
  endloop
 endfacet
facet normal 0.468524575 -0.62540555 -0.623981237
  outer loop
   vertex 37801.7188 33988.832 30025.9375
   vertex 37661.0391 33978.1602 29931.002
   vertex 37867.043 34107.2812 29956.2656
  endloop
 endfacet
facet normal 0.524836481 -0.849083304 0.0600353777
  outer loop
   vertex 37760.7539 34035.8164 29874.7363
   vertex 37867.043 34107.2812 29956.2656
   vertex 37661.0391 33978.1602 29931.002
  endloop
 endfacet
facet normal -0.0488630608 0.328862727 -0.943112791
  outer loop
   vertex 37593.3203 34311.2891 29924.0391
   vertex 37718.5508 34230 29889.2051
   vertex 37611.1445 34155.5234 29868.8008
  endloop
 endfacet
facet normal 0.0629994571 0.33996594 -0.938325226
  outer loop
   vertex 37593.3203 34311.2891 29924.0391
   vertex 37611.1445 34155.5234 29868.8008
   vertex 37505.1523 34211.3203 29881.9004
  endloop
 endfacet
facet normal 0.502680361 -0.127827212 -0.854969382
  outer loop
   vertex 38071.1289 34244.1602 30055.7949
   vertex 37974.918 34131.1172 30016.1289
   vertex 37867.043 34107.2812 29956.2656
  endloop
 endfacet
facet normal -0.103765637 -0.369958073 -0.923235476
  outer loop
   vertex 37239.3633 34016.6055 29943.8125
   vertex 37312.9688 33899.8047 29982.3438
   vertex 37151.8984 33946.1758 29981.8652
  endloop
 endfacet
facet normal -0.341937959 -0.429346502 -0.835906684
  outer loop
   vertex 37031.0703 33920.9219 30044.2617
   vertex 37151.8984 33946.1758 29981.8652
   vertex 37142.6328 33879.4766 30019.9141
  endloop
 endfacet
facet normal -0.216631144 -0.291792393 -0.931626618
  outer loop
   vertex 37466.1289 34059.7617 29896.6289
   vertex 37491.1406 33936.2656 29929.4941
   vertex 37312.9688 33899.8047 29982.3438
  endloop
 endfacet
facet normal -0.246568248 -0.861314535 -0.444231153
  outer loop
   vertex 36082.5781 34070.4219 30448.5137
   vertex 36531.9258 34017.9648 30300.8145
   vertex 36253.7773 33963.7227 30560.3672
  endloop
 endfacet
facet normal -0.388919443 -0.684927702 -0.616129637
  outer loop
   vertex 37081.2383 33808.7344 30137.3125
   vertex 37031.0703 33920.9219 30044.2617
   vertex 37142.6328 33879.4766 30019.9141
  endloop
 endfacet
facet normal -0.411726922 -0.216964573 -0.885102987
  outer loop
   vertex 37151.8984 33946.1758 29981.8652
   vertex 37031.0703 33920.9219 30044.2617
   vertex 37038.2266 34068.6914 30004.7109
  endloop
 endfacet
facet normal -0.13468726 -0.476804525 -0.868629277
  outer loop
   vertex 37142.6328 33879.4766 30019.9141
   vertex 37151.8984 33946.1758 29981.8652
   vertex 37312.9688 33899.8047 29982.3438
  endloop
 endfacet
facet normal -0.294612825 -0.0206352174 -0.955393851
  outer loop
   vertex 37239.3633 34016.6055 29943.8125
   vertex 37038.2266 34068.6914 30004.7109
   vertex 37224.875 34148.4805 29945.4316
  endloop
 endfacet
facet normal -0.50176698 -0.671590149 -0.545157373
  outer loop
   vertex 36831.0742 33801.6875 30291.9141
   vertex 36531.9258 34017.9648 30300.8145
   vertex 36840.1797 33889.1016 30175.8418
  endloop
 endfacet
facet normal -0.344471097 -0.790171623 -0.506920516
  outer loop
   vertex 36944.5352 33890.8242 30102.2441
   vertex 37081.2383 33808.7344 30137.3125
   vertex 36840.1797 33889.1016 30175.8418
  endloop
 endfacet
facet normal -0.339335531 -0.738419116 -0.582742333
  outer loop
   vertex 37081.2383 33808.7344 30137.3125
   vertex 36831.0742 33801.6875 30291.9141
   vertex 36840.1797 33889.1016 30175.8418
  endloop
 endfacet
facet normal -0.331207722 -0.787642241 -0.519539297
  outer loop
   vertex 36253.7773 33963.7227 30560.3672
   vertex 36531.9258 34017.9648 30300.8145
   vertex 36624.8672 33833.8203 30520.7344
  endloop
 endfacet
facet normal -0.256572276 -0.864587188 -0.432041287
  outer loop
   vertex 35964.4531 34033.3828 30592.7871
   vertex 36082.5781 34070.4219 30448.5137
   vertex 36253.7773 33963.7227 30560.3672
  endloop
 endfacet
facet normal -0.229858145 -0.680140615 -0.696113467
  outer loop
   vertex 37081.2383 33808.7344 30137.3125
   vertex 36944.5352 33890.8242 30102.2441
   vertex 37031.0703 33920.9219 30044.2617
  endloop
 endfacet
facet normal -0.515227735 -0.17613709 -0.838758647
  outer loop
   vertex 36710.1875 34135.6719 30166.5938
   vertex 36846.5078 34004.0625 30110.4941
   vertex 36531.9258 34017.9648 30300.8145
  endloop
 endfacet
facet normal -0.484948456 -0.411854923 -0.771492422
  outer loop
   vertex 36840.1797 33889.1016 30175.8418
   vertex 36531.9258 34017.9648 30300.8145
   vertex 36846.5078 34004.0625 30110.4941
  endloop
 endfacet
facet normal -0.461264253 -0.820812225 0.336901426
  outer loop
   vertex 35471.6445 34267.2383 30658.668
   vertex 35469.4336 34236.7109 30581.2656
   vertex 35578.6914 34183.6289 30601.5273
  endloop
 endfacet
facet normal -0.547238588 -0.818895519 0.173031837
  outer loop
   vertex 35471.6445 34267.2383 30658.668
   vertex 35578.6914 34183.6289 30601.5273
   vertex 35629.9375 34188.668 30787.457
  endloop
 endfacet
facet normal -0.535424113 -0.827296734 0.17000325
  outer loop
   vertex 35764.1758 34086.8008 30714.5156
   vertex 35629.9375 34188.668 30787.457
   vertex 35578.6914 34183.6289 30601.5273
  endloop
 endfacet
facet normal -0.67483288 -0.673867702 -0.30083698
  outer loop
   vertex 35717.4336 34096.7461 30797.0879
   vertex 35629.9375 34188.668 30787.457
   vertex 35764.1758 34086.8008 30714.5156
  endloop
 endfacet
facet normal -0.349045545 -0.913340569 -0.209705099
  outer loop
   vertex 35578.6914 34183.6289 30601.5273
   vertex 35770.293 34131.0273 30511.7168
   vertex 35764.1758 34086.8008 30714.5156
  endloop
 endfacet
facet normal -0.308460236 -0.945503771 -0.104282632
  outer loop
   vertex 35578.6914 34183.6289 30601.5273
   vertex 35599.6484 34189.4102 30487.1309
   vertex 35770.293 34131.0273 30511.7168
  endloop
 endfacet
facet normal -0.368463248 -0.90591979 -0.20867236
  outer loop
   vertex 35764.1758 34086.8008 30714.5156
   vertex 35770.293 34131.0273 30511.7168
   vertex 35964.4531 34033.3828 30592.7871
  endloop
 endfacet
facet normal -0.582021832 -0.750655293 0.312677503
  outer loop
   vertex 35437.8594 34260.4492 30579.4766
   vertex 35469.4336 34236.7109 30581.2656
   vertex 35471.6445 34267.2383 30658.668
  endloop
 endfacet
facet normal -0.216872409 -0.235563293 -0.947352231
  outer loop
   vertex 35725.7109 34275.6758 30441
   vertex 36147.6523 34217.2031 30358.9473
   vertex 35915.4102 34157.9922 30426.8359
  endloop
 endfacet
facet normal -0.816355884 -0.392085701 0.424065828
  outer loop
   vertex 35471.6445 34267.2383 30658.668
   vertex 35392.8555 34423.2773 30651.2656
   vertex 35422.4102 34299.0234 30593.2812
  endloop
 endfacet
facet normal -0.828085601 -0.399467051 0.393319577
  outer loop
   vertex 35471.6445 34267.2383 30658.668
   vertex 35509.1055 34381.5078 30853.5957
   vertex 35392.8555 34423.2773 30651.2656
  endloop
 endfacet
facet normal -0.705105841 -0.708379388 0.0320060886
  outer loop
   vertex 35383.8906 34393.8438 30483.5625
   vertex 35476.9062 34302.8086 30517.9102
   vertex 35364.5977 34414.543 30516.6777
  endloop
 endfacet
facet normal -0.191074207 -0.667867303 -0.719335735
  outer loop
   vertex 35578.6914 34183.6289 30601.5273
   vertex 35469.4336 34236.7109 30581.2656
   vertex 35476.9062 34302.8086 30517.9102
  endloop
 endfacet
facet normal -0.691260874 -0.704161644 -0.162218496
  outer loop
   vertex 35599.6484 34189.4102 30487.1309
   vertex 35578.6914 34183.6289 30601.5273
   vertex 35476.9062 34302.8086 30517.9102
  endloop
 endfacet
facet normal -0.649607539 -0.565042078 -0.508662403
  outer loop
   vertex 35599.6484 34189.4102 30487.1309
   vertex 35476.9062 34302.8086 30517.9102
   vertex 35588.7148 34227.5977 30458.668
  endloop
 endfacet
facet normal -0.304243505 -0.824918628 -0.47638762
  outer loop
   vertex 35626.4688 34203.0625 30446.3555
   vertex 35662.75 34183.1758 30457.625
   vertex 35599.6484 34189.4102 30487.1309
  endloop
 endfacet
facet normal -0.265543699 0.0708064213 -0.961495161
  outer loop
   vertex 36147.6523 34217.2031 30358.9473
   vertex 36005.5781 34464.793 30416.418
   vertex 36383.0469 34385.8281 30306.3555
  endloop
 endfacet
facet normal 0.146932438 -0.27098614 -0.951303005
  outer loop
   vertex 35662.75 34183.1758 30457.625
   vertex 35626.4688 34203.0625 30446.3555
   vertex 35725.7109 34275.6758 30441
  endloop
 endfacet
facet normal 0.279427558 -0.350834966 -0.893775761
  outer loop
   vertex 35770.293 34131.0273 30511.7168
   vertex 35662.75 34183.1758 30457.625
   vertex 35725.7109 34275.6758 30441
  endloop
 endfacet
facet normal -0.367262393 -0.497419864 -0.785933733
  outer loop
   vertex 35915.4102 34157.9922 30426.8359
   vertex 35770.293 34131.0273 30511.7168
   vertex 35725.7109 34275.6758 30441
  endloop
 endfacet
facet normal 0.0413635783 0.775098383 -0.630485177
  outer loop
   vertex 37900.5312 34683.0312 30210.8359
   vertex 37754.2227 34724.0547 30251.6699
   vertex 37796.6133 34774.125 30316.0078
  endloop
 endfacet
facet normal -0.369324178 0.118664764 -0.921693206
  outer loop
   vertex 37232.4688 34289.6523 29979.627
   vertex 37332.2148 34305.375 29941.6836
   vertex 37374.8125 34240.7344 29916.291
  endloop
 endfacet
facet normal -0.324954003 0.239109859 -0.915003479
  outer loop
   vertex 37232.4688 34289.6523 29979.627
   vertex 37374.8125 34240.7344 29916.291
   vertex 37224.875 34148.4805 29945.4316
  endloop
 endfacet
facet normal -0.414692819 -0.216481745 -0.883835673
  outer loop
   vertex 37031.0703 33920.9219 30044.2617
   vertex 36846.5078 34004.0625 30110.4941
   vertex 37038.2266 34068.6914 30004.7109
  endloop
 endfacet
facet normal -0.201843143 -0.0101475697 -0.979365289
  outer loop
   vertex 37466.1289 34059.7617 29896.6289
   vertex 37239.3633 34016.6055 29943.8125
   vertex 37224.875 34148.4805 29945.4316
  endloop
 endfacet
facet normal -0.445754945 -0.325114578 -0.834028184
  outer loop
   vertex 37031.0703 33920.9219 30044.2617
   vertex 36944.5352 33890.8242 30102.2441
   vertex 36846.5078 34004.0625 30110.4941
  endloop
 endfacet
facet normal -0.472289771 -0.116779685 -0.873673201
  outer loop
   vertex 36710.1875 34135.6719 30166.5938
   vertex 36865.8203 34176.6562 30076.9844
   vertex 36846.5078 34004.0625 30110.4941
  endloop
 endfacet
facet normal -0.377643049 0.059942428 -0.924009025
  outer loop
   vertex 36865.8203 34176.6562 30076.9844
   vertex 36812.75 34254.9648 30103.7559
   vertex 36849.2656 34250 30088.5078
  endloop
 endfacet
facet normal -0.485687256 -0.227011651 -0.844140768
  outer loop
   vertex 36531.9258 34017.9648 30300.8145
   vertex 36604.0742 34171.8516 30217.918
   vertex 36710.1875 34135.6719 30166.5938
  endloop
 endfacet
facet normal -0.116624318 0.798655808 -0.590379238
  outer loop
   vertex 37143.3242 34685.9297 30431.8848
   vertex 36695.082 34611.7461 30420.0723
   vertex 36967.4102 34785.9336 30601.916
  endloop
 endfacet
facet normal -0.39873746 -0.282957166 -0.872320831
  outer loop
   vertex 36604.0742 34171.8516 30217.918
   vertex 36531.9258 34017.9648 30300.8145
   vertex 36471.5234 34220.0938 30262.8594
  endloop
 endfacet
facet normal -0.347955436 0.123506539 -0.929340184
  outer loop
   vertex 37038.2266 34068.6914 30004.7109
   vertex 36996.7695 34231.1289 30041.8203
   vertex 37224.875 34148.4805 29945.4316
  endloop
 endfacet
facet normal 0.0416048281 0.232595205 -0.971683323
  outer loop
   vertex 37038.2266 34068.6914 30004.7109
   vertex 36964.457 34154.7109 30022.1445
   vertex 36996.7695 34231.1289 30041.8203
  endloop
 endfacet
facet normal -0.290903896 0.0840805322 -0.953050554
  outer loop
   vertex 36865.8203 34176.6562 30076.9844
   vertex 36849.2656 34250 30088.5078
   vertex 36996.7695 34231.1289 30041.8203
  endloop
 endfacet
facet normal -0.383811295 0.379095823 -0.842006683
  outer loop
   vertex 36964.457 34154.7109 30022.1445
   vertex 36865.8203 34176.6562 30076.9844
   vertex 36996.7695 34231.1289 30041.8203
  endloop
 endfacet
facet normal 0.17500414 -0.0368975364 -0.98387605
  outer loop
   vertex 35358.543 34425.2812 30477.875
   vertex 35424.75 34466.0352 30488.123
   vertex 35383.8906 34393.8438 30483.5625
  endloop
 endfacet
facet normal -0.195464984 0.0079193227 -0.980678737
  outer loop
   vertex 37466.1289 34059.7617 29896.6289
   vertex 37224.875 34148.4805 29945.4316
   vertex 37374.8125 34240.7344 29916.291
  endloop
 endfacet
facet normal -0.302909285 0.239710659 -0.922379971
  outer loop
   vertex 36996.7695 34231.1289 30041.8203
   vertex 37232.4688 34289.6523 29979.627
   vertex 37224.875 34148.4805 29945.4316
  endloop
 endfacet
facet normal -0.260661215 -0.0266746916 -0.965061784
  outer loop
   vertex 37374.8125 34240.7344 29916.291
   vertex 37505.1523 34211.3203 29881.9004
   vertex 37466.1289 34059.7617 29896.6289
  endloop
 endfacet
facet normal -0.526055098 0.180572927 -0.831059217
  outer loop
   vertex 36865.8203 34176.6562 30076.9844
   vertex 36710.1875 34135.6719 30166.5938
   vertex 36734.2734 34346.1484 30197.0801
  endloop
 endfacet
facet normal -0.840558827 -0.492493868 -0.225633979
  outer loop
   vertex 36812.75 34254.9648 30103.7559
   vertex 36865.8203 34176.6562 30076.9844
   vertex 36734.2734 34346.1484 30197.0801
  endloop
 endfacet
facet normal -0.991392255 0.035176605 0.126111075
  outer loop
   vertex 35334.5391 34685.1328 30625.0762
   vertex 35356.6523 34807.793 30764.7051
   vertex 35336.7422 34771.4141 30618.3398
  endloop
 endfacet
facet normal -0.283852488 0.0987752229 -0.953766882
  outer loop
   vertex 36471.5234 34220.0938 30262.8594
   vertex 36147.6523 34217.2031 30358.9473
   vertex 36383.0469 34385.8281 30306.3555
  endloop
 endfacet
facet normal -0.693403065 -0.694866836 0.190662548
  outer loop
   vertex 35392.8555 34423.2773 30651.2656
   vertex 35364.5977 34414.543 30516.6777
   vertex 35476.9062 34302.8086 30517.9102
  endloop
 endfacet
facet normal -0.809707642 0.0787779018 -0.581521749
  outer loop
   vertex 35392.8555 34423.2773 30651.2656
   vertex 35476.9062 34302.8086 30517.9102
   vertex 35422.4102 34299.0234 30593.2812
  endloop
 endfacet
facet normal -0.0913732201 0.153218478 -0.98395884
  outer loop
   vertex 35424.75 34466.0352 30488.123
   vertex 35659 34580.875 30484.252
   vertex 35552.7305 34397.9922 30465.6426
  endloop
 endfacet
facet normal -0.251142442 0.746737063 -0.615882516
  outer loop
   vertex 35425.1367 34818.0859 30598.3828
   vertex 35361.6641 34781.9688 30580.4785
   vertex 35360.4883 34832.0156 30641.6367
  endloop
 endfacet
facet normal 0.027057983 -0.00214037625 -0.999631584
  outer loop
   vertex 37611.1445 34155.5234 29868.8008
   vertex 37736.4648 34087.0547 29872.3379
   vertex 37618.8984 34052.0664 29869.2305
  endloop
 endfacet
facet normal 0.055403322 0.345945776 -0.936617315
  outer loop
   vertex 37593.3203 34311.2891 29924.0391
   vertex 37505.1523 34211.3203 29881.9004
   vertex 37466.9844 34287.5195 29907.7871
  endloop
 endfacet
facet normal -0.151860297 -0.0567976013 -0.986768723
  outer loop
   vertex 37505.1523 34211.3203 29881.9004
   vertex 37611.1445 34155.5234 29868.8008
   vertex 37466.1289 34059.7617 29896.6289
  endloop
 endfacet
facet normal -0.177349135 -0.0173910316 -0.983994305
  outer loop
   vertex 37618.8984 34052.0664 29869.2305
   vertex 37466.1289 34059.7617 29896.6289
   vertex 37611.1445 34155.5234 29868.8008
  endloop
 endfacet
facet normal -0.179592088 -0.0722975433 -0.98108089
  outer loop
   vertex 37588.6914 34019.75 29877.1426
   vertex 37466.1289 34059.7617 29896.6289
   vertex 37618.8984 34052.0664 29869.2305
  endloop
 endfacet
facet normal -0.246490449 0.546287239 -0.800507784
  outer loop
   vertex 36606.5664 34423.4258 30248.002
   vertex 36555.6602 34407.1094 30252.543
   vertex 36523.0469 34479.7422 30312.1523
  endloop
 endfacet
facet normal -0.379690826 0.175027326 -0.908405364
  outer loop
   vertex 36604.0742 34171.8516 30217.918
   vertex 36734.2734 34346.1484 30197.0801
   vertex 36710.1875 34135.6719 30166.5938
  endloop
 endfacet
facet normal -0.183092728 0.311782658 -0.932345748
  outer loop
   vertex 36606.5664 34423.4258 30248.002
   vertex 36734.2734 34346.1484 30197.0801
   vertex 36555.6602 34407.1094 30252.543
  endloop
 endfacet
facet normal -0.285566837 0.0977532864 -0.953360319
  outer loop
   vertex 36471.5234 34220.0938 30262.8594
   vertex 36383.0469 34385.8281 30306.3555
   vertex 36734.2734 34346.1484 30197.0801
  endloop
 endfacet
facet normal -0.297335982 -0.00254479377 -0.954769492
  outer loop
   vertex 36555.6602 34407.1094 30252.543
   vertex 36734.2734 34346.1484 30197.0801
   vertex 36383.0469 34385.8281 30306.3555
  endloop
 endfacet
facet normal -0.286587149 0.100170821 -0.952803016
  outer loop
   vertex 36604.0742 34171.8516 30217.918
   vertex 36471.5234 34220.0938 30262.8594
   vertex 36734.2734 34346.1484 30197.0801
  endloop
 endfacet
facet normal -0.244304344 0.582902431 -0.774945259
  outer loop
   vertex 36849.2656 34250 30088.5078
   vertex 36812.75 34254.9648 30103.7559
   vertex 36734.2734 34346.1484 30197.0801
  endloop
 endfacet
facet normal -0.150289997 0.655742466 -0.73987478
  outer loop
   vertex 36849.2656 34250 30088.5078
   vertex 36734.2734 34346.1484 30197.0801
   vertex 36996.7695 34231.1289 30041.8203
  endloop
 endfacet
facet normal -0.168326274 0.537928224 -0.826014221
  outer loop
   vertex 36883.168 34497.4961 30265.3008
   vertex 36734.2734 34346.1484 30197.0801
   vertex 36767.0586 34484.9727 30280.8066
  endloop
 endfacet
facet normal -0.354311198 0.651114345 -0.671203136
  outer loop
   vertex 36895.9375 34424.4922 30187.7422
   vertex 36734.2734 34346.1484 30197.0801
   vertex 36883.168 34497.4961 30265.3008
  endloop
 endfacet
facet normal 0.223185733 0.480284691 -0.848242164
  outer loop
   vertex 37332.2148 34305.375 29941.6836
   vertex 37388.168 34372.5859 29994.4609
   vertex 37374.8125 34240.7344 29916.291
  endloop
 endfacet
facet normal -0.0494849831 0.129527062 -0.990340352
  outer loop
   vertex 35552.7305 34397.9922 30465.6426
   vertex 35659 34580.875 30484.252
   vertex 35725.7109 34275.6758 30441
  endloop
 endfacet
facet normal -0.244384751 0.534444988 -0.809101164
  outer loop
   vertex 36734.2734 34346.1484 30197.0801
   vertex 37079.1758 34427.1172 30146.3887
   vertex 36996.7695 34231.1289 30041.8203
  endloop
 endfacet
facet normal -0.212399006 0.328593343 -0.920278788
  outer loop
   vertex 36734.2734 34346.1484 30197.0801
   vertex 36895.9375 34424.4922 30187.7422
   vertex 37079.1758 34427.1172 30146.3887
  endloop
 endfacet
facet normal -0.00941783469 0.620152473 -0.784424782
  outer loop
   vertex 37651.7148 34532.0781 30094.4844
   vertex 37725.5859 34675.2969 30206.8203
   vertex 37900.5312 34683.0312 30210.8359
  endloop
 endfacet
facet normal -0.338062078 0.549711108 -0.763892472
  outer loop
   vertex 37079.1758 34427.1172 30146.3887
   vertex 37232.4688 34289.6523 29979.627
   vertex 36996.7695 34231.1289 30041.8203
  endloop
 endfacet
facet normal -0.0608361289 0.66883105 -0.74092108
  outer loop
   vertex 36695.082 34611.7461 30420.0723
   vertex 36296.7383 34592.3984 30435.3184
   vertex 36327.5234 34855.1094 30669.9414
  endloop
 endfacet
facet normal -0.165863529 0.704311609 -0.69024235
  outer loop
   vertex 37079.1758 34427.1172 30146.3887
   vertex 36895.9375 34424.4922 30187.7422
   vertex 36883.168 34497.4961 30265.3008
  endloop
 endfacet
facet normal -0.14538309 0.779730618 -0.609002411
  outer loop
   vertex 37097.7383 34766.2656 30545.625
   vertex 37143.3242 34685.9297 30431.8848
   vertex 36967.4102 34785.9336 30601.916
  endloop
 endfacet
facet normal 0.0557909831 0.612024188 -0.788868666
  outer loop
   vertex 36734.2734 34346.1484 30197.0801
   vertex 36606.5664 34423.4258 30248.002
   vertex 36634.8125 34464.5469 30281.9023
  endloop
 endfacet
facet normal -0.559869707 0.479207695 -0.675948143
  outer loop
   vertex 35325.125 34810.3477 30655.5645
   vertex 35360.4883 34832.0156 30641.6367
   vertex 35336.7422 34771.4141 30618.3398
  endloop
 endfacet
facet normal -0.172216266 0.127894908 -0.976721287
  outer loop
   vertex 36147.6523 34217.2031 30358.9473
   vertex 35725.7109 34275.6758 30441
   vertex 36005.5781 34464.793 30416.418
  endloop
 endfacet
facet normal -0.847633541 -0.476343721 0.233696386
  outer loop
   vertex 35336.7422 34771.4141 30618.3398
   vertex 35356.6523 34807.793 30764.7051
   vertex 35325.125 34810.3477 30655.5645
  endloop
 endfacet
facet normal -0.320863128 0.307391316 -0.895855725
  outer loop
   vertex 35599.5195 34800.4805 30580.9082
   vertex 35707.3906 34709.1133 30510.9219
   vertex 35659 34580.875 30484.252
  endloop
 endfacet
facet normal -0.201293692 0.223193079 -0.953763962
  outer loop
   vertex 37505.1523 34211.3203 29881.9004
   vertex 37374.8125 34240.7344 29916.291
   vertex 37466.9844 34287.5195 29907.7871
  endloop
 endfacet
facet normal -0.212440684 0.698913395 -0.682926834
  outer loop
   vertex 37388.168 34372.5859 29994.4609
   vertex 37079.1758 34427.1172 30146.3887
   vertex 37371.2891 34554.1992 30185.5762
  endloop
 endfacet
facet normal -0.257274151 0.616168499 -0.744410098
  outer loop
   vertex 37388.168 34372.5859 29994.4609
   vertex 37232.4688 34289.6523 29979.627
   vertex 37079.1758 34427.1172 30146.3887
  endloop
 endfacet
facet normal -0.338126242 0.739027679 -0.582673728
  outer loop
   vertex 37388.168 34372.5859 29994.4609
   vertex 37332.2148 34305.375 29941.6836
   vertex 37232.4688 34289.6523 29979.627
  endloop
 endfacet
facet normal -0.038526535 0.695433855 -0.717556596
  outer loop
   vertex 37388.168 34372.5859 29994.4609
   vertex 37593.3203 34311.2891 29924.0391
   vertex 37466.9844 34287.5195 29907.7871
  endloop
 endfacet
facet normal -0.20476751 0.954038143 -0.218818381
  outer loop
   vertex 37405.3438 34905.6836 30777.0293
   vertex 37891.8516 35061.3047 31000.2656
   vertex 37780.4844 34981.3945 30756.0762
  endloop
 endfacet
facet normal -0.260852844 0.960099995 -0.100815766
  outer loop
   vertex 37405.3438 34905.6836 30777.0293
   vertex 37520.6523 34980.4648 31190.8496
   vertex 37891.8516 35061.3047 31000.2656
  endloop
 endfacet
facet normal 0.266537607 0.0804393813 -0.960461974
  outer loop
   vertex 38231.2383 34444.9297 30117.041
   vertex 38071.1289 34244.1602 30055.7949
   vertex 37994.8711 34443.0117 30051.2871
  endloop
 endfacet
facet normal 0.049204953 0.456486613 -0.888368666
  outer loop
   vertex 37718.5508 34230 29889.2051
   vertex 37593.3203 34311.2891 29924.0391
   vertex 37793.0195 34372.3281 29966.4648
  endloop
 endfacet
facet normal 0.230538741 0.142470837 -0.962576747
  outer loop
   vertex 37831.5195 34229.9961 29916.2617
   vertex 37736.4648 34087.0547 29872.3379
   vertex 37718.5508 34230 29889.2051
  endloop
 endfacet
facet normal 0.0982044488 0.128747582 -0.986802876
  outer loop
   vertex 37736.4648 34087.0547 29872.3379
   vertex 37611.1445 34155.5234 29868.8008
   vertex 37718.5508 34230 29889.2051
  endloop
 endfacet
facet normal 0.561577618 0.19714345 -0.803595066
  outer loop
   vertex 38071.1289 34244.1602 30055.7949
   vertex 37938.875 34268.7227 29969.3984
   vertex 37994.8711 34443.0117 30051.2871
  endloop
 endfacet
facet normal 0.540928781 0.208990186 -0.814689577
  outer loop
   vertex 37994.8711 34443.0117 30051.2871
   vertex 37938.875 34268.7227 29969.3984
   vertex 37895.6797 34329.0938 29956.2031
  endloop
 endfacet
facet normal 0.364456415 -0.825365901 -0.431210637
  outer loop
   vertex 38338.1055 34124.8711 30361.707
   vertex 38394.8828 34186.5586 30291.627
   vertex 38508.9336 34201.2891 30359.8223
  endloop
 endfacet
facet normal -0.305549026 0.735591352 -0.604603291
  outer loop
   vertex 37597.3047 34728.2227 30336.0449
   vertex 37754.2227 34724.0547 30251.6699
   vertex 37725.5859 34675.2969 30206.8203
  endloop
 endfacet
facet normal 0.369523674 -0.836060405 -0.40553084
  outer loop
   vertex 38469.1133 34115.2734 30500.877
   vertex 38338.1055 34124.8711 30361.707
   vertex 38508.9336 34201.2891 30359.8223
  endloop
 endfacet
facet normal 0.347411036 -0.442993104 -0.826476038
  outer loop
   vertex 38246.5547 34174.8203 30212.8945
   vertex 38305.8945 34341.3594 30148.5703
   vertex 38451.9414 34324.1992 30219.1582
  endloop
 endfacet
facet normal 0.315177828 -0.0611239038 -0.947062194
  outer loop
   vertex 38231.2383 34444.9297 30117.041
   vertex 38503.7695 34519.2344 30202.9434
   vertex 38305.8945 34341.3594 30148.5703
  endloop
 endfacet
facet normal -0.194680661 -0.126476943 -0.972678304
  outer loop
   vertex 39505.668 34447.2188 30102.8828
   vertex 39353.75 34482.4648 30128.707
   vertex 39483.0703 34590.8945 30088.7246
  endloop
 endfacet
facet normal -0.178581446 -0.0497640483 -0.982665896
  outer loop
   vertex 39505.668 34447.2188 30102.8828
   vertex 39422.4727 34417.9102 30119.4863
   vertex 39353.75 34482.4648 30128.707
  endloop
 endfacet
facet normal 0.410249293 -0.183298737 -0.89336282
  outer loop
   vertex 38503.7695 34519.2344 30202.9434
   vertex 38451.9414 34324.1992 30219.1582
   vertex 38305.8945 34341.3594 30148.5703
  endloop
 endfacet
facet normal 0.380263627 -0.692411482 -0.61316061
  outer loop
   vertex 38394.8828 34186.5586 30291.627
   vertex 38246.5547 34174.8203 30212.8945
   vertex 38467.5742 34245.2852 30270.3887
  endloop
 endfacet
facet normal 0.357659996 -0.457605541 -0.814049423
  outer loop
   vertex 38451.9414 34324.1992 30219.1582
   vertex 38467.5742 34245.2852 30270.3887
   vertex 38246.5547 34174.8203 30212.8945
  endloop
 endfacet
facet normal 0.421857089 -0.720970154 -0.549762368
  outer loop
   vertex 38394.8828 34186.5586 30291.627
   vertex 38467.5742 34245.2852 30270.3887
   vertex 38508.9336 34201.2891 30359.8223
  endloop
 endfacet
facet normal 0.150847659 0.552742124 -0.819585919
  outer loop
   vertex 37994.8711 34443.0117 30051.2871
   vertex 37895.6797 34329.0938 29956.2031
   vertex 37793.0195 34372.3281 29966.4648
  endloop
 endfacet
facet normal 0.172647104 0.51473242 -0.839787781
  outer loop
   vertex 37994.8711 34443.0117 30051.2871
   vertex 37793.0195 34372.3281 29966.4648
   vertex 37837.6172 34513.4141 30062.1094
  endloop
 endfacet
facet normal 0.0513930917 0.344535977 -0.937365294
  outer loop
   vertex 37831.5195 34229.9961 29916.2617
   vertex 37793.0195 34372.3281 29966.4648
   vertex 37895.6797 34329.0938 29956.2031
  endloop
 endfacet
facet normal 0.215811878 0.376200765 -0.901053965
  outer loop
   vertex 37718.5508 34230 29889.2051
   vertex 37793.0195 34372.3281 29966.4648
   vertex 37831.5195 34229.9961 29916.2617
  endloop
 endfacet
facet normal 0.412977964 0.0975836739 -0.905497968
  outer loop
   vertex 37938.875 34268.7227 29969.3984
   vertex 37831.5195 34229.9961 29916.2617
   vertex 37895.6797 34329.0938 29956.2031
  endloop
 endfacet
facet normal 0.125620186 -0.893776596 -0.430561274
  outer loop
   vertex 38648.0859 34189.3125 30470.1152
   vertex 38869.8789 34178.9883 30556.252
   vertex 38665.3945 34099.0273 30662.5801
  endloop
 endfacet
facet normal 0.276957065 -0.853146315 -0.4420816
  outer loop
   vertex 38469.1133 34115.2734 30500.877
   vertex 38508.9336 34201.2891 30359.8223
   vertex 38648.0859 34189.3125 30470.1152
  endloop
 endfacet
facet normal 0.281651646 -0.858701646 -0.428140014
  outer loop
   vertex 38469.1133 34115.2734 30500.877
   vertex 38648.0859 34189.3125 30470.1152
   vertex 38665.3945 34099.0273 30662.5801
  endloop
 endfacet
facet normal -0.330036104 -0.29816252 -0.8956424
  outer loop
   vertex 38903.543 34660.0586 30221.4512
   vertex 39147.4453 34562.6875 30163.9902
   vertex 39011.2344 34442.5 30254.1914
  endloop
 endfacet
facet normal -0.733712852 -0.513555169 0.444889367
  outer loop
   vertex 35603.5547 34543.8281 31159.6367
   vertex 35681.3359 34302.3867 31009.2129
   vertex 35728.4688 34382.6211 31179.5605
  endloop
 endfacet
facet normal 0.0726297647 0.554007471 -0.829337478
  outer loop
   vertex 35737.5078 34685.418 30497.7305
   vertex 35707.3906 34709.1133 30510.9219
   vertex 35888.1016 34764.6367 30563.8379
  endloop
 endfacet
facet normal -0.0200177301 0.869692683 -0.493187487
  outer loop
   vertex 37207.1211 34796.2188 30589.5332
   vertex 37145.7812 34768.457 30543.0684
   vertex 37140.8125 34821.2188 30636.3125
  endloop
 endfacet
facet normal -0.312360853 0.514908373 -0.798310757
  outer loop
   vertex 36523.0469 34479.7422 30312.1523
   vertex 36555.6602 34407.1094 30252.543
   vertex 36383.0469 34385.8281 30306.3555
  endloop
 endfacet
facet normal -0.95901072 -0.186397716 0.213434488
  outer loop
   vertex 35364.5977 34414.543 30516.6777
   vertex 35392.8555 34423.2773 30651.2656
   vertex 35351.75 34532.2852 30561.7773
  endloop
 endfacet
facet normal -0.945274889 -0.32385239 0.0396859944
  outer loop
   vertex 35326.1914 34624.9375 30709.041
   vertex 35351.75 34532.2852 30561.7773
   vertex 35392.8555 34423.2773 30651.2656
  endloop
 endfacet
facet normal -0.772464395 -0.632712364 -0.0545329563
  outer loop
   vertex 35358.543 34425.2812 30477.875
   vertex 35383.8906 34393.8438 30483.5625
   vertex 35364.5977 34414.543 30516.6777
  endloop
 endfacet
facet normal -0.802605152 -0.111735538 -0.585952342
  outer loop
   vertex 35476.9062 34302.8086 30517.9102
   vertex 35437.8594 34260.4492 30579.4766
   vertex 35422.4102 34299.0234 30593.2812
  endloop
 endfacet
facet normal -0.862783492 -0.380566865 0.332826525
  outer loop
   vertex 35326.1914 34624.9375 30709.041
   vertex 35392.8555 34423.2773 30651.2656
   vertex 35383.0156 34632.1641 30864.6055
  endloop
 endfacet
facet normal -0.239429921 -0.961880684 0.132131919
  outer loop
   vertex 35307.5703 34639.6641 30782.5156
   vertex 35326.1914 34624.9375 30709.041
   vertex 35383.0156 34632.1641 30864.6055
  endloop
 endfacet
facet normal -0.959260523 -0.186095431 0.21257408
  outer loop
   vertex 35351.75 34532.2852 30561.7773
   vertex 35351.8906 34453.7695 30493.668
   vertex 35364.5977 34414.543 30516.6777
  endloop
 endfacet
facet normal -0.960790217 -0.266606152 0.0761793032
  outer loop
   vertex 35351.8906 34453.7695 30493.668
   vertex 35358.543 34425.2812 30477.875
   vertex 35364.5977 34414.543 30516.6777
  endloop
 endfacet
facet normal -0.196984738 0.961378694 0.19221881
  outer loop
   vertex 38306.1719 35140.0234 31414.4102
   vertex 38313.4648 35104.6758 31598.6719
   vertex 38384.2656 35142.3516 31482.7949
  endloop
 endfacet
facet normal -0.13176778 0.972552061 0.191780537
  outer loop
   vertex 38192.5312 35116.8555 31453.8105
   vertex 38313.4648 35104.6758 31598.6719
   vertex 38306.1719 35140.0234 31414.4102
  endloop
 endfacet
facet normal -0.00672871759 -0.993688464 -0.111972943
  outer loop
   vertex 38240.9961 33960.668 31206.3984
   vertex 38378.2148 33972.1172 31096.5371
   vertex 38383.3711 33940.6172 31375.7676
  endloop
 endfacet
facet normal 0.084956795 -0.99629432 0.0134170549
  outer loop
   vertex 37772.8711 33928.7344 31185.4551
   vertex 38097.9062 33954.5508 31044.4102
   vertex 38083.4062 33956.9648 31315.4961
  endloop
 endfacet
facet normal -0.0489665195 -0.992605448 -0.111070499
  outer loop
   vertex 38619.0039 33948.0664 31205.3105
   vertex 38383.3711 33940.6172 31375.7676
   vertex 38378.2148 33972.1172 31096.5371
  endloop
 endfacet
facet normal 0.0307816993 -0.999470472 0.010547908
  outer loop
   vertex 38083.4062 33956.9648 31315.4961
   vertex 38097.9062 33954.5508 31044.4102
   vertex 38240.9961 33960.668 31206.3984
  endloop
 endfacet
facet normal 0.136633366 0.848683536 -0.510947764
  outer loop
   vertex 37505.5742 34984.0078 31294.668
   vertex 37480.7969 34960.4258 31248.873
   vertex 37408.543 34984.8828 31270.1758
  endloop
 endfacet
facet normal 0.00777402008 -0.997115731 0.0754972324
  outer loop
   vertex 38103.0195 33983.9453 31669.834
   vertex 37883.1953 33961.875 31400.9844
   vertex 38083.4062 33956.9648 31315.4961
  endloop
 endfacet
facet normal -0.0961578563 0.138982207 0.985615373
  outer loop
   vertex 37263.6367 34724.6289 32223.9883
   vertex 37412.293 34919.4844 32211.0137
   vertex 37039.4023 35003.6289 32162.7695
  endloop
 endfacet
facet normal -0.274685591 -0.57834208 0.768159032
  outer loop
   vertex 37042.0156 34518.5742 32112.8906
   vertex 36830.0234 34464.4062 31996.3008
   vertex 37065.0547 34336.875 31984.3281
  endloop
 endfacet
facet normal -0.482531697 -0.7333498 0.478916705
  outer loop
   vertex 35681.3359 34302.3867 31009.2129
   vertex 35888.0508 34274.0195 31174.0469
   vertex 35728.4688 34382.6211 31179.5605
  endloop
 endfacet
facet normal 0.378931254 -0.644179046 0.664412856
  outer loop
   vertex 36632.5391 34395.2852 31797.4844
   vertex 36635.1758 34637.3203 32030.6465
   vertex 36579.6328 34529.0117 31957.3145
  endloop
 endfacet
facet normal -0.436985791 -0.621559978 0.650158882
  outer loop
   vertex 36632.5391 34395.2852 31797.4844
   vertex 36830.0234 34464.4062 31996.3008
   vertex 36635.1758 34637.3203 32030.6465
  endloop
 endfacet
facet normal -0.560824811 -0.485712826 0.670491278
  outer loop
   vertex 35944.6641 34557.6172 31532.7441
   vertex 35721.3555 34726.2422 31468.1152
   vertex 35772.5156 34494.043 31342.7012
  endloop
 endfacet
facet normal -0.773126304 -0.251970708 0.582053661
  outer loop
   vertex 35772.5156 34494.043 31342.7012
   vertex 35724.0547 34443.8125 31256.5859
   vertex 35757.3125 34437.6055 31298.0762
  endloop
 endfacet
facet normal -0.36112991 -0.725024283 0.586451173
  outer loop
   vertex 36201.4648 34316.1328 31434.1816
   vertex 36632.5391 34395.2852 31797.4844
   vertex 36269.4844 34511.5508 31717.6582
  endloop
 endfacet
facet normal 0.327918708 -0.639169514 0.695652008
  outer loop
   vertex 36635.1758 34637.3203 32030.6465
   vertex 36569.1094 34564.4219 31994.8086
   vertex 36579.6328 34529.0117 31957.3145
  endloop
 endfacet
facet normal -0.377164453 -0.745077789 0.550096393
  outer loop
   vertex 35888.0508 34274.0195 31174.0469
   vertex 35911.8359 34398.6797 31359.2012
   vertex 35790.9531 34397.1367 31274.2305
  endloop
 endfacet
facet normal -0.149692237 0.918689609 -0.36551562
  outer loop
   vertex 37563.3008 34996.6289 31302.7559
   vertex 37505.5742 34984.0078 31294.668
   vertex 37672.3047 35060.4297 31418.4707
  endloop
 endfacet
facet normal -0.506795466 -0.736323476 0.448314756
  outer loop
   vertex 36632.5391 34395.2852 31797.4844
   vertex 36579.6328 34529.0117 31957.3145
   vertex 36543.8086 34549.9531 31951.2168
  endloop
 endfacet
facet normal -0.310936272 -0.509716451 0.80218935
  outer loop
   vertex 36830.0234 34464.4062 31996.3008
   vertex 37042.0156 34518.5742 32112.8906
   vertex 36635.1758 34637.3203 32030.6465
  endloop
 endfacet
facet normal -0.495571345 -0.696604252 0.518798172
  outer loop
   vertex 36569.1094 34564.4219 31994.8086
   vertex 36543.8086 34549.9531 31951.2168
   vertex 36579.6328 34529.0117 31957.3145
  endloop
 endfacet
facet normal -0.393012404 -0.434904337 0.810184836
  outer loop
   vertex 36375.5039 34658.6016 31908.1094
   vertex 36391.8359 34901.4531 32046.3945
   vertex 36159.5742 34931.3828 31949.791
  endloop
 endfacet
facet normal -0.484633178 -0.597481668 0.638863325
  outer loop
   vertex 35911.8359 34398.6797 31359.2012
   vertex 35944.6641 34557.6172 31532.7441
   vertex 35772.5156 34494.043 31342.7012
  endloop
 endfacet
facet normal -0.765387714 -0.109989323 0.634100914
  outer loop
   vertex 35668.4883 35147.6836 31668.6602
   vertex 35549.2422 35401.2109 31568.7012
   vertex 35548.2344 35196.6562 31532.002
  endloop
 endfacet
facet normal -0.101398908 0.980709553 0.167113766
  outer loop
   vertex 38192.5312 35116.8555 31453.8105
   vertex 38109.2266 35092.7266 31544.8789
   vertex 38313.4648 35104.6758 31598.6719
  endloop
 endfacet
facet normal -0.104178332 0.9880898 0.11324963
  outer loop
   vertex 37672.3047 35060.4297 31418.4707
   vertex 37941.6445 35074.1289 31546.7012
   vertex 37952.625 35086.4414 31449.3906
  endloop
 endfacet
facet normal -0.752615154 -0.535900056 0.38259849
  outer loop
   vertex 35603.5547 34543.8281 31159.6367
   vertex 35728.4688 34382.6211 31179.5605
   vertex 35724.0547 34443.8125 31256.5859
  endloop
 endfacet
facet normal -0.468627989 -0.56750071 0.677001297
  outer loop
   vertex 35790.9531 34397.1367 31274.2305
   vertex 35911.8359 34398.6797 31359.2012
   vertex 35772.5156 34494.043 31342.7012
  endloop
 endfacet
facet normal -0.145469174 -0.589227796 0.794763684
  outer loop
   vertex 35790.9531 34397.1367 31274.2305
   vertex 35772.5156 34494.043 31342.7012
   vertex 35757.3125 34437.6055 31298.0762
  endloop
 endfacet
facet normal -0.775628626 0.575543225 0.259133607
  outer loop
   vertex 36543.8086 34549.9531 31951.2168
   vertex 36569.1094 34564.4219 31994.8086
   vertex 36635.1758 34637.3203 32030.6465
  endloop
 endfacet
facet normal -0.413979769 -0.429246485 0.802725494
  outer loop
   vertex 36635.1758 34637.3203 32030.6465
   vertex 36391.8359 34901.4531 32046.3945
   vertex 36375.5039 34658.6016 31908.1094
  endloop
 endfacet
facet normal -0.4253622 -0.323587537 0.845197082
  outer loop
   vertex 36635.1758 34637.3203 32030.6465
   vertex 36375.5039 34658.6016 31908.1094
   vertex 36543.8086 34549.9531 31951.2168
  endloop
 endfacet
facet normal -0.288551629 -0.379917264 0.878863394
  outer loop
   vertex 36635.1758 34637.3203 32030.6465
   vertex 37042.0156 34518.5742 32112.8906
   vertex 36851.957 34774.3789 32161.0703
  endloop
 endfacet
facet normal -0.182059661 -0.51128155 0.839908004
  outer loop
   vertex 36687.6719 34776.4336 32126.709
   vertex 36635.1758 34637.3203 32030.6465
   vertex 36851.957 34774.3789 32161.0703
  endloop
 endfacet
facet normal -0.161190346 0.0330337361 0.986370325
  outer loop
   vertex 37730.3008 34765.1875 32298.8887
   vertex 37263.6367 34724.6289 32223.9883
   vertex 37663.6562 34517.6641 32296.2891
  endloop
 endfacet
facet normal -0.171962276 0.19547461 0.965514719
  outer loop
   vertex 37730.3008 34765.1875 32298.8887
   vertex 37412.293 34919.4844 32211.0137
   vertex 37263.6367 34724.6289 32223.9883
  endloop
 endfacet
facet normal -0.0311229639 0.966555774 0.254560977
  outer loop
   vertex 38339.0508 35058.3398 31777.7363
   vertex 38313.4648 35104.6758 31598.6719
   vertex 38241.8672 35057.5742 31768.7695
  endloop
 endfacet
facet normal -0.272937059 -0.666798115 0.693459153
  outer loop
   vertex 38262.1445 34402.2695 32412.541
   vertex 38178.7656 34437.8945 32413.9785
   vertex 38203.5195 34390.5586 32378.2051
  endloop
 endfacet
facet normal 0.463700354 -0.019660078 0.885773957
  outer loop
   vertex 38321.2266 34457.5195 32402.416
   vertex 38289.7227 34419.1055 32418.0566
   vertex 38435.9375 34310.1836 32339.0938
  endloop
 endfacet
facet normal 0.107989445 0.912230849 -0.395187497
  outer loop
   vertex 37412.8633 35033.8633 31384.4238
   vertex 37505.5742 34984.0078 31294.668
   vertex 37408.543 34984.8828 31270.1758
  endloop
 endfacet
facet normal -0.0492470935 0.909915149 0.411860585
  outer loop
   vertex 38322.9609 34988.5898 31930.8711
   vertex 38241.8672 35057.5742 31768.7695
   vertex 38031.7969 35059.832 31738.6602
  endloop
 endfacet
facet normal -0.0784807056 0.866373658 -0.493191123
  outer loop
   vertex 37031.7344 34903.0859 30797.4785
   vertex 37140.8125 34821.2188 30636.3125
   vertex 36967.4102 34785.9336 30601.916
  endloop
 endfacet
facet normal -0.0799077451 0.868866622 -0.488554507
  outer loop
   vertex 37097.7383 34766.2656 30545.625
   vertex 36967.4102 34785.9336 30601.916
   vertex 37140.8125 34821.2188 30636.3125
  endloop
 endfacet
facet normal -0.0658315346 0.866928577 -0.494065821
  outer loop
   vertex 37145.7812 34768.457 30543.0684
   vertex 37097.7383 34766.2656 30545.625
   vertex 37140.8125 34821.2188 30636.3125
  endloop
 endfacet
facet normal -0.794302464 0.462601066 -0.393806845
  outer loop
   vertex 35360.4883 34832.0156 30641.6367
   vertex 35361.6641 34781.9688 30580.4785
   vertex 35336.7422 34771.4141 30618.3398
  endloop
 endfacet
facet normal -0.689546108 -0.529799342 0.493800402
  outer loop
   vertex 35603.5547 34543.8281 31159.6367
   vertex 35509.1055 34381.5078 30853.5957
   vertex 35681.3359 34302.3867 31009.2129
  endloop
 endfacet
facet normal -0.302471399 -0.933483601 0.192664146
  outer loop
   vertex 35307.9258 34643.7539 30802.8828
   vertex 35307.5703 34639.6641 30782.5156
   vertex 35383.0156 34632.1641 30864.6055
  endloop
 endfacet
facet normal -0.985358775 0.169660211 -0.0168359224
  outer loop
   vertex 35307.5703 34639.6641 30782.5156
   vertex 35307.9258 34643.7539 30802.8828
   vertex 35312.5625 34668.1836 30777.8477
  endloop
 endfacet
facet normal -0.582874417 -0.652169287 0.484698474
  outer loop
   vertex 35728.4688 34382.6211 31179.5605
   vertex 35790.9531 34397.1367 31274.2305
   vertex 35724.0547 34443.8125 31256.5859
  endloop
 endfacet
facet normal -0.818766177 -0.428653628 0.381939828
  outer loop
   vertex 35392.8555 34423.2773 30651.2656
   vertex 35509.1055 34381.5078 30853.5957
   vertex 35383.0156 34632.1641 30864.6055
  endloop
 endfacet
facet normal -0.7670995 -0.393449903 0.506710529
  outer loop
   vertex 35544.8125 34863.2578 31318.7402
   vertex 35473.4414 34729.4688 31106.8066
   vertex 35603.5547 34543.8281 31159.6367
  endloop
 endfacet
facet normal -0.595229864 -0.713061869 0.370464802
  outer loop
   vertex 35790.9531 34397.1367 31274.2305
   vertex 35757.3125 34437.6055 31298.0762
   vertex 35724.0547 34443.8125 31256.5859
  endloop
 endfacet
facet normal -0.739029229 -0.311266929 0.597451806
  outer loop
   vertex 35724.0547 34443.8125 31256.5859
   vertex 35772.5156 34494.043 31342.7012
   vertex 35603.5547 34543.8281 31159.6367
  endloop
 endfacet
facet normal -0.75273782 -0.399169922 0.523496985
  outer loop
   vertex 35603.5547 34543.8281 31159.6367
   vertex 35721.3555 34726.2422 31468.1152
   vertex 35544.8125 34863.2578 31318.7402
  endloop
 endfacet
facet normal -0.75408262 -0.443273455 0.484631836
  outer loop
   vertex 35721.3555 34726.2422 31468.1152
   vertex 35635.8008 34942.8594 31533.1289
   vertex 35544.8125 34863.2578 31318.7402
  endloop
 endfacet
facet normal -0.811028898 -0.345123142 0.472358048
  outer loop
   vertex 35544.8125 34863.2578 31318.7402
   vertex 35635.8008 34942.8594 31533.1289
   vertex 35560.9766 35062.3594 31491.9688
  endloop
 endfacet
facet normal -0.639649928 -0.292040169 0.711027801
  outer loop
   vertex 35668.4883 35147.6836 31668.6602
   vertex 35748 34927.6133 31649.7988
   vertex 35900.4141 35043.8242 31834.6465
  endloop
 endfacet
facet normal -0.601176918 0.198230296 -0.774138927
  outer loop
   vertex 35351.75 34532.2852 30561.7773
   vertex 35417.2031 34681.4688 30549.1484
   vertex 35424.75 34466.0352 30488.123
  endloop
 endfacet
facet normal -0.165462106 0.646066129 -0.745131433
  outer loop
   vertex 35351.75 34532.2852 30561.7773
   vertex 35424.75 34466.0352 30488.123
   vertex 35351.8906 34453.7695 30493.668
  endloop
 endfacet
facet normal -0.920639694 -0.211029097 0.328465044
  outer loop
   vertex 35544.8125 34863.2578 31318.7402
   vertex 35560.9766 35062.3594 31491.9688
   vertex 35486.1328 35161.4688 31345.8691
  endloop
 endfacet
facet normal -0.920099378 -0.189499438 0.342793167
  outer loop
   vertex 35560.9766 35062.3594 31491.9688
   vertex 35548.2344 35196.6562 31532.002
   vertex 35486.1328 35161.4688 31345.8691
  endloop
 endfacet
facet normal -0.583903193 0.804837108 0.106274873
  outer loop
   vertex 37672.3047 35060.4297 31418.4707
   vertex 37520.6523 34980.4648 31190.8496
   vertex 37563.3008 34996.6289 31302.7559
  endloop
 endfacet
facet normal -0.0274556931 0.982066333 0.186525866
  outer loop
   vertex 38453.9688 35160.625 31396.8496
   vertex 38384.2656 35142.3516 31482.7949
   vertex 38438.9375 35138.5039 31511.0938
  endloop
 endfacet
facet normal -0.0660182387 0.985491276 0.156360313
  outer loop
   vertex 38995.4297 35224.7305 31083.8164
   vertex 38665.582 35176.957 31245.6426
   vertex 38918.582 35191.5742 31260.332
  endloop
 endfacet
facet normal -0.0199594349 0.969207823 0.245433941
  outer loop
   vertex 38995.4297 35224.7305 31083.8164
   vertex 38833.3203 35223.3477 31076.084
   vertex 38665.582 35176.957 31245.6426
  endloop
 endfacet
facet normal 0.119497359 0.910860837 -0.395035326
  outer loop
   vertex 37412.8633 35033.8633 31384.4238
   vertex 37408.543 34984.8828 31270.1758
   vertex 37271.3555 35030.6523 31334.2129
  endloop
 endfacet
facet normal -0.00373669714 0.934609234 0.355656534
  outer loop
   vertex 38493.2109 35098.1328 31617.7559
   vertex 38438.9375 35138.5039 31511.0938
   vertex 38313.4648 35104.6758 31598.6719
  endloop
 endfacet
facet normal 0.0197988935 0.988131881 0.152326688
  outer loop
   vertex 38493.2109 35098.1328 31617.7559
   vertex 38313.4648 35104.6758 31598.6719
   vertex 38389.3086 35091.5273 31674.1055
  endloop
 endfacet
facet normal 0.0962803885 0.961448848 0.257577509
  outer loop
   vertex 39726.7852 35060.1602 31329.2676
   vertex 39771.8359 35009.4453 31501.7188
   vertex 39859.6445 34974.2773 31600.168
  endloop
 endfacet
facet normal 0.0540258102 0.959181607 0.277582228
  outer loop
   vertex 40000.3203 34993.7305 31505.5664
   vertex 39726.7852 35060.1602 31329.2676
   vertex 39859.6445 34974.2773 31600.168
  endloop
 endfacet
facet normal 0.30111739 0.909790814 -0.285672814
  outer loop
   vertex 37184.418 35058.9648 31371.1641
   vertex 37155.8867 35039.1406 31277.9531
   vertex 37120.2422 35070.1328 31339.0742
  endloop
 endfacet
facet normal -0.0940524861 0.9604792 0.261980504
  outer loop
   vertex 38389.3086 35091.5273 31674.1055
   vertex 38313.4648 35104.6758 31598.6719
   vertex 38339.0508 35058.3398 31777.7363
  endloop
 endfacet
facet normal -0.0293574575 0.88419503 -0.466194481
  outer loop
   vertex 37412.8633 35033.8633 31384.4238
   vertex 37428.6172 35067.8867 31447.9609
   vertex 37672.3047 35060.4297 31418.4707
  endloop
 endfacet
facet normal -0.108371593 0.987698436 0.112726837
  outer loop
   vertex 37941.6445 35074.1289 31546.7012
   vertex 38109.2266 35092.7266 31544.8789
   vertex 37952.625 35086.4414 31449.3906
  endloop
 endfacet
facet normal -0.136972532 0.981367111 0.134748191
  outer loop
   vertex 38192.5312 35116.8555 31453.8105
   vertex 38131.7539 35112.2383 31425.6699
   vertex 38109.2266 35092.7266 31544.8789
  endloop
 endfacet
facet normal -0.0224414878 0.863941848 -0.503091276
  outer loop
   vertex 37505.5742 34984.0078 31294.668
   vertex 37412.8633 35033.8633 31384.4238
   vertex 37672.3047 35060.4297 31418.4707
  endloop
 endfacet
facet normal -0.0162781999 0.996469915 -0.0823575333
  outer loop
   vertex 37287.1094 35134.3711 31643.3711
   vertex 37215.1914 35123.3555 31524.3262
   vertex 37308.5391 35139.418 31700.2188
  endloop
 endfacet
facet normal 0.344696015 0.923716307 -0.167131186
  outer loop
   vertex 37037.082 35218.7109 31684.0059
   vertex 37127.2539 35184.2773 31679.666
   vertex 37215.1914 35123.3555 31524.3262
  endloop
 endfacet
facet normal 0.309049934 0.862724483 -0.400243253
  outer loop
   vertex 36784.2969 35160.5352 31259.9512
   vertex 36730.543 35193.6016 31289.7227
   vertex 36835.1172 35217.6445 31422.291
  endloop
 endfacet
facet normal 0.201848686 0.956541061 -0.210443079
  outer loop
   vertex 37287.1094 35134.3711 31643.3711
   vertex 37358.1445 35125.2812 31670.1895
   vertex 37215.1914 35123.3555 31524.3262
  endloop
 endfacet
facet normal 0.46813792 0.880016208 -0.080114454
  outer loop
   vertex 37150.4531 35182.2148 31792.5664
   vertex 37215.1914 35123.3555 31524.3262
   vertex 37127.2539 35184.2773 31679.666
  endloop
 endfacet
facet normal 0.161181808 0.97141993 -0.174251974
  outer loop
   vertex 37150.4531 35182.2148 31792.5664
   vertex 37308.5391 35139.418 31700.2188
   vertex 37215.1914 35123.3555 31524.3262
  endloop
 endfacet
facet normal -0.037486773 0.942446411 0.332249224
  outer loop
   vertex 38241.8672 35057.5742 31768.7695
   vertex 38150.5703 35067.2422 31731.0391
   vertex 38031.7969 35059.832 31738.6602
  endloop
 endfacet
facet normal 0.249849468 0.952794313 0.172505677
  outer loop
   vertex 37150.4531 35182.2148 31792.5664
   vertex 36849.8281 35220.4141 32016.9941
   vertex 37357.8828 35079.5 32059.4453
  endloop
 endfacet
facet normal 0.0699018538 0.982898712 0.170363829
  outer loop
   vertex 37808.8867 35041.9414 32044.5469
   vertex 37916.5352 35059.5195 31898.9453
   vertex 37560.4375 35100.25 31810.0742
  endloop
 endfacet
facet normal -0.28249836 0.823595881 0.491817504
  outer loop
   vertex 38241.8672 35057.5742 31768.7695
   vertex 38322.9609 34988.5898 31930.8711
   vertex 38308.8984 35037.0508 31841.6387
  endloop
 endfacet
facet normal 0.0104804114 0.974444747 0.224382684
  outer loop
   vertex 38241.8672 35057.5742 31768.7695
   vertex 38191.3906 35079.2695 31676.9102
   vertex 38150.5703 35067.2422 31731.0391
  endloop
 endfacet
facet normal -0.0406094864 0.967200637 0.250746429
  outer loop
   vertex 38191.3906 35079.2695 31676.9102
   vertex 38241.8672 35057.5742 31768.7695
   vertex 38313.4648 35104.6758 31598.6719
  endloop
 endfacet
facet normal -0.100216605 0.981618762 0.162423015
  outer loop
   vertex 38191.3906 35079.2695 31676.9102
   vertex 38313.4648 35104.6758 31598.6719
   vertex 38109.2266 35092.7266 31544.8789
  endloop
 endfacet
facet normal -0.0352882966 0.953016579 0.300855637
  outer loop
   vertex 38339.0508 35058.3398 31777.7363
   vertex 38241.8672 35057.5742 31768.7695
   vertex 38308.8984 35037.0508 31841.6387
  endloop
 endfacet
facet normal -0.0558191687 0.989194453 0.135567591
  outer loop
   vertex 38109.2266 35092.7266 31544.8789
   vertex 38123.418 35074.2656 31685.4219
   vertex 38191.3906 35079.2695 31676.9102
  endloop
 endfacet
facet normal -0.109646179 0.986086011 0.124948531
  outer loop
   vertex 37941.6445 35074.1289 31546.7012
   vertex 37672.3047 35060.4297 31418.4707
   vertex 38031.7969 35059.832 31738.6602
  endloop
 endfacet
facet normal -0.435629129 -0.566667259 0.69936794
  outer loop
   vertex 36113.6914 34515.7539 31624.0215
   vertex 36269.4844 34511.5508 31717.6582
   vertex 36080.5156 34711.2578 31761.7676
  endloop
 endfacet
facet normal -0.444114953 -0.572459698 0.689240038
  outer loop
   vertex 36269.4844 34511.5508 31717.6582
   vertex 36375.5039 34658.6016 31908.1094
   vertex 36080.5156 34711.2578 31761.7676
  endloop
 endfacet
facet normal -0.49756676 -0.554441988 0.667099237
  outer loop
   vertex 35944.6641 34557.6172 31532.7441
   vertex 36113.6914 34515.7539 31624.0215
   vertex 36080.5156 34711.2578 31761.7676
  endloop
 endfacet
facet normal -0.769610345 -0.248381853 0.5882231
  outer loop
   vertex 35668.4883 35147.6836 31668.6602
   vertex 35548.2344 35196.6562 31532.002
   vertex 35560.9766 35062.3594 31491.9688
  endloop
 endfacet
facet normal -0.620836854 -0.478271395 0.621142507
  outer loop
   vertex 35869.2969 34789.2773 31664.5234
   vertex 35748 34927.6133 31649.7988
   vertex 35721.3555 34726.2422 31468.1152
  endloop
 endfacet
facet normal -0.674276948 -0.443517298 0.590460002
  outer loop
   vertex 35721.3555 34726.2422 31468.1152
   vertex 35748 34927.6133 31649.7988
   vertex 35635.8008 34942.8594 31533.1289
  endloop
 endfacet
facet normal -0.508302927 -0.544766307 0.666976631
  outer loop
   vertex 36080.5156 34711.2578 31761.7676
   vertex 35869.2969 34789.2773 31664.5234
   vertex 35944.6641 34557.6172 31532.7441
  endloop
 endfacet
facet normal -0.0680292621 0.691099524 0.719550908
  outer loop
   vertex 37609.3203 35057.3242 32104.5137
   vertex 37357.8828 35079.5 32059.4453
   vertex 37698.7852 34968.1875 32198.5859
  endloop
 endfacet
facet normal 0.20375894 0.971536815 -0.120824262
  outer loop
   vertex 37308.5391 35139.418 31700.2188
   vertex 37560.4375 35100.25 31810.0742
   vertex 37358.1445 35125.2812 31670.1895
  endloop
 endfacet
facet normal -0.33901915 -0.340018153 0.877185106
  outer loop
   vertex 36060.3359 35125.8281 31986.8086
   vertex 36159.5742 34931.3828 31949.791
   vertex 36213.6367 35136.2812 32050.1094
  endloop
 endfacet
facet normal -0.398773551 -0.316230118 0.860800862
  outer loop
   vertex 36391.8359 34901.4531 32046.3945
   vertex 36213.6367 35136.2812 32050.1094
   vertex 36159.5742 34931.3828 31949.791
  endloop
 endfacet
facet normal -0.705288291 -0.309479177 0.637801707
  outer loop
   vertex 35748 34927.6133 31649.7988
   vertex 35668.4883 35147.6836 31668.6602
   vertex 35635.8008 34942.8594 31533.1289
  endloop
 endfacet
facet normal -0.645085037 -0.408096969 0.646004736
  outer loop
   vertex 35775.2578 35215.1289 31817.8867
   vertex 35668.4883 35147.6836 31668.6602
   vertex 35900.4141 35043.8242 31834.6465
  endloop
 endfacet
facet normal -0.758660018 -0.270962775 0.592464447
  outer loop
   vertex 35560.9766 35062.3594 31491.9688
   vertex 35635.8008 34942.8594 31533.1289
   vertex 35668.4883 35147.6836 31668.6602
  endloop
 endfacet
facet normal -0.504270792 -0.436381757 0.745172381
  outer loop
   vertex 35869.2969 34789.2773 31664.5234
   vertex 36080.5156 34711.2578 31761.7676
   vertex 35900.4141 35043.8242 31834.6465
  endloop
 endfacet
facet normal -0.558152974 -0.412810534 0.719758809
  outer loop
   vertex 35748 34927.6133 31649.7988
   vertex 35869.2969 34789.2773 31664.5234
   vertex 35900.4141 35043.8242 31834.6465
  endloop
 endfacet
facet normal -0.275832146 0.391038001 0.878069401
  outer loop
   vertex 37698.7852 34968.1875 32198.5859
   vertex 37730.3008 34765.1875 32298.8887
   vertex 37945.9336 34885.4414 32313.0742
  endloop
 endfacet
facet normal 0.171196714 0.983213544 0.0631091446
  outer loop
   vertex 37581.2695 35082.793 32025.5176
   vertex 37808.8867 35041.9414 32044.5469
   vertex 37560.4375 35100.25 31810.0742
  endloop
 endfacet
facet normal -0.00239352696 0.996712148 0.0809889138
  outer loop
   vertex 37357.8828 35079.5 32059.4453
   vertex 37581.2695 35082.793 32025.5176
   vertex 37560.4375 35100.25 31810.0742
  endloop
 endfacet
facet normal -0.512309432 -0.40557918 0.756997049
  outer loop
   vertex 35900.4141 35043.8242 31834.6465
   vertex 36159.5742 34931.3828 31949.791
   vertex 36060.3359 35125.8281 31986.8086
  endloop
 endfacet
facet normal -0.517210007 -0.440849543 0.733583987
  outer loop
   vertex 35900.4141 35043.8242 31834.6465
   vertex 36080.5156 34711.2578 31761.7676
   vertex 36159.5742 34931.3828 31949.791
  endloop
 endfacet
facet normal -0.496128261 -0.789868891 0.360505104
  outer loop
   vertex 35467.5938 35430.1016 31519.6406
   vertex 35549.2422 35401.2109 31568.7012
   vertex 35471.8789 35438.332 31543.5605
  endloop
 endfacet
facet normal -0.357722521 -0.231781319 0.904605985
  outer loop
   vertex 36094.2734 35229.4609 32026.7832
   vertex 36060.3359 35125.8281 31986.8086
   vertex 36213.6367 35136.2812 32050.1094
  endloop
 endfacet
facet normal 0.0262741297 0.186046541 0.982189596
  outer loop
   vertex 36284.2852 35232.7539 32082.8418
   vertex 36415.9492 35113.5625 32101.8965
   vertex 36390.3555 35265.5625 32073.7891
  endloop
 endfacet
facet normal -0.51878494 -0.300730705 0.800264478
  outer loop
   vertex 35775.2578 35215.1289 31817.8867
   vertex 35900.4141 35043.8242 31834.6465
   vertex 35847.6641 35274.9023 31887.2852
  endloop
 endfacet
facet normal -0.264803857 -0.215815887 0.939841688
  outer loop
   vertex 36213.6367 35136.2812 32050.1094
   vertex 36391.8359 34901.4531 32046.3945
   vertex 36415.9492 35113.5625 32101.8965
  endloop
 endfacet
facet normal -0.509892404 -0.159110978 0.845395446
  outer loop
   vertex 35983.8906 35255.4609 31965.0996
   vertex 36060.3359 35125.8281 31986.8086
   vertex 36094.2734 35229.4609 32026.7832
  endloop
 endfacet
facet normal 0.437780529 -0.108596832 0.892499268
  outer loop
   vertex 36849.8281 35220.4141 32016.9941
   vertex 36713.332 35242.1641 32086.5938
   vertex 36657.0469 35166.2148 32104.959
  endloop
 endfacet
facet normal -0.204968378 -0.0901177227 0.974611104
  outer loop
   vertex 36687.6719 34776.4336 32126.709
   vertex 36851.957 34774.3789 32161.0703
   vertex 36624.1445 34910.0273 32125.7012
  endloop
 endfacet
facet normal 0.199363738 0.973736346 -0.1099618
  outer loop
   vertex 37560.4375 35100.25 31810.0742
   vertex 37308.5391 35139.418 31700.2188
   vertex 37150.4531 35182.2148 31792.5664
  endloop
 endfacet
facet normal 0.18158251 0.956792235 0.227104291
  outer loop
   vertex 37560.4375 35100.25 31810.0742
   vertex 37150.4531 35182.2148 31792.5664
   vertex 37357.8828 35079.5 32059.4453
  endloop
 endfacet
facet normal 0.160530478 0.643596947 0.74834013
  outer loop
   vertex 36657.0469 35166.2148 32104.959
   vertex 37039.4023 35003.6289 32162.7695
   vertex 36849.8281 35220.4141 32016.9941
  endloop
 endfacet
facet normal 0.105982587 0.617030323 0.779770017
  outer loop
   vertex 37039.4023 35003.6289 32162.7695
   vertex 37357.8828 35079.5 32059.4453
   vertex 36849.8281 35220.4141 32016.9941
  endloop
 endfacet
facet normal -0.0757666007 0.987617195 0.137374118
  outer loop
   vertex 38031.7969 35059.832 31738.6602
   vertex 38123.418 35074.2656 31685.4219
   vertex 38109.2266 35092.7266 31544.8789
  endloop
 endfacet
facet normal -0.108096361 0.986346602 0.124240071
  outer loop
   vertex 38031.7969 35059.832 31738.6602
   vertex 38109.2266 35092.7266 31544.8789
   vertex 37941.6445 35074.1289 31546.7012
  endloop
 endfacet
facet normal -0.0496493205 0.98227036 0.180775747
  outer loop
   vertex 38150.5703 35067.2422 31731.0391
   vertex 38191.3906 35079.2695 31676.9102
   vertex 38123.418 35074.2656 31685.4219
  endloop
 endfacet
facet normal -0.0496896245 0.982264102 0.180798769
  outer loop
   vertex 38031.7969 35059.832 31738.6602
   vertex 38150.5703 35067.2422 31731.0391
   vertex 38123.418 35074.2656 31685.4219
  endloop
 endfacet
facet normal 0.353851408 0.933644533 -0.0556515828
  outer loop
   vertex 37150.4531 35182.2148 31792.5664
   vertex 37127.2539 35184.2773 31679.666
   vertex 37037.082 35218.7109 31684.0059
  endloop
 endfacet
facet normal 0.0958732143 0.992867589 0.0708677173
  outer loop
   vertex 37560.4375 35100.25 31810.0742
   vertex 37916.5352 35059.5195 31898.9453
   vertex 38031.7969 35059.832 31738.6602
  endloop
 endfacet
facet normal 0.334080458 0.941994488 -0.0321975239
  outer loop
   vertex 36792.0156 35308.1367 31757.5527
   vertex 37150.4531 35182.2148 31792.5664
   vertex 37037.082 35218.7109 31684.0059
  endloop
 endfacet
facet normal 0.124640912 0.969883204 0.209263578
  outer loop
   vertex 38260.1016 35008.0234 31932.9941
   vertex 37916.5352 35059.5195 31898.9453
   vertex 37808.8867 35041.9414 32044.5469
  endloop
 endfacet
facet normal 0.137691408 0.985319912 0.10092441
  outer loop
   vertex 38031.7969 35059.832 31738.6602
   vertex 37916.5352 35059.5195 31898.9453
   vertex 38260.1016 35008.0234 31932.9941
  endloop
 endfacet
facet normal 0.291478902 0.952474117 -0.0885045901
  outer loop
   vertex 38031.7969 35059.832 31738.6602
   vertex 38260.1016 35008.0234 31932.9941
   vertex 38322.9609 34988.5898 31930.8711
  endloop
 endfacet
facet normal 0.0730901808 0.994095087 -0.0802045539
  outer loop
   vertex 37672.3047 35060.4297 31418.4707
   vertex 37560.4375 35100.25 31810.0742
   vertex 38031.7969 35059.832 31738.6602
  endloop
 endfacet
facet normal 0.174928322 0.981538773 -0.0773415715
  outer loop
   vertex 37446.832 35105.2148 31616.1562
   vertex 37358.1445 35125.2812 31670.1895
   vertex 37560.4375 35100.25 31810.0742
  endloop
 endfacet
facet normal 0.305663079 0.943413675 -0.128610685
  outer loop
   vertex 36792.0156 35308.1367 31757.5527
   vertex 37037.082 35218.7109 31684.0059
   vertex 36929.5547 35243.0859 31607.25
  endloop
 endfacet
facet normal 0.35986951 0.881732047 -0.305028766
  outer loop
   vertex 36929.5547 35243.0859 31607.25
   vertex 36835.1172 35217.6445 31422.291
   vertex 36792.1562 35295.625 31597.0254
  endloop
 endfacet
facet normal 0.114500679 0.989016116 -0.0934704542
  outer loop
   vertex 37446.832 35105.2148 31616.1562
   vertex 37672.3047 35060.4297 31418.4707
   vertex 37215.1914 35123.3555 31524.3262
  endloop
 endfacet
facet normal 0.13394244 0.980440736 -0.144205987
  outer loop
   vertex 37358.1445 35125.2812 31670.1895
   vertex 37446.832 35105.2148 31616.1562
   vertex 37215.1914 35123.3555 31524.3262
  endloop
 endfacet
facet normal 0.182793856 0.970835984 -0.155125573
  outer loop
   vertex 37308.5391 35139.418 31700.2188
   vertex 37358.1445 35125.2812 31670.1895
   vertex 37287.1094 35134.3711 31643.3711
  endloop
 endfacet
facet normal 0.409342259 0.784852743 -0.465236604
  outer loop
   vertex 36730.543 35193.6016 31289.7227
   vertex 36678.3945 35238.1602 31319.0117
   vertex 36835.1172 35217.6445 31422.291
  endloop
 endfacet
facet normal -0.0978026092 0.990642071 0.0951997116
  outer loop
   vertex 38109.2266 35092.7266 31544.8789
   vertex 38088.3555 35117.8164 31262.3438
   vertex 37952.625 35086.4414 31449.3906
  endloop
 endfacet
facet normal 0.286875188 0.860063732 0.421892166
  outer loop
   vertex 38322.9609 34988.5898 31930.8711
   vertex 38339.0508 35058.3398 31777.7363
   vertex 38308.8984 35037.0508 31841.6387
  endloop
 endfacet
facet normal 0.403555691 0.868342578 -0.288312197
  outer loop
   vertex 36626.7266 35359.5703 31558.0645
   vertex 36792.1562 35295.625 31597.0254
   vertex 36835.1172 35217.6445 31422.291
  endloop
 endfacet
facet normal 0.151528731 0.915114641 0.373636514
  outer loop
   vertex 38260.1016 35008.0234 31932.9941
   vertex 38493.2109 35098.1328 31617.7559
   vertex 38339.0508 35058.3398 31777.7363
  endloop
 endfacet
facet normal -0.280741543 -0.861974716 -0.422118217
  outer loop
   vertex 38260.1016 35008.0234 31932.9941
   vertex 38339.0508 35058.3398 31777.7363
   vertex 38322.9609 34988.5898 31930.8711
  endloop
 endfacet
facet normal 0.13775073 0.921923101 0.362053275
  outer loop
   vertex 38339.0508 35058.3398 31777.7363
   vertex 38493.2109 35098.1328 31617.7559
   vertex 38389.3086 35091.5273 31674.1055
  endloop
 endfacet
facet normal 0.527019382 0.751792431 0.396306366
  outer loop
   vertex 36239.875 35600.2539 31766.5508
   vertex 36034.3203 35778.4688 31701.8262
   vertex 36001.8945 35738.5977 31820.584
  endloop
 endfacet
facet normal 0.121866174 0.912312686 0.390940189
  outer loop
   vertex 38756.0352 34990.418 31787.1914
   vertex 38710.7773 35106.0078 31531.5547
   vertex 38493.2109 35098.1328 31617.7559
  endloop
 endfacet
facet normal 0.140466735 0.919652581 0.366753697
  outer loop
   vertex 38260.1016 35008.0234 31932.9941
   vertex 38756.0352 34990.418 31787.1914
   vertex 38493.2109 35098.1328 31617.7559
  endloop
 endfacet
facet normal 0.163529441 0.877798676 0.450252801
  outer loop
   vertex 38260.1016 35008.0234 31932.9941
   vertex 38533.0078 34924.5625 31996.5898
   vertex 38756.0352 34990.418 31787.1914
  endloop
 endfacet
facet normal -0.294977933 -0.955429494 0.011936307
  outer loop
   vertex 38533.0078 34924.5625 31996.5898
   vertex 38260.1016 35008.0234 31932.9941
   vertex 38322.9609 34988.5898 31930.8711
  endloop
 endfacet
facet normal 0.0567625053 0.971060097 0.231992111
  outer loop
   vertex 38493.2109 35098.1328 31617.7559
   vertex 38710.7773 35106.0078 31531.5547
   vertex 38665.582 35176.957 31245.6426
  endloop
 endfacet
facet normal 0.296347648 0.897234917 0.327334136
  outer loop
   vertex 38518.6562 35152.9492 31444.4707
   vertex 38493.2109 35098.1328 31617.7559
   vertex 38665.582 35176.957 31245.6426
  endloop
 endfacet
facet normal 0.0896838978 0.945730865 0.312329888
  outer loop
   vertex 38438.9375 35138.5039 31511.0938
   vertex 38493.2109 35098.1328 31617.7559
   vertex 38518.6562 35152.9492 31444.4707
  endloop
 endfacet
facet normal -0.158613577 0.985488594 -0.0604478903
  outer loop
   vertex 37882.3672 35082.5703 31228.25
   vertex 37672.3047 35060.4297 31418.4707
   vertex 38088.3555 35117.8164 31262.3438
  endloop
 endfacet
facet normal -0.102067702 0.99050647 0.0920820758
  outer loop
   vertex 37952.625 35086.4414 31449.3906
   vertex 38088.3555 35117.8164 31262.3438
   vertex 37672.3047 35060.4297 31418.4707
  endloop
 endfacet
facet normal 0.301145703 0.911794841 -0.279179901
  outer loop
   vertex 36835.1172 35217.6445 31422.291
   vertex 36929.5547 35243.0859 31607.25
   vertex 37215.1914 35123.3555 31524.3262
  endloop
 endfacet
facet normal 0.392221808 0.754500329 -0.526204646
  outer loop
   vertex 36176.5742 35471.5039 31317.209
   vertex 36412.7422 35404.0938 31396.584
   vertex 36310.5195 35307.6641 31182.125
  endloop
 endfacet
facet normal -0.871442854 0.469321787 -0.142563745
  outer loop
   vertex 37499.6172 34957.4648 31243.7109
   vertex 37505.5742 34984.0078 31294.668
   vertex 37520.6523 34980.4648 31190.8496
  endloop
 endfacet
facet normal 0.00019193023 0.932004213 0.362447381
  outer loop
   vertex 39995.793 34873.5547 31859.0977
   vertex 39859.6445 34974.2773 31600.168
   vertex 39747.2539 34915.7305 31750.7793
  endloop
 endfacet
facet normal -0.0642528161 0.871229172 0.486653179
  outer loop
   vertex 39995.793 34873.5547 31859.0977
   vertex 39747.2539 34915.7305 31750.7793
   vertex 39771.4922 34813.8633 31936.3457
  endloop
 endfacet
facet normal -0.0213673133 0.982065201 0.187326789
  outer loop
   vertex 38518.6562 35152.9492 31444.4707
   vertex 38453.9688 35160.625 31396.8496
   vertex 38438.9375 35138.5039 31511.0938
  endloop
 endfacet
facet normal -0.229889557 0.973210573 -0.00345492293
  outer loop
   vertex 38372.5117 35178.625 30899.2988
   vertex 38214.0469 35141.4141 30961.5391
   vertex 38373.3945 35178.9609 30935.1289
  endloop
 endfacet
facet normal -0.0467006788 0.998322666 0.0342182331
  outer loop
   vertex 38380.8125 35162.4727 31279.582
   vertex 38665.582 35176.957 31245.6426
   vertex 38376.3359 35169.0664 31081.084
  endloop
 endfacet
facet normal -0.0620764531 0.717014492 -0.694288671
  outer loop
   vertex 37672.3047 35060.4297 31418.4707
   vertex 37428.6172 35067.8867 31447.9609
   vertex 37215.1914 35123.3555 31524.3262
  endloop
 endfacet
facet normal -0.97312057 -0.132028252 0.188692451
  outer loop
   vertex 35454.2344 35286.5625 31268.8906
   vertex 35486.1328 35161.4688 31345.8691
   vertex 35469.4258 35388.1992 31418.3398
  endloop
 endfacet
facet normal -0.855014861 -0.214004651 0.472389221
  outer loop
   vertex 35486.1328 35161.4688 31345.8691
   vertex 35549.2422 35401.2109 31568.7012
   vertex 35469.4258 35388.1992 31418.3398
  endloop
 endfacet
facet normal -0.483784676 -0.811778605 0.327059478
  outer loop
   vertex 35467.5938 35430.1016 31519.6406
   vertex 35469.4258 35388.1992 31418.3398
   vertex 35549.2422 35401.2109 31568.7012
  endloop
 endfacet
facet normal -0.756042123 0.0488509461 0.652697384
  outer loop
   vertex 35705.6211 35544.1719 31750.8242
   vertex 35734.5273 35374.6211 31796.998
   vertex 35784.0508 35528.2695 31842.8652
  endloop
 endfacet
facet normal -0.474078983 0.760435283 -0.443832517
  outer loop
   vertex 35832.9883 35910.0547 31730.7207
   vertex 35852.2969 35905.6641 31702.5742
   vertex 35798.0156 35842.3633 31652.0996
  endloop
 endfacet
facet normal -0.268252134 0.730652511 -0.627843678
  outer loop
   vertex 35890.2617 35883.2695 31660.291
   vertex 35798.0156 35842.3633 31652.0996
   vertex 35852.2969 35905.6641 31702.5742
  endloop
 endfacet
facet normal -0.805173993 0.274949133 -0.525450051
  outer loop
   vertex 35571.1562 35397.7148 31115.9473
   vertex 35502.9805 35514.3047 31281.4297
   vertex 35534.6172 35529.8672 31241.0898
  endloop
 endfacet
facet normal -0.974367321 -0.22023797 0.0458647646
  outer loop
   vertex 35486.1328 35161.4688 31345.8691
   vertex 35454.2344 35286.5625 31268.8906
   vertex 35471.1875 35165.6211 31048.291
  endloop
 endfacet
facet normal -0.775990188 -0.248056918 -0.579919815
  outer loop
   vertex 35417.2031 34681.4688 30549.1484
   vertex 35336.7422 34771.4141 30618.3398
   vertex 35361.6641 34781.9688 30580.4785
  endloop
 endfacet
facet normal -0.254945368 0.956356406 -0.14277713
  outer loop
   vertex 38052.2227 35119.3477 31102.6973
   vertex 38214.0469 35141.4141 30961.5391
   vertex 37891.8516 35061.3047 31000.2656
  endloop
 endfacet
facet normal -0.245294452 0.968747914 -0.0368527696
  outer loop
   vertex 38074.5898 35102.6797 30871.5527
   vertex 37891.8516 35061.3047 31000.2656
   vertex 38214.0469 35141.4141 30961.5391
  endloop
 endfacet
facet normal -0.707028091 0.575005054 -0.411680013
  outer loop
   vertex 35471.1875 35165.6211 31048.291
   vertex 35598.9297 35226.1836 30913.5
   vertex 35487.0547 34965.1172 30740.9941
  endloop
 endfacet
facet normal -0.735244274 0.549658895 -0.396599263
  outer loop
   vertex 35356.6523 34807.793 30764.7051
   vertex 35471.1875 35165.6211 31048.291
   vertex 35487.0547 34965.1172 30740.9941
  endloop
 endfacet
facet normal -0.192626789 0.976256788 -0.0990839005
  outer loop
   vertex 37672.3047 35060.4297 31418.4707
   vertex 37882.3672 35082.5703 31228.25
   vertex 37891.8516 35061.3047 31000.2656
  endloop
 endfacet
facet normal -0.281382203 0.948464513 -0.145736396
  outer loop
   vertex 37520.6523 34980.4648 31190.8496
   vertex 37672.3047 35060.4297 31418.4707
   vertex 37891.8516 35061.3047 31000.2656
  endloop
 endfacet
facet normal -0.226638749 -0.838154495 0.496116877
  outer loop
   vertex 36678.3945 35238.1602 31319.0117
   vertex 36635.0352 35143.1797 31138.7402
   vertex 36948.8281 35078.8477 31173.4004
  endloop
 endfacet
facet normal 0.222656161 0.751314878 -0.621248901
  outer loop
   vertex 36571.6875 35231.3945 31222.7188
   vertex 36948.8281 35078.8477 31173.4004
   vertex 36635.0352 35143.1797 31138.7402
  endloop
 endfacet
facet normal 0.300023854 0.868971288 -0.393541098
  outer loop
   vertex 36571.6875 35231.3945 31222.7188
   vertex 36678.3945 35238.1602 31319.0117
   vertex 36948.8281 35078.8477 31173.4004
  endloop
 endfacet
facet normal -0.152045399 0.983495951 -0.0980711356
  outer loop
   vertex 37882.3672 35082.5703 31228.25
   vertex 38088.3555 35117.8164 31262.3438
   vertex 37891.8516 35061.3047 31000.2656
  endloop
 endfacet
facet normal -0.590925455 0.756605208 0.279920906
  outer loop
   vertex 38020.0352 35112.8125 31131.6445
   vertex 37891.8516 35061.3047 31000.2656
   vertex 38088.3555 35117.8164 31262.3438
  endloop
 endfacet
facet normal -0.783213794 -0.417945206 0.460323811
  outer loop
   vertex 35383.0156 34632.1641 30864.6055
   vertex 35603.5547 34543.8281 31159.6367
   vertex 35473.4414 34729.4688 31106.8066
  endloop
 endfacet
facet normal 0.270397395 0.848722756 -0.454483151
  outer loop
   vertex 36784.2969 35160.5352 31259.9512
   vertex 36635.0352 35143.1797 31138.7402
   vertex 36730.543 35193.6016 31289.7227
  endloop
 endfacet
facet normal 0.382108063 0.776506841 -0.501029551
  outer loop
   vertex 36678.3945 35238.1602 31319.0117
   vertex 36730.543 35193.6016 31289.7227
   vertex 36635.0352 35143.1797 31138.7402
  endloop
 endfacet
facet normal 0.295975149 0.761501372 -0.576640606
  outer loop
   vertex 36571.6875 35231.3945 31222.7188
   vertex 36635.0352 35143.1797 31138.7402
   vertex 36451.043 35192.9375 31110.0117
  endloop
 endfacet
facet normal 0.255210668 0.722186089 -0.642895639
  outer loop
   vertex 36210.4102 35217.8359 31024.3965
   vertex 36374.3672 35108.582 30966.7559
   vertex 36202.7305 35152.5586 30948.0234
  endloop
 endfacet
facet normal -0.908013642 -0.140697971 0.394607753
  outer loop
   vertex 35473.4414 34729.4688 31106.8066
   vertex 35544.8125 34863.2578 31318.7402
   vertex 35433.7422 34893.9922 31074.123
  endloop
 endfacet
facet normal 0.225471988 0.696022332 -0.681700289
  outer loop
   vertex 36017.2188 35382.1797 31128.2969
   vertex 36210.4102 35217.8359 31024.3965
   vertex 36030.1094 35123.7695 30868.7227
  endloop
 endfacet
facet normal 0.276839703 0.739308357 -0.613826454
  outer loop
   vertex 36374.3672 35108.582 30966.7559
   vertex 36210.4102 35217.8359 31024.3965
   vertex 36335.793 35209.1641 31070.502
  endloop
 endfacet
facet normal 0.356068045 0.83372885 -0.422032952
  outer loop
   vertex 37215.1914 35123.3555 31524.3262
   vertex 37184.418 35058.9648 31371.1641
   vertex 37120.2422 35070.1328 31339.0742
  endloop
 endfacet
facet normal 0.122680806 0.905842662 -0.405460775
  outer loop
   vertex 37215.1914 35123.3555 31524.3262
   vertex 37271.3555 35030.6523 31334.2129
   vertex 37184.418 35058.9648 31371.1641
  endloop
 endfacet
facet normal -0.266683519 0.960482895 -0.0797026977
  outer loop
   vertex 38052.5469 35124.6211 31165.1484
   vertex 38052.2227 35119.3477 31102.6973
   vertex 38020.0352 35112.8125 31131.6445
  endloop
 endfacet
facet normal 0.238107339 0.890461326 -0.387793183
  outer loop
   vertex 36784.2969 35160.5352 31259.9512
   vertex 36835.1172 35217.6445 31422.291
   vertex 36948.8281 35078.8477 31173.4004
  endloop
 endfacet
facet normal 0.312918723 0.883127511 -0.349524885
  outer loop
   vertex 37215.1914 35123.3555 31524.3262
   vertex 36948.8281 35078.8477 31173.4004
   vertex 36835.1172 35217.6445 31422.291
  endloop
 endfacet
facet normal -0.303832829 0.94410336 -0.127884343
  outer loop
   vertex 38074.5898 35102.6797 30871.5527
   vertex 38028.1328 35082.125 30830.1895
   vertex 37891.8516 35061.3047 31000.2656
  endloop
 endfacet
facet normal 0.226362571 0.885606706 -0.405537546
  outer loop
   vertex 36635.0352 35143.1797 31138.7402
   vertex 36784.2969 35160.5352 31259.9512
   vertex 36948.8281 35078.8477 31173.4004
  endloop
 endfacet
facet normal -0.145622298 0.26491344 -0.953212976
  outer loop
   vertex 35659 34580.875 30484.252
   vertex 35424.75 34466.0352 30488.123
   vertex 35417.2031 34681.4688 30549.1484
  endloop
 endfacet
facet normal 0.0589896664 0.997871935 0.0277825147
  outer loop
   vertex 37408.543 34984.8828 31270.1758
   vertex 37520.6523 34980.4648 31190.8496
   vertex 37281.2383 34995.2109 31169.4668
  endloop
 endfacet
facet normal 0.408152938 0.739253104 0.535645425
  outer loop
   vertex 37480.7969 34960.4258 31248.873
   vertex 37520.6523 34980.4648 31190.8496
   vertex 37408.543 34984.8828 31270.1758
  endloop
 endfacet
facet normal 0.261583984 0.842637837 0.470675349
  outer loop
   vertex 37499.6172 34957.4648 31243.7109
   vertex 37520.6523 34980.4648 31190.8496
   vertex 37480.7969 34960.4258 31248.873
  endloop
 endfacet
facet normal 0.167354837 0.96586293 -0.197740003
  outer loop
   vertex 37271.3555 35030.6523 31334.2129
   vertex 37281.2383 34995.2109 31169.4668
   vertex 37155.8867 35039.1406 31277.9531
  endloop
 endfacet
facet normal 0.228993714 0.954390585 -0.191573799
  outer loop
   vertex 37408.543 34984.8828 31270.1758
   vertex 37281.2383 34995.2109 31169.4668
   vertex 37271.3555 35030.6523 31334.2129
  endloop
 endfacet
facet normal 0.196749777 0.945016325 -0.261215776
  outer loop
   vertex 37184.418 35058.9648 31371.1641
   vertex 37271.3555 35030.6523 31334.2129
   vertex 37155.8867 35039.1406 31277.9531
  endloop
 endfacet
facet normal -0.75079304 0.153906614 -0.642357051
  outer loop
   vertex 35598.9297 35226.1836 30913.5
   vertex 35471.1875 35165.6211 31048.291
   vertex 35531.3086 35289.1875 31007.6309
  endloop
 endfacet
facet normal 0.483975321 0.743407726 -0.461641431
  outer loop
   vertex 37215.1914 35123.3555 31524.3262
   vertex 37120.2422 35070.1328 31339.0742
   vertex 36948.8281 35078.8477 31173.4004
  endloop
 endfacet
facet normal -0.168553203 0.683998406 -0.709743619
  outer loop
   vertex 36883.168 34497.4961 30265.3008
   vertex 36767.0586 34484.9727 30280.8066
   vertex 36695.082 34611.7461 30420.0723
  endloop
 endfacet
facet normal -0.277684689 0.363802403 -0.889122605
  outer loop
   vertex 35713.5469 35175.9531 30796.043
   vertex 35713.5273 35060.2422 30748.7051
   vertex 35675.0898 35182.7461 30810.834
  endloop
 endfacet
facet normal -0.696275115 0.255090415 -0.670917153
  outer loop
   vertex 35598.9297 35226.1836 30913.5
   vertex 35531.3086 35289.1875 31007.6309
   vertex 35550.3789 35318.3125 30998.9121
  endloop
 endfacet
facet normal -0.0322333127 0.430784851 -0.901878834
  outer loop
   vertex 35659 34580.875 30484.252
   vertex 35888.1016 34764.6367 30563.8379
   vertex 36005.5781 34464.793 30416.418
  endloop
 endfacet
facet normal -0.676876843 -0.0400906838 -0.73500371
  outer loop
   vertex 35334.5391 34685.1328 30625.0762
   vertex 35336.7422 34771.4141 30618.3398
   vertex 35417.2031 34681.4688 30549.1484
  endloop
 endfacet
facet normal -0.653577924 0.225596011 -0.72245574
  outer loop
   vertex 35334.5391 34685.1328 30625.0762
   vertex 35417.2031 34681.4688 30549.1484
   vertex 35351.75 34532.2852 30561.7773
  endloop
 endfacet
facet normal 0.216940716 0.73040843 -0.647642076
  outer loop
   vertex 35705.5664 35232.8789 30857.5703
   vertex 35784.7305 35194.2852 30840.5625
   vertex 35713.5469 35175.9531 30796.043
  endloop
 endfacet
facet normal -0.346555799 0.743663967 -0.571719348
  outer loop
   vertex 35598.9297 35226.1836 30913.5
   vertex 35705.5664 35232.8789 30857.5703
   vertex 35675.0898 35182.7461 30810.834
  endloop
 endfacet
facet normal -0.267028898 0.726535678 -0.633120418
  outer loop
   vertex 35487.0547 34965.1172 30740.9941
   vertex 35425.1367 34818.0859 30598.3828
   vertex 35360.4883 34832.0156 30641.6367
  endloop
 endfacet
facet normal -0.286148518 0.849154353 -0.443909824
  outer loop
   vertex 35705.5664 35232.8789 30857.5703
   vertex 35598.9297 35226.1836 30913.5
   vertex 35788.2891 35338.7539 31006.7715
  endloop
 endfacet
facet normal -0.449609548 0.691514134 -0.565384328
  outer loop
   vertex 35502.9805 35514.3047 31281.4297
   vertex 35496.4102 35559.7266 31342.2031
   vertex 35537.543 35574.5508 31327.6289
  endloop
 endfacet
facet normal 0.283666104 0.599350214 -0.748540521
  outer loop
   vertex 35845.5117 35434.6992 31105.2773
   vertex 36017.2188 35382.1797 31128.2969
   vertex 35788.2891 35338.7539 31006.7715
  endloop
 endfacet
facet normal 0.175146073 0.739664853 -0.649784446
  outer loop
   vertex 36030.1094 35123.7695 30868.7227
   vertex 36210.4102 35217.8359 31024.3965
   vertex 36202.7305 35152.5586 30948.0234
  endloop
 endfacet
facet normal 0.240229189 0.619083226 -0.747680366
  outer loop
   vertex 36374.3672 35108.582 30966.7559
   vertex 36030.1094 35123.7695 30868.7227
   vertex 36202.7305 35152.5586 30948.0234
  endloop
 endfacet
facet normal 0.218061894 0.724886119 -0.653444052
  outer loop
   vertex 36327.5234 34855.1094 30669.9414
   vertex 36030.1094 35123.7695 30868.7227
   vertex 36374.3672 35108.582 30966.7559
  endloop
 endfacet
facet normal -0.132976234 0.968444586 -0.210789844
  outer loop
   vertex 38074.5898 35102.6797 30871.5527
   vertex 38214.0469 35141.4141 30961.5391
   vertex 38172.9844 35082.6641 30717.5293
  endloop
 endfacet
facet normal -0.421543419 0.877046347 -0.230414629
  outer loop
   vertex 37891.8516 35061.3047 31000.2656
   vertex 38028.1328 35082.125 30830.1895
   vertex 37983.1328 35041.3867 30757.4551
  endloop
 endfacet
facet normal -0.267468423 0.901748061 -0.339574903
  outer loop
   vertex 37983.1328 35041.3867 30757.4551
   vertex 38028.1328 35082.125 30830.1895
   vertex 38172.9844 35082.6641 30717.5293
  endloop
 endfacet
facet normal 0.280023575 0.721570909 -0.633184195
  outer loop
   vertex 35788.2891 35338.7539 31006.7715
   vertex 36030.1094 35123.7695 30868.7227
   vertex 35784.7305 35194.2852 30840.5625
  endloop
 endfacet
facet normal 0.229544595 0.695448279 -0.680926561
  outer loop
   vertex 35788.2891 35338.7539 31006.7715
   vertex 36017.2188 35382.1797 31128.2969
   vertex 36030.1094 35123.7695 30868.7227
  endloop
 endfacet
facet normal 0.219742641 0.733961046 -0.642661929
  outer loop
   vertex 35705.5664 35232.8789 30857.5703
   vertex 35788.2891 35338.7539 31006.7715
   vertex 35784.7305 35194.2852 30840.5625
  endloop
 endfacet
facet normal -0.394266784 0.88643831 -0.242447495
  outer loop
   vertex 37938.5781 34925.668 30524.7148
   vertex 38172.9844 35082.6641 30717.5293
   vertex 38150.9531 35030.9531 30564.291
  endloop
 endfacet
facet normal -0.272768676 0.881273091 -0.38594687
  outer loop
   vertex 37938.5781 34925.668 30524.7148
   vertex 37983.1328 35041.3867 30757.4551
   vertex 38172.9844 35082.6641 30717.5293
  endloop
 endfacet
facet normal -0.290962189 0.877728522 -0.380701602
  outer loop
   vertex 37938.5781 34925.668 30524.7148
   vertex 37895.9883 35010.0859 30751.8945
   vertex 37983.1328 35041.3867 30757.4551
  endloop
 endfacet
facet normal -0.197455436 0.948073864 -0.249333769
  outer loop
   vertex 38028.1328 35082.125 30830.1895
   vertex 38074.5898 35102.6797 30871.5527
   vertex 38172.9844 35082.6641 30717.5293
  endloop
 endfacet
facet normal -0.135476917 0.71842891 -0.682279885
  outer loop
   vertex 35675.0898 35182.7461 30810.834
   vertex 35705.5664 35232.8789 30857.5703
   vertex 35713.5469 35175.9531 30796.043
  endloop
 endfacet
facet normal 0.177711368 0.595096588 -0.783759356
  outer loop
   vertex 36030.1094 35123.7695 30868.7227
   vertex 35888.1016 34764.6367 30563.8379
   vertex 35713.5273 35060.2422 30748.7051
  endloop
 endfacet
facet normal 0.231324852 0.463354319 -0.855448186
  outer loop
   vertex 36030.1094 35123.7695 30868.7227
   vertex 35713.5273 35060.2422 30748.7051
   vertex 35784.7305 35194.2852 30840.5625
  endloop
 endfacet
facet normal 0.433751971 0.341107547 -0.833969355
  outer loop
   vertex 35713.5469 35175.9531 30796.043
   vertex 35784.7305 35194.2852 30840.5625
   vertex 35713.5273 35060.2422 30748.7051
  endloop
 endfacet
facet normal 0.0168558676 0.53729099 -0.843228459
  outer loop
   vertex 35713.5273 35060.2422 30748.7051
   vertex 35888.1016 34764.6367 30563.8379
   vertex 35599.5195 34800.4805 30580.9082
  endloop
 endfacet
facet normal -0.124206111 0.748581886 -0.651304841
  outer loop
   vertex 35788.2891 35338.7539 31006.7715
   vertex 35598.9297 35226.1836 30913.5
   vertex 35571.1562 35397.7148 31115.9473
  endloop
 endfacet
facet normal -0.243040413 0.949218988 -0.199786544
  outer loop
   vertex 37895.9883 35010.0859 30751.8945
   vertex 37780.4844 34981.3945 30756.0762
   vertex 37891.8516 35061.3047 31000.2656
  endloop
 endfacet
facet normal -0.320318073 0.926719964 -0.196434394
  outer loop
   vertex 37895.9883 35010.0859 30751.8945
   vertex 37891.8516 35061.3047 31000.2656
   vertex 37983.1328 35041.3867 30757.4551
  endloop
 endfacet
facet normal -0.236135468 0.895582318 -0.377057552
  outer loop
   vertex 37895.9883 35010.0859 30751.8945
   vertex 37938.5781 34925.668 30524.7148
   vertex 37780.4844 34981.3945 30756.0762
  endloop
 endfacet
facet normal -0.143354088 0.454044759 -0.879370749
  outer loop
   vertex 35351.8906 34453.7695 30493.668
   vertex 35424.75 34466.0352 30488.123
   vertex 35358.543 34425.2812 30477.875
  endloop
 endfacet
facet normal 0.0748486295 0.334244907 -0.939509451
  outer loop
   vertex 35361.6641 34781.9688 30580.4785
   vertex 35425.1367 34818.0859 30598.3828
   vertex 35417.2031 34681.4688 30549.1484
  endloop
 endfacet
facet normal -0.987065911 0.159492478 0.0162178949
  outer loop
   vertex 35356.6523 34807.793 30764.7051
   vertex 35334.5391 34685.1328 30625.0762
   vertex 35326.1914 34624.9375 30709.041
  endloop
 endfacet
facet normal -0.905761123 0.254126608 -0.339140683
  outer loop
   vertex 35356.6523 34807.793 30764.7051
   vertex 35326.1914 34624.9375 30709.041
   vertex 35312.5625 34668.1836 30777.8477
  endloop
 endfacet
facet normal -0.0613602437 0.670817792 -0.739079416
  outer loop
   vertex 37900.5312 34683.0312 30210.8359
   vertex 37837.6172 34513.4141 30062.1094
   vertex 37651.7148 34532.0781 30094.4844
  endloop
 endfacet
facet normal -0.90651691 0.414222896 -0.0815261006
  outer loop
   vertex 35471.1875 35165.6211 31048.291
   vertex 35571.1562 35397.7148 31115.9473
   vertex 35531.3086 35289.1875 31007.6309
  endloop
 endfacet
facet normal -0.0318418816 0.882255554 -0.469692737
  outer loop
   vertex 37405.3438 34905.6836 30777.0293
   vertex 37140.8125 34821.2188 30636.3125
   vertex 37031.7344 34903.0859 30797.4785
  endloop
 endfacet
facet normal -0.0297436137 0.902943373 -0.428729057
  outer loop
   vertex 37405.3438 34905.6836 30777.0293
   vertex 37031.7344 34903.0859 30797.4785
   vertex 36948.8281 35078.8477 31173.4004
  endloop
 endfacet
facet normal -0.017380001 0.871358573 -0.490338862
  outer loop
   vertex 37207.1211 34796.2188 30589.5332
   vertex 37140.8125 34821.2188 30636.3125
   vertex 37405.3438 34905.6836 30777.0293
  endloop
 endfacet
facet normal -0.224232167 0.596315682 -0.770796716
  outer loop
   vertex 35713.5273 35060.2422 30748.7051
   vertex 35599.5195 34800.4805 30580.9082
   vertex 35487.0547 34965.1172 30740.9941
  endloop
 endfacet
facet normal -0.227141991 0.60276562 -0.764905274
  outer loop
   vertex 35713.5273 35060.2422 30748.7051
   vertex 35487.0547 34965.1172 30740.9941
   vertex 35598.9297 35226.1836 30913.5
  endloop
 endfacet
facet normal -0.788665533 0.0627396405 -0.611612976
  outer loop
   vertex 35713.5273 35060.2422 30748.7051
   vertex 35598.9297 35226.1836 30913.5
   vertex 35675.0898 35182.7461 30810.834
  endloop
 endfacet
facet normal -0.00157637836 0.696572363 -0.717484772
  outer loop
   vertex 35425.1367 34818.0859 30598.3828
   vertex 35487.0547 34965.1172 30740.9941
   vertex 35599.5195 34800.4805 30580.9082
  endloop
 endfacet
facet normal -0.246070877 0.857341051 -0.452123255
  outer loop
   vertex 37405.3438 34905.6836 30777.0293
   vertex 37938.5781 34925.668 30524.7148
   vertex 37597.3047 34728.2227 30336.0449
  endloop
 endfacet
facet normal -0.203876778 0.910913408 -0.358707488
  outer loop
   vertex 37780.4844 34981.3945 30756.0762
   vertex 37938.5781 34925.668 30524.7148
   vertex 37405.3438 34905.6836 30777.0293
  endloop
 endfacet
facet normal -0.24301824 0.856018662 -0.456261069
  outer loop
   vertex 37796.6133 34774.125 30316.0078
   vertex 37597.3047 34728.2227 30336.0449
   vertex 37938.5781 34925.668 30524.7148
  endloop
 endfacet
facet normal -0.125824004 0.748897135 -0.650631547
  outer loop
   vertex 37079.1758 34427.1172 30146.3887
   vertex 36883.168 34497.4961 30265.3008
   vertex 37143.3242 34685.9297 30431.8848
  endloop
 endfacet
facet normal 0.0659436211 0.785560966 -0.615260422
  outer loop
   vertex 37796.6133 34774.125 30316.0078
   vertex 37938.5781 34925.668 30524.7148
   vertex 37900.5312 34683.0312 30210.8359
  endloop
 endfacet
facet normal -0.206854969 0.786028624 -0.582554758
  outer loop
   vertex 37938.5781 34925.668 30524.7148
   vertex 38142.6914 34828.2383 30320.7734
   vertex 37900.5312 34683.0312 30210.8359
  endloop
 endfacet
facet normal -0.442438573 0.537460268 -0.717902899
  outer loop
   vertex 36767.0586 34484.9727 30280.8066
   vertex 36734.2734 34346.1484 30197.0801
   vertex 36695.082 34611.7461 30420.0723
  endloop
 endfacet
facet normal 0.133272946 0.648733854 -0.749254763
  outer loop
   vertex 36634.8125 34464.5469 30281.9023
   vertex 36695.082 34611.7461 30420.0723
   vertex 36734.2734 34346.1484 30197.0801
  endloop
 endfacet
facet normal -0.242076889 0.836530387 -0.491544247
  outer loop
   vertex 37597.3047 34728.2227 30336.0449
   vertex 37796.6133 34774.125 30316.0078
   vertex 37754.2227 34724.0547 30251.6699
  endloop
 endfacet
facet normal -0.0681598186 0.801825821 -0.593657851
  outer loop
   vertex 37143.3242 34685.9297 30431.8848
   vertex 37097.7383 34766.2656 30545.625
   vertex 37145.7812 34768.457 30543.0684
  endloop
 endfacet
facet normal 0.0361902937 0.908322096 -0.416702777
  outer loop
   vertex 36948.8281 35078.8477 31173.4004
   vertex 37031.7344 34903.0859 30797.4785
   vertex 36708.6758 34926.3242 30820.0742
  endloop
 endfacet
facet normal -0.0812408328 0.622429848 -0.778447866
  outer loop
   vertex 37593.3203 34311.2891 29924.0391
   vertex 37388.168 34372.5859 29994.4609
   vertex 37651.7148 34532.0781 30094.4844
  endloop
 endfacet
facet normal -0.167330265 0.707255006 -0.686870396
  outer loop
   vertex 37651.7148 34532.0781 30094.4844
   vertex 37388.168 34372.5859 29994.4609
   vertex 37371.2891 34554.1992 30185.5762
  endloop
 endfacet
facet normal -0.24088484 0.745383561 -0.621592999
  outer loop
   vertex 37079.1758 34427.1172 30146.3887
   vertex 37143.3242 34685.9297 30431.8848
   vertex 37371.2891 34554.1992 30185.5762
  endloop
 endfacet
facet normal -0.358430207 0.683585465 -0.635797679
  outer loop
   vertex 37597.3047 34728.2227 30336.0449
   vertex 37725.5859 34675.2969 30206.8203
   vertex 37651.7148 34532.0781 30094.4844
  endloop
 endfacet
facet normal -0.149761438 0.750777662 -0.643354058
  outer loop
   vertex 37371.2891 34554.1992 30185.5762
   vertex 37597.3047 34728.2227 30336.0449
   vertex 37651.7148 34532.0781 30094.4844
  endloop
 endfacet
facet normal -0.0835309327 0.577121794 -0.81237489
  outer loop
   vertex 37793.0195 34372.3281 29966.4648
   vertex 37651.7148 34532.0781 30094.4844
   vertex 37837.6172 34513.4141 30062.1094
  endloop
 endfacet
facet normal -0.470595062 0.868401349 0.156267136
  outer loop
   vertex 35325.125 34810.3477 30655.5645
   vertex 35356.6523 34807.793 30764.7051
   vertex 35360.4883 34832.0156 30641.6367
  endloop
 endfacet
facet normal -0.758106947 0.643925548 0.103120036
  outer loop
   vertex 35356.6523 34807.793 30764.7051
   vertex 35487.0547 34965.1172 30740.9941
   vertex 35360.4883 34832.0156 30641.6367
  endloop
 endfacet
facet normal 0.089112699 0.798833549 -0.594915032
  outer loop
   vertex 37145.7812 34768.457 30543.0684
   vertex 37207.1211 34796.2188 30589.5332
   vertex 37143.3242 34685.9297 30431.8848
  endloop
 endfacet
facet normal 0.139113471 0.784100294 -0.604842305
  outer loop
   vertex 37207.1211 34796.2188 30589.5332
   vertex 37405.3438 34905.6836 30777.0293
   vertex 37143.3242 34685.9297 30431.8848
  endloop
 endfacet
facet normal -0.173605934 0.885124147 -0.431759417
  outer loop
   vertex 37597.3047 34728.2227 30336.0449
   vertex 37143.3242 34685.9297 30431.8848
   vertex 37405.3438 34905.6836 30777.0293
  endloop
 endfacet
facet normal -0.198695764 0.775835276 -0.598831892
  outer loop
   vertex 37597.3047 34728.2227 30336.0449
   vertex 37371.2891 34554.1992 30185.5762
   vertex 37143.3242 34685.9297 30431.8848
  endloop
 endfacet
facet normal -0.104092807 0.735529482 -0.669448316
  outer loop
   vertex 36883.168 34497.4961 30265.3008
   vertex 36695.082 34611.7461 30420.0723
   vertex 37143.3242 34685.9297 30431.8848
  endloop
 endfacet
facet normal 0.214458287 0.59776938 -0.772450268
  outer loop
   vertex 37900.5312 34683.0312 30210.8359
   vertex 37994.8711 34443.0117 30051.2871
   vertex 37837.6172 34513.4141 30062.1094
  endloop
 endfacet
facet normal -0.152711689 0.476664126 -0.865719616
  outer loop
   vertex 36383.0469 34385.8281 30306.3555
   vertex 36005.5781 34464.793 30416.418
   vertex 36296.7383 34592.3984 30435.3184
  endloop
 endfacet
facet normal -0.254833341 0.433238238 -0.864502549
  outer loop
   vertex 36523.0469 34479.7422 30312.1523
   vertex 36383.0469 34385.8281 30306.3555
   vertex 36296.7383 34592.3984 30435.3184
  endloop
 endfacet
facet normal -0.116758034 0.400981367 -0.908615172
  outer loop
   vertex 36005.5781 34464.793 30416.418
   vertex 35888.1016 34764.6367 30563.8379
   vertex 36296.7383 34592.3984 30435.3184
  endloop
 endfacet
facet normal -0.0609628819 0.678201616 -0.732342839
  outer loop
   vertex 36695.082 34611.7461 30420.0723
   vertex 36523.0469 34479.7422 30312.1523
   vertex 36296.7383 34592.3984 30435.3184
  endloop
 endfacet
facet normal 0.310010761 0.73737973 -0.600136995
  outer loop
   vertex 36451.043 35192.9375 31110.0117
   vertex 36485.0312 35148.2578 31072.6719
   vertex 36374.3672 35108.582 30966.7559
  endloop
 endfacet
facet normal 0.309555173 0.737643242 -0.600048363
  outer loop
   vertex 36451.043 35192.9375 31110.0117
   vertex 36374.3672 35108.582 30966.7559
   vertex 36335.793 35209.1641 31070.502
  endloop
 endfacet
facet normal 0.0560250022 0.633196414 -0.771960795
  outer loop
   vertex 35888.1016 34764.6367 30563.8379
   vertex 36030.1094 35123.7695 30868.7227
   vertex 36327.5234 34855.1094 30669.9414
  endloop
 endfacet
facet normal -0.988633931 0.141201973 0.0516226552
  outer loop
   vertex 35486.1328 35161.4688 31345.8691
   vertex 35471.1875 35165.6211 31048.291
   vertex 35433.7422 34893.9922 31074.123
  endloop
 endfacet
facet normal -0.899629533 -0.211753607 0.38187319
  outer loop
   vertex 35544.8125 34863.2578 31318.7402
   vertex 35486.1328 35161.4688 31345.8691
   vertex 35433.7422 34893.9922 31074.123
  endloop
 endfacet
facet normal -0.390203327 0.694032431 0.605029225
  outer loop
   vertex 35307.9258 34643.7539 30802.8828
   vertex 35383.0156 34632.1641 30864.6055
   vertex 35312.5625 34668.1836 30777.8477
  endloop
 endfacet
facet normal -0.969851911 -0.00702012051 0.243593961
  outer loop
   vertex 35356.6523 34807.793 30764.7051
   vertex 35383.0156 34632.1641 30864.6055
   vertex 35433.7422 34893.9922 31074.123
  endloop
 endfacet
facet normal -0.685169637 0.279701203 0.67253983
  outer loop
   vertex 35356.6523 34807.793 30764.7051
   vertex 35312.5625 34668.1836 30777.8477
   vertex 35383.0156 34632.1641 30864.6055
  endloop
 endfacet
facet normal -0.907728493 -0.140483811 0.395339429
  outer loop
   vertex 35383.0156 34632.1641 30864.6055
   vertex 35473.4414 34729.4688 31106.8066
   vertex 35433.7422 34893.9922 31074.123
  endloop
 endfacet
facet normal -0.968131185 0.152368382 0.198760942
  outer loop
   vertex 35471.1875 35165.6211 31048.291
   vertex 35356.6523 34807.793 30764.7051
   vertex 35433.7422 34893.9922 31074.123
  endloop
 endfacet
facet normal 0.22741726 0.828706682 -0.511396766
  outer loop
   vertex 36374.3672 35108.582 30966.7559
   vertex 36635.0352 35143.1797 31138.7402
   vertex 36708.6758 34926.3242 30820.0742
  endloop
 endfacet
facet normal 0.281493813 0.764153481 -0.580371141
  outer loop
   vertex 36374.3672 35108.582 30966.7559
   vertex 36485.0312 35148.2578 31072.6719
   vertex 36635.0352 35143.1797 31138.7402
  endloop
 endfacet
facet normal 0.226439729 0.828796983 -0.51168412
  outer loop
   vertex 36635.0352 35143.1797 31138.7402
   vertex 36948.8281 35078.8477 31173.4004
   vertex 36708.6758 34926.3242 30820.0742
  endloop
 endfacet
facet normal 0.314089954 0.908021033 -0.277209908
  outer loop
   vertex 36948.8281 35078.8477 31173.4004
   vertex 37120.2422 35070.1328 31339.0742
   vertex 37155.8867 35039.1406 31277.9531
  endloop
 endfacet
facet normal -0.204770491 0.976776481 -0.0630617291
  outer loop
   vertex 37520.6523 34980.4648 31190.8496
   vertex 37505.5742 34984.0078 31294.668
   vertex 37563.3008 34996.6289 31302.7559
  endloop
 endfacet
facet normal 0.241226211 0.964026153 -0.111639895
  outer loop
   vertex 37281.2383 34995.2109 31169.4668
   vertex 36948.8281 35078.8477 31173.4004
   vertex 37155.8867 35039.1406 31277.9531
  endloop
 endfacet
facet normal -0.0918713883 0.784230351 -0.613630533
  outer loop
   vertex 36695.082 34611.7461 30420.0723
   vertex 36708.6758 34926.3242 30820.0742
   vertex 36967.4102 34785.9336 30601.916
  endloop
 endfacet
facet normal 0.239885733 0.960182488 -0.143193632
  outer loop
   vertex 37405.3438 34905.6836 30777.0293
   vertex 36948.8281 35078.8477 31173.4004
   vertex 37281.2383 34995.2109 31169.4668
  endloop
 endfacet
facet normal 0.0778952613 0.977047503 -0.198268697
  outer loop
   vertex 37520.6523 34980.4648 31190.8496
   vertex 37405.3438 34905.6836 30777.0293
   vertex 37281.2383 34995.2109 31169.4668
  endloop
 endfacet
facet normal 0.0972852334 0.780702829 -0.617283285
  outer loop
   vertex 36708.6758 34926.3242 30820.0742
   vertex 36695.082 34611.7461 30420.0723
   vertex 36327.5234 34855.1094 30669.9414
  endloop
 endfacet
facet normal 0.118907064 0.745707989 -0.655576646
  outer loop
   vertex 36708.6758 34926.3242 30820.0742
   vertex 36327.5234 34855.1094 30669.9414
   vertex 36374.3672 35108.582 30966.7559
  endloop
 endfacet
facet normal -0.0956337079 0.701794446 -0.705931127
  outer loop
   vertex 36695.082 34611.7461 30420.0723
   vertex 36634.8125 34464.5469 30281.9023
   vertex 36523.0469 34479.7422 30312.1523
  endloop
 endfacet
facet normal 0.0250666291 0.853924751 -0.519792438
  outer loop
   vertex 36708.6758 34926.3242 30820.0742
   vertex 37031.7344 34903.0859 30797.4785
   vertex 36967.4102 34785.9336 30601.916
  endloop
 endfacet
facet normal -0.171878904 0.985102952 0.00545674423
  outer loop
   vertex 38214.0469 35141.4141 30961.5391
   vertex 38088.3555 35117.8164 31262.3438
   vertex 38376.3359 35169.0664 31081.084
  endloop
 endfacet
facet normal -0.21771504 0.973472118 0.0703720525
  outer loop
   vertex 38373.3945 35178.9609 30935.1289
   vertex 38214.0469 35141.4141 30961.5391
   vertex 38376.3359 35169.0664 31081.084
  endloop
 endfacet
facet normal -0.0985538363 0.547040701 -0.831284344
  outer loop
   vertex 38142.6914 34828.2383 30320.7734
   vertex 38380.6602 34878.9414 30325.9258
   vertex 38258.3203 34668.0469 30201.6484
  endloop
 endfacet
facet normal 0.251870543 0.316259354 -0.9146263
  outer loop
   vertex 37994.8711 34443.0117 30051.2871
   vertex 38258.3203 34668.0469 30201.6484
   vertex 38231.2383 34444.9297 30117.041
  endloop
 endfacet
facet normal 0.00451199291 0.598819494 -0.800871313
  outer loop
   vertex 37900.5312 34683.0312 30210.8359
   vertex 38142.6914 34828.2383 30320.7734
   vertex 38258.3203 34668.0469 30201.6484
  endloop
 endfacet
facet normal 0.00182728039 0.554083943 -0.832458794
  outer loop
   vertex 37994.8711 34443.0117 30051.2871
   vertex 37900.5312 34683.0312 30210.8359
   vertex 38258.3203 34668.0469 30201.6484
  endloop
 endfacet
facet normal 0.135923311 0.228932038 -0.963906109
  outer loop
   vertex 38854.5039 34827.7422 30254.3613
   vertex 39014.9023 34961.7422 30308.8066
   vertex 38903.543 34660.0586 30221.4512
  endloop
 endfacet
facet normal -0.0474954657 0.514918923 -0.855922103
  outer loop
   vertex 38506.8633 34923.2344 30345.5703
   vertex 38640.8672 34838.3164 30287.0488
   vertex 38380.6602 34878.9414 30325.9258
  endloop
 endfacet
facet normal 0.127196908 0.201350361 -0.9712255
  outer loop
   vertex 38258.3203 34668.0469 30201.6484
   vertex 38640.8672 34838.3164 30287.0488
   vertex 38503.7695 34519.2344 30202.9434
  endloop
 endfacet
facet normal -0.0447003432 0.526309669 -0.849117219
  outer loop
   vertex 38258.3203 34668.0469 30201.6484
   vertex 38380.6602 34878.9414 30325.9258
   vertex 38640.8672 34838.3164 30287.0488
  endloop
 endfacet
facet normal 0.143288344 0.979430377 -0.14207232
  outer loop
   vertex 38834.75 35211.1211 30912.6016
   vertex 38964.4492 35146.4766 30597.7539
   vertex 38773.8086 35196.625 30751.2051
  endloop
 endfacet
facet normal 0.251992494 0.786365926 -0.56402874
  outer loop
   vertex 38640.8672 34838.3164 30287.0488
   vertex 38506.8633 34923.2344 30345.5703
   vertex 38496.875 35018.7578 30474.2871
  endloop
 endfacet
facet normal -0.214120135 0.615880311 -0.758184671
  outer loop
   vertex 38837.3828 35018.8398 30378.1914
   vertex 38640.8672 34838.3164 30287.0488
   vertex 38496.875 35018.7578 30474.2871
  endloop
 endfacet
facet normal -0.0714387372 0.753217936 -0.653880179
  outer loop
   vertex 38496.875 35018.7578 30474.2871
   vertex 38380.6602 34878.9414 30325.9258
   vertex 38235.0234 34942.0586 30414.5469
  endloop
 endfacet
facet normal -0.182107896 0.782784164 -0.595050991
  outer loop
   vertex 38496.875 35018.7578 30474.2871
   vertex 38506.8633 34923.2344 30345.5703
   vertex 38380.6602 34878.9414 30325.9258
  endloop
 endfacet
facet normal -0.157646269 0.965771139 -0.205994532
  outer loop
   vertex 38531.4688 35163.043 30820.0254
   vertex 38172.9844 35082.6641 30717.5293
   vertex 38214.0469 35141.4141 30961.5391
  endloop
 endfacet
facet normal -0.0824152753 0.772149742 -0.630073428
  outer loop
   vertex 38496.875 35018.7578 30474.2871
   vertex 38235.0234 34942.0586 30414.5469
   vertex 38219.1484 35006.9375 30496.1309
  endloop
 endfacet
facet normal 0.0669449046 0.918391526 -0.389968395
  outer loop
   vertex 38496.875 35018.7578 30474.2871
   vertex 38369.6172 35095.6367 30633.4941
   vertex 38531.4688 35163.043 30820.0254
  endloop
 endfacet
facet normal -0.132050067 0.691901386 -0.709813535
  outer loop
   vertex 38380.6602 34878.9414 30325.9258
   vertex 38142.6914 34828.2383 30320.7734
   vertex 38235.0234 34942.0586 30414.5469
  endloop
 endfacet
facet normal -0.125350267 0.887520552 -0.443389893
  outer loop
   vertex 38496.875 35018.7578 30474.2871
   vertex 38964.4492 35146.4766 30597.7539
   vertex 38837.3828 35018.8398 30378.1914
  endloop
 endfacet
facet normal -0.205235168 0.935896873 -0.286313713
  outer loop
   vertex 38172.9844 35082.6641 30717.5293
   vertex 38280.582 35059.7969 30565.6562
   vertex 38150.9531 35030.9531 30564.291
  endloop
 endfacet
facet normal -0.274504721 0.725886345 -0.630663276
  outer loop
   vertex 37938.5781 34925.668 30524.7148
   vertex 38219.1484 35006.9375 30496.1309
   vertex 38235.0234 34942.0586 30414.5469
  endloop
 endfacet
facet normal -0.282833368 0.780236185 -0.557886004
  outer loop
   vertex 37938.5781 34925.668 30524.7148
   vertex 38150.9531 35030.9531 30564.291
   vertex 38219.1484 35006.9375 30496.1309
  endloop
 endfacet
facet normal -0.0790474117 0.825974286 -0.558137953
  outer loop
   vertex 38280.582 35059.7969 30565.6562
   vertex 38496.875 35018.7578 30474.2871
   vertex 38219.1484 35006.9375 30496.1309
  endloop
 endfacet
facet normal -0.184946716 0.854167044 -0.485997319
  outer loop
   vertex 38280.582 35059.7969 30565.6562
   vertex 38219.1484 35006.9375 30496.1309
   vertex 38150.9531 35030.9531 30564.291
  endloop
 endfacet
facet normal -0.271980643 0.733656704 -0.622715294
  outer loop
   vertex 38142.6914 34828.2383 30320.7734
   vertex 37938.5781 34925.668 30524.7148
   vertex 38235.0234 34942.0586 30414.5469
  endloop
 endfacet
facet normal -0.0192212388 0.894237638 -0.447179645
  outer loop
   vertex 38496.875 35018.7578 30474.2871
   vertex 38280.582 35059.7969 30565.6562
   vertex 38369.6172 35095.6367 30633.4941
  endloop
 endfacet
facet normal -0.177001342 0.947023809 -0.267985851
  outer loop
   vertex 38280.582 35059.7969 30565.6562
   vertex 38172.9844 35082.6641 30717.5293
   vertex 38369.6172 35095.6367 30633.4941
  endloop
 endfacet
facet normal -0.439022332 0.218543947 -0.87149179
  outer loop
   vertex 38964.4492 35146.4766 30597.7539
   vertex 38531.4688 35163.043 30820.0254
   vertex 38758.3164 35189.0508 30712.2695
  endloop
 endfacet
facet normal -0.153533712 0.917284012 -0.367447257
  outer loop
   vertex 38496.875 35018.7578 30474.2871
   vertex 38531.4688 35163.043 30820.0254
   vertex 38964.4492 35146.4766 30597.7539
  endloop
 endfacet
facet normal 0.145997539 0.987213969 0.0639785156
  outer loop
   vertex 38531.4688 35163.043 30820.0254
   vertex 38373.3945 35178.9609 30935.1289
   vertex 38376.3359 35169.0664 31081.084
  endloop
 endfacet
facet normal -0.406935304 0.277058184 -0.870426595
  outer loop
   vertex 38531.4688 35163.043 30820.0254
   vertex 38214.0469 35141.4141 30961.5391
   vertex 38372.5117 35178.625 30899.2988
  endloop
 endfacet
facet normal 0.389945507 0.917404413 -0.079446137
  outer loop
   vertex 38088.3555 35117.8164 31262.3438
   vertex 38052.2227 35119.3477 31102.6973
   vertex 38052.5469 35124.6211 31165.1484
  endloop
 endfacet
facet normal -0.106217436 0.993775964 0.0335740671
  outer loop
   vertex 38052.2227 35119.3477 31102.6973
   vertex 38088.3555 35117.8164 31262.3438
   vertex 38214.0469 35141.4141 30961.5391
  endloop
 endfacet
facet normal -0.12641868 0.987472057 0.0944313407
  outer loop
   vertex 38306.1719 35140.0234 31414.4102
   vertex 38453.9688 35160.625 31396.8496
   vertex 38380.8125 35162.4727 31279.582
  endloop
 endfacet
facet normal -0.12455675 0.9862445 0.108661763
  outer loop
   vertex 38384.2656 35142.3516 31482.7949
   vertex 38453.9688 35160.625 31396.8496
   vertex 38306.1719 35140.0234 31414.4102
  endloop
 endfacet
facet normal -0.170272142 0.977756083 -0.122476079
  outer loop
   vertex 38531.4688 35163.043 30820.0254
   vertex 38773.8086 35196.625 30751.2051
   vertex 38758.3164 35189.0508 30712.2695
  endloop
 endfacet
facet normal 0.0918212458 0.995707989 -0.0115971332
  outer loop
   vertex 38372.5117 35178.625 30899.2988
   vertex 38373.3945 35178.9609 30935.1289
   vertex 38531.4688 35163.043 30820.0254
  endloop
 endfacet
facet normal -0.154982015 0.984819233 0.0781767294
  outer loop
   vertex 38088.3555 35117.8164 31262.3438
   vertex 38306.1719 35140.0234 31414.4102
   vertex 38380.8125 35162.4727 31279.582
  endloop
 endfacet
facet normal -0.152931571 0.987571418 0.0362574607
  outer loop
   vertex 38376.3359 35169.0664 31081.084
   vertex 38088.3555 35117.8164 31262.3438
   vertex 38380.8125 35162.4727 31279.582
  endloop
 endfacet
facet normal 0.0312693939 0.979775548 0.197641283
  outer loop
   vertex 39098.0859 35185.9961 31259.5801
   vertex 38995.4297 35224.7305 31083.8164
   vertex 38918.582 35191.5742 31260.332
  endloop
 endfacet
facet normal 0.298484772 0.735445797 -0.608297884
  outer loop
   vertex 36017.2188 35382.1797 31128.2969
   vertex 36310.5195 35307.6641 31182.125
   vertex 36210.4102 35217.8359 31024.3965
  endloop
 endfacet
facet normal -0.146507099 0.988642931 -0.0334781706
  outer loop
   vertex 38773.8086 35196.625 30751.2051
   vertex 38531.4688 35163.043 30820.0254
   vertex 38834.75 35211.1211 30912.6016
  endloop
 endfacet
facet normal -0.127153084 0.959994137 -0.249486119
  outer loop
   vertex 38964.4492 35146.4766 30597.7539
   vertex 38834.75 35211.1211 30912.6016
   vertex 39069.4062 35227.8633 30857.4297
  endloop
 endfacet
facet normal 0.0783947781 0.972265482 -0.220349967
  outer loop
   vertex 38773.8086 35196.625 30751.2051
   vertex 38964.4492 35146.4766 30597.7539
   vertex 38758.3164 35189.0508 30712.2695
  endloop
 endfacet
facet normal -0.270843536 0.892038465 -0.361816406
  outer loop
   vertex 38837.3828 35018.8398 30378.1914
   vertex 38964.4492 35146.4766 30597.7539
   vertex 38949.582 35048.8867 30368.2812
  endloop
 endfacet
facet normal -0.0502744727 0.975854516 -0.212556973
  outer loop
   vertex 39366.1094 35240.7344 30766.9941
   vertex 39371.5 35215.3828 30649.3184
   vertex 39222.4023 35231.7812 30759.8672
  endloop
 endfacet
facet normal -0.110036694 0.66849345 -0.735532761
  outer loop
   vertex 39014.9023 34961.7422 30308.8066
   vertex 39246.832 35057.1875 30360.8535
   vertex 39307.0547 34987.0195 30288.0723
  endloop
 endfacet
facet normal -0.141915455 0.886139393 -0.441154182
  outer loop
   vertex 38949.582 35048.8867 30368.2812
   vertex 38972.8438 35025.7266 30314.2754
   vertex 38946.0742 35026.4648 30324.3672
  endloop
 endfacet
facet normal -0.269159645 0.866278589 -0.420849681
  outer loop
   vertex 38949.582 35048.8867 30368.2812
   vertex 38946.0742 35026.4648 30324.3672
   vertex 38837.3828 35018.8398 30378.1914
  endloop
 endfacet
facet normal -0.418269336 -0.233798608 -0.877718031
  outer loop
   vertex 38837.3828 35018.8398 30378.1914
   vertex 38946.0742 35026.4648 30324.3672
   vertex 39014.9023 34961.7422 30308.8066
  endloop
 endfacet
facet normal -0.182211339 0.773681998 -0.606807411
  outer loop
   vertex 39014.9023 34961.7422 30308.8066
   vertex 39177.9492 35090.3945 30423.8789
   vertex 39246.832 35057.1875 30360.8535
  endloop
 endfacet
facet normal -0.24010691 0.798311234 -0.552311301
  outer loop
   vertex 38964.4492 35146.4766 30597.7539
   vertex 39177.9492 35090.3945 30423.8789
   vertex 39014.9023 34961.7422 30308.8066
  endloop
 endfacet
facet normal 0.627093017 0.701357961 -0.338897258
  outer loop
   vertex 38949.582 35048.8867 30368.2812
   vertex 38964.4492 35146.4766 30597.7539
   vertex 39014.9023 34961.7422 30308.8066
  endloop
 endfacet
facet normal 0.833685696 0.537007034 0.128808483
  outer loop
   vertex 38949.582 35048.8867 30368.2812
   vertex 39014.9023 34961.7422 30308.8066
   vertex 38972.8438 35025.7266 30314.2754
  endloop
 endfacet
facet normal -0.352284759 -0.152650073 -0.923359871
  outer loop
   vertex 39014.9023 34961.7422 30308.8066
   vertex 38946.0742 35026.4648 30324.3672
   vertex 38972.8438 35025.7266 30314.2754
  endloop
 endfacet
facet normal -0.108975925 0.483359069 -0.868612826
  outer loop
   vertex 39014.9023 34961.7422 30308.8066
   vertex 38854.5039 34827.7422 30254.3613
   vertex 38640.8672 34838.3164 30287.0488
  endloop
 endfacet
facet normal -0.138010412 0.561990917 -0.81554848
  outer loop
   vertex 39014.9023 34961.7422 30308.8066
   vertex 38640.8672 34838.3164 30287.0488
   vertex 38837.3828 35018.8398 30378.1914
  endloop
 endfacet
facet normal -0.264511883 0.412610978 -0.871656835
  outer loop
   vertex 39211.3711 34894.1094 30217.1719
   vertex 39150.7656 34764.3398 30174.1328
   vertex 39014.9023 34961.7422 30308.8066
  endloop
 endfacet
facet normal -0.11011517 0.672149181 -0.732181728
  outer loop
   vertex 39211.3711 34894.1094 30217.1719
   vertex 39014.9023 34961.7422 30308.8066
   vertex 39307.0547 34987.0195 30288.0723
  endloop
 endfacet
facet normal -0.102791511 0.316589713 -0.942976594
  outer loop
   vertex 39150.7656 34764.3398 30174.1328
   vertex 39363.0664 34837.832 30175.6641
   vertex 39302.2617 34658.7617 30122.1719
  endloop
 endfacet
facet normal -0.118660174 0.362047285 -0.924576402
  outer loop
   vertex 39150.7656 34764.3398 30174.1328
   vertex 39211.3711 34894.1094 30217.1719
   vertex 39363.0664 34837.832 30175.6641
  endloop
 endfacet
facet normal -0.323231548 0.371349156 -0.870414376
  outer loop
   vertex 39014.9023 34961.7422 30308.8066
   vertex 39150.7656 34764.3398 30174.1328
   vertex 38903.543 34660.0586 30221.4512
  endloop
 endfacet
facet normal -0.320196152 -0.458918571 -0.828775108
  outer loop
   vertex 39221.3281 34387.3242 30232.5488
   vertex 39147.4453 34562.6875 30163.9902
   vertex 39353.75 34482.4648 30128.707
  endloop
 endfacet
facet normal -0.310426623 0.331724912 -0.890838861
  outer loop
   vertex 38903.543 34660.0586 30221.4512
   vertex 39150.7656 34764.3398 30174.1328
   vertex 39091.1758 34661.707 30156.6816
  endloop
 endfacet
facet normal -0.0959352925 0.325319529 -0.940725029
  outer loop
   vertex 39170.4375 34660.6055 30136.2539
   vertex 39150.7656 34764.3398 30174.1328
   vertex 39302.2617 34658.7617 30122.1719
  endloop
 endfacet
facet normal -0.234714344 0.293842405 -0.926588237
  outer loop
   vertex 39091.1758 34661.707 30156.6816
   vertex 39150.7656 34764.3398 30174.1328
   vertex 39170.4375 34660.6055 30136.2539
  endloop
 endfacet
facet normal 0.186387882 0.257336736 -0.948175788
  outer loop
   vertex 39698.0586 34556.5312 30081.7812
   vertex 39599.0977 34695.1992 30099.9629
   vertex 39776.4766 34770.0078 30155.1348
  endloop
 endfacet
facet normal -0.0126999738 0.121080153 -0.99256146
  outer loop
   vertex 39698.0586 34556.5312 30081.7812
   vertex 39483.0703 34590.8945 30088.7246
   vertex 39599.0977 34695.1992 30099.9629
  endloop
 endfacet
facet normal -0.0489527881 -0.105579346 -0.993205249
  outer loop
   vertex 39483.0703 34590.8945 30088.7246
   vertex 39698.0586 34556.5312 30081.7812
   vertex 39505.668 34447.2188 30102.8828
  endloop
 endfacet
facet normal -0.314311504 -0.246278495 -0.916817963
  outer loop
   vertex 38903.543 34660.0586 30221.4512
   vertex 39091.1758 34661.707 30156.6816
   vertex 39147.4453 34562.6875 30163.9902
  endloop
 endfacet
facet normal -0.203478009 -0.429675519 -0.879758835
  outer loop
   vertex 39221.3281 34387.3242 30232.5488
   vertex 39011.2344 34442.5 30254.1914
   vertex 39147.4453 34562.6875 30163.9902
  endloop
 endfacet
facet normal 0.435863376 0.881580532 -0.181215137
  outer loop
   vertex 40515.4062 34793.6875 30705.209
   vertex 40408.9453 34872.3086 30831.6406
   vertex 40545.4648 34833.8086 30972.6875
  endloop
 endfacet
facet normal 0.377914339 0.918670416 -0.115002014
  outer loop
   vertex 40441.3477 34878.0938 30984.3223
   vertex 40545.4648 34833.8086 30972.6875
   vertex 40408.9453 34872.3086 30831.6406
  endloop
 endfacet
facet normal 0.394082963 0.893408358 -0.215685323
  outer loop
   vertex 40187.8828 34902 30511.2266
   vertex 40249.9805 34928.25 30733.4141
   vertex 40349.9922 34862.7266 30644.7441
  endloop
 endfacet
facet normal 0.182194546 0.980367839 0.0753922313
  outer loop
   vertex 40168.3555 34959.6914 31575.9414
   vertex 40311.9258 34940.0391 31484.5137
   vertex 40214.9766 34968.9883 31342.3848
  endloop
 endfacet
facet normal 0.243858665 0.969312727 0.0310776513
  outer loop
   vertex 40348.4141 34934.8164 31361.1094
   vertex 40214.9766 34968.9883 31342.3848
   vertex 40311.9258 34940.0391 31484.5137
  endloop
 endfacet
facet normal 0.43474865 0.881896794 -0.182350457
  outer loop
   vertex 40349.9922 34862.7266 30644.7441
   vertex 40408.9453 34872.3086 30831.6406
   vertex 40515.4062 34793.6875 30705.209
  endloop
 endfacet
facet normal -0.0251647048 -0.965301633 -0.259922177
  outer loop
   vertex 39432.2578 34027.2969 30885.791
   vertex 39464.2773 34004.7305 30966.4902
   vertex 39387.5625 34008.0273 30961.6758
  endloop
 endfacet
facet normal -0.0233785808 0.304656386 -0.952175379
  outer loop
   vertex 39934.3281 34641.0977 30103.0371
   vertex 39931.9688 34437.0352 30037.8047
   vertex 39698.0586 34556.5312 30081.7812
  endloop
 endfacet
facet normal 0.417372763 0.790684998 -0.447903126
  outer loop
   vertex 40168.4453 34813.5156 30329.3223
   vertex 40345.7148 34806.2852 30481.748
   vertex 40315.0625 34719.543 30300.0566
  endloop
 endfacet
facet normal -0.018855812 0.481396049 -0.876300335
  outer loop
   vertex 39464.3594 34723.2266 30110.5254
   vertex 39363.0664 34837.832 30175.6641
   vertex 39578.6094 34833.0938 30168.4238
  endloop
 endfacet
facet normal 0.472635597 0.692083776 -0.545559943
  outer loop
   vertex 40442.4648 34648.9141 30291.7773
   vertex 40636.6172 34611.5898 30412.6309
   vertex 40469.5508 34566.1797 30210.291
  endloop
 endfacet
facet normal 0.0937853232 0.976262152 0.195234537
  outer loop
   vertex 40041.1992 34956.6523 31652.2207
   vertex 40135.7109 34928.2773 31748.7051
   vertex 40168.3555 34959.6914 31575.9414
  endloop
 endfacet
facet normal 0.183000639 0.717197835 -0.672412097
  outer loop
   vertex 41038.2734 34184.5508 30074.7051
   vertex 41120.5117 33957.7695 29855.2031
   vertex 40824.3164 34008.2031 29828.3848
  endloop
 endfacet
facet normal 0.175266147 0.560724378 -0.809240341
  outer loop
   vertex 40161.2344 34454.543 30022.5137
   vertex 40282.4492 34595.0586 30146.1309
   vertex 40374.8555 34462.7812 30074.4883
  endloop
 endfacet
facet normal 0.406337023 0.803833067 -0.434445173
  outer loop
   vertex 40345.7148 34806.2852 30481.748
   vertex 40168.4453 34813.5156 30329.3223
   vertex 40187.8828 34902 30511.2266
  endloop
 endfacet
facet normal 0.322838813 0.715690017 -0.619324565
  outer loop
   vertex 40442.4648 34648.9141 30291.7773
   vertex 40469.5508 34566.1797 30210.291
   vertex 40282.4492 34595.0586 30146.1309
  endloop
 endfacet
facet normal 0.338446438 0.619869113 -0.707966328
  outer loop
   vertex 40374.8555 34462.7812 30074.4883
   vertex 40282.4492 34595.0586 30146.1309
   vertex 40469.5508 34566.1797 30210.291
  endloop
 endfacet
facet normal 0.377332985 0.590922594 -0.713042974
  outer loop
   vertex 40611.0156 34476.1992 30210.5801
   vertex 40374.8555 34462.7812 30074.4883
   vertex 40469.5508 34566.1797 30210.291
  endloop
 endfacet
facet normal 0.416784644 0.790973365 -0.447941601
  outer loop
   vertex 40345.7148 34806.2852 30481.748
   vertex 40495.5039 34717.7812 30464.8379
   vertex 40315.0625 34719.543 30300.0566
  endloop
 endfacet
facet normal 0.459012181 0.835725963 -0.301446438
  outer loop
   vertex 40349.9922 34862.7266 30644.7441
   vertex 40515.4062 34793.6875 30705.209
   vertex 40345.7148 34806.2852 30481.748
  endloop
 endfacet
facet normal 0.404456943 0.902133942 -0.150229648
  outer loop
   vertex 40946.5664 34699.6602 31127.6426
   vertex 41179.5742 34611.1602 31223.5039
   vertex 41031.3945 34631.4258 30946.2773
  endloop
 endfacet
facet normal 0.384890079 0.918828666 -0.0872557163
  outer loop
   vertex 40946.5664 34699.6602 31127.6426
   vertex 41074.1523 34666.7812 31344.1758
   vertex 41179.5742 34611.1602 31223.5039
  endloop
 endfacet
facet normal 0.32863453 0.707565725 -0.625579834
  outer loop
   vertex 40315.0625 34719.543 30300.0566
   vertex 40131.0977 34695.4453 30176.1621
   vertex 40168.4453 34813.5156 30329.3223
  endloop
 endfacet
facet normal 0.405020058 0.903370023 -0.14100121
  outer loop
   vertex 40408.9453 34872.3086 30831.6406
   vertex 40249.9805 34928.25 30733.4141
   vertex 40330.2656 34911.5391 30856.9551
  endloop
 endfacet
facet normal 0.423169911 0.888188481 -0.179020748
  outer loop
   vertex 40408.9453 34872.3086 30831.6406
   vertex 40349.9922 34862.7266 30644.7441
   vertex 40249.9805 34928.25 30733.4141
  endloop
 endfacet
facet normal 0.477018416 0.668052614 -0.571103454
  outer loop
   vertex 40187.8828 34902 30511.2266
   vertex 40003.8242 34922.9414 30381.9883
   vertex 40090.5156 34948.0312 30483.7441
  endloop
 endfacet
facet normal 0.39760828 0.807680845 -0.435384095
  outer loop
   vertex 40168.4453 34813.5156 30329.3223
   vertex 40003.8242 34922.9414 30381.9883
   vertex 40187.8828 34902 30511.2266
  endloop
 endfacet
facet normal 0.0229441691 0.447303385 -0.89408797
  outer loop
   vertex 39599.0977 34695.1992 30099.9629
   vertex 39464.3594 34723.2266 30110.5254
   vertex 39578.6094 34833.0938 30168.4238
  endloop
 endfacet
facet normal 0.31855455 0.711592495 -0.626226068
  outer loop
   vertex 40131.0977 34695.4453 30176.1621
   vertex 39987.8008 34792.7148 30213.7988
   vertex 40168.4453 34813.5156 30329.3223
  endloop
 endfacet
facet normal -0.0135898115 0.601967931 -0.798404634
  outer loop
   vertex 39363.0664 34837.832 30175.6641
   vertex 39514.0547 34978.4141 30279.0879
   vertex 39578.6094 34833.0938 30168.4238
  endloop
 endfacet
facet normal 0.0848825574 0.453172266 -0.887372434
  outer loop
   vertex 39776.4766 34770.0078 30155.1348
   vertex 39599.0977 34695.1992 30099.9629
   vertex 39578.6094 34833.0938 30168.4238
  endloop
 endfacet
facet normal 0.36399439 0.719341934 -0.591654658
  outer loop
   vertex 39883.4727 34871.7578 30245.7148
   vertex 40003.8242 34922.9414 30381.9883
   vertex 39987.8008 34792.7148 30213.7988
  endloop
 endfacet
facet normal -0.735087991 0.503378332 -0.454154044
  outer loop
   vertex 46757.9023 32133.623 28033.1504
   vertex 46773.293 32119.5566 27992.6504
   vertex 46738.8516 32059.082 27981.3672
  endloop
 endfacet
facet normal 0.223994955 0.718533933 -0.658433914
  outer loop
   vertex 41038.2734 34184.5508 30074.7051
   vertex 41351.0312 34179.1602 30175.2227
   vertex 41120.5117 33957.7695 29855.2031
  endloop
 endfacet
facet normal 0.131331682 0.597749591 -0.790852308
  outer loop
   vertex 39514.0547 34978.4141 30279.0879
   vertex 39597.125 35053.0234 30349.2734
   vertex 39735.6992 34967.9336 30307.9727
  endloop
 endfacet
facet normal 0.129195377 0.63646251 -0.760410428
  outer loop
   vertex 39514.0547 34978.4141 30279.0879
   vertex 39735.6992 34967.9336 30307.9727
   vertex 39578.6094 34833.0938 30168.4238
  endloop
 endfacet
facet normal 0.170388862 0.541370571 -0.823338032
  outer loop
   vertex 39934.3281 34641.0977 30103.0371
   vertex 39776.4766 34770.0078 30155.1348
   vertex 39987.8008 34792.7148 30213.7988
  endloop
 endfacet
facet normal 0.16764535 0.5512923 -0.817295432
  outer loop
   vertex 39883.4727 34871.7578 30245.7148
   vertex 39987.8008 34792.7148 30213.7988
   vertex 39776.4766 34770.0078 30155.1348
  endloop
 endfacet
facet normal 0.452333182 0.839013219 -0.30240944
  outer loop
   vertex 40187.8828 34902 30511.2266
   vertex 40349.9922 34862.7266 30644.7441
   vertex 40345.7148 34806.2852 30481.748
  endloop
 endfacet
facet normal 0.427890062 0.787063897 -0.444342762
  outer loop
   vertex 40636.6172 34611.5898 30412.6309
   vertex 40442.4648 34648.9141 30291.7773
   vertex 40495.5039 34717.7812 30464.8379
  endloop
 endfacet
facet normal 0.412448525 0.795935214 -0.443140298
  outer loop
   vertex 40495.5039 34717.7812 30464.8379
   vertex 40442.4648 34648.9141 30291.7773
   vertex 40315.0625 34719.543 30300.0566
  endloop
 endfacet
facet normal 0.343247056 0.693427026 -0.633514345
  outer loop
   vertex 40442.4648 34648.9141 30291.7773
   vertex 40282.4492 34595.0586 30146.1309
   vertex 40315.0625 34719.543 30300.0566
  endloop
 endfacet
facet normal 0.335972995 0.696282029 -0.634281874
  outer loop
   vertex 40282.4492 34595.0586 30146.1309
   vertex 40131.0977 34695.4453 30176.1621
   vertex 40315.0625 34719.543 30300.0566
  endloop
 endfacet
facet normal 0.299609274 0.740337431 -0.601776361
  outer loop
   vertex 40168.4453 34813.5156 30329.3223
   vertex 39987.8008 34792.7148 30213.7988
   vertex 40003.8242 34922.9414 30381.9883
  endloop
 endfacet
facet normal 0.0733857378 0.618971407 -0.781977534
  outer loop
   vertex 39776.4766 34770.0078 30155.1348
   vertex 39735.6992 34967.9336 30307.9727
   vertex 39883.4727 34871.7578 30245.7148
  endloop
 endfacet
facet normal -0.147835866 0.797548771 -0.584859431
  outer loop
   vertex 39462.1211 35136.7773 30490.293
   vertex 39476.9258 35211.8359 30588.9062
   vertex 39501.5859 35206.793 30575.7969
  endloop
 endfacet
facet normal 0.239959121 0.711407006 -0.660544991
  outer loop
   vertex 39735.6992 34967.9336 30307.9727
   vertex 39597.125 35053.0234 30349.2734
   vertex 39634.5625 35076.707 30388.3809
  endloop
 endfacet
facet normal 0.283048362 0.788440526 -0.546118259
  outer loop
   vertex 40003.8242 34922.9414 30381.9883
   vertex 39883.4727 34871.7578 30245.7148
   vertex 39735.6992 34967.9336 30307.9727
  endloop
 endfacet
facet normal 0.277371019 0.814350605 -0.509802282
  outer loop
   vertex 40003.8242 34922.9414 30381.9883
   vertex 39735.6992 34967.9336 30307.9727
   vertex 39861.5156 35030.3906 30476.1953
  endloop
 endfacet
facet normal 0.147161469 0.623352945 -0.76796782
  outer loop
   vertex 39578.6094 34833.0938 30168.4238
   vertex 39735.6992 34967.9336 30307.9727
   vertex 39776.4766 34770.0078 30155.1348
  endloop
 endfacet
facet normal 0.436467528 0.760832846 -0.480238974
  outer loop
   vertex 39696.7891 35092.7852 30470.416
   vertex 39735.6992 34967.9336 30307.9727
   vertex 39634.5625 35076.707 30388.3809
  endloop
 endfacet
facet normal 0.316747814 0.787181377 -0.529165685
  outer loop
   vertex 39696.7891 35092.7852 30470.416
   vertex 39861.5156 35030.3906 30476.1953
   vertex 39735.6992 34967.9336 30307.9727
  endloop
 endfacet
facet normal -0.289844722 0.782037795 -0.551730871
  outer loop
   vertex 39371.5 35215.3828 30649.3184
   vertex 39476.9258 35211.8359 30588.9062
   vertex 39462.1211 35136.7773 30490.293
  endloop
 endfacet
facet normal -0.0868000463 0.872544706 -0.480761349
  outer loop
   vertex 38964.4492 35146.4766 30597.7539
   vertex 39371.5 35215.3828 30649.3184
   vertex 39462.1211 35136.7773 30490.293
  endloop
 endfacet
facet normal -0.0630987212 0.924593687 -0.375692755
  outer loop
   vertex 39177.9492 35090.3945 30423.8789
   vertex 38964.4492 35146.4766 30597.7539
   vertex 39462.1211 35136.7773 30490.293
  endloop
 endfacet
facet normal -0.00523962639 0.857569754 -0.514340997
  outer loop
   vertex 39634.5625 35076.707 30388.3809
   vertex 39597.125 35053.0234 30349.2734
   vertex 39462.1211 35136.7773 30490.293
  endloop
 endfacet
facet normal 0.151229456 0.9420681 -0.299394935
  outer loop
   vertex 39696.7891 35092.7852 30470.416
   vertex 39634.5625 35076.707 30388.3809
   vertex 39462.1211 35136.7773 30490.293
  endloop
 endfacet
facet normal -0.168348759 0.768344104 -0.617499828
  outer loop
   vertex 39597.125 35053.0234 30349.2734
   vertex 39514.0547 34978.4141 30279.0879
   vertex 39462.1211 35136.7773 30490.293
  endloop
 endfacet
facet normal 0.00731304614 0.800918341 -0.598728955
  outer loop
   vertex 39307.0547 34987.0195 30288.0723
   vertex 39462.1211 35136.7773 30490.293
   vertex 39514.0547 34978.4141 30279.0879
  endloop
 endfacet
facet normal 0.106322713 0.758345544 -0.643123209
  outer loop
   vertex 39307.0547 34987.0195 30288.0723
   vertex 39246.832 35057.1875 30360.8535
   vertex 39462.1211 35136.7773 30490.293
  endloop
 endfacet
facet normal -0.0278110802 0.871501684 -0.489603221
  outer loop
   vertex 39246.832 35057.1875 30360.8535
   vertex 39177.9492 35090.3945 30423.8789
   vertex 39462.1211 35136.7773 30490.293
  endloop
 endfacet
facet normal 0.405682445 0.844294071 -0.350127488
  outer loop
   vertex 40003.8242 34922.9414 30381.9883
   vertex 39861.5156 35030.3906 30476.1953
   vertex 40043.9414 34993.3594 30598.2676
  endloop
 endfacet
facet normal 0.111303002 0.938702941 -0.326264411
  outer loop
   vertex 40090.5156 34948.0312 30483.7441
   vertex 40003.8242 34922.9414 30381.9883
   vertex 40043.9414 34993.3594 30598.2676
  endloop
 endfacet
facet normal 0.65069288 0.749987066 0.118820012
  outer loop
   vertex 39618.1016 35198.5977 30761.375
   vertex 39598.5547 35210.5117 30793.2188
   vertex 39617.7266 35167.9023 30957.1738
  endloop
 endfacet
facet normal 0.472541481 0.840411365 -0.265355051
  outer loop
   vertex 39696.7891 35092.7852 30470.416
   vertex 39648.1562 35145.3945 30550.4219
   vertex 39770.6953 35119.8672 30687.7891
  endloop
 endfacet
facet normal 0.0743066967 0.928807139 -0.36303699
  outer loop
   vertex 39613.5078 35168.1836 30601.6309
   vertex 39648.1562 35145.3945 30550.4219
   vertex 39462.1211 35136.7773 30490.293
  endloop
 endfacet
facet normal 0.119649574 0.861384392 -0.493660748
  outer loop
   vertex 39648.1562 35145.3945 30550.4219
   vertex 39696.7891 35092.7852 30470.416
   vertex 39462.1211 35136.7773 30490.293
  endloop
 endfacet
facet normal 0.458382517 0.874304175 -0.15961723
  outer loop
   vertex 40090.5156 34948.0312 30483.7441
   vertex 40043.9414 34993.3594 30598.2676
   vertex 40187.8828 34902 30511.2266
  endloop
 endfacet
facet normal 0.504854321 0.85264051 0.134633943
  outer loop
   vertex 39770.6953 35119.8672 30687.7891
   vertex 39618.1016 35198.5977 30761.375
   vertex 39617.7266 35167.9023 30957.1738
  endloop
 endfacet
facet normal 0.351646721 0.906795502 -0.232521981
  outer loop
   vertex 39861.5156 35030.3906 30476.1953
   vertex 39696.7891 35092.7852 30470.416
   vertex 39770.6953 35119.8672 30687.7891
  endloop
 endfacet
facet normal 0.36840108 0.916074097 -0.158394709
  outer loop
   vertex 39648.1562 35145.3945 30550.4219
   vertex 39613.5078 35168.1836 30601.6309
   vertex 39770.6953 35119.8672 30687.7891
  endloop
 endfacet
facet normal 0.423222601 0.878392935 -0.222055033
  outer loop
   vertex 40043.9414 34993.3594 30598.2676
   vertex 40249.9805 34928.25 30733.4141
   vertex 40187.8828 34902 30511.2266
  endloop
 endfacet
facet normal 0.375023603 0.915053308 -0.148440897
  outer loop
   vertex 40043.9414 34993.3594 30598.2676
   vertex 39770.6953 35119.8672 30687.7891
   vertex 39991.25 35044.0781 30777.8027
  endloop
 endfacet
facet normal 0.343132228 0.908880472 -0.237058237
  outer loop
   vertex 40043.9414 34993.3594 30598.2676
   vertex 39861.5156 35030.3906 30476.1953
   vertex 39770.6953 35119.8672 30687.7891
  endloop
 endfacet
facet normal 0.398180068 0.90667218 -0.139277264
  outer loop
   vertex 40043.9414 34993.3594 30598.2676
   vertex 39991.25 35044.0781 30777.8027
   vertex 40115.5234 34994.457 30810.0664
  endloop
 endfacet
facet normal 0.346794367 0.932681024 -0.0991958454
  outer loop
   vertex 40252.3789 34947.9922 30927.416
   vertex 40330.2656 34911.5391 30856.9551
   vertex 40249.9805 34928.25 30733.4141
  endloop
 endfacet
facet normal 0.394170791 0.913812041 -0.0978617147
  outer loop
   vertex 40115.5234 34994.457 30810.0664
   vertex 40252.3789 34947.9922 30927.416
   vertex 40249.9805 34928.25 30733.4141
  endloop
 endfacet
facet normal 0.376330227 0.917041838 -0.131946474
  outer loop
   vertex 40115.5234 34994.457 30810.0664
   vertex 40249.9805 34928.25 30733.4141
   vertex 40043.9414 34993.3594 30598.2676
  endloop
 endfacet
facet normal 0.137489095 0.906396985 0.399426132
  outer loop
   vertex 39331.5938 35071.8828 31467.9121
   vertex 39435.6484 35035.8828 31513.7871
   vertex 39434.2539 35089.1602 31393.3691
  endloop
 endfacet
facet normal 0.120583646 0.895219684 0.429000318
  outer loop
   vertex 39331.5938 35071.8828 31467.9121
   vertex 39356.6406 34992.6875 31626.1289
   vertex 39435.6484 35035.8828 31513.7871
  endloop
 endfacet
facet normal 0.0818087012 0.913485348 0.398562223
  outer loop
   vertex 38756.0352 34990.418 31787.1914
   vertex 38912.9336 35120.9219 31455.877
   vertex 38710.7773 35106.0078 31531.5547
  endloop
 endfacet
facet normal 0.08525832 0.912606776 0.399849802
  outer loop
   vertex 38756.0352 34990.418 31787.1914
   vertex 39064.7031 35024.6914 31643.1562
   vertex 38912.9336 35120.9219 31455.877
  endloop
 endfacet
facet normal 0.324760258 0.945664704 0.0157810841
  outer loop
   vertex 39770.6953 35119.8672 30687.7891
   vertex 39617.7266 35167.9023 30957.1738
   vertex 39992.8359 35037.6094 31045.5957
  endloop
 endfacet
facet normal 0.114046574 0.930763066 0.347380877
  outer loop
   vertex 39218.6953 35224.0352 31118.0684
   vertex 39098.0859 35185.9961 31259.5801
   vertex 39377.5664 35173.8359 31200.418
  endloop
 endfacet
facet normal 0.317222238 0.94811815 0.0210250225
  outer loop
   vertex 39991.25 35044.0781 30777.8027
   vertex 39770.6953 35119.8672 30687.7891
   vertex 39992.8359 35037.6094 31045.5957
  endloop
 endfacet
facet normal 0.36619252 0.930317521 0.0203052405
  outer loop
   vertex 40115.5234 34994.457 30810.0664
   vertex 39991.25 35044.0781 30777.8027
   vertex 39992.8359 35037.6094 31045.5957
  endloop
 endfacet
facet normal 0.272959322 0.75115788 -0.601044953
  outer loop
   vertex 36210.4102 35217.8359 31024.3965
   vertex 36310.5195 35307.6641 31182.125
   vertex 36335.793 35209.1641 31070.502
  endloop
 endfacet
facet normal 0.0471954383 0.789751351 0.611608863
  outer loop
   vertex 39584.9883 34702.1992 32061.1973
   vertex 39580.8047 34856.1758 31862.6934
   vertex 39248.418 34864.8945 31877.082
  endloop
 endfacet
facet normal 0.158768997 0.979651332 0.122782931
  outer loop
   vertex 39726.7852 35060.1602 31329.2676
   vertex 40000.3203 34993.7305 31505.5664
   vertex 40011.9727 35013.4258 31333.3594
  endloop
 endfacet
facet normal 0.160281137 0.984436929 0.0720684081
  outer loop
   vertex 39992.8359 35037.6094 31045.5957
   vertex 39726.7852 35060.1602 31329.2676
   vertex 40011.9727 35013.4258 31333.3594
  endloop
 endfacet
facet normal 0.345611095 0.903825581 0.252294123
  outer loop
   vertex 39992.8359 35037.6094 31045.5957
   vertex 39761.3398 35101.3203 31134.4707
   vertex 39726.7852 35060.1602 31329.2676
  endloop
 endfacet
facet normal 0.600734651 0.753940344 0.265879273
  outer loop
   vertex 39761.3398 35101.3203 31134.4707
   vertex 39736.6758 35096.8789 31202.7949
   vertex 39726.7852 35060.1602 31329.2676
  endloop
 endfacet
facet normal 0.324684978 0.945813119 -0.00415496575
  outer loop
   vertex 40115.5234 34994.457 30810.0664
   vertex 39992.8359 35037.6094 31045.5957
   vertex 40252.3789 34947.9922 30927.416
  endloop
 endfacet
facet normal 0.639746964 0.685110867 0.348348796
  outer loop
   vertex 36034.3203 35778.4688 31701.8262
   vertex 35949.918 35865.6836 31685.2988
   vertex 35906.918 35876.7344 31742.5449
  endloop
 endfacet
facet normal 0.208512977 0.975716829 0.0670744926
  outer loop
   vertex 39319.3711 35230.8906 30968.4355
   vertex 39617.7266 35167.9023 30957.1738
   vertex 39526.6719 35203.5352 30721.9316
  endloop
 endfacet
facet normal 0.0191051625 0.990828931 0.133764684
  outer loop
   vertex 38518.6562 35152.9492 31444.4707
   vertex 38665.582 35176.957 31245.6426
   vertex 38453.9688 35160.625 31396.8496
  endloop
 endfacet
facet normal 0.412904263 0.824193954 0.387574971
  outer loop
   vertex 39617.7266 35167.9023 30957.1738
   vertex 39416.8594 35219.8359 31060.7285
   vertex 39377.5664 35173.8359 31200.418
  endloop
 endfacet
facet normal 0.125055209 0.862253964 0.490794539
  outer loop
   vertex 39064.7031 35024.6914 31643.1562
   vertex 39248.418 34864.8945 31877.082
   vertex 39232.9375 35014.9648 31617.375
  endloop
 endfacet
facet normal -0.17167677 0.957740009 -0.230783701
  outer loop
   vertex 39222.4023 35231.7812 30759.8672
   vertex 38964.4492 35146.4766 30597.7539
   vertex 39069.4062 35227.8633 30857.4297
  endloop
 endfacet
facet normal -0.121447548 0.944912732 -0.30395785
  outer loop
   vertex 39222.4023 35231.7812 30759.8672
   vertex 39371.5 35215.3828 30649.3184
   vertex 38964.4492 35146.4766 30597.7539
  endloop
 endfacet
facet normal -0.00493120169 0.997199118 -0.0746301562
  outer loop
   vertex 38834.75 35211.1211 30912.6016
   vertex 38833.3203 35223.3477 31076.084
   vertex 38995.4297 35224.7305 31083.8164
  endloop
 endfacet
facet normal -0.0735563189 0.997238576 -0.0102311643
  outer loop
   vertex 39069.4062 35227.8633 30857.4297
   vertex 38834.75 35211.1211 30912.6016
   vertex 38995.4297 35224.7305 31083.8164
  endloop
 endfacet
facet normal 0.160783187 0.984049797 -0.0761234611
  outer loop
   vertex 39501.5859 35206.793 30575.7969
   vertex 39476.9258 35211.8359 30588.9062
   vertex 39530.4648 35210.4414 30683.9707
  endloop
 endfacet
facet normal 0.232986465 0.950223267 0.206864834
  outer loop
   vertex 39726.7852 35060.1602 31329.2676
   vertex 39617.7266 35167.9023 30957.1738
   vertex 39377.5664 35173.8359 31200.418
  endloop
 endfacet
facet normal 0.182234675 0.928043306 0.324847937
  outer loop
   vertex 39514.4414 35097.8125 31340.8105
   vertex 39726.7852 35060.1602 31329.2676
   vertex 39377.5664 35173.8359 31200.418
  endloop
 endfacet
facet normal 0.0871119574 0.916427553 0.390604794
  outer loop
   vertex 39304.8438 35226.8594 31092.2266
   vertex 39218.6953 35224.0352 31118.0684
   vertex 39377.5664 35173.8359 31200.418
  endloop
 endfacet
facet normal 0.181414887 0.905153871 0.384428293
  outer loop
   vertex 39528.3594 35052.0703 31441.9512
   vertex 39726.7852 35060.1602 31329.2676
   vertex 39514.4414 35097.8125 31340.8105
  endloop
 endfacet
facet normal -0.0327678546 0.971853077 0.233297735
  outer loop
   vertex 38995.4297 35224.7305 31083.8164
   vertex 39098.0859 35185.9961 31259.5801
   vertex 39218.6953 35224.0352 31118.0684
  endloop
 endfacet
facet normal 0.0659489781 0.956857741 0.282973439
  outer loop
   vertex 39713.8359 35113.2266 31152.8438
   vertex 39726.7852 35060.1602 31329.2676
   vertex 39736.6758 35096.8789 31202.7949
  endloop
 endfacet
facet normal 0.300779879 0.938493729 0.169590726
  outer loop
   vertex 39713.8359 35113.2266 31152.8438
   vertex 39736.6758 35096.8789 31202.7949
   vertex 39761.3398 35101.3203 31134.4707
  endloop
 endfacet
facet normal 0.00159435463 0.931649089 0.363355845
  outer loop
   vertex 39747.2539 34915.7305 31750.7793
   vertex 39859.6445 34974.2773 31600.168
   vertex 39729.4727 34987.8047 31566.0508
  endloop
 endfacet
facet normal 0.138809502 0.921202362 0.363480568
  outer loop
   vertex 39434.2539 35089.1602 31393.3691
   vertex 39514.4414 35097.8125 31340.8105
   vertex 39377.5664 35173.8359 31200.418
  endloop
 endfacet
facet normal 0.116504349 0.925631404 0.360046208
  outer loop
   vertex 39098.0859 35185.9961 31259.5801
   vertex 39168.5273 35105.7305 31443.1484
   vertex 39377.5664 35173.8359 31200.418
  endloop
 endfacet
facet normal 0.133934051 0.918132842 0.372952789
  outer loop
   vertex 39331.5938 35071.8828 31467.9121
   vertex 39377.5664 35173.8359 31200.418
   vertex 39168.5273 35105.7305 31443.1484
  endloop
 endfacet
facet normal 0.223822758 0.967339814 0.118983611
  outer loop
   vertex 40246.4922 34921.6758 31738.0312
   vertex 40348.2227 34910.2148 31639.834
   vertex 40168.3555 34959.6914 31575.9414
  endloop
 endfacet
facet normal 0.130890578 0.894681036 0.42709896
  outer loop
   vertex 39232.9375 35014.9648 31617.375
   vertex 39356.6406 34992.6875 31626.1289
   vertex 39331.5938 35071.8828 31467.9121
  endloop
 endfacet
facet normal 0.122212887 0.898018777 0.422642082
  outer loop
   vertex 39232.9375 35014.9648 31617.375
   vertex 39331.5938 35071.8828 31467.9121
   vertex 39168.5273 35105.7305 31443.1484
  endloop
 endfacet
facet normal 0.14020735 0.911625147 0.386369616
  outer loop
   vertex 39528.3594 35052.0703 31441.9512
   vertex 39435.6484 35035.8828 31513.7871
   vertex 39543.4141 34971.582 31626.3984
  endloop
 endfacet
facet normal 0.150827378 0.904676974 0.398510635
  outer loop
   vertex 39528.3594 35052.0703 31441.9512
   vertex 39434.2539 35089.1602 31393.3691
   vertex 39435.6484 35035.8828 31513.7871
  endloop
 endfacet
facet normal 0.156969815 0.90777564 0.388977975
  outer loop
   vertex 39528.3594 35052.0703 31441.9512
   vertex 39514.4414 35097.8125 31340.8105
   vertex 39434.2539 35089.1602 31393.3691
  endloop
 endfacet
facet normal 0.116952427 0.897844732 0.424496174
  outer loop
   vertex 39064.7031 35024.6914 31643.1562
   vertex 39232.9375 35014.9648 31617.375
   vertex 39168.5273 35105.7305 31443.1484
  endloop
 endfacet
facet normal 0.0306235384 0.939771295 0.340429366
  outer loop
   vertex 38918.582 35191.5742 31260.332
   vertex 38912.9336 35120.9219 31455.877
   vertex 39098.0859 35185.9961 31259.5801
  endloop
 endfacet
facet normal 0.0736289471 0.923810899 0.375702262
  outer loop
   vertex 39098.0859 35185.9961 31259.5801
   vertex 38912.9336 35120.9219 31455.877
   vertex 39168.5273 35105.7305 31443.1484
  endloop
 endfacet
facet normal -0.0737960264 0.938610256 0.336994022
  outer loop
   vertex 38665.582 35176.957 31245.6426
   vertex 38912.9336 35120.9219 31455.877
   vertex 38918.582 35191.5742 31260.332
  endloop
 endfacet
facet normal 0.0175280161 0.971059442 0.238193944
  outer loop
   vertex 38665.582 35176.957 31245.6426
   vertex 38710.7773 35106.0078 31531.5547
   vertex 38912.9336 35120.9219 31455.877
  endloop
 endfacet
facet normal 0.0743996277 0.910206854 0.407416433
  outer loop
   vertex 39064.7031 35024.6914 31643.1562
   vertex 39168.5273 35105.7305 31443.1484
   vertex 38912.9336 35120.9219 31455.877
  endloop
 endfacet
facet normal -0.0121514676 0.75426662 0.656455815
  outer loop
   vertex 39935.7734 34696.9648 32073.7031
   vertex 39771.4922 34813.8633 31936.3457
   vertex 39584.9883 34702.1992 32061.1973
  endloop
 endfacet
facet normal -0.0835291222 0.930904031 0.35558483
  outer loop
   vertex 39995.793 34873.5547 31859.0977
   vertex 40135.7109 34928.2773 31748.7051
   vertex 40041.1992 34956.6523 31652.2207
  endloop
 endfacet
facet normal 0.0147133851 0.770077109 0.637781143
  outer loop
   vertex 39995.793 34873.5547 31859.0977
   vertex 39771.4922 34813.8633 31936.3457
   vertex 39935.7734 34696.9648 32073.7031
  endloop
 endfacet
facet normal -0.282604188 0.777987003 0.561133802
  outer loop
   vertex 40089.5703 34795.3555 32014.7461
   vertex 39995.793 34873.5547 31859.0977
   vertex 39935.7734 34696.9648 32073.7031
  endloop
 endfacet
facet normal 0.0244247261 -0.25418216 0.966847897
  outer loop
   vertex 38091.4766 34785.6719 32337.3516
   vertex 38085.5781 34874.8945 32360.957
   vertex 38049.6562 34875.25 32361.957
  endloop
 endfacet
facet normal 0.0091092512 0.877069414 0.48027724
  outer loop
   vertex 39747.2539 34915.7305 31750.7793
   vertex 39580.8047 34856.1758 31862.6934
   vertex 39771.4922 34813.8633 31936.3457
  endloop
 endfacet
facet normal 0.559716165 0.0742233917 0.825353682
  outer loop
   vertex 40258.4141 34404.0547 32104.3438
   vertex 40402.8828 34386.9375 32007.9121
   vertex 40256.2695 34522.3672 32095.1582
  endloop
 endfacet
facet normal 0.44017145 0.801006973 0.405754715
  outer loop
   vertex 40923.5234 34723.9453 31528.6582
   vertex 40805.375 34756.8477 31591.875
   vertex 40916.8945 34658.6055 31664.8379
  endloop
 endfacet
facet normal 0.139679328 0.980163276 0.140604496
  outer loop
   vertex 40168.3555 34959.6914 31575.9414
   vertex 40103.543 34988.168 31441.8027
   vertex 40000.3203 34993.7305 31505.5664
  endloop
 endfacet
facet normal 0.171673194 0.982969522 0.0655681044
  outer loop
   vertex 40168.3555 34959.6914 31575.9414
   vertex 40000.3203 34993.7305 31505.5664
   vertex 40073.1758 34975.8086 31583.5
  endloop
 endfacet
facet normal -0.0637136325 0.923921883 0.377238542
  outer loop
   vertex 39995.793 34873.5547 31859.0977
   vertex 40208.8242 34884.3555 31868.623
   vertex 40135.7109 34928.2773 31748.7051
  endloop
 endfacet
facet normal -0.153350458 0.842843711 0.515846968
  outer loop
   vertex 40089.5703 34795.3555 32014.7461
   vertex 40152.5781 34829.0508 31978.418
   vertex 39995.793 34873.5547 31859.0977
  endloop
 endfacet
facet normal -0.164785892 0.849120855 0.501835942
  outer loop
   vertex 40089.5703 34795.3555 32014.7461
   vertex 40150.082 34796.9375 32031.9355
   vertex 40152.5781 34829.0508 31978.418
  endloop
 endfacet
facet normal 0.119880348 0.860633612 0.494912595
  outer loop
   vertex 40254.0508 34827.5781 31956.4062
   vertex 40208.8242 34884.3555 31868.623
   vertex 40152.5781 34829.0508 31978.418
  endloop
 endfacet
facet normal 0.199967936 0.944001555 0.262438387
  outer loop
   vertex 40343.9258 34873.1055 31806.1465
   vertex 40208.8242 34884.3555 31868.623
   vertex 40303.6094 34855.2266 31901.1855
  endloop
 endfacet
facet normal 0.0885935351 0.856555641 0.508393168
  outer loop
   vertex 40208.8242 34884.3555 31868.623
   vertex 40254.0508 34827.5781 31956.4062
   vertex 40303.6094 34855.2266 31901.1855
  endloop
 endfacet
facet normal 0.404325068 0.901355565 0.155175418
  outer loop
   vertex 40531.5859 34816.7852 31704.7461
   vertex 40440.6914 34896.1445 31480.625
   vertex 40348.2227 34910.2148 31639.834
  endloop
 endfacet
facet normal 0.383617908 0.899174333 0.210529849
  outer loop
   vertex 40343.9258 34873.1055 31806.1465
   vertex 40531.5859 34816.7852 31704.7461
   vertex 40348.2227 34910.2148 31639.834
  endloop
 endfacet
facet normal 0.478996068 0.782111466 0.398578048
  outer loop
   vertex 40923.5234 34723.9453 31528.6582
   vertex 40916.8945 34658.6055 31664.8379
   vertex 41048.0469 34650.918 31522.3125
  endloop
 endfacet
facet normal 0.318111837 0.93975848 0.125135213
  outer loop
   vertex 40644.8672 34827.0078 31473.0332
   vertex 40694.4023 34788.1445 31638.9707
   vertex 40805.375 34756.8477 31591.875
  endloop
 endfacet
facet normal 0.231819063 0.960219502 0.155686915
  outer loop
   vertex 40694.4023 34788.1445 31638.9707
   vertex 40644.8672 34827.0078 31473.0332
   vertex 40531.5859 34816.7852 31704.7461
  endloop
 endfacet
facet normal 0.311420739 0.925725937 0.214589357
  outer loop
   vertex 40246.4922 34921.6758 31738.0312
   vertex 40343.9258 34873.1055 31806.1465
   vertex 40348.2227 34910.2148 31639.834
  endloop
 endfacet
facet normal 0.499589294 0.710377991 0.495755672
  outer loop
   vertex 40382.5898 34778.7188 31909.4414
   vertex 40577.957 34674.5859 31861.7793
   vertex 40531.5859 34816.7852 31704.7461
  endloop
 endfacet
facet normal 0.329094499 0.944199145 -0.0135929426
  outer loop
   vertex 40400.7305 34907.9883 31187.4453
   vertex 40644.8672 34827.0078 31473.0332
   vertex 40729.3281 34793.8789 31216.7754
  endloop
 endfacet
facet normal 0.33428055 0.937314808 -0.0984757915
  outer loop
   vertex 40400.7305 34907.9883 31187.4453
   vertex 40729.3281 34793.8789 31216.7754
   vertex 40545.4648 34833.8086 30972.6875
  endloop
 endfacet
facet normal 0.38520664 0.920973599 -0.0585100614
  outer loop
   vertex 40400.7305 34907.9883 31187.4453
   vertex 40545.4648 34833.8086 30972.6875
   vertex 40441.3477 34878.0938 30984.3223
  endloop
 endfacet
facet normal 0.320980281 0.926205277 0.197776362
  outer loop
   vertex 40531.5859 34816.7852 31704.7461
   vertex 40644.8672 34827.0078 31473.0332
   vertex 40440.6914 34896.1445 31480.625
  endloop
 endfacet
facet normal 0.21805191 0.966602564 0.134658411
  outer loop
   vertex 40311.9258 34940.0391 31484.5137
   vertex 40168.3555 34959.6914 31575.9414
   vertex 40348.2227 34910.2148 31639.834
  endloop
 endfacet
facet normal 0.414236724 0.908359051 0.057373926
  outer loop
   vertex 40923.5234 34723.9453 31528.6582
   vertex 40938.957 34726.875 31370.875
   vertex 40823.7812 34774.7969 31443.7109
  endloop
 endfacet
facet normal 0.323721975 0.940317154 0.104917534
  outer loop
   vertex 40440.6914 34896.1445 31480.625
   vertex 40311.9258 34940.0391 31484.5137
   vertex 40348.2227 34910.2148 31639.834
  endloop
 endfacet
facet normal 0.127938271 0.984344602 0.121233091
  outer loop
   vertex 40011.9727 35013.4258 31333.3594
   vertex 40000.3203 34993.7305 31505.5664
   vertex 40103.543 34988.168 31441.8027
  endloop
 endfacet
facet normal 0.183249429 0.921588004 0.342191696
  outer loop
   vertex 40168.3555 34959.6914 31575.9414
   vertex 40073.1758 34975.8086 31583.5
   vertex 40041.1992 34956.6523 31652.2207
  endloop
 endfacet
facet normal 0.323671699 0.94452709 0.055724822
  outer loop
   vertex 40440.6914 34896.1445 31480.625
   vertex 40348.4141 34934.8164 31361.1094
   vertex 40311.9258 34940.0391 31484.5137
  endloop
 endfacet
facet normal 0.38587442 0.922178686 -0.0262183193
  outer loop
   vertex 40330.6523 34940.4648 31298.3125
   vertex 40348.4141 34934.8164 31361.1094
   vertex 40400.7305 34907.9883 31187.4453
  endloop
 endfacet
facet normal 0.526027918 0.848424435 0.0589114763
  outer loop
   vertex 41533.1133 34449.7578 31046.707
   vertex 41478.6445 34475.8867 31156.7695
   vertex 41607.9062 34389.832 31241.8945
  endloop
 endfacet
facet normal 0.425345153 0.893834412 0.141920939
  outer loop
   vertex 40938.957 34726.875 31370.875
   vertex 41048.0469 34650.918 31522.3125
   vertex 41074.1523 34666.7812 31344.1758
  endloop
 endfacet
facet normal 0.507283688 0.859281421 0.0655642226
  outer loop
   vertex 40923.5234 34723.9453 31528.6582
   vertex 41048.0469 34650.918 31522.3125
   vertex 40938.957 34726.875 31370.875
  endloop
 endfacet
facet normal 0.414921552 0.78871274 0.453621298
  outer loop
   vertex 40805.375 34756.8477 31591.875
   vertex 40694.4023 34788.1445 31638.9707
   vertex 40734.3477 34708.4297 31741.0332
  endloop
 endfacet
facet normal 0.33994627 0.801092565 0.492632985
  outer loop
   vertex 40694.4023 34788.1445 31638.9707
   vertex 40531.5859 34816.7852 31704.7461
   vertex 40734.3477 34708.4297 31741.0332
  endloop
 endfacet
facet normal 0.481535494 0.729251027 0.486124009
  outer loop
   vertex 40531.5859 34816.7852 31704.7461
   vertex 40343.9258 34873.1055 31806.1465
   vertex 40382.5898 34778.7188 31909.4414
  endloop
 endfacet
facet normal 0.61904186 0.681233346 0.390779108
  outer loop
   vertex 40343.9258 34873.1055 31806.1465
   vertex 40303.6094 34855.2266 31901.1855
   vertex 40382.5898 34778.7188 31909.4414
  endloop
 endfacet
facet normal 0.463222623 0.552939773 0.692591071
  outer loop
   vertex 40254.0508 34827.5781 31956.4062
   vertex 40382.5898 34778.7188 31909.4414
   vertex 40303.6094 34855.2266 31901.1855
  endloop
 endfacet
facet normal 0.320326269 -0.449592203 0.833821297
  outer loop
   vertex 40316.6836 34207.6953 31944.3789
   vertex 40504.8594 34249.0742 31894.3984
   vertex 40402.8828 34386.9375 32007.9121
  endloop
 endfacet
facet normal 0.577085078 0.232170731 0.782987595
  outer loop
   vertex 41036.8477 34577.1758 31653.7402
   vertex 41037.1719 34448.1992 31691.7441
   vertex 41150.2344 34537.4883 31581.9375
  endloop
 endfacet
facet normal 0.294841349 0.749997854 0.592091084
  outer loop
   vertex 40531.5859 34816.7852 31704.7461
   vertex 40577.957 34674.5859 31861.7793
   vertex 40734.3477 34708.4297 31741.0332
  endloop
 endfacet
facet normal 0.52997005 0.719481766 0.448862672
  outer loop
   vertex 40916.8945 34658.6055 31664.8379
   vertex 41036.8477 34577.1758 31653.7402
   vertex 41048.0469 34650.918 31522.3125
  endloop
 endfacet
facet normal 0.431216508 0.116831638 0.894652247
  outer loop
   vertex 40630.0469 34472.418 31893.6387
   vertex 40810.5039 34580.625 31792.5293
   vertex 40702.9766 34617.2461 31839.5762
  endloop
 endfacet
facet normal 0.484690815 0.559679329 0.672185898
  outer loop
   vertex 40702.9766 34617.2461 31839.5762
   vertex 40810.5039 34580.625 31792.5293
   vertex 40734.3477 34708.4297 31741.0332
  endloop
 endfacet
facet normal 0.441225171 0.553679883 0.706228673
  outer loop
   vertex 40945.5234 34547.4727 31734.0801
   vertex 41036.8477 34577.1758 31653.7402
   vertex 40916.8945 34658.6055 31664.8379
  endloop
 endfacet
facet normal 0.399980396 0.605727971 0.687829435
  outer loop
   vertex 40702.9766 34617.2461 31839.5762
   vertex 40734.3477 34708.4297 31741.0332
   vertex 40577.957 34674.5859 31861.7793
  endloop
 endfacet
facet normal 0.0355656557 0.932163537 0.360286355
  outer loop
   vertex 39747.2539 34915.7305 31750.7793
   vertex 39729.4727 34987.8047 31566.0508
   vertex 39543.4141 34971.582 31626.3984
  endloop
 endfacet
facet normal 0.40839088 0.0571064204 0.911019087
  outer loop
   vertex 40842.875 34437.1562 31787.0117
   vertex 40945.5234 34547.4727 31734.0801
   vertex 40810.5039 34580.625 31792.5293
  endloop
 endfacet
facet normal -0.0617435537 0.788011968 0.61255604
  outer loop
   vertex 39584.9883 34702.1992 32061.1973
   vertex 39771.4922 34813.8633 31936.3457
   vertex 39580.8047 34856.1758 31862.6934
  endloop
 endfacet
facet normal 0.131281316 0.86358428 0.486813575
  outer loop
   vertex 39248.418 34864.8945 31877.082
   vertex 39064.7031 35024.6914 31643.1562
   vertex 38756.0352 34990.418 31787.1914
  endloop
 endfacet
facet normal 0.101404913 0.902606308 0.418352544
  outer loop
   vertex 39435.6484 35035.8828 31513.7871
   vertex 39356.6406 34992.6875 31626.1289
   vertex 39543.4141 34971.582 31626.3984
  endloop
 endfacet
facet normal 0.263979346 0.803336442 0.533821583
  outer loop
   vertex 38533.0078 34924.5625 31996.5898
   vertex 38791.7891 34730.9766 32159.9434
   vertex 38756.0352 34990.418 31787.1914
  endloop
 endfacet
facet normal 0.0975362957 0.869224727 0.484700918
  outer loop
   vertex 39356.6406 34992.6875 31626.1289
   vertex 39248.418 34864.8945 31877.082
   vertex 39543.4141 34971.582 31626.3984
  endloop
 endfacet
facet normal 0.0423673205 0.900378823 0.433039218
  outer loop
   vertex 39543.4141 34971.582 31626.3984
   vertex 39248.418 34864.8945 31877.082
   vertex 39580.8047 34856.1758 31862.6934
  endloop
 endfacet
facet normal -0.0238422621 0.896809816 0.441773325
  outer loop
   vertex 39747.2539 34915.7305 31750.7793
   vertex 39543.4141 34971.582 31626.3984
   vertex 39580.8047 34856.1758 31862.6934
  endloop
 endfacet
facet normal 0.0259545986 0.97085917 0.238241062
  outer loop
   vertex 39859.6445 34974.2773 31600.168
   vertex 40041.1992 34956.6523 31652.2207
   vertex 40000.3203 34993.7305 31505.5664
  endloop
 endfacet
facet normal -0.0336989984 0.966667056 0.253809392
  outer loop
   vertex 40073.1758 34975.8086 31583.5
   vertex 40000.3203 34993.7305 31505.5664
   vertex 40041.1992 34956.6523 31652.2207
  endloop
 endfacet
facet normal 0.0113384789 0.956324577 0.292086899
  outer loop
   vertex 39726.7852 35060.1602 31329.2676
   vertex 39543.4141 34971.582 31626.3984
   vertex 39729.4727 34987.8047 31566.0508
  endloop
 endfacet
facet normal 0.179464042 0.906939447 0.381121308
  outer loop
   vertex 39528.3594 35052.0703 31441.9512
   vertex 39543.4141 34971.582 31626.3984
   vertex 39726.7852 35060.1602 31329.2676
  endloop
 endfacet
facet normal -0.0439366885 0.95528698 0.292397529
  outer loop
   vertex 39729.4727 34987.8047 31566.0508
   vertex 39771.8359 35009.4453 31501.7188
   vertex 39726.7852 35060.1602 31329.2676
  endloop
 endfacet
facet normal 0.244011655 0.965848088 0.0871535912
  outer loop
   vertex 40103.543 34988.168 31441.8027
   vertex 40168.3555 34959.6914 31575.9414
   vertex 40214.9766 34968.9883 31342.3848
  endloop
 endfacet
facet normal 0.387158275 0.91458416 -0.116808854
  outer loop
   vertex 40408.9453 34872.3086 30831.6406
   vertex 40375.043 34902.3633 30954.5703
   vertex 40441.3477 34878.0938 30984.3223
  endloop
 endfacet
facet normal 0.24570933 0.969182789 0.0176525265
  outer loop
   vertex 40348.4141 34934.8164 31361.1094
   vertex 40330.6523 34940.4648 31298.3125
   vertex 40214.9766 34968.9883 31342.3848
  endloop
 endfacet
facet normal 0.362903535 0.928454638 -0.079202041
  outer loop
   vertex 40330.2656 34911.5391 30856.9551
   vertex 40252.3789 34947.9922 30927.416
   vertex 40375.043 34902.3633 30954.5703
  endloop
 endfacet
facet normal 0.416143924 0.903098345 -0.106007569
  outer loop
   vertex 40408.9453 34872.3086 30831.6406
   vertex 40330.2656 34911.5391 30856.9551
   vertex 40375.043 34902.3633 30954.5703
  endloop
 endfacet
facet normal 0.406858087 0.913434267 0.0102169206
  outer loop
   vertex 41309.5977 34551.8789 31345.7617
   vertex 41179.5742 34611.1602 31223.5039
   vertex 41258.3398 34574.2578 31386.2207
  endloop
 endfacet
facet normal 0.210466534 0.975236177 0.0679574534
  outer loop
   vertex 39992.8359 35037.6094 31045.5957
   vertex 40011.9727 35013.4258 31333.3594
   vertex 40214.9766 34968.9883 31342.3848
  endloop
 endfacet
facet normal 0.3600353 0.930862963 -0.0621990561
  outer loop
   vertex 40375.043 34902.3633 30954.5703
   vertex 40252.3789 34947.9922 30927.416
   vertex 40400.7305 34907.9883 31187.4453
  endloop
 endfacet
facet normal 0.305543065 0.952139914 -0.00854542945
  outer loop
   vertex 39992.8359 35037.6094 31045.5957
   vertex 40214.9766 34968.9883 31342.3848
   vertex 40400.7305 34907.9883 31187.4453
  endloop
 endfacet
facet normal 0.312947571 0.949213803 -0.0325112864
  outer loop
   vertex 39992.8359 35037.6094 31045.5957
   vertex 40400.7305 34907.9883 31187.4453
   vertex 40252.3789 34947.9922 30927.416
  endloop
 endfacet
facet normal 0.172348097 0.969364166 -0.175012067
  outer loop
   vertex 40330.6523 34940.4648 31298.3125
   vertex 40400.7305 34907.9883 31187.4453
   vertex 40214.9766 34968.9883 31342.3848
  endloop
 endfacet
facet normal 0.211522028 0.976156771 0.048748102
  outer loop
   vertex 40011.9727 35013.4258 31333.3594
   vertex 40103.543 34988.168 31441.8027
   vertex 40214.9766 34968.9883 31342.3848
  endloop
 endfacet
facet normal 0.347471595 0.93536675 -0.065973267
  outer loop
   vertex 40938.957 34726.875 31370.875
   vertex 40729.3281 34793.8789 31216.7754
   vertex 40823.7812 34774.7969 31443.7109
  endloop
 endfacet
facet normal 0.389569759 0.916553736 -0.090358533
  outer loop
   vertex 40938.957 34726.875 31370.875
   vertex 41074.1523 34666.7812 31344.1758
   vertex 40946.5664 34699.6602 31127.6426
  endloop
 endfacet
facet normal 0.364080906 0.926782489 -0.0923003703
  outer loop
   vertex 40729.3281 34793.8789 31216.7754
   vertex 40938.957 34726.875 31370.875
   vertex 40946.5664 34699.6602 31127.6426
  endloop
 endfacet
facet normal 0.490140766 0.862280309 0.127415568
  outer loop
   vertex 41480.2891 34451.125 31318.0234
   vertex 41607.9062 34389.832 31241.8945
   vertex 41478.6445 34475.8867 31156.7695
  endloop
 endfacet
facet normal 0.351417989 0.929973602 -0.10795594
  outer loop
   vertex 41185.9609 34566.4258 30952.9551
   vertex 41352.2461 34531.7344 31195.3848
   vertex 41364.9375 34497.2734 30939.8535
  endloop
 endfacet
facet normal 0.344577909 0.929876089 -0.128827319
  outer loop
   vertex 41533.1133 34449.7578 31046.707
   vertex 41504.5391 34429.8359 30826.4629
   vertex 41364.9375 34497.2734 30939.8535
  endloop
 endfacet
facet normal 0.282310575 0.941112876 -0.186030328
  outer loop
   vertex 41536.293 34391.3008 30679.7188
   vertex 41504.5391 34429.8359 30826.4629
   vertex 41700.2539 34366.2773 30801.9316
  endloop
 endfacet
facet normal 0.561164856 0.826283634 0.0484707318
  outer loop
   vertex 41388.6602 34496.3828 31376.4648
   vertex 41352.2461 34531.7344 31195.3848
   vertex 41309.5977 34551.8789 31345.7617
  endloop
 endfacet
facet normal 0.417438835 0.908698916 -0.00333209452
  outer loop
   vertex 41179.5742 34611.1602 31223.5039
   vertex 41309.5977 34551.8789 31345.7617
   vertex 41352.2461 34531.7344 31195.3848
  endloop
 endfacet
facet normal 0.300187856 0.93439424 0.191819221
  outer loop
   vertex 42033.9258 34265.7227 31009.1504
   vertex 41914.0234 34317.3672 30945.2246
   vertex 41976.125 34266.4883 31095.875
  endloop
 endfacet
facet normal 0.549272954 0.718829691 0.426125646
  outer loop
   vertex 41048.0469 34650.918 31522.3125
   vertex 41150.2344 34537.4883 31581.9375
   vertex 41183.4336 34598.5195 31436.1914
  endloop
 endfacet
facet normal 0.434978545 0.889028668 0.142904654
  outer loop
   vertex 41048.0469 34650.918 31522.3125
   vertex 41183.4336 34598.5195 31436.1914
   vertex 41074.1523 34666.7812 31344.1758
  endloop
 endfacet
facet normal 0.503528535 0.862950027 0.0421460904
  outer loop
   vertex 41179.5742 34611.1602 31223.5039
   vertex 41074.1523 34666.7812 31344.1758
   vertex 41183.4336 34598.5195 31436.1914
  endloop
 endfacet
facet normal 0.337651879 0.939956367 0.0497320145
  outer loop
   vertex 41258.3398 34574.2578 31386.2207
   vertex 41179.5742 34611.1602 31223.5039
   vertex 41183.4336 34598.5195 31436.1914
  endloop
 endfacet
facet normal 0.49076879 0.758196115 0.429283887
  outer loop
   vertex 41183.4336 34598.5195 31436.1914
   vertex 41150.2344 34537.4883 31581.9375
   vertex 41299.2969 34490.918 31493.7734
  endloop
 endfacet
facet normal 0.479332328 0.874479771 0.0743348673
  outer loop
   vertex 41352.2461 34531.7344 31195.3848
   vertex 41388.6602 34496.3828 31376.4648
   vertex 41480.2891 34451.125 31318.0234
  endloop
 endfacet
facet normal 0.434147418 0.891058207 0.132405832
  outer loop
   vertex 41478.6445 34475.8867 31156.7695
   vertex 41352.2461 34531.7344 31195.3848
   vertex 41480.2891 34451.125 31318.0234
  endloop
 endfacet
facet normal 0.394709736 0.907953262 -0.140801683
  outer loop
   vertex 41179.5742 34611.1602 31223.5039
   vertex 41352.2461 34531.7344 31195.3848
   vertex 41185.9609 34566.4258 30952.9551
  endloop
 endfacet
facet normal 0.388941169 0.910356581 -0.141335249
  outer loop
   vertex 41031.3945 34631.4258 30946.2773
   vertex 41179.5742 34611.1602 31223.5039
   vertex 41185.9609 34566.4258 30952.9551
  endloop
 endfacet
facet normal 0.294101685 0.929657042 0.221905336
  outer loop
   vertex 41814.3867 34345.9375 31046.6992
   vertex 41662.0977 34397.0781 31034.2754
   vertex 41756.7852 34328.0273 31198.0781
  endloop
 endfacet
facet normal 0.310486734 0.922939718 -0.227552682
  outer loop
   vertex 41536.293 34391.3008 30679.7188
   vertex 41700.2539 34366.2773 30801.9316
   vertex 41580.9961 34361.8359 30621.2031
  endloop
 endfacet
facet normal 0.385687023 0.913060725 0.132535249
  outer loop
   vertex 41662.0977 34397.0781 31034.2754
   vertex 41533.1133 34449.7578 31046.707
   vertex 41607.9062 34389.832 31241.8945
  endloop
 endfacet
facet normal 0.0767726228 0.981456578 -0.175638646
  outer loop
   vertex 42720.3281 33842.7578 30039.9043
   vertex 42615.3359 33840.6719 29982.3574
   vertex 42717.8164 33868.3984 30182.0859
  endloop
 endfacet
facet normal 0.229211047 0.958623886 -0.168826804
  outer loop
   vertex 42831.3828 33838.8906 30168.7344
   vertex 42720.3281 33842.7578 30039.9043
   vertex 42717.8164 33868.3984 30182.0859
  endloop
 endfacet
facet normal 0.433829457 0.822076976 0.368756592
  outer loop
   vertex 41388.6602 34496.3828 31376.4648
   vertex 41309.5977 34551.8789 31345.7617
   vertex 41299.2969 34490.918 31493.7734
  endloop
 endfacet
facet normal 0.559965909 0.689957023 0.458691061
  outer loop
   vertex 41388.6602 34496.3828 31376.4648
   vertex 41299.2969 34490.918 31493.7734
   vertex 41432.5625 34400.125 31467.6562
  endloop
 endfacet
facet normal 0.603571177 0.675922453 0.422883689
  outer loop
   vertex 41480.2891 34451.125 31318.0234
   vertex 41388.6602 34496.3828 31376.4648
   vertex 41432.5625 34400.125 31467.6562
  endloop
 endfacet
facet normal 0.593279421 0.334044755 0.732416272
  outer loop
   vertex 41432.5625 34400.125 31467.6562
   vertex 41476.1328 34267.6211 31492.7969
   vertex 41547.0781 34344.3867 31400.3184
  endloop
 endfacet
facet normal 0.585302293 0.692011952 0.422540754
  outer loop
   vertex 41432.5625 34400.125 31467.6562
   vertex 41547.0781 34344.3867 31400.3184
   vertex 41480.2891 34451.125 31318.0234
  endloop
 endfacet
facet normal 0.47705701 0.617462277 0.625425398
  outer loop
   vertex 41809.625 34217.418 31292.8066
   vertex 41900.168 34174.043 31266.5645
   vertex 41887.4766 34273.3594 31178.1914
  endloop
 endfacet
facet normal 0.530726373 0.738613844 0.415667057
  outer loop
   vertex 41547.0781 34344.3867 31400.3184
   vertex 41622.6445 34309.625 31365.5996
   vertex 41607.9062 34389.832 31241.8945
  endloop
 endfacet
facet normal 0.584789753 0.692111909 0.423086375
  outer loop
   vertex 41547.0781 34344.3867 31400.3184
   vertex 41607.9062 34389.832 31241.8945
   vertex 41480.2891 34451.125 31318.0234
  endloop
 endfacet
facet normal 0.374625981 0.485102564 0.790146112
  outer loop
   vertex 39080.5664 34546.293 32308.6191
   vertex 39035.7461 34472.3789 32375.248
   vertex 39139.8008 34408.5156 32365.123
  endloop
 endfacet
facet normal 0.228676349 0.749770641 0.620927632
  outer loop
   vertex 38320.8477 34856.2422 32182.1211
   vertex 38791.7891 34730.9766 32159.9434
   vertex 38500.0039 34880.2109 32087.1973
  endloop
 endfacet
facet normal 0.119012475 0.873997629 0.471130759
  outer loop
   vertex 38322.9609 34988.5898 31930.8711
   vertex 38500.0039 34880.2109 32087.1973
   vertex 38533.0078 34924.5625 31996.5898
  endloop
 endfacet
facet normal 0.506084502 -0.286254883 0.813594878
  outer loop
   vertex 40591.0352 34290.9258 31896.2422
   vertex 40616.582 34336.75 31896.4746
   vertex 40559.1172 34346.75 31935.7363
  endloop
 endfacet
facet normal 0.289298177 -0.28281337 0.914507091
  outer loop
   vertex 40037.707 34246.6172 32134.2812
   vertex 40126.3047 34414.8555 32158.2812
   vertex 39935.707 34378.9336 32207.4668
  endloop
 endfacet
facet normal 0.387447089 -0.327003032 0.861947656
  outer loop
   vertex 40214.1328 34280.0312 32067.6523
   vertex 40126.3047 34414.8555 32158.2812
   vertex 40037.707 34246.6172 32134.2812
  endloop
 endfacet
facet normal 0.44157809 0.553648591 0.706032574
  outer loop
   vertex 40810.5039 34580.625 31792.5293
   vertex 40945.5234 34547.4727 31734.0801
   vertex 40916.8945 34658.6055 31664.8379
  endloop
 endfacet
facet normal 0.555896699 0.372863352 0.742934525
  outer loop
   vertex 41299.2969 34490.918 31493.7734
   vertex 41150.2344 34537.4883 31581.9375
   vertex 41200.5547 34408.6992 31608.9238
  endloop
 endfacet
facet normal 0.371605486 0.574774027 0.729070783
  outer loop
   vertex 41293.8242 34393.2344 31573.5762
   vertex 41299.2969 34490.918 31493.7734
   vertex 41200.5547 34408.6992 31608.9238
  endloop
 endfacet
facet normal 0.344514132 -0.628586173 0.697272837
  outer loop
   vertex 39257.2031 33842.8672 32192.4121
   vertex 39301.293 33740.4336 32078.2852
   vertex 39372.8594 33786.0898 32084.082
  endloop
 endfacet
facet normal 0.407345891 -0.188675135 0.893572032
  outer loop
   vertex 41200.5547 34408.6992 31608.9238
   vertex 41037.1719 34448.1992 31691.7441
   vertex 41071.6875 34282.2461 31640.9688
  endloop
 endfacet
facet normal 0.949819207 -0.0880016908 0.300165206
  outer loop
   vertex 40630.0469 34472.418 31893.6387
   vertex 40616.582 34336.75 31896.4746
   vertex 40642.332 34240.3906 31786.7422
  endloop
 endfacet
facet normal 0.736392796 -0.413241357 0.53568393
  outer loop
   vertex 40591.0352 34290.9258 31896.2422
   vertex 40642.332 34240.3906 31786.7422
   vertex 40616.582 34336.75 31896.4746
  endloop
 endfacet
facet normal 0.559192598 -0.0381962657 0.828157365
  outer loop
   vertex 40616.582 34336.75 31896.4746
   vertex 40630.0469 34472.418 31893.6387
   vertex 40559.1172 34346.75 31935.7363
  endloop
 endfacet
facet normal 0.214604348 -0.479350209 0.850980818
  outer loop
   vertex 40504.8594 34249.0742 31894.3984
   vertex 40591.0352 34290.9258 31896.2422
   vertex 40559.1172 34346.75 31935.7363
  endloop
 endfacet
facet normal 0.256638408 -0.494101107 0.830662906
  outer loop
   vertex 40402.8828 34386.9375 32007.9121
   vertex 40504.8594 34249.0742 31894.3984
   vertex 40559.1172 34346.75 31935.7363
  endloop
 endfacet
facet normal 0.413946927 -0.186511829 0.890988946
  outer loop
   vertex 41037.1719 34448.1992 31691.7441
   vertex 40908.4102 34314.1641 31723.5078
   vertex 41071.6875 34282.2461 31640.9688
  endloop
 endfacet
facet normal 0.381593823 -0.56233865 0.733594894
  outer loop
   vertex 40206.0703 34168.6016 31986.4297
   vertex 40214.1328 34280.0312 32067.6523
   vertex 40097.9023 34135.1797 32017.0762
  endloop
 endfacet
facet normal 0.543857753 0.0490751639 0.837741196
  outer loop
   vertex 40256.2695 34522.3672 32095.1582
   vertex 40402.8828 34386.9375 32007.9121
   vertex 40416.5312 34600.5703 31986.5352
  endloop
 endfacet
facet normal 0.383156925 -0.563103199 0.732192338
  outer loop
   vertex 40037.707 34246.6172 32134.2812
   vertex 40097.9023 34135.1797 32017.0762
   vertex 40214.1328 34280.0312 32067.6523
  endloop
 endfacet
facet normal 0.459270656 -0.544703126 0.701690078
  outer loop
   vertex 40316.6836 34207.6953 31944.3789
   vertex 40214.1328 34280.0312 32067.6523
   vertex 40206.0703 34168.6016 31986.4297
  endloop
 endfacet
facet normal 0.439730346 -0.2158252 0.871812344
  outer loop
   vertex 41037.1719 34448.1992 31691.7441
   vertex 40842.875 34437.1562 31787.0117
   vertex 40908.4102 34314.1641 31723.5078
  endloop
 endfacet
facet normal 0.36531046 -0.373496532 0.852671444
  outer loop
   vertex 40630.0469 34472.418 31893.6387
   vertex 40642.332 34240.3906 31786.7422
   vertex 40842.875 34437.1562 31787.0117
  endloop
 endfacet
facet normal 0.455953985 0.0687484741 0.887344122
  outer loop
   vertex 40630.0469 34472.418 31893.6387
   vertex 40842.875 34437.1562 31787.0117
   vertex 40810.5039 34580.625 31792.5293
  endloop
 endfacet
facet normal 0.26180467 -0.516145587 0.815507233
  outer loop
   vertex 40882.9297 34162.043 31625.4883
   vertex 41062.3008 34089.4062 31521.9336
   vertex 41071.6875 34282.2461 31640.9688
  endloop
 endfacet
facet normal 0.505014598 0.549871683 0.665282965
  outer loop
   vertex 41432.5625 34400.125 31467.6562
   vertex 41299.2969 34490.918 31493.7734
   vertex 41350.8438 34379.2461 31546.9473
  endloop
 endfacet
facet normal 0.25334394 -0.517034113 0.817613959
  outer loop
   vertex 41062.3008 34089.4062 31521.9336
   vertex 41264.1328 34267.9648 31572.3066
   vertex 41071.6875 34282.2461 31640.9688
  endloop
 endfacet
facet normal 0.460737675 0.545876741 0.699813843
  outer loop
   vertex 41299.2969 34490.918 31493.7734
   vertex 41293.8242 34393.2344 31573.5762
   vertex 41350.8438 34379.2461 31546.9473
  endloop
 endfacet
facet normal 0.0368824489 -0.729954422 0.682500005
  outer loop
   vertex 40682.957 34047.0469 31513.3066
   vertex 40870.5898 34019.7344 31473.9531
   vertex 40882.9297 34162.043 31625.4883
  endloop
 endfacet
facet normal 0.617854595 0.31601274 0.719994247
  outer loop
   vertex 41432.5625 34400.125 31467.6562
   vertex 41350.8438 34379.2461 31546.9473
   vertex 41393.7812 34309.7852 31540.5879
  endloop
 endfacet
facet normal 0.595230699 0.334358424 0.730687916
  outer loop
   vertex 41432.5625 34400.125 31467.6562
   vertex 41393.7812 34309.7852 31540.5879
   vertex 41476.1328 34267.6211 31492.7969
  endloop
 endfacet
facet normal 0.446320832 -0.13157323 0.885147572
  outer loop
   vertex 41380.0742 34206.7578 31532.1855
   vertex 41476.1328 34267.6211 31492.7969
   vertex 41393.7812 34309.7852 31540.5879
  endloop
 endfacet
facet normal 0.299726576 -0.306722105 0.903374493
  outer loop
   vertex 40842.875 34437.1562 31787.0117
   vertex 40642.332 34240.3906 31786.7422
   vertex 40908.4102 34314.1641 31723.5078
  endloop
 endfacet
facet normal 0.328133464 -0.0962588191 0.939714134
  outer loop
   vertex 41264.1328 34267.9648 31572.3066
   vertex 41200.5547 34408.6992 31608.9238
   vertex 41071.6875 34282.2461 31640.9688
  endloop
 endfacet
facet normal 0.131272316 -0.403808683 0.905376256
  outer loop
   vertex 41062.3008 34089.4062 31521.9336
   vertex 41267.7305 34057.2617 31477.8086
   vertex 41264.1328 34267.9648 31572.3066
  endloop
 endfacet
facet normal 0.10020265 -0.405732125 0.90848273
  outer loop
   vertex 41380.0742 34206.7578 31532.1855
   vertex 41264.1328 34267.9648 31572.3066
   vertex 41267.7305 34057.2617 31477.8086
  endloop
 endfacet
facet normal 0.399800479 -0.103981741 0.910685122
  outer loop
   vertex 41350.8438 34379.2461 31546.9473
   vertex 41293.8242 34393.2344 31573.5762
   vertex 41264.1328 34267.9648 31572.3066
  endloop
 endfacet
facet normal 0.270636886 -0.113974124 0.955910861
  outer loop
   vertex 41380.0742 34206.7578 31532.1855
   vertex 41393.7812 34309.7852 31540.5879
   vertex 41264.1328 34267.9648 31572.3066
  endloop
 endfacet
facet normal 0.222592592 0.048458688 0.973706484
  outer loop
   vertex 41393.7812 34309.7852 31540.5879
   vertex 41350.8438 34379.2461 31546.9473
   vertex 41264.1328 34267.9648 31572.3066
  endloop
 endfacet
facet normal 0.339861274 -0.0900345743 0.936156034
  outer loop
   vertex 41200.5547 34408.6992 31608.9238
   vertex 41264.1328 34267.9648 31572.3066
   vertex 41293.8242 34393.2344 31573.5762
  endloop
 endfacet
facet normal 0.28756392 -0.552338839 0.782450497
  outer loop
   vertex 40882.9297 34162.043 31625.4883
   vertex 41071.6875 34282.2461 31640.9688
   vertex 40908.4102 34314.1641 31723.5078
  endloop
 endfacet
facet normal 0.503917575 -0.493579865 0.708834231
  outer loop
   vertex 40316.6836 34207.6953 31944.3789
   vertex 40402.8828 34386.9375 32007.9121
   vertex 40214.1328 34280.0312 32067.6523
  endloop
 endfacet
facet normal 0.475144029 -0.401295334 0.783071041
  outer loop
   vertex 40402.8828 34386.9375 32007.9121
   vertex 40258.4141 34404.0547 32104.3438
   vertex 40214.1328 34280.0312 32067.6523
  endloop
 endfacet
facet normal 0.104026601 0.798100352 0.593476415
  outer loop
   vertex 39184.6328 34661.4414 32161.8652
   vertex 39361.9766 34677.9258 32108.6113
   vertex 39248.418 34864.8945 31877.082
  endloop
 endfacet
facet normal 0.0448452495 0.78785336 0.614227951
  outer loop
   vertex 39584.9883 34702.1992 32061.1973
   vertex 39248.418 34864.8945 31877.082
   vertex 39361.9766 34677.9258 32108.6113
  endloop
 endfacet
facet normal 0.131731912 -0.800056696 0.585282862
  outer loop
   vertex 40682.957 34047.0469 31513.3066
   vertex 40882.9297 34162.043 31625.4883
   vertex 40642.332 34240.3906 31786.7422
  endloop
 endfacet
facet normal -0.0347717032 -0.940088153 -0.339153618
  outer loop
   vertex 39596.2539 33979.1836 31026.7168
   vertex 39328.3086 33958.8359 31110.5879
   vertex 39443.8438 33990.3242 31011.4648
  endloop
 endfacet
facet normal 0.38427487 0.699546874 0.602467418
  outer loop
   vertex 41756.7852 34328.0273 31198.0781
   vertex 41809.625 34217.418 31292.8066
   vertex 41887.4766 34273.3594 31178.1914
  endloop
 endfacet
facet normal 0.499651015 0.688681126 0.525420964
  outer loop
   vertex 41809.625 34217.418 31292.8066
   vertex 41756.7852 34328.0273 31198.0781
   vertex 41695.9023 34270.8711 31330.8848
  endloop
 endfacet
facet normal 0.509785712 0.267020494 0.817813277
  outer loop
   vertex 41831.5859 34071.3867 31326.7969
   vertex 41809.625 34217.418 31292.8066
   vertex 41722.1289 34130.9375 31375.584
  endloop
 endfacet
facet normal 0.414687037 -0.144176736 0.898469627
  outer loop
   vertex 41443.3984 34120.5234 31484.2988
   vertex 41589.2578 34190.168 31428.1543
   vertex 41476.1328 34267.6211 31492.7969
  endloop
 endfacet
facet normal 0.404231131 -0.115089662 0.907387197
  outer loop
   vertex 41443.3984 34120.5234 31484.2988
   vertex 41510.207 34034.3438 31443.6055
   vertex 41589.2578 34190.168 31428.1543
  endloop
 endfacet
facet normal 0.453539282 0.724139273 0.519542515
  outer loop
   vertex 41607.9062 34389.832 31241.8945
   vertex 41695.9023 34270.8711 31330.8848
   vertex 41756.7852 34328.0273 31198.0781
  endloop
 endfacet
facet normal 0.56925106 0.719153881 0.398460776
  outer loop
   vertex 41607.9062 34389.832 31241.8945
   vertex 41622.6445 34309.625 31365.5996
   vertex 41695.9023 34270.8711 31330.8848
  endloop
 endfacet
facet normal 0.440383285 0.347021461 0.82803303
  outer loop
   vertex 41695.9023 34270.8711 31330.8848
   vertex 41722.1289 34130.9375 31375.584
   vertex 41809.625 34217.418 31292.8066
  endloop
 endfacet
facet normal 0.50884825 0.332654774 0.79398632
  outer loop
   vertex 41941.9805 34080.3594 31266.7891
   vertex 42021.3906 34094.4883 31209.9746
   vertex 41977.3438 34185.2773 31200.168
  endloop
 endfacet
facet normal 0.474773556 0.347287923 0.808691025
  outer loop
   vertex 41589.2578 34190.168 31428.1543
   vertex 41722.1289 34130.9375 31375.584
   vertex 41695.9023 34270.8711 31330.8848
  endloop
 endfacet
facet normal 0.604620159 0.271653831 0.748758078
  outer loop
   vertex 41900.168 34174.043 31266.5645
   vertex 41941.9805 34080.3594 31266.7891
   vertex 41977.3438 34185.2773 31200.168
  endloop
 endfacet
facet normal 0.340365529 -0.0687917843 0.937773407
  outer loop
   vertex 41615.5977 34000.6094 31404.6895
   vertex 41722.1289 34130.9375 31375.584
   vertex 41589.2578 34190.168 31428.1543
  endloop
 endfacet
facet normal 0.325290591 -0.0715217367 0.942905426
  outer loop
   vertex 41615.5977 34000.6094 31404.6895
   vertex 41589.2578 34190.168 31428.1543
   vertex 41510.207 34034.3438 31443.6055
  endloop
 endfacet
facet normal 0.5264346 0.274280548 0.804758847
  outer loop
   vertex 41695.9023 34270.8711 31330.8848
   vertex 41622.6445 34309.625 31365.5996
   vertex 41589.2578 34190.168 31428.1543
  endloop
 endfacet
facet normal 0.50536263 0.285221636 0.814406037
  outer loop
   vertex 41622.6445 34309.625 31365.5996
   vertex 41547.0781 34344.3867 31400.3184
   vertex 41589.2578 34190.168 31428.1543
  endloop
 endfacet
facet normal 0.619900167 0.300393254 0.724905312
  outer loop
   vertex 41547.0781 34344.3867 31400.3184
   vertex 41476.1328 34267.6211 31492.7969
   vertex 41589.2578 34190.168 31428.1543
  endloop
 endfacet
facet normal 0.455759436 0.623486817 0.635253906
  outer loop
   vertex 41887.4766 34273.3594 31178.1914
   vertex 41900.168 34174.043 31266.5645
   vertex 41977.3438 34185.2773 31200.168
  endloop
 endfacet
facet normal 0.447061956 0.348621458 0.823771
  outer loop
   vertex 42148.6289 34073.2422 31114.7559
   vertex 42076.6719 34169.7227 31112.9727
   vertex 42076.207 34030.0195 31172.3496
  endloop
 endfacet
facet normal 0.736582696 0.262473375 0.623340666
  outer loop
   vertex 42021.3906 34094.4883 31209.9746
   vertex 42076.207 34030.0195 31172.3496
   vertex 42076.6719 34169.7227 31112.9727
  endloop
 endfacet
facet normal 0.64247936 0.383395284 0.663497031
  outer loop
   vertex 42021.3906 34094.4883 31209.9746
   vertex 42076.6719 34169.7227 31112.9727
   vertex 41977.3438 34185.2773 31200.168
  endloop
 endfacet
facet normal 0.615222752 0.651361883 0.444104314
  outer loop
   vertex 42181.707 34145.2812 31040.1836
   vertex 42261.1797 34111.7109 30979.3301
   vertex 42203.793 34199.4258 30930.1758
  endloop
 endfacet
facet normal 0.300067186 0.862954617 -0.406532973
  outer loop
   vertex 41482.3945 34326.9961 30474.4668
   vertex 41497.168 34373.1289 30583.3027
   vertex 41580.9961 34361.8359 30621.2031
  endloop
 endfacet
facet normal 0.229741827 0.900881529 -0.368281364
  outer loop
   vertex 41482.3945 34326.9961 30474.4668
   vertex 41580.9961 34361.8359 30621.2031
   vertex 41662.4375 34314.6758 30556.6445
  endloop
 endfacet
facet normal 0.166165829 0.889720857 -0.425189078
  outer loop
   vertex 41297.9531 34286.5859 30317.8301
   vertex 41372.4375 34386.3086 30555.6113
   vertex 41482.3945 34326.9961 30474.4668
  endloop
 endfacet
facet normal 0.223647892 0.885826945 -0.406561434
  outer loop
   vertex 41800.6211 34249.2344 30472.5273
   vertex 41675.0117 34255.3867 30416.8301
   vertex 41759.9688 34286.7891 30531.9844
  endloop
 endfacet
facet normal 0.191074252 0.911488354 -0.36425215
  outer loop
   vertex 42160.3789 34150.5195 30454.1367
   vertex 42042.4297 34110.5156 30292.1582
   vertex 41950.9258 34183.6289 30427.1191
  endloop
 endfacet
facet normal 0.187612861 0.930776715 -0.313777268
  outer loop
   vertex 42168.7812 34191.4766 30580.6562
   vertex 42160.3789 34150.5195 30454.1367
   vertex 41950.9258 34183.6289 30427.1191
  endloop
 endfacet
facet normal 0.405972898 0.876651585 0.25820154
  outer loop
   vertex 41887.4766 34273.3594 31178.1914
   vertex 41814.3867 34345.9375 31046.6992
   vertex 41756.7852 34328.0273 31198.0781
  endloop
 endfacet
facet normal 0.652308226 0.657640338 0.376833171
  outer loop
   vertex 42331.6367 34077.6172 30916.8652
   vertex 42274.3086 34163.7266 30865.8262
   vertex 42261.1797 34111.7109 30979.3301
  endloop
 endfacet
facet normal 0.736759961 0.632374644 0.239347145
  outer loop
   vertex 42343.7148 34110.7344 30792.1895
   vertex 42274.3086 34163.7266 30865.8262
   vertex 42331.6367 34077.6172 30916.8652
  endloop
 endfacet
facet normal 0.633856714 0.730088949 0.255334705
  outer loop
   vertex 42343.7148 34110.7344 30792.1895
   vertex 42331.6367 34077.6172 30916.8652
   vertex 42376.5391 34051.9414 30878.8164
  endloop
 endfacet
facet normal 0.467214108 0.736711562 0.488842547
  outer loop
   vertex 42120.2773 34230.4297 30979.8105
   vertex 42033.9258 34265.7227 31009.1504
   vertex 42076.6719 34169.7227 31112.9727
  endloop
 endfacet
facet normal 0.139598414 0.964744091 -0.223116755
  outer loop
   vertex 41372.4375 34386.3086 30555.6113
   vertex 41504.5391 34429.8359 30826.4629
   vertex 41536.293 34391.3008 30679.7188
  endloop
 endfacet
facet normal 0.184481367 0.895646572 -0.404702157
  outer loop
   vertex 41482.3945 34326.9961 30474.4668
   vertex 41372.4375 34386.3086 30555.6113
   vertex 41497.168 34373.1289 30583.3027
  endloop
 endfacet
facet normal 0.666872561 0.645203531 0.372818202
  outer loop
   vertex 42274.3086 34163.7266 30865.8262
   vertex 42203.793 34199.4258 30930.1758
   vertex 42261.1797 34111.7109 30979.3301
  endloop
 endfacet
facet normal 0.286830276 0.933453441 -0.215390429
  outer loop
   vertex 41129.4688 34507.5078 30670.6367
   vertex 41364.9375 34497.2734 30939.8535
   vertex 41318.0156 34457.5234 30705.0859
  endloop
 endfacet
facet normal 0.329602808 0.899880826 -0.285615981
  outer loop
   vertex 40844.3281 34621.3516 30647.7637
   vertex 40870.7148 34675.1328 30847.668
   vertex 40945.7031 34629.5156 30790.4785
  endloop
 endfacet
facet normal 0.272754729 0.903331876 -0.331053406
  outer loop
   vertex 41372.4375 34386.3086 30555.6113
   vertex 41196.875 34431.7617 30534.9922
   vertex 41318.0156 34457.5234 30705.0859
  endloop
 endfacet
facet normal 0.171843126 0.899768591 0.401106507
  outer loop
   vertex 41814.3867 34345.9375 31046.6992
   vertex 41887.4766 34273.3594 31178.1914
   vertex 41908.4258 34315.2148 31075.3223
  endloop
 endfacet
facet normal 0.535325766 0.710292101 0.457068324
  outer loop
   vertex 42203.793 34199.4258 30930.1758
   vertex 42120.2773 34230.4297 30979.8105
   vertex 42181.707 34145.2812 31040.1836
  endloop
 endfacet
facet normal 0.618949711 0.785217047 0.0183136687
  outer loop
   vertex 42274.3086 34163.7266 30865.8262
   vertex 42343.7148 34110.7344 30792.1895
   vertex 42245.6914 34189.5625 30725.2207
  endloop
 endfacet
facet normal 0.521543741 0.846301913 0.108467713
  outer loop
   vertex 42203.793 34199.4258 30930.1758
   vertex 42186.9375 34226.4141 30800.6523
   vertex 42131.9297 34251.7812 30867.2207
  endloop
 endfacet
facet normal 0.302473754 0.952723444 0.0287685357
  outer loop
   vertex 41814.3867 34345.9375 31046.6992
   vertex 41908.4258 34315.2148 31075.3223
   vertex 41914.0234 34317.3672 30945.2246
  endloop
 endfacet
facet normal 0.244033918 0.969196379 -0.0332534201
  outer loop
   vertex 41700.2539 34366.2773 30801.9316
   vertex 41814.3867 34345.9375 31046.6992
   vertex 41914.0234 34317.3672 30945.2246
  endloop
 endfacet
facet normal 0.405008048 0.908989906 0.0985181332
  outer loop
   vertex 42031.7773 34281.5977 30871.5332
   vertex 42033.9258 34265.7227 31009.1504
   vertex 42120.2773 34230.4297 30979.8105
  endloop
 endfacet
facet normal 0.354426175 0.880801141 -0.31396091
  outer loop
   vertex 41759.9688 34286.7891 30531.9844
   vertex 41868.7188 34292.1953 30669.9238
   vertex 41800.6211 34249.2344 30472.5273
  endloop
 endfacet
facet normal 0.564359069 0.824714065 0.0366812609
  outer loop
   vertex 42245.6914 34189.5625 30725.2207
   vertex 42186.9375 34226.4141 30800.6523
   vertex 42274.3086 34163.7266 30865.8262
  endloop
 endfacet
facet normal 0.447980613 0.868758976 0.211118907
  outer loop
   vertex 42120.2773 34230.4297 30979.8105
   vertex 42203.793 34199.4258 30930.1758
   vertex 42131.9297 34251.7812 30867.2207
  endloop
 endfacet
facet normal 0.279223204 0.95389539 -0.110081665
  outer loop
   vertex 42061.418 34255.4805 30720.4336
   vertex 42031.7773 34281.5977 30871.5332
   vertex 42131.9297 34251.7812 30867.2207
  endloop
 endfacet
facet normal 0.322806835 0.943714559 -0.0721011162
  outer loop
   vertex 41814.3867 34345.9375 31046.6992
   vertex 41700.2539 34366.2773 30801.9316
   vertex 41662.0977 34397.0781 31034.2754
  endloop
 endfacet
facet normal 0.217142403 0.96813935 -0.124721058
  outer loop
   vertex 41868.7188 34292.1953 30669.9238
   vertex 42031.7773 34281.5977 30871.5332
   vertex 42061.418 34255.4805 30720.4336
  endloop
 endfacet
facet normal 0.167637557 0.941087604 -0.293686569
  outer loop
   vertex 41950.9258 34183.6289 30427.1191
   vertex 42061.418 34255.4805 30720.4336
   vertex 42134.6875 34222.332 30656.0293
  endloop
 endfacet
facet normal 0.394950509 0.83292824 -0.387614012
  outer loop
   vertex 42207.2773 34027.5508 30226.9492
   vertex 42153.582 34093.4609 30313.8672
   vertex 42287.2969 34104.0508 30472.873
  endloop
 endfacet
facet normal 0.367114693 0.855274618 -0.365694106
  outer loop
   vertex 42160.3789 34150.5195 30454.1367
   vertex 42287.2969 34104.0508 30472.873
   vertex 42153.582 34093.4609 30313.8672
  endloop
 endfacet
facet normal 0.211965814 0.901620984 -0.377028048
  outer loop
   vertex 42160.3789 34150.5195 30454.1367
   vertex 42153.582 34093.4609 30313.8672
   vertex 42042.4297 34110.5156 30292.1582
  endloop
 endfacet
facet normal 0.836396217 0.339546233 -0.430290252
  outer loop
   vertex 42338.5781 34121.0391 30585.9609
   vertex 42391.2344 34065.9531 30644.8418
   vertex 42287.2969 34104.0508 30472.873
  endloop
 endfacet
facet normal 0.306278259 0.911125898 -0.275759369
  outer loop
   vertex 42289.6055 34146.2148 30614.752
   vertex 42338.5781 34121.0391 30585.9609
   vertex 42287.2969 34104.0508 30472.873
  endloop
 endfacet
facet normal 0.365944833 0.890432537 -0.270581394
  outer loop
   vertex 42160.3789 34150.5195 30454.1367
   vertex 42289.6055 34146.2148 30614.752
   vertex 42287.2969 34104.0508 30472.873
  endloop
 endfacet
facet normal 0.550405383 0.66184032 0.508941293
  outer loop
   vertex 41977.3438 34185.2773 31200.168
   vertex 42076.6719 34169.7227 31112.9727
   vertex 41976.125 34266.4883 31095.875
  endloop
 endfacet
facet normal 0.601403832 0.694643557 0.394694477
  outer loop
   vertex 42033.9258 34265.7227 31009.1504
   vertex 41976.125 34266.4883 31095.875
   vertex 42076.6719 34169.7227 31112.9727
  endloop
 endfacet
facet normal 0.57605356 0.816514611 0.0382902734
  outer loop
   vertex 41914.0234 34317.3672 30945.2246
   vertex 41908.4258 34315.2148 31075.3223
   vertex 41976.125 34266.4883 31095.875
  endloop
 endfacet
facet normal 0.445727229 0.793805063 0.413764089
  outer loop
   vertex 41887.4766 34273.3594 31178.1914
   vertex 41976.125 34266.4883 31095.875
   vertex 41908.4258 34315.2148 31075.3223
  endloop
 endfacet
facet normal 0.531630516 0.671265304 0.516499639
  outer loop
   vertex 41887.4766 34273.3594 31178.1914
   vertex 41977.3438 34185.2773 31200.168
   vertex 41976.125 34266.4883 31095.875
  endloop
 endfacet
facet normal 0.414430857 0.899316788 0.139557838
  outer loop
   vertex 41607.9062 34389.832 31241.8945
   vertex 41756.7852 34328.0273 31198.0781
   vertex 41662.0977 34397.0781 31034.2754
  endloop
 endfacet
facet normal 0.346045345 0.928069949 -0.137618259
  outer loop
   vertex 40946.5664 34699.6602 31127.6426
   vertex 40724.5234 34751.75 30920.5723
   vertex 40729.3281 34793.8789 31216.7754
  endloop
 endfacet
facet normal 0.364043087 0.922172308 -0.130655676
  outer loop
   vertex 41533.1133 34449.7578 31046.707
   vertex 41662.0977 34397.0781 31034.2754
   vertex 41504.5391 34429.8359 30826.4629
  endloop
 endfacet
facet normal 0.3747105 0.921107948 -0.105603687
  outer loop
   vertex 41352.2461 34531.7344 31195.3848
   vertex 41478.6445 34475.8867 31156.7695
   vertex 41364.9375 34497.2734 30939.8535
  endloop
 endfacet
facet normal 0.312347531 0.94736129 -0.0703253672
  outer loop
   vertex 41478.6445 34475.8867 31156.7695
   vertex 41533.1133 34449.7578 31046.707
   vertex 41364.9375 34497.2734 30939.8535
  endloop
 endfacet
facet normal 0.27835393 0.936294377 -0.21417731
  outer loop
   vertex 41364.9375 34497.2734 30939.8535
   vertex 41504.5391 34429.8359 30826.4629
   vertex 41318.0156 34457.5234 30705.0859
  endloop
 endfacet
facet normal 0.166967332 0.913026154 -0.372162849
  outer loop
   vertex 41759.9688 34286.7891 30531.9844
   vertex 41675.0117 34255.3867 30416.8301
   vertex 41662.4375 34314.6758 30556.6445
  endloop
 endfacet
facet normal 0.299109638 0.888654947 -0.347600132
  outer loop
   vertex 41318.0156 34457.5234 30705.0859
   vertex 41196.875 34431.7617 30534.9922
   vertex 41129.4688 34507.5078 30670.6367
  endloop
 endfacet
facet normal 0.249964729 0.927986085 -0.27633208
  outer loop
   vertex 41536.293 34391.3008 30679.7188
   vertex 41580.9961 34361.8359 30621.2031
   vertex 41497.168 34373.1289 30583.3027
  endloop
 endfacet
facet normal 0.155203402 0.957421601 -0.243425116
  outer loop
   vertex 41372.4375 34386.3086 30555.6113
   vertex 41536.293 34391.3008 30679.7188
   vertex 41497.168 34373.1289 30583.3027
  endloop
 endfacet
facet normal 0.390593231 0.882399857 -0.262311727
  outer loop
   vertex 41010.0938 34577.0938 30726.9688
   vertex 41185.9609 34566.4258 30952.9551
   vertex 41129.4688 34507.5078 30670.6367
  endloop
 endfacet
facet normal 0.332051367 0.907881796 -0.255915046
  outer loop
   vertex 41364.9375 34497.2734 30939.8535
   vertex 41129.4688 34507.5078 30670.6367
   vertex 41185.9609 34566.4258 30952.9551
  endloop
 endfacet
facet normal 0.366549104 0.877999663 -0.307828367
  outer loop
   vertex 41129.4688 34507.5078 30670.6367
   vertex 41012.6367 34538.5234 30619.9863
   vertex 41010.0938 34577.0938 30726.9688
  endloop
 endfacet
facet normal 0.21927245 0.952746093 -0.210224882
  outer loop
   vertex 41868.7188 34292.1953 30669.9238
   vertex 41759.9688 34286.7891 30531.9844
   vertex 41662.4375 34314.6758 30556.6445
  endloop
 endfacet
facet normal 0.231572375 0.944175005 -0.234324172
  outer loop
   vertex 41700.2539 34366.2773 30801.9316
   vertex 41868.7188 34292.1953 30669.9238
   vertex 41662.4375 34314.6758 30556.6445
  endloop
 endfacet
facet normal 0.307077348 0.941823304 -0.136646852
  outer loop
   vertex 41700.2539 34366.2773 30801.9316
   vertex 41914.0234 34317.3672 30945.2246
   vertex 41868.7188 34292.1953 30669.9238
  endloop
 endfacet
facet normal 0.334528565 0.910487592 -0.243111148
  outer loop
   vertex 41580.9961 34361.8359 30621.2031
   vertex 41700.2539 34366.2773 30801.9316
   vertex 41662.4375 34314.6758 30556.6445
  endloop
 endfacet
facet normal 0.379665405 0.915026903 -0.136308461
  outer loop
   vertex 40724.5234 34751.75 30920.5723
   vertex 40545.4648 34833.8086 30972.6875
   vertex 40729.3281 34793.8789 31216.7754
  endloop
 endfacet
facet normal -0.105413586 -0.966619074 -0.23352842
  outer loop
   vertex 38619.0039 33948.0664 31205.3105
   vertex 38838.5039 33888.1719 31354.1504
   vertex 38638.7773 33896.2891 31410.709
  endloop
 endfacet
facet normal -0.0106274551 -0.948928416 -0.315312445
  outer loop
   vertex 38970.0352 34034.0781 30896.2285
   vertex 39272.0586 34042.5156 30860.6484
   vertex 39328.3086 33958.8359 31110.5879
  endloop
 endfacet
facet normal -0.0156551935 -0.947544515 -0.319240242
  outer loop
   vertex 39443.8438 33990.3242 31011.4648
   vertex 39328.3086 33958.8359 31110.5879
   vertex 39387.5625 34008.0273 30961.6758
  endloop
 endfacet
facet normal 0.355390191 0.904060781 -0.237427816
  outer loop
   vertex 40870.7148 34675.1328 30847.668
   vertex 40687.1562 34698.207 30660.7617
   vertex 40724.5234 34751.75 30920.5723
  endloop
 endfacet
facet normal 0.401543379 0.869710863 -0.286994755
  outer loop
   vertex 40870.7148 34675.1328 30847.668
   vertex 40844.3281 34621.3516 30647.7637
   vertex 40687.1562 34698.207 30660.7617
  endloop
 endfacet
facet normal 0.400909394 0.863541245 -0.3058891
  outer loop
   vertex 40495.5039 34717.7812 30464.8379
   vertex 40515.4062 34793.6875 30705.209
   vertex 40687.1562 34698.207 30660.7617
  endloop
 endfacet
facet normal 0.464982212 0.802116334 -0.374701142
  outer loop
   vertex 40495.5039 34717.7812 30464.8379
   vertex 40687.1562 34698.207 30660.7617
   vertex 40636.6172 34611.5898 30412.6309
  endloop
 endfacet
facet normal -0.231598049 -0.971253335 -0.0550390147
  outer loop
   vertex 39784.0352 33996.9531 30595.6387
   vertex 39903.1016 33948.6367 30947.2617
   vertex 39602.8828 34032.9062 30723.4336
  endloop
 endfacet
facet normal -0.0623046495 -0.954337656 -0.292160422
  outer loop
   vertex 38838.5039 33888.1719 31354.1504
   vertex 38619.0039 33948.0664 31205.3105
   vertex 38841.7539 33965.3398 31101.3828
  endloop
 endfacet
facet normal -0.110314891 -0.972790778 -0.20373705
  outer loop
   vertex 39500.8203 34031.4531 30828.8184
   vertex 39596.2539 33979.1836 31026.7168
   vertex 39432.2578 34027.2969 30885.791
  endloop
 endfacet
facet normal -0.0236870535 -0.94769299 -0.318303108
  outer loop
   vertex 39044.2227 33923.2422 31211.6602
   vertex 38841.7539 33965.3398 31101.3828
   vertex 38954.9414 33976.0508 31061.0781
  endloop
 endfacet
facet normal -0.0395172164 -0.955530763 -0.292231709
  outer loop
   vertex 38841.7539 33965.3398 31101.3828
   vertex 39044.2227 33923.2422 31211.6602
   vertex 38838.5039 33888.1719 31354.1504
  endloop
 endfacet
facet normal -0.141732961 -0.960213006 -0.240629867
  outer loop
   vertex 39379.9688 34081.0312 30702.1699
   vertex 39500.8203 34031.4531 30828.8184
   vertex 39432.2578 34027.2969 30885.791
  endloop
 endfacet
facet normal -0.0485223532 -0.960913301 -0.272564054
  outer loop
   vertex 39432.2578 34027.2969 30885.791
   vertex 39387.5625 34008.0273 30961.6758
   vertex 39272.0586 34042.5156 30860.6484
  endloop
 endfacet
facet normal -0.0494448692 -0.962284029 -0.267515779
  outer loop
   vertex 39432.2578 34027.2969 30885.791
   vertex 39272.0586 34042.5156 30860.6484
   vertex 39379.9688 34081.0312 30702.1699
  endloop
 endfacet
facet normal -0.292233825 -0.489792615 -0.821402848
  outer loop
   vertex 39434.0508 34347.8711 30180.3926
   vertex 39221.3281 34387.3242 30232.5488
   vertex 39353.75 34482.4648 30128.707
  endloop
 endfacet
facet normal -0.612176061 -0.574067414 -0.543771148
  outer loop
   vertex 39422.4727 34417.9102 30119.4863
   vertex 39434.0508 34347.8711 30180.3926
   vertex 39353.75 34482.4648 30128.707
  endloop
 endfacet
facet normal -0.216943488 -0.0993494466 -0.97111547
  outer loop
   vertex 39353.75 34482.4648 30128.707
   vertex 39302.2617 34658.7617 30122.1719
   vertex 39483.0703 34590.8945 30088.7246
  endloop
 endfacet
facet normal -0.0699509829 0.302020609 -0.950731516
  outer loop
   vertex 40255.4609 34316.9688 29958.5938
   vertex 40133.2578 34170.7734 29921.1445
   vertex 40072.7266 34316.3242 29971.834
  endloop
 endfacet
facet normal 0.0765569434 -0.647038698 -0.75860393
  outer loop
   vertex 39505.668 34447.2188 30102.8828
   vertex 39434.0508 34347.8711 30180.3926
   vertex 39422.4727 34417.9102 30119.4863
  endloop
 endfacet
facet normal -0.252212793 -0.475651205 -0.842700779
  outer loop
   vertex 39434.0508 34347.8711 30180.3926
   vertex 39505.668 34447.2188 30102.8828
   vertex 39685.25 34320.5078 30120.6562
  endloop
 endfacet
facet normal -0.236014277 -0.703764617 -0.670084059
  outer loop
   vertex 39434.0508 34347.8711 30180.3926
   vertex 39685.25 34320.5078 30120.6562
   vertex 39568.8281 34178.5273 30310.7793
  endloop
 endfacet
facet normal 0.0549756549 -0.627928436 -0.776326954
  outer loop
   vertex 39078.1094 34269.125 30399.1641
   vertex 38716.9453 34337.9492 30317.918
   vertex 39011.2344 34442.5 30254.1914
  endloop
 endfacet
facet normal -0.0448568203 0.15622054 -0.986703098
  outer loop
   vertex 39599.0977 34695.1992 30099.9629
   vertex 39483.0703 34590.8945 30088.7246
   vertex 39464.3594 34723.2266 30110.5254
  endloop
 endfacet
facet normal -0.127635822 0.143637121 -0.981365085
  outer loop
   vertex 39483.0703 34590.8945 30088.7246
   vertex 39302.2617 34658.7617 30122.1719
   vertex 39464.3594 34723.2266 30110.5254
  endloop
 endfacet
facet normal -0.248984918 -0.675982058 -0.693581164
  outer loop
   vertex 39221.3281 34387.3242 30232.5488
   vertex 39078.1094 34269.125 30399.1641
   vertex 39011.2344 34442.5 30254.1914
  endloop
 endfacet
facet normal -0.134245962 -0.212129876 -0.967976749
  outer loop
   vertex 38716.9453 34337.9492 30317.918
   vertex 38903.543 34660.0586 30221.4512
   vertex 39011.2344 34442.5 30254.1914
  endloop
 endfacet
facet normal -0.0399273522 -0.842910051 -0.536570966
  outer loop
   vertex 39078.1094 34269.125 30399.1641
   vertex 38869.8789 34178.9883 30556.252
   vertex 38716.9453 34337.9492 30317.918
  endloop
 endfacet
facet normal 0.210938796 -0.745320678 -0.632457018
  outer loop
   vertex 38869.8789 34178.9883 30556.252
   vertex 38648.0859 34189.3125 30470.1152
   vertex 38716.9453 34337.9492 30317.918
  endloop
 endfacet
facet normal -0.142238393 0.150421843 -0.978336096
  outer loop
   vertex 38903.543 34660.0586 30221.4512
   vertex 38640.8672 34838.3164 30287.0488
   vertex 38854.5039 34827.7422 30254.3613
  endloop
 endfacet
facet normal 0.381405056 -0.747362912 -0.544039428
  outer loop
   vertex 38508.9336 34201.2891 30359.8223
   vertex 38467.5742 34245.2852 30270.3887
   vertex 38716.9453 34337.9492 30317.918
  endloop
 endfacet
facet normal -0.202210873 0.342713863 -0.917419195
  outer loop
   vertex 39363.0664 34837.832 30175.6641
   vertex 39464.3594 34723.2266 30110.5254
   vertex 39302.2617 34658.7617 30122.1719
  endloop
 endfacet
facet normal -0.106328227 -0.247796685 -0.962959588
  outer loop
   vertex 39147.4453 34562.6875 30163.9902
   vertex 39170.4375 34660.6055 30136.2539
   vertex 39302.2617 34658.7617 30122.1719
  endloop
 endfacet
facet normal -0.203824148 -0.0956369862 -0.974325061
  outer loop
   vertex 39353.75 34482.4648 30128.707
   vertex 39147.4453 34562.6875 30163.9902
   vertex 39302.2617 34658.7617 30122.1719
  endloop
 endfacet
facet normal -0.0163922459 -0.161634773 -0.986714482
  outer loop
   vertex 39685.25 34320.5078 30120.6562
   vertex 39505.668 34447.2188 30102.8828
   vertex 39698.0586 34556.5312 30081.7812
  endloop
 endfacet
facet normal -0.253324181 -0.143819749 -0.956630945
  outer loop
   vertex 39931.9688 34437.0352 30037.8047
   vertex 39685.25 34320.5078 30120.6562
   vertex 39698.0586 34556.5312 30081.7812
  endloop
 endfacet
facet normal -0.0357740745 0.336480618 -0.941010654
  outer loop
   vertex 39698.0586 34556.5312 30081.7812
   vertex 39776.4766 34770.0078 30155.1348
   vertex 39934.3281 34641.0977 30103.0371
  endloop
 endfacet
facet normal -0.0910678282 0.393704921 -0.914714754
  outer loop
   vertex 39931.9688 34437.0352 30037.8047
   vertex 40161.2344 34454.543 30022.5137
   vertex 40072.7266 34316.3242 29971.834
  endloop
 endfacet
facet normal -0.0681360736 0.381619841 -0.921804607
  outer loop
   vertex 40161.2344 34454.543 30022.5137
   vertex 40255.4609 34316.9688 29958.5938
   vertex 40072.7266 34316.3242 29971.834
  endloop
 endfacet
facet normal -0.143304557 0.356312096 -0.923312247
  outer loop
   vertex 40352.7461 34143.1953 29876.4336
   vertex 40133.2578 34170.7734 29921.1445
   vertex 40255.4609 34316.9688 29958.5938
  endloop
 endfacet
facet normal -0.148176149 0.331318617 -0.931811035
  outer loop
   vertex 40196.1836 34032.5703 29861.998
   vertex 40133.2578 34170.7734 29921.1445
   vertex 40352.7461 34143.1953 29876.4336
  endloop
 endfacet
facet normal 0.367040992 0.615343928 -0.697590709
  outer loop
   vertex 40492.7891 34327.4453 30017.1621
   vertex 40374.8555 34462.7812 30074.4883
   vertex 40611.0156 34476.1992 30210.5801
  endloop
 endfacet
facet normal 0.15486823 0.546572983 -0.822966456
  outer loop
   vertex 40131.0977 34695.4453 30176.1621
   vertex 39934.3281 34641.0977 30103.0371
   vertex 39987.8008 34792.7148 30213.7988
  endloop
 endfacet
facet normal 0.214241743 0.56200403 -0.798906744
  outer loop
   vertex 40085.5547 34570.0195 30075.7148
   vertex 40131.0977 34695.4453 30176.1621
   vertex 40282.4492 34595.0586 30146.1309
  endloop
 endfacet
facet normal -0.0898027197 0.367596298 -0.925639451
  outer loop
   vertex 40161.2344 34454.543 30022.5137
   vertex 39931.9688 34437.0352 30037.8047
   vertex 40085.5547 34570.0195 30075.7148
  endloop
 endfacet
facet normal 0.226298362 0.52600944 -0.819818974
  outer loop
   vertex 40282.4492 34595.0586 30146.1309
   vertex 40161.2344 34454.543 30022.5137
   vertex 40085.5547 34570.0195 30075.7148
  endloop
 endfacet
facet normal 0.133194447 0.589609087 -0.796630621
  outer loop
   vertex 40085.5547 34570.0195 30075.7148
   vertex 39934.3281 34641.0977 30103.0371
   vertex 40131.0977 34695.4453 30176.1621
  endloop
 endfacet
facet normal 0.287314296 0.796173155 -0.532502353
  outer loop
   vertex 40813.332 34334.0234 30163.8848
   vertex 40887.6797 34516.8789 30477.3945
   vertex 41030.8047 34432.6953 30428.7539
  endloop
 endfacet
facet normal 0.401962221 0.746263981 -0.530581236
  outer loop
   vertex 40813.332 34334.0234 30163.8848
   vertex 40611.0156 34476.1992 30210.5801
   vertex 40887.6797 34516.8789 30477.3945
  endloop
 endfacet
facet normal 0.382507116 0.845322549 -0.372985363
  outer loop
   vertex 40687.1562 34698.207 30660.7617
   vertex 40844.3281 34621.3516 30647.7637
   vertex 40636.6172 34611.5898 30412.6309
  endloop
 endfacet
facet normal 0.4118945 0.819774628 -0.397884995
  outer loop
   vertex 40844.3281 34621.3516 30647.7637
   vertex 40887.6797 34516.8789 30477.3945
   vertex 40636.6172 34611.5898 30412.6309
  endloop
 endfacet
facet normal 0.302259117 0.832013965 -0.465179712
  outer loop
   vertex 41030.8047 34432.6953 30428.7539
   vertex 41196.875 34431.7617 30534.9922
   vertex 41124.5039 34347.625 30337.4805
  endloop
 endfacet
facet normal 0.249126419 0.822675049 -0.511020362
  outer loop
   vertex 41030.8047 34432.6953 30428.7539
   vertex 41124.5039 34347.625 30337.4805
   vertex 40813.332 34334.0234 30163.8848
  endloop
 endfacet
facet normal 0.0825159475 0.57788527 -0.811935782
  outer loop
   vertex 40560.0664 33994.293 29791.5254
   vertex 40352.7461 34143.1953 29876.4336
   vertex 40587.332 34195.0938 29937.2129
  endloop
 endfacet
facet normal 0.0891663134 0.560878873 -0.823082149
  outer loop
   vertex 40492.7891 34327.4453 30017.1621
   vertex 40587.332 34195.0938 29937.2129
   vertex 40352.7461 34143.1953 29876.4336
  endloop
 endfacet
facet normal 0.0727162212 0.641703844 -0.763497531
  outer loop
   vertex 40560.0664 33994.293 29791.5254
   vertex 40757.9961 34148.4727 29939.9609
   vertex 40824.3164 34008.2031 29828.3848
  endloop
 endfacet
facet normal 0.0712452829 0.65040803 -0.756236434
  outer loop
   vertex 40560.0664 33994.293 29791.5254
   vertex 40824.3164 34008.2031 29828.3848
   vertex 40689.9102 33902.1406 29724.5
  endloop
 endfacet
facet normal 0.307703674 0.643286288 -0.701071441
  outer loop
   vertex 40813.332 34334.0234 30163.8848
   vertex 40587.332 34195.0938 29937.2129
   vertex 40492.7891 34327.4453 30017.1621
  endloop
 endfacet
facet normal 0.302505583 0.657207489 -0.690339565
  outer loop
   vertex 40813.332 34334.0234 30163.8848
   vertex 40492.7891 34327.4453 30017.1621
   vertex 40611.0156 34476.1992 30210.5801
  endloop
 endfacet
facet normal 0.285021782 0.76972425 -0.57121551
  outer loop
   vertex 40813.332 34334.0234 30163.8848
   vertex 41124.5039 34347.625 30337.4805
   vertex 41038.2734 34184.5508 30074.7051
  endloop
 endfacet
facet normal 0.385137796 0.864473999 -0.323038131
  outer loop
   vertex 41010.0938 34577.0938 30726.9688
   vertex 40844.3281 34621.3516 30647.7637
   vertex 40945.7031 34629.5156 30790.4785
  endloop
 endfacet
facet normal 0.253189951 0.86129564 -0.440527737
  outer loop
   vertex 41124.5039 34347.625 30337.4805
   vertex 41372.4375 34386.3086 30555.6113
   vertex 41297.9531 34286.5859 30317.8301
  endloop
 endfacet
facet normal 0.272793263 0.84501785 -0.459922463
  outer loop
   vertex 41124.5039 34347.625 30337.4805
   vertex 41196.875 34431.7617 30534.9922
   vertex 41372.4375 34386.3086 30555.6113
  endloop
 endfacet
facet normal 0.209117666 0.726959467 -0.654064
  outer loop
   vertex 40757.9961 34148.4727 29939.9609
   vertex 40587.332 34195.0938 29937.2129
   vertex 40813.332 34334.0234 30163.8848
  endloop
 endfacet
facet normal -0.478556842 0.104596637 -0.871804416
  outer loop
   vertex 40133.2578 34170.7734 29921.1445
   vertex 39935.9531 34193.1367 30032.1309
   vertex 40072.7266 34316.3242 29971.834
  endloop
 endfacet
facet normal 0.167097792 0.564030826 -0.808670223
  outer loop
   vertex 40587.332 34195.0938 29937.2129
   vertex 40757.9961 34148.4727 29939.9609
   vertex 40560.0664 33994.293 29791.5254
  endloop
 endfacet
facet normal 0.221340239 0.723324358 -0.654072165
  outer loop
   vertex 40757.9961 34148.4727 29939.9609
   vertex 40813.332 34334.0234 30163.8848
   vertex 41038.2734 34184.5508 30074.7051
  endloop
 endfacet
facet normal 0.186046153 0.503165007 -0.84392643
  outer loop
   vertex 40492.7891 34327.4453 30017.1621
   vertex 40352.7461 34143.1953 29876.4336
   vertex 40255.4609 34316.9688 29958.5938
  endloop
 endfacet
facet normal 0.427449614 0.896654427 -0.11531543
  outer loop
   vertex 43171.543 33641.0898 29927.0273
   vertex 43175.3867 33661.0586 30096.5391
   vertex 43276.9883 33607.9922 30060.5312
  endloop
 endfacet
facet normal 0.545176148 0.82539767 -0.14663431
  outer loop
   vertex 42391.2344 34065.9531 30644.8418
   vertex 42384.8164 34032.3867 30432.0352
   vertex 42287.2969 34104.0508 30472.873
  endloop
 endfacet
facet normal 0.579759657 0.801965117 -0.143981546
  outer loop
   vertex 42391.2344 34065.9531 30644.8418
   vertex 42502.6367 33977.457 30600.502
   vertex 42384.8164 34032.3867 30432.0352
  endloop
 endfacet
facet normal 0.43194592 0.811742246 -0.393061399
  outer loop
   vertex 42207.2773 34027.5508 30226.9492
   vertex 42287.2969 34104.0508 30472.873
   vertex 42384.8164 34032.3867 30432.0352
  endloop
 endfacet
facet normal 0.413460165 0.773841202 -0.47981295
  outer loop
   vertex 41129.4688 34507.5078 30670.6367
   vertex 40887.6797 34516.8789 30477.3945
   vertex 41012.6367 34538.5234 30619.9863
  endloop
 endfacet
facet normal 0.356945127 0.841365278 -0.405825824
  outer loop
   vertex 41030.8047 34432.6953 30428.7539
   vertex 40887.6797 34516.8789 30477.3945
   vertex 41129.4688 34507.5078 30670.6367
  endloop
 endfacet
facet normal 0.486495137 0.873671174 -0.00459743245
  outer loop
   vertex 42502.6367 33977.457 30600.502
   vertex 42595.8867 33925.4531 30585.4727
   vertex 42519.2969 33967.2148 30417.2812
  endloop
 endfacet
facet normal 0.435120463 0.900307953 -0.0107581671
  outer loop
   vertex 42502.6367 33977.457 30600.502
   vertex 42519.2969 33967.2148 30417.2812
   vertex 42384.8164 34032.3867 30432.0352
  endloop
 endfacet
facet normal 0.213475287 0.920652807 -0.32684359
  outer loop
   vertex 41010.0938 34577.0938 30726.9688
   vertex 41012.6367 34538.5234 30619.9863
   vertex 40887.6797 34516.8789 30477.3945
  endloop
 endfacet
facet normal 0.40961507 0.820437193 -0.398871303
  outer loop
   vertex 41010.0938 34577.0938 30726.9688
   vertex 40887.6797 34516.8789 30477.3945
   vertex 40844.3281 34621.3516 30647.7637
  endloop
 endfacet
facet normal 0.342303902 0.884437203 -0.317173332
  outer loop
   vertex 42384.8164 34032.3867 30432.0352
   vertex 42329.2852 33968.1562 30192.998
   vertex 42207.2773 34027.5508 30226.9492
  endloop
 endfacet
facet normal 0.196702912 0.872891307 -0.446507215
  outer loop
   vertex 41882.6641 34057.3633 30150.2051
   vertex 41811.0469 34092.5898 30187.5195
   vertex 41950.9258 34183.6289 30427.1191
  endloop
 endfacet
facet normal 0.165786192 0.885833442 -0.43337515
  outer loop
   vertex 41730.1523 34110.9141 30194.0312
   vertex 41950.9258 34183.6289 30427.1191
   vertex 41811.0469 34092.5898 30187.5195
  endloop
 endfacet
facet normal 0.24875313 0.832359374 -0.495277464
  outer loop
   vertex 41730.1523 34110.9141 30194.0312
   vertex 41707.6914 34184.6055 30306.5938
   vertex 41950.9258 34183.6289 30427.1191
  endloop
 endfacet
facet normal 0.233107746 0.854873538 -0.463521361
  outer loop
   vertex 41800.6211 34249.2344 30472.5273
   vertex 41950.9258 34183.6289 30427.1191
   vertex 41707.6914 34184.6055 30306.5938
  endloop
 endfacet
facet normal 0.179248586 0.936243594 -0.302188516
  outer loop
   vertex 42134.6875 34222.332 30656.0293
   vertex 42168.7812 34191.4766 30580.6562
   vertex 41950.9258 34183.6289 30427.1191
  endloop
 endfacet
facet normal 0.252689928 0.870099723 -0.423171729
  outer loop
   vertex 41527.3008 34261.6875 30366.998
   vertex 41482.3945 34326.9961 30474.4668
   vertex 41662.4375 34314.6758 30556.6445
  endloop
 endfacet
facet normal 0.164626539 0.913315296 -0.372496009
  outer loop
   vertex 41527.3008 34261.6875 30366.998
   vertex 41662.4375 34314.6758 30556.6445
   vertex 41675.0117 34255.3867 30416.8301
  endloop
 endfacet
facet normal -0.414188534 0.0143959224 -0.910077274
  outer loop
   vertex 39935.9531 34193.1367 30032.1309
   vertex 39931.9688 34437.0352 30037.8047
   vertex 40072.7266 34316.3242 29971.834
  endloop
 endfacet
facet normal 0.183888987 0.514913082 -0.83728689
  outer loop
   vertex 40255.4609 34316.9688 29958.5938
   vertex 40374.8555 34462.7812 30074.4883
   vertex 40492.7891 34327.4453 30017.1621
  endloop
 endfacet
facet normal 0.157469556 0.821359575 -0.548244298
  outer loop
   vertex 42899.2773 33610.2344 29624.0117
   vertex 42738.3594 33528.4062 29455.1992
   vertex 42793.6094 33642.8359 29642.502
  endloop
 endfacet
facet normal 0.0944121704 0.850193739 -0.517935276
  outer loop
   vertex 42700.25 33691.0859 29704.6875
   vertex 42793.6094 33642.8359 29642.502
   vertex 42602.0664 33562.8594 29476.3066
  endloop
 endfacet
facet normal 0.125508741 0.829702258 -0.543913364
  outer loop
   vertex 42738.3594 33528.4062 29455.1992
   vertex 42602.0664 33562.8594 29476.3066
   vertex 42793.6094 33642.8359 29642.502
  endloop
 endfacet
facet normal 0.605738103 0.738940954 0.295038342
  outer loop
   vertex 42945.1406 33782.75 30271.7227
   vertex 43035.293 33684.1172 30333.6621
   vertex 43022.6445 33748.2422 30199.0215
  endloop
 endfacet
facet normal 0.44283694 0.522872806 0.728353977
  outer loop
   vertex 43281.2031 33557.1055 30207.4355
   vertex 43182.5469 33488.3711 30316.7598
   vertex 43300.2266 33425.6914 30290.207
  endloop
 endfacet
facet normal 0.541984916 0.746275485 0.3864263
  outer loop
   vertex 42945.1406 33782.75 30271.7227
   vertex 42856.4805 33815.9219 30332.0078
   vertex 42946.1094 33713.7305 30403.6582
  endloop
 endfacet
facet normal 0.559890985 0.767243445 0.312825084
  outer loop
   vertex 43035.293 33684.1172 30333.6621
   vertex 43135.8281 33645.5 30248.4395
   vertex 43022.6445 33748.2422 30199.0215
  endloop
 endfacet
facet normal 0.548332453 0.742636919 0.384476215
  outer loop
   vertex 43035.293 33684.1172 30333.6621
   vertex 42945.1406 33782.75 30271.7227
   vertex 42946.1094 33713.7305 30403.6582
  endloop
 endfacet
facet normal 0.51873529 0.812332928 0.266512424
  outer loop
   vertex 43276.9883 33607.9922 30060.5312
   vertex 43175.3867 33661.0586 30096.5391
   vertex 43281.2031 33557.1055 30207.4355
  endloop
 endfacet
facet normal 0.429184526 0.82211107 -0.374077618
  outer loop
   vertex 43236.5586 33488.5117 29656.125
   vertex 43133.1758 33576.6875 29731.2969
   vertex 43311.6602 33563.2734 29906.5977
  endloop
 endfacet
facet normal 0.187882751 0.868814945 -0.458105534
  outer loop
   vertex 42899.2773 33610.2344 29624.0117
   vertex 42793.6094 33642.8359 29642.502
   vertex 42935.0898 33678 29767.2129
  endloop
 endfacet
facet normal 0.15587157 0.890308082 -0.427849889
  outer loop
   vertex 42880.1562 33722.2891 29839.3594
   vertex 42935.0898 33678 29767.2129
   vertex 42793.6094 33642.8359 29642.502
  endloop
 endfacet
facet normal 0.303056687 0.898806155 -0.316708297
  outer loop
   vertex 43042.6992 33704.1797 29943.5059
   vertex 42880.1562 33722.2891 29839.3594
   vertex 42965.8867 33761.0898 30031.5176
  endloop
 endfacet
facet normal 0.0570392683 0.92319876 -0.380066574
  outer loop
   vertex 42451.25 33781.4414 29813.8574
   vertex 42543.8633 33869.957 30042.7734
   vertex 42615.3359 33840.6719 29982.3574
  endloop
 endfacet
facet normal 0.763164639 0.421465814 -0.4898431
  outer loop
   vertex 46894.0938 32031.9668 28065.3203
   vertex 46934.5977 32094.5703 28182.293
   vertex 47014.0664 32011.0977 28234.2812
  endloop
 endfacet
facet normal 0.383459091 0.866563916 -0.319415212
  outer loop
   vertex 43035.7148 33644.3672 29772.8496
   vertex 43042.6992 33704.1797 29943.5059
   vertex 43171.543 33641.0898 29927.0273
  endloop
 endfacet
facet normal 0.316096097 0.891215384 -0.325297385
  outer loop
   vertex 42935.0898 33678 29767.2129
   vertex 43042.6992 33704.1797 29943.5059
   vertex 43035.7148 33644.3672 29772.8496
  endloop
 endfacet
facet normal 0.173762038 0.895095944 -0.410621464
  outer loop
   vertex 42784.5312 33820.9023 30019.4375
   vertex 42617.1719 33762.6797 29821.6934
   vertex 42720.3281 33842.7578 30039.9043
  endloop
 endfacet
facet normal 0.121446282 0.893492758 -0.432344228
  outer loop
   vertex 42451.25 33781.4414 29813.8574
   vertex 42615.3359 33840.6719 29982.3574
   vertex 42617.1719 33762.6797 29821.6934
  endloop
 endfacet
facet normal 0.146258608 0.979134083 -0.141084418
  outer loop
   vertex 42634.2109 33903.5781 30243.0137
   vertex 42466.6445 33915.8203 30154.2715
   vertex 42632.9336 33924.3281 30385.6855
  endloop
 endfacet
facet normal 0.380544811 0.924687862 -0.0117463963
  outer loop
   vertex 42634.2109 33903.5781 30243.0137
   vertex 42758.2656 33854.7188 30415.5371
   vertex 42717.8164 33868.3984 30182.0859
  endloop
 endfacet
facet normal 0.556580663 0.667622507 0.494467556
  outer loop
   vertex 42570.0078 33859.0234 30704.293
   vertex 42673.8867 33829.8984 30626.6934
   vertex 42595.8867 33925.4531 30585.4727
  endloop
 endfacet
facet normal 0.463329226 0.873503089 -0.14939326
  outer loop
   vertex 43171.543 33641.0898 29927.0273
   vertex 43276.9883 33607.9922 30060.5312
   vertex 43311.6602 33563.2734 29906.5977
  endloop
 endfacet
facet normal -0.252272666 0.594746947 -0.763305008
  outer loop
   vertex 46623.7148 32148.6055 28089.1738
   vertex 46757.9023 32133.623 28033.1504
   vertex 46738.8516 32059.082 27981.3672
  endloop
 endfacet
facet normal 0.0512988716 0.794560313 -0.605014384
  outer loop
   vertex 46623.7148 32148.6055 28089.1738
   vertex 46738.8516 32059.082 27981.3672
   vertex 46388.7109 32012.3789 27890.3418
  endloop
 endfacet
facet normal 0.503712773 0.85550952 -0.119903632
  outer loop
   vertex 42758.2656 33854.7188 30415.5371
   vertex 42634.2109 33903.5781 30243.0137
   vertex 42632.9336 33924.3281 30385.6855
  endloop
 endfacet
facet normal 0.487101883 0.873302042 -0.00867873244
  outer loop
   vertex 42705.8516 33884.9258 30513.6328
   vertex 42758.2656 33854.7188 30415.5371
   vertex 42632.9336 33924.3281 30385.6855
  endloop
 endfacet
facet normal 0.573826253 0.743715346 0.342944443
  outer loop
   vertex 42862.6445 33746.0039 30473.3242
   vertex 42946.1094 33713.7305 30403.6582
   vertex 42856.4805 33815.9219 30332.0078
  endloop
 endfacet
facet normal 0.622031927 0.765157521 0.166163266
  outer loop
   vertex 43135.8281 33645.5 30248.4395
   vertex 43079.5742 33719.9023 30116.4277
   vertex 43022.6445 33748.2422 30199.0215
  endloop
 endfacet
facet normal 0.37745446 0.924271524 -0.0570108332
  outer loop
   vertex 42965.8867 33761.0898 30031.5176
   vertex 43022.6445 33748.2422 30199.0215
   vertex 43079.5742 33719.9023 30116.4277
  endloop
 endfacet
facet normal 0.448480099 0.876430213 -0.175315887
  outer loop
   vertex 43042.6992 33704.1797 29943.5059
   vertex 42965.8867 33761.0898 30031.5176
   vertex 43079.5742 33719.9023 30116.4277
  endloop
 endfacet
facet normal 0.169891357 0.885660172 -0.432137728
  outer loop
   vertex 42793.6094 33642.8359 29642.502
   vertex 42700.25 33691.0859 29704.6875
   vertex 42880.1562 33722.2891 29839.3594
  endloop
 endfacet
facet normal 0.160655752 0.892534494 -0.421392769
  outer loop
   vertex 42814.1758 33774.9648 29925.7832
   vertex 42880.1562 33722.2891 29839.3594
   vertex 42700.25 33691.0859 29704.6875
  endloop
 endfacet
facet normal 0.304455191 0.897478878 -0.319121778
  outer loop
   vertex 43042.6992 33704.1797 29943.5059
   vertex 42935.0898 33678 29767.2129
   vertex 42880.1562 33722.2891 29839.3594
  endloop
 endfacet
facet normal 0.302904308 0.898876488 -0.316654503
  outer loop
   vertex 42965.8867 33761.0898 30031.5176
   vertex 42880.1562 33722.2891 29839.3594
   vertex 42814.1758 33774.9648 29925.7832
  endloop
 endfacet
facet normal 0.572508872 0.692103207 0.439575613
  outer loop
   vertex 43567.8008 33389.4922 30186.0957
   vertex 43595.2148 33436.1719 30076.8984
   vertex 43503.3672 33476.5078 30133.0117
  endloop
 endfacet
facet normal 0.486991554 0.854336083 -0.181518853
  outer loop
   vertex 43079.5742 33719.9023 30116.4277
   vertex 43175.3867 33661.0586 30096.5391
   vertex 43042.6992 33704.1797 29943.5059
  endloop
 endfacet
facet normal 0.425298423 0.831661046 -0.35701704
  outer loop
   vertex 43035.7148 33644.3672 29772.8496
   vertex 43171.543 33641.0898 29927.0273
   vertex 43133.1758 33576.6875 29731.2969
  endloop
 endfacet
facet normal 0.490974069 0.46602124 0.736049354
  outer loop
   vertex 43281.2031 33557.1055 30207.4355
   vertex 43135.8281 33645.5 30248.4395
   vertex 43182.5469 33488.3711 30316.7598
  endloop
 endfacet
facet normal 0.756252408 0.235456809 0.610444427
  outer loop
   vertex 42862.6445 33746.0039 30473.3242
   vertex 42802.1133 33761.9062 30542.1777
   vertex 42824.4023 33649.2031 30558.0371
  endloop
 endfacet
facet normal 0.628635824 0.228907526 0.743248522
  outer loop
   vertex 42736.4727 33685.0586 30621.3652
   vertex 42824.4023 33649.2031 30558.0371
   vertex 42802.1133 33761.9062 30542.1777
  endloop
 endfacet
facet normal 0.341844529 0.939448953 -0.0240402706
  outer loop
   vertex 43480.6953 33504.1875 30001.125
   vertex 43311.6602 33563.2734 29906.5977
   vertex 43390.8984 33539.4531 30102.4688
  endloop
 endfacet
facet normal 0.463858157 0.879680574 0.104869775
  outer loop
   vertex 43503.3672 33476.5078 30133.0117
   vertex 43480.6953 33504.1875 30001.125
   vertex 43390.8984 33539.4531 30102.4688
  endloop
 endfacet
facet normal 0.419763297 0.869015455 -0.261936843
  outer loop
   vertex 43427.2266 33483.7266 29809.0039
   vertex 43593.582 33434.7969 29913.2539
   vertex 43520.3711 33417.6094 29738.9102
  endloop
 endfacet
facet normal 0.288606942 0.783020914 0.550984859
  outer loop
   vertex 43427.1562 33439.1523 30226.0215
   vertex 43503.3672 33476.5078 30133.0117
   vertex 43390.8984 33539.4531 30102.4688
  endloop
 endfacet
facet normal 0.307271749 0.882683814 -0.355602771
  outer loop
   vertex 43311.6602 33563.2734 29906.5977
   vertex 43427.2266 33483.7266 29809.0039
   vertex 43236.5586 33488.5117 29656.125
  endloop
 endfacet
facet normal 0.751047671 0.585210919 0.3057051
  outer loop
   vertex 43664.6016 33353.8242 30130.4004
   vertex 43761.5 33248.9141 30093.1758
   vertex 43696.5898 33370.5938 30019.7148
  endloop
 endfacet
facet normal 0.516631484 0.856118858 -0.0123482719
  outer loop
   vertex 43480.6953 33504.1875 30001.125
   vertex 43595.2148 33436.1719 30076.8984
   vertex 43593.582 33434.7969 29913.2539
  endloop
 endfacet
facet normal 0.454118907 0.884427011 0.107540101
  outer loop
   vertex 43480.6953 33504.1875 30001.125
   vertex 43503.3672 33476.5078 30133.0117
   vertex 43595.2148 33436.1719 30076.8984
  endloop
 endfacet
facet normal 0.465257794 0.844945908 -0.263821065
  outer loop
   vertex 43593.582 33434.7969 29913.2539
   vertex 43699.6055 33376.8359 29914.5996
   vertex 43662.5234 33351.0781 29766.7168
  endloop
 endfacet
facet normal 0.451079816 0.849647582 -0.273177624
  outer loop
   vertex 43593.582 33434.7969 29913.2539
   vertex 43662.5234 33351.0781 29766.7168
   vertex 43520.3711 33417.6094 29738.9102
  endloop
 endfacet
facet normal 0.247822732 0.96874088 0.011181795
  outer loop
   vertex 45644.0781 32570.9746 29082.7461
   vertex 45831.5117 32523.3086 29058.2148
   vertex 45717.5039 32554.2188 28907.1719
  endloop
 endfacet
facet normal 0.532216489 0.726929486 0.433957517
  outer loop
   vertex 43427.1562 33439.1523 30226.0215
   vertex 43390.8984 33539.4531 30102.4688
   vertex 43281.2031 33557.1055 30207.4355
  endloop
 endfacet
facet normal 0.41393441 0.863768458 0.287336618
  outer loop
   vertex 43390.8984 33539.4531 30102.4688
   vertex 43276.9883 33607.9922 30060.5312
   vertex 43281.2031 33557.1055 30207.4355
  endloop
 endfacet
facet normal 0.42922017 0.814743221 -0.389824957
  outer loop
   vertex 43806.0586 33246.2422 29705.6445
   vertex 43642.8828 33258.2695 29551.1191
   vertex 43662.5234 33351.0781 29766.7168
  endloop
 endfacet
facet normal 0.308898658 0.861765981 -0.402418911
  outer loop
   vertex 43427.2266 33483.7266 29809.0039
   vertex 43520.3711 33417.6094 29738.9102
   vertex 43363.7891 33407.375 29596.7988
  endloop
 endfacet
facet normal 0.34583196 0.828358352 -0.440707028
  outer loop
   vertex 43363.7891 33407.375 29596.7988
   vertex 43520.3711 33417.6094 29738.9102
   vertex 43504.8594 33338.4258 29577.9023
  endloop
 endfacet
facet normal 0.413291872 0.837830365 -0.356693268
  outer loop
   vertex 43311.6602 33563.2734 29906.5977
   vertex 43133.1758 33576.6875 29731.2969
   vertex 43171.543 33641.0898 29927.0273
  endloop
 endfacet
facet normal 0.348150671 0.844094038 -0.407794505
  outer loop
   vertex 43363.7891 33407.375 29596.7988
   vertex 43236.5586 33488.5117 29656.125
   vertex 43427.2266 33483.7266 29809.0039
  endloop
 endfacet
facet normal 0.551847398 0.802755296 0.225938931
  outer loop
   vertex 43175.3867 33661.0586 30096.5391
   vertex 43135.8281 33645.5 30248.4395
   vertex 43281.2031 33557.1055 30207.4355
  endloop
 endfacet
facet normal 0.334866643 0.536415875 0.774675667
  outer loop
   vertex 43427.1562 33439.1523 30226.0215
   vertex 43281.2031 33557.1055 30207.4355
   vertex 43300.2266 33425.6914 30290.207
  endloop
 endfacet
facet normal 0.644891143 -0.271968514 0.714246869
  outer loop
   vertex 42866.1172 33410.4805 30444.9199
   vertex 42899.3125 33608.8008 30490.4648
   vertex 42816.7969 33514.2266 30528.9551
  endloop
 endfacet
facet normal 0.648542821 0.282801896 0.706693232
  outer loop
   vertex 42946.1094 33713.7305 30403.6582
   vertex 42991.4141 33570.5977 30419.3574
   vertex 43035.293 33684.1172 30333.6621
  endloop
 endfacet
facet normal 0.529872954 -0.120453447 0.839479387
  outer loop
   vertex 42991.4141 33570.5977 30419.3574
   vertex 43028.875 33387.2227 30369.4004
   vertex 43088.6094 33565.9062 30357.334
  endloop
 endfacet
facet normal 0.674924672 0.664705217 0.320380449
  outer loop
   vertex 42470.9102 33934.9883 30755.4453
   vertex 42570.0078 33859.0234 30704.293
   vertex 42502.6367 33977.457 30600.502
  endloop
 endfacet
facet normal 0.749985158 0.62813735 0.207281873
  outer loop
   vertex 42758.2656 33854.7188 30415.5371
   vertex 42705.8516 33884.9258 30513.6328
   vertex 42750.7344 33816.3164 30559.1504
  endloop
 endfacet
facet normal 0.742710948 0.636146188 0.209041819
  outer loop
   vertex 42802.1133 33761.9062 30542.1777
   vertex 42758.2656 33854.7188 30415.5371
   vertex 42750.7344 33816.3164 30559.1504
  endloop
 endfacet
facet normal 0.581332624 0.739065468 0.340344906
  outer loop
   vertex 42758.2656 33854.7188 30415.5371
   vertex 42802.1133 33761.9062 30542.1777
   vertex 42862.6445 33746.0039 30473.3242
  endloop
 endfacet
facet normal 0.570533335 0.300323784 0.764393449
  outer loop
   vertex 42802.1133 33761.9062 30542.1777
   vertex 42750.7344 33816.3164 30559.1504
   vertex 42736.4727 33685.0586 30621.3652
  endloop
 endfacet
facet normal 0.381663442 -0.590827525 0.710813522
  outer loop
   vertex 42738.6055 33532.9609 30580.6914
   vertex 42691.5703 33557.4805 30626.3281
   vertex 42597.3281 33424.2852 30566.2188
  endloop
 endfacet
facet normal 0.643127143 0.458048254 0.613660514
  outer loop
   vertex 43182.5469 33488.3711 30316.7598
   vertex 43135.8281 33645.5 30248.4395
   vertex 43088.6094 33565.9062 30357.334
  endloop
 endfacet
facet normal 0.511378288 -0.215311512 0.831945419
  outer loop
   vertex 42824.4023 33649.2031 30558.0371
   vertex 42736.4727 33685.0586 30621.3652
   vertex 42738.6055 33532.9609 30580.6914
  endloop
 endfacet
facet normal 0.509780288 0.384081662 0.76980865
  outer loop
   vertex 43035.293 33684.1172 30333.6621
   vertex 42991.4141 33570.5977 30419.3574
   vertex 43088.6094 33565.9062 30357.334
  endloop
 endfacet
facet normal 0.476518869 0.33696869 0.812023282
  outer loop
   vertex 44350.1172 32877.3359 29854.3828
   vertex 44176.5977 32955.9609 29923.5801
   vertex 44258.5078 32794.293 29942.6016
  endloop
 endfacet
facet normal 0.641963005 0.250754505 0.724572778
  outer loop
   vertex 42736.4727 33685.0586 30621.3652
   vertex 42673.8867 33829.8984 30626.6934
   vertex 42659.6211 33700.0859 30684.2539
  endloop
 endfacet
facet normal 0.6629197 0.260646045 0.701855481
  outer loop
   vertex 42750.7344 33816.3164 30559.1504
   vertex 42673.8867 33829.8984 30626.6934
   vertex 42736.4727 33685.0586 30621.3652
  endloop
 endfacet
facet normal 0.504307568 -0.208939224 0.837865293
  outer loop
   vertex 42816.7969 33514.2266 30528.9551
   vertex 42824.4023 33649.2031 30558.0371
   vertex 42738.6055 33532.9609 30580.6914
  endloop
 endfacet
facet normal 0.577402711 -0.270694256 0.770279646
  outer loop
   vertex 42736.4727 33685.0586 30621.3652
   vertex 42659.6211 33700.0859 30684.2539
   vertex 42637.0195 33575.5352 30657.4258
  endloop
 endfacet
facet normal 0.459073603 -0.127377763 0.879219174
  outer loop
   vertex 42691.5703 33557.4805 30626.3281
   vertex 42736.4727 33685.0586 30621.3652
   vertex 42637.0195 33575.5352 30657.4258
  endloop
 endfacet
facet normal 0.732030153 0.20732978 0.648957849
  outer loop
   vertex 42673.8867 33829.8984 30626.6934
   vertex 42617.5703 33756.668 30713.6094
   vertex 42659.6211 33700.0859 30684.2539
  endloop
 endfacet
facet normal 0.62983346 -0.192411795 0.7525208
  outer loop
   vertex 42738.6055 33532.9609 30580.6914
   vertex 42736.4727 33685.0586 30621.3652
   vertex 42691.5703 33557.4805 30626.3281
  endloop
 endfacet
facet normal 0.290021032 -0.515337825 0.806420922
  outer loop
   vertex 42866.1172 33410.4805 30444.9199
   vertex 42816.7969 33514.2266 30528.9551
   vertex 42684.8828 33348.1289 30470.2539
  endloop
 endfacet
facet normal 0.29063037 -0.517853737 0.804587781
  outer loop
   vertex 42729.3984 33221.7148 30372.8105
   vertex 42866.1172 33410.4805 30444.9199
   vertex 42684.8828 33348.1289 30470.2539
  endloop
 endfacet
facet normal 0.432377011 0.278968245 0.857453704
  outer loop
   vertex 42570.0078 33859.0234 30704.293
   vertex 42550.4297 33735.3203 30754.4121
   vertex 42617.5703 33756.668 30713.6094
  endloop
 endfacet
facet normal 0.102231875 -0.655309975 0.748409986
  outer loop
   vertex 42432.5352 33201.7656 30376.5664
   vertex 42545.7305 33134.5156 30302.2227
   vertex 42684.8828 33348.1289 30470.2539
  endloop
 endfacet
facet normal -0.0124271419 -0.61319977 0.789830089
  outer loop
   vertex 42729.3984 33221.7148 30372.8105
   vertex 42684.8828 33348.1289 30470.2539
   vertex 42545.7305 33134.5156 30302.2227
  endloop
 endfacet
facet normal 0.394589275 -0.174770996 0.902083337
  outer loop
   vertex 42659.6211 33700.0859 30684.2539
   vertex 42617.5703 33756.668 30713.6094
   vertex 42559.3398 33619.6445 30712.5332
  endloop
 endfacet
facet normal 0.452990681 -0.265516996 0.851058245
  outer loop
   vertex 42659.6211 33700.0859 30684.2539
   vertex 42559.3398 33619.6445 30712.5332
   vertex 42637.0195 33575.5352 30657.4258
  endloop
 endfacet
facet normal 0.559100807 -0.243822277 0.792437375
  outer loop
   vertex 42617.5703 33756.668 30713.6094
   vertex 42550.4297 33735.3203 30754.4121
   vertex 42559.3398 33619.6445 30712.5332
  endloop
 endfacet
facet normal 0.339413196 -0.236916229 0.910312772
  outer loop
   vertex 42550.4297 33735.3203 30754.4121
   vertex 42478.4375 33783.7344 30793.8555
   vertex 42455.8203 33627.6289 30761.6602
  endloop
 endfacet
facet normal 0.417134136 -0.241154447 0.876266897
  outer loop
   vertex 42478.4375 33783.7344 30793.8555
   vertex 42350.25 33648.5586 30817.6758
   vertex 42455.8203 33627.6289 30761.6602
  endloop
 endfacet
facet normal 0.301648885 -0.55440253 0.77565825
  outer loop
   vertex 42350.25 33648.5586 30817.6758
   vertex 42318.5391 33496.4219 30721.2695
   vertex 42455.8203 33627.6289 30761.6602
  endloop
 endfacet
facet normal 0.284426004 -0.541205287 0.791327178
  outer loop
   vertex 42318.5391 33496.4219 30721.2695
   vertex 42408.5078 33471.9844 30672.2188
   vertex 42455.8203 33627.6289 30761.6602
  endloop
 endfacet
facet normal 0.325291097 -0.543546498 0.773784816
  outer loop
   vertex 42408.5078 33471.9844 30672.2188
   vertex 42559.3398 33619.6445 30712.5332
   vertex 42455.8203 33627.6289 30761.6602
  endloop
 endfacet
facet normal 0.392700911 -0.286173522 0.874008417
  outer loop
   vertex 42550.4297 33735.3203 30754.4121
   vertex 42455.8203 33627.6289 30761.6602
   vertex 42559.3398 33619.6445 30712.5332
  endloop
 endfacet
facet normal -0.778813303 0.0172618199 0.627018273
  outer loop
   vertex 35845.5586 35684.6172 31827.5078
   vertex 35819.1953 35852.6328 31790.1328
   vertex 35777.582 35825.4414 31739.1973
  endloop
 endfacet
facet normal 0.232058719 0.969706953 0.0762706473
  outer loop
   vertex 46269.3672 32425.5938 28994.3223
   vertex 46485.707 32377.2852 28950.2734
   vertex 46355.8398 32419.9512 28802.9668
  endloop
 endfacet
facet normal 0.259603083 0.945737898 -0.195412427
  outer loop
   vertex 42720.3281 33842.7578 30039.9043
   vertex 42831.3828 33838.8906 30168.7344
   vertex 42784.5312 33820.9023 30019.4375
  endloop
 endfacet
facet normal 0.480999112 0.716453254 0.505306423
  outer loop
   vertex 42502.6367 33977.457 30600.502
   vertex 42570.0078 33859.0234 30704.293
   vertex 42595.8867 33925.4531 30585.4727
  endloop
 endfacet
facet normal 0.260779858 0.960705996 0.0950678214
  outer loop
   vertex 42856.4805 33815.9219 30332.0078
   vertex 42831.3828 33838.8906 30168.7344
   vertex 42717.8164 33868.3984 30182.0859
  endloop
 endfacet
facet normal 0.361474305 0.932347834 -0.00799333956
  outer loop
   vertex 42758.2656 33854.7188 30415.5371
   vertex 42856.4805 33815.9219 30332.0078
   vertex 42717.8164 33868.3984 30182.0859
  endloop
 endfacet
facet normal 0.28421101 0.928660095 -0.238358036
  outer loop
   vertex 42466.6445 33915.8203 30154.2715
   vertex 42519.2969 33967.2148 30417.2812
   vertex 42632.9336 33924.3281 30385.6855
  endloop
 endfacet
facet normal 0.211944804 0.943678498 -0.25406757
  outer loop
   vertex 42543.8633 33869.957 30042.7734
   vertex 42634.2109 33903.5781 30243.0137
   vertex 42717.8164 33868.3984 30182.0859
  endloop
 endfacet
facet normal 0.490820765 0.871185362 -0.0114500308
  outer loop
   vertex 42705.8516 33884.9258 30513.6328
   vertex 42632.9336 33924.3281 30385.6855
   vertex 42639.9219 33922.1172 30517.2578
  endloop
 endfacet
facet normal 0.477561831 0.873465598 -0.0948290676
  outer loop
   vertex 43022.6445 33748.2422 30199.0215
   vertex 42965.8867 33761.0898 30031.5176
   vertex 42903.5781 33803.9102 30112.1504
  endloop
 endfacet
facet normal 0.292487592 0.934182048 -0.20434019
  outer loop
   vertex 42784.5312 33820.9023 30019.4375
   vertex 42831.3828 33838.8906 30168.7344
   vertex 42903.5781 33803.9102 30112.1504
  endloop
 endfacet
facet normal 0.2015706 0.947044492 -0.249951974
  outer loop
   vertex 42466.6445 33915.8203 30154.2715
   vertex 42634.2109 33903.5781 30243.0137
   vertex 42543.8633 33869.957 30042.7734
  endloop
 endfacet
facet normal 0.352366984 0.935857058 -0.00300763827
  outer loop
   vertex 42519.2969 33967.2148 30417.2812
   vertex 42639.9219 33922.1172 30517.2578
   vertex 42632.9336 33924.3281 30385.6855
  endloop
 endfacet
facet normal 0.63228941 0.677904487 0.375040829
  outer loop
   vertex 42639.9219 33922.1172 30517.2578
   vertex 42595.8867 33925.4531 30585.4727
   vertex 42673.8867 33829.8984 30626.6934
  endloop
 endfacet
facet normal 0.416196287 0.909193337 0.0121713635
  outer loop
   vertex 42945.1406 33782.75 30271.7227
   vertex 43022.6445 33748.2422 30199.0215
   vertex 42903.5781 33803.9102 30112.1504
  endloop
 endfacet
facet normal 0.456317604 0.8804425 -0.128822595
  outer loop
   vertex 46843.5312 32293.1172 28783.8066
   vertex 47011.6133 32205.0117 28777.0312
   vertex 46863.4336 32259.041 28621.4082
  endloop
 endfacet
facet normal 0.258716017 0.958448827 0.120174311
  outer loop
   vertex 42639.9219 33922.1172 30517.2578
   vertex 42519.2969 33967.2148 30417.2812
   vertex 42595.8867 33925.4531 30585.4727
  endloop
 endfacet
facet normal 0.194399342 0.953079104 -0.232054219
  outer loop
   vertex 42543.8633 33869.957 30042.7734
   vertex 42717.8164 33868.3984 30182.0859
   vertex 42615.3359 33840.6719 29982.3574
  endloop
 endfacet
facet normal 0.368530452 0.875426233 -0.312752604
  outer loop
   vertex 42784.5312 33820.9023 30019.4375
   vertex 42903.5781 33803.9102 30112.1504
   vertex 42814.1758 33774.9648 29925.7832
  endloop
 endfacet
facet normal 0.439076096 0.898437142 0.0047856248
  outer loop
   vertex 42945.1406 33782.75 30271.7227
   vertex 42903.5781 33803.9102 30112.1504
   vertex 42831.3828 33838.8906 30168.7344
  endloop
 endfacet
facet normal 0.390487701 0.91800946 0.0691230521
  outer loop
   vertex 42945.1406 33782.75 30271.7227
   vertex 42831.3828 33838.8906 30168.7344
   vertex 42856.4805 33815.9219 30332.0078
  endloop
 endfacet
facet normal 0.276233077 0.92075336 -0.275515109
  outer loop
   vertex 42814.1758 33774.9648 29925.7832
   vertex 42903.5781 33803.9102 30112.1504
   vertex 42965.8867 33761.0898 30031.5176
  endloop
 endfacet
facet normal -0.809814394 0.221801236 0.543143451
  outer loop
   vertex 35777.582 35825.4414 31739.1973
   vertex 35819.1953 35852.6328 31790.1328
   vertex 35799.4141 35893.7969 31743.8301
  endloop
 endfacet
facet normal -0.440085471 0.855218947 0.273724914
  outer loop
   vertex 39598.5547 35210.5117 30793.2188
   vertex 39530.4648 35210.4414 30683.9707
   vertex 39617.7266 35167.9023 30957.1738
  endloop
 endfacet
facet normal -0.977178216 0.175489947 0.119691417
  outer loop
   vertex 35522.0391 35524.7812 31421.6836
   vertex 35502.9805 35514.3047 31281.4297
   vertex 35478.2188 35392.5586 31257.793
  endloop
 endfacet
facet normal -0.0616217516 0.983037174 0.172744438
  outer loop
   vertex 39526.6719 35203.5352 30721.9316
   vertex 39617.7266 35167.9023 30957.1738
   vertex 39530.4648 35210.4414 30683.9707
  endloop
 endfacet
facet normal -0.00828416459 0.983951807 0.178241923
  outer loop
   vertex 39526.6719 35203.5352 30721.9316
   vertex 39530.4648 35210.4414 30683.9707
   vertex 39371.5 35215.3828 30649.3184
  endloop
 endfacet
facet normal 0.367767215 0.805786252 -0.464172155
  outer loop
   vertex 36678.3945 35238.1602 31319.0117
   vertex 36571.6875 35231.3945 31222.7188
   vertex 36412.7422 35404.0938 31396.584
  endloop
 endfacet
facet normal -0.495302439 0.00640623644 0.868696988
  outer loop
   vertex 35847.6641 35274.9023 31887.2852
   vertex 35983.8906 35255.4609 31965.0996
   vertex 35898.4102 35447.4727 31914.9453
  endloop
 endfacet
facet normal -0.827831268 0.309358239 0.467966765
  outer loop
   vertex 35683.2148 35657.125 31636.5195
   vertex 35549.2422 35401.2109 31568.7012
   vertex 35705.6211 35544.1719 31750.8242
  endloop
 endfacet
facet normal -0.841590762 0.326567799 0.430207431
  outer loop
   vertex 35683.2148 35657.125 31636.5195
   vertex 35522.0391 35524.7812 31421.6836
   vertex 35549.2422 35401.2109 31568.7012
  endloop
 endfacet
facet normal 0.126558483 0.414826334 0.901056111
  outer loop
   vertex 36482.8594 35375.2227 31956.9082
   vertex 36141.2812 35570.7188 31914.8828
   vertex 36157.8945 35356.4375 32011.1973
  endloop
 endfacet
facet normal 0.153364688 0.905990124 -0.394539177
  outer loop
   vertex 46345.0078 32205.4707 28159.2402
   vertex 46313.3789 32365.3516 28514.0879
   vertex 46664.1328 32256.9883 28401.5938
  endloop
 endfacet
facet normal 0.105800889 0.935142517 -0.338104457
  outer loop
   vertex 46623.7148 32148.6055 28089.1738
   vertex 46345.0078 32205.4707 28159.2402
   vertex 46664.1328 32256.9883 28401.5938
  endloop
 endfacet
facet normal -0.158707872 -0.144642964 -0.976673067
  outer loop
   vertex 45982.1953 31673.0293 27858.9316
   vertex 45763.4062 31756.9531 27882.0547
   vertex 45919.9062 31850.959 27842.7012
  endloop
 endfacet
facet normal 0.017264219 0.847183883 -0.53101927
  outer loop
   vertex 45976.8086 32346.0547 28346.8652
   vertex 46167.4648 32288.1719 28260.7188
   vertex 46043.8516 32179.4238 28083.2051
  endloop
 endfacet
facet normal 0.564384103 0.182606429 -0.805062413
  outer loop
   vertex 46565.375 31877.9082 27827.3242
   vertex 46822.9922 31880.2676 28008.459
   vertex 46639.0352 31703.3145 27839.3613
  endloop
 endfacet
facet normal 0.568239093 0.144646749 -0.810050428
  outer loop
   vertex 46565.375 31877.9082 27827.3242
   vertex 46738.8516 32059.082 27981.3672
   vertex 46822.9922 31880.2676 28008.459
  endloop
 endfacet
facet normal 0.378030807 0.912246585 -0.15779379
  outer loop
   vertex 46664.1328 32256.9883 28401.5938
   vertex 47018.9375 32122.3047 28472.9668
   vertex 46817.1133 32152.7969 28165.7324
  endloop
 endfacet
facet normal 0.139079213 0.912289143 -0.385208338
  outer loop
   vertex 45976.8086 32346.0547 28346.8652
   vertex 46041.4609 32440.9375 28594.9199
   vertex 46313.3789 32365.3516 28514.0879
  endloop
 endfacet
facet normal 0.122160807 0.927641332 -0.352928132
  outer loop
   vertex 45976.8086 32346.0547 28346.8652
   vertex 46313.3789 32365.3516 28514.0879
   vertex 46167.4648 32288.1719 28260.7188
  endloop
 endfacet
facet normal 0.457836062 0.862611592 -0.215145022
  outer loop
   vertex 46817.1133 32152.7969 28165.7324
   vertex 47018.9375 32122.3047 28472.9668
   vertex 46934.5977 32094.5703 28182.293
  endloop
 endfacet
facet normal 0.156112596 0.949950933 -0.2705957
  outer loop
   vertex 46773.293 32119.5566 27992.6504
   vertex 46757.9023 32133.623 28033.1504
   vertex 46796.4336 32125.4902 28026.834
  endloop
 endfacet
facet normal 0.317747802 0.900622964 -0.296504021
  outer loop
   vertex 46702.3438 32331.0801 28667.5938
   vertex 46863.4336 32259.041 28621.4082
   vertex 46664.1328 32256.9883 28401.5938
  endloop
 endfacet
facet normal 0.0569579527 0.853505254 -0.517961919
  outer loop
   vertex 46043.8516 32179.4238 28083.2051
   vertex 46345.0078 32205.4707 28159.2402
   vertex 46216.8398 32105.168 27979.8672
  endloop
 endfacet
facet normal 0.0685619414 0.828728974 -0.555434525
  outer loop
   vertex 46043.8516 32179.4238 28083.2051
   vertex 46167.4648 32288.1719 28260.7188
   vertex 46345.0078 32205.4707 28159.2402
  endloop
 endfacet
facet normal 0.309500575 -0.574376106 -0.757826865
  outer loop
   vertex 46894.0938 32031.9668 28065.3203
   vertex 46738.8516 32059.082 27981.3672
   vertex 46840.5977 32075.1484 28010.7422
  endloop
 endfacet
facet normal 0.486535937 0.0973892137 -0.868215501
  outer loop
   vertex 46894.0938 32031.9668 28065.3203
   vertex 46822.9922 31880.2676 28008.459
   vertex 46738.8516 32059.082 27981.3672
  endloop
 endfacet
facet normal 0.0661719292 0.902819157 -0.424898624
  outer loop
   vertex 45852.9883 32449.4102 28547.1895
   vertex 45976.8086 32346.0547 28346.8652
   vertex 45703.457 32379.418 28375.1836
  endloop
 endfacet
facet normal 0.273043573 0.903130054 0.331365824
  outer loop
   vertex 45644.0781 32570.9746 29082.7461
   vertex 45716.7227 32489.5781 29244.7305
   vertex 45831.5117 32523.3086 29058.2148
  endloop
 endfacet
facet normal 0.0267079957 0.848084629 -0.529187202
  outer loop
   vertex 45976.8086 32346.0547 28346.8652
   vertex 46043.8516 32179.4238 28083.2051
   vertex 45734.8398 32228.207 28145.7891
  endloop
 endfacet
facet normal -0.0655165538 0.857265413 -0.510689318
  outer loop
   vertex 45076.8711 32366.9082 28425.3691
   vertex 44934.4805 32381.5527 28468.2188
   vertex 45104.125 32519.1133 28677.3711
  endloop
 endfacet
facet normal -0.0592570417 0.855411947 -0.514547348
  outer loop
   vertex 44934.4805 32381.5527 28468.2188
   vertex 44825.2305 32467.4316 28623.5703
   vertex 45104.125 32519.1133 28677.3711
  endloop
 endfacet
facet normal 0.122021146 0.960005701 -0.251991838
  outer loop
   vertex 45646.6641 32498.3848 28660.1641
   vertex 45717.5039 32554.2188 28907.1719
   vertex 45901.418 32502.5156 28799.2637
  endloop
 endfacet
facet normal 0.13854222 0.912410378 -0.385114729
  outer loop
   vertex 46041.4609 32440.9375 28594.9199
   vertex 45976.8086 32346.0547 28346.8652
   vertex 45852.9883 32449.4102 28547.1895
  endloop
 endfacet
facet normal -0.104347639 0.716614544 -0.689619541
  outer loop
   vertex 46216.8398 32105.168 27979.8672
   vertex 46113.2188 31988.4551 27874.2637
   vertex 46043.8516 32179.4238 28083.2051
  endloop
 endfacet
facet normal 0.045641996 0.836915553 -0.545425653
  outer loop
   vertex 45976.8086 32346.0547 28346.8652
   vertex 45734.8398 32228.207 28145.7891
   vertex 45703.457 32379.418 28375.1836
  endloop
 endfacet
facet normal -0.34933123 0.507297218 -0.787792623
  outer loop
   vertex 45619.6172 32111.8848 28028.8652
   vertex 45519.7656 31982.543 27989.8535
   vertex 45476.4688 32189.5098 28142.3281
  endloop
 endfacet
facet normal -0.0506588109 0.88457197 -0.463644445
  outer loop
   vertex 45703.457 32379.418 28375.1836
   vertex 45583.8008 32303.3984 28243.2246
   vertex 45452.0938 32377.0156 28398.0664
  endloop
 endfacet
facet normal -0.0444986634 0.918719292 -0.392396063
  outer loop
   vertex 45646.6641 32498.3848 28660.1641
   vertex 45703.457 32379.418 28375.1836
   vertex 45452.0938 32377.0156 28398.0664
  endloop
 endfacet
facet normal 0.100183435 0.969538987 -0.223511472
  outer loop
   vertex 46041.4609 32440.9375 28594.9199
   vertex 45852.9883 32449.4102 28547.1895
   vertex 45901.418 32502.5156 28799.2637
  endloop
 endfacet
facet normal 0.0666625351 0.837237 -0.542761803
  outer loop
   vertex 45734.8398 32228.207 28145.7891
   vertex 45583.8008 32303.3984 28243.2246
   vertex 45703.457 32379.418 28375.1836
  endloop
 endfacet
facet normal -0.261537105 0.766333818 -0.586797118
  outer loop
   vertex 45452.0938 32377.0156 28398.0664
   vertex 45583.8008 32303.3984 28243.2246
   vertex 45476.4688 32189.5098 28142.3281
  endloop
 endfacet
facet normal -0.104335621 0.754569888 -0.64787221
  outer loop
   vertex 45734.8398 32228.207 28145.7891
   vertex 45619.6172 32111.8848 28028.8652
   vertex 45476.4688 32189.5098 28142.3281
  endloop
 endfacet
facet normal -0.0969338864 0.709623575 -0.697881222
  outer loop
   vertex 45583.8008 32303.3984 28243.2246
   vertex 45734.8398 32228.207 28145.7891
   vertex 45476.4688 32189.5098 28142.3281
  endloop
 endfacet
facet normal -0.387038082 -0.497163355 -0.776550114
  outer loop
   vertex 45286.25 31840.5996 28058.4258
   vertex 45561.5781 31788.7676 27954.3848
   vertex 45460.3086 31688.9551 28068.7598
  endloop
 endfacet
facet normal -0.122288711 0.79481262 -0.594405949
  outer loop
   vertex 45452.0938 32377.0156 28398.0664
   vertex 45476.4688 32189.5098 28142.3281
   vertex 45204.3984 32239.207 28264.7559
  endloop
 endfacet
facet normal -0.0981736332 0.777437329 -0.621251285
  outer loop
   vertex 45233.1328 32418.957 28485.1562
   vertex 45452.0938 32377.0156 28398.0664
   vertex 45204.3984 32239.207 28264.7559
  endloop
 endfacet
facet normal -0.00732661691 0.893609464 -0.448785573
  outer loop
   vertex 45452.0938 32377.0156 28398.0664
   vertex 45233.1328 32418.957 28485.1562
   vertex 45354.3164 32537.3379 28718.8906
  endloop
 endfacet
facet normal -0.0861867517 0.816814482 -0.570426106
  outer loop
   vertex 44621.2734 32337.9238 28468.9395
   vertex 44619.5273 32480.5977 28673.5039
   vertex 44825.2305 32467.4316 28623.5703
  endloop
 endfacet
facet normal 0.26760599 0.911304891 0.312906355
  outer loop
   vertex 46046.2227 32473.4492 29019.7969
   vertex 45831.5117 32523.3086 29058.2148
   vertex 45935.6133 32438.002 29217.6328
  endloop
 endfacet
facet normal 0.0109137986 0.889762104 -0.45629409
  outer loop
   vertex 45233.1328 32418.957 28485.1562
   vertex 45104.125 32519.1133 28677.3711
   vertex 45354.3164 32537.3379 28718.8906
  endloop
 endfacet
facet normal 0.0236501601 0.855144501 -0.517849922
  outer loop
   vertex 45354.3164 32537.3379 28718.8906
   vertex 45104.125 32519.1133 28677.3711
   vertex 45228 32572.2227 28770.7305
  endloop
 endfacet
facet normal -0.0684419945 0.963943958 -0.257153034
  outer loop
   vertex 45099.8984 32607.8066 28861.8184
   vertex 44978.207 32596.8262 28853.041
   vertex 45087.2344 32639.582 28984.2969
  endloop
 endfacet
facet normal 0.151408151 0.953924179 -0.259044766
  outer loop
   vertex 45547.0664 32580.6973 28905.0625
   vertex 45717.5039 32554.2188 28907.1719
   vertex 45646.6641 32498.3848 28660.1641
  endloop
 endfacet
facet normal 0.106927037 0.968566179 -0.224602163
  outer loop
   vertex 45852.9883 32449.4102 28547.1895
   vertex 45646.6641 32498.3848 28660.1641
   vertex 45901.418 32502.5156 28799.2637
  endloop
 endfacet
facet normal 0.0971545801 0.965772867 -0.2405072
  outer loop
   vertex 45087.2344 32639.582 28984.2969
   vertex 45226.0312 32608.4316 28915.2754
   vertex 45099.8984 32607.8066 28861.8184
  endloop
 endfacet
facet normal -0.0499043539 0.899649799 -0.433750778
  outer loop
   vertex 45104.125 32519.1133 28677.3711
   vertex 44978.207 32596.8262 28853.041
   vertex 45099.8984 32607.8066 28861.8184
  endloop
 endfacet
facet normal -0.0781500116 0.889787555 -0.449634016
  outer loop
   vertex 45104.125 32519.1133 28677.3711
   vertex 44825.2305 32467.4316 28623.5703
   vertex 44978.207 32596.8262 28853.041
  endloop
 endfacet
facet normal 0.175051704 0.888864815 -0.423410177
  outer loop
   vertex 45104.125 32519.1133 28677.3711
   vertex 45099.8984 32607.8066 28861.8184
   vertex 45226.0312 32608.4316 28915.2754
  endloop
 endfacet
facet normal -0.224342957 0.944579542 -0.23966594
  outer loop
   vertex 45228 32572.2227 28770.7305
   vertex 45104.125 32519.1133 28677.3711
   vertex 45226.0312 32608.4316 28915.2754
  endloop
 endfacet
facet normal 0.223097101 0.974629462 -0.0180292632
  outer loop
   vertex 45831.5117 32523.3086 29058.2148
   vertex 46046.2227 32473.4492 29019.7969
   vertex 45901.418 32502.5156 28799.2637
  endloop
 endfacet
facet normal 0.00241704681 -0.841739476 0.539878547
  outer loop
   vertex 46489.9258 31758.7695 29027.9902
   vertex 46183.7578 31804.5039 29100.668
   vertex 46232.3359 31638.2715 28841.2734
  endloop
 endfacet
facet normal 0.310712665 0.759127796 0.571998775
  outer loop
   vertex 47086.0742 32143.9766 28960.3496
   vertex 46875.0977 32243.6973 28942.6074
   vertex 46887.3594 32125.8281 29092.377
  endloop
 endfacet
facet normal 0.287402809 0.683513761 0.670975804
  outer loop
   vertex 46156.1758 32387.5508 29182.3281
   vertex 46246.1094 32256.3867 29277.4219
   vertex 46384.1719 32333.1172 29140.1191
  endloop
 endfacet
facet normal 0.176040918 0.983083427 0.0505625643
  outer loop
   vertex 46269.3672 32425.5938 28994.3223
   vertex 46355.8398 32419.9512 28802.9668
   vertex 46158.0469 32455.9648 28791.3691
  endloop
 endfacet
facet normal 0.523437738 0.825300276 -0.21187821
  outer loop
   vertex 47011.6133 32205.0117 28777.0312
   vertex 47018.9375 32122.3047 28472.9668
   vertex 46863.4336 32259.041 28621.4082
  endloop
 endfacet
facet normal 0.368223995 0.917963743 -0.147491232
  outer loop
   vertex 46843.5312 32293.1172 28783.8066
   vertex 46863.4336 32259.041 28621.4082
   vertex 46702.3438 32331.0801 28667.5938
  endloop
 endfacet
facet normal 0.256135523 0.966630042 0.00458281767
  outer loop
   vertex 46843.5312 32293.1172 28783.8066
   vertex 46702.3438 32331.0801 28667.5938
   vertex 46690.5195 32333.25 28870.877
  endloop
 endfacet
facet normal 0.478396744 0.850206912 -0.219737947
  outer loop
   vertex 47018.9375 32122.3047 28472.9668
   vertex 47011.6133 32205.0117 28777.0312
   vertex 47273.0078 32073.4434 28837.0566
  endloop
 endfacet
facet normal 0.212818041 0.976648629 0.0294270292
  outer loop
   vertex 46269.3672 32425.5938 28994.3223
   vertex 46158.0469 32455.9648 28791.3691
   vertex 46046.2227 32473.4492 29019.7969
  endloop
 endfacet
facet normal 0.178834066 0.983803093 0.0122432103
  outer loop
   vertex 45901.418 32502.5156 28799.2637
   vertex 46046.2227 32473.4492 29019.7969
   vertex 46158.0469 32455.9648 28791.3691
  endloop
 endfacet
facet normal 0.187030375 0.959884048 -0.208907411
  outer loop
   vertex 46355.8398 32419.9512 28802.9668
   vertex 46313.3789 32365.3516 28514.0879
   vertex 46158.0469 32455.9648 28791.3691
  endloop
 endfacet
facet normal 0.207882702 0.958178639 -0.196668565
  outer loop
   vertex 46313.3789 32365.3516 28514.0879
   vertex 46041.4609 32440.9375 28594.9199
   vertex 46158.0469 32455.9648 28791.3691
  endloop
 endfacet
facet normal 0.170491844 0.96963048 -0.175354585
  outer loop
   vertex 46041.4609 32440.9375 28594.9199
   vertex 45901.418 32502.5156 28799.2637
   vertex 46158.0469 32455.9648 28791.3691
  endloop
 endfacet
facet normal 0.233076185 0.970414042 0.0630240142
  outer loop
   vertex 46485.707 32377.2852 28950.2734
   vertex 46690.5195 32333.25 28870.877
   vertex 46525.6328 32381.6836 28734.9043
  endloop
 endfacet
facet normal 0.136975184 0.969474733 -0.203363046
  outer loop
   vertex 46355.8398 32419.9512 28802.9668
   vertex 46525.6328 32381.6836 28734.9043
   vertex 46313.3789 32365.3516 28514.0879
  endloop
 endfacet
facet normal 0.277360231 0.960748017 0.00588003173
  outer loop
   vertex 46690.5195 32333.25 28870.877
   vertex 46702.3438 32331.0801 28667.5938
   vertex 46525.6328 32381.6836 28734.9043
  endloop
 endfacet
facet normal 0.22763662 0.965287387 -0.128069431
  outer loop
   vertex 46702.3438 32331.0801 28667.5938
   vertex 46559.8008 32352.7891 28577.8477
   vertex 46525.6328 32381.6836 28734.9043
  endloop
 endfacet
facet normal 0.0917212218 0.982708871 -0.160842896
  outer loop
   vertex 46559.8008 32352.7891 28577.8477
   vertex 46313.3789 32365.3516 28514.0879
   vertex 46525.6328 32381.6836 28734.9043
  endloop
 endfacet
facet normal 0.518044949 0.853214443 -0.0604528897
  outer loop
   vertex 47408.1836 32012.125 28831.7363
   vertex 47404.25 32010.2051 28770.9238
   vertex 47375.7539 32028.2832 28781.8809
  endloop
 endfacet
facet normal 0.413804621 0.910001278 0.0257565137
  outer loop
   vertex 47273.0078 32073.4434 28837.0566
   vertex 47408.1836 32012.125 28831.7363
   vertex 47375.7539 32028.2832 28781.8809
  endloop
 endfacet
facet normal 0.611154735 0.716561198 -0.336199194
  outer loop
   vertex 47273.0078 32073.4434 28837.0566
   vertex 47359.2773 32041.248 28925.2617
   vertex 47400.0586 32003.4727 28918.8789
  endloop
 endfacet
facet normal 0.413875014 0.901277959 0.128084064
  outer loop
   vertex 47273.0078 32073.4434 28837.0566
   vertex 47400.0586 32003.4727 28918.8789
   vertex 47408.1836 32012.125 28831.7363
  endloop
 endfacet
facet normal 0.383855999 0.547496915 0.743573606
  outer loop
   vertex 47316.8633 32014.6816 28974.998
   vertex 47225.2617 32083.1953 28971.8379
   vertex 47131.5586 32052.1895 29043.041
  endloop
 endfacet
facet normal 0.314089775 0.94446373 0.0966223031
  outer loop
   vertex 47418.9727 31923.8477 28859.5039
   vertex 47454.8945 31903.2598 28943.9766
   vertex 47470.9961 31899.8848 28924.6113
  endloop
 endfacet
facet normal 0.352833211 -0.808641195 0.470752716
  outer loop
   vertex 47148.1875 31671.2754 28754.4551
   vertex 47346.7344 31830.9766 28879.9668
   vertex 47194.0938 31801.3164 28943.4258
  endloop
 endfacet
facet normal 0.402945727 0.804306567 0.436721504
  outer loop
   vertex 47407.8008 31971.4355 28970.7402
   vertex 47400.0586 32003.4727 28918.8789
   vertex 47316.8633 32014.6816 28974.998
  endloop
 endfacet
facet normal 0.371784717 -0.753631175 0.542048097
  outer loop
   vertex 47369.1406 31907.9434 28971.6133
   vertex 47194.0938 31801.3164 28943.4258
   vertex 47346.7344 31830.9766 28879.9668
  endloop
 endfacet
facet normal -0.115085982 -0.746638179 0.655199707
  outer loop
   vertex 47431.125 31876.6152 28946.7988
   vertex 47369.1406 31907.9434 28971.6133
   vertex 47346.7344 31830.9766 28879.9668
  endloop
 endfacet
facet normal 0.991190374 0.129642799 0.0270989798
  outer loop
   vertex 47408.1836 32012.125 28831.7363
   vertex 47418.9727 31923.8477 28859.5039
   vertex 47412.5977 31987.5898 28787.6738
  endloop
 endfacet
facet normal 0.671687722 -0.728258967 -0.135920599
  outer loop
   vertex 47148.1875 31671.2754 28754.4551
   vertex 47264.6836 31793.793 28673.7109
   vertex 47346.7344 31830.9766 28879.9668
  endloop
 endfacet
facet normal 0.75500834 -0.628468215 -0.187056333
  outer loop
   vertex 47418.9727 31923.8477 28859.5039
   vertex 47346.7344 31830.9766 28879.9668
   vertex 47264.6836 31793.793 28673.7109
  endloop
 endfacet
facet normal 0.576182842 -0.307605028 0.757226825
  outer loop
   vertex 47033.1562 31599.9863 28813.0234
   vertex 47148.1875 31671.2754 28754.4551
   vertex 46974.6953 31673.6426 28887.4258
  endloop
 endfacet
facet normal 0.350473046 -0.809135199 0.471666038
  outer loop
   vertex 47194.0938 31801.3164 28943.4258
   vertex 46974.6953 31673.6426 28887.4258
   vertex 47148.1875 31671.2754 28754.4551
  endloop
 endfacet
facet normal 0.0816107094 -0.965534091 0.247150987
  outer loop
   vertex 44917.5 31584.3203 28670.2324
   vertex 45081.8984 31592.6543 28648.5059
   vertex 45031.4609 31634.8105 28829.8516
  endloop
 endfacet
facet normal -0.035626173 0.695276797 -0.717858553
  outer loop
   vertex 45734.8398 32228.207 28145.7891
   vertex 46043.8516 32179.4238 28083.2051
   vertex 45795.9492 32033.1113 27953.7988
  endloop
 endfacet
facet normal -0.254290074 -0.891835988 -0.374119163
  outer loop
   vertex 45725.7031 31641.1816 28002.2559
   vertex 45556.8711 31585.8633 28248.8789
   vertex 45460.3086 31688.9551 28068.7598
  endloop
 endfacet
facet normal -0.238070607 0.592504203 -0.769585013
  outer loop
   vertex 45476.4688 32189.5098 28142.3281
   vertex 45289.375 32050.6699 28093.3125
   vertex 45204.3984 32239.207 28264.7559
  endloop
 endfacet
facet normal -0.26780203 -0.227320597 -0.936273158
  outer loop
   vertex 46238.3164 31800.291 27754.7754
   vertex 46205.2852 31622.8867 27807.2949
   vertex 45982.1953 31673.0293 27858.9316
  endloop
 endfacet
facet normal 0.0114922198 0.703193188 -0.710905969
  outer loop
   vertex 45619.6172 32111.8848 28028.8652
   vertex 45734.8398 32228.207 28145.7891
   vertex 45795.9492 32033.1113 27953.7988
  endloop
 endfacet
facet normal -0.196608961 0.454276025 -0.868894815
  outer loop
   vertex 45795.9492 32033.1113 27953.7988
   vertex 45697.9531 31877.4414 27894.584
   vertex 45519.7656 31982.543 27989.8535
  endloop
 endfacet
facet normal -0.192254409 0.416442752 -0.888602078
  outer loop
   vertex 45795.9492 32033.1113 27953.7988
   vertex 45519.7656 31982.543 27989.8535
   vertex 45619.6172 32111.8848 28028.8652
  endloop
 endfacet
facet normal -0.0957336202 0.0816762373 -0.992050409
  outer loop
   vertex 46292.6875 31894.5215 27757.2852
   vertex 46377.2539 31863.6562 27746.584
   vertex 46238.3164 31800.291 27754.7754
  endloop
 endfacet
facet normal -0.0698510408 0.724678695 -0.685537457
  outer loop
   vertex 45795.9492 32033.1113 27953.7988
   vertex 46043.8516 32179.4238 28083.2051
   vertex 46113.2188 31988.4551 27874.2637
  endloop
 endfacet
facet normal 0.798911572 -0.365944922 -0.477309763
  outer loop
   vertex 46738.8516 32059.082 27981.3672
   vertex 46773.293 32119.5566 27992.6504
   vertex 46796.4336 32125.4902 28026.834
  endloop
 endfacet
facet normal 0.504725933 0.145001546 -0.851014853
  outer loop
   vertex 46848.7383 32100.7285 28053.6348
   vertex 46738.8516 32059.082 27981.3672
   vertex 46796.4336 32125.4902 28026.834
  endloop
 endfacet
facet normal 0.457910597 0.848587811 -0.264984071
  outer loop
   vertex 46817.1133 32152.7969 28165.7324
   vertex 46934.5977 32094.5703 28182.293
   vertex 46848.7383 32100.7285 28053.6348
  endloop
 endfacet
facet normal 0.113848768 0.933967352 -0.338738024
  outer loop
   vertex 46817.1133 32152.7969 28165.7324
   vertex 46623.7148 32148.6055 28089.1738
   vertex 46664.1328 32256.9883 28401.5938
  endloop
 endfacet
facet normal 0.119104855 0.86547631 -0.486584783
  outer loop
   vertex 47273.0078 32073.4434 28837.0566
   vertex 47375.7539 32028.2832 28781.8809
   vertex 47300.8906 31978.6055 28675.1934
  endloop
 endfacet
facet normal 0.603372633 0.729023874 -0.323211432
  outer loop
   vertex 47018.9375 32122.3047 28472.9668
   vertex 47273.0078 32073.4434 28837.0566
   vertex 47300.8906 31978.6055 28675.1934
  endloop
 endfacet
facet normal 0.279775083 0.780122459 -0.559584558
  outer loop
   vertex 47375.7539 32028.2832 28781.8809
   vertex 47404.25 32010.2051 28770.9238
   vertex 47300.8906 31978.6055 28675.1934
  endloop
 endfacet
facet normal 0.789381802 0.44966054 -0.417949528
  outer loop
   vertex 46848.7383 32100.7285 28053.6348
   vertex 46894.0938 32031.9668 28065.3203
   vertex 46840.5977 32075.1484 28010.7422
  endloop
 endfacet
facet normal 0.76379472 0.420605242 -0.489600688
  outer loop
   vertex 46848.7383 32100.7285 28053.6348
   vertex 46934.5977 32094.5703 28182.293
   vertex 46894.0938 32031.9668 28065.3203
  endloop
 endfacet
facet normal 0.133926123 -0.972910523 0.188438013
  outer loop
   vertex 46709.9961 31524.8164 28502.4824
   vertex 46452.6914 31485.2637 28481.1465
   vertex 46451.1055 31441.4727 28256.1797
  endloop
 endfacet
facet normal 0.634195626 0.645564079 -0.425491363
  outer loop
   vertex 47018.9375 32122.3047 28472.9668
   vertex 47300.8906 31978.6055 28675.1934
   vertex 47133.6289 31969.6934 28412.3711
  endloop
 endfacet
facet normal 0.694132268 0.646974683 -0.315601319
  outer loop
   vertex 47014.0664 32011.0977 28234.2812
   vertex 47018.9375 32122.3047 28472.9668
   vertex 47133.6289 31969.6934 28412.3711
  endloop
 endfacet
facet normal 0.556071579 0.303766727 -0.773634374
  outer loop
   vertex 46459.4492 31831.6191 27733.0117
   vertex 46565.375 31877.9082 27827.3242
   vertex 46504.1055 31783.0352 27746.0332
  endloop
 endfacet
facet normal 0.776297033 0.565179229 -0.279169112
  outer loop
   vertex 46934.5977 32094.5703 28182.293
   vertex 47018.9375 32122.3047 28472.9668
   vertex 47014.0664 32011.0977 28234.2812
  endloop
 endfacet
facet normal 0.804302335 -0.0325565264 -0.593327761
  outer loop
   vertex 46639.0352 31703.3145 27839.3613
   vertex 46842.8086 31673.2461 28117.2422
   vertex 46671.875 31563.459 27891.5527
  endloop
 endfacet
facet normal 0.690333188 -0.358783752 -0.628262937
  outer loop
   vertex 46822.9922 31880.2676 28008.459
   vertex 46959.2461 31949.7012 28118.5234
   vertex 47029.4531 31859.5977 28247.123
  endloop
 endfacet
facet normal 0.797188222 0.28829515 -0.530449629
  outer loop
   vertex 46894.0938 32031.9668 28065.3203
   vertex 47014.0664 32011.0977 28234.2812
   vertex 46959.2461 31949.7012 28118.5234
  endloop
 endfacet
facet normal 0.624299824 -0.77530241 -0.0956866667
  outer loop
   vertex 46631.7617 31504.7246 28105.7441
   vertex 46671.875 31563.459 27891.5527
   vertex 46842.8086 31673.2461 28117.2422
  endloop
 endfacet
facet normal 0.839916468 0.0775226876 -0.537150383
  outer loop
   vertex 47133.6289 31969.6934 28412.3711
   vertex 47300.8906 31978.6055 28675.1934
   vertex 47190.7227 31855.1797 28485.1191
  endloop
 endfacet
facet normal 0.744139731 -0.347796679 -0.570345044
  outer loop
   vertex 46842.8086 31673.2461 28117.2422
   vertex 47029.4531 31859.5977 28247.123
   vertex 47108.1875 31686.0059 28455.707
  endloop
 endfacet
facet normal 0.0183751378 -0.961398602 -0.274545282
  outer loop
   vertex 46533.5312 31493.5488 27881.2812
   vertex 46570.4219 31521.2988 27786.5781
   vertex 46617.9102 31510.2734 27828.3594
  endloop
 endfacet
facet normal 0.639227927 0.218860656 -0.737216175
  outer loop
   vertex 46565.375 31877.9082 27827.3242
   vertex 46639.0352 31703.3145 27839.3613
   vertex 46504.1055 31783.0352 27746.0332
  endloop
 endfacet
facet normal -0.0685524493 -0.368629992 -0.927045047
  outer loop
   vertex 46375.6523 31621.2539 27764.332
   vertex 46546.5625 31593.3574 27762.7852
   vertex 46477.8438 31536.7598 27790.373
  endloop
 endfacet
facet normal -0.0465620533 -0.231425166 -0.971737802
  outer loop
   vertex 46375.6523 31621.2539 27764.332
   vertex 46451.1953 31711.5195 27739.2129
   vertex 46546.5625 31593.3574 27762.7852
  endloop
 endfacet
facet normal 0.270801872 -0.00908283796 -0.962592244
  outer loop
   vertex 46459.4492 31831.6191 27733.0117
   vertex 46504.1055 31783.0352 27746.0332
   vertex 46391.1133 31800.498 27714.082
  endloop
 endfacet
facet normal 0.383578926 -0.920454383 0.0750396699
  outer loop
   vertex 46456.8359 31432.0742 28111.6172
   vertex 46451.1055 31441.4727 28256.1797
   vertex 46402.4141 31412.0801 28144.5195
  endloop
 endfacet
facet normal 0.252549797 0.662348986 -0.705345631
  outer loop
   vertex 46565.375 31877.9082 27827.3242
   vertex 46377.2539 31863.6562 27746.584
   vertex 46388.7109 32012.3789 27890.3418
  endloop
 endfacet
facet normal 0.200839311 0.771203101 -0.60407722
  outer loop
   vertex 46565.375 31877.9082 27827.3242
   vertex 46459.4492 31831.6191 27733.0117
   vertex 46377.2539 31863.6562 27746.584
  endloop
 endfacet
facet normal 0.0285476446 0.737949491 -0.674251914
  outer loop
   vertex 46247.9102 31915.6172 27778.4805
   vertex 46388.7109 32012.3789 27890.3418
   vertex 46292.6875 31894.5215 27757.2852
  endloop
 endfacet
facet normal 0.157578617 0.680020869 -0.716059089
  outer loop
   vertex 46388.7109 32012.3789 27890.3418
   vertex 46377.2539 31863.6562 27746.584
   vertex 46292.6875 31894.5215 27757.2852
  endloop
 endfacet
facet normal 0.930835247 0.0860313997 -0.355168104
  outer loop
   vertex 46671.875 31563.459 27891.5527
   vertex 46632.8633 31589.2676 27795.5664
   vertex 46639.0352 31703.3145 27839.3613
  endloop
 endfacet
facet normal 0.891495466 0.0523898825 -0.449990124
  outer loop
   vertex 47014.0664 32011.0977 28234.2812
   vertex 47029.4531 31859.5977 28247.123
   vertex 46959.2461 31949.7012 28118.5234
  endloop
 endfacet
facet normal 0.826984048 0.0569844954 -0.559330106
  outer loop
   vertex 47029.4531 31859.5977 28247.123
   vertex 47133.6289 31969.6934 28412.3711
   vertex 47190.7227 31855.1797 28485.1191
  endloop
 endfacet
facet normal 0.83370769 0.0379679874 -0.550899148
  outer loop
   vertex 47029.4531 31859.5977 28247.123
   vertex 47014.0664 32011.0977 28234.2812
   vertex 47133.6289 31969.6934 28412.3711
  endloop
 endfacet
facet normal 0.778088689 -0.627086163 -0.0366186649
  outer loop
   vertex 47158.6641 31622.9531 28552.5527
   vertex 47188.1914 31657.041 28596.2598
   vertex 47159.3086 31619.7734 28620.6738
  endloop
 endfacet
facet normal 0.550431132 -0.563804209 -0.615751863
  outer loop
   vertex 47450.2852 31882.8027 28925.0801
   vertex 47346.7344 31830.9766 28879.9668
   vertex 47418.9727 31923.8477 28859.5039
  endloop
 endfacet
facet normal 0.95171541 0.298664093 -0.070975855
  outer loop
   vertex 47404.25 32010.2051 28770.9238
   vertex 47408.1836 32012.125 28831.7363
   vertex 47412.5977 31987.5898 28787.6738
  endloop
 endfacet
facet normal 0.690494418 -0.568578064 0.447142512
  outer loop
   vertex 47431.125 31876.6152 28946.7988
   vertex 47450.2852 31882.8027 28925.0801
   vertex 47454.8945 31903.2598 28943.9766
  endloop
 endfacet
facet normal 0.308629006 0.0442826003 0.950151145
  outer loop
   vertex 47369.1406 31907.9434 28971.6133
   vertex 47454.8945 31903.2598 28943.9766
   vertex 47436.6797 31943.3594 28948.0234
  endloop
 endfacet
facet normal 0.434430361 -0.252657741 0.864542842
  outer loop
   vertex 47407.8008 31971.4355 28970.7402
   vertex 47369.1406 31907.9434 28971.6133
   vertex 47436.6797 31943.3594 28948.0234
  endloop
 endfacet
facet normal 0.767999649 0.552912414 -0.323209554
  outer loop
   vertex 47108.1875 31686.0059 28455.707
   vertex 47188.1914 31657.041 28596.2598
   vertex 47174.3047 31637.1738 28529.2715
  endloop
 endfacet
facet normal 0.837994456 -0.48226124 0.255322188
  outer loop
   vertex 47148.1875 31671.2754 28754.4551
   vertex 47159.3086 31619.7734 28620.6738
   vertex 47188.1914 31657.041 28596.2598
  endloop
 endfacet
facet normal 0.606596529 -0.567149937 -0.557119012
  outer loop
   vertex 47412.5977 31987.5898 28787.6738
   vertex 47418.9727 31923.8477 28859.5039
   vertex 47300.8906 31978.6055 28675.1934
  endloop
 endfacet
facet normal 0.698107243 -0.241581157 -0.674006522
  outer loop
   vertex 47404.25 32010.2051 28770.9238
   vertex 47412.5977 31987.5898 28787.6738
   vertex 47300.8906 31978.6055 28675.1934
  endloop
 endfacet
facet normal -0.0079024164 -0.915720046 0.40173921
  outer loop
   vertex 45956.293 31687.5586 28926.2402
   vertex 45750.9375 31599.8457 28722.2695
   vertex 46001.9961 31561.5215 28639.8516
  endloop
 endfacet
facet normal -0.0399839096 -0.917644203 0.395386338
  outer loop
   vertex 46001.9961 31561.5215 28639.8516
   vertex 46253.7969 31505.4766 28535.2441
   vertex 46232.3359 31638.2715 28841.2734
  endloop
 endfacet
facet normal 0.216133371 -0.352156073 0.910643995
  outer loop
   vertex 46748.3633 32005.2539 29171.4043
   vertex 46530.9648 32050.1348 29240.3574
   vertex 46591.9727 31911.4785 29172.2578
  endloop
 endfacet
facet normal -0.734144628 -0.597450793 0.322620809
  outer loop
   vertex 47007.4766 31588.2168 28823.3125
   vertex 46971.6445 31581.2812 28728.9355
   vertex 47013.8164 31569.7168 28803.4785
  endloop
 endfacet
facet normal -0.00772191072 -0.968131661 0.250322759
  outer loop
   vertex 46709.9961 31524.8164 28502.4824
   vertex 46971.6445 31581.2812 28728.9355
   vertex 46784.8203 31592.6836 28767.2734
  endloop
 endfacet
facet normal 0.116418697 -0.936223567 0.331560045
  outer loop
   vertex 46521.2969 31584.0234 28735.9219
   vertex 46452.6914 31485.2637 28481.1465
   vertex 46709.9961 31524.8164 28502.4824
  endloop
 endfacet
facet normal 0.00237921649 -0.968846262 0.247651458
  outer loop
   vertex 46784.8203 31592.6836 28767.2734
   vertex 46521.2969 31584.0234 28735.9219
   vertex 46709.9961 31524.8164 28502.4824
  endloop
 endfacet
facet normal 0.717035532 -0.694673598 0.0573465899
  outer loop
   vertex 47158.6641 31622.9531 28552.5527
   vertex 47174.3047 31637.1738 28529.2715
   vertex 47188.1914 31657.041 28596.2598
  endloop
 endfacet
facet normal 0.51429069 -0.538947403 0.667113781
  outer loop
   vertex 47007.4766 31588.2168 28823.3125
   vertex 47013.8164 31569.7168 28803.4785
   vertex 47033.1562 31599.9863 28813.0234
  endloop
 endfacet
facet normal -0.0836831033 -0.97639662 0.199115008
  outer loop
   vertex 46001.9961 31561.5215 28639.8516
   vertex 45750.9375 31599.8457 28722.2695
   vertex 45788.9219 31539.5 28442.3223
  endloop
 endfacet
facet normal 0.00330693228 -0.932695091 0.360650659
  outer loop
   vertex 46452.6914 31485.2637 28481.1465
   vertex 46521.2969 31584.0234 28735.9219
   vertex 46253.7969 31505.4766 28535.2441
  endloop
 endfacet
facet normal -0.181620628 -0.983207941 -0.0177802872
  outer loop
   vertex 45556.8711 31585.8633 28248.8789
   vertex 45871.9336 31529.0273 28173.5801
   vertex 45788.9219 31539.5 28442.3223
  endloop
 endfacet
facet normal -0.0278133377 -0.917712808 0.396269649
  outer loop
   vertex 46232.3359 31638.2715 28841.2734
   vertex 46253.7969 31505.4766 28535.2441
   vertex 46521.2969 31584.0234 28735.9219
  endloop
 endfacet
facet normal 0.777130306 -0.611438811 -0.149033993
  outer loop
   vertex 46671.875 31563.459 27891.5527
   vertex 46626.8359 31502.6758 27906.0742
   vertex 46617.9102 31510.2734 27828.3594
  endloop
 endfacet
facet normal -0.00625117589 -0.944047272 0.329750866
  outer loop
   vertex 46253.7969 31505.4766 28535.2441
   vertex 46326.2539 31444.4531 28361.9121
   vertex 46452.6914 31485.2637 28481.1465
  endloop
 endfacet
facet normal 0.778471947 -0.576293826 0.248730421
  outer loop
   vertex 47264.6836 31793.793 28673.7109
   vertex 47148.1875 31671.2754 28754.4551
   vertex 47188.1914 31657.041 28596.2598
  endloop
 endfacet
facet normal 0.233753204 -0.971133411 -0.0475319438
  outer loop
   vertex 47066.8203 31599.625 28577.5137
   vertex 47158.6641 31622.9531 28552.5527
   vertex 47159.3086 31619.7734 28620.6738
  endloop
 endfacet
facet normal 0.0994984955 -0.986378551 0.130986392
  outer loop
   vertex 46971.6445 31581.2812 28728.9355
   vertex 46709.9961 31524.8164 28502.4824
   vertex 46922.7266 31552.4277 28548.8145
  endloop
 endfacet
facet normal 0.297545582 -0.952011943 0.0716929659
  outer loop
   vertex 46971.6445 31581.2812 28728.9355
   vertex 46922.7266 31552.4277 28548.8145
   vertex 47066.8203 31599.625 28577.5137
  endloop
 endfacet
facet normal 0.791924775 -0.347742468 -0.501926661
  outer loop
   vertex 47033.1562 31599.9863 28813.0234
   vertex 47013.8164 31569.7168 28803.4785
   vertex 46971.6445 31581.2812 28728.9355
  endloop
 endfacet
facet normal 0.42942223 -0.888402462 0.162288651
  outer loop
   vertex 47148.1875 31671.2754 28754.4551
   vertex 46971.6445 31581.2812 28728.9355
   vertex 47066.8203 31599.625 28577.5137
  endloop
 endfacet
facet normal 0.466003835 -0.872522593 -0.146781415
  outer loop
   vertex 47148.1875 31671.2754 28754.4551
   vertex 47033.1562 31599.9863 28813.0234
   vertex 46971.6445 31581.2812 28728.9355
  endloop
 endfacet
facet normal 0.0342693813 -0.931726336 0.361540645
  outer loop
   vertex 47159.3086 31619.7734 28620.6738
   vertex 47148.1875 31671.2754 28754.4551
   vertex 47066.8203 31599.625 28577.5137
  endloop
 endfacet
facet normal 0.161235079 -0.973870575 -0.159935474
  outer loop
   vertex 46709.9961 31524.8164 28502.4824
   vertex 46893.7266 31575.498 28379.0957
   vertex 46922.7266 31552.4277 28548.8145
  endloop
 endfacet
facet normal 0.263920426 -0.96453917 -0.00319621596
  outer loop
   vertex 46893.7266 31575.498 28379.0957
   vertex 46709.9961 31524.8164 28502.4824
   vertex 46631.7617 31504.7246 28105.7441
  endloop
 endfacet
facet normal 0.319282889 -0.947541118 -0.0149739925
  outer loop
   vertex 46451.1055 31441.4727 28256.1797
   vertex 46631.7617 31504.7246 28105.7441
   vertex 46709.9961 31524.8164 28502.4824
  endloop
 endfacet
facet normal 0.789440274 -0.291210175 -0.540352404
  outer loop
   vertex 47029.4531 31859.5977 28247.123
   vertex 47190.7227 31855.1797 28485.1191
   vertex 47108.1875 31686.0059 28455.707
  endloop
 endfacet
facet normal 0.338783413 -0.92282939 -0.183335155
  outer loop
   vertex 47066.8203 31599.625 28577.5137
   vertex 46922.7266 31552.4277 28548.8145
   vertex 46893.7266 31575.498 28379.0957
  endloop
 endfacet
facet normal 0.384614438 -0.920021117 0.0750525445
  outer loop
   vertex 46456.8359 31432.0742 28111.6172
   vertex 46631.7617 31504.7246 28105.7441
   vertex 46451.1055 31441.4727 28256.1797
  endloop
 endfacet
facet normal 0.125891387 -0.985831976 -0.110845231
  outer loop
   vertex 46533.5312 31493.5488 27881.2812
   vertex 46617.9102 31510.2734 27828.3594
   vertex 46626.8359 31502.6758 27906.0742
  endloop
 endfacet
facet normal 0.169919908 -0.937461317 -0.303798407
  outer loop
   vertex 46456.8359 31432.0742 28111.6172
   vertex 46360.8789 31420.6289 28093.2695
   vertex 46420.1133 31457.4043 28012.918
  endloop
 endfacet
facet normal 0.0952860788 -0.995418906 0.00786012039
  outer loop
   vertex 46626.8359 31502.6758 27906.0742
   vertex 46631.7617 31504.7246 28105.7441
   vertex 46533.5312 31493.5488 27881.2812
  endloop
 endfacet
facet normal 0.241822228 -0.968609393 -0.0576013252
  outer loop
   vertex 46631.7617 31504.7246 28105.7441
   vertex 46420.1133 31457.4043 28012.918
   vertex 46533.5312 31493.5488 27881.2812
  endloop
 endfacet
facet normal 0.348790228 -0.868337631 -0.35261187
  outer loop
   vertex 46631.7617 31504.7246 28105.7441
   vertex 46456.8359 31432.0742 28111.6172
   vertex 46420.1133 31457.4043 28012.918
  endloop
 endfacet
facet normal 0.154525548 -0.263255924 -0.952270031
  outer loop
   vertex 46546.5625 31593.3574 27762.7852
   vertex 46621.1133 31542.5137 27788.9375
   vertex 46570.4219 31521.2988 27786.5781
  endloop
 endfacet
facet normal 0.8968364 -0.167358428 -0.409482181
  outer loop
   vertex 46632.8633 31589.2676 27795.5664
   vertex 46671.875 31563.459 27891.5527
   vertex 46621.1133 31542.5137 27788.9375
  endloop
 endfacet
facet normal 0.467386931 0.205706581 -0.859787345
  outer loop
   vertex 46639.0352 31703.3145 27839.3613
   vertex 46546.5625 31593.3574 27762.7852
   vertex 46451.1953 31711.5195 27739.2129
  endloop
 endfacet
facet normal 0.447169721 -0.248912901 -0.859116733
  outer loop
   vertex 46639.0352 31703.3145 27839.3613
   vertex 46451.1953 31711.5195 27739.2129
   vertex 46504.1055 31783.0352 27746.0332
  endloop
 endfacet
facet normal 0.827112436 -0.466138333 -0.314006418
  outer loop
   vertex 46671.875 31563.459 27891.5527
   vertex 46617.9102 31510.2734 27828.3594
   vertex 46621.1133 31542.5137 27788.9375
  endloop
 endfacet
facet normal 0.256708264 -0.0982390717 -0.961483181
  outer loop
   vertex 46504.1055 31783.0352 27746.0332
   vertex 46451.1953 31711.5195 27739.2129
   vertex 46391.1133 31800.498 27714.082
  endloop
 endfacet
facet normal 0.356540442 0.0427130386 -0.933302999
  outer loop
   vertex 46621.1133 31542.5137 27788.9375
   vertex 46546.5625 31593.3574 27762.7852
   vertex 46632.8633 31589.2676 27795.5664
  endloop
 endfacet
facet normal 0.716650963 -0.26942414 -0.643289983
  outer loop
   vertex 46822.9922 31880.2676 28008.459
   vertex 47029.4531 31859.5977 28247.123
   vertex 46842.8086 31673.2461 28117.2422
  endloop
 endfacet
facet normal 0.771087885 -0.236772895 -0.591068625
  outer loop
   vertex 46639.0352 31703.3145 27839.3613
   vertex 46822.9922 31880.2676 28008.459
   vertex 46842.8086 31673.2461 28117.2422
  endloop
 endfacet
facet normal 0.838967741 -0.178014085 -0.514241338
  outer loop
   vertex 47108.1875 31686.0059 28455.707
   vertex 47264.6836 31793.793 28673.7109
   vertex 47188.1914 31657.041 28596.2598
  endloop
 endfacet
facet normal 0.836328924 -0.3322092 -0.436108917
  outer loop
   vertex 47190.7227 31855.1797 28485.1191
   vertex 47264.6836 31793.793 28673.7109
   vertex 47108.1875 31686.0059 28455.707
  endloop
 endfacet
facet normal 0.526220083 -0.767688632 -0.365713835
  outer loop
   vertex 47066.8203 31599.625 28577.5137
   vertex 46893.7266 31575.498 28379.0957
   vertex 47108.1875 31686.0059 28455.707
  endloop
 endfacet
facet normal 0.0555649661 -0.823246956 -0.5649575
  outer loop
   vertex 47158.6641 31622.9531 28552.5527
   vertex 47066.8203 31599.625 28577.5137
   vertex 47108.1875 31686.0059 28455.707
  endloop
 endfacet
facet normal -0.0284880567 -0.844414651 -0.534932077
  outer loop
   vertex 47174.3047 31637.1738 28529.2715
   vertex 47158.6641 31622.9531 28552.5527
   vertex 47108.1875 31686.0059 28455.707
  endloop
 endfacet
facet normal 0.896668434 -0.17240122 -0.407754302
  outer loop
   vertex 47190.7227 31855.1797 28485.1191
   vertex 47300.8906 31978.6055 28675.1934
   vertex 47264.6836 31793.793 28673.7109
  endloop
 endfacet
facet normal 0.81049037 -0.154254705 -0.565075934
  outer loop
   vertex 47418.9727 31923.8477 28859.5039
   vertex 47264.6836 31793.793 28673.7109
   vertex 47300.8906 31978.6055 28675.1934
  endloop
 endfacet
facet normal 0.80182898 -0.597397506 -0.0136550469
  outer loop
   vertex 46671.875 31563.459 27891.5527
   vertex 46631.7617 31504.7246 28105.7441
   vertex 46626.8359 31502.6758 27906.0742
  endloop
 endfacet
facet normal 0.136300132 -0.97259587 0.188360021
  outer loop
   vertex 46451.1055 31441.4727 28256.1797
   vertex 46452.6914 31485.2637 28481.1465
   vertex 46326.2539 31444.4531 28361.9121
  endloop
 endfacet
facet normal -0.242618471 -0.952666581 0.183201075
  outer loop
   vertex 46060.0742 31481.5 28344.377
   vertex 46156.5703 31436.0547 28235.8457
   vertex 46207.2578 31438.5801 28316.1094
  endloop
 endfacet
facet normal -0.070488818 -0.949768543 0.304911613
  outer loop
   vertex 46326.2539 31444.4531 28361.9121
   vertex 46253.7969 31505.4766 28535.2441
   vertex 46207.2578 31438.5801 28316.1094
  endloop
 endfacet
facet normal -0.182583302 -0.692763984 -0.697668552
  outer loop
   vertex 46205.2852 31622.8867 27807.2949
   vertex 46375.6523 31621.2539 27764.332
   vertex 46332.293 31521.7305 27874.502
  endloop
 endfacet
facet normal -0.0922410339 -0.109630339 -0.989683151
  outer loop
   vertex 44420.5156 31622.1621 28158.3164
   vertex 44348.1523 31670.6855 28159.6855
   vertex 44472.5273 31702.6973 28144.5469
  endloop
 endfacet
facet normal -0.26391387 -0.924419105 -0.275315821
  outer loop
   vertex 46187.6992 31460.9453 28099.4824
   vertex 45871.9336 31529.0273 28173.5801
   vertex 45968.8047 31556.7812 27987.5273
  endloop
 endfacet
facet normal -0.168511137 -0.926283181 -0.337051213
  outer loop
   vertex 46570.4219 31521.2988 27786.5781
   vertex 46533.5312 31493.5488 27881.2812
   vertex 46477.8438 31536.7598 27790.373
  endloop
 endfacet
facet normal -0.116867535 -0.922831535 -0.367047638
  outer loop
   vertex 46332.293 31521.7305 27874.502
   vertex 46477.8438 31536.7598 27790.373
   vertex 46533.5312 31493.5488 27881.2812
  endloop
 endfacet
facet normal -0.11782255 -0.927007258 -0.356055379
  outer loop
   vertex 46332.293 31521.7305 27874.502
   vertex 46533.5312 31493.5488 27881.2812
   vertex 46420.1133 31457.4043 28012.918
  endloop
 endfacet
facet normal -0.0259344019 -0.963886738 0.265046626
  outer loop
   vertex 46402.4141 31412.0801 28144.5195
   vertex 46451.1055 31441.4727 28256.1797
   vertex 46335.3516 31416.8184 28155.1895
  endloop
 endfacet
facet normal -0.281915873 -0.696948826 -0.65938288
  outer loop
   vertex 45968.8047 31556.7812 27987.5273
   vertex 45725.7031 31641.1816 28002.2559
   vertex 45982.1953 31673.0293 27858.9316
  endloop
 endfacet
facet normal -0.20710136 -0.708351135 -0.674794555
  outer loop
   vertex 46205.2852 31622.8867 27807.2949
   vertex 46332.293 31521.7305 27874.502
   vertex 46127.7695 31553.1504 27904.2891
  endloop
 endfacet
facet normal 0.53844434 -0.289608926 -0.791330755
  outer loop
   vertex 46238.3164 31800.291 27754.7754
   vertex 46249.1836 31871.0293 27736.2832
   vertex 46292.6875 31894.5215 27757.2852
  endloop
 endfacet
facet normal -0.0951937363 -0.340381861 -0.935456216
  outer loop
   vertex 46546.5625 31593.3574 27762.7852
   vertex 46570.4219 31521.2988 27786.5781
   vertex 46477.8438 31536.7598 27790.373
  endloop
 endfacet
facet normal -0.340153396 -0.627312601 -0.700553
  outer loop
   vertex 46332.293 31521.7305 27874.502
   vertex 46375.6523 31621.2539 27764.332
   vertex 46477.8438 31536.7598 27790.373
  endloop
 endfacet
facet normal 0.168362588 -0.94104135 -0.293419868
  outer loop
   vertex 46456.8359 31432.0742 28111.6172
   vertex 46402.4141 31412.0801 28144.5195
   vertex 46360.8789 31420.6289 28093.2695
  endloop
 endfacet
facet normal -0.115565337 -0.964259982 0.2384267
  outer loop
   vertex 46253.7969 31505.4766 28535.2441
   vertex 46001.9961 31561.5215 28639.8516
   vertex 46060.0742 31481.5 28344.377
  endloop
 endfacet
facet normal -0.206540823 -0.922693729 0.325541437
  outer loop
   vertex 46207.2578 31438.5801 28316.1094
   vertex 46253.7969 31505.4766 28535.2441
   vertex 46060.0742 31481.5 28344.377
  endloop
 endfacet
facet normal 0.0474805012 -0.949065328 -0.311481327
  outer loop
   vertex 46281.0117 31423.6465 28227.3555
   vertex 46201.3281 31424.6367 28212.1934
   vertex 46187.6992 31460.9453 28099.4824
  endloop
 endfacet
facet normal 0.0775744841 -0.985385358 0.151650697
  outer loop
   vertex 46281.0117 31423.6465 28227.3555
   vertex 46335.3516 31416.8184 28155.1895
   vertex 46451.1055 31441.4727 28256.1797
  endloop
 endfacet
facet normal 0.0824083462 -0.988705873 0.125178114
  outer loop
   vertex 46281.0117 31423.6465 28227.3555
   vertex 46451.1055 31441.4727 28256.1797
   vertex 46326.2539 31444.4531 28361.9121
  endloop
 endfacet
facet normal -0.0853762031 -0.991690993 -0.0962281898
  outer loop
   vertex 46360.8789 31420.6289 28093.2695
   vertex 46402.4141 31412.0801 28144.5195
   vertex 46335.3516 31416.8184 28155.1895
  endloop
 endfacet
facet normal -0.011535625 -0.987595558 0.156594858
  outer loop
   vertex 46326.2539 31444.4531 28361.9121
   vertex 46207.2578 31438.5801 28316.1094
   vertex 46281.0117 31423.6465 28227.3555
  endloop
 endfacet
facet normal -0.174251154 -0.974594653 0.140718728
  outer loop
   vertex 46207.2578 31438.5801 28316.1094
   vertex 46156.5703 31436.0547 28235.8457
   vertex 46201.3281 31424.6367 28212.1934
  endloop
 endfacet
facet normal -0.0379979014 -0.990112901 0.135028109
  outer loop
   vertex 46207.2578 31438.5801 28316.1094
   vertex 46201.3281 31424.6367 28212.1934
   vertex 46281.0117 31423.6465 28227.3555
  endloop
 endfacet
facet normal -0.306888849 -0.63940382 -0.704969466
  outer loop
   vertex 46205.2852 31622.8867 27807.2949
   vertex 46127.7695 31553.1504 27904.2891
   vertex 45982.1953 31673.0293 27858.9316
  endloop
 endfacet
facet normal -0.250921875 -0.963052928 -0.0978121758
  outer loop
   vertex 46335.3516 31416.8184 28155.1895
   vertex 46281.0117 31423.6465 28227.3555
   vertex 46187.6992 31460.9453 28099.4824
  endloop
 endfacet
facet normal -0.229275107 -0.96115303 -0.153680608
  outer loop
   vertex 46360.8789 31420.6289 28093.2695
   vertex 46335.3516 31416.8184 28155.1895
   vertex 46187.6992 31460.9453 28099.4824
  endloop
 endfacet
facet normal -0.210187063 -0.821069777 -0.530722022
  outer loop
   vertex 46420.1133 31457.4043 28012.918
   vertex 46360.8789 31420.6289 28093.2695
   vertex 46187.6992 31460.9453 28099.4824
  endloop
 endfacet
facet normal -0.193471819 -0.908721507 -0.369856626
  outer loop
   vertex 46127.7695 31553.1504 27904.2891
   vertex 46332.293 31521.7305 27874.502
   vertex 46187.6992 31460.9453 28099.4824
  endloop
 endfacet
facet normal -0.141520694 -0.929001749 -0.3419469
  outer loop
   vertex 46420.1133 31457.4043 28012.918
   vertex 46187.6992 31460.9453 28099.4824
   vertex 46332.293 31521.7305 27874.502
  endloop
 endfacet
facet normal -0.354274482 -0.675062537 -0.647132277
  outer loop
   vertex 45968.8047 31556.7812 27987.5273
   vertex 45982.1953 31673.0293 27858.9316
   vertex 46127.7695 31553.1504 27904.2891
  endloop
 endfacet
facet normal -0.21118027 -0.907252192 -0.363725603
  outer loop
   vertex 46127.7695 31553.1504 27904.2891
   vertex 46187.6992 31460.9453 28099.4824
   vertex 45968.8047 31556.7812 27987.5273
  endloop
 endfacet
facet normal -0.0202145968 0.686908007 -0.726463199
  outer loop
   vertex 46247.9102 31915.6172 27778.4805
   vertex 46292.6875 31894.5215 27757.2852
   vertex 46249.1836 31871.0293 27736.2832
  endloop
 endfacet
facet normal -0.982560694 0.112237282 -0.148247346
  outer loop
   vertex 46247.9102 31915.6172 27778.4805
   vertex 46249.1836 31871.0293 27736.2832
   vertex 46238.3164 31800.291 27754.7754
  endloop
 endfacet
facet normal -0.317010015 -0.631470263 -0.707636893
  outer loop
   vertex 45982.1953 31673.0293 27858.9316
   vertex 45725.7031 31641.1816 28002.2559
   vertex 45763.4062 31756.9531 27882.0547
  endloop
 endfacet
facet normal -0.155385077 0.435153574 -0.886846602
  outer loop
   vertex 45919.9062 31850.959 27842.7012
   vertex 45697.9531 31877.4414 27894.584
   vertex 45795.9492 32033.1113 27953.7988
  endloop
 endfacet
facet normal -0.294753909 -0.575276017 -0.763005674
  outer loop
   vertex 45561.5781 31788.7676 27954.3848
   vertex 45725.7031 31641.1816 28002.2559
   vertex 45460.3086 31688.9551 28068.7598
  endloop
 endfacet
facet normal -0.365315557 0.157789826 -0.917413175
  outer loop
   vertex 45289.375 32050.6699 28093.3125
   vertex 45519.7656 31982.543 27989.8535
   vertex 45286.25 31840.5996 28058.4258
  endloop
 endfacet
facet normal -0.335362315 0.0991176814 -0.936860621
  outer loop
   vertex 45286.25 31840.5996 28058.4258
   vertex 45519.7656 31982.543 27989.8535
   vertex 45561.5781 31788.7676 27954.3848
  endloop
 endfacet
facet normal -0.0576578006 -0.612500608 -0.78836453
  outer loop
   vertex 45286.25 31840.5996 28058.4258
   vertex 45237.1719 31655.6758 28205.6875
   vertex 45003.2266 31768.8047 28134.9043
  endloop
 endfacet
facet normal -0.395131975 -0.505792022 -0.766841054
  outer loop
   vertex 45460.3086 31688.9551 28068.7598
   vertex 45237.1719 31655.6758 28205.6875
   vertex 45286.25 31840.5996 28058.4258
  endloop
 endfacet
facet normal 0.0285377521 -0.958231032 -0.284567893
  outer loop
   vertex 44954.2617 31633.8105 28250.9414
   vertex 45237.1719 31655.6758 28205.6875
   vertex 45128.4336 31588.7676 28420.082
  endloop
 endfacet
facet normal -0.0571819954 -0.944418967 -0.323732942
  outer loop
   vertex 45128.4336 31588.7676 28420.082
   vertex 45237.1719 31655.6758 28205.6875
   vertex 45346.9062 31582.0625 28401.0527
  endloop
 endfacet
facet normal -0.074033007 -0.634485543 -0.769381046
  outer loop
   vertex 44954.2617 31633.8105 28250.9414
   vertex 45003.2266 31768.8047 28134.9043
   vertex 45237.1719 31655.6758 28205.6875
  endloop
 endfacet
facet normal -0.060704805 -0.959502518 0.275081486
  outer loop
   vertex 45317.7109 31590.998 28636.7344
   vertex 45453.6562 31643.3926 28849.4941
   vertex 45244.4883 31671.3984 28901.0215
  endloop
 endfacet
facet normal 0.0673371404 -0.997258365 0.0306831729
  outer loop
   vertex 44880.1406 31573.0039 28452.6406
   vertex 45128.4336 31588.7676 28420.082
   vertex 45081.8984 31592.6543 28648.5059
  endloop
 endfacet
facet normal -0.135242701 -0.889446199 -0.436571658
  outer loop
   vertex 45237.1719 31655.6758 28205.6875
   vertex 45460.3086 31688.9551 28068.7598
   vertex 45556.8711 31585.8633 28248.8789
  endloop
 endfacet
facet normal -0.172116816 -0.949813962 -0.261207283
  outer loop
   vertex 45346.9062 31582.0625 28401.0527
   vertex 45237.1719 31655.6758 28205.6875
   vertex 45556.8711 31585.8633 28248.8789
  endloop
 endfacet
facet normal -0.219342962 -0.975194335 -0.0297443364
  outer loop
   vertex 45788.9219 31539.5 28442.3223
   vertex 45871.9336 31529.0273 28173.5801
   vertex 46060.0742 31481.5 28344.377
  endloop
 endfacet
facet normal -0.250127405 -0.893999279 -0.371754736
  outer loop
   vertex 45556.8711 31585.8633 28248.8789
   vertex 45725.7031 31641.1816 28002.2559
   vertex 45871.9336 31529.0273 28173.5801
  endloop
 endfacet
facet normal -0.328809172 -0.893939972 -0.304558486
  outer loop
   vertex 45725.7031 31641.1816 28002.2559
   vertex 45968.8047 31556.7812 27987.5273
   vertex 45871.9336 31529.0273 28173.5801
  endloop
 endfacet
facet normal -0.147460222 -0.987262726 -0.0597307011
  outer loop
   vertex 45536.7617 31570.3066 28555.666
   vertex 45556.8711 31585.8633 28248.8789
   vertex 45788.9219 31539.5 28442.3223
  endloop
 endfacet
facet normal -0.120442592 -0.963922203 0.237376526
  outer loop
   vertex 46001.9961 31561.5215 28639.8516
   vertex 45788.9219 31539.5 28442.3223
   vertex 46060.0742 31481.5 28344.377
  endloop
 endfacet
facet normal -0.359793305 -0.899908662 -0.246400416
  outer loop
   vertex 46187.6992 31460.9453 28099.4824
   vertex 46201.3281 31424.6367 28212.1934
   vertex 46156.5703 31436.0547 28235.8457
  endloop
 endfacet
facet normal -0.0595193282 -0.993900418 0.0928409249
  outer loop
   vertex 45317.7109 31590.998 28636.7344
   vertex 45536.7617 31570.3066 28555.666
   vertex 45465.832 31588.2402 28702.168
  endloop
 endfacet
facet normal -0.646584094 -0.710649729 -0.277319193
  outer loop
   vertex 46060.0742 31481.5 28344.377
   vertex 46187.6992 31460.9453 28099.4824
   vertex 46156.5703 31436.0547 28235.8457
  endloop
 endfacet
facet normal -0.217735976 -0.975496054 -0.0315984897
  outer loop
   vertex 46060.0742 31481.5 28344.377
   vertex 45871.9336 31529.0273 28173.5801
   vertex 46187.6992 31460.9453 28099.4824
  endloop
 endfacet
facet normal -0.00670804922 -0.983103633 0.182926908
  outer loop
   vertex 45536.7617 31570.3066 28555.666
   vertex 45750.9375 31599.8457 28722.2695
   vertex 45572.9141 31609.0879 28765.4102
  endloop
 endfacet
facet normal 0.0934513956 -0.981785953 0.165418088
  outer loop
   vertex 45465.832 31588.2402 28702.168
   vertex 45536.7617 31570.3066 28555.666
   vertex 45572.9141 31609.0879 28765.4102
  endloop
 endfacet
facet normal 0.0720326155 -0.650792897 0.755830586
  outer loop
   vertex 45969.6641 32049.2266 29336.5039
   vertex 45784.9023 32045.1934 29350.6387
   vertex 45908.2656 31875.6367 29192.8887
  endloop
 endfacet
facet normal 0.0812323689 -0.646586239 0.758503497
  outer loop
   vertex 45643.1758 31888.5566 29232.291
   vertex 45908.2656 31875.6367 29192.8887
   vertex 45784.9023 32045.1934 29350.6387
  endloop
 endfacet
facet normal -0.00854928978 -0.915474594 0.40228495
  outer loop
   vertex 45750.9375 31599.8457 28722.2695
   vertex 45956.293 31687.5586 28926.2402
   vertex 45676.2227 31713.2891 28978.8457
  endloop
 endfacet
facet normal 0.0539206639 -0.907357752 0.416886687
  outer loop
   vertex 45750.9375 31599.8457 28722.2695
   vertex 45676.2227 31713.2891 28978.8457
   vertex 45572.9141 31609.0879 28765.4102
  endloop
 endfacet
facet normal -0.0332816318 -0.992186904 -0.120239489
  outer loop
   vertex 44296.0625 31514.418 28468.8867
   vertex 44206.4336 31534.6523 28326.7266
   vertex 44331.9141 31531.5254 28317.793
  endloop
 endfacet
facet normal 0.0512926318 -0.993630767 -0.100334361
  outer loop
   vertex 44454.0195 31523.2422 28462.2461
   vertex 44296.0625 31514.418 28468.8867
   vertex 44331.9141 31531.5254 28317.793
  endloop
 endfacet
facet normal -0.572581053 -0.775395632 -0.266294211
  outer loop
   vertex 43896.25 31679.9961 28405.3555
   vertex 44009.625 31612.7832 28357.2871
   vertex 43947.2578 31600.8887 28526.0273
  endloop
 endfacet
facet normal 0.0116389655 -0.887950778 0.459791243
  outer loop
   vertex 45676.2227 31713.2891 28978.8457
   vertex 45459.2031 31762.0938 29078.5879
   vertex 45453.6562 31643.3926 28849.4941
  endloop
 endfacet
facet normal 0.0381705351 -0.905128241 0.423421681
  outer loop
   vertex 45572.9141 31609.0879 28765.4102
   vertex 45676.2227 31713.2891 28978.8457
   vertex 45453.6562 31643.3926 28849.4941
  endloop
 endfacet
facet normal -0.00623881072 -0.999856651 0.0157386307
  outer loop
   vertex 45317.7109 31590.998 28636.7344
   vertex 45081.8984 31592.6543 28648.5059
   vertex 45128.4336 31588.7676 28420.082
  endloop
 endfacet
facet normal -0.0235851351 -0.936902642 0.348793954
  outer loop
   vertex 45572.9141 31609.0879 28765.4102
   vertex 45453.6562 31643.3926 28849.4941
   vertex 45465.832 31588.2402 28702.168
  endloop
 endfacet
facet normal 0.00791031774 -0.956065714 0.293045729
  outer loop
   vertex 45081.8984 31592.6543 28648.5059
   vertex 45317.7109 31590.998 28636.7344
   vertex 45244.4883 31671.3984 28901.0215
  endloop
 endfacet
facet normal 0.0831025988 -0.965313673 0.247514695
  outer loop
   vertex 45081.8984 31592.6543 28648.5059
   vertex 45244.4883 31671.3984 28901.0215
   vertex 45031.4609 31634.8105 28829.8516
  endloop
 endfacet
facet normal -0.0263254549 -0.977937996 0.207230031
  outer loop
   vertex 45750.9375 31599.8457 28722.2695
   vertex 45536.7617 31570.3066 28555.666
   vertex 45788.9219 31539.5 28442.3223
  endloop
 endfacet
facet normal -0.164756119 -0.928120613 0.333837599
  outer loop
   vertex 45317.7109 31590.998 28636.7344
   vertex 45465.832 31588.2402 28702.168
   vertex 45453.6562 31643.3926 28849.4941
  endloop
 endfacet
facet normal 0.0196944457 -0.957209945 0.288723499
  outer loop
   vertex 45031.4609 31634.8105 28829.8516
   vertex 44843.5547 31632.6562 28835.5293
   vertex 44917.5 31584.3203 28670.2324
  endloop
 endfacet
facet normal 0.0503480732 -0.863322616 0.502134621
  outer loop
   vertex 46784.8203 31592.6836 28767.2734
   vertex 46971.6445 31581.2812 28728.9355
   vertex 46974.6953 31673.6426 28887.4258
  endloop
 endfacet
facet normal -0.769878447 -0.544840038 0.332319885
  outer loop
   vertex 47007.4766 31588.2168 28823.3125
   vertex 46974.6953 31673.6426 28887.4258
   vertex 46971.6445 31581.2812 28728.9355
  endloop
 endfacet
facet normal 0.491718888 -0.394084454 0.776472807
  outer loop
   vertex 47007.4766 31588.2168 28823.3125
   vertex 47033.1562 31599.9863 28813.0234
   vertex 46974.6953 31673.6426 28887.4258
  endloop
 endfacet
facet normal 0.0469728522 -0.812788725 0.580661714
  outer loop
   vertex 45081.582 31756.5176 29074.4355
   vertex 45048.8594 31922.8828 29309.9531
   vertex 44851.5352 31770.8789 29113.1465
  endloop
 endfacet
facet normal 0.063850753 -0.801981866 0.593926013
  outer loop
   vertex 44857.0859 31941.7754 29343.3125
   vertex 44625.582 31774.1953 29141.918
   vertex 44851.5352 31770.8789 29113.1465
  endloop
 endfacet
facet normal 0.0505538397 0.0190182235 -0.998540223
  outer loop
   vertex 44574.1602 31858.375 28152.6582
   vertex 44637.4805 31706.7266 28152.9746
   vertex 44472.5273 31702.6973 28144.5469
  endloop
 endfacet
facet normal -0.39348188 0.805522561 -0.443063617
  outer loop
   vertex 46377.2539 31863.6562 27746.584
   vertex 46329.7148 31820.6992 27710.707
   vertex 46238.3164 31800.291 27754.7754
  endloop
 endfacet
facet normal -0.186630666 -0.684972107 -0.704260051
  outer loop
   vertex 46329.7148 31820.6992 27710.707
   vertex 46391.1133 31800.498 27714.082
   vertex 46238.3164 31800.291 27754.7754
  endloop
 endfacet
facet normal -0.234484807 -0.40761295 -0.882535279
  outer loop
   vertex 46451.1953 31711.5195 27739.2129
   vertex 46238.3164 31800.291 27754.7754
   vertex 46391.1133 31800.498 27714.082
  endloop
 endfacet
facet normal -0.137113169 -0.15737699 -0.97797364
  outer loop
   vertex 46375.6523 31621.2539 27764.332
   vertex 46238.3164 31800.291 27754.7754
   vertex 46451.1953 31711.5195 27739.2129
  endloop
 endfacet
facet normal -0.239836439 -0.234260112 -0.942125618
  outer loop
   vertex 46375.6523 31621.2539 27764.332
   vertex 46205.2852 31622.8867 27807.2949
   vertex 46238.3164 31800.291 27754.7754
  endloop
 endfacet
facet normal -0.161808148 0.431245923 -0.887606382
  outer loop
   vertex 45795.9492 32033.1113 27953.7988
   vertex 46113.2188 31988.4551 27874.2637
   vertex 45919.9062 31850.959 27842.7012
  endloop
 endfacet
facet normal -0.28900665 -0.186813578 -0.938922703
  outer loop
   vertex 46238.3164 31800.291 27754.7754
   vertex 45982.1953 31673.0293 27858.9316
   vertex 45919.9062 31850.959 27842.7012
  endloop
 endfacet
facet normal -0.348805547 -0.0925057381 -0.932618558
  outer loop
   vertex 45763.4062 31756.9531 27882.0547
   vertex 45561.5781 31788.7676 27954.3848
   vertex 45697.9531 31877.4414 27894.584
  endloop
 endfacet
facet normal -0.230257437 -0.0239226874 -0.97283566
  outer loop
   vertex 45919.9062 31850.959 27842.7012
   vertex 45763.4062 31756.9531 27882.0547
   vertex 45697.9531 31877.4414 27894.584
  endloop
 endfacet
facet normal -0.438171774 0.0694904402 -0.896201193
  outer loop
   vertex 45561.5781 31788.7676 27954.3848
   vertex 45519.7656 31982.543 27989.8535
   vertex 45697.9531 31877.4414 27894.584
  endloop
 endfacet
facet normal -0.258754045 0.583420873 -0.769848287
  outer loop
   vertex 45289.375 32050.6699 28093.3125
   vertex 45021.9414 32005.0469 28148.625
   vertex 45204.3984 32239.207 28264.7559
  endloop
 endfacet
facet normal -0.226404935 0.162848711 -0.960323453
  outer loop
   vertex 45286.25 31840.5996 28058.4258
   vertex 45021.9414 32005.0469 28148.625
   vertex 45289.375 32050.6699 28093.3125
  endloop
 endfacet
facet normal -0.278386086 0.0776566714 -0.957324743
  outer loop
   vertex 45003.2266 31768.8047 28134.9043
   vertex 45021.9414 32005.0469 28148.625
   vertex 45286.25 31840.5996 28058.4258
  endloop
 endfacet
facet normal 0.0374710374 -0.154008344 -0.987358749
  outer loop
   vertex 44637.4805 31706.7266 28152.9746
   vertex 44783.2305 31844.9961 28136.9395
   vertex 44809.5703 31699.1211 28160.6934
  endloop
 endfacet
facet normal -0.0060876878 -0.960516334 0.278156936
  outer loop
   vertex 44917.5 31584.3203 28670.2324
   vertex 44843.5547 31632.6562 28835.5293
   vertex 44772.9141 31563.8945 28596.5352
  endloop
 endfacet
facet normal -0.144920424 0.607919216 -0.780661404
  outer loop
   vertex 44724.7852 32078.2812 28221.4688
   vertex 44756.2344 32274.8711 28368.7188
   vertex 44943.6094 32229.5781 28298.6641
  endloop
 endfacet
facet normal 0.315482855 0.53603524 -0.78303051
  outer loop
   vertex 44687.168 32187.4824 28281.0664
   vertex 44756.2344 32274.8711 28368.7188
   vertex 44724.7852 32078.2812 28221.4688
  endloop
 endfacet
facet normal -0.116594203 -0.769726396 0.627636075
  outer loop
   vertex 43988.5117 32080.2246 29501.8164
   vertex 43813.6562 31913.8145 29265.252
   vertex 43983.9414 31843.3379 29210.4531
  endloop
 endfacet
facet normal -0.145791695 -0.766503513 0.625473559
  outer loop
   vertex 43988.5117 32080.2246 29501.8164
   vertex 43983.9414 31843.3379 29210.4531
   vertex 44155.8789 32005.8203 29449.6484
  endloop
 endfacet
facet normal -0.178112298 -0.83507216 0.520509899
  outer loop
   vertex 43753.5625 31800.6934 29063.2012
   vertex 43983.9414 31843.3379 29210.4531
   vertex 43813.6562 31913.8145 29265.252
  endloop
 endfacet
facet normal -0.20444639 -0.807259023 0.553655624
  outer loop
   vertex 43753.5625 31800.6934 29063.2012
   vertex 43845.8281 31723.916 28985.3281
   vertex 43983.9414 31843.3379 29210.4531
  endloop
 endfacet
facet normal 0.0431266166 -0.952037036 0.302928299
  outer loop
   vertex 44623.3906 31561.6895 28643.8398
   vertex 44843.5547 31632.6562 28835.5293
   vertex 44640.9492 31642.1816 28894.3086
  endloop
 endfacet
facet normal 0.14651686 -0.674843907 -0.723269284
  outer loop
   vertex 45003.2266 31768.8047 28134.9043
   vertex 44954.2617 31633.8105 28250.9414
   vertex 44809.5703 31699.1211 28160.6934
  endloop
 endfacet
facet normal 0.0944517404 -0.946998477 0.307038605
  outer loop
   vertex 44429.3828 31553.9727 28687.3262
   vertex 44640.9492 31642.1816 28894.3086
   vertex 44480.9062 31632.4863 28913.6387
  endloop
 endfacet
facet normal 0.104463585 -0.948947012 0.297635496
  outer loop
   vertex 44429.3828 31553.9727 28687.3262
   vertex 44623.3906 31561.6895 28643.8398
   vertex 44640.9492 31642.1816 28894.3086
  endloop
 endfacet
facet normal 0.210215017 -0.971265614 0.111592151
  outer loop
   vertex 44219.6602 31536.416 28635.3574
   vertex 44321.1133 31578.3789 28809.4727
   vertex 44236.8086 31554.6074 28761.3789
  endloop
 endfacet
facet normal -0.544771075 -0.763901949 -0.345945477
  outer loop
   vertex 42916.0039 32054.2988 28818.2441
   vertex 42848.9297 32143.3379 28727.2617
   vertex 43030.3203 32033.7578 28683.584
  endloop
 endfacet
facet normal 0.0273471735 -0.975313842 0.219123319
  outer loop
   vertex 44429.3828 31553.9727 28687.3262
   vertex 44321.1133 31578.3789 28809.4727
   vertex 44219.6602 31536.416 28635.3574
  endloop
 endfacet
facet normal 0.0451876484 -0.987464905 0.151232049
  outer loop
   vertex 44429.3828 31553.9727 28687.3262
   vertex 44219.6602 31536.416 28635.3574
   vertex 44296.0625 31514.418 28468.8867
  endloop
 endfacet
facet normal 0.0561495237 -0.997528672 0.0422346666
  outer loop
   vertex 44880.1406 31573.0039 28452.6406
   vertex 45081.8984 31592.6543 28648.5059
   vertex 44917.5 31584.3203 28670.2324
  endloop
 endfacet
facet normal 0.093219921 -0.963812053 0.249752626
  outer loop
   vertex 44843.5547 31632.6562 28835.5293
   vertex 44623.3906 31561.6895 28643.8398
   vertex 44772.9141 31563.8945 28596.5352
  endloop
 endfacet
facet normal 0.0712311044 -0.987216234 0.142584309
  outer loop
   vertex 44623.3906 31561.6895 28643.8398
   vertex 44429.3828 31553.9727 28687.3262
   vertex 44454.0195 31523.2422 28462.2461
  endloop
 endfacet
facet normal 0.124898829 -0.945822895 0.29969874
  outer loop
   vertex 44480.9062 31632.4863 28913.6387
   vertex 44321.1133 31578.3789 28809.4727
   vertex 44429.3828 31553.9727 28687.3262
  endloop
 endfacet
facet normal 0.020637745 -0.899831891 0.435748339
  outer loop
   vertex 44480.9062 31632.4863 28913.6387
   vertex 44396.4062 31678.5273 29012.7148
   vertex 44321.1133 31578.3789 28809.4727
  endloop
 endfacet
facet normal 0.0611503385 -0.988034487 0.141592607
  outer loop
   vertex 44429.3828 31553.9727 28687.3262
   vertex 44296.0625 31514.418 28468.8867
   vertex 44454.0195 31523.2422 28462.2461
  endloop
 endfacet
facet normal 0.030597223 -0.998270154 0.0502047352
  outer loop
   vertex 44772.9141 31563.8945 28596.5352
   vertex 44623.3906 31561.6895 28643.8398
   vertex 44626.6875 31549.8379 28406.168
  endloop
 endfacet
facet normal 0.168328553 -0.984388709 0.0514234826
  outer loop
   vertex 44623.3906 31561.6895 28643.8398
   vertex 44454.0195 31523.2422 28462.2461
   vertex 44626.6875 31549.8379 28406.168
  endloop
 endfacet
facet normal 0.124734528 -0.991731703 0.0301575586
  outer loop
   vertex 44917.5 31584.3203 28670.2324
   vertex 44772.9141 31563.8945 28596.5352
   vertex 44880.1406 31573.0039 28452.6406
  endloop
 endfacet
facet normal 0.0902580991 -0.995909512 0.00420244876
  outer loop
   vertex 44772.9141 31563.8945 28596.5352
   vertex 44626.6875 31549.8379 28406.168
   vertex 44880.1406 31573.0039 28452.6406
  endloop
 endfacet
facet normal -0.0688083321 -0.17242834 -0.982615829
  outer loop
   vertex 44783.2305 31844.9961 28136.9395
   vertex 45003.2266 31768.8047 28134.9043
   vertex 44809.5703 31699.1211 28160.6934
  endloop
 endfacet
facet normal 0.010554729 0.0571494997 -0.998309851
  outer loop
   vertex 44783.2305 31844.9961 28136.9395
   vertex 45021.9414 32005.0469 28148.625
   vertex 45003.2266 31768.8047 28134.9043
  endloop
 endfacet
facet normal 0.0241509303 -0.959576726 -0.280409008
  outer loop
   vertex 44954.2617 31633.8105 28250.9414
   vertex 45128.4336 31588.7676 28420.082
   vertex 44880.1406 31573.0039 28452.6406
  endloop
 endfacet
facet normal 0.180482626 -0.622447252 -0.761567771
  outer loop
   vertex 44522.3711 31599.6133 28213.2422
   vertex 44637.4805 31706.7266 28152.9746
   vertex 44728.75 31610.748 28253.0508
  endloop
 endfacet
facet normal 0.0960236639 -0.962216496 -0.254791886
  outer loop
   vertex 44880.1406 31573.0039 28452.6406
   vertex 44728.75 31610.748 28253.0508
   vertex 44954.2617 31633.8105 28250.9414
  endloop
 endfacet
facet normal 0.13890022 -0.948494375 -0.284719467
  outer loop
   vertex 44880.1406 31573.0039 28452.6406
   vertex 44626.6875 31549.8379 28406.168
   vertex 44728.75 31610.748 28253.0508
  endloop
 endfacet
facet normal 0.109598324 -0.946518481 -0.303464919
  outer loop
   vertex 44522.3711 31599.6133 28213.2422
   vertex 44728.75 31610.748 28253.0508
   vertex 44626.6875 31549.8379 28406.168
  endloop
 endfacet
facet normal 0.137752131 -0.86733824 -0.478276819
  outer loop
   vertex 44454.8008 31537.7129 28306.0352
   vertex 44378.8086 31578.6797 28209.8555
   vertex 44522.3711 31599.6133 28213.2422
  endloop
 endfacet
facet normal 0.283760101 -0.880163431 -0.380516142
  outer loop
   vertex 44626.6875 31549.8379 28406.168
   vertex 44454.8008 31537.7129 28306.0352
   vertex 44522.3711 31599.6133 28213.2422
  endloop
 endfacet
facet normal -0.0771080256 -0.0342823267 -0.996433198
  outer loop
   vertex 44574.1602 31858.375 28152.6582
   vertex 44783.2305 31844.9961 28136.9395
   vertex 44637.4805 31706.7266 28152.9746
  endloop
 endfacet
facet normal 0.070648402 -0.750875533 -0.656654179
  outer loop
   vertex 44728.75 31610.748 28253.0508
   vertex 44809.5703 31699.1211 28160.6934
   vertex 44954.2617 31633.8105 28250.9414
  endloop
 endfacet
facet normal -0.000894152559 -0.722130358 -0.691756427
  outer loop
   vertex 44728.75 31610.748 28253.0508
   vertex 44637.4805 31706.7266 28152.9746
   vertex 44809.5703 31699.1211 28160.6934
  endloop
 endfacet
facet normal -0.394174099 -0.345997006 -0.851418138
  outer loop
   vertex 44068.5703 31589.043 28285.7949
   vertex 44063.6406 31664.3672 28257.4668
   vertex 44131.4766 31591.3066 28255.75
  endloop
 endfacet
facet normal -0.374367237 -0.536967456 -0.755986214
  outer loop
   vertex 44348.1523 31670.6855 28159.6855
   vertex 44420.5156 31622.1621 28158.3164
   vertex 44378.8086 31578.6797 28209.8555
  endloop
 endfacet
facet normal -0.110662393 0.123622946 -0.986139536
  outer loop
   vertex 44574.1602 31858.375 28152.6582
   vertex 44472.5273 31702.6973 28144.5469
   vertex 44393.1758 31827.8535 28169.1406
  endloop
 endfacet
facet normal 0.0412989557 -0.994905889 -0.091959998
  outer loop
   vertex 44454.8008 31537.7129 28306.0352
   vertex 44454.0195 31523.2422 28462.2461
   vertex 44331.9141 31531.5254 28317.793
  endloop
 endfacet
facet normal 0.122691236 -0.988269806 -0.0909374207
  outer loop
   vertex 44454.8008 31537.7129 28306.0352
   vertex 44626.6875 31549.8379 28406.168
   vertex 44454.0195 31523.2422 28462.2461
  endloop
 endfacet
facet normal -0.14577508 0.100970566 -0.984151721
  outer loop
   vertex 44348.1523 31670.6855 28159.6855
   vertex 44393.1758 31827.8535 28169.1406
   vertex 44472.5273 31702.6973 28144.5469
  endloop
 endfacet
facet normal -0.172209322 -0.515201151 -0.839590192
  outer loop
   vertex 44245.9414 31607.8594 28219.2031
   vertex 44348.1523 31670.6855 28159.6855
   vertex 44378.8086 31578.6797 28209.8555
  endloop
 endfacet
facet normal 0.131313324 -0.807530463 -0.575022936
  outer loop
   vertex 44522.3711 31599.6133 28213.2422
   vertex 44378.8086 31578.6797 28209.8555
   vertex 44420.5156 31622.1621 28158.3164
  endloop
 endfacet
facet normal 0.056139525 -0.534726679 -0.843158185
  outer loop
   vertex 44637.4805 31706.7266 28152.9746
   vertex 44522.3711 31599.6133 28213.2422
   vertex 44472.5273 31702.6973 28144.5469
  endloop
 endfacet
facet normal 0.370919704 -0.384090662 -0.845513403
  outer loop
   vertex 44420.5156 31622.1621 28158.3164
   vertex 44472.5273 31702.6973 28144.5469
   vertex 44522.3711 31599.6133 28213.2422
  endloop
 endfacet
facet normal -0.314371318 -0.94587779 -0.0805353597
  outer loop
   vertex 44081.1484 31544.5469 28478.0781
   vertex 44104.1055 31548.4141 28343.0469
   vertex 44174.1172 31516.9375 28439.4355
  endloop
 endfacet
facet normal 0.00819389988 -0.917637408 -0.397334188
  outer loop
   vertex 44378.8086 31578.6797 28209.8555
   vertex 44454.8008 31537.7129 28306.0352
   vertex 44331.9141 31531.5254 28317.793
  endloop
 endfacet
facet normal -0.22077255 -0.854932666 -0.469414085
  outer loop
   vertex 44245.9414 31607.8594 28219.2031
   vertex 44378.8086 31578.6797 28209.8555
   vertex 44331.9141 31531.5254 28317.793
  endloop
 endfacet
facet normal -0.161643505 -0.966724873 -0.198278576
  outer loop
   vertex 44174.1172 31516.9375 28439.4355
   vertex 44104.1055 31548.4141 28343.0469
   vertex 44206.4336 31534.6523 28326.7266
  endloop
 endfacet
facet normal 0.0159750991 -0.988441288 -0.150760308
  outer loop
   vertex 44174.1172 31516.9375 28439.4355
   vertex 44206.4336 31534.6523 28326.7266
   vertex 44296.0625 31514.418 28468.8867
  endloop
 endfacet
facet normal -0.0470066927 -0.992860079 0.10963212
  outer loop
   vertex 44296.0625 31514.418 28468.8867
   vertex 44219.6602 31536.416 28635.3574
   vertex 44174.1172 31516.9375 28439.4355
  endloop
 endfacet
facet normal -0.445417911 -0.866405904 -0.225707203
  outer loop
   vertex 44081.1484 31544.5469 28478.0781
   vertex 43947.2578 31600.8887 28526.0273
   vertex 44009.625 31612.7832 28357.2871
  endloop
 endfacet
facet normal -0.224537447 -0.963169158 0.147946492
  outer loop
   vertex 44219.6602 31536.416 28635.3574
   vertex 44081.1484 31544.5469 28478.0781
   vertex 44174.1172 31516.9375 28439.4355
  endloop
 endfacet
facet normal -0.0670508519 -0.813109398 -0.578236401
  outer loop
   vertex 44245.9414 31607.8594 28219.2031
   vertex 44206.4336 31534.6523 28326.7266
   vertex 44131.4766 31591.3066 28255.75
  endloop
 endfacet
facet normal -0.0613781959 -0.814408541 -0.577036798
  outer loop
   vertex 44331.9141 31531.5254 28317.793
   vertex 44206.4336 31534.6523 28326.7266
   vertex 44245.9414 31607.8594 28219.2031
  endloop
 endfacet
facet normal -0.191736251 -0.855733275 -0.480580717
  outer loop
   vertex 44206.4336 31534.6523 28326.7266
   vertex 44104.1055 31548.4141 28343.0469
   vertex 44131.4766 31591.3066 28255.75
  endloop
 endfacet
facet normal -0.199371427 -0.853308678 -0.481783509
  outer loop
   vertex 44104.1055 31548.4141 28343.0469
   vertex 44068.5703 31589.043 28285.7949
   vertex 44131.4766 31591.3066 28255.75
  endloop
 endfacet
facet normal -0.496174127 0.0474907458 -0.866923213
  outer loop
   vertex 44011.2812 31881.2461 28291.209
   vertex 43962.75 31762.0918 28312.4551
   vertex 43920.6523 31932.1602 28345.8672
  endloop
 endfacet
facet normal -0.215970933 -0.435768485 -0.873763323
  outer loop
   vertex 44131.4766 31591.3066 28255.75
   vertex 44148.1172 31686.1777 28204.3223
   vertex 44245.9414 31607.8594 28219.2031
  endloop
 endfacet
facet normal -0.422996759 -0.373365611 -0.825634241
  outer loop
   vertex 44148.1172 31686.1777 28204.3223
   vertex 44131.4766 31591.3066 28255.75
   vertex 44063.6406 31664.3672 28257.4668
  endloop
 endfacet
facet normal -0.465448976 -0.809978545 -0.356780022
  outer loop
   vertex 43453.1445 31898.123 28569.1602
   vertex 43620.8008 31825.0879 28516.25
   vertex 43594.7656 31770.1836 28674.8594
  endloop
 endfacet
facet normal -0.0365961753 -0.884794354 0.464542449
  outer loop
   vertex 44186.8906 31606.0762 28847.6211
   vertex 44143.5977 31733.9688 29087.8008
   vertex 44033.1094 31631.7832 28884.4688
  endloop
 endfacet
facet normal -0.601847947 -0.718964815 -0.347661585
  outer loop
   vertex 43717.5547 31732.5332 28540.1602
   vertex 43594.7656 31770.1836 28674.8594
   vertex 43620.8008 31825.0879 28516.25
  endloop
 endfacet
facet normal -0.534962118 -0.529616714 -0.65827179
  outer loop
   vertex 43717.5547 31732.5332 28540.1602
   vertex 43783.3047 31816.5254 28419.1484
   vertex 43822.2305 31680.3184 28497.1016
  endloop
 endfacet
facet normal -0.490142673 -0.858569145 -0.150396749
  outer loop
   vertex 43717.5547 31732.5332 28540.1602
   vertex 43822.2305 31680.3184 28497.1016
   vertex 43811.6172 31655.3887 28673.9961
  endloop
 endfacet
facet normal -0.427256167 -0.617293894 -0.660606086
  outer loop
   vertex 43783.3047 31816.5254 28419.1484
   vertex 43717.5547 31732.5332 28540.1602
   vertex 43620.8008 31825.0879 28516.25
  endloop
 endfacet
facet normal -0.785513282 -0.262222171 -0.560542941
  outer loop
   vertex 44063.6406 31664.3672 28257.4668
   vertex 44068.5703 31589.043 28285.7949
   vertex 44009.625 31612.7832 28357.2871
  endloop
 endfacet
facet normal -0.571956635 -0.7934587 -0.208059892
  outer loop
   vertex 44068.5703 31589.043 28285.7949
   vertex 44104.1055 31548.4141 28343.0469
   vertex 44009.625 31612.7832 28357.2871
  endloop
 endfacet
facet normal -0.571287274 -0.811875224 -0.120372184
  outer loop
   vertex 44081.1484 31544.5469 28478.0781
   vertex 44009.625 31612.7832 28357.2871
   vertex 44104.1055 31548.4141 28343.0469
  endloop
 endfacet
facet normal -0.673695624 -0.502596378 -0.541785121
  outer loop
   vertex 43822.2305 31680.3184 28497.1016
   vertex 43783.3047 31816.5254 28419.1484
   vertex 43896.25 31679.9961 28405.3555
  endloop
 endfacet
facet normal -0.555149913 -0.384766251 -0.737403214
  outer loop
   vertex 43962.75 31762.0918 28312.4551
   vertex 43896.25 31679.9961 28405.3555
   vertex 43783.3047 31816.5254 28419.1484
  endloop
 endfacet
facet normal -0.705158234 -0.397651196 -0.587047994
  outer loop
   vertex 44063.6406 31664.3672 28257.4668
   vertex 44009.625 31612.7832 28357.2871
   vertex 43962.75 31762.0918 28312.4551
  endloop
 endfacet
facet normal -0.546675324 -0.393548399 -0.739097893
  outer loop
   vertex 43962.75 31762.0918 28312.4551
   vertex 44009.625 31612.7832 28357.2871
   vertex 43896.25 31679.9961 28405.3555
  endloop
 endfacet
facet normal -0.113668233 -0.961433828 0.250448644
  outer loop
   vertex 43919.1836 31626.6797 28813.1719
   vertex 43988.7656 31594.7832 28722.3105
   vertex 44033.1094 31631.7832 28884.4688
  endloop
 endfacet
facet normal -0.441914111 -0.824404418 -0.353651404
  outer loop
   vertex 43947.2578 31600.8887 28526.0273
   vertex 43822.2305 31680.3184 28497.1016
   vertex 43896.25 31679.9961 28405.3555
  endloop
 endfacet
facet normal -0.204834357 -0.89708209 0.391518354
  outer loop
   vertex 44033.1094 31631.7832 28884.4688
   vertex 43956.0352 31686.3457 28969.1641
   vertex 43919.1836 31626.6797 28813.1719
  endloop
 endfacet
facet normal -0.0381440483 -0.867641449 0.495725036
  outer loop
   vertex 44321.1133 31578.3789 28809.4727
   vertex 44186.8906 31606.0762 28847.6211
   vertex 44236.8086 31554.6074 28761.3789
  endloop
 endfacet
facet normal -0.150635645 -0.985205472 0.0817256421
  outer loop
   vertex 44081.1484 31544.5469 28478.0781
   vertex 44219.6602 31536.416 28635.3574
   vertex 44077.5781 31558.0176 28633.8848
  endloop
 endfacet
facet normal -0.344663203 -0.937707663 0.0437220857
  outer loop
   vertex 43988.7656 31594.7832 28722.3105
   vertex 43947.2578 31600.8887 28526.0273
   vertex 44077.5781 31558.0176 28633.8848
  endloop
 endfacet
facet normal -0.364875019 -0.928276777 0.0718922317
  outer loop
   vertex 43947.2578 31600.8887 28526.0273
   vertex 44081.1484 31544.5469 28478.0781
   vertex 44077.5781 31558.0176 28633.8848
  endloop
 endfacet
facet normal -0.339736164 -0.937980175 0.0690833554
  outer loop
   vertex 43988.7656 31594.7832 28722.3105
   vertex 43919.1836 31626.6797 28813.1719
   vertex 43811.6172 31655.3887 28673.9961
  endloop
 endfacet
facet normal -0.333465755 -0.941860437 0.0412248224
  outer loop
   vertex 43988.7656 31594.7832 28722.3105
   vertex 43811.6172 31655.3887 28673.9961
   vertex 43947.2578 31600.8887 28526.0273
  endloop
 endfacet
facet normal -0.458001465 -0.88522923 0.081263952
  outer loop
   vertex 43594.7656 31770.1836 28674.8594
   vertex 43723.9766 31719.8125 28854.3711
   vertex 43541.25 31821.1465 28928.418
  endloop
 endfacet
facet normal -0.120126158 -0.953660071 0.2758663
  outer loop
   vertex 44077.5781 31558.0176 28633.8848
   vertex 44186.8906 31606.0762 28847.6211
   vertex 43988.7656 31594.7832 28722.3105
  endloop
 endfacet
facet normal -0.524925172 -0.829405546 0.19115442
  outer loop
   vertex 44186.8906 31606.0762 28847.6211
   vertex 44219.6602 31536.416 28635.3574
   vertex 44236.8086 31554.6074 28761.3789
  endloop
 endfacet
facet normal -0.146863252 -0.946334302 0.287893236
  outer loop
   vertex 44186.8906 31606.0762 28847.6211
   vertex 44077.5781 31558.0176 28633.8848
   vertex 44219.6602 31536.416 28635.3574
  endloop
 endfacet
facet normal -0.044448752 -0.892817914 0.44821924
  outer loop
   vertex 44396.4062 31678.5273 29012.7148
   vertex 44302.8945 31723.5859 29093.1953
   vertex 44186.8906 31606.0762 28847.6211
  endloop
 endfacet
facet normal -0.0532538556 -0.887777507 0.457181692
  outer loop
   vertex 44321.1133 31578.3789 28809.4727
   vertex 44396.4062 31678.5273 29012.7148
   vertex 44186.8906 31606.0762 28847.6211
  endloop
 endfacet
facet normal -0.0732501447 -0.88571012 0.458423376
  outer loop
   vertex 44186.8906 31606.0762 28847.6211
   vertex 44302.8945 31723.5859 29093.1953
   vertex 44143.5977 31733.9688 29087.8008
  endloop
 endfacet
facet normal -0.240383327 -0.880711257 0.408121914
  outer loop
   vertex 43845.8281 31723.916 28985.3281
   vertex 43843.6602 31662.5781 28851.6875
   vertex 43956.0352 31686.3457 28969.1641
  endloop
 endfacet
facet normal -0.139889494 -0.822481811 0.551320732
  outer loop
   vertex 44143.5977 31733.9688 29087.8008
   vertex 43983.9414 31843.3379 29210.4531
   vertex 43956.0352 31686.3457 28969.1641
  endloop
 endfacet
facet normal -0.0849011466 -0.871014059 0.483865976
  outer loop
   vertex 44033.1094 31631.7832 28884.4688
   vertex 44143.5977 31733.9688 29087.8008
   vertex 43956.0352 31686.3457 28969.1641
  endloop
 endfacet
facet normal -0.39026466 -0.834357679 0.389282316
  outer loop
   vertex 43843.6602 31662.5781 28851.6875
   vertex 43845.8281 31723.916 28985.3281
   vertex 43723.9766 31719.8125 28854.3711
  endloop
 endfacet
facet normal -0.426571637 -0.89733839 0.113227308
  outer loop
   vertex 43723.9766 31719.8125 28854.3711
   vertex 43811.6172 31655.3887 28673.9961
   vertex 43843.6602 31662.5781 28851.6875
  endloop
 endfacet
facet normal -0.465760857 -0.880506754 0.0881741568
  outer loop
   vertex 43594.7656 31770.1836 28674.8594
   vertex 43811.6172 31655.3887 28673.9961
   vertex 43723.9766 31719.8125 28854.3711
  endloop
 endfacet
facet normal -0.223056212 -0.891731918 0.393776745
  outer loop
   vertex 43956.0352 31686.3457 28969.1641
   vertex 43843.6602 31662.5781 28851.6875
   vertex 43919.1836 31626.6797 28813.1719
  endloop
 endfacet
facet normal -0.409514278 -0.806155682 -0.427096099
  outer loop
   vertex 43453.1445 31898.123 28569.1602
   vertex 43594.7656 31770.1836 28674.8594
   vertex 43353.9375 31861.5137 28733.3867
  endloop
 endfacet
facet normal -0.0802276805 -0.991216063 0.105139099
  outer loop
   vertex 43235.9609 31877.8223 28797.123
   vertex 43353.9375 31861.5137 28733.3867
   vertex 43312.4375 31883.9707 28913.4414
  endloop
 endfacet
facet normal -0.242367759 -0.890132725 0.385903656
  outer loop
   vertex 43312.4375 31883.9707 28913.4414
   vertex 43455.6562 31951.5215 29159.2031
   vertex 43190.5039 31980.9531 29060.5625
  endloop
 endfacet
facet normal -0.507539272 -0.803429306 0.311296046
  outer loop
   vertex 42797.6523 32223.3633 29191.6777
   vertex 42677.957 32229.8926 29013.377
   vertex 42862.9844 32106.9668 28997.7832
  endloop
 endfacet
facet normal -0.315927505 -0.891158938 0.325615585
  outer loop
   vertex 43190.5039 31980.9531 29060.5625
   vertex 43151.6484 31921.1172 28859.0996
   vertex 43312.4375 31883.9707 28913.4414
  endloop
 endfacet
facet normal -0.406935573 -0.766652584 0.496635944
  outer loop
   vertex 42942.5195 32132.9824 29170.8594
   vertex 42970.0312 32237.9844 29355.4922
   vertex 42797.6523 32223.3633 29191.6777
  endloop
 endfacet
facet normal 0.0393650196 -0.748640537 0.661806405
  outer loop
   vertex 44323.5586 31831.4199 29250.4941
   vertex 44466.4219 31825.9648 29235.8262
   vertex 44461.7109 32011.1504 29445.5898
  endloop
 endfacet
facet normal -0.289449245 -0.875396192 0.387170017
  outer loop
   vertex 43455.6562 31951.5215 29159.2031
   vertex 43541.25 31821.1465 28928.418
   vertex 43649.0625 31886.7773 29157.4082
  endloop
 endfacet
facet normal -0.195871368 -0.811451375 0.550618827
  outer loop
   vertex 43845.8281 31723.916 28985.3281
   vertex 43956.0352 31686.3457 28969.1641
   vertex 43983.9414 31843.3379 29210.4531
  endloop
 endfacet
facet normal -0.325394541 -0.865317166 0.381240875
  outer loop
   vertex 43723.9766 31719.8125 28854.3711
   vertex 43753.5625 31800.6934 29063.2012
   vertex 43541.25 31821.1465 28928.418
  endloop
 endfacet
facet normal -0.326518506 -0.93760097 0.119541109
  outer loop
   vertex 43594.7656 31770.1836 28674.8594
   vertex 43541.25 31821.1465 28928.418
   vertex 43353.9375 31861.5137 28733.3867
  endloop
 endfacet
facet normal -0.496497512 -0.865122736 -0.0710834712
  outer loop
   vertex 43151.6484 31921.1172 28859.0996
   vertex 43165.8672 31923.373 28732.3145
   vertex 43235.9609 31877.8223 28797.123
  endloop
 endfacet
facet normal -0.122756556 -0.629057705 -0.767604887
  outer loop
   vertex 43234.8867 31976.0117 28606.3965
   vertex 43222.418 32059.1543 28540.2539
   vertex 43366.043 32059.3242 28517.1465
  endloop
 endfacet
facet normal -0.367807209 -0.835409403 -0.408422559
  outer loop
   vertex 43353.9375 31861.5137 28733.3867
   vertex 43234.8867 31976.0117 28606.3965
   vertex 43453.1445 31898.123 28569.1602
  endloop
 endfacet
facet normal -0.294919074 -0.902081907 -0.315072924
  outer loop
   vertex 43353.9375 31861.5137 28733.3867
   vertex 43235.9609 31877.8223 28797.123
   vertex 43165.8672 31923.373 28732.3145
  endloop
 endfacet
facet normal -0.403083503 -0.606000125 -0.685775161
  outer loop
   vertex 43112.9961 32089.9531 28577.3555
   vertex 43222.418 32059.1543 28540.2539
   vertex 43234.8867 31976.0117 28606.3965
  endloop
 endfacet
facet normal -0.383617729 -0.921577871 -0.0594282113
  outer loop
   vertex 43151.6484 31921.1172 28859.0996
   vertex 43045.7656 31969.5625 28791.3242
   vertex 43165.8672 31923.373 28732.3145
  endloop
 endfacet
facet normal -0.295632243 0.583839238 -0.756130517
  outer loop
   vertex 44301.9609 32264.291 28479.5137
   vertex 44461.8281 32200.0293 28367.3887
   vertex 44289.8711 31988.7969 28271.5215
  endloop
 endfacet
facet normal -0.156776249 0.599464178 -0.784897387
  outer loop
   vertex 44083.9805 32038.1562 28350.3438
   vertex 44301.9609 32264.291 28479.5137
   vertex 44289.8711 31988.7969 28271.5215
  endloop
 endfacet
facet normal -0.347400278 -0.878507853 0.327928394
  outer loop
   vertex 43151.6484 31921.1172 28859.0996
   vertex 43190.5039 31980.9531 29060.5625
   vertex 43019.2695 31997.6523 28923.8965
  endloop
 endfacet
facet normal -0.333094776 -0.89100492 0.308477134
  outer loop
   vertex 43190.5039 31980.9531 29060.5625
   vertex 43016.5898 32051.4121 29076.2832
   vertex 43019.2695 31997.6523 28923.8965
  endloop
 endfacet
facet normal -0.463385016 -0.88114804 0.0940877125
  outer loop
   vertex 43045.7656 31969.5625 28791.3242
   vertex 43151.6484 31921.1172 28859.0996
   vertex 43019.2695 31997.6523 28923.8965
  endloop
 endfacet
facet normal -0.0157720838 0.716046035 -0.697874844
  outer loop
   vertex 44307.3555 32479.5645 28722.8691
   vertex 44062.0625 32291.8809 28535.8438
   vertex 44114.3086 32540.6699 28789.9297
  endloop
 endfacet
facet normal -0.463274479 -0.819987655 0.336150199
  outer loop
   vertex 42942.5195 32132.9824 29170.8594
   vertex 42797.6523 32223.3633 29191.6777
   vertex 42862.9844 32106.9668 28997.7832
  endloop
 endfacet
facet normal -0.26924482 -0.827114463 -0.493344635
  outer loop
   vertex 43165.8672 31923.373 28732.3145
   vertex 43234.8867 31976.0117 28606.3965
   vertex 43353.9375 31861.5137 28733.3867
  endloop
 endfacet
facet normal -0.452926338 -0.843230188 0.28951776
  outer loop
   vertex 43019.2695 31997.6523 28923.8965
   vertex 43016.5898 32051.4121 29076.2832
   vertex 42862.9844 32106.9668 28997.7832
  endloop
 endfacet
facet normal -0.467982978 -0.816625535 0.337808549
  outer loop
   vertex 43016.5898 32051.4121 29076.2832
   vertex 42942.5195 32132.9824 29170.8594
   vertex 42862.9844 32106.9668 28997.7832
  endloop
 endfacet
facet normal -0.300331354 -0.436009079 -0.848349631
  outer loop
   vertex 43453.1445 31898.123 28569.1602
   vertex 43234.8867 31976.0117 28606.3965
   vertex 43366.043 32059.3242 28517.1465
  endloop
 endfacet
facet normal -0.424005926 -0.621495903 -0.658757746
  outer loop
   vertex 43112.9961 32089.9531 28577.3555
   vertex 43234.8867 31976.0117 28606.3965
   vertex 43030.3203 32033.7578 28683.584
  endloop
 endfacet
facet normal -0.376421928 -0.00370010873 -0.926440954
  outer loop
   vertex 42962.6992 32316.8711 28617.2617
   vertex 42785.4766 32284.9082 28689.3965
   vertex 42817.7891 32449.3965 28675.6094
  endloop
 endfacet
facet normal -0.491782844 -0.777191103 -0.392585874
  outer loop
   vertex 43045.7656 31969.5625 28791.3242
   vertex 43030.3203 32033.7578 28683.584
   vertex 43165.8672 31923.373 28732.3145
  endloop
 endfacet
facet normal -0.53493464 -0.841865778 0.0714631006
  outer loop
   vertex 43045.7656 31969.5625 28791.3242
   vertex 43019.2695 31997.6523 28923.8965
   vertex 42916.0039 32054.2988 28818.2441
  endloop
 endfacet
facet normal -0.544089198 -0.834791422 0.084203653
  outer loop
   vertex 42862.9844 32106.9668 28997.7832
   vertex 42916.0039 32054.2988 28818.2441
   vertex 43019.2695 31997.6523 28923.8965
  endloop
 endfacet
facet normal -0.56110853 -0.743971527 -0.362854779
  outer loop
   vertex 43030.3203 32033.7578 28683.584
   vertex 43045.7656 31969.5625 28791.3242
   vertex 42916.0039 32054.2988 28818.2441
  endloop
 endfacet
facet normal -0.241021812 0.403892845 -0.882484615
  outer loop
   vertex 44083.9805 32038.1562 28350.3438
   vertex 44289.8711 31988.7969 28271.5215
   vertex 44110.5039 31809.916 28238.6387
  endloop
 endfacet
facet normal -0.41194123 -0.330434769 -0.849186242
  outer loop
   vertex 43598.4883 31982.9883 28465.6309
   vertex 43620.8008 31825.0879 28516.25
   vertex 43453.1445 31898.123 28569.1602
  endloop
 endfacet
facet normal -0.410179347 -0.739380062 -0.533919454
  outer loop
   vertex 43030.3203 32033.7578 28683.584
   vertex 43234.8867 31976.0117 28606.3965
   vertex 43165.8672 31923.373 28732.3145
  endloop
 endfacet
facet normal -0.272773266 -0.0343692303 -0.961464226
  outer loop
   vertex 43790.4102 32025.5703 28409.6602
   vertex 43783.3047 31816.5254 28419.1484
   vertex 43598.4883 31982.9883 28465.6309
  endloop
 endfacet
facet normal 0.0549061187 -0.308698088 -0.949573994
  outer loop
   vertex 44232.8984 31755.248 28186.7715
   vertex 44148.1172 31686.1777 28204.3223
   vertex 44154.1484 31743.1875 28186.1387
  endloop
 endfacet
facet normal -0.0252656974 -0.216967687 -0.975851774
  outer loop
   vertex 44232.8984 31755.248 28186.7715
   vertex 44245.9414 31607.8594 28219.2031
   vertex 44148.1172 31686.1777 28204.3223
  endloop
 endfacet
facet normal -0.454794884 0.0313101485 -0.890045643
  outer loop
   vertex 43962.75 31762.0918 28312.4551
   vertex 44110.5039 31809.916 28238.6387
   vertex 44063.6406 31664.3672 28257.4668
  endloop
 endfacet
facet normal -0.453446627 0.0258111116 -0.890909612
  outer loop
   vertex 43962.75 31762.0918 28312.4551
   vertex 44011.2812 31881.2461 28291.209
   vertex 44110.5039 31809.916 28238.6387
  endloop
 endfacet
facet normal -0.820590556 -0.0930499211 -0.563890815
  outer loop
   vertex 44110.5039 31809.916 28238.6387
   vertex 44154.1484 31743.1875 28186.1387
   vertex 44148.1172 31686.1777 28204.3223
  endloop
 endfacet
facet normal -0.543588519 0.0668030083 -0.836689234
  outer loop
   vertex 44110.5039 31809.916 28238.6387
   vertex 44148.1172 31686.1777 28204.3223
   vertex 44063.6406 31664.3672 28257.4668
  endloop
 endfacet
facet normal -0.154952407 0.103499345 -0.982485414
  outer loop
   vertex 44348.1523 31670.6855 28159.6855
   vertex 44232.8984 31755.248 28186.7715
   vertex 44393.1758 31827.8535 28169.1406
  endloop
 endfacet
facet normal -0.379811347 -0.230729491 -0.895827711
  outer loop
   vertex 44348.1523 31670.6855 28159.6855
   vertex 44245.9414 31607.8594 28219.2031
   vertex 44232.8984 31755.248 28186.7715
  endloop
 endfacet
facet normal -0.497266024 -0.327779472 -0.803297639
  outer loop
   vertex 43783.3047 31816.5254 28419.1484
   vertex 43620.8008 31825.0879 28516.25
   vertex 43598.4883 31982.9883 28465.6309
  endloop
 endfacet
facet normal -0.517753482 -0.207003281 -0.830109
  outer loop
   vertex 42643.4961 32430.2539 28741.707
   vertex 42785.4766 32284.9082 28689.3965
   vertex 42639.5156 32315.9434 28772.6953
  endloop
 endfacet
facet normal -0.50015229 0.0460713916 -0.864710987
  outer loop
   vertex 43962.75 31762.0918 28312.4551
   vertex 43783.3047 31816.5254 28419.1484
   vertex 43920.6523 31932.1602 28345.8672
  endloop
 endfacet
facet normal -0.454133034 -0.0249863006 -0.890583456
  outer loop
   vertex 43783.3047 31816.5254 28419.1484
   vertex 43790.4102 32025.5703 28409.6602
   vertex 43920.6523 31932.1602 28345.8672
  endloop
 endfacet
facet normal -0.30793786 0.153788134 -0.938894808
  outer loop
   vertex 43790.4102 32025.5703 28409.6602
   vertex 43598.4883 31982.9883 28465.6309
   vertex 43695.1055 32152.1406 28461.6484
  endloop
 endfacet
facet normal -0.15850395 -0.0585826039 -0.985618889
  outer loop
   vertex 43222.418 32059.1543 28540.2539
   vertex 43211.7305 32157.1836 28536.1465
   vertex 43366.043 32059.3242 28517.1465
  endloop
 endfacet
facet normal -0.339354306 -0.0762824193 -0.937560499
  outer loop
   vertex 43222.418 32059.1543 28540.2539
   vertex 43112.9961 32089.9531 28577.3555
   vertex 43211.7305 32157.1836 28536.1465
  endloop
 endfacet
facet normal -0.200296879 0.346561819 -0.916392982
  outer loop
   vertex 43790.4102 32025.5703 28409.6602
   vertex 43935.332 32097.3711 28405.1367
   vertex 43920.6523 31932.1602 28345.8672
  endloop
 endfacet
facet normal -0.489881366 -0.537275076 -0.686550617
  outer loop
   vertex 43030.3203 32033.7578 28683.584
   vertex 42848.9297 32143.3379 28727.2617
   vertex 42958.543 32169.9102 28628.2539
  endloop
 endfacet
facet normal -0.179779798 0.0796063021 -0.980480552
  outer loop
   vertex 43695.1055 32152.1406 28461.6484
   vertex 43598.4883 31982.9883 28465.6309
   vertex 43530.2656 32169.7578 28493.3047
  endloop
 endfacet
facet normal -0.192314208 0.0747319311 -0.978483737
  outer loop
   vertex 43366.043 32059.3242 28517.1465
   vertex 43530.2656 32169.7578 28493.3047
   vertex 43598.4883 31982.9883 28465.6309
  endloop
 endfacet
facet normal -0.140032008 0.432921559 -0.890488625
  outer loop
   vertex 43669.8555 32295.752 28535.4395
   vertex 43765.043 32259.2891 28502.7441
   vertex 43695.1055 32152.1406 28461.6484
  endloop
 endfacet
facet normal -0.218849525 0.385262549 -0.896480739
  outer loop
   vertex 43847.6602 32202.3555 28471.6582
   vertex 43935.332 32097.3711 28405.1367
   vertex 43790.4102 32025.5703 28409.6602
  endloop
 endfacet
facet normal -0.244993016 0.403520256 -0.881561041
  outer loop
   vertex 44500.0547 32024.8262 28229.5996
   vertex 44393.1758 31827.8535 28169.1406
   vertex 44289.8711 31988.7969 28271.5215
  endloop
 endfacet
facet normal -0.502014041 -0.539399922 -0.676039636
  outer loop
   vertex 43112.9961 32089.9531 28577.3555
   vertex 43030.3203 32033.7578 28683.584
   vertex 42958.543 32169.9102 28628.2539
  endloop
 endfacet
facet normal 0.0433309078 0.601394832 -0.797776103
  outer loop
   vertex 43508.3984 32635.2344 28785.6875
   vertex 43664.1953 32489.7422 28684.4727
   vertex 43411.4844 32428.5059 28624.584
  endloop
 endfacet
facet normal -0.546094179 -0.833110273 0.0877974927
  outer loop
   vertex 42677.957 32229.8926 29013.377
   vertex 42760.1875 32159.2637 28854.6523
   vertex 42862.9844 32106.9668 28997.7832
  endloop
 endfacet
facet normal -0.0413341522 0.46397692 -0.88488245
  outer loop
   vertex 43411.4844 32428.5059 28624.584
   vertex 43178.9492 32337.5527 28587.7559
   vertex 43257.9336 32556.0938 28698.6562
  endloop
 endfacet
facet normal -0.57994318 -0.75345546 -0.309791505
  outer loop
   vertex 42760.1875 32159.2637 28854.6523
   vertex 42848.9297 32143.3379 28727.2617
   vertex 42916.0039 32054.2988 28818.2441
  endloop
 endfacet
facet normal -0.542997897 -0.835449576 0.0847190097
  outer loop
   vertex 42916.0039 32054.2988 28818.2441
   vertex 42862.9844 32106.9668 28997.7832
   vertex 42760.1875 32159.2637 28854.6523
  endloop
 endfacet
facet normal -0.107038558 0.452437699 -0.885349035
  outer loop
   vertex 43411.4844 32428.5059 28624.584
   vertex 43523.3594 32322.1523 28556.709
   vertex 43363.7773 32240.1465 28534.0957
  endloop
 endfacet
facet normal -0.622191906 -0.742103696 -0.249317825
  outer loop
   vertex 42760.1875 32159.2637 28854.6523
   vertex 42621.4414 32270.873 28868.6953
   vertex 42716.6484 32224.4062 28769.4062
  endloop
 endfacet
facet normal -0.706154287 -0.580463588 -0.405472815
  outer loop
   vertex 42621.4414 32270.873 28868.6953
   vertex 42639.5156 32315.9434 28772.6953
   vertex 42716.6484 32224.4062 28769.4062
  endloop
 endfacet
facet normal -0.543002427 -0.435417682 -0.718024969
  outer loop
   vertex 42848.9297 32143.3379 28727.2617
   vertex 42785.4766 32284.9082 28689.3965
   vertex 42958.543 32169.9102 28628.2539
  endloop
 endfacet
facet normal -0.131585002 0.275393605 -0.952283442
  outer loop
   vertex 42962.6992 32316.8711 28617.2617
   vertex 42817.7891 32449.3965 28675.6094
   vertex 43023.9023 32490.793 28659.1016
  endloop
 endfacet
facet normal -0.049827382 0.329183191 -0.942950487
  outer loop
   vertex 44724.7852 32078.2812 28221.4688
   vertex 44783.2305 31844.9961 28136.9395
   vertex 44574.1602 31858.375 28152.6582
  endloop
 endfacet
facet normal -0.0121114068 0.64983362 -0.759979963
  outer loop
   vertex 43765.043 32259.2891 28502.7441
   vertex 43669.8555 32295.752 28535.4395
   vertex 43862.8164 32389.2129 28612.2793
  endloop
 endfacet
facet normal -0.501096666 -0.426056623 -0.753244877
  outer loop
   vertex 42716.6484 32224.4062 28769.4062
   vertex 42785.4766 32284.9082 28689.3965
   vertex 42848.9297 32143.3379 28727.2617
  endloop
 endfacet
facet normal 0.0845730305 0.603916466 -0.792548001
  outer loop
   vertex 43355.3867 32764.3262 28867.7266
   vertex 43508.3984 32635.2344 28785.6875
   vertex 43257.9336 32556.0938 28698.6562
  endloop
 endfacet
facet normal -0.0706680566 0.39707309 -0.915062308
  outer loop
   vertex 43695.1055 32152.1406 28461.6484
   vertex 43765.043 32259.2891 28502.7441
   vertex 43847.6602 32202.3555 28471.6582
  endloop
 endfacet
facet normal -0.0522590466 0.345511764 -0.936958194
  outer loop
   vertex 43790.4102 32025.5703 28409.6602
   vertex 43695.1055 32152.1406 28461.6484
   vertex 43847.6602 32202.3555 28471.6582
  endloop
 endfacet
facet normal -0.124550104 0.436043054 -0.891265213
  outer loop
   vertex 43695.1055 32152.1406 28461.6484
   vertex 43530.2656 32169.7578 28493.3047
   vertex 43669.8555 32295.752 28535.4395
  endloop
 endfacet
facet normal -0.516415179 -0.408097357 -0.752842546
  outer loop
   vertex 42716.6484 32224.4062 28769.4062
   vertex 42639.5156 32315.9434 28772.6953
   vertex 42785.4766 32284.9082 28689.3965
  endloop
 endfacet
facet normal -0.293851465 -0.147320181 -0.944430053
  outer loop
   vertex 43211.7305 32157.1836 28536.1465
   vertex 43112.9961 32089.9531 28577.3555
   vertex 43075.3555 32206.3887 28570.9043
  endloop
 endfacet
facet normal -0.201408044 0.0889070854 -0.975464165
  outer loop
   vertex 43366.043 32059.3242 28517.1465
   vertex 43363.7773 32240.1465 28534.0957
   vertex 43530.2656 32169.7578 28493.3047
  endloop
 endfacet
facet normal -0.0637863949 0.0923368335 -0.993682623
  outer loop
   vertex 43211.7305 32157.1836 28536.1465
   vertex 43363.7773 32240.1465 28534.0957
   vertex 43366.043 32059.3242 28517.1465
  endloop
 endfacet
facet normal -0.367185384 -0.0590431876 -0.928271949
  outer loop
   vertex 42962.6992 32316.8711 28617.2617
   vertex 42958.543 32169.9102 28628.2539
   vertex 42785.4766 32284.9082 28689.3965
  endloop
 endfacet
facet normal -0.0652972311 0.380793661 -0.922351599
  outer loop
   vertex 43669.8555 32295.752 28535.4395
   vertex 43530.2656 32169.7578 28493.3047
   vertex 43523.3594 32322.1523 28556.709
  endloop
 endfacet
facet normal -0.353719026 -0.00890312437 -0.93530935
  outer loop
   vertex 42817.7891 32449.3965 28675.6094
   vertex 42785.4766 32284.9082 28689.3965
   vertex 42643.4961 32430.2539 28741.707
  endloop
 endfacet
facet normal 0.0958401412 0.583518624 -0.806424618
  outer loop
   vertex 43411.4844 32428.5059 28624.584
   vertex 43257.9336 32556.0938 28698.6562
   vertex 43508.3984 32635.2344 28785.6875
  endloop
 endfacet
facet normal -0.0649864376 0.380813479 -0.922365367
  outer loop
   vertex 43363.7773 32240.1465 28534.0957
   vertex 43523.3594 32322.1523 28556.709
   vertex 43530.2656 32169.7578 28493.3047
  endloop
 endfacet
facet normal -0.426010966 -0.0554898605 -0.903014719
  outer loop
   vertex 42958.543 32169.9102 28628.2539
   vertex 42962.6992 32316.8711 28617.2617
   vertex 43075.3555 32206.3887 28570.9043
  endloop
 endfacet
facet normal -0.134962007 0.294710934 -0.946007788
  outer loop
   vertex 42817.7891 32449.3965 28675.6094
   vertex 42879.3594 32619.6602 28719.8691
   vertex 43023.9023 32490.793 28659.1016
  endloop
 endfacet
facet normal 0.098625876 0.53853327 -0.836812317
  outer loop
   vertex 42533.2734 33081.0352 28978.582
   vertex 42795.5352 33083.9961 29011.3965
   vertex 42614.7617 32931.2344 28891.7812
  endloop
 endfacet
facet normal 0.104742967 0.465036631 -0.879073262
  outer loop
   vertex 42533.2734 33081.0352 28978.582
   vertex 42717.1484 33187.082 29056.5898
   vertex 42795.5352 33083.9961 29011.3965
  endloop
 endfacet
facet normal 0.148952156 0.600883305 -0.785335898
  outer loop
   vertex 42946.6758 32799.1562 28824.7832
   vertex 43194.8125 32889.6914 28941.1152
   vertex 43102.9102 32686.0605 28767.8809
  endloop
 endfacet
facet normal -0.134906054 0.315371126 -0.93933028
  outer loop
   vertex 42686.6445 32586.0469 28736.2617
   vertex 42763.1406 32724.1484 28771.6406
   vertex 42879.3594 32619.6602 28719.8691
  endloop
 endfacet
facet normal -0.12603347 0.519068956 -0.845389247
  outer loop
   vertex 42763.1406 32724.1484 28771.6406
   vertex 42586.293 32749.2227 28813.4004
   vertex 42776.8359 32880.2539 28865.4473
  endloop
 endfacet
facet normal 0.0497331731 0.57860136 -0.814092815
  outer loop
   vertex 42795.5352 33083.9961 29011.3965
   vertex 42776.8359 32880.2539 28865.4473
   vertex 42614.7617 32931.2344 28891.7812
  endloop
 endfacet
facet normal 0.0520959459 0.489293903 -0.8705616
  outer loop
   vertex 42879.3594 32619.6602 28719.8691
   vertex 42763.1406 32724.1484 28771.6406
   vertex 42946.6758 32799.1562 28824.7832
  endloop
 endfacet
facet normal 0.0391136445 0.512159169 -0.857999504
  outer loop
   vertex 42776.8359 32880.2539 28865.4473
   vertex 42946.6758 32799.1562 28824.7832
   vertex 42763.1406 32724.1484 28771.6406
  endloop
 endfacet
facet normal 0.0134042567 0.482471198 -0.875809252
  outer loop
   vertex 43257.9336 32556.0938 28698.6562
   vertex 43023.9023 32490.793 28659.1016
   vertex 43102.9102 32686.0605 28767.8809
  endloop
 endfacet
facet normal -0.155267686 0.245572701 -0.956862569
  outer loop
   vertex 43075.3555 32206.3887 28570.9043
   vertex 43178.9492 32337.5527 28587.7559
   vertex 43211.7305 32157.1836 28536.1465
  endloop
 endfacet
facet normal 0.134393051 0.585944355 -0.799129367
  outer loop
   vertex 43102.9102 32686.0605 28767.8809
   vertex 43355.3867 32764.3262 28867.7266
   vertex 43257.9336 32556.0938 28698.6562
  endloop
 endfacet
facet normal 0.146218508 0.604984403 -0.782696664
  outer loop
   vertex 43010.418 32997.6406 28990.1074
   vertex 43194.8125 32889.6914 28941.1152
   vertex 42946.6758 32799.1562 28824.7832
  endloop
 endfacet
facet normal -0.0706109479 0.740907192 -0.667885184
  outer loop
   vertex 44943.6094 32229.5781 28298.6641
   vertex 44756.2344 32274.8711 28368.7188
   vertex 44934.4805 32381.5527 28468.2188
  endloop
 endfacet
facet normal 0.10712745 0.615788043 -0.780595183
  outer loop
   vertex 42946.6758 32799.1562 28824.7832
   vertex 42776.8359 32880.2539 28865.4473
   vertex 43010.418 32997.6406 28990.1074
  endloop
 endfacet
facet normal 0.147564396 0.566981316 -0.810405433
  outer loop
   vertex 42776.8359 32880.2539 28865.4473
   vertex 42795.5352 33083.9961 29011.3965
   vertex 43010.418 32997.6406 28990.1074
  endloop
 endfacet
facet normal 0.0273082182 0.444489062 -0.89536792
  outer loop
   vertex 43178.9492 32337.5527 28587.7559
   vertex 43023.9023 32490.793 28659.1016
   vertex 43257.9336 32556.0938 28698.6562
  endloop
 endfacet
facet normal -0.147775561 0.247157156 -0.957640707
  outer loop
   vertex 43211.7305 32157.1836 28536.1465
   vertex 43178.9492 32337.5527 28587.7559
   vertex 43363.7773 32240.1465 28534.0957
  endloop
 endfacet
facet normal -0.0294344239 0.438888729 -0.898059189
  outer loop
   vertex 43411.4844 32428.5059 28624.584
   vertex 43363.7773 32240.1465 28534.0957
   vertex 43178.9492 32337.5527 28587.7559
  endloop
 endfacet
facet normal -0.156159759 0.282633871 -0.946431279
  outer loop
   vertex 43023.9023 32490.793 28659.1016
   vertex 43178.9492 32337.5527 28587.7559
   vertex 42962.6992 32316.8711 28617.2617
  endloop
 endfacet
facet normal -0.154009566 0.244635969 -0.957305729
  outer loop
   vertex 42962.6992 32316.8711 28617.2617
   vertex 43178.9492 32337.5527 28587.7559
   vertex 43075.3555 32206.3887 28570.9043
  endloop
 endfacet
facet normal 0.0534920134 0.576584518 -0.81528455
  outer loop
   vertex 43411.4844 32428.5059 28624.584
   vertex 43664.1953 32489.7422 28684.4727
   vertex 43523.3594 32322.1523 28556.709
  endloop
 endfacet
facet normal -0.00538005168 0.609116793 -0.79306227
  outer loop
   vertex 43669.8555 32295.752 28535.4395
   vertex 43523.3594 32322.1523 28556.709
   vertex 43664.1953 32489.7422 28684.4727
  endloop
 endfacet
facet normal 0.0204057135 0.609471679 -0.792545199
  outer loop
   vertex 43669.8555 32295.752 28535.4395
   vertex 43664.1953 32489.7422 28684.4727
   vertex 43862.8164 32389.2129 28612.2793
  endloop
 endfacet
facet normal -0.0740108192 0.536098063 -0.840905011
  outer loop
   vertex 44943.6094 32229.5781 28298.6641
   vertex 45021.9414 32005.0469 28148.625
   vertex 44724.7852 32078.2812 28221.4688
  endloop
 endfacet
facet normal -0.156211317 0.301654547 -0.940533102
  outer loop
   vertex 45021.9414 32005.0469 28148.625
   vertex 44783.2305 31844.9961 28136.9395
   vertex 44724.7852 32078.2812 28221.4688
  endloop
 endfacet
facet normal -0.271891892 0.386179119 -0.881442249
  outer loop
   vertex 44393.1758 31827.8535 28169.1406
   vertex 44232.8984 31755.248 28186.7715
   vertex 44289.8711 31988.7969 28271.5215
  endloop
 endfacet
facet normal -0.113060348 0.814499557 -0.569041133
  outer loop
   vertex 44619.5273 32480.5977 28673.5039
   vertex 44621.2734 32337.9238 28468.9395
   vertex 44486.7305 32356.5234 28522.2949
  endloop
 endfacet
facet normal 0.0775999278 0.701775908 -0.708158731
  outer loop
   vertex 43862.8164 32389.2129 28612.2793
   vertex 43926.0508 32622.7227 28850.6133
   vertex 44114.3086 32540.6699 28789.9297
  endloop
 endfacet
facet normal -0.0496275239 0.856766105 -0.513311744
  outer loop
   vertex 44452.6914 32448.1074 28656.3145
   vertex 44307.3555 32479.5645 28722.8691
   vertex 44556.457 32600.2246 28900.1797
  endloop
 endfacet
facet normal 0.0737524554 0.704946697 -0.705415249
  outer loop
   vertex 44062.0625 32291.8809 28535.8438
   vertex 43862.8164 32389.2129 28612.2793
   vertex 44114.3086 32540.6699 28789.9297
  endloop
 endfacet
facet normal 0.0955361053 0.698243558 -0.709456682
  outer loop
   vertex 43862.8164 32389.2129 28612.2793
   vertex 43664.1953 32489.7422 28684.4727
   vertex 43926.0508 32622.7227 28850.6133
  endloop
 endfacet
facet normal -0.0689811856 0.747976005 -0.660131395
  outer loop
   vertex 44307.3555 32479.5645 28722.8691
   vertex 44301.9609 32264.291 28479.5137
   vertex 44062.0625 32291.8809 28535.8438
  endloop
 endfacet
facet normal -0.0122876242 0.601897538 -0.798478782
  outer loop
   vertex 43847.6602 32202.3555 28471.6582
   vertex 43862.8164 32389.2129 28612.2793
   vertex 44062.0625 32291.8809 28535.8438
  endloop
 endfacet
facet normal 0.107655674 0.592222273 -0.798550606
  outer loop
   vertex 43765.043 32259.2891 28502.7441
   vertex 43862.8164 32389.2129 28612.2793
   vertex 43847.6602 32202.3555 28471.6582
  endloop
 endfacet
facet normal -0.318488687 0.367242873 -0.87389797
  outer loop
   vertex 44724.7852 32078.2812 28221.4688
   vertex 44615.8125 32189.834 28308.0586
   vertex 44687.168 32187.4824 28281.0664
  endloop
 endfacet
facet normal -0.151796043 0.509281397 -0.847107112
  outer loop
   vertex 44500.0547 32024.8262 28229.5996
   vertex 44615.8125 32189.834 28308.0586
   vertex 44724.7852 32078.2812 28221.4688
  endloop
 endfacet
facet normal -0.16818969 0.807859361 -0.564867616
  outer loop
   vertex 44934.4805 32381.5527 28468.2188
   vertex 44756.2344 32274.8711 28368.7188
   vertex 44825.2305 32467.4316 28623.5703
  endloop
 endfacet
facet normal -0.0628855228 0.804394484 -0.590757906
  outer loop
   vertex 44825.2305 32467.4316 28623.5703
   vertex 44756.2344 32274.8711 28368.7188
   vertex 44621.2734 32337.9238 28468.9395
  endloop
 endfacet
facet normal -0.12901099 0.519450247 -0.844705641
  outer loop
   vertex 45021.9414 32005.0469 28148.625
   vertex 44943.6094 32229.5781 28298.6641
   vertex 45204.3984 32239.207 28264.7559
  endloop
 endfacet
facet normal -0.114422083 0.731350124 -0.672335148
  outer loop
   vertex 45204.3984 32239.207 28264.7559
   vertex 44943.6094 32229.5781 28298.6641
   vertex 45076.8711 32366.9082 28425.3691
  endloop
 endfacet
facet normal -0.124764137 0.735491931 -0.66594708
  outer loop
   vertex 44934.4805 32381.5527 28468.2188
   vertex 45076.8711 32366.9082 28425.3691
   vertex 44943.6094 32229.5781 28298.6641
  endloop
 endfacet
facet normal -0.0981298313 0.809864998 -0.578350425
  outer loop
   vertex 44452.6914 32448.1074 28656.3145
   vertex 44619.5273 32480.5977 28673.5039
   vertex 44486.7305 32356.5234 28522.2949
  endloop
 endfacet
facet normal -0.205982402 0.723442376 -0.658940315
  outer loop
   vertex 44621.2734 32337.9238 28468.9395
   vertex 44615.8125 32189.834 28308.0586
   vertex 44461.8281 32200.0293 28367.3887
  endloop
 endfacet
facet normal -0.153975382 0.729570746 -0.666346848
  outer loop
   vertex 44621.2734 32337.9238 28468.9395
   vertex 44756.2344 32274.8711 28368.7188
   vertex 44615.8125 32189.834 28308.0586
  endloop
 endfacet
facet normal -0.203892022 0.76892221 -0.605959296
  outer loop
   vertex 44615.8125 32189.834 28308.0586
   vertex 44756.2344 32274.8711 28368.7188
   vertex 44687.168 32187.4824 28281.0664
  endloop
 endfacet
facet normal -0.144826919 0.361314356 -0.921128154
  outer loop
   vertex 44500.0547 32024.8262 28229.5996
   vertex 44574.1602 31858.375 28152.6582
   vertex 44393.1758 31827.8535 28169.1406
  endloop
 endfacet
facet normal -0.253406286 0.563237607 -0.786478639
  outer loop
   vertex 44461.8281 32200.0293 28367.3887
   vertex 44500.0547 32024.8262 28229.5996
   vertex 44289.8711 31988.7969 28271.5215
  endloop
 endfacet
facet normal -0.265456557 0.55955112 -0.785134017
  outer loop
   vertex 44615.8125 32189.834 28308.0586
   vertex 44500.0547 32024.8262 28229.5996
   vertex 44461.8281 32200.0293 28367.3887
  endloop
 endfacet
facet normal -0.0826659203 0.582266986 -0.808783948
  outer loop
   vertex 44154.1484 31743.1875 28186.1387
   vertex 44110.5039 31809.916 28238.6387
   vertex 44232.8984 31755.248 28186.7715
  endloop
 endfacet
facet normal -0.265553534 0.445297748 -0.855097234
  outer loop
   vertex 44011.2812 31881.2461 28291.209
   vertex 43920.6523 31932.1602 28345.8672
   vertex 44083.9805 32038.1562 28350.3438
  endloop
 endfacet
facet normal -0.173306629 0.416619241 -0.892408669
  outer loop
   vertex 44110.5039 31809.916 28238.6387
   vertex 44011.2812 31881.2461 28291.209
   vertex 44083.9805 32038.1562 28350.3438
  endloop
 endfacet
facet normal -0.199788913 0.346557081 -0.916505635
  outer loop
   vertex 43935.332 32097.3711 28405.1367
   vertex 44083.9805 32038.1562 28350.3438
   vertex 43920.6523 31932.1602 28345.8672
  endloop
 endfacet
facet normal -0.122731581 0.578803062 -0.806178629
  outer loop
   vertex 44062.0625 32291.8809 28535.8438
   vertex 44301.9609 32264.291 28479.5137
   vertex 44083.9805 32038.1562 28350.3438
  endloop
 endfacet
facet normal -0.0647685751 0.585304201 -0.808222771
  outer loop
   vertex 43935.332 32097.3711 28405.1367
   vertex 44062.0625 32291.8809 28535.8438
   vertex 44083.9805 32038.1562 28350.3438
  endloop
 endfacet
facet normal -0.121640094 0.371343762 -0.920493066
  outer loop
   vertex 44500.0547 32024.8262 28229.5996
   vertex 44724.7852 32078.2812 28221.4688
   vertex 44574.1602 31858.375 28152.6582
  endloop
 endfacet
facet normal -0.32553345 -0.800251007 0.503613293
  outer loop
   vertex 42970.0312 32237.9844 29355.4922
   vertex 42942.5195 32132.9824 29170.8594
   vertex 43127.1953 32120.5117 29270.416
  endloop
 endfacet
facet normal -0.0283308439 0.880768001 -0.472699791
  outer loop
   vertex 44787.418 32597.0352 28880.3945
   vertex 44619.5273 32480.5977 28673.5039
   vertex 44556.457 32600.2246 28900.1797
  endloop
 endfacet
facet normal 0.0190280173 -0.895239055 0.445179731
  outer loop
   vertex 45081.582 31756.5176 29074.4355
   vertex 44851.5352 31770.8789 29113.1465
   vertex 44843.5547 31632.6562 28835.5293
  endloop
 endfacet
facet normal 0.0236200243 -0.896953464 0.441493511
  outer loop
   vertex 45081.582 31756.5176 29074.4355
   vertex 44843.5547 31632.6562 28835.5293
   vertex 45031.4609 31634.8105 28829.8516
  endloop
 endfacet
facet normal -0.0538799986 0.888254702 -0.456180394
  outer loop
   vertex 44787.418 32597.0352 28880.3945
   vertex 44825.2305 32467.4316 28623.5703
   vertex 44619.5273 32480.5977 28673.5039
  endloop
 endfacet
facet normal -0.0645661205 0.887046099 -0.457143813
  outer loop
   vertex 44825.2305 32467.4316 28623.5703
   vertex 44787.418 32597.0352 28880.3945
   vertex 44978.207 32596.8262 28853.041
  endloop
 endfacet
facet normal 0.0607226454 0.818610072 -0.571130693
  outer loop
   vertex 44307.3555 32479.5645 28722.8691
   vertex 44114.3086 32540.6699 28789.9297
   vertex 44354.793 32668.1562 28998.2246
  endloop
 endfacet
facet normal 0.00294431765 0.824800253 -0.565416515
  outer loop
   vertex 44556.457 32600.2246 28900.1797
   vertex 44307.3555 32479.5645 28722.8691
   vertex 44354.793 32668.1562 28998.2246
  endloop
 endfacet
facet normal 0.102981485 0.904144585 -0.414629221
  outer loop
   vertex 44354.793 32668.1562 28998.2246
   vertex 44579.7617 32740.1094 29211.0039
   vertex 44556.457 32600.2246 28900.1797
  endloop
 endfacet
facet normal 0.0338605419 -0.650512457 0.758740425
  outer loop
   vertex 45247.2656 31921.8438 29300.209
   vertex 45199.4922 32088.3281 29445.0762
   vertex 45048.8594 31922.8828 29309.9531
  endloop
 endfacet
facet normal 0.19556047 0.685121238 -0.701687276
  outer loop
   vertex 43302.9453 33109.1289 29185.5078
   vertex 43467.3125 32965.5156 29091.0957
   vertex 43194.8125 32889.6914 28941.1152
  endloop
 endfacet
facet normal 0.21079585 0.679156601 -0.703072846
  outer loop
   vertex 43194.8125 32889.6914 28941.1152
   vertex 43010.418 32997.6406 28990.1074
   vertex 43302.9453 33109.1289 29185.5078
  endloop
 endfacet
facet normal 0.115737908 0.678460777 -0.725462437
  outer loop
   vertex 43926.0508 32622.7227 28850.6133
   vertex 43664.1953 32489.7422 28684.4727
   vertex 43756.2656 32720.1777 28914.668
  endloop
 endfacet
facet normal 0.150325999 0.667997241 -0.728822172
  outer loop
   vertex 43664.1953 32489.7422 28684.4727
   vertex 43508.3984 32635.2344 28785.6875
   vertex 43756.2656 32720.1777 28914.668
  endloop
 endfacet
facet normal -0.225307867 -0.782360733 0.580644488
  outer loop
   vertex 43516.207 32111.8066 29424.7148
   vertex 43342.9922 32196.4531 29471.5547
   vertex 43318.3164 32056.8457 29273.875
  endloop
 endfacet
facet normal 0.193267271 0.659914076 -0.726058662
  outer loop
   vertex 43010.418 32997.6406 28990.1074
   vertex 42795.5352 33083.9961 29011.3965
   vertex 43068.4297 33207.7344 29196.5039
  endloop
 endfacet
facet normal 0.136375815 0.68651706 -0.714210033
  outer loop
   vertex 43756.2656 32720.1777 28914.668
   vertex 43508.3984 32635.2344 28785.6875
   vertex 43613.1328 32837.457 29000.0703
  endloop
 endfacet
facet normal 0.179499298 0.670339406 -0.720017374
  outer loop
   vertex 43508.3984 32635.2344 28785.6875
   vertex 43355.3867 32764.3262 28867.7266
   vertex 43613.1328 32837.457 29000.0703
  endloop
 endfacet
facet normal 0.238767385 0.760881901 -0.603364587
  outer loop
   vertex 42885.4805 33286.8047 29205.6914
   vertex 42758.3281 33397.4219 29294.8691
   vertex 43006.6875 33467.9531 29482.0938
  endloop
 endfacet
facet normal 0.029520575 0.735513151 -0.676867008
  outer loop
   vertex 42721.332 33286.7617 29141.8398
   vertex 42741.3047 33249.293 29101.9961
   vertex 42653.9727 33216.1758 29062.2031
  endloop
 endfacet
facet normal 0.229491726 0.618330956 -0.751665056
  outer loop
   vertex 42795.5352 33083.9961 29011.3965
   vertex 42885.4805 33286.8047 29205.6914
   vertex 43068.4297 33207.7344 29196.5039
  endloop
 endfacet
facet normal -0.0100286528 0.75252229 -0.658490419
  outer loop
   vertex 42653.9727 33216.1758 29062.2031
   vertex 42584.4336 33258.8945 29112.0801
   vertex 42721.332 33286.7617 29141.8398
  endloop
 endfacet
facet normal 0.465778351 0.396554291 -0.79107219
  outer loop
   vertex 42885.4805 33286.8047 29205.6914
   vertex 42717.1484 33187.082 29056.5898
   vertex 42741.3047 33249.293 29101.9961
  endloop
 endfacet
facet normal 0.324063301 0.575564563 -0.750805199
  outer loop
   vertex 42885.4805 33286.8047 29205.6914
   vertex 42795.5352 33083.9961 29011.3965
   vertex 42717.1484 33187.082 29056.5898
  endloop
 endfacet
facet normal 0.17333968 0.535836339 -0.82633698
  outer loop
   vertex 42717.1484 33187.082 29056.5898
   vertex 42653.9727 33216.1758 29062.2031
   vertex 42741.3047 33249.293 29101.9961
  endloop
 endfacet
facet normal -0.309414923 -0.826408863 0.470436811
  outer loop
   vertex 42942.5195 32132.9824 29170.8594
   vertex 43016.5898 32051.4121 29076.2832
   vertex 43127.1953 32120.5117 29270.416
  endloop
 endfacet
facet normal -0.265300959 -0.847155809 0.46037212
  outer loop
   vertex 43190.5039 31980.9531 29060.5625
   vertex 43455.6562 31951.5215 29159.2031
   vertex 43318.3164 32056.8457 29273.875
  endloop
 endfacet
facet normal 0.303550035 0.829672754 -0.46850878
  outer loop
   vertex 42935.0898 33678 29767.2129
   vertex 43035.7148 33644.3672 29772.8496
   vertex 42899.2773 33610.2344 29624.0117
  endloop
 endfacet
facet normal -0.0398331471 0.814232767 -0.579170406
  outer loop
   vertex 42721.332 33286.7617 29141.8398
   vertex 42584.4336 33258.8945 29112.0801
   vertex 42758.3281 33397.4219 29294.8691
  endloop
 endfacet
facet normal 0.169096887 0.773476362 -0.610852361
  outer loop
   vertex 42738.3594 33528.4062 29455.1992
   vertex 42881.1055 33525.6445 29491.2168
   vertex 42758.3281 33397.4219 29294.8691
  endloop
 endfacet
facet normal 0.153644279 0.823740423 -0.54575187
  outer loop
   vertex 42881.1055 33525.6445 29491.2168
   vertex 42738.3594 33528.4062 29455.1992
   vertex 42899.2773 33610.2344 29624.0117
  endloop
 endfacet
facet normal 0.431452096 0.725852966 -0.535711229
  outer loop
   vertex 42995.6289 33576.6523 29620.4707
   vertex 43133.1758 33576.6875 29731.2969
   vertex 43006.6875 33467.9531 29482.0938
  endloop
 endfacet
facet normal 0.0954831392 0.747517705 -0.657343328
  outer loop
   vertex 42584.4336 33258.8945 29112.0801
   vertex 42505.8125 33383.9688 29242.8926
   vertex 42758.3281 33397.4219 29294.8691
  endloop
 endfacet
facet normal 0.087012656 0.77675879 -0.623758435
  outer loop
   vertex 42738.3594 33528.4062 29455.1992
   vertex 42758.3281 33397.4219 29294.8691
   vertex 42505.8125 33383.9688 29242.8926
  endloop
 endfacet
facet normal 0.367776245 0.810035467 -0.456709057
  outer loop
   vertex 43133.1758 33576.6875 29731.2969
   vertex 42995.6289 33576.6523 29620.4707
   vertex 43035.7148 33644.3672 29772.8496
  endloop
 endfacet
facet normal 0.281172842 0.713497818 -0.641765296
  outer loop
   vertex 42758.3281 33397.4219 29294.8691
   vertex 42881.1055 33525.6445 29491.2168
   vertex 43006.6875 33467.9531 29482.0938
  endloop
 endfacet
facet normal 0.237071082 0.634054065 -0.736052096
  outer loop
   vertex 43068.4297 33207.7344 29196.5039
   vertex 42885.4805 33286.8047 29205.6914
   vertex 43031.5039 33291.9453 29257.1504
  endloop
 endfacet
facet normal 0.150835589 0.845362008 -0.512456477
  outer loop
   vertex 43133.5078 33356.9102 29394.3457
   vertex 43031.5039 33291.9453 29257.1504
   vertex 42885.4805 33286.8047 29205.6914
  endloop
 endfacet
facet normal 0.245460346 0.757944882 -0.604374707
  outer loop
   vertex 42885.4805 33286.8047 29205.6914
   vertex 43006.6875 33467.9531 29482.0938
   vertex 43133.5078 33356.9102 29394.3457
  endloop
 endfacet
facet normal 0.258294165 0.798392117 -0.543924749
  outer loop
   vertex 42881.1055 33525.6445 29491.2168
   vertex 42899.2773 33610.2344 29624.0117
   vertex 42995.6289 33576.6523 29620.4707
  endloop
 endfacet
facet normal 0.307590753 0.760044456 -0.572468698
  outer loop
   vertex 43006.6875 33467.9531 29482.0938
   vertex 42881.1055 33525.6445 29491.2168
   vertex 42995.6289 33576.6523 29620.4707
  endloop
 endfacet
facet normal 0.279073447 0.848140299 -0.450306594
  outer loop
   vertex 43035.7148 33644.3672 29772.8496
   vertex 42995.6289 33576.6523 29620.4707
   vertex 42899.2773 33610.2344 29624.0117
  endloop
 endfacet
facet normal 0.326315641 0.786750078 -0.523967981
  outer loop
   vertex 43133.5078 33356.9102 29394.3457
   vertex 43006.6875 33467.9531 29482.0938
   vertex 43236.5586 33488.5117 29656.125
  endloop
 endfacet
facet normal 0.282916814 0.719943583 -0.6337502
  outer loop
   vertex 43302.9453 33109.1289 29185.5078
   vertex 43313.4648 33285.4648 29390.5215
   vertex 43474.7969 33236.0273 29406.3828
  endloop
 endfacet
facet normal 0.273866206 0.722165108 -0.635196686
  outer loop
   vertex 43302.9453 33109.1289 29185.5078
   vertex 43068.4297 33207.7344 29196.5039
   vertex 43313.4648 33285.4648 29390.5215
  endloop
 endfacet
facet normal 0.273422837 0.722653329 -0.634832382
  outer loop
   vertex 43068.4297 33207.7344 29196.5039
   vertex 43133.5078 33356.9102 29394.3457
   vertex 43313.4648 33285.4648 29390.5215
  endloop
 endfacet
facet normal 0.435700446 0.643957853 -0.628874719
  outer loop
   vertex 43031.5039 33291.9453 29257.1504
   vertex 43133.5078 33356.9102 29394.3457
   vertex 43068.4297 33207.7344 29196.5039
  endloop
 endfacet
facet normal 0.269276291 0.72496891 -0.633964002
  outer loop
   vertex 43467.3125 32965.5156 29091.0957
   vertex 43302.9453 33109.1289 29185.5078
   vertex 43575.4961 33135.543 29331.4824
  endloop
 endfacet
facet normal 0.264773816 0.732683003 -0.626953363
  outer loop
   vertex 43474.7969 33236.0273 29406.3828
   vertex 43575.4961 33135.543 29331.4824
   vertex 43302.9453 33109.1289 29185.5078
  endloop
 endfacet
facet normal 0.377751291 0.844366193 -0.379933774
  outer loop
   vertex 43806.0586 33246.2422 29705.6445
   vertex 43920.7812 33163.6953 29636.252
   vertex 43778.1875 33165.6172 29498.752
  endloop
 endfacet
facet normal 0.450397193 0.783232749 -0.428589374
  outer loop
   vertex 43520.3711 33417.6094 29738.9102
   vertex 43662.5234 33351.0781 29766.7168
   vertex 43504.8594 33338.4258 29577.9023
  endloop
 endfacet
facet normal 0.295902312 0.796456039 -0.527351499
  outer loop
   vertex 43313.4648 33285.4648 29390.5215
   vertex 43504.8594 33338.4258 29577.9023
   vertex 43474.7969 33236.0273 29406.3828
  endloop
 endfacet
facet normal 0.238098279 0.00653119199 0.971219122
  outer loop
   vertex 43506.4688 33298.3984 30255.0781
   vertex 43364.4766 33302.75 30289.8594
   vertex 43428.5469 33191.168 30274.9023
  endloop
 endfacet
facet normal 0.301012725 0.786991358 -0.53854984
  outer loop
   vertex 43363.7891 33407.375 29596.7988
   vertex 43313.4648 33285.4648 29390.5215
   vertex 43133.5078 33356.9102 29394.3457
  endloop
 endfacet
facet normal 0.276242048 0.810650647 -0.516271174
  outer loop
   vertex 43363.7891 33407.375 29596.7988
   vertex 43133.5078 33356.9102 29394.3457
   vertex 43236.5586 33488.5117 29656.125
  endloop
 endfacet
facet normal 0.310631722 0.78317976 -0.538644016
  outer loop
   vertex 43313.4648 33285.4648 29390.5215
   vertex 43363.7891 33407.375 29596.7988
   vertex 43504.8594 33338.4258 29577.9023
  endloop
 endfacet
facet normal 0.361390293 0.762350678 -0.53685981
  outer loop
   vertex 43575.4961 33135.543 29331.4824
   vertex 43474.7969 33236.0273 29406.3828
   vertex 43642.8828 33258.2695 29551.1191
  endloop
 endfacet
facet normal 0.279280901 0.91945982 -0.276759475
  outer loop
   vertex 44594.0898 32814.5547 29472.7812
   vertex 44769.4375 32739.4375 29400.1719
   vertex 44579.7617 32740.1094 29211.0039
  endloop
 endfacet
facet normal 0.499026954 0.860055208 -0.106193721
  outer loop
   vertex 44246.9844 32986.9492 29759.3535
   vertex 44262.1289 32948.3516 29517.9199
   vertex 44074.9922 33071.543 29636.2656
  endloop
 endfacet
facet normal 0.48092553 0.788577974 -0.383217156
  outer loop
   vertex 44006.625 32970.668 29342.8809
   vertex 43916.8359 33092.5078 29480.916
   vertex 44074.9922 33071.543 29636.2656
  endloop
 endfacet
facet normal 0.389171004 0.833630204 -0.391926765
  outer loop
   vertex 43920.7812 33163.6953 29636.252
   vertex 43916.8359 33092.5078 29480.916
   vertex 43778.1875 33165.6172 29498.752
  endloop
 endfacet
facet normal 0.332494944 0.865336597 -0.37501964
  outer loop
   vertex 44262.1289 32948.3516 29517.9199
   vertex 44006.625 32970.668 29342.8809
   vertex 44074.9922 33071.543 29636.2656
  endloop
 endfacet
facet normal 0.47522676 0.795232117 -0.376517445
  outer loop
   vertex 43920.7812 33163.6953 29636.252
   vertex 44074.9922 33071.543 29636.2656
   vertex 43916.8359 33092.5078 29480.916
  endloop
 endfacet
facet normal 0.392067045 0.911918461 -0.121194616
  outer loop
   vertex 44262.1289 32948.3516 29517.9199
   vertex 44246.9844 32986.9492 29759.3535
   vertex 44414.0391 32908.0977 29706.4805
  endloop
 endfacet
facet normal 0.185601518 -0.169967458 0.967813611
  outer loop
   vertex 43990.9453 32761.1895 30004.7695
   vertex 44136.7305 32689.0449 29964.1426
   vertex 44124.5391 32841.9062 29993.3262
  endloop
 endfacet
facet normal 0.333832324 0.863891959 -0.377155989
  outer loop
   vertex 44006.625 32970.668 29342.8809
   vertex 44262.1289 32948.3516 29517.9199
   vertex 44167.7695 32874.3594 29264.9219
  endloop
 endfacet
facet normal 0.267534226 0.893349051 -0.361044139
  outer loop
   vertex 44167.7695 32874.3594 29264.9219
   vertex 44262.1289 32948.3516 29517.9199
   vertex 44378.2852 32826.2773 29301.9355
  endloop
 endfacet
facet normal 0.257415295 0.730501056 -0.632538974
  outer loop
   vertex 43575.4961 33135.543 29331.4824
   vertex 43747.793 33017.7422 29265.5527
   vertex 43467.3125 32965.5156 29091.0957
  endloop
 endfacet
facet normal 0.326958179 0.778251469 -0.536118448
  outer loop
   vertex 43575.4961 33135.543 29331.4824
   vertex 43778.1875 33165.6172 29498.752
   vertex 43747.793 33017.7422 29265.5527
  endloop
 endfacet
facet normal 0.339237809 0.773816764 -0.534906864
  outer loop
   vertex 43916.8359 33092.5078 29480.916
   vertex 43747.793 33017.7422 29265.5527
   vertex 43778.1875 33165.6172 29498.752
  endloop
 endfacet
facet normal 0.253777951 0.735509098 -0.628190339
  outer loop
   vertex 43613.1328 32837.457 29000.0703
   vertex 43467.3125 32965.5156 29091.0957
   vertex 43747.793 33017.7422 29265.5527
  endloop
 endfacet
facet normal 0.306279331 0.774239659 -0.553846538
  outer loop
   vertex 43747.793 33017.7422 29265.5527
   vertex 44006.625 32970.668 29342.8809
   vertex 43827.4062 32882.1758 29120.0684
  endloop
 endfacet
facet normal 0.299779505 0.803539157 -0.514253855
  outer loop
   vertex 43747.793 33017.7422 29265.5527
   vertex 43916.8359 33092.5078 29480.916
   vertex 44006.625 32970.668 29342.8809
  endloop
 endfacet
facet normal 0.27616784 0.805658221 -0.524066925
  outer loop
   vertex 44167.7695 32874.3594 29264.9219
   vertex 44378.2852 32826.2773 29301.9355
   vertex 44160.3203 32737.002 29049.8301
  endloop
 endfacet
facet normal 0.211182132 0.730581522 -0.649347961
  outer loop
   vertex 43613.1328 32837.457 29000.0703
   vertex 43827.4062 32882.1758 29120.0684
   vertex 43756.2656 32720.1777 28914.668
  endloop
 endfacet
facet normal 0.183916405 0.767303288 -0.614345491
  outer loop
   vertex 43613.1328 32837.457 29000.0703
   vertex 43747.793 33017.7422 29265.5527
   vertex 43827.4062 32882.1758 29120.0684
  endloop
 endfacet
facet normal 0.183195233 0.86610204 -0.46508792
  outer loop
   vertex 44378.2852 32826.2773 29301.9355
   vertex 44354.793 32668.1562 28998.2246
   vertex 44160.3203 32737.002 29049.8301
  endloop
 endfacet
facet normal -0.202638313 -0.744448423 0.636187315
  outer loop
   vertex 42949.2188 32649.1094 29853.6074
   vertex 42767.3789 32589.3887 29725.8047
   vertex 42849.0781 32502.166 29649.7637
  endloop
 endfacet
facet normal 0.0432235263 -0.422490567 0.905336082
  outer loop
   vertex 43990.9453 32761.1895 30004.7695
   vertex 43980.5078 32559.875 29911.3223
   vertex 44136.7305 32689.0449 29964.1426
  endloop
 endfacet
facet normal 0.159488484 -0.349216282 0.923369586
  outer loop
   vertex 43534.1016 32980.7578 30176.1387
   vertex 43541.1641 33152.2852 30239.7891
   vertex 43404.5312 33043.3789 30222.2012
  endloop
 endfacet
facet normal 0.122719787 -0.485923678 0.865342736
  outer loop
   vertex 43675.1055 32920.0078 30119.4355
   vertex 43654.25 32711.7012 30005.4199
   vertex 43832.5938 32847.9922 30056.6621
  endloop
 endfacet
facet normal 0.22448346 -0.347135961 0.910551369
  outer loop
   vertex 43534.1016 32980.7578 30176.1387
   vertex 43666.2891 33100.0039 30189.0098
   vertex 43541.1641 33152.2852 30239.7891
  endloop
 endfacet
facet normal 0.500802219 0.785807669 0.362909645
  outer loop
   vertex 44176.5977 32955.9609 29923.5801
   vertex 44350.1172 32877.3359 29854.3828
   vertex 44246.9844 32986.9492 29759.3535
  endloop
 endfacet
facet normal 0.490129262 0.786642432 0.375455737
  outer loop
   vertex 44414.0391 32908.0977 29706.4805
   vertex 44246.9844 32986.9492 29759.3535
   vertex 44350.1172 32877.3359 29854.3828
  endloop
 endfacet
facet normal 0.650399566 0.703829885 -0.285663873
  outer loop
   vertex 43662.5234 33351.0781 29766.7168
   vertex 43699.6055 33376.8359 29914.5996
   vertex 43797.4453 33286.3203 29914.3535
  endloop
 endfacet
facet normal 0.451400459 -0.143859759 0.880648613
  outer loop
   vertex 43666.2891 33100.0039 30189.0098
   vertex 43806.9648 33066.8711 30111.4902
   vertex 43732.0156 33178.5078 30168.1445
  endloop
 endfacet
facet normal 0.477996886 0.875899613 0.065717712
  outer loop
   vertex 43699.6055 33376.8359 29914.5996
   vertex 43593.582 33434.7969 29913.2539
   vertex 43696.5898 33370.5938 30019.7148
  endloop
 endfacet
facet normal 0.538134277 0.842767179 -0.0124507742
  outer loop
   vertex 43595.2148 33436.1719 30076.8984
   vertex 43696.5898 33370.5938 30019.7148
   vertex 43593.582 33434.7969 29913.2539
  endloop
 endfacet
facet normal 0.623901308 0.674523473 0.394671112
  outer loop
   vertex 44176.5977 32955.9609 29923.5801
   vertex 44246.9844 32986.9492 29759.3535
   vertex 44116.8047 33066.0508 29829.957
  endloop
 endfacet
facet normal 0.0333839431 -0.523639321 0.851285696
  outer loop
   vertex 43534.1016 32980.7578 30176.1387
   vertex 43361.7031 32857.5977 30107.1426
   vertex 43501.7266 32785.6367 30057.3848
  endloop
 endfacet
facet normal 0.00193764956 -0.526851058 0.84995544
  outer loop
   vertex 43233.9727 32929.8438 30152.2168
   vertex 43361.7031 32857.5977 30107.1426
   vertex 43404.5312 33043.3789 30222.2012
  endloop
 endfacet
facet normal 0.432535619 0.318391144 0.84352833
  outer loop
   vertex 44124.5391 32841.9062 29993.3262
   vertex 44258.5078 32794.293 29942.6016
   vertex 44176.5977 32955.9609 29923.5801
  endloop
 endfacet
facet normal 0.0427144282 -0.533147037 0.844943643
  outer loop
   vertex 43361.7031 32857.5977 30107.1426
   vertex 43534.1016 32980.7578 30176.1387
   vertex 43404.5312 33043.3789 30222.2012
  endloop
 endfacet
facet normal 0.548499048 0.362767279 0.753358305
  outer loop
   vertex 43995.8359 32965.6445 30022.7207
   vertex 43908.3242 33146.8594 29999.1777
   vertex 43806.9648 33066.8711 30111.4902
  endloop
 endfacet
facet normal 0.400700331 -0.313192725 0.861016572
  outer loop
   vertex 43666.2891 33100.0039 30189.0098
   vertex 43675.1055 32920.0078 30119.4355
   vertex 43806.9648 33066.8711 30111.4902
  endloop
 endfacet
facet normal 0.330918729 -0.192660764 0.923782766
  outer loop
   vertex 43995.8359 32965.6445 30022.7207
   vertex 43806.9648 33066.8711 30111.4902
   vertex 43832.5938 32847.9922 30056.6621
  endloop
 endfacet
facet normal 0.219862923 -0.34233135 0.913493037
  outer loop
   vertex 43534.1016 32980.7578 30176.1387
   vertex 43675.1055 32920.0078 30119.4355
   vertex 43666.2891 33100.0039 30189.0098
  endloop
 endfacet
facet normal 0.563032925 0.391968697 0.727567494
  outer loop
   vertex 43567.8008 33389.4922 30186.0957
   vertex 43645.0195 33256.207 30198.1445
   vertex 43664.6016 33353.8242 30130.4004
  endloop
 endfacet
facet normal 0.633882821 0.232516125 0.737650871
  outer loop
   vertex 43806.9648 33066.8711 30111.4902
   vertex 43908.3242 33146.8594 29999.1777
   vertex 43761.5 33248.9141 30093.1758
  endloop
 endfacet
facet normal 0.537778616 0.358831197 0.762911737
  outer loop
   vertex 43995.8359 32965.6445 30022.7207
   vertex 44046.7461 33073.5898 29936.0645
   vertex 43908.3242 33146.8594 29999.1777
  endloop
 endfacet
facet normal 0.45402512 0.417684972 0.787019968
  outer loop
   vertex 43995.8359 32965.6445 30022.7207
   vertex 44176.5977 32955.9609 29923.5801
   vertex 44046.7461 33073.5898 29936.0645
  endloop
 endfacet
facet normal 0.641656339 0.6684196 0.376154721
  outer loop
   vertex 44046.7461 33073.5898 29936.0645
   vertex 44176.5977 32955.9609 29923.5801
   vertex 44116.8047 33066.0508 29829.957
  endloop
 endfacet
facet normal 0.76929611 0.576559305 0.275250494
  outer loop
   vertex 43797.4453 33286.3203 29914.3535
   vertex 43696.5898 33370.5938 30019.7148
   vertex 43761.5 33248.9141 30093.1758
  endloop
 endfacet
facet normal 0.485517114 0.8705495 -0.0801040977
  outer loop
   vertex 44246.9844 32986.9492 29759.3535
   vertex 44074.9922 33071.543 29636.2656
   vertex 44116.8047 33066.0508 29829.957
  endloop
 endfacet
facet normal 0.523664832 0.841175854 -0.134901166
  outer loop
   vertex 43920.7812 33163.6953 29636.252
   vertex 43806.0586 33246.2422 29705.6445
   vertex 43965.832 33165.1406 29820.1387
  endloop
 endfacet
facet normal 0.659505963 0.696412742 0.282950848
  outer loop
   vertex 43965.832 33165.1406 29820.1387
   vertex 43797.4453 33286.3203 29914.3535
   vertex 43908.3242 33146.8594 29999.1777
  endloop
 endfacet
facet normal 0.550541222 0.829349458 -0.095309265
  outer loop
   vertex 44116.8047 33066.0508 29829.957
   vertex 44074.9922 33071.543 29636.2656
   vertex 43965.832 33165.1406 29820.1387
  endloop
 endfacet
facet normal 0.508521259 0.850984573 -0.131268501
  outer loop
   vertex 44074.9922 33071.543 29636.2656
   vertex 43920.7812 33163.6953 29636.252
   vertex 43965.832 33165.1406 29820.1387
  endloop
 endfacet
facet normal 0.416279167 -0.158113256 0.895383656
  outer loop
   vertex 44721.6445 32432.8301 29704.5176
   vertex 44719.3242 32633.1348 29740.9668
   vertex 44594.4453 32516.0195 29778.3438
  endloop
 endfacet
facet normal 0.513656378 0.810486794 0.281546295
  outer loop
   vertex 44046.7461 33073.5898 29936.0645
   vertex 44116.8047 33066.0508 29829.957
   vertex 43965.832 33165.1406 29820.1387
  endloop
 endfacet
facet normal 0.540720999 0.801454484 0.255522132
  outer loop
   vertex 43908.3242 33146.8594 29999.1777
   vertex 44046.7461 33073.5898 29936.0645
   vertex 43965.832 33165.1406 29820.1387
  endloop
 endfacet
facet normal 0.629961789 0.719993353 0.291131824
  outer loop
   vertex 43696.5898 33370.5938 30019.7148
   vertex 43595.2148 33436.1719 30076.8984
   vertex 43664.6016 33353.8242 30130.4004
  endloop
 endfacet
facet normal 0.525844693 0.839074612 -0.139431611
  outer loop
   vertex 43806.0586 33246.2422 29705.6445
   vertex 43797.4453 33286.3203 29914.3535
   vertex 43965.832 33165.1406 29820.1387
  endloop
 endfacet
facet normal 0.677823305 0.732526183 0.062936075
  outer loop
   vertex 43797.4453 33286.3203 29914.3535
   vertex 43699.6055 33376.8359 29914.5996
   vertex 43696.5898 33370.5938 30019.7148
  endloop
 endfacet
facet normal 0.375394493 0.385543525 0.842873156
  outer loop
   vertex 43567.8008 33389.4922 30186.0957
   vertex 43427.1562 33439.1523 30226.0215
   vertex 43506.4688 33298.3984 30255.0781
  endloop
 endfacet
facet normal 0.374906421 -0.00316845579 0.927057266
  outer loop
   vertex 43541.1641 33152.2852 30239.7891
   vertex 43666.2891 33100.0039 30189.0098
   vertex 43645.0195 33256.207 30198.1445
  endloop
 endfacet
facet normal 0.316030443 -0.012449149 0.948667347
  outer loop
   vertex 43732.0156 33178.5078 30168.1445
   vertex 43645.0195 33256.207 30198.1445
   vertex 43666.2891 33100.0039 30189.0098
  endloop
 endfacet
facet normal 0.639637589 0.347506613 0.685640514
  outer loop
   vertex 43664.6016 33353.8242 30130.4004
   vertex 43645.0195 33256.207 30198.1445
   vertex 43761.5 33248.9141 30093.1758
  endloop
 endfacet
facet normal 0.61677742 0.438056618 0.653981686
  outer loop
   vertex 43732.0156 33178.5078 30168.1445
   vertex 43761.5 33248.9141 30093.1758
   vertex 43645.0195 33256.207 30198.1445
  endloop
 endfacet
facet normal 0.662014902 0.695776224 0.278624684
  outer loop
   vertex 43797.4453 33286.3203 29914.3535
   vertex 43761.5 33248.9141 30093.1758
   vertex 43908.3242 33146.8594 29999.1777
  endloop
 endfacet
facet normal 0.234562933 0.321565539 0.917374432
  outer loop
   vertex 43427.1562 33439.1523 30226.0215
   vertex 43364.4766 33302.75 30289.8594
   vertex 43506.4688 33298.3984 30255.0781
  endloop
 endfacet
facet normal 0.523043156 0.728345394 0.442649752
  outer loop
   vertex 43595.2148 33436.1719 30076.8984
   vertex 43567.8008 33389.4922 30186.0957
   vertex 43664.6016 33353.8242 30130.4004
  endloop
 endfacet
facet normal 0.378238261 -0.00704959966 0.925681412
  outer loop
   vertex 43541.1641 33152.2852 30239.7891
   vertex 43645.0195 33256.207 30198.1445
   vertex 43506.4688 33298.3984 30255.0781
  endloop
 endfacet
facet normal 0.356459081 -0.056188833 0.93261981
  outer loop
   vertex 43088.6094 33565.9062 30357.334
   vertex 43028.875 33387.2227 30369.4004
   vertex 43182.5469 33488.3711 30316.7598
  endloop
 endfacet
facet normal 0.443264842 0.332076788 0.832611144
  outer loop
   vertex 43645.0195 33256.207 30198.1445
   vertex 43567.8008 33389.4922 30186.0957
   vertex 43506.4688 33298.3984 30255.0781
  endloop
 endfacet
facet normal 0.164412573 -0.3549034 0.920332611
  outer loop
   vertex 43541.1641 33152.2852 30239.7891
   vertex 43428.5469 33191.168 30274.9023
   vertex 43404.5312 33043.3789 30222.2012
  endloop
 endfacet
facet normal -0.0303681083 -0.149906769 0.988233626
  outer loop
   vertex 43428.5469 33191.168 30274.9023
   vertex 43364.4766 33302.75 30289.8594
   vertex 43273.1094 33123.4062 30259.8477
  endloop
 endfacet
facet normal 0.059102688 -0.343797833 0.93718189
  outer loop
   vertex 43404.5312 33043.3789 30222.2012
   vertex 43428.5469 33191.168 30274.9023
   vertex 43273.1094 33123.4062 30259.8477
  endloop
 endfacet
facet normal -0.0407153107 -0.479272932 0.876721025
  outer loop
   vertex 43233.9727 32929.8438 30152.2168
   vertex 43404.5312 33043.3789 30222.2012
   vertex 43273.1094 33123.4062 30259.8477
  endloop
 endfacet
facet normal 0.514484107 -0.272808433 0.81294626
  outer loop
   vertex 42991.4141 33570.5977 30419.3574
   vertex 42899.3125 33608.8008 30490.4648
   vertex 42866.1172 33410.4805 30444.9199
  endloop
 endfacet
facet normal 0.395574301 -0.165310517 0.903434217
  outer loop
   vertex 43028.875 33387.2227 30369.4004
   vertex 42991.4141 33570.5977 30419.3574
   vertex 42866.1172 33410.4805 30444.9199
  endloop
 endfacet
facet normal 0.594014168 -0.201280177 0.778866768
  outer loop
   vertex 42824.4023 33649.2031 30558.0371
   vertex 42816.7969 33514.2266 30528.9551
   vertex 42899.3125 33608.8008 30490.4648
  endloop
 endfacet
facet normal 0.363303393 -0.553419888 0.749491215
  outer loop
   vertex 42816.7969 33514.2266 30528.9551
   vertex 42738.6055 33532.9609 30580.6914
   vertex 42684.8828 33348.1289 30470.2539
  endloop
 endfacet
facet normal 0.213091835 -0.417279512 0.883441925
  outer loop
   vertex 43028.875 33387.2227 30369.4004
   vertex 42828.0742 33199.1523 30329.002
   vertex 42977.0781 33148.7422 30269.252
  endloop
 endfacet
facet normal 0.272005886 -0.455864906 0.847466826
  outer loop
   vertex 42828.0742 33199.1523 30329.002
   vertex 42729.3984 33221.7148 30372.8105
   vertex 42746.3242 33165.1406 30336.9473
  endloop
 endfacet
facet normal 0.253381997 -0.499893337 0.828193367
  outer loop
   vertex 42828.0742 33199.1523 30329.002
   vertex 42866.1172 33410.4805 30444.9199
   vertex 42729.3984 33221.7148 30372.8105
  endloop
 endfacet
facet normal 0.149925157 -0.703292787 0.694911242
  outer loop
   vertex 42432.5352 33201.7656 30376.5664
   vertex 42684.8828 33348.1289 30470.2539
   vertex 42597.3281 33424.2852 30566.2188
  endloop
 endfacet
facet normal 0.328698128 -0.54947108 0.768140018
  outer loop
   vertex 42637.0195 33575.5352 30657.4258
   vertex 42501.4648 33450.9141 30626.2871
   vertex 42597.3281 33424.2852 30566.2188
  endloop
 endfacet
facet normal 0.269858599 -0.548189402 0.791621566
  outer loop
   vertex 42691.5703 33557.4805 30626.3281
   vertex 42637.0195 33575.5352 30657.4258
   vertex 42597.3281 33424.2852 30566.2188
  endloop
 endfacet
facet normal 0.238828987 -0.687416434 0.685871243
  outer loop
   vertex 42501.4648 33450.9141 30626.2871
   vertex 42427.0781 33309.4648 30510.4238
   vertex 42597.3281 33424.2852 30566.2188
  endloop
 endfacet
facet normal 0.298918545 -0.73750329 0.60558778
  outer loop
   vertex 42427.0781 33309.4648 30510.4238
   vertex 42432.5352 33201.7656 30376.5664
   vertex 42597.3281 33424.2852 30566.2188
  endloop
 endfacet
facet normal 0.304831177 -0.499631673 0.810830534
  outer loop
   vertex 43028.875 33387.2227 30369.4004
   vertex 42866.1172 33410.4805 30444.9199
   vertex 42828.0742 33199.1523 30329.002
  endloop
 endfacet
facet normal 0.334177673 -0.0172719788 0.942351818
  outer loop
   vertex 43182.5469 33488.3711 30316.7598
   vertex 43028.875 33387.2227 30369.4004
   vertex 43186.5703 33287.9023 30311.6582
  endloop
 endfacet
facet normal 0.00781142898 -0.492061168 0.870525599
  outer loop
   vertex 43273.1094 33123.4062 30259.8477
   vertex 43106.168 33097.1211 30246.4863
   vertex 43123.3594 32982.2656 30181.4102
  endloop
 endfacet
facet normal 0.0816127732 -0.400913298 0.9124735
  outer loop
   vertex 43028.875 33387.2227 30369.4004
   vertex 42977.0781 33148.7422 30269.252
   vertex 43186.5703 33287.9023 30311.6582
  endloop
 endfacet
facet normal 0.137304887 -0.231135875 0.963184059
  outer loop
   vertex 43273.1094 33123.4062 30259.8477
   vertex 43364.4766 33302.75 30289.8594
   vertex 43186.5703 33287.9023 30311.6582
  endloop
 endfacet
facet normal 0.116629839 0.0581493713 0.991471708
  outer loop
   vertex 43364.4766 33302.75 30289.8594
   vertex 43300.2266 33425.6914 30290.207
   vertex 43186.5703 33287.9023 30311.6582
  endloop
 endfacet
facet normal -0.0284461565 -0.750486135 0.660273731
  outer loop
   vertex 42438.6602 32973.0156 30117.8711
   vertex 42523.1133 32912.7109 30052.9668
   vertex 42654.1797 33080.4727 30249.293
  endloop
 endfacet
facet normal 0.0320317112 -0.335154057 0.941618681
  outer loop
   vertex 43186.5703 33287.9023 30311.6582
   vertex 42977.0781 33148.7422 30269.252
   vertex 43106.168 33097.1211 30246.4863
  endloop
 endfacet
facet normal 0.000335766876 -0.486028612 0.873942852
  outer loop
   vertex 43233.9727 32929.8438 30152.2168
   vertex 43273.1094 33123.4062 30259.8477
   vertex 43123.3594 32982.2656 30181.4102
  endloop
 endfacet
facet normal -0.0407964326 -0.739695489 0.671703935
  outer loop
   vertex 42545.7305 33134.5156 30302.2227
   vertex 42438.6602 32973.0156 30117.8711
   vertex 42654.1797 33080.4727 30249.293
  endloop
 endfacet
facet normal -0.0840013027 -0.63001889 0.77202332
  outer loop
   vertex 43361.7031 32857.5977 30107.1426
   vertex 43159.9492 32741.2871 29990.2734
   vertex 43296.7656 32658.9062 29937.9316
  endloop
 endfacet
facet normal -0.0202675443 -0.758565307 0.651281774
  outer loop
   vertex 42556.1602 32832.8438 29960.9707
   vertex 42735.1992 32980.0977 30138.0527
   vertex 42523.1133 32912.7109 30052.9668
  endloop
 endfacet
facet normal -0.210799322 -0.751084924 0.625647783
  outer loop
   vertex 42629.2266 32623.1621 29715.1973
   vertex 42658.832 32776.1172 29908.7969
   vertex 42501.7422 32651.9551 29706.8125
  endloop
 endfacet
facet normal 0.0307315364 -0.66720295 0.744241714
  outer loop
   vertex 42729.3984 33221.7148 30372.8105
   vertex 42545.7305 33134.5156 30302.2227
   vertex 42654.1797 33080.4727 30249.293
  endloop
 endfacet
facet normal -0.228464425 -0.569090128 0.789898992
  outer loop
   vertex 42746.3242 33165.1406 30336.9473
   vertex 42729.3984 33221.7148 30372.8105
   vertex 42654.1797 33080.4727 30249.293
  endloop
 endfacet
facet normal -0.0257419143 -0.751447797 0.659290195
  outer loop
   vertex 42523.1133 32912.7109 30052.9668
   vertex 42735.1992 32980.0977 30138.0527
   vertex 42654.1797 33080.4727 30249.293
  endloop
 endfacet
facet normal 0.137761652 -0.683376431 0.716950715
  outer loop
   vertex 42828.0742 33199.1523 30329.002
   vertex 42654.1797 33080.4727 30249.293
   vertex 42735.1992 32980.0977 30138.0527
  endloop
 endfacet
facet normal 0.0684267581 -0.671883047 0.737489641
  outer loop
   vertex 42828.0742 33199.1523 30329.002
   vertex 42735.1992 32980.0977 30138.0527
   vertex 42977.0781 33148.7422 30269.252
  endloop
 endfacet
facet normal 0.384990603 -0.832159221 0.399115652
  outer loop
   vertex 42746.3242 33165.1406 30336.9473
   vertex 42654.1797 33080.4727 30249.293
   vertex 42828.0742 33199.1523 30329.002
  endloop
 endfacet
facet normal -0.170619264 -0.504943132 0.84612143
  outer loop
   vertex 43106.168 33097.1211 30246.4863
   vertex 42927.9727 32932.1133 30112.082
   vertex 43123.3594 32982.2656 30181.4102
  endloop
 endfacet
facet normal -0.085081391 -0.572409689 0.815541744
  outer loop
   vertex 43106.168 33097.1211 30246.4863
   vertex 42977.0781 33148.7422 30269.252
   vertex 42927.9727 32932.1133 30112.082
  endloop
 endfacet
facet normal -0.0352928042 -0.581626475 0.81269002
  outer loop
   vertex 42735.1992 32980.0977 30138.0527
   vertex 42927.9727 32932.1133 30112.082
   vertex 42977.0781 33148.7422 30269.252
  endloop
 endfacet
facet normal -0.158510432 -0.670736074 0.724560261
  outer loop
   vertex 42927.9727 32932.1133 30112.082
   vertex 42658.832 32776.1172 29908.7969
   vertex 42827.2852 32727.3047 29900.4609
  endloop
 endfacet
facet normal -0.0870997757 -0.629163802 0.772377193
  outer loop
   vertex 43040.3086 32824.918 30044.9062
   vertex 43159.9492 32741.2871 29990.2734
   vertex 43233.9727 32929.8438 30152.2168
  endloop
 endfacet
facet normal 0.0262493882 -0.826118231 0.562885046
  outer loop
   vertex 44323.5586 31831.4199 29250.4941
   vertex 44302.8945 31723.5859 29093.1953
   vertex 44466.4219 31825.9648 29235.8262
  endloop
 endfacet
facet normal -0.119268879 -0.613966465 0.780269265
  outer loop
   vertex 43123.3594 32982.2656 30181.4102
   vertex 42927.9727 32932.1133 30112.082
   vertex 43040.3086 32824.918 30044.9062
  endloop
 endfacet
facet normal -0.227143064 -0.724901557 0.650325894
  outer loop
   vertex 42827.2852 32727.3047 29900.4609
   vertex 42629.2266 32623.1621 29715.1973
   vertex 42767.3789 32589.3887 29725.8047
  endloop
 endfacet
facet normal -0.0346563831 -0.621554792 0.782603741
  outer loop
   vertex 43654.25 32711.7012 30005.4199
   vertex 43501.7266 32785.6367 30057.3848
   vertex 43450.6836 32579.959 29891.7734
  endloop
 endfacet
facet normal -0.140250787 -0.689107537 0.710957468
  outer loop
   vertex 43450.6836 32579.959 29891.7734
   vertex 43296.7656 32658.9062 29937.9316
   vertex 43231.1992 32463.9336 29736.0156
  endloop
 endfacet
facet normal -0.0788655356 -0.613263071 0.785931706
  outer loop
   vertex 43501.7266 32785.6367 30057.3848
   vertex 43296.7656 32658.9062 29937.9316
   vertex 43450.6836 32579.959 29891.7734
  endloop
 endfacet
facet normal -0.215775654 -0.730047047 0.648438215
  outer loop
   vertex 43023.6211 32378.5078 29570.7656
   vertex 43175.0586 32285.5234 29516.4707
   vertex 43231.1992 32463.9336 29736.0156
  endloop
 endfacet
facet normal -0.210959733 -0.727163434 0.65324527
  outer loop
   vertex 43175.0586 32285.5234 29516.4707
   vertex 43342.9922 32196.4531 29471.5547
   vertex 43393.7422 32379.2305 29691.4023
  endloop
 endfacet
facet normal -0.227463186 -0.80998534 0.540540695
  outer loop
   vertex 42612.0156 32484.3125 29499.8965
   vertex 42629.2266 32623.1621 29715.1973
   vertex 42453.3242 32559.7812 29546.2031
  endloop
 endfacet
facet normal -0.383614659 -0.792335451 0.474388421
  outer loop
   vertex 42797.6523 32223.3633 29191.6777
   vertex 42970.0312 32237.9844 29355.4922
   vertex 42815.2617 32362.4961 29438.3027
  endloop
 endfacet
facet normal -0.29816407 -0.77048862 0.563423038
  outer loop
   vertex 42767.3789 32589.3887 29725.8047
   vertex 42612.0156 32484.3125 29499.8965
   vertex 42849.0781 32502.166 29649.7637
  endloop
 endfacet
facet normal -0.270047367 -0.774121106 0.572547734
  outer loop
   vertex 43175.0586 32285.5234 29516.4707
   vertex 43023.6211 32378.5078 29570.7656
   vertex 42970.0312 32237.9844 29355.4922
  endloop
 endfacet
facet normal -0.281913191 -0.793490708 0.539349139
  outer loop
   vertex 43023.6211 32378.5078 29570.7656
   vertex 42929.832 32436.6016 29607.2109
   vertex 42815.2617 32362.4961 29438.3027
  endloop
 endfacet
facet normal -0.286747992 -0.83534199 0.469019592
  outer loop
   vertex 43190.5039 31980.9531 29060.5625
   vertex 43318.3164 32056.8457 29273.875
   vertex 43127.1953 32120.5117 29270.416
  endloop
 endfacet
facet normal -0.295868039 -0.83414495 0.465472192
  outer loop
   vertex 43190.5039 31980.9531 29060.5625
   vertex 43127.1953 32120.5117 29270.416
   vertex 43016.5898 32051.4121 29076.2832
  endloop
 endfacet
facet normal -0.371465027 -0.830072224 0.415925324
  outer loop
   vertex 42612.0156 32484.3125 29499.8965
   vertex 42596.168 32350.2734 29218.2324
   vertex 42815.2617 32362.4961 29438.3027
  endloop
 endfacet
facet normal -0.181719452 -0.822959721 0.538252115
  outer loop
   vertex 43318.3164 32056.8457 29273.875
   vertex 43455.6562 31951.5215 29159.2031
   vertex 43516.207 32111.8066 29424.7148
  endloop
 endfacet
facet normal -0.221281052 -0.811727345 0.540493608
  outer loop
   vertex 43712.6523 32032.1074 29385.4473
   vertex 43516.207 32111.8066 29424.7148
   vertex 43455.6562 31951.5215 29159.2031
  endloop
 endfacet
facet normal -0.267310202 -0.77107501 0.577917457
  outer loop
   vertex 43127.1953 32120.5117 29270.416
   vertex 43318.3164 32056.8457 29273.875
   vertex 43342.9922 32196.4531 29471.5547
  endloop
 endfacet
facet normal -0.326745123 -0.763749063 0.556709111
  outer loop
   vertex 42815.2617 32362.4961 29438.3027
   vertex 42929.832 32436.6016 29607.2109
   vertex 42849.0781 32502.166 29649.7637
  endloop
 endfacet
facet normal -0.295037687 -0.774898946 0.559003055
  outer loop
   vertex 42612.0156 32484.3125 29499.8965
   vertex 42815.2617 32362.4961 29438.3027
   vertex 42849.0781 32502.166 29649.7637
  endloop
 endfacet
facet normal -0.305600107 -0.760713339 0.57264632
  outer loop
   vertex 42970.0312 32237.9844 29355.4922
   vertex 43023.6211 32378.5078 29570.7656
   vertex 42815.2617 32362.4961 29438.3027
  endloop
 endfacet
facet normal -0.426246494 -0.774513721 0.467378289
  outer loop
   vertex 42596.168 32350.2734 29218.2324
   vertex 42797.6523 32223.3633 29191.6777
   vertex 42815.2617 32362.4961 29438.3027
  endloop
 endfacet
facet normal -0.26945886 -0.774744034 0.571982145
  outer loop
   vertex 42970.0312 32237.9844 29355.4922
   vertex 43127.1953 32120.5117 29270.416
   vertex 43175.0586 32285.5234 29516.4707
  endloop
 endfacet
facet normal -0.259569138 -0.777947903 0.572207093
  outer loop
   vertex 43342.9922 32196.4531 29471.5547
   vertex 43175.0586 32285.5234 29516.4707
   vertex 43127.1953 32120.5117 29270.416
  endloop
 endfacet
facet normal -0.178788736 -0.739634752 0.648825884
  outer loop
   vertex 43562.4375 32294.8848 29646.1562
   vertex 43516.207 32111.8066 29424.7148
   vertex 43734.9766 32214.291 29601.8242
  endloop
 endfacet
facet normal -0.140931889 -0.671922922 0.727088571
  outer loop
   vertex 43612.5117 32499.1484 29844.627
   vertex 43393.7422 32379.2305 29691.4023
   vertex 43562.4375 32294.8848 29646.1562
  endloop
 endfacet
facet normal -0.192302629 -0.657859683 0.728176057
  outer loop
   vertex 43040.3086 32824.918 30044.9062
   vertex 42927.9727 32932.1133 30112.082
   vertex 42827.2852 32727.3047 29900.4609
  endloop
 endfacet
facet normal -0.147709101 -0.699284196 0.699416637
  outer loop
   vertex 43060.3203 32541.1406 29769.123
   vertex 43159.9492 32741.2871 29990.2734
   vertex 42949.2188 32649.1094 29853.6074
  endloop
 endfacet
facet normal -0.157964244 -0.688420057 0.707901955
  outer loop
   vertex 43159.9492 32741.2871 29990.2734
   vertex 43040.3086 32824.918 30044.9062
   vertex 42949.2188 32649.1094 29853.6074
  endloop
 endfacet
facet normal -0.208464473 -0.7370556 0.642877579
  outer loop
   vertex 43231.1992 32463.9336 29736.0156
   vertex 43060.3203 32541.1406 29769.123
   vertex 43023.6211 32378.5078 29570.7656
  endloop
 endfacet
facet normal -0.15430139 -0.675746143 0.720803857
  outer loop
   vertex 43393.7422 32379.2305 29691.4023
   vertex 43450.6836 32579.959 29891.7734
   vertex 43231.1992 32463.9336 29736.0156
  endloop
 endfacet
facet normal -0.0542006791 -0.637085855 0.768884838
  outer loop
   vertex 43501.7266 32785.6367 30057.3848
   vertex 43361.7031 32857.5977 30107.1426
   vertex 43296.7656 32658.9062 29937.9316
  endloop
 endfacet
facet normal -0.206953257 -0.73744607 0.64291811
  outer loop
   vertex 43060.3203 32541.1406 29769.123
   vertex 42929.832 32436.6016 29607.2109
   vertex 43023.6211 32378.5078 29570.7656
  endloop
 endfacet
facet normal -0.237570643 -0.717544556 0.654744208
  outer loop
   vertex 42929.832 32436.6016 29607.2109
   vertex 43060.3203 32541.1406 29769.123
   vertex 42849.0781 32502.166 29649.7637
  endloop
 endfacet
facet normal -0.226383016 -0.733993649 0.640315592
  outer loop
   vertex 42949.2188 32649.1094 29853.6074
   vertex 42849.0781 32502.166 29649.7637
   vertex 43060.3203 32541.1406 29769.123
  endloop
 endfacet
facet normal -0.152287126 -0.697684884 0.700031698
  outer loop
   vertex 43159.9492 32741.2871 29990.2734
   vertex 43060.3203 32541.1406 29769.123
   vertex 43296.7656 32658.9062 29937.9316
  endloop
 endfacet
facet normal -0.169580773 -0.680856586 0.712514341
  outer loop
   vertex 43231.1992 32463.9336 29736.0156
   vertex 43296.7656 32658.9062 29937.9316
   vertex 43060.3203 32541.1406 29769.123
  endloop
 endfacet
facet normal -0.188198656 -0.756429851 0.626414537
  outer loop
   vertex 42658.832 32776.1172 29908.7969
   vertex 42629.2266 32623.1621 29715.1973
   vertex 42827.2852 32727.3047 29900.4609
  endloop
 endfacet
facet normal -0.166880772 -0.685089171 0.709086478
  outer loop
   vertex 42949.2188 32649.1094 29853.6074
   vertex 43040.3086 32824.918 30044.9062
   vertex 42827.2852 32727.3047 29900.4609
  endloop
 endfacet
facet normal -0.217446357 -0.728383601 0.649749458
  outer loop
   vertex 42827.2852 32727.3047 29900.4609
   vertex 42767.3789 32589.3887 29725.8047
   vertex 42949.2188 32649.1094 29853.6074
  endloop
 endfacet
facet normal -0.185869277 -0.742103338 0.643999398
  outer loop
   vertex 43734.9766 32214.291 29601.8242
   vertex 43712.6523 32032.1074 29385.4473
   vertex 43854.957 32153.9922 29566.9707
  endloop
 endfacet
facet normal -0.173182726 -0.744530439 0.644734204
  outer loop
   vertex 43734.9766 32214.291 29601.8242
   vertex 43516.207 32111.8066 29424.7148
   vertex 43712.6523 32032.1074 29385.4473
  endloop
 endfacet
facet normal -0.130622342 -0.681616843 0.719955742
  outer loop
   vertex 43450.6836 32579.959 29891.7734
   vertex 43393.7422 32379.2305 29691.4023
   vertex 43612.5117 32499.1484 29844.627
  endloop
 endfacet
facet normal -0.0631077811 -0.594190359 0.801844895
  outer loop
   vertex 43654.25 32711.7012 30005.4199
   vertex 43450.6836 32579.959 29891.7734
   vertex 43612.5117 32499.1484 29844.627
  endloop
 endfacet
facet normal -0.191106245 -0.73265034 0.65322423
  outer loop
   vertex 43393.7422 32379.2305 29691.4023
   vertex 43342.9922 32196.4531 29471.5547
   vertex 43562.4375 32294.8848 29646.1562
  endloop
 endfacet
facet normal -0.12098489 -0.676331758 0.726593435
  outer loop
   vertex 43784.5195 32417.502 29797.2695
   vertex 43612.5117 32499.1484 29844.627
   vertex 43562.4375 32294.8848 29646.1562
  endloop
 endfacet
facet normal -0.113812797 -0.657164276 0.745105207
  outer loop
   vertex 43734.9766 32214.291 29601.8242
   vertex 43854.957 32153.9922 29566.9707
   vertex 43984.668 32327.3789 29739.707
  endloop
 endfacet
facet normal -0.185205236 -0.738037527 0.648844838
  outer loop
   vertex 43562.4375 32294.8848 29646.1562
   vertex 43342.9922 32196.4531 29471.5547
   vertex 43516.207 32111.8066 29424.7148
  endloop
 endfacet
facet normal -0.126019716 -0.775052011 0.619203866
  outer loop
   vertex 43854.957 32153.9922 29566.9707
   vertex 43712.6523 32032.1074 29385.4473
   vertex 43988.5117 32080.2246 29501.8164
  endloop
 endfacet
facet normal -0.0841983333 -0.692060828 0.716911733
  outer loop
   vertex 43988.5117 32080.2246 29501.8164
   vertex 44155.8789 32005.8203 29449.6484
   vertex 44240.9453 32169.0566 29617.2168
  endloop
 endfacet
facet normal -0.112243779 -0.782614946 0.612303197
  outer loop
   vertex 44233.5039 31907.3594 29338.0293
   vertex 44155.8789 32005.8203 29449.6484
   vertex 43983.9414 31843.3379 29210.4531
  endloop
 endfacet
facet normal -0.0231013987 -0.593985856 0.804143727
  outer loop
   vertex 44127.9297 32527.1211 29891.3613
   vertex 43980.5078 32559.875 29911.3223
   vertex 43984.668 32327.3789 29739.707
  endloop
 endfacet
facet normal -0.0362733714 -0.593906105 0.803716242
  outer loop
   vertex 43784.5195 32417.502 29797.2695
   vertex 43984.668 32327.3789 29739.707
   vertex 43980.5078 32559.875 29911.3223
  endloop
 endfacet
facet normal -0.135189235 -0.76061511 0.634971261
  outer loop
   vertex 43712.6523 32032.1074 29385.4473
   vertex 43813.6562 31913.8145 29265.252
   vertex 43988.5117 32080.2246 29501.8164
  endloop
 endfacet
facet normal -0.0955538303 -0.677826226 0.728986323
  outer loop
   vertex 43784.5195 32417.502 29797.2695
   vertex 43734.9766 32214.291 29601.8242
   vertex 43984.668 32327.3789 29739.707
  endloop
 endfacet
facet normal 0.13389878 -0.643553853 0.753597736
  outer loop
   vertex 44320.1055 32070.666 29521.5742
   vertex 44461.7109 32011.1504 29445.5898
   vertex 44480.1836 32283.3086 29674.7227
  endloop
 endfacet
facet normal -0.105156891 -0.690477431 0.715669572
  outer loop
   vertex 44155.0781 32264.9297 29704.4941
   vertex 43984.668 32327.3789 29739.707
   vertex 43988.5117 32080.2246 29501.8164
  endloop
 endfacet
facet normal -0.031796094 -0.693380058 0.71987021
  outer loop
   vertex 43988.5117 32080.2246 29501.8164
   vertex 43984.668 32327.3789 29739.707
   vertex 43854.957 32153.9922 29566.9707
  endloop
 endfacet
facet normal 0.18855834 0.747297823 -0.637174785
  outer loop
   vertex 43926.0508 32622.7227 28850.6133
   vertex 43756.2656 32720.1777 28914.668
   vertex 43980.9141 32812.6133 29089.5566
  endloop
 endfacet
facet normal 0.034409117 -0.754660189 0.655212939
  outer loop
   vertex 44320.1055 32070.666 29521.5742
   vertex 44233.5039 31907.3594 29338.0293
   vertex 44461.7109 32011.1504 29445.5898
  endloop
 endfacet
facet normal -0.0732229203 -0.706441581 0.703973472
  outer loop
   vertex 44155.0781 32264.9297 29704.4941
   vertex 43988.5117 32080.2246 29501.8164
   vertex 44240.9453 32169.0566 29617.2168
  endloop
 endfacet
facet normal 0.168553367 -0.45084694 0.876542509
  outer loop
   vertex 44273.5391 32619.5586 29910.9082
   vertex 44127.9297 32527.1211 29891.3613
   vertex 44220.5977 32432.2266 29824.7344
  endloop
 endfacet
facet normal -0.0271710288 -0.592052221 0.805441439
  outer loop
   vertex 44127.9297 32527.1211 29891.3613
   vertex 43984.668 32327.3789 29739.707
   vertex 44220.5977 32432.2266 29824.7344
  endloop
 endfacet
facet normal -0.0406416394 -0.572597086 0.81882894
  outer loop
   vertex 44155.0781 32264.9297 29704.4941
   vertex 44220.5977 32432.2266 29824.7344
   vertex 43984.668 32327.3789 29739.707
  endloop
 endfacet
facet normal 0.0550441109 -0.644754112 0.762405634
  outer loop
   vertex 44312.0391 32333.2676 29750.9551
   vertex 44155.0781 32264.9297 29704.4941
   vertex 44240.9453 32169.0566 29617.2168
  endloop
 endfacet
facet normal 0.0165010393 -0.587796569 0.808840454
  outer loop
   vertex 44220.5977 32432.2266 29824.7344
   vertex 44155.0781 32264.9297 29704.4941
   vertex 44312.0391 32333.2676 29750.9551
  endloop
 endfacet
facet normal 0.00488151331 -0.748228848 0.663422763
  outer loop
   vertex 44233.5039 31907.3594 29338.0293
   vertex 44320.1055 32070.666 29521.5742
   vertex 44155.8789 32005.8203 29449.6484
  endloop
 endfacet
facet normal -0.0289704669 -0.708614647 0.705000699
  outer loop
   vertex 44155.8789 32005.8203 29449.6484
   vertex 44320.1055 32070.666 29521.5742
   vertex 44240.9453 32169.0566 29617.2168
  endloop
 endfacet
facet normal 0.0229888279 -0.743339479 0.668519199
  outer loop
   vertex 44461.7109 32011.1504 29445.5898
   vertex 44233.5039 31907.3594 29338.0293
   vertex 44323.5586 31831.4199 29250.4941
  endloop
 endfacet
facet normal -0.100685015 -0.800475001 0.590848804
  outer loop
   vertex 44233.5039 31907.3594 29338.0293
   vertex 44143.5977 31733.9688 29087.8008
   vertex 44323.5586 31831.4199 29250.4941
  endloop
 endfacet
facet normal -0.0726392269 -0.818142414 0.570409119
  outer loop
   vertex 44143.5977 31733.9688 29087.8008
   vertex 44302.8945 31723.5859 29093.1953
   vertex 44323.5586 31831.4199 29250.4941
  endloop
 endfacet
facet normal 0.0575411879 -0.841121078 0.537777185
  outer loop
   vertex 44302.8945 31723.5859 29093.1953
   vertex 44396.4062 31678.5273 29012.7148
   vertex 44466.4219 31825.9648 29235.8262
  endloop
 endfacet
facet normal 0.182298958 -0.376596183 0.908263385
  outer loop
   vertex 45338.832 32252.9668 29485.375
   vertex 45100.0664 32271.3887 29540.9355
   vertex 45199.4922 32088.3281 29445.0762
  endloop
 endfacet
facet normal -0.243513986 -0.78571254 0.568644643
  outer loop
   vertex 43649.0625 31886.7773 29157.4082
   vertex 43813.6562 31913.8145 29265.252
   vertex 43712.6523 32032.1074 29385.4473
  endloop
 endfacet
facet normal -0.207784802 -0.825868428 0.524182081
  outer loop
   vertex 43649.0625 31886.7773 29157.4082
   vertex 43753.5625 31800.6934 29063.2012
   vertex 43813.6562 31913.8145 29265.252
  endloop
 endfacet
facet normal 0.227104276 0.817193627 -0.529734135
  outer loop
   vertex 44160.3203 32737.002 29049.8301
   vertex 43980.9141 32812.6133 29089.5566
   vertex 44167.7695 32874.3594 29264.9219
  endloop
 endfacet
facet normal 0.114805743 0.782766938 -0.611633539
  outer loop
   vertex 44354.793 32668.1562 28998.2246
   vertex 44114.3086 32540.6699 28789.9297
   vertex 44160.3203 32737.002 29049.8301
  endloop
 endfacet
facet normal 0.141511306 0.777683914 -0.612521291
  outer loop
   vertex 44114.3086 32540.6699 28789.9297
   vertex 43926.0508 32622.7227 28850.6133
   vertex 44160.3203 32737.002 29049.8301
  endloop
 endfacet
facet normal 0.175372198 0.750745773 -0.636887252
  outer loop
   vertex 44160.3203 32737.002 29049.8301
   vertex 43926.0508 32622.7227 28850.6133
   vertex 43980.9141 32812.6133 29089.5566
  endloop
 endfacet
facet normal 0.439180523 0.8966313 -0.0563271157
  outer loop
   vertex 44594.0898 32814.5547 29472.7812
   vertex 44458.082 32885.8008 29546.459
   vertex 44571.332 32837.9609 29667.9355
  endloop
 endfacet
facet normal 0.138808832 -0.0899104401 0.9862293
  outer loop
   vertex 43995.8359 32965.6445 30022.7207
   vertex 43990.9453 32761.1895 30004.7695
   vertex 44124.5391 32841.9062 29993.3262
  endloop
 endfacet
facet normal -0.0542622171 -0.584074855 0.809884071
  outer loop
   vertex 43612.5117 32499.1484 29844.627
   vertex 43784.5195 32417.502 29797.2695
   vertex 43815.6289 32633.4434 29955.0859
  endloop
 endfacet
facet normal 0.43974191 0.295995355 0.847946823
  outer loop
   vertex 44634.0664 32755.9668 29752.5605
   vertex 44505.6211 32810.8555 29800.0117
   vertex 44561.8789 32671.3379 29819.5371
  endloop
 endfacet
facet normal 0.430523813 0.315395981 0.845679998
  outer loop
   vertex 44350.1172 32877.3359 29854.3828
   vertex 44409.0352 32725.3477 29881.0723
   vertex 44505.6211 32810.8555 29800.0117
  endloop
 endfacet
facet normal 0.414217114 0.616891563 0.669230103
  outer loop
   vertex 45330.2734 32557.832 29330.5488
   vertex 45117.2539 32595.1934 29427.959
   vertex 45251.5039 32440.8516 29487.1367
  endloop
 endfacet
facet normal 0.471599758 0.800300121 0.370288283
  outer loop
   vertex 44414.0391 32908.0977 29706.4805
   vertex 44350.1172 32877.3359 29854.3828
   vertex 44505.6211 32810.8555 29800.0117
  endloop
 endfacet
facet normal 0.0588379987 -0.430953354 0.900453925
  outer loop
   vertex 43832.5938 32847.9922 30056.6621
   vertex 43815.6289 32633.4434 29955.0859
   vertex 43990.9453 32761.1895 30004.7695
  endloop
 endfacet
facet normal 0.264910161 -0.0906238109 0.960005164
  outer loop
   vertex 43995.8359 32965.6445 30022.7207
   vertex 43832.5938 32847.9922 30056.6621
   vertex 43990.9453 32761.1895 30004.7695
  endloop
 endfacet
facet normal 0.0319764949 -0.411197841 0.910985112
  outer loop
   vertex 43980.5078 32559.875 29911.3223
   vertex 44127.9297 32527.1211 29891.3613
   vertex 44136.7305 32689.0449 29964.1426
  endloop
 endfacet
facet normal 0.071292229 -0.431408584 0.899335325
  outer loop
   vertex 43815.6289 32633.4434 29955.0859
   vertex 43832.5938 32847.9922 30056.6621
   vertex 43654.25 32711.7012 30005.4199
  endloop
 endfacet
facet normal -0.0401723124 -0.597788095 0.800646961
  outer loop
   vertex 43612.5117 32499.1484 29844.627
   vertex 43815.6289 32633.4434 29955.0859
   vertex 43654.25 32711.7012 30005.4199
  endloop
 endfacet
facet normal -0.0461434722 -0.585081339 0.809660792
  outer loop
   vertex 43784.5195 32417.502 29797.2695
   vertex 43980.5078 32559.875 29911.3223
   vertex 43815.6289 32633.4434 29955.0859
  endloop
 endfacet
facet normal 0.140873641 -0.41223225 0.900121748
  outer loop
   vertex 44127.9297 32527.1211 29891.3613
   vertex 44273.5391 32619.5586 29910.9082
   vertex 44136.7305 32689.0449 29964.1426
  endloop
 endfacet
facet normal 0.47178027 0.293156832 0.831554234
  outer loop
   vertex 43995.8359 32965.6445 30022.7207
   vertex 44124.5391 32841.9062 29993.3262
   vertex 44176.5977 32955.9609 29923.5801
  endloop
 endfacet
facet normal 0.300930679 -0.15562357 0.940862417
  outer loop
   vertex 44136.7305 32689.0449 29964.1426
   vertex 44258.5078 32794.293 29942.6016
   vertex 44124.5391 32841.9062 29993.3262
  endloop
 endfacet
facet normal 0.293404102 -0.146118224 0.944755793
  outer loop
   vertex 44136.7305 32689.0449 29964.1426
   vertex 44273.5391 32619.5586 29910.9082
   vertex 44258.5078 32794.293 29942.6016
  endloop
 endfacet
facet normal 0.36571154 -0.212865412 0.906059265
  outer loop
   vertex 44409.0352 32725.3477 29881.0723
   vertex 44273.5391 32619.5586 29910.9082
   vertex 44419.1758 32516.9082 29828.0098
  endloop
 endfacet
facet normal 0.178509966 -0.452387005 0.873773515
  outer loop
   vertex 44273.5391 32619.5586 29910.9082
   vertex 44220.5977 32432.2266 29824.7344
   vertex 44419.1758 32516.9082 29828.0098
  endloop
 endfacet
facet normal 0.186484933 -0.470647842 0.862388551
  outer loop
   vertex 44312.0391 32333.2676 29750.9551
   vertex 44419.1758 32516.9082 29828.0098
   vertex 44220.5977 32432.2266 29824.7344
  endloop
 endfacet
facet normal 0.254304171 0.225205421 0.940538108
  outer loop
   vertex 45338.832 32252.9668 29485.375
   vertex 45512.7539 32203.9785 29450.0801
   vertex 45527.7617 32395.4844 29400.166
  endloop
 endfacet
facet normal 0.482643574 0.329587281 0.811435401
  outer loop
   vertex 44409.0352 32725.3477 29881.0723
   vertex 44350.1172 32877.3359 29854.3828
   vertex 44258.5078 32794.293 29942.6016
  endloop
 endfacet
facet normal 0.317805082 -0.142677575 0.937359631
  outer loop
   vertex 44409.0352 32725.3477 29881.0723
   vertex 44258.5078 32794.293 29942.6016
   vertex 44273.5391 32619.5586 29910.9082
  endloop
 endfacet
facet normal 0.135240138 -0.346375465 0.928296387
  outer loop
   vertex 46102.7188 32152.125 29341.8984
   vertex 46143.3047 31983.1035 29272.9199
   vertex 46313.8438 32098.8145 29291.25
  endloop
 endfacet
facet normal 0.0806249604 -0.645583868 0.759421527
  outer loop
   vertex 44695.8828 32203.9824 29584.6543
   vertex 44461.7109 32011.1504 29445.5898
   vertex 44671.5703 31980.7715 29397.4844
  endloop
 endfacet
facet normal 0.0433408432 -0.74847281 0.661747694
  outer loop
   vertex 44466.4219 31825.9648 29235.8262
   vertex 44671.5703 31980.7715 29397.4844
   vertex 44461.7109 32011.1504 29445.5898
  endloop
 endfacet
facet normal 0.203124091 -0.547967672 0.811462879
  outer loop
   vertex 47194.0938 31801.3164 28943.4258
   vertex 47369.1406 31907.9434 28971.6133
   vertex 47188.7461 31930.1875 29031.7891
  endloop
 endfacet
facet normal 0.306228012 0.0558973476 0.950315654
  outer loop
   vertex 47188.7461 31930.1875 29031.7891
   vertex 47131.5586 32052.1895 29043.041
   vertex 46977.2734 31964.5977 29097.9082
  endloop
 endfacet
facet normal 0.321815997 -0.526299655 0.787047088
  outer loop
   vertex 47038.6562 31834.4082 29029.1113
   vertex 47194.0938 31801.3164 28943.4258
   vertex 47188.7461 31930.1875 29031.7891
  endloop
 endfacet
facet normal 0.107290804 -0.782570601 0.613247037
  outer loop
   vertex 44466.4219 31825.9648 29235.8262
   vertex 44625.582 31774.1953 29141.918
   vertex 44671.5703 31980.7715 29397.4844
  endloop
 endfacet
facet normal 0.0592214838 -0.645558774 0.761411011
  outer loop
   vertex 45392.418 32073.7578 29417.7188
   vertex 45199.4922 32088.3281 29445.0762
   vertex 45247.2656 31921.8438 29300.209
  endloop
 endfacet
facet normal 0.0472055934 -0.88021481 0.472221911
  outer loop
   vertex 44625.582 31774.1953 29141.918
   vertex 44640.9492 31642.1816 28894.3086
   vertex 44851.5352 31770.8789 29113.1465
  endloop
 endfacet
facet normal 0.130578831 -0.390185237 0.911430001
  outer loop
   vertex 46530.9648 32050.1348 29240.3574
   vertex 46376.8047 31931.3477 29211.5898
   vertex 46591.9727 31911.4785 29172.2578
  endloop
 endfacet
facet normal 0.0899419412 -0.650915504 0.753803313
  outer loop
   vertex 45581.4844 32056.2285 29384.4395
   vertex 45643.1758 31888.5566 29232.291
   vertex 45784.9023 32045.1934 29350.6387
  endloop
 endfacet
facet normal 0.105861016 -0.646572292 0.755471885
  outer loop
   vertex 45439.75 31912.3164 29281.1328
   vertex 45643.1758 31888.5566 29232.291
   vertex 45581.4844 32056.2285 29384.4395
  endloop
 endfacet
facet normal 0.130641937 -0.351135164 0.927165985
  outer loop
   vertex 45392.418 32073.7578 29417.7188
   vertex 45581.4844 32056.2285 29384.4395
   vertex 45512.7539 32203.9785 29450.0801
  endloop
 endfacet
facet normal 0.0793089122 -0.267707407 0.960230649
  outer loop
   vertex 45900.3672 32191.6074 29381.9219
   vertex 45784.9023 32045.1934 29350.6387
   vertex 45969.6641 32049.2266 29336.5039
  endloop
 endfacet
facet normal 0.209627733 0.276050121 0.938004553
  outer loop
   vertex 45900.3672 32191.6074 29381.9219
   vertex 46028.3789 32307.0293 29319.3457
   vertex 45805.1758 32350.9414 29356.3047
  endloop
 endfacet
facet normal 0.0446620248 -0.637583733 0.769085348
  outer loop
   vertex 45392.418 32073.7578 29417.7188
   vertex 45247.2656 31921.8438 29300.209
   vertex 45439.75 31912.3164 29281.1328
  endloop
 endfacet
facet normal 0.063365683 -0.707395315 0.703972042
  outer loop
   vertex 46376.8047 31931.3477 29211.5898
   vertex 46489.9258 31758.7695 29027.9902
   vertex 46591.9727 31911.4785 29172.2578
  endloop
 endfacet
facet normal 0.0270973351 -0.856534362 0.515378118
  outer loop
   vertex 46232.3359 31638.2715 28841.2734
   vertex 46521.2969 31584.0234 28735.9219
   vertex 46489.9258 31758.7695 29027.9902
  endloop
 endfacet
facet normal 0.0774572194 -0.630619049 0.772217572
  outer loop
   vertex 45439.75 31912.3164 29281.1328
   vertex 45581.4844 32056.2285 29384.4395
   vertex 45392.418 32073.7578 29417.7188
  endloop
 endfacet
facet normal 0.0451394841 -0.818888724 0.572174549
  outer loop
   vertex 45676.2227 31713.2891 28978.8457
   vertex 45908.2656 31875.6367 29192.8887
   vertex 45643.1758 31888.5566 29232.291
  endloop
 endfacet
facet normal 0.0805700794 -0.814870775 0.574015796
  outer loop
   vertex 45643.1758 31888.5566 29232.291
   vertex 45459.2031 31762.0938 29078.5879
   vertex 45676.2227 31713.2891 28978.8457
  endloop
 endfacet
facet normal 0.01912117 -0.779246807 0.626425385
  outer loop
   vertex 44625.582 31774.1953 29141.918
   vertex 44857.0859 31941.7754 29343.3125
   vertex 44671.5703 31980.7715 29397.4844
  endloop
 endfacet
facet normal 0.110076807 -0.874203324 0.472918272
  outer loop
   vertex 44480.9062 31632.4863 28913.6387
   vertex 44640.9492 31642.1816 28894.3086
   vertex 44625.582 31774.1953 29141.918
  endloop
 endfacet
facet normal 0.00529499212 -0.895700932 0.444625437
  outer loop
   vertex 45031.4609 31634.8105 28829.8516
   vertex 45244.4883 31671.3984 28901.0215
   vertex 45081.582 31756.5176 29074.4355
  endloop
 endfacet
facet normal 0.0218117163 -0.889219642 0.456960291
  outer loop
   vertex 45296.1406 31797.2266 29143.4121
   vertex 45081.582 31756.5176 29074.4355
   vertex 45244.4883 31671.3984 28901.0215
  endloop
 endfacet
facet normal 0.0660506338 -0.708195567 0.7029199
  outer loop
   vertex 46489.9258 31758.7695 29027.9902
   vertex 46797.4023 31826.4609 29067.2988
   vertex 46591.9727 31911.4785 29172.2578
  endloop
 endfacet
facet normal 0.0711832568 -0.722605169 0.687586129
  outer loop
   vertex 46489.9258 31758.7695 29027.9902
   vertex 46717.7305 31675.0781 28916.4531
   vertex 46797.4023 31826.4609 29067.2988
  endloop
 endfacet
facet normal 0.198970228 -0.451797575 0.869649231
  outer loop
   vertex 46977.2734 31964.5977 29097.9082
   vertex 46748.3633 32005.2539 29171.4043
   vertex 46797.4023 31826.4609 29067.2988
  endloop
 endfacet
facet normal 0.409109682 -0.906700313 0.10258539
  outer loop
   vertex 47450.2852 31882.8027 28925.0801
   vertex 47431.125 31876.6152 28946.7988
   vertex 47346.7344 31830.9766 28879.9668
  endloop
 endfacet
facet normal 0.294562221 -0.162962362 0.941634953
  outer loop
   vertex 47431.125 31876.6152 28946.7988
   vertex 47454.8945 31903.2598 28943.9766
   vertex 47369.1406 31907.9434 28971.6133
  endloop
 endfacet
facet normal 0.156015813 -0.402991593 0.901807547
  outer loop
   vertex 46977.2734 31964.5977 29097.9082
   vertex 46797.4023 31826.4609 29067.2988
   vertex 47038.6562 31834.4082 29029.1113
  endloop
 endfacet
facet normal 0.0166843273 -0.840408087 0.541697204
  outer loop
   vertex 46232.3359 31638.2715 28841.2734
   vertex 46183.7578 31804.5039 29100.668
   vertex 45956.293 31687.5586 28926.2402
  endloop
 endfacet
facet normal 0.086271815 -0.892832458 0.442049056
  outer loop
   vertex 44640.9492 31642.1816 28894.3086
   vertex 44843.5547 31632.6562 28835.5293
   vertex 44851.5352 31770.8789 29113.1465
  endloop
 endfacet
facet normal 0.0235285629 -0.779061973 0.626505256
  outer loop
   vertex 45247.2656 31921.8438 29300.209
   vertex 45296.1406 31797.2266 29143.4121
   vertex 45439.75 31912.3164 29281.1328
  endloop
 endfacet
facet normal -0.00743648876 -0.886864305 0.461970121
  outer loop
   vertex 45244.4883 31671.3984 28901.0215
   vertex 45459.2031 31762.0938 29078.5879
   vertex 45296.1406 31797.2266 29143.4121
  endloop
 endfacet
facet normal 0.768667638 0.589115322 0.24918507
  outer loop
   vertex 47407.8008 31971.4355 28970.7402
   vertex 47436.6797 31943.3594 28948.0234
   vertex 47400.0586 32003.4727 28918.8789
  endloop
 endfacet
facet normal 0.875229836 0.405047774 -0.264403105
  outer loop
   vertex 47418.9727 31923.8477 28859.5039
   vertex 47400.0586 32003.4727 28918.8789
   vertex 47436.6797 31943.3594 28948.0234
  endloop
 endfacet
facet normal 0.982331097 0.153647944 0.106854685
  outer loop
   vertex 47408.1836 32012.125 28831.7363
   vertex 47400.0586 32003.4727 28918.8789
   vertex 47418.9727 31923.8477 28859.5039
  endloop
 endfacet
facet normal 0.867228508 0.420737356 -0.266260743
  outer loop
   vertex 47454.8945 31903.2598 28943.9766
   vertex 47418.9727 31923.8477 28859.5039
   vertex 47436.6797 31943.3594 28948.0234
  endloop
 endfacet
facet normal 0.491670936 -0.612985134 -0.618473053
  outer loop
   vertex 47418.9727 31923.8477 28859.5039
   vertex 47470.9961 31899.8848 28924.6113
   vertex 47450.2852 31882.8027 28925.0801
  endloop
 endfacet
facet normal 0.536172569 -0.634761572 0.556414187
  outer loop
   vertex 47470.9961 31899.8848 28924.6113
   vertex 47454.8945 31903.2598 28943.9766
   vertex 47450.2852 31882.8027 28925.0801
  endloop
 endfacet
facet normal -0.019245794 -0.818652689 0.573966324
  outer loop
   vertex 45908.2656 31875.6367 29192.8887
   vertex 45956.293 31687.5586 28926.2402
   vertex 46183.7578 31804.5039 29100.668
  endloop
 endfacet
facet normal -0.0274401512 -0.880200624 0.473807842
  outer loop
   vertex 46521.2969 31584.0234 28735.9219
   vertex 46784.8203 31592.6836 28767.2734
   vertex 46717.7305 31675.0781 28916.4531
  endloop
 endfacet
facet normal 0.0517115965 -0.864163756 0.500546634
  outer loop
   vertex 46784.8203 31592.6836 28767.2734
   vertex 46974.6953 31673.6426 28887.4258
   vertex 46717.7305 31675.0781 28916.4531
  endloop
 endfacet
facet normal 0.0372309051 -0.689336121 0.723484337
  outer loop
   vertex 46376.8047 31931.3477 29211.5898
   vertex 46143.3047 31983.1035 29272.9199
   vertex 46183.7578 31804.5039 29100.668
  endloop
 endfacet
facet normal 0.0660681129 -0.684889019 0.7256459
  outer loop
   vertex 46143.3047 31983.1035 29272.9199
   vertex 45908.2656 31875.6367 29192.8887
   vertex 46183.7578 31804.5039 29100.668
  endloop
 endfacet
facet normal 0.221320674 -0.372015834 0.901455164
  outer loop
   vertex 47188.7461 31930.1875 29031.7891
   vertex 46977.2734 31964.5977 29097.9082
   vertex 47038.6562 31834.4082 29029.1113
  endloop
 endfacet
facet normal 0.0342030823 -0.813784599 0.580159247
  outer loop
   vertex 45908.2656 31875.6367 29192.8887
   vertex 45676.2227 31713.2891 28978.8457
   vertex 45956.293 31687.5586 28926.2402
  endloop
 endfacet
facet normal 0.0735433102 -0.723090708 0.686826944
  outer loop
   vertex 46974.6953 31673.6426 28887.4258
   vertex 46797.4023 31826.4609 29067.2988
   vertex 46717.7305 31675.0781 28916.4531
  endloop
 endfacet
facet normal 0.135867283 -0.684925735 0.715832949
  outer loop
   vertex 46974.6953 31673.6426 28887.4258
   vertex 47038.6562 31834.4082 29029.1113
   vertex 46797.4023 31826.4609 29067.2988
  endloop
 endfacet
facet normal 0.262919992 -0.430614233 0.86339128
  outer loop
   vertex 46591.9727 31911.4785 29172.2578
   vertex 46797.4023 31826.4609 29067.2988
   vertex 46748.3633 32005.2539 29171.4043
  endloop
 endfacet
facet normal 0.0344286859 -0.64427048 0.76402241
  outer loop
   vertex 45908.2656 31875.6367 29192.8887
   vertex 46143.3047 31983.1035 29272.9199
   vertex 45969.6641 32049.2266 29336.5039
  endloop
 endfacet
facet normal 0.0241720844 -0.814953029 0.579022646
  outer loop
   vertex 45048.8594 31922.8828 29309.9531
   vertex 45081.582 31756.5176 29074.4355
   vertex 45247.2656 31921.8438 29300.209
  endloop
 endfacet
facet normal 0.024499597 -0.802925229 0.595576048
  outer loop
   vertex 45048.8594 31922.8828 29309.9531
   vertex 44857.0859 31941.7754 29343.3125
   vertex 44851.5352 31770.8789 29113.1465
  endloop
 endfacet
facet normal 0.481069297 0.780369163 0.399495035
  outer loop
   vertex 44505.6211 32810.8555 29800.0117
   vertex 44634.0664 32755.9668 29752.5605
   vertex 44571.332 32837.9609 29667.9355
  endloop
 endfacet
facet normal 0.127427146 -0.386575043 0.913412333
  outer loop
   vertex 46530.9648 32050.1348 29240.3574
   vertex 46313.8438 32098.8145 29291.25
   vertex 46376.8047 31931.3477 29211.5898
  endloop
 endfacet
facet normal 0.190282494 0.250307888 0.949283183
  outer loop
   vertex 45805.1758 32350.9414 29356.3047
   vertex 45527.7617 32395.4844 29400.166
   vertex 45690.4492 32213.1055 29415.6465
  endloop
 endfacet
facet normal 0.333161056 0.217274815 0.917494059
  outer loop
   vertex 46748.3633 32005.2539 29171.4043
   vertex 46977.2734 31964.5977 29097.9082
   vertex 46887.3594 32125.8281 29092.377
  endloop
 endfacet
facet normal 0.243834615 0.168746606 0.95502317
  outer loop
   vertex 47131.5586 32052.1895 29043.041
   vertex 46887.3594 32125.8281 29092.377
   vertex 46977.2734 31964.5977 29097.9082
  endloop
 endfacet
facet normal 0.313490897 0.0627821162 0.947513521
  outer loop
   vertex 46748.3633 32005.2539 29171.4043
   vertex 46663.418 32137.4492 29190.748
   vertex 46530.9648 32050.1348 29240.3574
  endloop
 endfacet
facet normal 0.246698201 0.168023989 0.954414964
  outer loop
   vertex 46663.418 32137.4492 29190.748
   vertex 46468.8789 32199.3164 29230.1426
   vertex 46530.9648 32050.1348 29240.3574
  endloop
 endfacet
facet normal 0.261514902 0.173848137 0.949413896
  outer loop
   vertex 46313.8438 32098.8145 29291.25
   vertex 46530.9648 32050.1348 29240.3574
   vertex 46468.8789 32199.3164 29230.1426
  endloop
 endfacet
facet normal 0.25035131 0.190906599 0.94914639
  outer loop
   vertex 46313.8438 32098.8145 29291.25
   vertex 46468.8789 32199.3164 29230.1426
   vertex 46246.1094 32256.3867 29277.4219
  endloop
 endfacet
facet normal 0.276265979 0.20122388 0.939779818
  outer loop
   vertex 46102.7188 32152.125 29341.8984
   vertex 46313.8438 32098.8145 29291.25
   vertex 46246.1094 32256.3867 29277.4219
  endloop
 endfacet
facet normal 0.193338081 0.717385054 0.669312358
  outer loop
   vertex 45527.7617 32395.4844 29400.166
   vertex 45716.7227 32489.5781 29244.7305
   vertex 45520.1055 32557.3438 29228.8945
  endloop
 endfacet
facet normal 0.445189655 0.297709316 0.844497085
  outer loop
   vertex 44561.8789 32671.3379 29819.5371
   vertex 44505.6211 32810.8555 29800.0117
   vertex 44409.0352 32725.3477 29881.0723
  endloop
 endfacet
facet normal 0.364292502 0.9162938 0.166423082
  outer loop
   vertex 44769.4375 32739.4375 29400.1719
   vertex 44912.5195 32655.7188 29547.9004
   vertex 44957.3359 32681.0312 29310.4336
  endloop
 endfacet
facet normal 0.179038271 0.259540945 0.948990941
  outer loop
   vertex 45805.1758 32350.9414 29356.3047
   vertex 45690.4492 32213.1055 29415.6465
   vertex 45900.3672 32191.6074 29381.9219
  endloop
 endfacet
facet normal 0.173199922 0.235663354 0.956276417
  outer loop
   vertex 45527.7617 32395.4844 29400.166
   vertex 45512.7539 32203.9785 29450.0801
   vertex 45690.4492 32213.1055 29415.6465
  endloop
 endfacet
facet normal 0.1215652 -0.29815048 0.946746111
  outer loop
   vertex 45900.3672 32191.6074 29381.9219
   vertex 45690.4492 32213.1055 29415.6465
   vertex 45784.9023 32045.1934 29350.6387
  endloop
 endfacet
facet normal 0.196040481 -0.320520461 0.926733375
  outer loop
   vertex 45581.4844 32056.2285 29384.4395
   vertex 45690.4492 32213.1055 29415.6465
   vertex 45512.7539 32203.9785 29450.0801
  endloop
 endfacet
facet normal 0.0991958231 -0.325358689 0.940373302
  outer loop
   vertex 45338.832 32252.9668 29485.375
   vertex 45392.418 32073.7578 29417.7188
   vertex 45512.7539 32203.9785 29450.0801
  endloop
 endfacet
facet normal 0.0572514236 -0.691074431 0.720512569
  outer loop
   vertex 44857.0859 31941.7754 29343.3125
   vertex 45048.8594 31922.8828 29309.9531
   vertex 45026.0547 32074.875 29457.5469
  endloop
 endfacet
facet normal 0.174209192 -0.450931072 0.875392675
  outer loop
   vertex 45100.0664 32271.3887 29540.9355
   vertex 44895.8984 32357.6758 29626.0156
   vertex 44883.7656 32141.3398 29516.9922
  endloop
 endfacet
facet normal 0.059212938 -0.64518559 0.761727929
  outer loop
   vertex 44695.8828 32203.9824 29584.6543
   vertex 44671.5703 31980.7715 29397.4844
   vertex 44883.7656 32141.3398 29516.9922
  endloop
 endfacet
facet normal 0.0974375755 -0.419641376 0.902445018
  outer loop
   vertex 45100.0664 32271.3887 29540.9355
   vertex 45026.0547 32074.875 29457.5469
   vertex 45199.4922 32088.3281 29445.0762
  endloop
 endfacet
facet normal 0.507778704 0.182038575 0.842034876
  outer loop
   vertex 44823.0781 32664.3359 29671.6543
   vertex 44719.3242 32633.1348 29740.9668
   vertex 44865.3945 32552.8789 29670.2305
  endloop
 endfacet
facet normal 0.00797637925 -0.657075822 0.753782272
  outer loop
   vertex 45026.0547 32074.875 29457.5469
   vertex 44883.7656 32141.3398 29516.9922
   vertex 44857.0859 31941.7754 29343.3125
  endloop
 endfacet
facet normal 0.165055111 -0.43729791 0.884040356
  outer loop
   vertex 45026.0547 32074.875 29457.5469
   vertex 45100.0664 32271.3887 29540.9355
   vertex 44883.7656 32141.3398 29516.9922
  endloop
 endfacet
facet normal 0.320168585 0.674660563 0.665075362
  outer loop
   vertex 45527.7617 32395.4844 29400.166
   vertex 45330.2734 32557.832 29330.5488
   vertex 45251.5039 32440.8516 29487.1367
  endloop
 endfacet
facet normal 0.295561284 -0.222152278 0.929135025
  outer loop
   vertex 44419.1758 32516.9082 29828.0098
   vertex 44561.8789 32671.3379 29819.5371
   vertex 44409.0352 32725.3477 29881.0723
  endloop
 endfacet
facet normal 0.138186961 -0.660715938 0.737806737
  outer loop
   vertex 44312.0391 32333.2676 29750.9551
   vertex 44240.9453 32169.0566 29617.2168
   vertex 44480.1836 32283.3086 29674.7227
  endloop
 endfacet
facet normal 0.122773573 -0.639198124 0.759178758
  outer loop
   vertex 44320.1055 32070.666 29521.5742
   vertex 44480.1836 32283.3086 29674.7227
   vertex 44240.9453 32169.0566 29617.2168
  endloop
 endfacet
facet normal 0.188156396 -0.475127965 0.859564185
  outer loop
   vertex 44721.6445 32432.8301 29704.5176
   vertex 44594.4453 32516.0195 29778.3438
   vertex 44480.1836 32283.3086 29674.7227
  endloop
 endfacet
facet normal 0.186109871 -0.47222963 0.861604512
  outer loop
   vertex 44480.1836 32283.3086 29674.7227
   vertex 44695.8828 32203.9824 29584.6543
   vertex 44721.6445 32432.8301 29704.5176
  endloop
 endfacet
facet normal 0.16538009 -0.451222539 0.876953602
  outer loop
   vertex 44895.8984 32357.6758 29626.0156
   vertex 44695.8828 32203.9824 29584.6543
   vertex 44883.7656 32141.3398 29516.9922
  endloop
 endfacet
facet normal -0.0837902129 0.906883001 0.412967831
  outer loop
   vertex 47273.0078 32073.4434 28837.0566
   vertex 47316.8633 32014.6816 28974.998
   vertex 47359.2773 32041.248 28925.2617
  endloop
 endfacet
facet normal 0.537977695 0.461585402 0.70535022
  outer loop
   vertex 47359.2773 32041.248 28925.2617
   vertex 47316.8633 32014.6816 28974.998
   vertex 47400.0586 32003.4727 28918.8789
  endloop
 endfacet
facet normal 0.0413391851 -0.0114472164 0.999079585
  outer loop
   vertex 47407.8008 31971.4355 28970.7402
   vertex 47316.8633 32014.6816 28974.998
   vertex 47369.1406 31907.9434 28971.6133
  endloop
 endfacet
facet normal 0.328218251 0.131073684 0.935463786
  outer loop
   vertex 47369.1406 31907.9434 28971.6133
   vertex 47316.8633 32014.6816 28974.998
   vertex 47188.7461 31930.1875 29031.7891
  endloop
 endfacet
facet normal 0.358125448 0.0820915624 0.930057585
  outer loop
   vertex 47188.7461 31930.1875 29031.7891
   vertex 47316.8633 32014.6816 28974.998
   vertex 47131.5586 32052.1895 29043.041
  endloop
 endfacet
facet normal 0.343522698 0.646381319 0.681309998
  outer loop
   vertex 46468.8789 32199.3164 29230.1426
   vertex 46663.418 32137.4492 29190.748
   vertex 46645.1875 32264.0078 29079.8691
  endloop
 endfacet
facet normal 0.334303677 0.647845924 0.684497416
  outer loop
   vertex 46663.418 32137.4492 29190.748
   vertex 46887.3594 32125.8281 29092.377
   vertex 46645.1875 32264.0078 29079.8691
  endloop
 endfacet
facet normal 0.271851689 0.895014465 0.353618056
  outer loop
   vertex 46485.707 32377.2852 28950.2734
   vertex 46269.3672 32425.5938 28994.3223
   vertex 46384.1719 32333.1172 29140.1191
  endloop
 endfacet
facet normal 0.25813517 0.714127958 0.65068239
  outer loop
   vertex 47131.5586 32052.1895 29043.041
   vertex 47225.2617 32083.1953 28971.8379
   vertex 47086.0742 32143.9766 28960.3496
  endloop
 endfacet
facet normal 0.339232832 0.716868341 0.609114826
  outer loop
   vertex 46887.3594 32125.8281 29092.377
   vertex 47131.5586 32052.1895 29043.041
   vertex 47086.0742 32143.9766 28960.3496
  endloop
 endfacet
facet normal 0.422485113 0.897401392 0.12718904
  outer loop
   vertex 47273.0078 32073.4434 28837.0566
   vertex 47011.6133 32205.0117 28777.0312
   vertex 47086.0742 32143.9766 28960.3496
  endloop
 endfacet
facet normal 0.394024611 0.916172326 0.0732996166
  outer loop
   vertex 47086.0742 32143.9766 28960.3496
   vertex 47225.2617 32083.1953 28971.8379
   vertex 47273.0078 32073.4434 28837.0566
  endloop
 endfacet
facet normal 0.588727832 0.794082522 0.151104167
  outer loop
   vertex 47273.0078 32073.4434 28837.0566
   vertex 47225.2617 32083.1953 28971.8379
   vertex 47316.8633 32014.6816 28974.998
  endloop
 endfacet
facet normal 0.462451279 0.868518651 0.178365275
  outer loop
   vertex 47011.6133 32205.0117 28777.0312
   vertex 46843.5312 32293.1172 28783.8066
   vertex 46875.0977 32243.6973 28942.6074
  endloop
 endfacet
facet normal 0.414575011 0.900474846 0.131425202
  outer loop
   vertex 47086.0742 32143.9766 28960.3496
   vertex 47011.6133 32205.0117 28777.0312
   vertex 46875.0977 32243.6973 28942.6074
  endloop
 endfacet
facet normal 0.358840704 0.909099877 0.211590961
  outer loop
   vertex 46843.5312 32293.1172 28783.8066
   vertex 46690.5195 32333.25 28870.877
   vertex 46875.0977 32243.6973 28942.6074
  endloop
 endfacet
facet normal 0.313880056 0.658749938 0.683760107
  outer loop
   vertex 46468.8789 32199.3164 29230.1426
   vertex 46384.1719 32333.1172 29140.1191
   vertex 46246.1094 32256.3867 29277.4219
  endloop
 endfacet
facet normal 0.247693852 0.698417664 0.671461463
  outer loop
   vertex 45805.1758 32350.9414 29356.3047
   vertex 45935.6133 32438.002 29217.6328
   vertex 45716.7227 32489.5781 29244.7305
  endloop
 endfacet
facet normal 0.327502877 0.873413265 0.360404164
  outer loop
   vertex 46485.707 32377.2852 28950.2734
   vertex 46645.1875 32264.0078 29079.8691
   vertex 46690.5195 32333.25 28870.877
  endloop
 endfacet
facet normal 0.288122118 0.683668733 0.670509279
  outer loop
   vertex 46246.1094 32256.3867 29277.4219
   vertex 46156.1758 32387.5508 29182.3281
   vertex 46028.3789 32307.0293 29319.3457
  endloop
 endfacet
facet normal 0.266285807 0.701761067 0.660774767
  outer loop
   vertex 45935.6133 32438.002 29217.6328
   vertex 46028.3789 32307.0293 29319.3457
   vertex 46156.1758 32387.5508 29182.3281
  endloop
 endfacet
facet normal 0.267878413 0.963439524 -0.0050414484
  outer loop
   vertex 45717.5039 32554.2188 28907.1719
   vertex 45831.5117 32523.3086 29058.2148
   vertex 45901.418 32502.5156 28799.2637
  endloop
 endfacet
facet normal 0.540513754 0.52409178 0.658158541
  outer loop
   vertex 45117.2539 32595.1934 29427.959
   vertex 44912.5195 32655.7188 29547.9004
   vertex 45035.8789 32492.5352 29576.5352
  endloop
 endfacet
facet normal 0.162009969 0.87008208 -0.465521187
  outer loop
   vertex 44378.2852 32826.2773 29301.9355
   vertex 44579.7617 32740.1094 29211.0039
   vertex 44354.793 32668.1562 28998.2246
  endloop
 endfacet
facet normal 0.219831064 0.69290483 0.686700225
  outer loop
   vertex 45805.1758 32350.9414 29356.3047
   vertex 45716.7227 32489.5781 29244.7305
   vertex 45527.7617 32395.4844 29400.166
  endloop
 endfacet
facet normal 0.211715385 0.940075219 0.267273515
  outer loop
   vertex 45520.1055 32557.3438 29228.8945
   vertex 45644.0781 32570.9746 29082.7461
   vertex 45500.1992 32606.1816 29072.8828
  endloop
 endfacet
facet normal 0.28456068 0.901711106 0.325487852
  outer loop
   vertex 45520.1055 32557.3438 29228.8945
   vertex 45716.7227 32489.5781 29244.7305
   vertex 45644.0781 32570.9746 29082.7461
  endloop
 endfacet
facet normal 0.368216276 0.914621592 0.166985363
  outer loop
   vertex 44912.5195 32655.7188 29547.9004
   vertex 45117.2539 32595.1934 29427.959
   vertex 44957.3359 32681.0312 29310.4336
  endloop
 endfacet
facet normal 0.342926979 0.690330982 0.637059033
  outer loop
   vertex 45527.7617 32395.4844 29400.166
   vertex 45520.1055 32557.3438 29228.8945
   vertex 45330.2734 32557.832 29330.5488
  endloop
 endfacet
facet normal 0.24206686 0.967017353 -0.0792535469
  outer loop
   vertex 45547.0664 32580.6973 28905.0625
   vertex 45500.1992 32606.1816 29072.8828
   vertex 45644.0781 32570.9746 29082.7461
  endloop
 endfacet
facet normal 0.254705876 0.911948562 0.321674824
  outer loop
   vertex 45831.5117 32523.3086 29058.2148
   vertex 45716.7227 32489.5781 29244.7305
   vertex 45935.6133 32438.002 29217.6328
  endloop
 endfacet
facet normal 0.258770436 0.915289164 0.308680385
  outer loop
   vertex 46046.2227 32473.4492 29019.7969
   vertex 45935.6133 32438.002 29217.6328
   vertex 46156.1758 32387.5508 29182.3281
  endloop
 endfacet
facet normal 0.233677626 0.91601944 0.326041639
  outer loop
   vertex 46269.3672 32425.5938 28994.3223
   vertex 46046.2227 32473.4492 29019.7969
   vertex 46156.1758 32387.5508 29182.3281
  endloop
 endfacet
facet normal 0.153809801 0.987646818 -0.0299378037
  outer loop
   vertex 45717.5039 32554.2188 28907.1719
   vertex 45547.0664 32580.6973 28905.0625
   vertex 45644.0781 32570.9746 29082.7461
  endloop
 endfacet
facet normal 0.147272572 0.983162403 -0.108177863
  outer loop
   vertex 45500.1992 32606.1816 29072.8828
   vertex 45547.0664 32580.6973 28905.0625
   vertex 45401.3398 32608.0957 28955.6855
  endloop
 endfacet
facet normal 0.187125638 0.980112731 -0.0660530031
  outer loop
   vertex 45087.2344 32639.582 28984.2969
   vertex 45154.957 32639.9043 29180.9238
   vertex 45226.0312 32608.4316 28915.2754
  endloop
 endfacet
facet normal 0.316919029 0.872271657 0.372430563
  outer loop
   vertex 46645.1875 32264.0078 29079.8691
   vertex 46485.707 32377.2852 28950.2734
   vertex 46384.1719 32333.1172 29140.1191
  endloop
 endfacet
facet normal 0.278218865 0.89502269 0.348609596
  outer loop
   vertex 46156.1758 32387.5508 29182.3281
   vertex 46384.1719 32333.1172 29140.1191
   vertex 46269.3672 32425.5938 28994.3223
  endloop
 endfacet
facet normal 0.330546886 0.66190654 0.672769248
  outer loop
   vertex 46468.8789 32199.3164 29230.1426
   vertex 46645.1875 32264.0078 29079.8691
   vertex 46384.1719 32333.1172 29140.1191
  endloop
 endfacet
facet normal 0.0965316743 0.991106451 -0.0915950686
  outer loop
   vertex 45226.0312 32608.4316 28915.2754
   vertex 45154.957 32639.9043 29180.9238
   vertex 45361.2383 32614.9414 29128.2227
  endloop
 endfacet
facet normal 0.0519626327 0.998269379 -0.0275334232
  outer loop
   vertex 45401.3398 32608.0957 28955.6855
   vertex 45361.2383 32614.9414 29128.2227
   vertex 45500.1992 32606.1816 29072.8828
  endloop
 endfacet
facet normal 0.010486261 0.999252379 -0.0372126438
  outer loop
   vertex 45401.3398 32608.0957 28955.6855
   vertex 45226.0312 32608.4316 28915.2754
   vertex 45361.2383 32614.9414 29128.2227
  endloop
 endfacet
facet normal 0.188367382 0.93725431 0.29338035
  outer loop
   vertex 45154.957 32639.9043 29180.9238
   vertex 45330.2734 32557.832 29330.5488
   vertex 45361.2383 32614.9414 29128.2227
  endloop
 endfacet
facet normal 0.261424392 0.942015648 0.210389733
  outer loop
   vertex 45330.2734 32557.832 29330.5488
   vertex 45154.957 32639.9043 29180.9238
   vertex 45117.2539 32595.1934 29427.959
  endloop
 endfacet
facet normal 0.169078991 0.946536899 0.274736494
  outer loop
   vertex 45520.1055 32557.3438 29228.8945
   vertex 45500.1992 32606.1816 29072.8828
   vertex 45361.2383 32614.9414 29128.2227
  endloop
 endfacet
facet normal 0.158028424 0.943716526 0.290561765
  outer loop
   vertex 45330.2734 32557.832 29330.5488
   vertex 45520.1055 32557.3438 29228.8945
   vertex 45361.2383 32614.9414 29128.2227
  endloop
 endfacet
facet normal 0.333120972 0.917594552 0.216911584
  outer loop
   vertex 45154.957 32639.9043 29180.9238
   vertex 44957.3359 32681.0312 29310.4336
   vertex 45117.2539 32595.1934 29427.959
  endloop
 endfacet
facet normal 0.269418508 0.922316074 -0.277031928
  outer loop
   vertex 44579.7617 32740.1094 29211.0039
   vertex 44378.2852 32826.2773 29301.9355
   vertex 44594.0898 32814.5547 29472.7812
  endloop
 endfacet
facet normal 0.487589449 0.871769011 -0.0477000177
  outer loop
   vertex 44571.332 32837.9609 29667.9355
   vertex 44731.8086 32745.9688 29627.0664
   vertex 44594.0898 32814.5547 29472.7812
  endloop
 endfacet
facet normal -0.0451086052 0.960286915 -0.275343895
  outer loop
   vertex 45087.2344 32639.582 28984.2969
   vertex 44978.207 32596.8262 28853.041
   vertex 44961.3203 32657.7109 29068.1523
  endloop
 endfacet
facet normal 0.144444481 0.985184312 -0.0924532786
  outer loop
   vertex 44957.3359 32681.0312 29310.4336
   vertex 45154.957 32639.9043 29180.9238
   vertex 44961.3203 32657.7109 29068.1523
  endloop
 endfacet
facet normal 0.115354069 0.992463231 -0.0413543098
  outer loop
   vertex 45154.957 32639.9043 29180.9238
   vertex 45087.2344 32639.582 28984.2969
   vertex 44961.3203 32657.7109 29068.1523
  endloop
 endfacet
facet normal -0.0383619219 0.960698426 -0.274930775
  outer loop
   vertex 44978.207 32596.8262 28853.041
   vertex 44787.418 32597.0352 28880.3945
   vertex 44961.3203 32657.7109 29068.1523
  endloop
 endfacet
facet normal -0.0151862102 0.944050908 -0.329450011
  outer loop
   vertex 44556.457 32600.2246 28900.1797
   vertex 44775.0273 32686.9492 29138.6172
   vertex 44787.418 32597.0352 28880.3945
  endloop
 endfacet
facet normal 0.208467498 0.9597615 -0.188146606
  outer loop
   vertex 44769.4375 32739.4375 29400.1719
   vertex 44957.3359 32681.0312 29310.4336
   vertex 44775.0273 32686.9492 29138.6172
  endloop
 endfacet
facet normal 0.0242755618 0.944469094 -0.327702373
  outer loop
   vertex 44787.418 32597.0352 28880.3945
   vertex 44775.0273 32686.9492 29138.6172
   vertex 44961.3203 32657.7109 29068.1523
  endloop
 endfacet
facet normal 0.119884752 0.988406539 -0.0931673571
  outer loop
   vertex 44961.3203 32657.7109 29068.1523
   vertex 44775.0273 32686.9492 29138.6172
   vertex 44957.3359 32681.0312 29310.4336
  endloop
 endfacet
facet normal 0.192053691 0.96298486 -0.189144373
  outer loop
   vertex 44775.0273 32686.9492 29138.6172
   vertex 44579.7617 32740.1094 29211.0039
   vertex 44769.4375 32739.4375 29400.1719
  endloop
 endfacet
facet normal 0.3099657 0.949584842 -0.0470097773
  outer loop
   vertex 44414.0391 32908.0977 29706.4805
   vertex 44458.082 32885.8008 29546.459
   vertex 44262.1289 32948.3516 29517.9199
  endloop
 endfacet
facet normal 0.299735308 0.899863183 -0.316867471
  outer loop
   vertex 44378.2852 32826.2773 29301.9355
   vertex 44458.082 32885.8008 29546.459
   vertex 44594.0898 32814.5547 29472.7812
  endloop
 endfacet
facet normal 0.330181241 0.88671422 -0.323601961
  outer loop
   vertex 44378.2852 32826.2773 29301.9355
   vertex 44262.1289 32948.3516 29517.9199
   vertex 44458.082 32885.8008 29546.459
  endloop
 endfacet
facet normal 0.318072289 0.139042631 0.93781513
  outer loop
   vertex 45338.832 32252.9668 29485.375
   vertex 45527.7617 32395.4844 29400.166
   vertex 45251.5039 32440.8516 29487.1367
  endloop
 endfacet
facet normal 0.403867871 0.914672077 -0.0163003914
  outer loop
   vertex 44414.0391 32908.0977 29706.4805
   vertex 44571.332 32837.9609 29667.9355
   vertex 44458.082 32885.8008 29546.459
  endloop
 endfacet
facet normal 0.411552727 -0.152042523 0.898614168
  outer loop
   vertex 44719.3242 32633.1348 29740.9668
   vertex 44561.8789 32671.3379 29819.5371
   vertex 44594.4453 32516.0195 29778.3438
  endloop
 endfacet
facet normal 0.544980586 0.526482999 0.652542591
  outer loop
   vertex 44865.3945 32552.8789 29670.2305
   vertex 45035.8789 32492.5352 29576.5352
   vertex 44912.5195 32655.7188 29547.9004
  endloop
 endfacet
facet normal 0.355860323 -0.163321108 0.920157433
  outer loop
   vertex 44865.3945 32552.8789 29670.2305
   vertex 44719.3242 32633.1348 29740.9668
   vertex 44721.6445 32432.8301 29704.5176
  endloop
 endfacet
facet normal 0.369000196 -0.0423629954 0.92846334
  outer loop
   vertex 44895.8984 32357.6758 29626.0156
   vertex 45100.0664 32271.3887 29540.9355
   vertex 45035.8789 32492.5352 29576.5352
  endloop
 endfacet
facet normal 0.441080749 -0.132143736 0.887685657
  outer loop
   vertex 44865.3945 32552.8789 29670.2305
   vertex 44895.8984 32357.6758 29626.0156
   vertex 45035.8789 32492.5352 29576.5352
  endloop
 endfacet
facet normal 0.407871246 0.91210103 0.0413855575
  outer loop
   vertex 44769.4375 32739.4375 29400.1719
   vertex 44594.0898 32814.5547 29472.7812
   vertex 44731.8086 32745.9688 29627.0664
  endloop
 endfacet
facet normal 0.53376472 0.777895212 0.331623703
  outer loop
   vertex 44912.5195 32655.7188 29547.9004
   vertex 44731.8086 32745.9688 29627.0664
   vertex 44823.0781 32664.3359 29671.6543
  endloop
 endfacet
facet normal 0.464170247 0.884246171 0.051523909
  outer loop
   vertex 44912.5195 32655.7188 29547.9004
   vertex 44769.4375 32739.4375 29400.1719
   vertex 44731.8086 32745.9688 29627.0664
  endloop
 endfacet
facet normal 0.784897625 0.29102999 0.5470258
  outer loop
   vertex 44823.0781 32664.3359 29671.6543
   vertex 44865.3945 32552.8789 29670.2305
   vertex 44912.5195 32655.7188 29547.9004
  endloop
 endfacet
facet normal 0.23277843 0.099120684 0.967465401
  outer loop
   vertex 45100.0664 32271.3887 29540.9355
   vertex 45338.832 32252.9668 29485.375
   vertex 45251.5039 32440.8516 29487.1367
  endloop
 endfacet
facet normal 0.374387145 -0.040465571 0.926389098
  outer loop
   vertex 45035.8789 32492.5352 29576.5352
   vertex 45100.0664 32271.3887 29540.9355
   vertex 45251.5039 32440.8516 29487.1367
  endloop
 endfacet
facet normal 0.349572897 -0.15467982 0.924052477
  outer loop
   vertex 44721.6445 32432.8301 29704.5176
   vertex 44895.8984 32357.6758 29626.0156
   vertex 44865.3945 32552.8789 29670.2305
  endloop
 endfacet
facet normal 0.422579288 0.620764792 0.660361886
  outer loop
   vertex 45035.8789 32492.5352 29576.5352
   vertex 45251.5039 32440.8516 29487.1367
   vertex 45117.2539 32595.1934 29427.959
  endloop
 endfacet
facet normal 0.266510069 -0.19449088 0.944005132
  outer loop
   vertex 44419.1758 32516.9082 29828.0098
   vertex 44594.4453 32516.0195 29778.3438
   vertex 44561.8789 32671.3379 29819.5371
  endloop
 endfacet
facet normal 0.453032762 0.801699281 0.389922559
  outer loop
   vertex 44571.332 32837.9609 29667.9355
   vertex 44414.0391 32908.0977 29706.4805
   vertex 44505.6211 32810.8555 29800.0117
  endloop
 endfacet
facet normal 0.721215606 0.450974077 0.525804579
  outer loop
   vertex 44719.3242 32633.1348 29740.9668
   vertex 44731.8086 32745.9688 29627.0664
   vertex 44634.0664 32755.9668 29752.5605
  endloop
 endfacet
facet normal 0.261514276 0.671219409 0.693595529
  outer loop
   vertex 44719.3242 32633.1348 29740.9668
   vertex 44823.0781 32664.3359 29671.6543
   vertex 44731.8086 32745.9688 29627.0664
  endloop
 endfacet
facet normal 0.480544537 0.254333675 0.839280248
  outer loop
   vertex 44634.0664 32755.9668 29752.5605
   vertex 44561.8789 32671.3379 29819.5371
   vertex 44719.3242 32633.1348 29740.9668
  endloop
 endfacet
facet normal 0.175610617 0.511254072 0.841296732
  outer loop
   vertex 38791.7891 34730.9766 32159.9434
   vertex 38320.8477 34856.2422 32182.1211
   vertex 38396.9531 34574.2422 32337.6055
  endloop
 endfacet
facet normal -0.346820295 0.323437393 0.880399883
  outer loop
   vertex 35991.6133 35662.8008 31893.0566
   vertex 35845.5586 35684.6172 31827.5078
   vertex 36000.0273 35564.0117 31932.6641
  endloop
 endfacet
facet normal -0.417937487 0.230833933 0.878660321
  outer loop
   vertex 35898.4102 35447.4727 31914.9453
   vertex 36000.0273 35564.0117 31932.6641
   vertex 35845.5586 35684.6172 31827.5078
  endloop
 endfacet
facet normal -0.170426205 -0.186661169 0.967529058
  outer loop
   vertex 36851.957 34774.3789 32161.0703
   vertex 37263.6367 34724.6289 32223.9883
   vertex 36980.8906 34873.5078 32202.9062
  endloop
 endfacet
facet normal 0.0651762486 0.697810709 0.713310778
  outer loop
   vertex 37039.4023 35003.6289 32162.7695
   vertex 37412.293 34919.4844 32211.0137
   vertex 37357.8828 35079.5 32059.4453
  endloop
 endfacet
facet normal -0.050363306 0.173395142 0.983563781
  outer loop
   vertex 36390.3555 35265.5625 32073.7891
   vertex 36415.9492 35113.5625 32101.8965
   vertex 36657.0469 35166.2148 32104.959
  endloop
 endfacet
facet normal 0.1109614 0.722703516 0.682192922
  outer loop
   vertex 38947.957 34553.3906 32322.6719
   vertex 39080.5664 34546.293 32308.6191
   vertex 38791.7891 34730.9766 32159.9434
  endloop
 endfacet
facet normal -0.420610309 -0.417613119 0.805410624
  outer loop
   vertex 38091.4766 34785.6719 32337.3516
   vertex 38049.6562 34875.25 32361.957
   vertex 37945.9336 34885.4414 32313.0742
  endloop
 endfacet
facet normal -0.110059217 0.0804983824 0.990659893
  outer loop
   vertex 37730.3008 34765.1875 32298.8887
   vertex 38091.4766 34785.6719 32337.3516
   vertex 37945.9336 34885.4414 32313.0742
  endloop
 endfacet
facet normal 0.207988828 0.217668235 0.953604341
  outer loop
   vertex 38321.2266 34457.5195 32402.416
   vertex 38223.1602 34469.1523 32421.1484
   vertex 38289.7227 34419.1055 32418.0566
  endloop
 endfacet
facet normal 0.152582332 0.929993391 0.334411383
  outer loop
   vertex 38260.1016 35008.0234 31932.9941
   vertex 37808.8867 35041.9414 32044.5469
   vertex 38033.9922 34945.9258 32208.8516
  endloop
 endfacet
facet normal -0.125967667 -0.65748316 0.742864788
  outer loop
   vertex 38435.9375 34310.1836 32339.0938
   vertex 38091.8906 34299.9297 32271.6797
   vertex 38350.5273 34053.3633 32097.3066
  endloop
 endfacet
facet normal 0.40681839 0.804047823 0.433596462
  outer loop
   vertex 38085.5781 34874.8945 32360.957
   vertex 38122.9492 34884.3984 32308.2676
   vertex 38053.2188 34905.3398 32334.8555
  endloop
 endfacet
facet normal 0.0273792371 0.667214513 0.744362295
  outer loop
   vertex 38049.6562 34875.25 32361.957
   vertex 38085.5781 34874.8945 32360.957
   vertex 38053.2188 34905.3398 32334.8555
  endloop
 endfacet
facet normal 0.0402568243 0.849065602 0.526751339
  outer loop
   vertex 38033.9922 34945.9258 32208.8516
   vertex 37698.7852 34968.1875 32198.5859
   vertex 37945.9336 34885.4414 32313.0742
  endloop
 endfacet
facet normal -0.236546233 0.913719952 0.330396265
  outer loop
   vertex 38033.9922 34945.9258 32208.8516
   vertex 37945.9336 34885.4414 32313.0742
   vertex 38053.2188 34905.3398 32334.8555
  endloop
 endfacet
facet normal 0.0449760519 0.888135374 0.457375914
  outer loop
   vertex 38033.9922 34945.9258 32208.8516
   vertex 37808.8867 35041.9414 32044.5469
   vertex 37698.7852 34968.1875 32198.5859
  endloop
 endfacet
facet normal 0.226654664 0.805432856 0.54763639
  outer loop
   vertex 37808.8867 35041.9414 32044.5469
   vertex 37609.3203 35057.3242 32104.5137
   vertex 37698.7852 34968.1875 32198.5859
  endloop
 endfacet
facet normal 0.10682638 0.820840001 0.561079144
  outer loop
   vertex 39248.418 34864.8945 31877.082
   vertex 38756.0352 34990.418 31787.1914
   vertex 38791.7891 34730.9766 32159.9434
  endloop
 endfacet
facet normal 0.128002346 0.877036929 0.463056803
  outer loop
   vertex 38320.8477 34856.2422 32182.1211
   vertex 38500.0039 34880.2109 32087.1973
   vertex 38322.9609 34988.5898 31930.8711
  endloop
 endfacet
facet normal -0.296942472 -0.796926916 0.526053846
  outer loop
   vertex 37594.5391 34255.1445 32169.6211
   vertex 37530.2539 34292.8594 32190.4707
   vertex 37462.6328 34275.0703 32125.3496
  endloop
 endfacet
facet normal 0.310119241 0.907285333 0.284006029
  outer loop
   vertex 38122.9492 34884.3984 32308.2676
   vertex 38320.8477 34856.2422 32182.1211
   vertex 38033.9922 34945.9258 32208.8516
  endloop
 endfacet
facet normal 0.215288147 0.341617614 0.914848864
  outer loop
   vertex 38223.1602 34469.1523 32421.1484
   vertex 38321.2266 34457.5195 32402.416
   vertex 38249.6602 34504.1953 32401.8281
  endloop
 endfacet
facet normal 0.225430369 0.357062906 0.906469643
  outer loop
   vertex 38396.9531 34574.2422 32337.6055
   vertex 38249.6602 34504.1953 32401.8281
   vertex 38321.2266 34457.5195 32402.416
  endloop
 endfacet
facet normal 0.419441551 -0.532261372 0.735368311
  outer loop
   vertex 39923.2266 34074.293 32062.6191
   vertex 39880.6133 34203.707 32180.5938
   vertex 39768.1445 34081.2969 32156.1426
  endloop
 endfacet
facet normal -0.717743516 0.0423011929 0.695021451
  outer loop
   vertex 38639.3203 33992.2891 32208.3359
   vertex 38586.0508 33935.5703 32156.7793
   vertex 38617.6016 33928.2539 32189.8086
  endloop
 endfacet
facet normal -0.111607991 0.114408307 0.987144589
  outer loop
   vertex 38091.4766 34785.6719 32337.3516
   vertex 37730.3008 34765.1875 32298.8887
   vertex 38049.1836 34503.0273 32365.3281
  endloop
 endfacet
facet normal 0.305047244 0.844524324 0.440141857
  outer loop
   vertex 38260.1016 35008.0234 31932.9941
   vertex 38033.9922 34945.9258 32208.8516
   vertex 38320.8477 34856.2422 32182.1211
  endloop
 endfacet
facet normal 0.277658254 0.84900552 0.449550301
  outer loop
   vertex 38260.1016 35008.0234 31932.9941
   vertex 38320.8477 34856.2422 32182.1211
   vertex 38322.9609 34988.5898 31930.8711
  endloop
 endfacet
facet normal 0.360845625 0.902381301 0.2355811
  outer loop
   vertex 38053.2188 34905.3398 32334.8555
   vertex 38122.9492 34884.3984 32308.2676
   vertex 38033.9922 34945.9258 32208.8516
  endloop
 endfacet
facet normal -0.170926869 0.114012986 0.978664935
  outer loop
   vertex 37816.4727 34459.8906 32329.709
   vertex 38049.1836 34503.0273 32365.3281
   vertex 37663.6562 34517.6641 32296.2891
  endloop
 endfacet
facet normal -0.17480211 0.0367242098 0.983918488
  outer loop
   vertex 37730.3008 34765.1875 32298.8887
   vertex 37663.6562 34517.6641 32296.2891
   vertex 38049.1836 34503.0273 32365.3281
  endloop
 endfacet
facet normal -0.0539300106 -0.222781897 0.97337544
  outer loop
   vertex 37746.5625 34362.4062 32265.3477
   vertex 37663.6562 34517.6641 32296.2891
   vertex 37615.457 34419.1133 32271.0625
  endloop
 endfacet
facet normal -0.324056536 -0.348331153 0.879575312
  outer loop
   vertex 37746.5625 34362.4062 32265.3477
   vertex 37816.4727 34459.8906 32329.709
   vertex 37663.6562 34517.6641 32296.2891
  endloop
 endfacet
facet normal 0.388450831 -0.562346101 0.729981422
  outer loop
   vertex 39217.8438 33978.293 32317.6816
   vertex 39257.2031 33842.8672 32192.4121
   vertex 39350.0977 34044.1758 32298.0566
  endloop
 endfacet
facet normal 0.0313550048 -0.470564634 0.881808221
  outer loop
   vertex 39091.1992 33970.9688 32318.2773
   vertex 39217.8438 33978.293 32317.6816
   vertex 39135.7383 34095.8906 32383.3555
  endloop
 endfacet
facet normal 0.94834131 -0.313800514 -0.0466695167
  outer loop
   vertex 39091.1992 33970.9688 32318.2773
   vertex 39135.7383 34095.8906 32383.3555
   vertex 39116.8906 34036.3906 32400.4316
  endloop
 endfacet
facet normal 0.00964692608 0.121641852 0.992527187
  outer loop
   vertex 39759.3867 34509.0898 32193.2285
   vertex 39935.707 34378.9336 32207.4668
   vertex 39959.2109 34532.6367 32188.4004
  endloop
 endfacet
facet normal -0.338626295 0.3994115 0.851940572
  outer loop
   vertex 38947.957 34553.3906 32322.6719
   vertex 38883.6641 34418.5586 32360.3301
   vertex 38997.207 34501.6172 32366.5215
  endloop
 endfacet
facet normal 0.14233081 0.563713551 0.813614786
  outer loop
   vertex 38791.7891 34730.9766 32159.9434
   vertex 38396.9531 34574.2422 32337.6055
   vertex 38883.6641 34418.5586 32360.3301
  endloop
 endfacet
facet normal -0.386904866 0.41454199 0.8236866
  outer loop
   vertex 38947.957 34553.3906 32322.6719
   vertex 38791.7891 34730.9766 32159.9434
   vertex 38883.6641 34418.5586 32360.3301
  endloop
 endfacet
facet normal 0.232236758 -0.185412273 0.954823732
  outer loop
   vertex 39467.3984 34215.3516 32302.7676
   vertex 39276.4023 34250.9922 32356.1406
   vertex 39350.0977 34044.1758 32298.0566
  endloop
 endfacet
facet normal -0.210235298 -0.483915985 0.849485993
  outer loop
   vertex 38639.3203 33992.2891 32208.3359
   vertex 38902.1953 34115.6211 32343.6504
   vertex 38435.9375 34310.1836 32339.0938
  endloop
 endfacet
facet normal -0.0335316099 -0.0569892414 0.997811556
  outer loop
   vertex 38435.9375 34310.1836 32339.0938
   vertex 38902.1953 34115.6211 32343.6504
   vertex 38883.6641 34418.5586 32360.3301
  endloop
 endfacet
facet normal -0.447360426 -0.862585783 0.236250669
  outer loop
   vertex 38617.6016 33928.2539 32189.8086
   vertex 38586.0508 33935.5703 32156.7793
   vertex 38633.25 33913.8125 32166.7051
  endloop
 endfacet
facet normal 0.0472750701 0.171685338 0.984016895
  outer loop
   vertex 39935.707 34378.9336 32207.4668
   vertex 39759.3867 34509.0898 32193.2285
   vertex 39691.2773 34251.1094 32241.5117
  endloop
 endfacet
facet normal 0.428147644 -0.584305882 0.689402819
  outer loop
   vertex 39641.8594 33983.6992 32151.8535
   vertex 39768.1445 34081.2969 32156.1426
   vertex 39677.0117 34090.7109 32220.7188
  endloop
 endfacet
facet normal 0.619540095 -0.404704511 0.672595263
  outer loop
   vertex 38639.3203 33992.2891 32208.3359
   vertex 38617.6016 33928.2539 32189.8086
   vertex 38633.25 33913.8125 32166.7051
  endloop
 endfacet
facet normal -0.0469703898 0.567200541 0.82223922
  outer loop
   vertex 39935.7734 34696.9648 32073.7031
   vertex 39759.3867 34509.0898 32193.2285
   vertex 39959.2109 34532.6367 32188.4004
  endloop
 endfacet
facet normal -0.0882656202 0.112586752 0.989713788
  outer loop
   vertex 39014.4922 34225.3594 32393.9746
   vertex 39099.9922 34279.5938 32395.4297
   vertex 38883.6641 34418.5586 32360.3301
  endloop
 endfacet
facet normal 0.0709371418 0.605848849 0.79241091
  outer loop
   vertex 39759.3867 34509.0898 32193.2285
   vertex 39584.9883 34702.1992 32061.1973
   vertex 39402.7305 34470.9102 32254.3457
  endloop
 endfacet
facet normal 0.105466425 -0.719457269 0.68648237
  outer loop
   vertex 39216.0078 33725.4531 32075.6875
   vertex 39301.293 33740.4336 32078.2852
   vertex 39257.2031 33842.8672 32192.4121
  endloop
 endfacet
facet normal 0.184741303 0.549562693 0.814770818
  outer loop
   vertex 40152.5781 34829.0508 31978.418
   vertex 40197.1211 34723.1289 32039.7637
   vertex 40254.0508 34827.5781 31956.4062
  endloop
 endfacet
facet normal 0.429570436 0.0626920089 0.900854588
  outer loop
   vertex 40402.8828 34386.9375 32007.9121
   vertex 40630.0469 34472.418 31893.6387
   vertex 40416.5312 34600.5703 31986.5352
  endloop
 endfacet
facet normal 0.430995286 0.0583827049 0.900463521
  outer loop
   vertex 40559.1172 34346.75 31935.7363
   vertex 40630.0469 34472.418 31893.6387
   vertex 40402.8828 34386.9375 32007.9121
  endloop
 endfacet
facet normal -0.1367158 0.113540918 0.984081924
  outer loop
   vertex 38883.6641 34418.5586 32360.3301
   vertex 39035.7461 34472.3789 32375.248
   vertex 38997.207 34501.6172 32366.5215
  endloop
 endfacet
facet normal 0.152298227 0.142823294 0.977960527
  outer loop
   vertex 39759.3867 34509.0898 32193.2285
   vertex 39402.7305 34470.9102 32254.3457
   vertex 39691.2773 34251.1094 32241.5117
  endloop
 endfacet
facet normal -0.19112289 -0.832899332 0.519375324
  outer loop
   vertex 38919.582 33791.8477 32075.957
   vertex 39087.8594 33730.082 32038.834
   vertex 39073.168 33816.1602 32171.4668
  endloop
 endfacet
facet normal 0.303686917 0.250990808 0.919117987
  outer loop
   vertex 39402.7305 34470.9102 32254.3457
   vertex 39276.4023 34250.9922 32356.1406
   vertex 39467.3984 34215.3516 32302.7676
  endloop
 endfacet
facet normal 0.329837114 0.233881876 0.914607406
  outer loop
   vertex 39402.7305 34470.9102 32254.3457
   vertex 39139.8008 34408.5156 32365.123
   vertex 39276.4023 34250.9922 32356.1406
  endloop
 endfacet
facet normal -0.00912721548 0.231510133 0.972789645
  outer loop
   vertex 39139.8008 34408.5156 32365.123
   vertex 38883.6641 34418.5586 32360.3301
   vertex 39099.9922 34279.5938 32395.4297
  endloop
 endfacet
facet normal -0.0260936972 -0.1978845 0.979877949
  outer loop
   vertex 39035.7461 34472.3789 32375.248
   vertex 38883.6641 34418.5586 32360.3301
   vertex 39139.8008 34408.5156 32365.123
  endloop
 endfacet
facet normal 0.238267407 0.151929751 0.959242404
  outer loop
   vertex 39276.4023 34250.9922 32356.1406
   vertex 39139.8008 34408.5156 32365.123
   vertex 39099.9922 34279.5938 32395.4297
  endloop
 endfacet
facet normal 0.955881715 -0.290726393 0.0420519151
  outer loop
   vertex 39116.8906 34036.3906 32400.4316
   vertex 39135.7383 34095.8906 32383.3555
   vertex 39121.7812 34054.8945 32417.1738
  endloop
 endfacet
facet normal -0.346990556 -0.57711786 0.739278376
  outer loop
   vertex 39081.9453 34048.7109 32393.6484
   vertex 39116.8906 34036.3906 32400.4316
   vertex 39121.7812 34054.8945 32417.1738
  endloop
 endfacet
facet normal -0.457577169 0.653336644 0.603137076
  outer loop
   vertex 39121.7812 34054.8945 32417.1738
   vertex 39135.7383 34095.8906 32383.3555
   vertex 39081.9453 34048.7109 32393.6484
  endloop
 endfacet
facet normal 0.213838071 -0.0225824676 0.976608038
  outer loop
   vertex 39276.4023 34250.9922 32356.1406
   vertex 39099.9922 34279.5938 32395.4297
   vertex 39135.7383 34095.8906 32383.3555
  endloop
 endfacet
facet normal 0.0219169352 -0.0613262467 0.997877121
  outer loop
   vertex 39099.9922 34279.5938 32395.4297
   vertex 39014.4922 34225.3594 32393.9746
   vertex 39135.7383 34095.8906 32383.3555
  endloop
 endfacet
facet normal 0.255353004 -0.201002315 0.945723474
  outer loop
   vertex 39350.0977 34044.1758 32298.0566
   vertex 39560.0703 34074.4805 32247.8027
   vertex 39467.3984 34215.3516 32302.7676
  endloop
 endfacet
facet normal 0.242388263 -0.145886034 0.959148169
  outer loop
   vertex 39560.0703 34074.4805 32247.8027
   vertex 39677.0117 34090.7109 32220.7188
   vertex 39691.2773 34251.1094 32241.5117
  endloop
 endfacet
facet normal 0.28614527 -0.179024965 0.941313446
  outer loop
   vertex 39467.3984 34215.3516 32302.7676
   vertex 39560.0703 34074.4805 32247.8027
   vertex 39691.2773 34251.1094 32241.5117
  endloop
 endfacet
facet normal 0.290416658 0.813455939 0.503932118
  outer loop
   vertex 38791.7891 34730.9766 32159.9434
   vertex 38533.0078 34924.5625 31996.5898
   vertex 38500.0039 34880.2109 32087.1973
  endloop
 endfacet
facet normal 0.543449819 0.0731101781 0.836251855
  outer loop
   vertex 38091.4766 34785.6719 32337.3516
   vertex 38320.8477 34856.2422 32182.1211
   vertex 38122.9492 34884.3984 32308.2676
  endloop
 endfacet
facet normal 0.361413926 0.52310288 0.771844149
  outer loop
   vertex 38091.4766 34785.6719 32337.3516
   vertex 38396.9531 34574.2422 32337.6055
   vertex 38320.8477 34856.2422 32182.1211
  endloop
 endfacet
facet normal 0.44973281 -0.739723504 0.500549197
  outer loop
   vertex 39582.3438 33888.0117 32063.918
   vertex 39738.9492 33924.0312 31976.4375
   vertex 39641.8594 33983.6992 32151.8535
  endloop
 endfacet
facet normal 0.247328267 0.561707854 0.789501727
  outer loop
   vertex 38997.207 34501.6172 32366.5215
   vertex 39035.7461 34472.3789 32375.248
   vertex 39080.5664 34546.293 32308.6191
  endloop
 endfacet
facet normal 0.112083137 0.702143967 0.703158021
  outer loop
   vertex 38947.957 34553.3906 32322.6719
   vertex 38997.207 34501.6172 32366.5215
   vertex 39080.5664 34546.293 32308.6191
  endloop
 endfacet
facet normal 0.565776289 0.0881544128 0.819832921
  outer loop
   vertex 38396.9531 34574.2422 32337.6055
   vertex 38321.2266 34457.5195 32402.416
   vertex 38435.9375 34310.1836 32339.0938
  endloop
 endfacet
facet normal -0.0470580496 -0.00131901482 0.998891294
  outer loop
   vertex 38883.6641 34418.5586 32360.3301
   vertex 38396.9531 34574.2422 32337.6055
   vertex 38435.9375 34310.1836 32339.0938
  endloop
 endfacet
facet normal -0.398160279 -0.555114448 0.730285108
  outer loop
   vertex 38639.3203 33992.2891 32208.3359
   vertex 38435.9375 34310.1836 32339.0938
   vertex 38350.5273 34053.3633 32097.3066
  endloop
 endfacet
facet normal -0.400880665 -0.380890399 0.833196998
  outer loop
   vertex 38639.3203 33992.2891 32208.3359
   vertex 38350.5273 34053.3633 32097.3066
   vertex 38586.0508 33935.5703 32156.7793
  endloop
 endfacet
facet normal -0.128352404 0.348886222 0.928333998
  outer loop
   vertex 39135.7383 34095.8906 32383.3555
   vertex 38902.1953 34115.6211 32343.6504
   vertex 39081.9453 34048.7109 32393.6484
  endloop
 endfacet
facet normal -0.182740107 -0.249137476 0.951071262
  outer loop
   vertex 39135.7383 34095.8906 32383.3555
   vertex 39014.4922 34225.3594 32393.9746
   vertex 38902.1953 34115.6211 32343.6504
  endloop
 endfacet
facet normal -0.362135082 -0.670691311 0.647326291
  outer loop
   vertex 39081.9453 34048.7109 32393.6484
   vertex 39091.1992 33970.9688 32318.2773
   vertex 39116.8906 34036.3906 32400.4316
  endloop
 endfacet
facet normal -0.284414649 -0.513623238 0.809505701
  outer loop
   vertex 39091.1992 33970.9688 32318.2773
   vertex 38902.1953 34115.6211 32343.6504
   vertex 38890.1992 33911.6875 32210.0449
  endloop
 endfacet
facet normal -0.418915331 -0.657266796 0.626506388
  outer loop
   vertex 39091.1992 33970.9688 32318.2773
   vertex 39081.9453 34048.7109 32393.6484
   vertex 38902.1953 34115.6211 32343.6504
  endloop
 endfacet
facet normal -0.254959673 -0.781540692 0.569376647
  outer loop
   vertex 38639.3203 33992.2891 32208.3359
   vertex 38695.125 33871.1328 32067.0234
   vertex 38890.1992 33911.6875 32210.0449
  endloop
 endfacet
facet normal 0.70844233 -0.372711927 0.599328995
  outer loop
   vertex 38639.3203 33992.2891 32208.3359
   vertex 38633.25 33913.8125 32166.7051
   vertex 38695.125 33871.1328 32067.0234
  endloop
 endfacet
facet normal 0.18627809 -0.894506693 0.406396687
  outer loop
   vertex 39582.3438 33888.0117 32063.918
   vertex 39467.4336 33903.9297 32151.623
   vertex 39447.4258 33798.4961 31928.7285
  endloop
 endfacet
facet normal 0.259304404 -0.581452131 0.771151543
  outer loop
   vertex 39677.0117 34090.7109 32220.7188
   vertex 39560.0703 34074.4805 32247.8027
   vertex 39641.8594 33983.6992 32151.8535
  endloop
 endfacet
facet normal 0.310204953 -0.550060868 0.775374711
  outer loop
   vertex 39350.0977 34044.1758 32298.0566
   vertex 39257.2031 33842.8672 32192.4121
   vertex 39467.4336 33903.9297 32151.623
  endloop
 endfacet
facet normal 0.0532552153 0.549559653 0.833755374
  outer loop
   vertex 40091.793 34568.7148 32148.2715
   vertex 40197.1211 34723.1289 32039.7637
   vertex 39935.7734 34696.9648 32073.7031
  endloop
 endfacet
facet normal 0.282703072 -0.222409964 0.933066308
  outer loop
   vertex 39935.707 34378.9336 32207.4668
   vertex 40126.3047 34414.8555 32158.2812
   vertex 40036.4766 34479.4961 32200.9062
  endloop
 endfacet
facet normal -0.0684724972 0.133115783 0.988732398
  outer loop
   vertex 39959.2109 34532.6367 32188.4004
   vertex 39935.707 34378.9336 32207.4668
   vertex 40036.4766 34479.4961 32200.9062
  endloop
 endfacet
facet normal 0.0747672692 0.423969448 0.90258503
  outer loop
   vertex 39935.7734 34696.9648 32073.7031
   vertex 40197.1211 34723.1289 32039.7637
   vertex 40089.5703 34795.3555 32014.7461
  endloop
 endfacet
facet normal 0.520182788 0.17111437 0.836737573
  outer loop
   vertex 40126.3047 34414.8555 32158.2812
   vertex 40091.793 34568.7148 32148.2715
   vertex 40036.4766 34479.4961 32200.9062
  endloop
 endfacet
facet normal 0.152105957 0.430547088 0.889658928
  outer loop
   vertex 40036.4766 34479.4961 32200.9062
   vertex 40091.793 34568.7148 32148.2715
   vertex 39959.2109 34532.6367 32188.4004
  endloop
 endfacet
facet normal 0.0879970565 0.578534305 0.81089741
  outer loop
   vertex 39935.7734 34696.9648 32073.7031
   vertex 39959.2109 34532.6367 32188.4004
   vertex 40091.793 34568.7148 32148.2715
  endloop
 endfacet
facet normal 0.382316113 0.0784121454 0.920698583
  outer loop
   vertex 40126.3047 34414.8555 32158.2812
   vertex 40258.4141 34404.0547 32104.3438
   vertex 40256.2695 34522.3672 32095.1582
  endloop
 endfacet
facet normal 0.33907488 0.136608943 0.930787981
  outer loop
   vertex 40091.793 34568.7148 32148.2715
   vertex 40126.3047 34414.8555 32158.2812
   vertex 40256.2695 34522.3672 32095.1582
  endloop
 endfacet
facet normal -0.270846337 -0.0707970709 0.960015655
  outer loop
   vertex 40150.082 34796.9375 32031.9355
   vertex 40089.5703 34795.3555 32014.7461
   vertex 40197.1211 34723.1289 32039.7637
  endloop
 endfacet
facet normal 0.771438599 0.529107034 0.353451937
  outer loop
   vertex 40152.5781 34829.0508 31978.418
   vertex 40150.082 34796.9375 32031.9355
   vertex 40197.1211 34723.1289 32039.7637
  endloop
 endfacet
facet normal 0.512549877 0.260981917 0.818034887
  outer loop
   vertex 40577.957 34674.5859 31861.7793
   vertex 40416.5312 34600.5703 31986.5352
   vertex 40630.0469 34472.418 31893.6387
  endloop
 endfacet
facet normal 0.42247057 0.426571727 0.799721956
  outer loop
   vertex 40382.5898 34778.7188 31909.4414
   vertex 40416.5312 34600.5703 31986.5352
   vertex 40577.957 34674.5859 31861.7793
  endloop
 endfacet
facet normal 0.444514662 0.398127347 0.802434623
  outer loop
   vertex 40382.5898 34778.7188 31909.4414
   vertex 40254.0508 34827.5781 31956.4062
   vertex 40197.1211 34723.1289 32039.7637
  endloop
 endfacet
facet normal 0.431050032 0.426285684 0.795283854
  outer loop
   vertex 40416.5312 34600.5703 31986.5352
   vertex 40382.5898 34778.7188 31909.4414
   vertex 40197.1211 34723.1289 32039.7637
  endloop
 endfacet
facet normal 0.401565641 0.351634175 0.845634937
  outer loop
   vertex 40256.2695 34522.3672 32095.1582
   vertex 40416.5312 34600.5703 31986.5352
   vertex 40197.1211 34723.1289 32039.7637
  endloop
 endfacet
facet normal 0.37542516 0.347668737 0.859175384
  outer loop
   vertex 40256.2695 34522.3672 32095.1582
   vertex 40197.1211 34723.1289 32039.7637
   vertex 40091.793 34568.7148 32148.2715
  endloop
 endfacet
facet normal 0.371128708 -0.55587399 0.743819594
  outer loop
   vertex 40037.707 34246.6172 32134.2812
   vertex 39880.6133 34203.707 32180.5938
   vertex 39923.2266 34074.293 32062.6191
  endloop
 endfacet
facet normal 0.247683212 -0.222484037 0.942949533
  outer loop
   vertex 39935.707 34378.9336 32207.4668
   vertex 39691.2773 34251.1094 32241.5117
   vertex 39880.6133 34203.707 32180.5938
  endloop
 endfacet
facet normal 0.335113078 -0.244890228 0.909795582
  outer loop
   vertex 40037.707 34246.6172 32134.2812
   vertex 39935.707 34378.9336 32207.4668
   vertex 39880.6133 34203.707 32180.5938
  endloop
 endfacet
facet normal 0.200748637 -0.365960866 0.908720315
  outer loop
   vertex 39691.2773 34251.1094 32241.5117
   vertex 39768.1445 34081.2969 32156.1426
   vertex 39880.6133 34203.707 32180.5938
  endloop
 endfacet
facet normal 0.560420454 -0.155290902 0.813519299
  outer loop
   vertex 39691.2773 34251.1094 32241.5117
   vertex 39677.0117 34090.7109 32220.7188
   vertex 39768.1445 34081.2969 32156.1426
  endloop
 endfacet
facet normal 0.6711483 -0.691609323 0.266901642
  outer loop
   vertex 39372.8594 33786.0898 32084.082
   vertex 39447.4258 33798.4961 31928.7285
   vertex 39467.4336 33903.9297 32151.623
  endloop
 endfacet
facet normal 0.347915769 -0.903323352 0.250921398
  outer loop
   vertex 39447.4258 33798.4961 31928.7285
   vertex 39738.9492 33924.0312 31976.4375
   vertex 39582.3438 33888.0117 32063.918
  endloop
 endfacet
facet normal 0.322522163 -0.652094424 0.686113954
  outer loop
   vertex 39257.2031 33842.8672 32192.4121
   vertex 39372.8594 33786.0898 32084.082
   vertex 39467.4336 33903.9297 32151.623
  endloop
 endfacet
facet normal 0.181491643 0.589724422 0.786947191
  outer loop
   vertex 39402.7305 34470.9102 32254.3457
   vertex 39361.9766 34677.9258 32108.6113
   vertex 39184.6328 34661.4414 32161.8652
  endloop
 endfacet
facet normal -0.145891786 -0.907776535 0.393265039
  outer loop
   vertex 39216.0078 33725.4531 32075.6875
   vertex 39164.0938 33756.8594 32128.9277
   vertex 39087.8594 33730.082 32038.834
  endloop
 endfacet
facet normal 0.227262333 -0.725519001 0.649595261
  outer loop
   vertex 39216.0078 33725.4531 32075.6875
   vertex 39257.2031 33842.8672 32192.4121
   vertex 39164.0938 33756.8594 32128.9277
  endloop
 endfacet
facet normal -0.299627095 -0.815106869 0.495806783
  outer loop
   vertex 39164.0938 33756.8594 32128.9277
   vertex 39073.168 33816.1602 32171.4668
   vertex 39087.8594 33730.082 32038.834
  endloop
 endfacet
facet normal -0.00641785003 -0.589357615 0.807846785
  outer loop
   vertex 39257.2031 33842.8672 32192.4121
   vertex 39073.168 33816.1602 32171.4668
   vertex 39164.0938 33756.8594 32128.9277
  endloop
 endfacet
facet normal 0.0175435878 -0.689085245 0.724467874
  outer loop
   vertex 39257.2031 33842.8672 32192.4121
   vertex 39091.1992 33970.9688 32318.2773
   vertex 39073.168 33816.1602 32171.4668
  endloop
 endfacet
facet normal 0.271950752 0.653960347 0.70595938
  outer loop
   vertex 39080.5664 34546.293 32308.6191
   vertex 39402.7305 34470.9102 32254.3457
   vertex 39184.6328 34661.4414 32161.8652
  endloop
 endfacet
facet normal 0.25079143 0.457651198 0.853029311
  outer loop
   vertex 39080.5664 34546.293 32308.6191
   vertex 39139.8008 34408.5156 32365.123
   vertex 39402.7305 34470.9102 32254.3457
  endloop
 endfacet
facet normal -0.215338677 0.377897173 0.900457084
  outer loop
   vertex 38223.1602 34469.1523 32421.1484
   vertex 38049.1836 34503.0273 32365.3281
   vertex 38200.8516 34448.5469 32424.4629
  endloop
 endfacet
facet normal -0.082008414 0.670524895 0.73734051
  outer loop
   vertex 37412.293 34919.4844 32211.0137
   vertex 37698.7852 34968.1875 32198.5859
   vertex 37357.8828 35079.5 32059.4453
  endloop
 endfacet
facet normal 0.0309910588 0.954464495 0.296710491
  outer loop
   vertex 37581.2695 35082.793 32025.5176
   vertex 37357.8828 35079.5 32059.4453
   vertex 37609.3203 35057.3242 32104.5137
  endloop
 endfacet
facet normal -0.588973165 0.344316661 0.731133819
  outer loop
   vertex 37746.5625 34362.4062 32265.3477
   vertex 37637.7422 34290.4062 32211.5938
   vertex 37692.6133 34302.7109 32250
  endloop
 endfacet
facet normal 0.150173262 0.955298305 0.254662812
  outer loop
   vertex 37609.3203 35057.3242 32104.5137
   vertex 37808.8867 35041.9414 32044.5469
   vertex 37581.2695 35082.793 32025.5176
  endloop
 endfacet
facet normal -0.230773851 -0.107947268 0.967000961
  outer loop
   vertex 36818.168 34955.9492 32173.2754
   vertex 36851.957 34774.3789 32161.0703
   vertex 36980.8906 34873.5078 32202.9062
  endloop
 endfacet
facet normal -0.294759393 -0.325127482 0.898559391
  outer loop
   vertex 36391.8359 34901.4531 32046.3945
   vertex 36635.1758 34637.3203 32030.6465
   vertex 36624.1445 34910.0273 32125.7012
  endloop
 endfacet
facet normal -0.607423246 -0.283259749 0.742159605
  outer loop
   vertex 36635.1758 34637.3203 32030.6465
   vertex 36687.6719 34776.4336 32126.709
   vertex 36624.1445 34910.0273 32125.7012
  endloop
 endfacet
facet normal -0.309161872 -0.207688853 0.928054035
  outer loop
   vertex 36415.9492 35113.5625 32101.8965
   vertex 36391.8359 34901.4531 32046.3945
   vertex 36624.1445 34910.0273 32125.7012
  endloop
 endfacet
facet normal -0.0311368685 0.084634237 0.995925486
  outer loop
   vertex 36624.1445 34910.0273 32125.7012
   vertex 36657.0469 35166.2148 32104.959
   vertex 36415.9492 35113.5625 32101.8965
  endloop
 endfacet
facet normal -0.259843826 -0.134152621 0.956286728
  outer loop
   vertex 36415.9492 35113.5625 32101.8965
   vertex 36284.2852 35232.7539 32082.8418
   vertex 36213.6367 35136.2812 32050.1094
  endloop
 endfacet
facet normal -0.261410326 0.111205086 0.958800316
  outer loop
   vertex 36657.0469 35166.2148 32104.959
   vertex 36624.1445 34910.0273 32125.7012
   vertex 36818.168 34955.9492 32173.2754
  endloop
 endfacet
facet normal -0.213312924 -0.10498862 0.971326411
  outer loop
   vertex 36851.957 34774.3789 32161.0703
   vertex 36818.168 34955.9492 32173.2754
   vertex 36624.1445 34910.0273 32125.7012
  endloop
 endfacet
facet normal -0.0200343877 0.302915663 0.952806771
  outer loop
   vertex 36980.8906 34873.5078 32202.9062
   vertex 37039.4023 35003.6289 32162.7695
   vertex 36818.168 34955.9492 32173.2754
  endloop
 endfacet
facet normal -0.0184670184 0.296120077 0.954972208
  outer loop
   vertex 37039.4023 35003.6289 32162.7695
   vertex 36657.0469 35166.2148 32104.959
   vertex 36818.168 34955.9492 32173.2754
  endloop
 endfacet
facet normal -0.26510641 0.662466049 0.700612128
  outer loop
   vertex 37945.9336 34885.4414 32313.0742
   vertex 38049.6562 34875.25 32361.957
   vertex 38053.2188 34905.3398 32334.8555
  endloop
 endfacet
facet normal -0.0355479382 0.438261747 0.898144186
  outer loop
   vertex 37412.293 34919.4844 32211.0137
   vertex 37730.3008 34765.1875 32298.8887
   vertex 37698.7852 34968.1875 32198.5859
  endloop
 endfacet
facet normal -0.390302956 -0.0922618881 0.916052043
  outer loop
   vertex 38049.1836 34503.0273 32365.3281
   vertex 38178.7656 34437.8945 32413.9785
   vertex 38200.8516 34448.5469 32424.4629
  endloop
 endfacet
facet normal 0.463363379 -0.588987052 0.662109256
  outer loop
   vertex 37707.9922 34281.5352 32220.4004
   vertex 37746.5625 34362.4062 32265.3477
   vertex 37692.6133 34302.7109 32250
  endloop
 endfacet
facet normal -0.119071782 -0.69118768 0.712798357
  outer loop
   vertex 38203.5195 34390.5586 32378.2051
   vertex 38091.8906 34299.9297 32271.6797
   vertex 38435.9375 34310.1836 32339.0938
  endloop
 endfacet
facet normal -0.178589597 -0.79712069 0.576805294
  outer loop
   vertex 38203.5195 34390.5586 32378.2051
   vertex 38435.9375 34310.1836 32339.0938
   vertex 38262.1445 34402.2695 32412.541
  endloop
 endfacet
facet normal 0.0916940868 0.0605113171 0.99394697
  outer loop
   vertex 38223.1602 34469.1523 32421.1484
   vertex 38200.8516 34448.5469 32424.4629
   vertex 38289.7227 34419.1055 32418.0566
  endloop
 endfacet
facet normal -0.184838116 -0.467496425 0.864454746
  outer loop
   vertex 38200.8516 34448.5469 32424.4629
   vertex 38178.7656 34437.8945 32413.9785
   vertex 38262.1445 34402.2695 32412.541
  endloop
 endfacet
facet normal -0.0948085412 -0.433219433 0.896288037
  outer loop
   vertex 38091.8906 34299.9297 32271.6797
   vertex 38049.1836 34503.0273 32365.3281
   vertex 37746.5625 34362.4062 32265.3477
  endloop
 endfacet
facet normal -0.395993292 -0.451868892 0.799377143
  outer loop
   vertex 38091.8906 34299.9297 32271.6797
   vertex 38203.5195 34390.5586 32378.2051
   vertex 38049.1836 34503.0273 32365.3281
  endloop
 endfacet
facet normal -0.531392872 -0.669820666 0.518615365
  outer loop
   vertex 38203.5195 34390.5586 32378.2051
   vertex 38178.7656 34437.8945 32413.9785
   vertex 38049.1836 34503.0273 32365.3281
  endloop
 endfacet
facet normal -0.029850224 -0.535734355 0.843858778
  outer loop
   vertex 38049.1836 34503.0273 32365.3281
   vertex 37816.4727 34459.8906 32329.709
   vertex 37746.5625 34362.4062 32265.3477
  endloop
 endfacet
facet normal -0.170545235 -0.841193676 0.513134956
  outer loop
   vertex 37692.6133 34302.7109 32250
   vertex 37637.7422 34290.4062 32211.5938
   vertex 37707.9922 34281.5352 32220.4004
  endloop
 endfacet
facet normal -0.146519795 -0.743793964 0.652152181
  outer loop
   vertex 37772.9766 34204.0664 32090.6934
   vertex 38091.8906 34299.9297 32271.6797
   vertex 37746.5625 34362.4062 32265.3477
  endloop
 endfacet
facet normal 0.522539675 -0.590855002 0.614689052
  outer loop
   vertex 37707.9922 34281.5352 32220.4004
   vertex 37772.9766 34204.0664 32090.6934
   vertex 37746.5625 34362.4062 32265.3477
  endloop
 endfacet
facet normal -0.299633294 -0.258285522 0.918427169
  outer loop
   vertex 37663.6562 34517.6641 32296.2891
   vertex 37263.6367 34724.6289 32223.9883
   vertex 37454.5898 34390.9922 32192.457
  endloop
 endfacet
facet normal -0.253305852 -0.233689904 0.938735962
  outer loop
   vertex 37263.6367 34724.6289 32223.9883
   vertex 37042.0156 34518.5742 32112.8906
   vertex 37454.5898 34390.9922 32192.457
  endloop
 endfacet
facet normal -0.436605334 -0.0167038552 0.899498045
  outer loop
   vertex 37615.457 34419.1133 32271.0625
   vertex 37663.6562 34517.6641 32296.2891
   vertex 37454.5898 34390.9922 32192.457
  endloop
 endfacet
facet normal -0.258534163 -0.295808613 0.919596314
  outer loop
   vertex 37637.7422 34290.4062 32211.5938
   vertex 37746.5625 34362.4062 32265.3477
   vertex 37454.5898 34390.9922 32192.457
  endloop
 endfacet
facet normal -0.244616285 -0.639042199 0.729237914
  outer loop
   vertex 37615.457 34419.1133 32271.0625
   vertex 37454.5898 34390.9922 32192.457
   vertex 37746.5625 34362.4062 32265.3477
  endloop
 endfacet
facet normal -0.157850549 -0.670029998 0.725357175
  outer loop
   vertex 37594.5391 34255.1445 32169.6211
   vertex 37637.7422 34290.4062 32211.5938
   vertex 37530.2539 34292.8594 32190.4707
  endloop
 endfacet
facet normal -0.391637623 -0.564029634 0.726973534
  outer loop
   vertex 37042.0156 34518.5742 32112.8906
   vertex 37065.0547 34336.875 31984.3281
   vertex 37272.0859 34330.9062 32091.2305
  endloop
 endfacet
facet normal -0.391341358 -0.565046668 0.726343036
  outer loop
   vertex 37284.957 34283.3008 32061.1309
   vertex 37272.0859 34330.9062 32091.2305
   vertex 37065.0547 34336.875 31984.3281
  endloop
 endfacet
facet normal -0.303197622 -0.566464484 0.766282737
  outer loop
   vertex 37284.957 34283.3008 32061.1309
   vertex 37462.6328 34275.0703 32125.3496
   vertex 37272.0859 34330.9062 32091.2305
  endloop
 endfacet
facet normal -0.193772361 -0.168985948 0.96638298
  outer loop
   vertex 37454.5898 34390.9922 32192.457
   vertex 37530.2539 34292.8594 32190.4707
   vertex 37637.7422 34290.4062 32211.5938
  endloop
 endfacet
facet normal -0.304989576 -0.469529331 0.828567147
  outer loop
   vertex 37454.5898 34390.9922 32192.457
   vertex 37042.0156 34518.5742 32112.8906
   vertex 37272.0859 34330.9062 32091.2305
  endloop
 endfacet
facet normal 0.324017197 0.841074347 -0.433135986
  outer loop
   vertex 37462.6328 34275.0703 32125.3496
   vertex 37380.9961 34234.5234 31985.5488
   vertex 37272.0859 34330.9062 32091.2305
  endloop
 endfacet
facet normal -0.0875830278 -0.779319763 0.62047559
  outer loop
   vertex 37454.5898 34390.9922 32192.457
   vertex 37272.0859 34330.9062 32091.2305
   vertex 37380.9961 34234.5234 31985.5488
  endloop
 endfacet
facet normal -0.752334416 -0.368380219 0.546158314
  outer loop
   vertex 37454.5898 34390.9922 32192.457
   vertex 37380.9961 34234.5234 31985.5488
   vertex 37462.6328 34275.0703 32125.3496
  endloop
 endfacet
facet normal -0.557975948 -0.44443047 0.700816929
  outer loop
   vertex 37462.6328 34275.0703 32125.3496
   vertex 37530.2539 34292.8594 32190.4707
   vertex 37454.5898 34390.9922 32192.457
  endloop
 endfacet
facet normal -0.188310996 -0.691044211 0.697851598
  outer loop
   vertex 38091.8906 34299.9297 32271.6797
   vertex 37772.9766 34204.0664 32090.6934
   vertex 38350.5273 34053.3633 32097.3066
  endloop
 endfacet
facet normal 0.317822814 0.946891487 -0.0488381237
  outer loop
   vertex 39770.6953 35119.8672 30687.7891
   vertex 39613.5078 35168.1836 30601.6309
   vertex 39526.6719 35203.5352 30721.9316
  endloop
 endfacet
facet normal 0.235980451 0.86719811 -0.438498139
  outer loop
   vertex 39618.1016 35198.5977 30761.375
   vertex 39770.6953 35119.8672 30687.7891
   vertex 39526.6719 35203.5352 30721.9316
  endloop
 endfacet
facet normal 0.25248003 0.961823463 0.105590813
  outer loop
   vertex 39319.3711 35230.8906 30968.4355
   vertex 39526.6719 35203.5352 30721.9316
   vertex 39366.1094 35240.7344 30766.9941
  endloop
 endfacet
facet normal 0.38529861 0.909744442 0.154628813
  outer loop
   vertex 35906.918 35876.7344 31742.5449
   vertex 35832.9883 35910.0547 31730.7207
   vertex 35840.1992 35899.8438 31772.8184
  endloop
 endfacet
facet normal 0.033616852 0.882786155 -0.468570739
  outer loop
   vertex 35902.8203 35848.625 31595.9258
   vertex 35867.2461 35854.1133 31603.709
   vertex 35890.2617 35883.2695 31660.291
  endloop
 endfacet
facet normal 0.167438418 0.965318322 -0.200312182
  outer loop
   vertex 39371.5 35215.3828 30649.3184
   vertex 39366.1094 35240.7344 30766.9941
   vertex 39526.6719 35203.5352 30721.9316
  endloop
 endfacet
facet normal -0.868356884 0.389048278 -0.307567447
  outer loop
   vertex 35793.3555 35515.4844 31216.0215
   vertex 35802.9531 35445.5156 31100.4199
   vertex 35788.2891 35338.7539 31006.7715
  endloop
 endfacet
facet normal -0.329705864 0.903009832 0.275440216
  outer loop
   vertex 35799.4141 35893.7969 31743.8301
   vertex 35840.1992 35899.8438 31772.8184
   vertex 35832.9883 35910.0547 31730.7207
  endloop
 endfacet
facet normal 0.274625123 0.961327136 0.0207645316
  outer loop
   vertex 35949.918 35865.6836 31685.2988
   vertex 35890.2617 35883.2695 31660.291
   vertex 35906.918 35876.7344 31742.5449
  endloop
 endfacet
facet normal 0.495550543 0.804528654 -0.327358127
  outer loop
   vertex 36138.9688 35629.0234 31534.9492
   vertex 36384.5586 35507.8984 31609.0352
   vertex 36412.7422 35404.0938 31396.584
  endloop
 endfacet
facet normal 0.4626472 0.881752312 -0.0920348391
  outer loop
   vertex 36138.9688 35629.0234 31534.9492
   vertex 36239.875 35600.2539 31766.5508
   vertex 36384.5586 35507.8984 31609.0352
  endloop
 endfacet
facet normal 0.778356373 -0.626774132 -0.0362709612
  outer loop
   vertex 39526.6719 35203.5352 30721.9316
   vertex 39462.1211 35136.7773 30490.293
   vertex 39530.4648 35210.4414 30683.9707
  endloop
 endfacet
facet normal 0.514207482 0.793078303 -0.326523334
  outer loop
   vertex 35890.2617 35883.2695 31660.291
   vertex 35967.9531 35814.5977 31615.8457
   vertex 35902.8203 35848.625 31595.9258
  endloop
 endfacet
facet normal 0.354777843 0.903152287 0.241761521
  outer loop
   vertex 35471.8789 35438.332 31543.5605
   vertex 35549.2422 35401.2109 31568.7012
   vertex 35473.6797 35448.2734 31503.7695
  endloop
 endfacet
facet normal 0.668706656 0.71102947 -0.217413113
  outer loop
   vertex 35967.9531 35814.5977 31615.8457
   vertex 36034.3203 35778.4688 31701.8262
   vertex 36138.9688 35629.0234 31534.9492
  endloop
 endfacet
facet normal 0.489592433 0.807325065 0.32943204
  outer loop
   vertex 36239.875 35600.2539 31766.5508
   vertex 36482.8594 35375.2227 31956.9082
   vertex 36503.1914 35450.2188 31742.8984
  endloop
 endfacet
facet normal 0.407629162 0.804919541 0.431211114
  outer loop
   vertex 36239.875 35600.2539 31766.5508
   vertex 36141.2812 35570.7188 31914.8828
   vertex 36482.8594 35375.2227 31956.9082
  endloop
 endfacet
facet normal 0.435326636 0.830315411 -0.347946942
  outer loop
   vertex 36626.7266 35359.5703 31558.0645
   vertex 36412.7422 35404.0938 31396.584
   vertex 36384.5586 35507.8984 31609.0352
  endloop
 endfacet
facet normal 0.0231463294 -0.983981431 -0.176761866
  outer loop
   vertex 39618.1016 35198.5977 30761.375
   vertex 39526.6719 35203.5352 30721.9316
   vertex 39530.4648 35210.4414 30683.9707
  endloop
 endfacet
facet normal 0.941422045 -0.23335813 -0.243451253
  outer loop
   vertex 39462.1211 35136.7773 30490.293
   vertex 39501.5859 35206.793 30575.7969
   vertex 39530.4648 35210.4414 30683.9707
  endloop
 endfacet
facet normal -0.363126576 0.880120635 -0.305821538
  outer loop
   vertex 35890.2617 35883.2695 31660.291
   vertex 35867.2461 35854.1133 31603.709
   vertex 35798.0156 35842.3633 31652.0996
  endloop
 endfacet
facet normal 0.24288395 0.62060833 -0.745555282
  outer loop
   vertex 35788.2891 35338.7539 31006.7715
   vertex 35802.9531 35445.5156 31100.4199
   vertex 35845.5117 35434.6992 31105.2773
  endloop
 endfacet
facet normal -0.705128849 0.639475882 -0.306372195
  outer loop
   vertex 35534.6172 35529.8672 31241.0898
   vertex 35502.9805 35514.3047 31281.4297
   vertex 35537.543 35574.5508 31327.6289
  endloop
 endfacet
facet normal -0.79897213 0.217142552 0.56079644
  outer loop
   vertex 35780.6406 35882.168 31721.5879
   vertex 35777.582 35825.4414 31739.1973
   vertex 35799.4141 35893.7969 31743.8301
  endloop
 endfacet
facet normal -0.975300193 0.215701923 -0.047563266
  outer loop
   vertex 35454.2344 35286.5625 31268.8906
   vertex 35469.4258 35388.1992 31418.3398
   vertex 35478.2188 35392.5586 31257.793
  endloop
 endfacet
facet normal 0.390558988 0.728093207 -0.563332915
  outer loop
   vertex 35598.9297 35226.1836 30913.5
   vertex 35550.3789 35318.3125 30998.9121
   vertex 35571.1562 35397.7148 31115.9473
  endloop
 endfacet
facet normal -0.846551061 0.498131454 -0.187660262
  outer loop
   vertex 35550.3789 35318.3125 30998.9121
   vertex 35531.3086 35289.1875 31007.6309
   vertex 35571.1562 35397.7148 31115.9473
  endloop
 endfacet
facet normal -0.115014888 0.760274112 -0.639339387
  outer loop
   vertex 35788.2891 35338.7539 31006.7715
   vertex 35571.1562 35397.7148 31115.9473
   vertex 35793.3555 35515.4844 31216.0215
  endloop
 endfacet
facet normal -0.810692728 0.266113549 -0.521498621
  outer loop
   vertex 35571.1562 35397.7148 31115.9473
   vertex 35478.2188 35392.5586 31257.793
   vertex 35502.9805 35514.3047 31281.4297
  endloop
 endfacet
facet normal -0.749751449 0.461244524 -0.474474728
  outer loop
   vertex 35571.1562 35397.7148 31115.9473
   vertex 35471.1875 35165.6211 31048.291
   vertex 35478.2188 35392.5586 31257.793
  endloop
 endfacet
facet normal -0.96283406 0.198707998 -0.182936475
  outer loop
   vertex 35471.1875 35165.6211 31048.291
   vertex 35454.2344 35286.5625 31268.8906
   vertex 35478.2188 35392.5586 31257.793
  endloop
 endfacet
facet normal -0.522268295 0.747203112 -0.411002874
  outer loop
   vertex 35799.4141 35893.7969 31743.8301
   vertex 35832.9883 35910.0547 31730.7207
   vertex 35798.0156 35842.3633 31652.0996
  endloop
 endfacet
facet normal 0.0398913249 0.871287823 -0.489148468
  outer loop
   vertex 35780.6406 35882.168 31721.5879
   vertex 35799.4141 35893.7969 31743.8301
   vertex 35798.0156 35842.3633 31652.0996
  endloop
 endfacet
facet normal -0.850052774 0.52669543 0.00147667259
  outer loop
   vertex 35677.6445 35648.7148 31431.2754
   vertex 35683.2148 35657.125 31636.5195
   vertex 35798.0156 35842.3633 31652.0996
  endloop
 endfacet
facet normal -0.622354329 0.782588303 -0.0151879303
  outer loop
   vertex 35677.6445 35648.7148 31431.2754
   vertex 35522.0391 35524.7812 31421.6836
   vertex 35683.2148 35657.125 31636.5195
  endloop
 endfacet
facet normal -0.55398792 0.488850713 -0.673886001
  outer loop
   vertex 35867.2461 35854.1133 31603.709
   vertex 35890.1641 35735.9805 31499.1758
   vertex 35798.0156 35842.3633 31652.0996
  endloop
 endfacet
facet normal -0.122961849 0.778414667 -0.615589917
  outer loop
   vertex 35677.6445 35648.7148 31431.2754
   vertex 35798.0156 35842.3633 31652.0996
   vertex 35890.1641 35735.9805 31499.1758
  endloop
 endfacet
facet normal -0.146092772 0.804121971 -0.576233268
  outer loop
   vertex 35677.6445 35648.7148 31431.2754
   vertex 35890.1641 35735.9805 31499.1758
   vertex 35793.3555 35515.4844 31216.0215
  endloop
 endfacet
facet normal -0.972533166 -0.0196014475 -0.231937543
  outer loop
   vertex 35798.0156 35842.3633 31652.0996
   vertex 35777.582 35825.4414 31739.1973
   vertex 35780.6406 35882.168 31721.5879
  endloop
 endfacet
facet normal -0.842598379 0.530160785 -0.0946441516
  outer loop
   vertex 35777.582 35825.4414 31739.1973
   vertex 35798.0156 35842.3633 31652.0996
   vertex 35683.2148 35657.125 31636.5195
  endloop
 endfacet
facet normal -0.606907666 0.739476383 0.291269302
  outer loop
   vertex 35522.0391 35524.7812 31421.6836
   vertex 35677.6445 35648.7148 31431.2754
   vertex 35537.543 35574.5508 31327.6289
  endloop
 endfacet
facet normal -0.551583767 0.4923338 0.673322141
  outer loop
   vertex 35819.1953 35852.6328 31790.1328
   vertex 35840.1992 35899.8438 31772.8184
   vertex 35799.4141 35893.7969 31743.8301
  endloop
 endfacet
facet normal 0.423526347 0.778716683 -0.462845266
  outer loop
   vertex 35949.918 35865.6836 31685.2988
   vertex 35967.9531 35814.5977 31615.8457
   vertex 35890.2617 35883.2695 31660.291
  endloop
 endfacet
facet normal 0.494252652 0.587265432 0.640963018
  outer loop
   vertex 35906.918 35876.7344 31742.5449
   vertex 35840.1992 35899.8438 31772.8184
   vertex 35876.6641 35835.4414 31803.707
  endloop
 endfacet
facet normal -0.307342589 0.366059572 0.87837404
  outer loop
   vertex 36482.8594 35375.2227 31956.9082
   vertex 36657.0469 35166.2148 32104.959
   vertex 36666.2266 35272.3398 32063.9434
  endloop
 endfacet
facet normal 0.157565147 0.654881358 0.739123583
  outer loop
   vertex 36482.8594 35375.2227 31956.9082
   vertex 36390.3555 35265.5625 32073.7891
   vertex 36657.0469 35166.2148 32104.959
  endloop
 endfacet
facet normal 0.484098256 0.874547958 -0.0285438783
  outer loop
   vertex 35890.2617 35883.2695 31660.291
   vertex 35852.2969 35905.6641 31702.5742
   vertex 35906.918 35876.7344 31742.5449
  endloop
 endfacet
facet normal 0.390832037 0.911815345 0.1258692
  outer loop
   vertex 35832.9883 35910.0547 31730.7207
   vertex 35906.918 35876.7344 31742.5449
   vertex 35852.2969 35905.6641 31702.5742
  endloop
 endfacet
facet normal 0.0317590795 0.999490321 -0.00323290797
  outer loop
   vertex 39476.9258 35211.8359 30588.9062
   vertex 39371.5 35215.3828 30649.3184
   vertex 39530.4648 35210.4414 30683.9707
  endloop
 endfacet
facet normal 0.413577735 0.646521389 0.641064346
  outer loop
   vertex 35906.918 35876.7344 31742.5449
   vertex 35876.6641 35835.4414 31803.707
   vertex 36001.8945 35738.5977 31820.584
  endloop
 endfacet
facet normal 0.636810362 0.661560297 0.395993054
  outer loop
   vertex 36034.3203 35778.4688 31701.8262
   vertex 35906.918 35876.7344 31742.5449
   vertex 36001.8945 35738.5977 31820.584
  endloop
 endfacet
facet normal 0.345954478 0.909511685 0.230442971
  outer loop
   vertex 36792.0156 35308.1367 31757.5527
   vertex 36482.8594 35375.2227 31956.9082
   vertex 36849.8281 35220.4141 32016.9941
  endloop
 endfacet
facet normal -0.200640783 0.368217021 0.907832325
  outer loop
   vertex 36713.332 35242.1641 32086.5938
   vertex 36666.2266 35272.3398 32063.9434
   vertex 36657.0469 35166.2148 32104.959
  endloop
 endfacet
facet normal -0.312406451 0.107459821 0.943850935
  outer loop
   vertex 35983.8906 35255.4609 31965.0996
   vertex 36157.8945 35356.4375 32011.1973
   vertex 35898.4102 35447.4727 31914.9453
  endloop
 endfacet
facet normal 0.30969882 0.748177886 -0.586784899
  outer loop
   vertex 36571.6875 35231.3945 31222.7188
   vertex 36451.043 35192.9375 31110.0117
   vertex 36310.5195 35307.6641 31182.125
  endloop
 endfacet
facet normal -0.773519278 0.0403668955 0.632485926
  outer loop
   vertex 35734.5273 35374.6211 31796.998
   vertex 35705.6211 35544.1719 31750.8242
   vertex 35549.2422 35401.2109 31568.7012
  endloop
 endfacet
facet normal 0.401845872 0.851595163 0.336608887
  outer loop
   vertex 36482.8594 35375.2227 31956.9082
   vertex 36792.0156 35308.1367 31757.5527
   vertex 36503.1914 35450.2188 31742.8984
  endloop
 endfacet
facet normal 0.490128517 0.869605362 -0.0596704781
  outer loop
   vertex 36384.5586 35507.8984 31609.0352
   vertex 36239.875 35600.2539 31766.5508
   vertex 36503.1914 35450.2188 31742.8984
  endloop
 endfacet
facet normal -0.102500625 0.382393926 0.918296516
  outer loop
   vertex 35876.6641 35835.4414 31803.707
   vertex 35840.1992 35899.8438 31772.8184
   vertex 35819.1953 35852.6328 31790.1328
  endloop
 endfacet
facet normal 0.290341467 0.64044261 0.71100992
  outer loop
   vertex 36001.8945 35738.5977 31820.584
   vertex 35991.6133 35662.8008 31893.0566
   vertex 36141.2812 35570.7188 31914.8828
  endloop
 endfacet
facet normal 0.329438716 0.896223545 0.297074854
  outer loop
   vertex 36482.8594 35375.2227 31956.9082
   vertex 36666.2266 35272.3398 32063.9434
   vertex 36849.8281 35220.4141 32016.9941
  endloop
 endfacet
facet normal 0.0792339221 0.694927633 0.714701056
  outer loop
   vertex 36390.3555 35265.5625 32073.7891
   vertex 36482.8594 35375.2227 31956.9082
   vertex 36157.8945 35356.4375 32011.1973
  endloop
 endfacet
facet normal -0.172121078 0.188084245 0.966953278
  outer loop
   vertex 35819.1953 35852.6328 31790.1328
   vertex 35845.5586 35684.6172 31827.5078
   vertex 35876.6641 35835.4414 31803.707
  endloop
 endfacet
facet normal -0.0108378772 0.158046648 0.98737216
  outer loop
   vertex 36001.8945 35738.5977 31820.584
   vertex 35876.6641 35835.4414 31803.707
   vertex 35845.5586 35684.6172 31827.5078
  endloop
 endfacet
facet normal -0.207771823 0.690574825 0.692775071
  outer loop
   vertex 35991.6133 35662.8008 31893.0566
   vertex 36001.8945 35738.5977 31820.584
   vertex 35845.5586 35684.6172 31827.5078
  endloop
 endfacet
facet normal 0.343808323 0.844662368 0.410294145
  outer loop
   vertex 36849.8281 35220.4141 32016.9941
   vertex 36666.2266 35272.3398 32063.9434
   vertex 36713.332 35242.1641 32086.5938
  endloop
 endfacet
facet normal -0.721342444 0.416717559 0.553183079
  outer loop
   vertex 35845.5586 35684.6172 31827.5078
   vertex 35683.2148 35657.125 31636.5195
   vertex 35705.6211 35544.1719 31750.8242
  endloop
 endfacet
facet normal -0.763953447 0.0352760293 0.644306421
  outer loop
   vertex 35845.5586 35684.6172 31827.5078
   vertex 35777.582 35825.4414 31739.1973
   vertex 35683.2148 35657.125 31636.5195
  endloop
 endfacet
facet normal -0.063472636 0.450858712 0.890335679
  outer loop
   vertex 36284.2852 35232.7539 32082.8418
   vertex 36390.3555 35265.5625 32073.7891
   vertex 36157.8945 35356.4375 32011.1973
  endloop
 endfacet
facet normal -0.306610256 0.123865388 0.943741202
  outer loop
   vertex 36157.8945 35356.4375 32011.1973
   vertex 36000.0273 35564.0117 31932.6641
   vertex 35898.4102 35447.4727 31914.9453
  endloop
 endfacet
facet normal -0.407252759 0.309518218 0.859269261
  outer loop
   vertex 36157.8945 35356.4375 32011.1973
   vertex 35983.8906 35255.4609 31965.0996
   vertex 36094.2734 35229.4609 32026.7832
  endloop
 endfacet
facet normal 0.0943036154 0.414222777 0.905276954
  outer loop
   vertex 36000.0273 35564.0117 31932.6641
   vertex 36157.8945 35356.4375 32011.1973
   vertex 36141.2812 35570.7188 31914.8828
  endloop
 endfacet
facet normal 0.0979991034 0.377528995 0.920797527
  outer loop
   vertex 36000.0273 35564.0117 31932.6641
   vertex 36141.2812 35570.7188 31914.8828
   vertex 35991.6133 35662.8008 31893.0566
  endloop
 endfacet
facet normal -0.463510782 0.0391056426 0.885227919
  outer loop
   vertex 36284.2852 35232.7539 32082.8418
   vertex 36157.8945 35356.4375 32011.1973
   vertex 36213.6367 35136.2812 32050.1094
  endloop
 endfacet
facet normal -0.0705512017 0.156265154 0.985192239
  outer loop
   vertex 36094.2734 35229.4609 32026.7832
   vertex 36213.6367 35136.2812 32050.1094
   vertex 36157.8945 35356.4375 32011.1973
  endloop
 endfacet
facet normal -0.659365356 -0.0703586191 0.748523176
  outer loop
   vertex 35775.2578 35215.1289 31817.8867
   vertex 35847.6641 35274.9023 31887.2852
   vertex 35734.5273 35374.6211 31796.998
  endloop
 endfacet
facet normal -0.781174302 -0.119240008 0.612820208
  outer loop
   vertex 35668.4883 35147.6836 31668.6602
   vertex 35775.2578 35215.1289 31817.8867
   vertex 35734.5273 35374.6211 31796.998
  endloop
 endfacet
facet normal -0.597261906 0.0472943634 0.800650656
  outer loop
   vertex 35847.6641 35274.9023 31887.2852
   vertex 35898.4102 35447.4727 31914.9453
   vertex 35734.5273 35374.6211 31796.998
  endloop
 endfacet
facet normal -0.777540922 -0.122535557 0.616778016
  outer loop
   vertex 35668.4883 35147.6836 31668.6602
   vertex 35734.5273 35374.6211 31796.998
   vertex 35549.2422 35401.2109 31568.7012
  endloop
 endfacet
facet normal -0.688156843 0.333999068 0.644115508
  outer loop
   vertex 35845.5586 35684.6172 31827.5078
   vertex 35705.6211 35544.1719 31750.8242
   vertex 35784.0508 35528.2695 31842.8652
  endloop
 endfacet
facet normal -0.564077079 -0.063935779 0.823243141
  outer loop
   vertex 35734.5273 35374.6211 31796.998
   vertex 35898.4102 35447.4727 31914.9453
   vertex 35784.0508 35528.2695 31842.8652
  endloop
 endfacet
facet normal -0.390081495 0.240760684 0.888746738
  outer loop
   vertex 35845.5586 35684.6172 31827.5078
   vertex 35784.0508 35528.2695 31842.8652
   vertex 35898.4102 35447.4727 31914.9453
  endloop
 endfacet
facet normal 0.284418553 0.942054033 -0.177877143
  outer loop
   vertex 39618.1016 35198.5977 30761.375
   vertex 39530.4648 35210.4414 30683.9707
   vertex 39598.5547 35210.5117 30793.2188
  endloop
 endfacet
facet normal 0.374270082 0.924541175 -0.0717323422
  outer loop
   vertex 36792.1562 35295.625 31597.0254
   vertex 36626.7266 35359.5703 31558.0645
   vertex 36792.0156 35308.1367 31757.5527
  endloop
 endfacet
facet normal 0.442807168 0.885856152 -0.138494372
  outer loop
   vertex 36503.1914 35450.2188 31742.8984
   vertex 36792.0156 35308.1367 31757.5527
   vertex 36626.7266 35359.5703 31558.0645
  endloop
 endfacet
facet normal 0.508160949 0.857455373 -0.0808871239
  outer loop
   vertex 36626.7266 35359.5703 31558.0645
   vertex 36384.5586 35507.8984 31609.0352
   vertex 36503.1914 35450.2188 31742.8984
  endloop
 endfacet
facet normal 0.427110821 0.840106964 -0.334359974
  outer loop
   vertex 36678.3945 35238.1602 31319.0117
   vertex 36412.7422 35404.0938 31396.584
   vertex 36626.7266 35359.5703 31558.0645
  endloop
 endfacet
facet normal -0.9116292 0.35619542 -0.205078006
  outer loop
   vertex 35522.0391 35524.7812 31421.6836
   vertex 35469.4258 35388.1992 31418.3398
   vertex 35473.6797 35448.2734 31503.7695
  endloop
 endfacet
facet normal -0.932023227 0.360040605 -0.0412732847
  outer loop
   vertex 35478.2188 35392.5586 31257.793
   vertex 35469.4258 35388.1992 31418.3398
   vertex 35522.0391 35524.7812 31421.6836
  endloop
 endfacet
facet normal -0.967532933 0.226888776 -0.111361958
  outer loop
   vertex 35469.4258 35388.1992 31418.3398
   vertex 35467.5938 35430.1016 31519.6406
   vertex 35473.6797 35448.2734 31503.7695
  endloop
 endfacet
facet normal 0.166799217 0.984263778 -0.0583337955
  outer loop
   vertex 39416.8594 35219.8359 31060.7285
   vertex 39319.3711 35230.8906 30968.4355
   vertex 39375.7344 35228.082 31082.2676
  endloop
 endfacet
facet normal -0.0159344282 0.999835789 0.00863382127
  outer loop
   vertex 39319.3711 35230.8906 30968.4355
   vertex 39069.4062 35227.8633 30857.4297
   vertex 38995.4297 35224.7305 31083.8164
  endloop
 endfacet
facet normal -0.0891838521 0.754265487 0.650484324
  outer loop
   vertex 35549.2422 35401.2109 31568.7012
   vertex 35522.0391 35524.7812 31421.6836
   vertex 35473.6797 35448.2734 31503.7695
  endloop
 endfacet
facet normal -0.162213027 0.882977545 0.440496951
  outer loop
   vertex 35522.0391 35524.7812 31421.6836
   vertex 35537.543 35574.5508 31327.6289
   vertex 35496.4102 35559.7266 31342.2031
  endloop
 endfacet
facet normal -0.934439361 0.35315299 0.0458918959
  outer loop
   vertex 35467.5938 35430.1016 31519.6406
   vertex 35471.8789 35438.332 31543.5605
   vertex 35473.6797 35448.2734 31503.7695
  endloop
 endfacet
facet normal -0.929225624 -0.337046534 0.151457489
  outer loop
   vertex 35502.9805 35514.3047 31281.4297
   vertex 35522.0391 35524.7812 31421.6836
   vertex 35496.4102 35559.7266 31342.2031
  endloop
 endfacet
facet normal -0.148349375 0.880741596 -0.449762911
  outer loop
   vertex 35534.6172 35529.8672 31241.0898
   vertex 35537.543 35574.5508 31327.6289
   vertex 35607.043 35552.5625 31261.6426
  endloop
 endfacet
facet normal -0.00866280589 0.686299145 -0.727267802
  outer loop
   vertex 35571.1562 35397.7148 31115.9473
   vertex 35534.6172 35529.8672 31241.0898
   vertex 35607.043 35552.5625 31261.6426
  endloop
 endfacet
facet normal -0.0398311689 0.689597487 -0.723096669
  outer loop
   vertex 35571.1562 35397.7148 31115.9473
   vertex 35607.043 35552.5625 31261.6426
   vertex 35793.3555 35515.4844 31216.0215
  endloop
 endfacet
facet normal 0.0470107906 0.860479414 -0.507311702
  outer loop
   vertex 35677.6445 35648.7148 31431.2754
   vertex 35793.3555 35515.4844 31216.0215
   vertex 35607.043 35552.5625 31261.6426
  endloop
 endfacet
facet normal -0.140716717 0.88528955 -0.443239421
  outer loop
   vertex 35677.6445 35648.7148 31431.2754
   vertex 35607.043 35552.5625 31261.6426
   vertex 35537.543 35574.5508 31327.6289
  endloop
 endfacet
facet normal 0.398697883 0.751773417 -0.525239706
  outer loop
   vertex 36138.9688 35629.0234 31534.9492
   vertex 36001.7109 35564.4102 31338.2812
   vertex 35890.1641 35735.9805 31499.1758
  endloop
 endfacet
facet normal 0.370872796 0.636556208 -0.676202297
  outer loop
   vertex 36138.9688 35629.0234 31534.9492
   vertex 35890.1641 35735.9805 31499.1758
   vertex 35967.9531 35814.5977 31615.8457
  endloop
 endfacet
facet normal 0.490130067 0.535593092 -0.687686384
  outer loop
   vertex 35902.8203 35848.625 31595.9258
   vertex 35967.9531 35814.5977 31615.8457
   vertex 35890.1641 35735.9805 31499.1758
  endloop
 endfacet
facet normal 0.204809785 0.737093449 -0.644007981
  outer loop
   vertex 35890.1641 35735.9805 31499.1758
   vertex 36001.7109 35564.4102 31338.2812
   vertex 35793.3555 35515.4844 31216.0215
  endloop
 endfacet
facet normal 0.196642041 0.747649252 -0.63431263
  outer loop
   vertex 36017.2188 35382.1797 31128.2969
   vertex 35793.3555 35515.4844 31216.0215
   vertex 36001.7109 35564.4102 31338.2812
  endloop
 endfacet
facet normal 0.315594524 0.831196964 -0.457724512
  outer loop
   vertex 35845.5117 35434.6992 31105.2773
   vertex 35793.3555 35515.4844 31216.0215
   vertex 36017.2188 35382.1797 31128.2969
  endloop
 endfacet
facet normal 0.267140388 0.834078908 -0.48264724
  outer loop
   vertex 35802.9531 35445.5156 31100.4199
   vertex 35793.3555 35515.4844 31216.0215
   vertex 35845.5117 35434.6992 31105.2773
  endloop
 endfacet
facet normal 0.219472021 0.974535525 0.0459623858
  outer loop
   vertex 39416.8594 35219.8359 31060.7285
   vertex 39375.7344 35228.082 31082.2676
   vertex 39389.4297 35223.6094 31111.707
  endloop
 endfacet
facet normal -0.525994658 0.769787312 0.361603558
  outer loop
   vertex 39389.4297 35223.6094 31111.707
   vertex 39375.7344 35228.082 31082.2676
   vertex 39377.5664 35173.8359 31200.418
  endloop
 endfacet
facet normal -0.0176370908 0.999766707 0.0124697629
  outer loop
   vertex 39319.3711 35230.8906 30968.4355
   vertex 39222.4023 35231.7812 30759.8672
   vertex 39069.4062 35227.8633 30857.4297
  endloop
 endfacet
facet normal -0.0638383329 0.997382939 0.0339400321
  outer loop
   vertex 39222.4023 35231.7812 30759.8672
   vertex 39319.3711 35230.8906 30968.4355
   vertex 39366.1094 35240.7344 30766.9941
  endloop
 endfacet
facet normal 0.307280958 0.746974647 -0.589582264
  outer loop
   vertex 36451.043 35192.9375 31110.0117
   vertex 36335.793 35209.1641 31070.502
   vertex 36310.5195 35307.6641 31182.125
  endloop
 endfacet
facet normal -0.633534491 0.699367344 0.330937177
  outer loop
   vertex 39319.3711 35230.8906 30968.4355
   vertex 39377.5664 35173.8359 31200.418
   vertex 39375.7344 35228.082 31082.2676
  endloop
 endfacet
facet normal 0.499552011 0.861937582 0.086668171
  outer loop
   vertex 39319.3711 35230.8906 30968.4355
   vertex 39304.8438 35226.8594 31092.2266
   vertex 39377.5664 35173.8359 31200.418
  endloop
 endfacet
facet normal 0.388274521 0.777196944 -0.4951846
  outer loop
   vertex 36176.5742 35471.5039 31317.209
   vertex 36138.9688 35629.0234 31534.9492
   vertex 36412.7422 35404.0938 31396.584
  endloop
 endfacet
facet normal -0.00354658696 0.999052703 0.0433722176
  outer loop
   vertex 38995.4297 35224.7305 31083.8164
   vertex 39218.6953 35224.0352 31118.0684
   vertex 39319.3711 35230.8906 30968.4355
  endloop
 endfacet
facet normal -0.0238536708 0.999273598 0.0297194179
  outer loop
   vertex 39304.8438 35226.8594 31092.2266
   vertex 39319.3711 35230.8906 30968.4355
   vertex 39218.6953 35224.0352 31118.0684
  endloop
 endfacet
facet normal 0.202087402 0.974575043 -0.0967683643
  outer loop
   vertex 39416.8594 35219.8359 31060.7285
   vertex 39617.7266 35167.9023 30957.1738
   vertex 39319.3711 35230.8906 30968.4355
  endloop
 endfacet
facet normal 0.313234508 0.80135411 -0.50962317
  outer loop
   vertex 36412.7422 35404.0938 31396.584
   vertex 36571.6875 35231.3945 31222.7188
   vertex 36310.5195 35307.6641 31182.125
  endloop
 endfacet
endsolid MATLAB_1
