solid MATLAB_1
facet normal -0.40331623 0.38993606 -0.827819943
  outer loop
   vertex 23689.4395 36226.6758 30043.832
   vertex 23675.5273 36241.332 30057.5137
   vertex 23741.2832 36276.4219 30042.0059
  endloop
 endfacet
facet normal -0.462799966 -0.26870808 -0.844755709
  outer loop
   vertex 23630.418 36312.5859 30118.25
   vertex 23556.7773 36529.2461 30089.6777
   vertex 23634.959 36640.5 30011.457
  endloop
 endfacet
facet normal -0.523069561 0.760947943 -0.383870393
  outer loop
   vertex 26419.916 41405.6602 33070.5977
   vertex 26499.252 41417.0391 32985.0391
   vertex 26428.1543 41326.0547 32901.5664
  endloop
 endfacet
facet normal -0.935895026 -0.323550105 -0.139340654
  outer loop
   vertex 23539.0605 36401.6953 30304.9395
   vertex 23426.7129 36715.5391 30330.7832
   vertex 23507.4219 36548.7344 30176.0254
  endloop
 endfacet
facet normal -0.767192841 -0.627562702 -0.132590473
  outer loop
   vertex 23615.4277 36273.1992 30534.127
   vertex 23447.1172 36445.6172 30691.9375
   vertex 23432.5898 36485.5117 30587.1523
  endloop
 endfacet
facet normal -0.85055083 -0.0222459547 0.525422096
  outer loop
   vertex 23661.3262 36884.6211 32713.1133
   vertex 23735.2656 36827.8516 32830.4023
   vertex 23682.2246 37097.832 32755.9688
  endloop
 endfacet
facet normal -0.874882638 -0.40463233 0.266182303
  outer loop
   vertex 23645.9141 36557.75 32376.3691
   vertex 23539.4551 36772.7305 32353.2598
   vertex 23473.2227 36746.8711 32096.2559
  endloop
 endfacet
facet normal 0.453188241 0.876363575 -0.163117468
  outer loop
   vertex 24212.002 37678.8203 31103.207
   vertex 24060.3398 37766.5508 31153.1875
   vertex 24093.3008 37771.0508 31268.9453
  endloop
 endfacet
facet normal 0.405397296 0.890774071 -0.205364406
  outer loop
   vertex 24191.8418 37721.625 31249.0801
   vertex 24212.002 37678.8203 31103.207
   vertex 24093.3008 37771.0508 31268.9453
  endloop
 endfacet
facet normal -0.790379643 0.57649672 -0.207247525
  outer loop
   vertex 24222.209 38637.4648 32653.543
   vertex 24110.7988 38456.2656 32574.3867
   vertex 24166.2656 38598.4883 32758.4785
  endloop
 endfacet
facet normal 0.868722916 -0.366377532 -0.333298683
  outer loop
   vertex 25169.8086 38843.793 33041.7891
   vertex 24999.7363 38616.1055 32848.793
   vertex 25125.8438 38879.7734 32887.6445
  endloop
 endfacet
facet normal 0.533470929 -0.614228785 -0.581490993
  outer loop
   vertex 26169.125 40001.125 33030.3047
   vertex 25900.1914 39814.6562 32980.543
   vertex 25998.8008 39993.7344 32881.8516
  endloop
 endfacet
facet normal 0.318241268 0.0204345919 -0.94778949
  outer loop
   vertex 23894.6172 37193.2695 29897.7949
   vertex 23849.5156 37272.2656 29884.3535
   vertex 23892.8359 37286.5391 29899.207
  endloop
 endfacet
facet normal 0.094043225 0.974594057 0.203278884
  outer loop
   vertex 23696.2168 37643.4609 30646.5117
   vertex 23656.3418 37639.4844 30684.0234
   vertex 23651.75 37626.3906 30748.9238
  endloop
 endfacet
facet normal -0.758698046 0.64689815 0.0768114403
  outer loop
   vertex 23628.3887 37607.9688 30673.3418
   vertex 23651.75 37626.3906 30748.9238
   vertex 23656.3418 37639.4844 30684.0234
  endloop
 endfacet
facet normal -0.813920021 0.57046181 -0.110034004
  outer loop
   vertex 23387.2246 37358.8906 30877.7363
   vertex 23308.7559 37277.8203 31037.8652
   vertex 23441.3145 37481.0234 31110.8105
  endloop
 endfacet
facet normal 0.21824801 0.357036173 0.908236206
  outer loop
   vertex 28611.0996 42580.3906 33182.0312
   vertex 28537.2324 42472.8867 33242.043
   vertex 28671.75 42501.0117 33198.6602
  endloop
 endfacet
facet normal -0.679797828 0.712097526 -0.175476715
  outer loop
   vertex 29220.3145 43192.4375 32336.2539
   vertex 29217.8184 43239.1914 32535.6562
   vertex 29347.9727 43335.3125 32421.4961
  endloop
 endfacet
facet normal 0.0718254 -0.297603101 0.951983988
  outer loop
   vertex 30122.5645 43438.5273 33156.2695
   vertex 30057.9453 43584.0312 33206.6328
   vertex 30027.8945 43428.6016 33160.3086
  endloop
 endfacet
facet normal -0.374411553 0.788080871 -0.488614887
  outer loop
   vertex 30161.5488 43917.8984 32905.1055
   vertex 30030.0254 43856.8086 32907.3555
   vertex 30112.0938 43951.2617 32996.8086
  endloop
 endfacet
facet normal -0.0562081672 -0.66110605 -0.748184085
  outer loop
   vertex 27860.3789 41669.6094 32555.9883
   vertex 28049.7832 41662.0781 32548.4141
   vertex 27974.8105 41516.5156 32682.666
  endloop
 endfacet
facet normal -0.727857947 0.577183366 -0.370246083
  outer loop
   vertex 27829.9453 42217.4922 32749.6074
   vertex 27913.2969 42249.9648 32636.373
   vertex 27801.3828 42097.8516 32619.2441
  endloop
 endfacet
facet normal -0.773101628 0.593866825 -0.222791553
  outer loop
   vertex 27880.8203 42183.9414 32573.0762
   vertex 27801.3828 42097.8516 32619.2441
   vertex 27913.2969 42249.9648 32636.373
  endloop
 endfacet
facet normal -0.476989418 0.241598293 0.84505111
  outer loop
   vertex 25880.7207 40561.6602 33733.082
   vertex 25868.0762 40645.6953 33701.9219
   vertex 25705.8262 40490.6758 33654.6562
  endloop
 endfacet
facet normal -0.108353242 0.211878181 0.971270919
  outer loop
   vertex 25929.8008 40430.2734 33757.168
   vertex 26044.0254 40378.9648 33781.1055
   vertex 26129.168 40481.5312 33768.2305
  endloop
 endfacet
facet normal -0.2285669 -0.213279888 0.949878335
  outer loop
   vertex 24171.0781 37540.9766 33169.3203
   vertex 24393.1191 37670.125 33251.7461
   vertex 24241.6504 37880.0195 33262.4297
  endloop
 endfacet
facet normal 0.712385535 -0.396039456 0.579361379
  outer loop
   vertex 25065.2988 38702.3594 33260.1992
   vertex 25022.1582 38826.6016 33398.1719
   vertex 24940.2031 38553.5508 33312.2969
  endloop
 endfacet
facet normal -0.785024941 0.505744278 0.357712984
  outer loop
   vertex 24186.0898 38509.8047 33148.5312
   vertex 24254.7559 38598.5234 33173.793
   vertex 24175.8379 38551.043 33067.7305
  endloop
 endfacet
facet normal -0.672887444 0.332677126 0.660718083
  outer loop
   vertex 24186.0898 38509.8047 33148.5312
   vertex 24223.4629 38464.668 33209.3164
   vertex 24254.7559 38598.5234 33173.793
  endloop
 endfacet
facet normal 0.621264875 -0.193420351 -0.759354055
  outer loop
   vertex 24034.9707 36582.793 29999.4395
   vertex 24138.0762 36504.168 30103.8242
   vertex 23980.5898 36306.6562 30025.2852
  endloop
 endfacet
facet normal -0.482298076 0.299381614 -0.823261321
  outer loop
   vertex 23696.2168 37643.4609 30646.5117
   vertex 23628.3887 37607.9688 30673.3418
   vertex 23657.9199 37640.7148 30667.9492
  endloop
 endfacet
facet normal 0.655683398 0.637444019 -0.4046534
  outer loop
   vertex 24249.1387 37738.9219 31630.6133
   vertex 24148.4766 37770.4141 31517.1094
   vertex 24169.7637 37856.4219 31687.0898
  endloop
 endfacet
facet normal -0.570216298 0.427766591 -0.701333821
  outer loop
   vertex 28145.9609 42261.6719 32406.8008
   vertex 28052.9258 42134.25 32404.7246
   vertex 27958.9492 42181.1758 32509.7539
  endloop
 endfacet
facet normal -0.247769639 -0.00367346499 -0.968811989
  outer loop
   vertex 23758.9668 36862.7031 29916.7773
   vertex 23647.9629 36858.2344 29945.1816
   vertex 23669.8301 37039.4727 29938.9023
  endloop
 endfacet
facet normal -0.875297725 -0.335679084 -0.348099738
  outer loop
   vertex 23426.7129 36715.5391 30330.7832
   vertex 23459.9414 36496.9258 30458.0469
   vertex 23357.916 36671.582 30546.1602
  endloop
 endfacet
facet normal -0.910365999 -0.302647859 -0.282202095
  outer loop
   vertex 23426.7129 36715.5391 30330.7832
   vertex 23539.0605 36401.6953 30304.9395
   vertex 23459.9414 36496.9258 30458.0469
  endloop
 endfacet
facet normal -0.886530459 -0.405046284 -0.223609507
  outer loop
   vertex 23459.9414 36496.9258 30458.0469
   vertex 23432.5898 36485.5117 30587.1523
   vertex 23357.916 36671.582 30546.1602
  endloop
 endfacet
facet normal -0.652879894 0.111354351 -0.749231637
  outer loop
   vertex 23550.7324 37075.6484 30048.0625
   vertex 23669.8301 37039.4727 29938.9023
   vertex 23588.1191 36888.207 29987.625
  endloop
 endfacet
facet normal -0.937754333 0.0688545629 -0.340405434
  outer loop
   vertex 23287.873 36883.0625 30646.8008
   vertex 23337.1289 36898.0312 30514.1387
   vertex 23303.5137 36796.8398 30586.2734
  endloop
 endfacet
facet normal -0.897538781 0.24853766 -0.364215821
  outer loop
   vertex 23449.5879 37132.1016 30212.7949
   vertex 23491.7793 37229.9453 30175.5918
   vertex 23488.2148 37141.5391 30124.0488
  endloop
 endfacet
facet normal -0.676849663 0.718054116 -0.162088975
  outer loop
   vertex 23651.75 37626.3906 30748.9238
   vertex 23522.959 37495.7188 30707.8477
   vertex 23541.1562 37542.1055 30837.3496
  endloop
 endfacet
facet normal -0.719569743 0.692345321 0.0536403134
  outer loop
   vertex 23651.75 37626.3906 30748.9238
   vertex 23628.3887 37607.9688 30673.3418
   vertex 23522.959 37495.7188 30707.8477
  endloop
 endfacet
facet normal 0.0169375669 0.0582609475 -0.99815768
  outer loop
   vertex 23894.6172 37193.2695 29897.7949
   vertex 23781.0215 37089.0391 29889.7832
   vertex 23791.6758 37244.5312 29899.0391
  endloop
 endfacet
facet normal 0.707497001 0.641810596 -0.295849919
  outer loop
   vertex 23980.5898 36306.6562 30025.2852
   vertex 24071.209 36251.4375 30122.2012
   vertex 24041.377 36238.918 30023.7012
  endloop
 endfacet
facet normal 0.645042241 -0.223797396 -0.730640292
  outer loop
   vertex 23980.5898 36306.6562 30025.2852
   vertex 24138.0762 36504.168 30103.8242
   vertex 24071.209 36251.4375 30122.2012
  endloop
 endfacet
facet normal 0.923525155 -0.382804513 0.0237056278
  outer loop
   vertex 24334.8242 37112.6523 31656.1953
   vertex 24224.7969 36853.9492 31765.0918
   vertex 24248.7559 36896.3633 31516.5898
  endloop
 endfacet
facet normal 0.840251684 -0.336757958 0.424936652
  outer loop
   vertex 24072.707 36379.6953 30950.0801
   vertex 24070.1816 36317.207 30905.5527
   vertex 24094.6211 36337.8633 30873.5957
  endloop
 endfacet
facet normal 0.944628477 -0.18929778 -0.268036276
  outer loop
   vertex 24402.7637 37248.8984 31799.4062
   vertex 24334.8242 37112.6523 31656.1953
   vertex 24376.9023 37318.3086 31659.2461
  endloop
 endfacet
facet normal -0.153313056 -0.451522112 0.878989697
  outer loop
   vertex 24089.6211 35970.1562 33234.2969
   vertex 24076.2812 35941.1562 33217.0742
   vertex 24108.6836 35955.9766 33230.3359
  endloop
 endfacet
facet normal -0.388832867 -0.913393676 0.120503254
  outer loop
   vertex 23502.043 36428.0859 30839.8027
   vertex 23795.1523 36299.1055 30807.9316
   vertex 23585.3867 36416.1875 31018.5254
  endloop
 endfacet
facet normal -0.598884344 0.800118506 -0.0338810906
  outer loop
   vertex 23629.3652 37626.2656 30878.9688
   vertex 23540.8125 37564.5703 30987.2285
   vertex 23669.8555 37660.7109 30976.6641
  endloop
 endfacet
facet normal -0.464406788 0.884456336 -0.0454237387
  outer loop
   vertex 23731.3027 37843.8438 31633.8145
   vertex 23688.7578 37818.0664 31566.8828
   vertex 23678.5293 37814.7891 31607.6289
  endloop
 endfacet
facet normal -0.903864205 -0.386588871 -0.183244616
  outer loop
   vertex 23352.1914 36605.8398 30713.0977
   vertex 23300.1191 36752.6523 30660.2168
   vertex 23357.916 36671.582 30546.1602
  endloop
 endfacet
facet normal -0.880541801 0.46980989 0.0626479015
  outer loop
   vertex 23732.084 37853.625 32586.0938
   vertex 23822.1035 38008.1523 32692.5352
   vertex 23899.5078 38174.832 32530.5078
  endloop
 endfacet
facet normal -0.844335616 0.480964988 0.236156821
  outer loop
   vertex 23730.127 37954.2773 32374.1055
   vertex 23732.084 37853.625 32586.0938
   vertex 23899.5078 38174.832 32530.5078
  endloop
 endfacet
facet normal -0.989353955 -0.144947097 0.013005469
  outer loop
   vertex 23199.2773 36889.9453 31318.3906
   vertex 23215.9141 36780.0195 31358.9277
   vertex 23207 36847.7344 31435.4434
  endloop
 endfacet
facet normal -0.768363118 -0.634223938 0.0858959407
  outer loop
   vertex 23368.5293 36568.418 31289.3027
   vertex 23364.123 36587.2617 31389.041
   vertex 23286.0605 36670.875 31308.1074
  endloop
 endfacet
facet normal 0.234956861 -0.888348639 -0.394502252
  outer loop
   vertex 24094.6211 36337.8633 30873.5957
   vertex 24070.1816 36317.207 30905.5527
   vertex 24007.0977 36310.6641 30882.7109
  endloop
 endfacet
facet normal 0.303480148 -0.94935298 0.0814171806
  outer loop
   vertex 24044.0938 36311.9961 30760.3418
   vertex 24094.6211 36337.8633 30873.5957
   vertex 24007.0977 36310.6641 30882.7109
  endloop
 endfacet
facet normal 0.617323756 -0.786691487 -0.00527752517
  outer loop
   vertex 24070.1953 36669.7109 31524.2129
   vertex 24183.5273 36759.75 31359.5332
   vertex 24151.0586 36733.4453 31482.9199
  endloop
 endfacet
facet normal 0.604953289 -0.7933954 0.0674922243
  outer loop
   vertex 24026.3633 36654.8242 31742.0645
   vertex 24070.1953 36669.7109 31524.2129
   vertex 24095.1172 36697.3008 31625.127
  endloop
 endfacet
facet normal 0.29755044 -0.942344368 0.15313673
  outer loop
   vertex 23941.5547 36555.1211 31342.7773
   vertex 23937.7578 36588.457 31555.2969
   vertex 23814.3281 36544.1406 31522.4023
  endloop
 endfacet
facet normal -0.533662915 -0.845683873 0.00475550815
  outer loop
   vertex 23622.752 36579.0664 31918.8965
   vertex 23616.1992 36583.7539 32016.9902
   vertex 23520.3398 36643.9609 31966.5527
  endloop
 endfacet
facet normal 0.855348587 -0.493885636 0.156383276
  outer loop
   vertex 24248.7559 36896.3633 31516.5898
   vertex 24158.6855 36759.6914 31577.6016
   vertex 24187.5508 36779.1758 31481.2559
  endloop
 endfacet
facet normal 0.408801347 -0.0846631229 0.90868783
  outer loop
   vertex 24285.3867 36557.3398 33165.3867
   vertex 24181.2734 36250.1055 33183.5977
   vertex 24340.2559 36428.457 33128.6914
  endloop
 endfacet
facet normal -0.852275372 -0.366319746 -0.373411983
  outer loop
   vertex 23784.0664 35998.207 32827.0586
   vertex 23746.75 36234.918 32680.0137
   vertex 23808.3828 36041.0859 32729.4922
  endloop
 endfacet
facet normal -0.944045901 0.315319359 -0.0967007875
  outer loop
   vertex 23775.1855 35956.4414 32777.5742
   vertex 23784.0664 35998.207 32827.0586
   vertex 23808.3828 36041.0859 32729.4922
  endloop
 endfacet
facet normal 0.11962679 -0.821819365 -0.557047904
  outer loop
   vertex 24044.7031 36363.4414 32498.4219
   vertex 23784.5684 36286.043 32556.7441
   vertex 23791.0762 36474.5312 32280.0605
  endloop
 endfacet
facet normal -0.699268341 -0.586136103 0.409228802
  outer loop
   vertex 23494.5918 36616.6523 31740.0977
   vertex 23340.5137 36672.8086 31557.252
   vertex 23429.8848 36606.6602 31615.2188
  endloop
 endfacet
facet normal -0.67877835 -0.0624582507 0.731682241
  outer loop
   vertex 23835.5566 37311.7148 32961.1523
   vertex 23821.625 37195.6523 32938.3203
   vertex 23884.0449 37286.1758 33003.9531
  endloop
 endfacet
facet normal 0.968170106 0.220223188 -0.11894723
  outer loop
   vertex 24490.5371 37232.3477 30668.4219
   vertex 24451.8809 37407.8047 30678.6172
   vertex 24480.3047 37344.2305 30792.2754
  endloop
 endfacet
facet normal -0.670530498 0.736741126 0.0871859565
  outer loop
   vertex 23689.793 37753.2461 31473.3926
   vertex 23516.7988 37610.3438 31350.4805
   vertex 23432.6445 37516.8984 31492.916
  endloop
 endfacet
facet normal -0.924071908 0.0115738306 0.382043451
  outer loop
   vertex 23252.084 36881.4766 31760.4746
   vertex 23263.5781 36884.7695 31788.1797
   vertex 23254.4883 36938.7383 31764.5547
  endloop
 endfacet
facet normal -0.69910109 0.698043942 -0.154894769
  outer loop
   vertex 23781.9004 37991.8633 32176.2246
   vertex 23627.541 37833.4258 32158.9043
   vertex 23677.2129 37905.0938 32257.6895
  endloop
 endfacet
facet normal -0.976724625 -0.0213961508 0.213427261
  outer loop
   vertex 23786.9805 36320.3164 32872.6836
   vertex 23746.75 36234.918 32680.0137
   vertex 23784.0664 35998.207 32827.0586
  endloop
 endfacet
facet normal 0.47927317 -0.556433678 -0.67873323
  outer loop
   vertex 23892.4531 35717.3164 33011.3789
   vertex 23849.543 35675.5781 33015.293
   vertex 23838.2461 35679.8438 33003.8203
  endloop
 endfacet
facet normal -0.867664754 0.104679696 0.486004144
  outer loop
   vertex 23627.0488 37279.8359 32661.377
   vertex 23680.7832 37418.9258 32727.3477
   vertex 23623.0078 37435.3789 32620.6602
  endloop
 endfacet
facet normal 0.908257127 -0.349725127 0.22969833
  outer loop
   vertex 24269.668 36854.0117 31288.252
   vertex 24293.9316 36851.3477 31188.2578
   vertex 24311.4043 36981.8203 31317.8145
  endloop
 endfacet
facet normal -0.93137455 0.353957206 0.0851809606
  outer loop
   vertex 23449.8359 37386 32166.3203
   vertex 23468.7559 37414.3359 32255.4297
   vertex 23503.2617 37502.3555 32266.9824
  endloop
 endfacet
facet normal -0.738340318 0.328891218 0.588798881
  outer loop
   vertex 24223.4629 38464.668 33209.3164
   vertex 24282.4707 38497.9414 33264.7305
   vertex 24254.7559 38598.5234 33173.793
  endloop
 endfacet
facet normal -0.573528349 -0.103772067 0.812586367
  outer loop
   vertex 24088.6035 37808.3906 33145.2578
   vertex 24171.0781 37540.9766 33169.3203
   vertex 24241.6504 37880.0195 33262.4297
  endloop
 endfacet
facet normal -0.646615803 -0.13182357 0.751339138
  outer loop
   vertex 24088.6035 37808.3906 33145.2578
   vertex 23934.043 37699.0859 32993.0625
   vertex 24171.0781 37540.9766 33169.3203
  endloop
 endfacet
facet normal -0.820582867 0.425315201 0.381773114
  outer loop
   vertex 24091.7656 38473.3477 32910.8125
   vertex 24042.4395 38326.957 32967.875
   vertex 24149.9727 38405.5938 33111.4023
  endloop
 endfacet
facet normal -0.898435354 0.264921576 0.350186288
  outer loop
   vertex 24175.8379 38551.043 33067.7305
   vertex 24091.7656 38473.3477 32910.8125
   vertex 24149.9727 38405.5938 33111.4023
  endloop
 endfacet
facet normal -0.882844388 0.361889601 0.299368858
  outer loop
   vertex 23900.5723 38183.0625 32723.3164
   vertex 23869.3574 38101.918 32729.3496
   vertex 23921.1836 38128.6992 32849.8203
  endloop
 endfacet
facet normal 0.324802488 -0.924627185 -0.198916927
  outer loop
   vertex 23940.8281 36552.0117 32080.2891
   vertex 23816.2285 36567.0703 31806.8398
   vertex 24026.3633 36654.8242 31742.0645
  endloop
 endfacet
facet normal -0.0439780764 0.220512837 -0.974392116
  outer loop
   vertex 24903.9355 39077.1445 32706.2617
   vertex 24772.5371 38662.2852 32618.3066
   vertex 24589.1641 38990.25 32700.8047
  endloop
 endfacet
facet normal -0.854743659 0.509718597 0.0979807675
  outer loop
   vertex 23979.1895 38338.9023 32649.9922
   vertex 23970.166 38297.6797 32785.7227
   vertex 24049.8613 38441.7383 32731.5312
  endloop
 endfacet
facet normal -0.91005826 -0.213077396 0.355516553
  outer loop
   vertex 23462.2773 37010.1406 32309.4316
   vertex 23437.9023 36953.0664 32212.8301
   vertex 23529.0059 36938.457 32437.2773
  endloop
 endfacet
facet normal -0.826368153 0.505708396 0.247739136
  outer loop
   vertex 23624.0527 37802.7344 32329.6309
   vertex 23732.084 37853.625 32586.0938
   vertex 23730.127 37954.2773 32374.1055
  endloop
 endfacet
facet normal -0.896776855 0.441718847 0.0259942003
  outer loop
   vertex 23899.5078 38174.832 32530.5078
   vertex 23822.1035 38008.1523 32692.5352
   vertex 23869.3574 38101.918 32729.3496
  endloop
 endfacet
facet normal -0.660977483 0.749642909 -0.0338267498
  outer loop
   vertex 24050.5703 38301.5156 32386.1562
   vertex 23968.4863 38228.6758 32375.877
   vertex 23899.5078 38174.832 32530.5078
  endloop
 endfacet
facet normal -0.933605969 0.289527804 -0.211077228
  outer loop
   vertex 23688.7578 37818.0664 31566.8828
   vertex 23689.793 37753.2461 31473.3926
   vertex 23678.5293 37814.7891 31607.6289
  endloop
 endfacet
facet normal -0.471548557 0.826058447 -0.308657378
  outer loop
   vertex 23838.2012 37690.1875 30574.6191
   vertex 23773.1445 37619.2461 30484.1484
   vertex 23808.4707 37686.543 30610.2852
  endloop
 endfacet
facet normal -0.648464978 0.750788748 -0.125735462
  outer loop
   vertex 23451.6582 37554.3359 31352.002
   vertex 23516.7988 37610.3438 31350.4805
   vertex 23480.1992 37562.0625 31250.9375
  endloop
 endfacet
facet normal -0.746237755 0.644962788 -0.164779469
  outer loop
   vertex 23540.8125 37564.5703 30987.2285
   vertex 23387.2246 37358.8906 30877.7363
   vertex 23441.3145 37481.0234 31110.8105
  endloop
 endfacet
facet normal -0.74598825 0.645373344 -0.164301008
  outer loop
   vertex 23528.6836 37575.2344 31084.1895
   vertex 23540.8125 37564.5703 30987.2285
   vertex 23441.3145 37481.0234 31110.8105
  endloop
 endfacet
facet normal -0.690370679 0.336039811 -0.640675902
  outer loop
   vertex 27801.3828 42097.8516 32619.2441
   vertex 27869.7188 42016.8555 32503.125
   vertex 27700.291 41834.9609 32590.291
  endloop
 endfacet
facet normal -0.607696295 0.314024866 -0.729447484
  outer loop
   vertex 27632.5117 41960.0391 32700.6016
   vertex 27801.3828 42097.8516 32619.2441
   vertex 27700.291 41834.9609 32590.291
  endloop
 endfacet
facet normal -0.595162809 0.758451879 -0.265578568
  outer loop
   vertex 23613.0957 37435.5234 30323.3848
   vertex 23819.5273 37583.1367 30282.332
   vertex 23662.9941 37424.5938 30180.3535
  endloop
 endfacet
facet normal -0.694954872 0.597411692 -0.400171161
  outer loop
   vertex 23662.9941 37424.5938 30180.3535
   vertex 23685.6016 37385.5391 30082.7832
   vertex 23569.5391 37263.5117 30102.168
  endloop
 endfacet
facet normal -0.415789276 0.908997715 -0.0290248804
  outer loop
   vertex 23696.2168 37643.4609 30646.5117
   vertex 23651.75 37626.3906 30748.9238
   vertex 23801.6074 37693.8984 30716.3633
  endloop
 endfacet
facet normal -0.881317019 0.314738631 -0.352448434
  outer loop
   vertex 23335.9121 37221.8906 30751.5801
   vertex 23360.666 37306.7734 30765.4824
   vertex 23400.4512 37328.9766 30685.8262
  endloop
 endfacet
facet normal 0.966127157 0.215394765 0.14213863
  outer loop
   vertex 24332.1309 37652.0078 30539.3652
   vertex 24324.9648 37600.6016 30665.9707
   vertex 24355.9922 37591.2148 30469.2949
  endloop
 endfacet
facet normal -0.0304347202 0.996843874 0.0733216405
  outer loop
   vertex 23656.3418 37639.4844 30684.0234
   vertex 23696.2168 37643.4609 30646.5117
   vertex 23657.9199 37640.7148 30667.9492
  endloop
 endfacet
facet normal -0.572152376 0.771847248 -0.277296692
  outer loop
   vertex 28924.9023 42947.6641 32265.1484
   vertex 28847.5938 42944.2539 32415.1641
   vertex 29038.3438 43072.707 32379.1289
  endloop
 endfacet
facet normal -0.551407218 0.753496468 -0.358040661
  outer loop
   vertex 28477.2852 42700.8438 32475.9746
   vertex 28585.8418 42782.8711 32481.4219
   vertex 28560.998 42698.8906 32342.9473
  endloop
 endfacet
facet normal -0.632202446 0.658987105 -0.40749985
  outer loop
   vertex 28419.2285 42583.2188 32375.8301
   vertex 28477.2852 42700.8438 32475.9746
   vertex 28560.998 42698.8906 32342.9473
  endloop
 endfacet
facet normal -0.545810401 0.637451172 -0.543826282
  outer loop
   vertex 28856.8301 42815.707 32160.3203
   vertex 28695.7734 42718.1797 32207.6445
   vertex 28790.9102 42859.2891 32277.5645
  endloop
 endfacet
facet normal -0.520412922 0.537383497 -0.663618386
  outer loop
   vertex 28695.7734 42718.1797 32207.6445
   vertex 28856.8301 42815.707 32160.3203
   vertex 28801.4141 42651.6562 32070.9316
  endloop
 endfacet
facet normal -0.511120021 0.857353806 -0.06083389
  outer loop
   vertex 28726.1875 42874.125 32588.3047
   vertex 28585.8418 42782.8711 32481.4219
   vertex 28526.0703 42758.5234 32640.4492
  endloop
 endfacet
facet normal -0.550429583 0.704600573 -0.447845221
  outer loop
   vertex 28560.998 42698.8906 32342.9473
   vertex 28689.959 42823.1875 32380
   vertex 28695.7734 42718.1797 32207.6445
  endloop
 endfacet
facet normal -0.60362941 0.725101352 -0.331450611
  outer loop
   vertex 28585.8418 42782.8711 32481.4219
   vertex 28689.959 42823.1875 32380
   vertex 28560.998 42698.8906 32342.9473
  endloop
 endfacet
facet normal -0.276504874 -0.200899288 -0.939778984
  outer loop
   vertex 28623.1855 42382.6602 32111.2441
   vertex 28730.5566 42494.5977 32055.7246
   vertex 28751.8027 42340.8125 32082.3477
  endloop
 endfacet
facet normal -0.112369455 0.703200758 -0.702055395
  outer loop
   vertex 26976.8242 41585.0039 32916.3594
   vertex 26973.7441 41628.5312 32960.4492
   vertex 27029.4629 41659.125 32982.1758
  endloop
 endfacet
facet normal -0.416237205 0.727560997 -0.545345366
  outer loop
   vertex 27913.2969 42249.9648 32636.373
   vertex 27958.9492 42181.1758 32509.7539
   vertex 27880.8203 42183.9414 32573.0762
  endloop
 endfacet
facet normal -0.537266135 0.822392225 -0.187125936
  outer loop
   vertex 23819.5273 37583.1367 30282.332
   vertex 23911.291 37657.4062 30345.2695
   vertex 23923.2539 37652 30287.166
  endloop
 endfacet
facet normal -0.336345583 0.815173447 -0.471554726
  outer loop
   vertex 23819.5273 37583.1367 30282.332
   vertex 23833.7227 37638.2773 30367.5273
   vertex 23911.291 37657.4062 30345.2695
  endloop
 endfacet
facet normal -0.0284468513 0.958435178 -0.283888638
  outer loop
   vertex 24187.4316 37640.3477 30281.2207
   vertex 24157.5918 37613.793 30194.5625
   vertex 24004.4316 37624.8398 30247.209
  endloop
 endfacet
facet normal -0.012111498 0.932832241 -0.360107362
  outer loop
   vertex 24187.4316 37640.3477 30281.2207
   vertex 24004.4316 37624.8398 30247.209
   vertex 24167.4141 37676.4453 30375.4023
  endloop
 endfacet
facet normal -0.118887201 -0.240674898 -0.963297188
  outer loop
   vertex 28565.4375 42046.3633 32226.9551
   vertex 28467.0977 42110.0273 32223.1855
   vertex 28647.2539 42112.1055 32200.4316
  endloop
 endfacet
facet normal 0.105005093 0.562226474 -0.820289791
  outer loop
   vertex 26053.959 41008.3555 32678.9316
   vertex 26102.7246 41151.043 32782.9727
   vertex 26214.5566 40972.3789 32674.8301
  endloop
 endfacet
facet normal -0.669077933 0.614763021 -0.417613626
  outer loop
   vertex 27691.5742 42094.5547 32790.3203
   vertex 27829.9453 42217.4922 32749.6074
   vertex 27801.3828 42097.8516 32619.2441
  endloop
 endfacet
facet normal -0.778499961 0.576875687 0.247289866
  outer loop
   vertex 25809.498 41198.1445 33094.8867
   vertex 25813.9258 41230.0508 33034.3945
   vertex 25793.8945 41205.7148 33028.1094
  endloop
 endfacet
facet normal -0.417861551 -0.221789107 -0.881022871
  outer loop
   vertex 27860.3789 41669.6094 32555.9883
   vertex 27700.291 41834.9609 32590.291
   vertex 27941.0977 41902.4492 32459.0898
  endloop
 endfacet
facet normal -0.485381067 0.0334469378 -0.87366271
  outer loop
   vertex 27869.7188 42016.8555 32503.125
   vertex 27941.0977 41902.4492 32459.0898
   vertex 27700.291 41834.9609 32590.291
  endloop
 endfacet
facet normal 0.195893839 -0.603567004 -0.772872865
  outer loop
   vertex 28250.1797 41677.9805 32586.7871
   vertex 28049.7832 41662.0781 32548.4141
   vertex 28108.1211 41821.0352 32439.0645
  endloop
 endfacet
facet normal -0.469986439 0.880931318 -0.0554326177
  outer loop
   vertex 28342.1992 42623.5195 32573.4355
   vertex 28229.9727 42570.3438 32679.9102
   vertex 28335.6211 42632.8203 32777.0195
  endloop
 endfacet
facet normal -0.636936724 0.768900633 -0.0557088964
  outer loop
   vertex 28422.4727 42700.0781 32712.3418
   vertex 28342.1992 42623.5195 32573.4355
   vertex 28335.6211 42632.8203 32777.0195
  endloop
 endfacet
facet normal 0.73976469 -0.638216674 -0.213137761
  outer loop
   vertex 29678.2852 42655.875 32400.6602
   vertex 29657.3516 42673.2773 32275.8984
   vertex 29774.7676 42798.5 32308.4668
  endloop
 endfacet
facet normal 0.539253056 -0.378265411 -0.752410412
  outer loop
   vertex 29761.6074 42963.9883 32215.8359
   vertex 29850.2305 42938.5938 32292.1211
   vertex 29774.7676 42798.5 32308.4668
  endloop
 endfacet
facet normal 0.470947802 -0.0199135914 -0.881936312
  outer loop
   vertex 29761.6074 42963.9883 32215.8359
   vertex 29596 42857.4766 32129.8086
   vertex 29641.7109 43025.8008 32150.416
  endloop
 endfacet
facet normal 0.741074026 -0.671369851 0.00847642031
  outer loop
   vertex 29985.1504 42961.7812 32596.207
   vertex 29810.334 42768.0547 32536.0879
   vertex 29891.9824 42857.0234 32444.3281
  endloop
 endfacet
facet normal 0.796162188 -0.600518048 -0.074188076
  outer loop
   vertex 29970.3652 42957.8711 32469.1934
   vertex 29985.1504 42961.7812 32596.207
   vertex 29891.9824 42857.0234 32444.3281
  endloop
 endfacet
facet normal 0.155092835 0.197077468 -0.968042731
  outer loop
   vertex 29641.7109 43025.8008 32150.416
   vertex 29472.9082 42998.4883 32117.8125
   vertex 29597.1055 43192.4219 32177.1914
  endloop
 endfacet
facet normal -0.394581079 0.625955403 -0.672670484
  outer loop
   vertex 29055.3965 42923.3281 32150.0156
   vertex 29120.4922 43073.6797 32251.7422
   vertex 29305.1074 43114.5234 32181.459
  endloop
 endfacet
facet normal -0.396502137 0.625996411 -0.671501756
  outer loop
   vertex 29055.3965 42923.3281 32150.0156
   vertex 29024.4863 43014.6484 32253.4004
   vertex 29120.4922 43073.6797 32251.7422
  endloop
 endfacet
facet normal 0.0457975604 0.679287195 -0.732442141
  outer loop
   vertex 29780.4238 43573.8789 32513.9297
   vertex 29820.6406 43462.5977 32413.2363
   vertex 29706.0039 43448.0117 32392.541
  endloop
 endfacet
facet normal -0.753421485 0.0245336797 0.657080054
  outer loop
   vertex 29757.2988 43467.9492 33071.3125
   vertex 29817.7949 43485.7422 33140.0117
   vertex 29830.2793 43524.0742 33152.8984
  endloop
 endfacet
facet normal 0.279017061 0.705498815 -0.651475906
  outer loop
   vertex 30111.8652 43594.8711 32585.0195
   vertex 29975.7539 43597.3672 32529.4297
   vertex 30012.3301 43694.9219 32650.7363
  endloop
 endfacet
facet normal 0.183058649 0.660442531 -0.728220522
  outer loop
   vertex 30184.9609 43680.8516 32681.373
   vertex 30111.8652 43594.8711 32585.0195
   vertex 30012.3301 43694.9219 32650.7363
  endloop
 endfacet
facet normal -0.0302868821 0.757086575 -0.65261215
  outer loop
   vertex 30182.752 43629.7656 32622.209
   vertex 30111.8652 43594.8711 32585.0195
   vertex 30184.9609 43680.8516 32681.373
  endloop
 endfacet
facet normal -0.362997264 0.909067512 -0.204522073
  outer loop
   vertex 30112.0938 43951.2617 32996.8086
   vertex 30137.4512 43981.7617 33087.3633
   vertex 30214 43999.9219 33032.2305
  endloop
 endfacet
facet normal -0.0602287799 0.99605161 -0.0652198866
  outer loop
   vertex 30474.6504 44048.9023 33251.2266
   vertex 30509.1738 44049.1055 33222.4688
   vertex 30487.2598 44044.6758 33175.0234
  endloop
 endfacet
facet normal -0.471172988 0.872869134 0.126868203
  outer loop
   vertex 28668.0625 42812.7539 32794.6836
   vertex 28726.1875 42874.125 32588.3047
   vertex 28526.0703 42758.5234 32640.4492
  endloop
 endfacet
facet normal -0.587937474 0.559063077 0.584617853
  outer loop
   vertex 29202.334 43134.4648 32740.9668
   vertex 29370.7734 43216.7383 32831.6875
   vertex 29365.502 43348.1055 32700.7578
  endloop
 endfacet
facet normal 0.514207125 -0.702382624 0.492188662
  outer loop
   vertex 29597.5625 42622.4375 32638.7305
   vertex 29596.0898 42729.3594 32792.8516
   vertex 29417.3867 42615.1953 32816.6289
  endloop
 endfacet
facet normal 0.583970964 -0.580133379 0.567823172
  outer loop
   vertex 29381.375 42460.7188 32695.8398
   vertex 29597.5625 42622.4375 32638.7305
   vertex 29417.3867 42615.1953 32816.6289
  endloop
 endfacet
facet normal -0.565185487 0.751355648 0.340631872
  outer loop
   vertex 28980.2363 43024.9336 32614.0586
   vertex 29202.334 43134.4648 32740.9668
   vertex 29217.8184 43239.1914 32535.6562
  endloop
 endfacet
facet normal -0.501723111 0.845817626 0.181291252
  outer loop
   vertex 28187.875 42476.9727 33025.4922
   vertex 28399.6836 42604.6172 33016.1328
   vertex 28136.7324 42490.9883 32818.5586
  endloop
 endfacet
facet normal 0.504549861 -0.591259897 0.629159093
  outer loop
   vertex 29702.1934 42728.2852 32733.8086
   vertex 29758.2324 42863.9531 32816.3633
   vertex 29669.2949 42722.7266 32754.9668
  endloop
 endfacet
facet normal -0.685230315 0.722713172 -0.0902505443
  outer loop
   vertex 29520.0723 43530.5195 32583.2871
   vertex 29473.002 43479.7031 32533.748
   vertex 29452.3184 43472.7891 32635.4043
  endloop
 endfacet
facet normal -0.290777922 0.732653439 -0.615359366
  outer loop
   vertex 30519.2363 44010.8945 33246.9336
   vertex 30516.1152 44037.8047 33280.4492
   vertex 30536.082 44039.1523 33272.6211
  endloop
 endfacet
facet normal -0.901453435 -0.0561321899 0.429221272
  outer loop
   vertex 30337.7012 44025.3203 33364.0469
   vertex 30307.0625 43997.1328 33296.0156
   vertex 30343.4023 44017.582 33375.0117
  endloop
 endfacet
facet normal -0.904086173 -0.0377670601 0.425678134
  outer loop
   vertex 30347.291 43974.332 33379.4336
   vertex 30343.4023 44017.582 33375.0117
   vertex 30307.0625 43997.1328 33296.0156
  endloop
 endfacet
facet normal -0.411330521 0.872876644 0.262475789
  outer loop
   vertex 30307.0625 43997.1328 33296.0156
   vertex 30395.3945 44053.9531 33245.4805
   vertex 30347.0781 44054.5547 33167.7695
  endloop
 endfacet
facet normal 0.136958718 0.375857592 0.916500628
  outer loop
   vertex 28454.0312 42361.9414 33299.9727
   vertex 28559.2344 42366.5078 33282.3789
   vertex 28537.2324 42472.8867 33242.043
  endloop
 endfacet
facet normal 0.170315549 0.352720886 0.920098126
  outer loop
   vertex 28454.0312 42361.9414 33299.9727
   vertex 28537.2324 42472.8867 33242.043
   vertex 28452.7676 42439.3359 33270.5391
  endloop
 endfacet
facet normal -0.786274433 0.572689652 0.231946275
  outer loop
   vertex 30007.709 43867.4609 33044.4844
   vertex 30073.7129 43931.2461 33110.7422
   vertex 30072.7363 43950.2148 33060.6016
  endloop
 endfacet
facet normal -0.811384737 0.440398872 0.384322256
  outer loop
   vertex 30047.3379 43840.207 33159.3789
   vertex 30073.7129 43931.2461 33110.7422
   vertex 30007.709 43867.4609 33044.4844
  endloop
 endfacet
facet normal 0.339960545 -0.203525305 0.91815263
  outer loop
   vertex 30434.7363 43913.043 33356.4414
   vertex 30479.2969 43863.7695 33329.0195
   vertex 30490.3066 43912.9492 33335.8438
  endloop
 endfacet
facet normal -0.327803582 0.168310031 0.929632485
  outer loop
   vertex 29921.6133 43563.3633 33195.418
   vertex 29948.5762 43636.5586 33191.6719
   vertex 29874.4492 43595.2461 33173.0156
  endloop
 endfacet
facet normal -0.310456276 0.947770059 -0.0731356665
  outer loop
   vertex 30310.2402 44034.8672 33069.0312
   vertex 30241.5586 44017.8242 33139.7305
   vertex 30347.0781 44054.5547 33167.7695
  endloop
 endfacet
facet normal 0.817801595 0.0752877519 -0.570554376
  outer loop
   vertex 30254.502 43506.0664 32708.3047
   vertex 30275.0898 43628.5234 32753.9707
   vertex 30299.3516 43544.1797 32777.6172
  endloop
 endfacet
facet normal 0.414444655 -0.799775958 0.434274107
  outer loop
   vertex 29597.5625 42622.4375 32638.7305
   vertex 29702.1934 42728.2852 32733.8086
   vertex 29669.2949 42722.7266 32754.9668
  endloop
 endfacet
facet normal 0.220123559 -0.419056147 0.880873203
  outer loop
   vertex 29758.2324 42863.9531 32816.3633
   vertex 29515.4297 42879.5547 32884.457
   vertex 29596.0898 42729.3594 32792.8516
  endloop
 endfacet
facet normal 0.805627406 -0.592409074 -0.00399774965
  outer loop
   vertex 29985.1504 42961.7812 32596.207
   vertex 30096.4258 43111.75 32797.5156
   vertex 29993.6641 42972.4375 32732.8477
  endloop
 endfacet
facet normal 0.804511368 -0.593933046 -0.00224554958
  outer loop
   vertex 29985.1504 42961.7812 32596.207
   vertex 30107.793 43127.8398 32614.1738
   vertex 30096.4258 43111.75 32797.5156
  endloop
 endfacet
facet normal -0.25687024 0.328921527 0.908750951
  outer loop
   vertex 27739.2227 41794.3047 33399.7852
   vertex 27860.4316 41983.1172 33365.707
   vertex 27662.0605 41923.4336 33331.2383
  endloop
 endfacet
facet normal -0.207204983 0.176766962 0.962195158
  outer loop
   vertex 28037.6328 42144.9062 33333.0039
   vertex 28217.8477 42142.5586 33372.2461
   vertex 28183.1543 42235.918 33347.625
  endloop
 endfacet
facet normal -0.210329145 0.664124489 0.717426181
  outer loop
   vertex 28163.6016 42308.9883 33274.2461
   vertex 28183.1543 42235.918 33347.625
   vertex 28298.1309 42293.9336 33327.625
  endloop
 endfacet
facet normal 0.58912909 -0.806213379 0.0542853326
  outer loop
   vertex 29086.2969 42150.9336 32562.791
   vertex 28968.8574 42064.7617 32557.5098
   vertex 29047.8906 42117.8711 32488.5859
  endloop
 endfacet
facet normal -0.114043251 0.91665858 0.383055091
  outer loop
   vertex 30343.4023 44017.582 33375.0117
   vertex 30370.4238 44016.7422 33385.0664
   vertex 30382.1035 44023.625 33372.0742
  endloop
 endfacet
facet normal -0.0607646294 0.251123935 -0.966045797
  outer loop
   vertex 26451.3359 41128.957 32742.8418
   vertex 26741.3203 41081.793 32712.3398
   vertex 26467.7305 40876.0352 32676.0625
  endloop
 endfacet
facet normal 0.653578639 -0.749465525 0.105529107
  outer loop
   vertex 26548.0781 40243.1211 33435.3555
   vertex 26397.2422 40102.1367 33368.25
   vertex 26515.6719 40190.1719 33260.0234
  endloop
 endfacet
facet normal 0.0788658634 0.214557603 0.973522067
  outer loop
   vertex 27535.2891 41544.6055 33446.8477
   vertex 27267.6738 41478.1172 33483.1797
   vertex 27307.1484 41304.8203 33518.1758
  endloop
 endfacet
facet normal 0.134549052 -0.00419894792 -0.990898013
  outer loop
   vertex 26741.3203 41081.793 32712.3398
   vertex 26758.1953 40847.3047 32715.625
   vertex 26467.7305 40876.0352 32676.0625
  endloop
 endfacet
facet normal -0.528295994 0.338524044 -0.778655767
  outer loop
   vertex 27700.291 41834.9609 32590.291
   vertex 27434.1738 41636.3984 32684.5176
   vertex 27516.4648 41821.8984 32709.332
  endloop
 endfacet
facet normal -0.22049126 0.343670577 -0.912838519
  outer loop
   vertex 27144.8203 41534.3984 32794.7148
   vertex 26995.3125 41263.6172 32728.8848
   vertex 26769.3789 41346.2461 32814.5664
  endloop
 endfacet
facet normal -0.0936249867 0.640923262 -0.761873782
  outer loop
   vertex 27144.8203 41534.3984 32794.7148
   vertex 27110.1152 41626.8242 32876.7344
   vertex 27221.8105 41740.6641 32958.7773
  endloop
 endfacet
facet normal 0.201928616 -0.263760716 -0.943215311
  outer loop
   vertex 27224.3398 40967.8203 32784.1602
   vertex 27005.0215 41046.3125 32715.2578
   vertex 27319.6309 41321.4961 32705.6602
  endloop
 endfacet
facet normal 0.63054055 -0.679299533 0.375460774
  outer loop
   vertex 27802.2285 41384.2383 33311.7773
   vertex 27637.1172 41216.1562 33284.957
   vertex 27815.6445 41296.2969 33130.1406
  endloop
 endfacet
facet normal 0.683967471 -0.70833993 0.174479246
  outer loop
   vertex 29086.2969 42150.9336 32562.791
   vertex 29201.8457 42285.3789 32655.6504
   vertex 29054.6699 42148.2109 32675.7168
  endloop
 endfacet
facet normal 0.654680967 -0.55440402 0.513837576
  outer loop
   vertex 29269.3574 42441.707 32818.0469
   vertex 29381.375 42460.7188 32695.8398
   vertex 29417.3867 42615.1953 32816.6289
  endloop
 endfacet
facet normal 0.0869023651 0.170615986 0.981497943
  outer loop
   vertex 26497.4258 40865.4531 33702.3477
   vertex 26551.9473 40732.5547 33720.6211
   vertex 26713.7617 40889.5781 33679
  endloop
 endfacet
facet normal 0.405173331 -0.181866795 0.895968199
  outer loop
   vertex 24850.1797 38770.7031 33464.5977
   vertex 24902.043 38669.6211 33420.6289
   vertex 25022.1582 38826.6016 33398.1719
  endloop
 endfacet
facet normal -0.776109636 -0.513524771 0.365986466
  outer loop
   vertex 25198.0293 40271.8984 33194.293
   vertex 25193.0039 40200.3984 33083.3086
   vertex 25238.1973 40270.2109 33277.1055
  endloop
 endfacet
facet normal -0.805278242 -0.453983217 0.381347865
  outer loop
   vertex 25198.0293 40271.8984 33194.293
   vertex 25238.1973 40270.2109 33277.1055
   vertex 25202.0801 40288.5312 33222.6406
  endloop
 endfacet
facet normal -0.398898453 0.202160805 0.894433379
  outer loop
   vertex 25405.6074 40037.2695 33608.1562
   vertex 25638.2637 40177.4414 33680.2344
   vertex 25504.0801 40282.457 33596.6562
  endloop
 endfacet
facet normal 0.408624262 -0.537507951 0.73763907
  outer loop
   vertex 26022.0098 40003.4375 33577.875
   vertex 25727.7305 39740.2422 33549.1094
   vertex 25897.5664 39795.6172 33495.375
  endloop
 endfacet
facet normal 0.26650992 -0.394121885 0.879568279
  outer loop
   vertex 25718.3438 39966.2969 33653.2461
   vertex 25727.7305 39740.2422 33549.1094
   vertex 26022.0098 40003.4375 33577.875
  endloop
 endfacet
facet normal -0.0560505465 0.710343659 0.701619744
  outer loop
   vertex 26581.6152 41088.8242 33615.4297
   vertex 26349.4648 41174.3477 33510.2969
   vertex 26406.543 41076.9648 33613.4531
  endloop
 endfacet
facet normal 0.206553325 -0.345068753 0.91556716
  outer loop
   vertex 25995.0098 40325.0391 33771.8398
   vertex 26127.5039 40293.4883 33730.0586
   vertex 26044.0254 40378.9648 33781.1055
  endloop
 endfacet
facet normal 0.493572801 -0.398667186 0.772949159
  outer loop
   vertex 26510.3672 40548.1328 33694.9805
   vertex 26370.7285 40344.5234 33679.1328
   vertex 26566.3516 40387.6172 33576.4414
  endloop
 endfacet
facet normal -0.0855495334 0.0441900082 0.99535346
  outer loop
   vertex 24359.4004 36866.9805 33158
   vertex 24126.0762 36819.7852 33140.0391
   vertex 24285.3867 36557.3398 33165.3867
  endloop
 endfacet
facet normal 0.467610806 -0.56747663 0.677724421
  outer loop
   vertex 27564.8828 41312.7695 33415.6953
   vertex 27637.1172 41216.1562 33284.957
   vertex 27802.2285 41384.2383 33311.7773
  endloop
 endfacet
facet normal -0.103797577 -0.302182227 0.947582185
  outer loop
   vertex 25535.8906 39766.8711 33610.3398
   vertex 25283.1621 39726.082 33569.6523
   vertex 25450.8594 39501.5 33516.4023
  endloop
 endfacet
facet normal -0.0754322037 -0.220661715 0.972429097
  outer loop
   vertex 24485.3574 38452.4609 33398.0625
   vertex 24502.3613 38268.5625 33357.6523
   vertex 24638.5488 38380.1211 33393.5312
  endloop
 endfacet
facet normal 0.591716528 -0.144548208 0.793080926
  outer loop
   vertex 24584.6602 37725.3477 33198.8594
   vertex 24492.418 37541.5508 33234.1797
   vertex 24538.7559 37373.7188 33169.0195
  endloop
 endfacet
facet normal 0.501531422 -0.391904116 -0.771282971
  outer loop
   vertex 23905.3457 36061.6406 30254.334
   vertex 24029.0723 36142.1328 30293.8887
   vertex 23974.3945 36057.8359 30301.168
  endloop
 endfacet
facet normal 0.559236765 -0.826215267 -0.067989476
  outer loop
   vertex 23905.3457 36061.6406 30254.334
   vertex 23970.9785 36113.3906 30165.3066
   vertex 24029.0723 36142.1328 30293.8887
  endloop
 endfacet
facet normal -0.00295360037 -0.127906352 0.991781831
  outer loop
   vertex 25638.2637 40177.4414 33680.2344
   vertex 25510.1328 39931.7188 33648.1641
   vertex 25718.3438 39966.2969 33653.2461
  endloop
 endfacet
facet normal -0.426231235 0.366779208 0.82692194
  outer loop
   vertex 24537.4531 38850.707 33382.8086
   vertex 24502.416 38683.0898 33439.0977
   vertex 24596.6816 38722.2461 33470.3164
  endloop
 endfacet
facet normal 0.599464297 -0.685406566 0.413352638
  outer loop
   vertex 25484.5234 39367.8008 33390.5703
   vertex 25431.6934 39370.3398 33471.3984
   vertex 25342.9336 39277.1094 33445.5352
  endloop
 endfacet
facet normal 0.595274329 -0.618538201 0.512892723
  outer loop
   vertex 25328.3457 39132.3555 33287.8984
   vertex 25484.5234 39367.8008 33390.5703
   vertex 25342.9336 39277.1094 33445.5352
  endloop
 endfacet
facet normal -0.319117963 0.0428380743 0.946746349
  outer loop
   vertex 25638.2637 40177.4414 33680.2344
   vertex 25405.6074 40037.2695 33608.1562
   vertex 25510.1328 39931.7188 33648.1641
  endloop
 endfacet
facet normal -0.240750134 -0.422531396 0.873788655
  outer loop
   vertex 24602.4277 38573.6836 33461.2578
   vertex 24540.5098 38638.3516 33475.4688
   vertex 24496.4023 38591.2461 33440.5391
  endloop
 endfacet
facet normal -0.227395236 -0.268401921 0.936083257
  outer loop
   vertex 24485.3574 38452.4609 33398.0625
   vertex 24602.4277 38573.6836 33461.2578
   vertex 24496.4023 38591.2461 33440.5391
  endloop
 endfacet
facet normal -0.137834191 -0.349937886 0.926577151
  outer loop
   vertex 24485.3574 38452.4609 33398.0625
   vertex 24638.5488 38380.1211 33393.5312
   vertex 24602.4277 38573.6836 33461.2578
  endloop
 endfacet
facet normal -0.0531786755 0.0770438835 0.995608509
  outer loop
   vertex 24181.2734 36250.1055 33183.5977
   vertex 24285.3867 36557.3398 33165.3867
   vertex 24068.4355 36427.6445 33163.832
  endloop
 endfacet
facet normal 0.0668705925 -0.378538042 0.92316699
  outer loop
   vertex 24638.5488 38380.1211 33393.5312
   vertex 24502.3613 38268.5625 33357.6523
   vertex 24652.0742 38092.4805 33274.6055
  endloop
 endfacet
facet normal 0.32224679 -0.348718733 0.880086482
  outer loop
   vertex 24638.5488 38380.1211 33393.5312
   vertex 24652.0742 38092.4805 33274.6055
   vertex 24798.5332 38362.2266 33327.8594
  endloop
 endfacet
facet normal 0.806886554 -0.4338395 0.400895685
  outer loop
   vertex 24965.209 38400.5508 33134.4805
   vertex 24843.2793 38241.1641 33207.4062
   vertex 24891.375 38187.9141 33052.9766
  endloop
 endfacet
facet normal -0.717391253 0.372838855 0.588507414
  outer loop
   vertex 24394.207 38623.5898 33327.8984
   vertex 24345.293 38773.4336 33173.3438
   vertex 24254.7559 38598.5234 33173.793
  endloop
 endfacet
facet normal 0.875417888 -0.460069507 -0.14825502
  outer loop
   vertex 24111.5527 35997.0352 33008.7656
   vertex 24186.7695 36178.5352 32889.6641
   vertex 24225.1055 36192.7539 33071.9062
  endloop
 endfacet
facet normal -0.261546046 -0.0392498523 0.964392602
  outer loop
   vertex 24289.9648 37175.3711 33186.6836
   vertex 24398.5273 37422.7969 33226.1953
   vertex 24171.0781 37540.9766 33169.3203
  endloop
 endfacet
facet normal 0.58295387 -0.748330295 0.316491008
  outer loop
   vertex 25116.1777 38704.3672 33125.3242
   vertex 25092.1914 38647.8789 33035.9414
   vertex 25121.3926 38686.0039 33072.3008
  endloop
 endfacet
facet normal 0.938722193 -0.3428711 -0.0352146104
  outer loop
   vertex 25116.1777 38704.3672 33125.3242
   vertex 25080.6602 38609.5 33102.25
   vertex 25092.1914 38647.8789 33035.9414
  endloop
 endfacet
facet normal 0.134565637 -0.159859002 0.977924943
  outer loop
   vertex 25079.291 39034.1172 33466.3672
   vertex 25149.3555 39284.1562 33497.6016
   vertex 24952.2832 38998.7227 33478.0586
  endloop
 endfacet
facet normal 0.318961114 -0.386304319 -0.865466833
  outer loop
   vertex 26758.1953 40847.3047 32715.625
   vertex 26797.7578 40640.8047 32822.3789
   vertex 26537.998 40649.2266 32722.8867
  endloop
 endfacet
facet normal -0.799711347 0.511660159 -0.314110816
  outer loop
   vertex 25220.1738 40308.75 33190.625
   vertex 25341.9766 40487.1914 33171.1914
   vertex 25193.0039 40200.3984 33083.3086
  endloop
 endfacet
facet normal 0.590044737 -0.786305785 -0.183222488
  outer loop
   vertex 27259.7715 40789.2891 33076.8516
   vertex 27108.9512 40678.5273 33066.5
   vertex 27262.3438 40826.5156 32925.3711
  endloop
 endfacet
facet normal 0.438490778 -0.248235404 0.863773704
  outer loop
   vertex 26850.2402 40784.1328 33624.9922
   vertex 27055.9102 40911.793 33557.2734
   vertex 26924.3594 40956.6602 33636.9492
  endloop
 endfacet
facet normal 0.531256735 -0.847046554 0.0166840162
  outer loop
   vertex 26214.0605 39987.6406 33388.3359
   vertex 26325.6035 40054.1992 33215.6211
   vertex 26397.2422 40102.1367 33368.25
  endloop
 endfacet
facet normal -0.737275958 0.546504557 0.397186279
  outer loop
   vertex 25238.1973 40270.2109 33277.1055
   vertex 25341.9766 40487.1914 33171.1914
   vertex 25220.1738 40308.75 33190.625
  endloop
 endfacet
facet normal -0.757491469 0.540804684 0.365700722
  outer loop
   vertex 25238.1973 40270.2109 33277.1055
   vertex 25498.4648 40516.7734 33451.5898
   vertex 25341.9766 40487.1914 33171.1914
  endloop
 endfacet
facet normal -0.79664129 0.456262529 0.396468341
  outer loop
   vertex 25498.4648 40516.7734 33451.5898
   vertex 25519.2559 40796.9883 33170.8867
   vertex 25341.9766 40487.1914 33171.1914
  endloop
 endfacet
facet normal -0.837121367 0.476325452 -0.26896444
  outer loop
   vertex 25220.1738 40308.75 33190.625
   vertex 25193.0039 40200.3984 33083.3086
   vertex 25198.0293 40271.8984 33194.293
  endloop
 endfacet
facet normal -0.776352763 0.565156877 0.279059291
  outer loop
   vertex 25670.168 40995.0703 33189.5703
   vertex 25597.3867 40952.1836 33073.9492
   vertex 25519.2559 40796.9883 33170.8867
  endloop
 endfacet
facet normal 0.930121064 -0.182895988 -0.318471164
  outer loop
   vertex 24999.7363 38616.1055 32848.793
   vertex 25023.123 38504.0547 32981.4453
   vertex 24992.3262 38461.0547 32916.1914
  endloop
 endfacet
facet normal 0.856231749 -0.08778961 -0.509077728
  outer loop
   vertex 24778.1621 38297.1055 32570.1328
   vertex 24865.7344 38479.2461 32686.0117
   vertex 24888.8887 38340.8867 32748.8145
  endloop
 endfacet
facet normal 0.869969845 -0.488936543 0.0639808252
  outer loop
   vertex 24183.5273 36759.75 31359.5332
   vertex 24311.4043 36981.8203 31317.8145
   vertex 24248.7559 36896.3633 31516.5898
  endloop
 endfacet
facet normal 0.879609704 -0.473419815 0.0464803316
  outer loop
   vertex 24183.5273 36759.75 31359.5332
   vertex 24248.7559 36896.3633 31516.5898
   vertex 24187.5508 36779.1758 31481.2559
  endloop
 endfacet
facet normal 0.505336523 0.200252473 -0.839365184
  outer loop
   vertex 24149.5742 37475.4023 30108.9355
   vertex 24165.5664 37577.6836 30142.9668
   vertex 24199.8086 37573.1875 30162.5098
  endloop
 endfacet
facet normal 0.754236221 -0.451890558 -0.476364017
  outer loop
   vertex 24481.8223 37010.1328 30806.377
   vertex 24514.0801 37112.8438 30760.0195
   vertex 24518.0684 37074.5078 30802.6973
  endloop
 endfacet
facet normal 0.565171778 0.824787855 -0.0174884871
  outer loop
   vertex 24195.3438 37685.0273 30857.6035
   vertex 24212.002 37678.8203 31103.207
   vertex 24283.3496 37627.2109 30974.9863
  endloop
 endfacet
facet normal 0.585912108 0.809354901 -0.0406398177
  outer loop
   vertex 24195.3438 37685.0273 30857.6035
   vertex 24283.3496 37627.2109 30974.9863
   vertex 24327.1074 37590.7227 30879.168
  endloop
 endfacet
facet normal 0.420322955 -0.0155350016 -0.907241583
  outer loop
   vertex 23898.418 36983.4961 29903.1484
   vertex 23894.6172 37193.2695 29897.7949
   vertex 24078.6758 37107.0508 29984.5449
  endloop
 endfacet
facet normal -0.524439633 0.677906752 -0.515175283
  outer loop
   vertex 24328.2676 38787.6875 32743.248
   vertex 24328.6035 38662.6836 32578.418
   vertex 24222.209 38637.4648 32653.543
  endloop
 endfacet
facet normal 0.936931372 -0.291354775 0.193059653
  outer loop
   vertex 25116.1777 38704.3672 33125.3242
   vertex 25121.3926 38686.0039 33072.3008
   vertex 25132.3867 38716.8828 33065.5469
  endloop
 endfacet
facet normal 0.846415341 0.27375868 -0.456768274
  outer loop
   vertex 24431.9336 37671.1523 31892.166
   vertex 24416.166 37587.1289 31812.5898
   vertex 24349.8223 37643.1797 31723.2422
  endloop
 endfacet
facet normal 0.47492817 0.876735091 0.0760184675
  outer loop
   vertex 24245.0195 37685.0938 30512.1133
   vertex 24169.9863 37725.7578 30511.918
   vertex 24164.5762 37726.1172 30541.5645
  endloop
 endfacet
facet normal 0.368103713 -0.183458611 -0.91150564
  outer loop
   vertex 25259.6504 39316.0898 32822.4062
   vertex 25061.2168 39319.0352 32741.6777
   vertex 25184.9883 39463.7266 32762.541
  endloop
 endfacet
facet normal 0.103679962 0.260180682 -0.959977329
  outer loop
   vertex 26467.7305 40876.0352 32676.0625
   vertex 26214.5566 40972.3789 32674.8301
   vertex 26451.3359 41128.957 32742.8418
  endloop
 endfacet
facet normal -0.519655108 0.0402117707 -0.853429317
  outer loop
   vertex 25546.5508 40858.875 32688.5215
   vertex 25547.4883 40812.3555 32685.7578
   vertex 25528.7695 40858.6992 32699.3398
  endloop
 endfacet
facet normal 0.0862005353 0.776334047 -0.624399602
  outer loop
   vertex 25845.3281 41040.3281 32696.0859
   vertex 25921.3066 41028.9766 32692.4609
   vertex 25845.4746 41020.957 32672.0215
  endloop
 endfacet
facet normal 0.461878657 -0.78903234 -0.405087799
  outer loop
   vertex 27262.3438 40826.5156 32925.3711
   vertex 27219.6738 40844.5625 32841.5703
   vertex 27285.7207 40881.3633 32845.1992
  endloop
 endfacet
facet normal -0.314136535 0.0747758374 -0.946428478
  outer loop
   vertex 24701.3555 39353.1172 32844.1016
   vertex 24802.2988 39494.5742 32821.7734
   vertex 24876.5391 39504.2031 32797.8945
  endloop
 endfacet
facet normal -0.516377568 0.67979002 -0.520806789
  outer loop
   vertex 25626.4219 40947.1719 32800.2578
   vertex 25533.4727 40827.75 32736.541
   vertex 25524.7012 40866.7227 32796.1055
  endloop
 endfacet
facet normal 0.620482683 -0.784192026 -0.00663834298
  outer loop
   vertex 25540.9531 40879.9258 32755.5254
   vertex 25626.4219 40947.1719 32800.2578
   vertex 25524.7012 40866.7227 32796.1055
  endloop
 endfacet
facet normal -0.246292606 -0.300017327 0.921590745
  outer loop
   vertex 25540.9531 40879.9258 32755.5254
   vertex 25533.4727 40827.75 32736.541
   vertex 25626.4219 40947.1719 32800.2578
  endloop
 endfacet
facet normal -0.804384947 0.460389614 -0.37550801
  outer loop
   vertex 25845.4746 41020.957 32672.0215
   vertex 25801.9082 40957.2812 32687.2754
   vertex 25845.3281 41040.3281 32696.0859
  endloop
 endfacet
facet normal 0.197214872 -0.24635078 -0.948903382
  outer loop
   vertex 26978.2852 40840.6445 32763.0977
   vertex 26758.1953 40847.3047 32715.625
   vertex 27005.0215 41046.3125 32715.2578
  endloop
 endfacet
facet normal -0.0817281082 0.0587352552 -0.994922459
  outer loop
   vertex 27319.6309 41321.4961 32705.6602
   vertex 27005.0215 41046.3125 32715.2578
   vertex 26995.3125 41263.6172 32728.8848
  endloop
 endfacet
facet normal 0.349896908 -0.542614341 -0.763637245
  outer loop
   vertex 27080.6914 40757.3477 32869.207
   vertex 26797.7578 40640.8047 32822.3789
   vertex 26978.2852 40840.6445 32763.0977
  endloop
 endfacet
facet normal 0.927807152 -0.369068742 0.0544259697
  outer loop
   vertex 24864.584 38120.4609 32871.8711
   vertex 24744.9668 37840.707 33013.9414
   vertex 24744.2188 37789.0039 32676.0996
  endloop
 endfacet
facet normal 0.128937036 0.845472336 -0.518219829
  outer loop
   vertex 24083.5 38043.7344 31971.2246
   vertex 24169.7637 37856.4219 31687.0898
   vertex 24016.418 37939.8438 31785.0391
  endloop
 endfacet
facet normal 0.299295038 0.910489976 -0.285360247
  outer loop
   vertex 24187.4316 37640.3477 30281.2207
   vertex 24167.4141 37676.4453 30375.4023
   vertex 24275.7441 37639.1172 30369.9238
  endloop
 endfacet
facet normal 0.486861616 0.847280204 0.2123252
  outer loop
   vertex 24134.6074 37711.7656 30658.8613
   vertex 24324.9648 37600.6016 30665.9707
   vertex 24245.0195 37685.0938 30512.1133
  endloop
 endfacet
facet normal 0.210015148 0.626811922 -0.750333548
  outer loop
   vertex 24096.8867 37578.7617 30148.3066
   vertex 24097.9492 37626.168 30188.207
   vertex 24157.5918 37613.793 30194.5625
  endloop
 endfacet
facet normal -0.0320010073 0.816537023 -0.576405466
  outer loop
   vertex 24165.5664 37577.6836 30142.9668
   vertex 24096.8867 37578.7617 30148.3066
   vertex 24157.5918 37613.793 30194.5625
  endloop
 endfacet
facet normal 0.632762909 -0.172433302 -0.754902542
  outer loop
   vertex 24138.0762 36504.168 30103.8242
   vertex 24034.9707 36582.793 29999.4395
   vertex 24140.6348 36714.8789 30057.8379
  endloop
 endfacet
facet normal -0.81073463 -0.582676589 -0.0565447398
  outer loop
   vertex 23539.0605 36401.6953 30304.9395
   vertex 23615.4277 36273.1992 30534.127
   vertex 23459.9414 36496.9258 30458.0469
  endloop
 endfacet
facet normal -0.629804432 -0.191518456 -0.752772927
  outer loop
   vertex 23634.959 36640.5 30011.457
   vertex 23588.1191 36888.207 29987.625
   vertex 23647.9629 36858.2344 29945.1816
  endloop
 endfacet
facet normal -0.889483213 -0.222419664 -0.399185568
  outer loop
   vertex 23519.9434 36649.9219 30091.7461
   vertex 23507.4219 36548.7344 30176.0254
   vertex 23467.748 36734.4531 30160.9492
  endloop
 endfacet
facet normal -0.847095132 -0.341609478 -0.407102972
  outer loop
   vertex 23630.418 36312.5859 30118.25
   vertex 23507.4219 36548.7344 30176.0254
   vertex 23556.7773 36529.2461 30089.6777
  endloop
 endfacet
facet normal -0.883689046 -0.401337951 -0.240876511
  outer loop
   vertex 23630.418 36312.5859 30118.25
   vertex 23539.0605 36401.6953 30304.9395
   vertex 23507.4219 36548.7344 30176.0254
  endloop
 endfacet
facet normal -0.235329747 -0.149308309 -0.960378528
  outer loop
   vertex 23634.959 36640.5 30011.457
   vertex 23861.8203 36608.5312 29960.8379
   vertex 23741.2832 36276.4219 30042.0059
  endloop
 endfacet
facet normal -0.899368644 -0.367500305 -0.236811325
  outer loop
   vertex 23630.418 36312.5859 30118.25
   vertex 23675.5273 36241.332 30057.5137
   vertex 23684.0117 36214.5742 30066.8164
  endloop
 endfacet
facet normal -0.602007329 -0.239717826 -0.761657774
  outer loop
   vertex 23630.418 36312.5859 30118.25
   vertex 23634.959 36640.5 30011.457
   vertex 23741.2832 36276.4219 30042.0059
  endloop
 endfacet
facet normal -0.415666729 0.423115849 -0.805105031
  outer loop
   vertex 23675.5273 36241.332 30057.5137
   vertex 23630.418 36312.5859 30118.25
   vertex 23741.2832 36276.4219 30042.0059
  endloop
 endfacet
facet normal -0.896110952 -0.427621484 -0.118848957
  outer loop
   vertex 23630.418 36312.5859 30118.25
   vertex 23684.0117 36214.5742 30066.8164
   vertex 23731.8008 36100.2109 30117.9727
  endloop
 endfacet
facet normal -0.66877228 -0.31837073 -0.671850979
  outer loop
   vertex 23667.7969 36163.9492 30151.4805
   vertex 23630.418 36312.5859 30118.25
   vertex 23731.8008 36100.2109 30117.9727
  endloop
 endfacet
facet normal -0.765898466 -0.605668664 -0.215789288
  outer loop
   vertex 23615.4277 36273.1992 30534.127
   vertex 23432.5898 36485.5117 30587.1523
   vertex 23459.9414 36496.9258 30458.0469
  endloop
 endfacet
facet normal -0.821346879 -0.401354104 -0.405344576
  outer loop
   vertex 23689.4395 36226.6758 30043.832
   vertex 23684.0117 36214.5742 30066.8164
   vertex 23675.5273 36241.332 30057.5137
  endloop
 endfacet
facet normal 0.672319889 -0.70853442 -0.214394435
  outer loop
   vertex 23741.2832 36276.4219 30042.0059
   vertex 23684.0117 36214.5742 30066.8164
   vertex 23689.4395 36226.6758 30043.832
  endloop
 endfacet
facet normal -0.795498431 -0.203284472 -0.570839405
  outer loop
   vertex 23731.8008 36100.2109 30117.9727
   vertex 23741.2832 36276.4219 30042.0059
   vertex 23760.1953 36140.7578 30063.9629
  endloop
 endfacet
facet normal 0.0315309428 -0.397114486 -0.917227268
  outer loop
   vertex 23684.0117 36214.5742 30066.8164
   vertex 23741.2832 36276.4219 30042.0059
   vertex 23731.8008 36100.2109 30117.9727
  endloop
 endfacet
facet normal -0.469279706 -0.713076651 0.520862997
  outer loop
   vertex 23694.2559 36061.5391 30165.666
   vertex 23701.3379 36044.7305 30149.041
   vertex 23706.5898 36057.1211 30170.7305
  endloop
 endfacet
facet normal -0.782780468 -0.612685621 -0.108954772
  outer loop
   vertex 23615.4277 36273.1992 30534.127
   vertex 23780.3418 36092.8984 30363.1875
   vertex 23744.5547 36114.9023 30496.5723
  endloop
 endfacet
facet normal 0.234858841 -0.804804862 -0.545096755
  outer loop
   vertex 23771.2305 36057.1953 30198.4707
   vertex 23706.5898 36057.1211 30170.7305
   vertex 23731.8008 36100.2109 30117.9727
  endloop
 endfacet
facet normal -0.758731246 -0.650969982 0.0237690024
  outer loop
   vertex 23771.2305 36057.1953 30198.4707
   vertex 23731.8008 36100.2109 30117.9727
   vertex 23779.0312 36046.0781 30143.0215
  endloop
 endfacet
facet normal -0.879613698 -0.474932313 0.0268157776
  outer loop
   vertex 23615.4277 36273.1992 30534.127
   vertex 23539.0605 36401.6953 30304.9395
   vertex 23673.8164 36148.0938 30233.6816
  endloop
 endfacet
facet normal -0.310681313 -0.613997221 0.725592554
  outer loop
   vertex 23771.2305 36057.1953 30198.4707
   vertex 23673.8164 36148.0938 30233.6816
   vertex 23706.5898 36057.1211 30170.7305
  endloop
 endfacet
facet normal -0.629631639 -0.751320302 0.197691143
  outer loop
   vertex 23771.2305 36057.1953 30198.4707
   vertex 23780.3418 36092.8984 30363.1875
   vertex 23673.8164 36148.0938 30233.6816
  endloop
 endfacet
facet normal 0.88664031 -0.459962279 0.0479960479
  outer loop
   vertex 23701.3379 36044.7305 30149.041
   vertex 23731.8008 36100.2109 30117.9727
   vertex 23706.5898 36057.1211 30170.7305
  endloop
 endfacet
facet normal -0.477998525 -0.609705925 0.632278502
  outer loop
   vertex 23694.2559 36061.5391 30165.666
   vertex 23706.5898 36057.1211 30170.7305
   vertex 23673.8164 36148.0938 30233.6816
  endloop
 endfacet
facet normal -0.773977637 -0.562256992 -0.291248441
  outer loop
   vertex 23744.5547 36114.9023 30496.5723
   vertex 23705.5977 36150.3281 30531.709
   vertex 23615.4277 36273.1992 30534.127
  endloop
 endfacet
facet normal -0.841583252 0.196576208 -0.503085911
  outer loop
   vertex 23731.8008 36100.2109 30117.9727
   vertex 23694.2559 36061.5391 30165.666
   vertex 23673.8164 36148.0938 30233.6816
  endloop
 endfacet
facet normal -0.723914683 -0.685332954 -0.0791601911
  outer loop
   vertex 23667.7969 36163.9492 30151.4805
   vertex 23731.8008 36100.2109 30117.9727
   vertex 23673.8164 36148.0938 30233.6816
  endloop
 endfacet
facet normal -0.835749447 0.165731892 -0.523503363
  outer loop
   vertex 23731.8008 36100.2109 30117.9727
   vertex 23701.3379 36044.7305 30149.041
   vertex 23694.2559 36061.5391 30165.666
  endloop
 endfacet
facet normal -0.883530438 -0.401891977 -0.240534455
  outer loop
   vertex 23539.0605 36401.6953 30304.9395
   vertex 23630.418 36312.5859 30118.25
   vertex 23673.8164 36148.0938 30233.6816
  endloop
 endfacet
facet normal -0.970813274 -0.238520399 0.0250927042
  outer loop
   vertex 23667.7969 36163.9492 30151.4805
   vertex 23673.8164 36148.0938 30233.6816
   vertex 23630.418 36312.5859 30118.25
  endloop
 endfacet
facet normal -0.626042426 -0.755543113 0.192939073
  outer loop
   vertex 23780.3418 36092.8984 30363.1875
   vertex 23615.4277 36273.1992 30534.127
   vertex 23673.8164 36148.0938 30233.6816
  endloop
 endfacet
facet normal 0.067375429 -0.238842562 0.968718112
  outer loop
   vertex 23969.6719 36066.1211 33219.7148
   vertex 24008.6953 35984.5156 33196.8789
   vertex 23983.543 36078.8047 33221.8789
  endloop
 endfacet
facet normal 0.422140032 -0.785513401 -0.452511311
  outer loop
   vertex 23960.9668 36159.7461 30075.498
   vertex 23970.9785 36113.3906 30165.3066
   vertex 23843.4648 36065.1523 30130.0879
  endloop
 endfacet
facet normal -0.91677624 -0.322915852 -0.235046104
  outer loop
   vertex 23357.916 36671.582 30546.1602
   vertex 23300.1191 36752.6523 30660.2168
   vertex 23303.5137 36796.8398 30586.2734
  endloop
 endfacet
facet normal -0.896288276 -0.401287764 -0.188773483
  outer loop
   vertex 23432.5898 36485.5117 30587.1523
   vertex 23352.1914 36605.8398 30713.0977
   vertex 23357.916 36671.582 30546.1602
  endloop
 endfacet
facet normal -0.793245435 -0.156049609 -0.588566244
  outer loop
   vertex 23337.1289 36898.0312 30514.1387
   vertex 23357.916 36671.582 30546.1602
   vertex 23303.5137 36796.8398 30586.2734
  endloop
 endfacet
facet normal -0.863014936 -0.255966336 -0.435530066
  outer loop
   vertex 23519.9434 36649.9219 30091.7461
   vertex 23556.7773 36529.2461 30089.6777
   vertex 23507.4219 36548.7344 30176.0254
  endloop
 endfacet
facet normal -0.870073438 -0.00814278796 -0.492854893
  outer loop
   vertex 23456.459 36955.3008 30177.2305
   vertex 23519.1289 36822.7812 30068.7832
   vertex 23467.748 36734.4531 30160.9492
  endloop
 endfacet
facet normal -0.988762677 -0.103910185 -0.107476018
  outer loop
   vertex 23300.1191 36752.6523 30660.2168
   vertex 23287.873 36883.0625 30646.8008
   vertex 23303.5137 36796.8398 30586.2734
  endloop
 endfacet
facet normal -0.140351102 -0.223981619 -0.964434445
  outer loop
   vertex 23880.2754 36816.5078 29909.8516
   vertex 23861.8203 36608.5312 29960.8379
   vertex 23758.9668 36862.7031 29916.7773
  endloop
 endfacet
facet normal -0.24512063 -0.261046886 -0.933686435
  outer loop
   vertex 23861.8203 36608.5312 29960.8379
   vertex 23634.959 36640.5 30011.457
   vertex 23758.9668 36862.7031 29916.7773
  endloop
 endfacet
facet normal -0.944500685 0.317751199 -0.0833826065
  outer loop
   vertex 23485.3711 37254.543 30274.084
   vertex 23449.5879 37132.1016 30212.7949
   vertex 23414.2812 37063.3203 30350.627
  endloop
 endfacet
facet normal -0.573745012 -0.161372155 -0.802979231
  outer loop
   vertex 23634.959 36640.5 30011.457
   vertex 23556.7773 36529.2461 30089.6777
   vertex 23519.9434 36649.9219 30091.7461
  endloop
 endfacet
facet normal -0.941919267 -0.22169435 -0.252269179
  outer loop
   vertex 23507.4219 36548.7344 30176.0254
   vertex 23426.7129 36715.5391 30330.7832
   vertex 23467.748 36734.4531 30160.9492
  endloop
 endfacet
facet normal -0.574959278 -0.110401601 -0.810699284
  outer loop
   vertex 23634.959 36640.5 30011.457
   vertex 23519.9434 36649.9219 30091.7461
   vertex 23519.1289 36822.7812 30068.7832
  endloop
 endfacet
facet normal -0.664103866 -0.195020184 -0.721756995
  outer loop
   vertex 23588.1191 36888.207 29987.625
   vertex 23634.959 36640.5 30011.457
   vertex 23519.1289 36822.7812 30068.7832
  endloop
 endfacet
facet normal -0.974505007 -0.0220963545 -0.223274916
  outer loop
   vertex 23456.459 36955.3008 30177.2305
   vertex 23426.7129 36715.5391 30330.7832
   vertex 23414.2812 37063.3203 30350.627
  endloop
 endfacet
facet normal -0.970708787 -0.0320680477 -0.23810944
  outer loop
   vertex 23456.459 36955.3008 30177.2305
   vertex 23467.748 36734.4531 30160.9492
   vertex 23426.7129 36715.5391 30330.7832
  endloop
 endfacet
facet normal -0.831596971 0.0586770438 -0.552271187
  outer loop
   vertex 23519.1289 36822.7812 30068.7832
   vertex 23456.459 36955.3008 30177.2305
   vertex 23550.7324 37075.6484 30048.0625
  endloop
 endfacet
facet normal -0.83833909 -0.0756640807 -0.539872646
  outer loop
   vertex 23519.1289 36822.7812 30068.7832
   vertex 23519.9434 36649.9219 30091.7461
   vertex 23467.748 36734.4531 30160.9492
  endloop
 endfacet
facet normal -0.569995522 0.431007922 -0.699526489
  outer loop
   vertex 23685.6016 37385.5391 30082.7832
   vertex 23726.0234 37295.4336 29994.3301
   vertex 23569.5391 37263.5117 30102.168
  endloop
 endfacet
facet normal -0.779155254 0.0461528115 -0.62512958
  outer loop
   vertex 23588.1191 36888.207 29987.625
   vertex 23519.1289 36822.7812 30068.7832
   vertex 23550.7324 37075.6484 30048.0625
  endloop
 endfacet
facet normal -0.866215348 0.437518537 -0.241347149
  outer loop
   vertex 23493.7949 37410.8477 30563.332
   vertex 23481.416 37306.0117 30417.7148
   vertex 23372.7207 37176.1914 30572.4863
  endloop
 endfacet
facet normal -0.228383183 -0.270988852 -0.93509686
  outer loop
   vertex 23647.9629 36858.2344 29945.1816
   vertex 23758.9668 36862.7031 29916.7773
   vertex 23634.959 36640.5 30011.457
  endloop
 endfacet
facet normal -0.787657857 0.598189235 -0.147528619
  outer loop
   vertex 23522.959 37495.7188 30707.8477
   vertex 23400.4512 37328.9766 30685.8262
   vertex 23387.2246 37358.8906 30877.7363
  endloop
 endfacet
facet normal -0.833235919 0.213595301 -0.509995103
  outer loop
   vertex 23337.1289 36898.0312 30514.1387
   vertex 23306.5117 36997.4766 30605.8105
   vertex 23372.7207 37176.1914 30572.4863
  endloop
 endfacet
facet normal -0.936117709 -0.132030353 -0.325962663
  outer loop
   vertex 23426.7129 36715.5391 30330.7832
   vertex 23357.916 36671.582 30546.1602
   vertex 23337.1289 36898.0312 30514.1387
  endloop
 endfacet
facet normal -0.938140094 0.0292187016 -0.34502095
  outer loop
   vertex 23337.1289 36898.0312 30514.1387
   vertex 23287.873 36883.0625 30646.8008
   vertex 23306.5117 36997.4766 30605.8105
  endloop
 endfacet
facet normal -0.541330397 0.755418837 -0.369193405
  outer loop
   vertex 23696.2168 37643.4609 30646.5117
   vertex 23604.3984 37550.4688 30590.8613
   vertex 23628.3887 37607.9688 30673.3418
  endloop
 endfacet
facet normal -0.650584579 0.391777933 -0.650576532
  outer loop
   vertex 23556.3887 37501 30555.0254
   vertex 23595.5723 37518.0547 30526.1152
   vertex 23493.7949 37410.8477 30563.332
  endloop
 endfacet
facet normal -0.740457892 0.593388617 -0.315613747
  outer loop
   vertex 23595.5723 37518.0547 30526.1152
   vertex 23583.1094 37466.3438 30458.1289
   vertex 23493.7949 37410.8477 30563.332
  endloop
 endfacet
facet normal -0.879848182 0.336231291 -0.335880458
  outer loop
   vertex 23414.2812 37063.3203 30350.627
   vertex 23372.7207 37176.1914 30572.4863
   vertex 23481.416 37306.0117 30417.7148
  endloop
 endfacet
facet normal -0.798660636 0.592431724 -0.10566885
  outer loop
   vertex 23485.3711 37254.543 30274.084
   vertex 23613.0957 37435.5234 30323.3848
   vertex 23550.3789 37329.6523 30203.8418
  endloop
 endfacet
facet normal -0.375344336 -0.0736183897 -0.923957229
  outer loop
   vertex 23781.0215 37089.0391 29889.7832
   vertex 23758.9668 36862.7031 29916.7773
   vertex 23669.8301 37039.4727 29938.9023
  endloop
 endfacet
facet normal -0.901399553 -0.00752040185 -0.432922959
  outer loop
   vertex 23426.7129 36715.5391 30330.7832
   vertex 23337.1289 36898.0312 30514.1387
   vertex 23414.2812 37063.3203 30350.627
  endloop
 endfacet
facet normal -0.564781725 0.0395870134 -0.824290276
  outer loop
   vertex 23647.9629 36858.2344 29945.1816
   vertex 23588.1191 36888.207 29987.625
   vertex 23669.8301 37039.4727 29938.9023
  endloop
 endfacet
facet normal -0.969986558 0.0111734429 -0.242901742
  outer loop
   vertex 23449.5879 37132.1016 30212.7949
   vertex 23456.459 36955.3008 30177.2305
   vertex 23414.2812 37063.3203 30350.627
  endloop
 endfacet
facet normal -0.947066367 0.177319244 -0.267625064
  outer loop
   vertex 23337.1289 36898.0312 30514.1387
   vertex 23372.7207 37176.1914 30572.4863
   vertex 23414.2812 37063.3203 30350.627
  endloop
 endfacet
facet normal -0.0692937672 -0.0325007662 -0.997066736
  outer loop
   vertex 23898.418 36983.4961 29903.1484
   vertex 23880.2754 36816.5078 29909.8516
   vertex 23758.9668 36862.7031 29916.7773
  endloop
 endfacet
facet normal -0.396855891 -0.0191454012 -0.917681217
  outer loop
   vertex 23669.8301 37039.4727 29938.9023
   vertex 23729.2695 37175.6445 29910.3574
   vertex 23781.0215 37089.0391 29889.7832
  endloop
 endfacet
facet normal 0.00604175823 -0.119000189 -0.992875874
  outer loop
   vertex 23781.0215 37089.0391 29889.7832
   vertex 23898.418 36983.4961 29903.1484
   vertex 23758.9668 36862.7031 29916.7773
  endloop
 endfacet
facet normal 0.0919842348 -0.023735391 -0.995477557
  outer loop
   vertex 23898.418 36983.4961 29903.1484
   vertex 23781.0215 37089.0391 29889.7832
   vertex 23894.6172 37193.2695 29897.7949
  endloop
 endfacet
facet normal -0.130218655 -0.238113374 -0.962468266
  outer loop
   vertex 23849.5156 37272.2656 29884.3535
   vertex 23894.6172 37193.2695 29897.7949
   vertex 23791.6758 37244.5312 29899.0391
  endloop
 endfacet
facet normal 0.42985931 -0.794103324 -0.429675311
  outer loop
   vertex 24286.0137 36443.5078 30292.3945
   vertex 24270.5391 36424.7852 30311.5156
   vertex 24228.3887 36434.5586 30251.2832
  endloop
 endfacet
facet normal 0.00798690226 0.370018542 -0.928990066
  outer loop
   vertex 23791.6758 37244.5312 29899.0391
   vertex 23777.4141 37299.3945 29920.7676
   vertex 23848.541 37320.8477 29929.9238
  endloop
 endfacet
facet normal 0.757072151 -0.636252105 -0.148408353
  outer loop
   vertex 24071.209 36251.4375 30122.2012
   vertex 24029.2383 36222.957 30030.2109
   vertex 24041.377 36238.918 30023.7012
  endloop
 endfacet
facet normal 0.864692688 -0.451450497 0.220224813
  outer loop
   vertex 24358.873 36830.9531 30921.8203
   vertex 24430.5547 36866.25 30712.7227
   vertex 24481.8223 37010.1328 30806.377
  endloop
 endfacet
facet normal 0.316963166 -0.875835478 -0.363932043
  outer loop
   vertex 24193.1191 36363.1758 30392.3555
   vertex 24228.3887 36434.5586 30251.2832
   vertex 24270.5391 36424.7852 30311.5156
  endloop
 endfacet
facet normal 0.887324929 -0.461003125 -0.011425891
  outer loop
   vertex 24193.1191 36363.1758 30392.3555
   vertex 24148.1836 36280.0898 30255.1484
   vertex 24228.3887 36434.5586 30251.2832
  endloop
 endfacet
facet normal 0.495052934 -0.3823255 -0.780224204
  outer loop
   vertex 29250.7754 42599.7148 32057.0469
   vertex 29417.418 42751.0703 32088.6133
   vertex 29377.541 42547.0078 32163.3066
  endloop
 endfacet
facet normal 0.674307406 -0.65324223 -0.344360501
  outer loop
   vertex 24030.8379 36239.2891 30002.3555
   vertex 24041.377 36238.918 30023.7012
   vertex 24029.2383 36222.957 30030.2109
  endloop
 endfacet
facet normal 0.337533623 -0.252277136 -0.906877756
  outer loop
   vertex 23861.8203 36608.5312 29960.8379
   vertex 23880.2754 36816.5078 29909.8516
   vertex 24013.2852 36815.2148 29959.7168
  endloop
 endfacet
facet normal 0.349392772 -0.0754566863 -0.933933079
  outer loop
   vertex 23880.2754 36816.5078 29909.8516
   vertex 23898.418 36983.4961 29903.1484
   vertex 24013.2852 36815.2148 29959.7168
  endloop
 endfacet
facet normal 0.421283931 -0.0172511283 -0.906764746
  outer loop
   vertex 24078.6758 37107.0508 29984.5449
   vertex 24013.2852 36815.2148 29959.7168
   vertex 23898.418 36983.4961 29903.1484
  endloop
 endfacet
facet normal 0.571072102 -0.0582944639 -0.81882745
  outer loop
   vertex 24078.6758 37107.0508 29984.5449
   vertex 24166.0391 36903.7344 30059.9492
   vertex 24013.2852 36815.2148 29959.7168
  endloop
 endfacet
facet normal -0.428670704 -0.831142426 0.354180336
  outer loop
   vertex 23731.8008 36100.2109 30117.9727
   vertex 23785.7383 36052.8164 30072.0352
   vertex 23795.5957 36051.3945 30080.6328
  endloop
 endfacet
facet normal -0.0451268815 -0.451679766 -0.89103812
  outer loop
   vertex 23779.0312 36046.0781 30143.0215
   vertex 23731.8008 36100.2109 30117.9727
   vertex 23843.4648 36065.1523 30130.0879
  endloop
 endfacet
facet normal -0.306805611 -0.797878683 0.5189026
  outer loop
   vertex 23795.5957 36051.3945 30080.6328
   vertex 23843.4648 36065.1523 30130.0879
   vertex 23731.8008 36100.2109 30117.9727
  endloop
 endfacet
facet normal 0.942142606 0.268420666 0.200792611
  outer loop
   vertex 24327.7344 37473.2148 31266.5605
   vertex 24258.3262 37609.7969 31409.6406
   vertex 24337.4355 37308.9258 31440.6621
  endloop
 endfacet
facet normal 0.188224152 -0.340057671 -0.921375275
  outer loop
   vertex 23960.9668 36159.7461 30075.498
   vertex 23822.1973 36113.3516 30064.2734
   vertex 23980.5898 36306.6562 30025.2852
  endloop
 endfacet
facet normal -0.355442137 -0.259439915 -0.897970974
  outer loop
   vertex 23960.9668 36159.7461 30075.498
   vertex 23980.5898 36306.6562 30025.2852
   vertex 24029.2383 36222.957 30030.2109
  endloop
 endfacet
facet normal 0.897358775 -0.299776435 0.32385388
  outer loop
   vertex 23822.1973 36113.3516 30064.2734
   vertex 23795.5957 36051.3945 30080.6328
   vertex 23800.5625 36045.8281 30061.7129
  endloop
 endfacet
facet normal -0.0398024768 -0.223572358 -0.973874331
  outer loop
   vertex 23741.2832 36276.4219 30042.0059
   vertex 23861.8203 36608.5312 29960.8379
   vertex 23980.5898 36306.6562 30025.2852
  endloop
 endfacet
facet normal 0.760229468 -0.61621666 -0.205738068
  outer loop
   vertex 23970.9785 36113.3906 30165.3066
   vertex 24071.209 36251.4375 30122.2012
   vertex 24029.0723 36142.1328 30293.8887
  endloop
 endfacet
facet normal 0.398275763 -0.88961798 -0.223508999
  outer loop
   vertex 23970.9785 36113.3906 30165.3066
   vertex 23905.3457 36061.6406 30254.334
   vertex 23843.4648 36065.1523 30130.0879
  endloop
 endfacet
facet normal 0.194259524 -0.147622257 -0.969778776
  outer loop
   vertex 24013.2852 36815.2148 29959.7168
   vertex 24034.9707 36582.793 29999.4395
   vertex 23861.8203 36608.5312 29960.8379
  endloop
 endfacet
facet normal 0.19733648 -0.129807889 -0.971703768
  outer loop
   vertex 23980.5898 36306.6562 30025.2852
   vertex 23861.8203 36608.5312 29960.8379
   vertex 24034.9707 36582.793 29999.4395
  endloop
 endfacet
facet normal -0.304161549 -0.932520628 0.194656134
  outer loop
   vertex 23785.7383 36052.8164 30072.0352
   vertex 23800.5625 36045.8281 30061.7129
   vertex 23795.5957 36051.3945 30080.6328
  endloop
 endfacet
facet normal -0.0570204221 -0.975056052 0.214509711
  outer loop
   vertex 23780.3418 36092.8984 30363.1875
   vertex 23771.2305 36057.1953 30198.4707
   vertex 23905.3457 36061.6406 30254.334
  endloop
 endfacet
facet normal 0.627138853 -0.460990787 -0.627840996
  outer loop
   vertex 24029.0723 36142.1328 30293.8887
   vertex 23990.4727 36062.5156 30313.791
   vertex 23974.3945 36057.8359 30301.168
  endloop
 endfacet
facet normal -0.498358935 0.19172582 -0.845505536
  outer loop
   vertex 23822.1973 36113.3516 30064.2734
   vertex 23800.5625 36045.8281 30061.7129
   vertex 23785.7383 36052.8164 30072.0352
  endloop
 endfacet
facet normal 0.318325847 -0.919856966 0.229198262
  outer loop
   vertex 23771.2305 36057.1953 30198.4707
   vertex 23779.0312 36046.0781 30143.0215
   vertex 23843.4648 36065.1523 30130.0879
  endloop
 endfacet
facet normal 0.0565082207 -0.996812344 -0.0563206598
  outer loop
   vertex 23905.3457 36061.6406 30254.334
   vertex 23771.2305 36057.1953 30198.4707
   vertex 23843.4648 36065.1523 30130.0879
  endloop
 endfacet
facet normal -0.806685627 -0.488437682 -0.332696497
  outer loop
   vertex 24029.2383 36222.957 30030.2109
   vertex 23980.5898 36306.6562 30025.2852
   vertex 24030.8379 36239.2891 30002.3555
  endloop
 endfacet
facet normal -0.0697332323 -0.168843746 -0.983172953
  outer loop
   vertex 23760.1953 36140.7578 30063.9629
   vertex 23741.2832 36276.4219 30042.0059
   vertex 23822.1973 36113.3516 30064.2734
  endloop
 endfacet
facet normal -0.521729648 0.20813255 -0.827332497
  outer loop
   vertex 23731.8008 36100.2109 30117.9727
   vertex 23822.1973 36113.3516 30064.2734
   vertex 23785.7383 36052.8164 30072.0352
  endloop
 endfacet
facet normal -0.297955155 -0.681572199 -0.668342769
  outer loop
   vertex 23731.8008 36100.2109 30117.9727
   vertex 23760.1953 36140.7578 30063.9629
   vertex 23822.1973 36113.3516 30064.2734
  endloop
 endfacet
facet normal 0.292585224 -0.723963857 -0.624716103
  outer loop
   vertex 23843.4648 36065.1523 30130.0879
   vertex 23822.1973 36113.3516 30064.2734
   vertex 23960.9668 36159.7461 30075.498
  endloop
 endfacet
facet normal 0.701526225 -0.447641581 -0.554507017
  outer loop
   vertex 23843.4648 36065.1523 30130.0879
   vertex 23795.5957 36051.3945 30080.6328
   vertex 23822.1973 36113.3516 30064.2734
  endloop
 endfacet
facet normal -0.0488307923 -0.158870772 -0.986091077
  outer loop
   vertex 23741.2832 36276.4219 30042.0059
   vertex 23980.5898 36306.6562 30025.2852
   vertex 23822.1973 36113.3516 30064.2734
  endloop
 endfacet
facet normal -0.0988594517 -0.980798125 0.168112591
  outer loop
   vertex 23780.3418 36092.8984 30363.1875
   vertex 23905.3457 36061.6406 30254.334
   vertex 23933.3555 36076.7852 30359.1504
  endloop
 endfacet
facet normal 0.604357362 -0.0952778831 0.790995777
  outer loop
   vertex 23933.3555 36076.7852 30359.1504
   vertex 23990.4727 36062.5156 30313.791
   vertex 24029.0723 36142.1328 30293.8887
  endloop
 endfacet
facet normal 0.0210320484 -0.945830166 0.323979825
  outer loop
   vertex 23974.3945 36057.8359 30301.168
   vertex 23990.4727 36062.5156 30313.791
   vertex 23933.3555 36076.7852 30359.1504
  endloop
 endfacet
facet normal -0.180542931 -0.965485454 0.187728852
  outer loop
   vertex 23905.3457 36061.6406 30254.334
   vertex 23974.3945 36057.8359 30301.168
   vertex 23933.3555 36076.7852 30359.1504
  endloop
 endfacet
facet normal -0.340133935 -0.758865952 -0.55536598
  outer loop
   vertex 23781.4336 36087.8203 30510.9902
   vertex 23744.5547 36114.9023 30496.5723
   vertex 23832.4883 36094.2578 30470.9238
  endloop
 endfacet
facet normal -0.197298199 -0.974398434 0.107801504
  outer loop
   vertex 23744.5547 36114.9023 30496.5723
   vertex 23780.3418 36092.8984 30363.1875
   vertex 23832.4883 36094.2578 30470.9238
  endloop
 endfacet
facet normal -0.102907613 -0.992735088 0.0623467416
  outer loop
   vertex 23933.3555 36076.7852 30359.1504
   vertex 23832.4883 36094.2578 30470.9238
   vertex 23780.3418 36092.8984 30363.1875
  endloop
 endfacet
facet normal 0.984936178 -0.00139931159 -0.172912657
  outer loop
   vertex 24598.4805 37320.7539 32383.5586
   vertex 24590.0273 37307.8516 32335.5039
   vertex 24582.0625 37359.6016 32289.7168
  endloop
 endfacet
facet normal -0.230617538 -0.558469236 0.796823502
  outer loop
   vertex 24007.0977 36310.6641 30882.7109
   vertex 24070.1816 36317.207 30905.5527
   vertex 24072.707 36379.6953 30950.0801
  endloop
 endfacet
facet normal 0.770259917 -0.246564373 -0.588137448
  outer loop
   vertex 24138.0762 36504.168 30103.8242
   vertex 24228.3887 36434.5586 30251.2832
   vertex 24071.209 36251.4375 30122.2012
  endloop
 endfacet
facet normal 0.673861265 -0.664585888 0.322856963
  outer loop
   vertex 23933.3555 36076.7852 30359.1504
   vertex 24029.0723 36142.1328 30293.8887
   vertex 23977.1758 36205.1875 30532.0059
  endloop
 endfacet
facet normal 0.396839648 -0.782132268 0.480403394
  outer loop
   vertex 23832.4883 36094.2578 30470.9238
   vertex 23933.3555 36076.7852 30359.1504
   vertex 23977.1758 36205.1875 30532.0059
  endloop
 endfacet
facet normal -0.608827293 -0.501998782 0.614269137
  outer loop
   vertex 23744.5547 36114.9023 30496.5723
   vertex 23781.4336 36087.8203 30510.9902
   vertex 23776.502 36149.9375 30556.8691
  endloop
 endfacet
facet normal -0.324508339 -0.256056756 0.910565376
  outer loop
   vertex 23615.4277 36273.1992 30534.127
   vertex 23705.5977 36150.3281 30531.709
   vertex 23776.502 36149.9375 30556.8691
  endloop
 endfacet
facet normal -0.0632385761 -0.943564832 0.325094283
  outer loop
   vertex 24007.0977 36310.6641 30882.7109
   vertex 23918.6719 36350.7617 30981.8887
   vertex 23795.1523 36299.1055 30807.9316
  endloop
 endfacet
facet normal 0.807955086 -0.542135894 0.230862007
  outer loop
   vertex 24148.7168 36598.3086 31102.248
   vertex 24293.9316 36851.3477 31188.2578
   vertex 24183.5273 36759.75 31359.5332
  endloop
 endfacet
facet normal 0.685815573 -0.652532518 0.322270513
  outer loop
   vertex 24029.0723 36142.1328 30293.8887
   vertex 24193.1191 36363.1758 30392.3555
   vertex 23977.1758 36205.1875 30532.0059
  endloop
 endfacet
facet normal 0.795297027 -0.569368958 0.208138466
  outer loop
   vertex 24293.9316 36851.3477 31188.2578
   vertex 24269.668 36854.0117 31288.252
   vertex 24183.5273 36759.75 31359.5332
  endloop
 endfacet
facet normal 0.57465291 -0.0681824908 -0.815552056
  outer loop
   vertex 24166.0391 36903.7344 30059.9492
   vertex 24140.6348 36714.8789 30057.8379
   vertex 24013.2852 36815.2148 29959.7168
  endloop
 endfacet
facet normal -0.959191144 0.262520105 0.10505037
  outer loop
   vertex 23387.2246 37358.8906 30877.7363
   vertex 23360.666 37306.7734 30765.4824
   vertex 23335.9121 37221.8906 30751.5801
  endloop
 endfacet
facet normal -0.49576804 0.848197997 0.186478451
  outer loop
   vertex 23308.7559 37277.8203 31037.8652
   vertex 23387.2246 37358.8906 30877.7363
   vertex 23322.3926 37305.5156 30948.1602
  endloop
 endfacet
facet normal -0.657412589 0.744983315 -0.113174789
  outer loop
   vertex 23629.3652 37626.2656 30878.9688
   vertex 23541.1562 37542.1055 30837.3496
   vertex 23540.8125 37564.5703 30987.2285
  endloop
 endfacet
facet normal -0.93622309 0.283299893 -0.207912102
  outer loop
   vertex 23264.0566 37228.6406 31172.1387
   vertex 23308.7559 37277.8203 31037.8652
   vertex 23234.3535 37107.5156 31140.8477
  endloop
 endfacet
facet normal -0.772419572 0.627833962 -0.0958779007
  outer loop
   vertex 23541.1562 37542.1055 30837.3496
   vertex 23387.2246 37358.8906 30877.7363
   vertex 23540.8125 37564.5703 30987.2285
  endloop
 endfacet
facet normal -0.6521613 0.703957796 -0.281298876
  outer loop
   vertex 23613.0957 37435.5234 30323.3848
   vertex 23662.9941 37424.5938 30180.3535
   vertex 23550.3789 37329.6523 30203.8418
  endloop
 endfacet
facet normal -0.932769835 0.253409833 -0.256366611
  outer loop
   vertex 23335.9121 37221.8906 30751.5801
   vertex 23372.7207 37176.1914 30572.4863
   vertex 23295.2598 37036.707 30716.4434
  endloop
 endfacet
facet normal -0.929880977 0.306587219 -0.20328711
  outer loop
   vertex 23306.5117 36997.4766 30605.8105
   vertex 23295.2598 37036.707 30716.4434
   vertex 23372.7207 37176.1914 30572.4863
  endloop
 endfacet
facet normal -0.984081745 0.110429488 -0.139242366
  outer loop
   vertex 23287.873 36883.0625 30646.8008
   vertex 23295.2598 37036.707 30716.4434
   vertex 23306.5117 36997.4766 30605.8105
  endloop
 endfacet
facet normal -0.982403398 0.118476838 -0.14438419
  outer loop
   vertex 23200.1719 37020.5312 31302.0469
   vertex 23234.3535 37107.5156 31140.8477
   vertex 23208.5078 36951.9414 31189.041
  endloop
 endfacet
facet normal -0.932441652 -0.332457662 -0.141508013
  outer loop
   vertex 23256.6094 36777.2891 31119.4082
   vertex 23280.6582 36832.9062 30830.2754
   vertex 23349.9297 36607.8008 30902.6777
  endloop
 endfacet
facet normal -0.998015523 0.0585208423 -0.0232443903
  outer loop
   vertex 23280.6582 36832.9062 30830.2754
   vertex 23295.2598 37036.707 30716.4434
   vertex 23287.873 36883.0625 30646.8008
  endloop
 endfacet
facet normal -0.946369469 -0.320235789 0.0428239331
  outer loop
   vertex 23280.6582 36832.9062 30830.2754
   vertex 23300.1191 36752.6523 30660.2168
   vertex 23352.1914 36605.8398 30713.0977
  endloop
 endfacet
facet normal -0.992764056 -0.100059621 -0.0663900673
  outer loop
   vertex 23280.6582 36832.9062 30830.2754
   vertex 23287.873 36883.0625 30646.8008
   vertex 23300.1191 36752.6523 30660.2168
  endloop
 endfacet
facet normal -0.861251533 -0.495155722 -0.114309378
  outer loop
   vertex 23352.1914 36605.8398 30713.0977
   vertex 23447.1172 36445.6172 30691.9375
   vertex 23398.3301 36508.6094 30786.6484
  endloop
 endfacet
facet normal -0.983567178 -0.160845935 -0.082001172
  outer loop
   vertex 23228.8672 36972.4492 31069.3633
   vertex 23244.4668 36920.9141 30983.3301
   vertex 23256.6094 36777.2891 31119.4082
  endloop
 endfacet
facet normal -0.862254679 -0.501419544 -0.0713814571
  outer loop
   vertex 23432.5898 36485.5117 30587.1523
   vertex 23447.1172 36445.6172 30691.9375
   vertex 23352.1914 36605.8398 30713.0977
  endloop
 endfacet
facet normal -0.65424341 -0.740171492 0.155279413
  outer loop
   vertex 23502.043 36428.0859 30839.8027
   vertex 23398.3301 36508.6094 30786.6484
   vertex 23447.1172 36445.6172 30691.9375
  endloop
 endfacet
facet normal -0.637188077 -0.756559253 0.147001535
  outer loop
   vertex 23502.043 36428.0859 30839.8027
   vertex 23447.1172 36445.6172 30691.9375
   vertex 23615.4277 36273.1992 30534.127
  endloop
 endfacet
facet normal -0.207048938 -0.794252515 0.571221232
  outer loop
   vertex 23705.5977 36150.3281 30531.709
   vertex 23744.5547 36114.9023 30496.5723
   vertex 23776.502 36149.9375 30556.8691
  endloop
 endfacet
facet normal 0.05267708 -0.998598814 0.00505739963
  outer loop
   vertex 24007.0977 36310.6641 30882.7109
   vertex 23795.1523 36299.1055 30807.9316
   vertex 24044.0938 36311.9961 30760.3418
  endloop
 endfacet
facet normal 0.121986069 -0.912278712 0.390982062
  outer loop
   vertex 23977.1758 36205.1875 30532.0059
   vertex 24044.0938 36311.9961 30760.3418
   vertex 23795.1523 36299.1055 30807.9316
  endloop
 endfacet
facet normal 0.58552599 -0.451006263 0.673611641
  outer loop
   vertex 23776.502 36149.9375 30556.8691
   vertex 23781.4336 36087.8203 30510.9902
   vertex 23832.4883 36094.2578 30470.9238
  endloop
 endfacet
facet normal 0.287858963 -0.83255738 0.473270953
  outer loop
   vertex 23977.1758 36205.1875 30532.0059
   vertex 23795.1523 36299.1055 30807.9316
   vertex 23776.502 36149.9375 30556.8691
  endloop
 endfacet
facet normal 0.276340544 -0.714411139 0.6428473
  outer loop
   vertex 23977.1758 36205.1875 30532.0059
   vertex 23776.502 36149.9375 30556.8691
   vertex 23832.4883 36094.2578 30470.9238
  endloop
 endfacet
facet normal -0.582642138 -0.678970158 0.446685165
  outer loop
   vertex 23615.4277 36273.1992 30534.127
   vertex 23776.502 36149.9375 30556.8691
   vertex 23795.1523 36299.1055 30807.9316
  endloop
 endfacet
facet normal -0.353310436 -0.880788863 0.315250248
  outer loop
   vertex 23502.043 36428.0859 30839.8027
   vertex 23615.4277 36273.1992 30534.127
   vertex 23795.1523 36299.1055 30807.9316
  endloop
 endfacet
facet normal 0.152084202 -0.820615649 0.550872386
  outer loop
   vertex 23735.8809 36427.5195 31146.6973
   vertex 23918.6719 36350.7617 30981.8887
   vertex 23966.3125 36443.6602 31107.125
  endloop
 endfacet
facet normal -0.508879066 -0.841536164 0.181270376
  outer loop
   vertex 23585.3867 36416.1875 31018.5254
   vertex 23395.5195 36554.7109 31128.5996
   vertex 23502.043 36428.0859 30839.8027
  endloop
 endfacet
facet normal -0.848273396 -0.527449071 0.0472205915
  outer loop
   vertex 23256.6094 36777.2891 31119.4082
   vertex 23349.9297 36607.8008 30902.6777
   vertex 23395.5195 36554.7109 31128.5996
  endloop
 endfacet
facet normal -0.901578307 -0.432570368 -0.00627576048
  outer loop
   vertex 23398.3301 36508.6094 30786.6484
   vertex 23349.9297 36607.8008 30902.6777
   vertex 23352.1914 36605.8398 30713.0977
  endloop
 endfacet
facet normal -0.954979539 -0.296554923 -0.00832065474
  outer loop
   vertex 23280.6582 36832.9062 30830.2754
   vertex 23352.1914 36605.8398 30713.0977
   vertex 23349.9297 36607.8008 30902.6777
  endloop
 endfacet
facet normal -0.762939155 -0.64646709 0.00203202898
  outer loop
   vertex 23502.043 36428.0859 30839.8027
   vertex 23395.5195 36554.7109 31128.5996
   vertex 23349.9297 36607.8008 30902.6777
  endloop
 endfacet
facet normal -0.675746322 -0.675327957 0.295464218
  outer loop
   vertex 23398.3301 36508.6094 30786.6484
   vertex 23502.043 36428.0859 30839.8027
   vertex 23349.9297 36607.8008 30902.6777
  endloop
 endfacet
facet normal -0.973728716 -0.194505677 -0.118406035
  outer loop
   vertex 23256.6094 36777.2891 31119.4082
   vertex 23244.4668 36920.9141 30983.3301
   vertex 23280.6582 36832.9062 30830.2754
  endloop
 endfacet
facet normal -0.551311851 -0.829155743 0.0924986228
  outer loop
   vertex 23395.5195 36554.7109 31128.5996
   vertex 23585.3867 36416.1875 31018.5254
   vertex 23540.6191 36461.3203 31156.2617
  endloop
 endfacet
facet normal -0.753488719 -0.488421857 -0.440112323
  outer loop
   vertex 23256.6094 36777.2891 31119.4082
   vertex 23395.5195 36554.7109 31128.5996
   vertex 23295.3848 36656.3594 31187.2285
  endloop
 endfacet
facet normal -0.79964906 -0.573097348 0.179222748
  outer loop
   vertex 23286.0605 36670.875 31308.1074
   vertex 23364.123 36587.2617 31389.041
   vertex 23340.5137 36672.8086 31557.252
  endloop
 endfacet
facet normal -0.726098239 -0.667775273 0.163882658
  outer loop
   vertex 23243.1055 36751.3242 31445.6055
   vertex 23286.0605 36670.875 31308.1074
   vertex 23340.5137 36672.8086 31557.252
  endloop
 endfacet
facet normal -0.783600152 -0.616216123 -0.0790476501
  outer loop
   vertex 23286.0605 36670.875 31308.1074
   vertex 23395.5195 36554.7109 31128.5996
   vertex 23368.5293 36568.418 31289.3027
  endloop
 endfacet
facet normal -0.199768767 -0.927299798 0.316555649
  outer loop
   vertex 23735.8809 36427.5195 31146.6973
   vertex 23585.3867 36416.1875 31018.5254
   vertex 23795.1523 36299.1055 30807.9316
  endloop
 endfacet
facet normal -0.0868903324 -0.936480761 0.33978498
  outer loop
   vertex 23918.6719 36350.7617 30981.8887
   vertex 23735.8809 36427.5195 31146.6973
   vertex 23795.1523 36299.1055 30807.9316
  endloop
 endfacet
facet normal -0.419467837 -0.895188391 0.150613755
  outer loop
   vertex 23368.5293 36568.418 31289.3027
   vertex 23488.0684 36517.2891 31318.3379
   vertex 23364.123 36587.2617 31389.041
  endloop
 endfacet
facet normal -0.447944224 -0.889041543 0.094610326
  outer loop
   vertex 23364.123 36587.2617 31389.041
   vertex 23488.0684 36517.2891 31318.3379
   vertex 23407.9473 36572.1445 31454.4844
  endloop
 endfacet
facet normal -0.703023553 -0.71048665 0.0310907084
  outer loop
   vertex 23395.5195 36554.7109 31128.5996
   vertex 23286.0605 36670.875 31308.1074
   vertex 23295.3848 36656.3594 31187.2285
  endloop
 endfacet
facet normal -0.395662844 -0.918319106 0.0118727228
  outer loop
   vertex 23488.0684 36517.2891 31318.3379
   vertex 23368.5293 36568.418 31289.3027
   vertex 23395.5195 36554.7109 31128.5996
  endloop
 endfacet
facet normal -0.552413583 -0.826752722 0.106391482
  outer loop
   vertex 23488.0684 36517.2891 31318.3379
   vertex 23395.5195 36554.7109 31128.5996
   vertex 23540.6191 36461.3203 31156.2617
  endloop
 endfacet
facet normal -0.807299912 -0.558979392 -0.189232394
  outer loop
   vertex 23256.6094 36777.2891 31119.4082
   vertex 23286.0605 36670.875 31308.1074
   vertex 23222.7266 36772.6875 31277.5488
  endloop
 endfacet
facet normal -0.94594723 -0.322508305 -0.0342383124
  outer loop
   vertex 23256.6094 36777.2891 31119.4082
   vertex 23295.3848 36656.3594 31187.2285
   vertex 23286.0605 36670.875 31308.1074
  endloop
 endfacet
facet normal -0.649130404 -0.71096915 0.270467311
  outer loop
   vertex 23340.5137 36672.8086 31557.252
   vertex 23364.123 36587.2617 31389.041
   vertex 23407.9473 36572.1445 31454.4844
  endloop
 endfacet
facet normal -0.52246505 -0.851068676 -0.0520805493
  outer loop
   vertex 23622.5742 36587.0977 32130.9629
   vertex 23791.0762 36474.5312 32280.0605
   vertex 23645.9141 36557.75 32376.3691
  endloop
 endfacet
facet normal -0.454250067 -0.878212214 -0.149666786
  outer loop
   vertex 23622.5742 36587.0977 32130.9629
   vertex 23720.8457 36548.8359 32057.2148
   vertex 23791.0762 36474.5312 32280.0605
  endloop
 endfacet
facet normal -0.789216757 -0.54149127 0.289696544
  outer loop
   vertex 23406.166 36729.7852 31876.5879
   vertex 23277.5469 36829.4688 31712.5137
   vertex 23367.8184 36704.6641 31725.1582
  endloop
 endfacet
facet normal -0.473071396 -0.764300168 0.438233614
  outer loop
   vertex 23407.9473 36572.1445 31454.4844
   vertex 23493.584 36567 31537.9492
   vertex 23340.5137 36672.8086 31557.252
  endloop
 endfacet
facet normal -0.823472857 -0.562765777 0.0720217973
  outer loop
   vertex 23215.9141 36780.0195 31358.9277
   vertex 23286.0605 36670.875 31308.1074
   vertex 23243.1055 36751.3242 31445.6055
  endloop
 endfacet
facet normal -0.845819414 -0.532982349 -0.0227890927
  outer loop
   vertex 23222.7266 36772.6875 31277.5488
   vertex 23286.0605 36670.875 31308.1074
   vertex 23215.9141 36780.0195 31358.9277
  endloop
 endfacet
facet normal -0.926952779 -0.327951342 0.18222639
  outer loop
   vertex 23215.9141 36780.0195 31358.9277
   vertex 23243.1055 36751.3242 31445.6055
   vertex 23207 36847.7344 31435.4434
  endloop
 endfacet
facet normal -0.57012862 -0.774893463 0.272934824
  outer loop
   vertex 23494.5918 36616.6523 31740.0977
   vertex 23406.166 36729.7852 31876.5879
   vertex 23367.8184 36704.6641 31725.1582
  endloop
 endfacet
facet normal -0.790170729 -0.520759106 0.323172063
  outer loop
   vertex 23243.1055 36751.3242 31445.6055
   vertex 23340.5137 36672.8086 31557.252
   vertex 23240.7578 36822.3906 31554.377
  endloop
 endfacet
facet normal -0.798727632 -0.553915918 0.234970972
  outer loop
   vertex 23277.5469 36829.4688 31712.5137
   vertex 23340.5137 36672.8086 31557.252
   vertex 23367.8184 36704.6641 31725.1582
  endloop
 endfacet
facet normal -0.570322275 -0.682396889 0.457238436
  outer loop
   vertex 23277.5469 36829.4688 31712.5137
   vertex 23271.5059 36767.4727 31612.4531
   vertex 23340.5137 36672.8086 31557.252
  endloop
 endfacet
facet normal -0.92535764 -0.326203197 0.193144262
  outer loop
   vertex 23207 36847.7344 31435.4434
   vertex 23243.1055 36751.3242 31445.6055
   vertex 23240.7578 36822.3906 31554.377
  endloop
 endfacet
facet normal -0.828164637 -0.553946793 -0.0853597745
  outer loop
   vertex 23340.5137 36672.8086 31557.252
   vertex 23271.5059 36767.4727 31612.4531
   vertex 23240.7578 36822.3906 31554.377
  endloop
 endfacet
facet normal -0.982127905 0.117647275 -0.146914408
  outer loop
   vertex 23234.3535 37107.5156 31140.8477
   vertex 23228.8672 36972.4492 31069.3633
   vertex 23208.5078 36951.9414 31189.041
  endloop
 endfacet
facet normal -0.9626351 -0.18705593 -0.195815504
  outer loop
   vertex 23228.8672 36972.4492 31069.3633
   vertex 23256.6094 36777.2891 31119.4082
   vertex 23208.5078 36951.9414 31189.041
  endloop
 endfacet
facet normal -0.980369151 -0.0178600866 -0.196360379
  outer loop
   vertex 23200.1719 37020.5312 31302.0469
   vertex 23199.2773 36889.9453 31318.3906
   vertex 23187.3086 36975.2656 31370.3867
  endloop
 endfacet
facet normal -0.969974458 -0.120382421 -0.211323589
  outer loop
   vertex 23222.7266 36772.6875 31277.5488
   vertex 23199.2773 36889.9453 31318.3906
   vertex 23256.6094 36777.2891 31119.4082
  endloop
 endfacet
facet normal -0.982610762 -0.173301697 -0.0666532516
  outer loop
   vertex 23215.9141 36780.0195 31358.9277
   vertex 23199.2773 36889.9453 31318.3906
   vertex 23222.7266 36772.6875 31277.5488
  endloop
 endfacet
facet normal -0.96576941 -0.200246379 -0.164896592
  outer loop
   vertex 23256.6094 36777.2891 31119.4082
   vertex 23199.2773 36889.9453 31318.3906
   vertex 23208.5078 36951.9414 31189.041
  endloop
 endfacet
facet normal -0.997385085 -0.00220759073 -0.072236225
  outer loop
   vertex 23200.1719 37020.5312 31302.0469
   vertex 23208.5078 36951.9414 31189.041
   vertex 23199.2773 36889.9453 31318.3906
  endloop
 endfacet
facet normal -0.908730865 -0.303805709 0.286199689
  outer loop
   vertex 23202.0664 37083.8906 31537.7891
   vertex 23209.4102 37017.1484 31490.2598
   vertex 23209.8848 37090.1289 31569.2383
  endloop
 endfacet
facet normal -0.133495301 -0.965869725 0.221979052
  outer loop
   vertex 23488.0684 36517.2891 31318.3379
   vertex 23685.4062 36513.4023 31420.1055
   vertex 23493.584 36567 31537.9492
  endloop
 endfacet
facet normal -0.269831717 -0.937667966 0.219019771
  outer loop
   vertex 23488.0684 36517.2891 31318.3379
   vertex 23493.584 36567 31537.9492
   vertex 23407.9473 36572.1445 31454.4844
  endloop
 endfacet
facet normal -0.15205349 -0.952797711 0.262785524
  outer loop
   vertex 23585.3867 36416.1875 31018.5254
   vertex 23735.8809 36427.5195 31146.6973
   vertex 23540.6191 36461.3203 31156.2617
  endloop
 endfacet
facet normal -0.150527805 -0.948497117 0.278737575
  outer loop
   vertex 23488.0684 36517.2891 31318.3379
   vertex 23540.6191 36461.3203 31156.2617
   vertex 23735.8809 36427.5195 31146.6973
  endloop
 endfacet
facet normal 0.674882174 -0.386390388 -0.628678441
  outer loop
   vertex 23884.7598 35882.2461 32825.3125
   vertex 23962.5 35797.3203 32960.9648
   vertex 23870.5391 35761.8594 32884.0391
  endloop
 endfacet
facet normal 0.654994607 -0.392379463 -0.645771205
  outer loop
   vertex 23884.7598 35882.2461 32825.3125
   vertex 23870.5391 35761.8594 32884.0391
   vertex 23849.6289 35771.7227 32856.8359
  endloop
 endfacet
facet normal -0.157606244 -0.950062215 0.269336313
  outer loop
   vertex 23488.0684 36517.2891 31318.3379
   vertex 23735.8809 36427.5195 31146.6973
   vertex 23685.4062 36513.4023 31420.1055
  endloop
 endfacet
facet normal 0.259347856 -0.820264161 0.509809136
  outer loop
   vertex 23918.6719 36350.7617 30981.8887
   vertex 24072.707 36379.6953 30950.0801
   vertex 23966.3125 36443.6602 31107.125
  endloop
 endfacet
facet normal 0.262761891 -0.790154517 0.5537256
  outer loop
   vertex 23918.6719 36350.7617 30981.8887
   vertex 24007.0977 36310.6641 30882.7109
   vertex 24072.707 36379.6953 30950.0801
  endloop
 endfacet
facet normal 0.525995672 -0.601442993 0.601327538
  outer loop
   vertex 24072.707 36379.6953 30950.0801
   vertex 24148.7168 36598.3086 31102.248
   vertex 23966.3125 36443.6602 31107.125
  endloop
 endfacet
facet normal 0.780845106 -0.620421112 0.0732022002
  outer loop
   vertex 24151.0586 36733.4453 31482.9199
   vertex 24183.5273 36759.75 31359.5332
   vertex 24187.5508 36779.1758 31481.2559
  endloop
 endfacet
facet normal 0.658384979 -0.737306237 0.151356354
  outer loop
   vertex 24158.6855 36759.6914 31577.6016
   vertex 24070.1953 36669.7109 31524.2129
   vertex 24151.0586 36733.4453 31482.9199
  endloop
 endfacet
facet normal 0.778953433 -0.61762923 0.108469963
  outer loop
   vertex 24158.6855 36759.6914 31577.6016
   vertex 24151.0586 36733.4453 31482.9199
   vertex 24187.5508 36779.1758 31481.2559
  endloop
 endfacet
facet normal 0.670538008 -0.730597734 0.128863528
  outer loop
   vertex 24095.1172 36697.3008 31625.127
   vertex 24126.6777 36734.6797 31672.8398
   vertex 24026.3633 36654.8242 31742.0645
  endloop
 endfacet
facet normal 0.722304761 -0.688801348 0.0618749671
  outer loop
   vertex 24095.1172 36697.3008 31625.127
   vertex 24158.6855 36759.6914 31577.6016
   vertex 24126.6777 36734.6797 31672.8398
  endloop
 endfacet
facet normal 0.309194744 -0.944361329 0.112161651
  outer loop
   vertex 23814.3281 36544.1406 31522.4023
   vertex 23937.7578 36588.457 31555.2969
   vertex 23850.9961 36571.5469 31652.0977
  endloop
 endfacet
facet normal 0.707351327 -0.706620455 0.0184815973
  outer loop
   vertex 24070.1953 36669.7109 31524.2129
   vertex 24158.6855 36759.6914 31577.6016
   vertex 24095.1172 36697.3008 31625.127
  endloop
 endfacet
facet normal 0.54144007 -0.829048157 0.139720514
  outer loop
   vertex 23941.5547 36555.1211 31342.7773
   vertex 24070.1953 36669.7109 31524.2129
   vertex 23937.7578 36588.457 31555.2969
  endloop
 endfacet
facet normal 0.644473314 -0.764194548 0.0257072598
  outer loop
   vertex 23941.5547 36555.1211 31342.7773
   vertex 24183.5273 36759.75 31359.5332
   vertex 24070.1953 36669.7109 31524.2129
  endloop
 endfacet
facet normal 0.356106669 -0.920939088 0.158301175
  outer loop
   vertex 23937.7578 36588.457 31555.2969
   vertex 24026.3633 36654.8242 31742.0645
   vertex 23850.9961 36571.5469 31652.0977
  endloop
 endfacet
facet normal 0.53064245 -0.846182048 0.048933655
  outer loop
   vertex 23937.7578 36588.457 31555.2969
   vertex 24070.1953 36669.7109 31524.2129
   vertex 24026.3633 36654.8242 31742.0645
  endloop
 endfacet
facet normal 0.600874424 -0.696348608 0.392490119
  outer loop
   vertex 24148.7168 36598.3086 31102.248
   vertex 23941.5547 36555.1211 31342.7773
   vertex 23966.3125 36443.6602 31107.125
  endloop
 endfacet
facet normal 0.583814323 -0.720934391 0.37338236
  outer loop
   vertex 24148.7168 36598.3086 31102.248
   vertex 24183.5273 36759.75 31359.5332
   vertex 23941.5547 36555.1211 31342.7773
  endloop
 endfacet
facet normal 0.13707751 -0.889805436 0.435265541
  outer loop
   vertex 23735.8809 36427.5195 31146.6973
   vertex 23966.3125 36443.6602 31107.125
   vertex 23941.5547 36555.1211 31342.7773
  endloop
 endfacet
facet normal 0.248370409 -0.910092056 0.33172971
  outer loop
   vertex 23685.4062 36513.4023 31420.1055
   vertex 23735.8809 36427.5195 31146.6973
   vertex 23941.5547 36555.1211 31342.7773
  endloop
 endfacet
facet normal 0.180250883 -0.981289864 0.0676746294
  outer loop
   vertex 23685.4062 36513.4023 31420.1055
   vertex 23941.5547 36555.1211 31342.7773
   vertex 23814.3281 36544.1406 31522.4023
  endloop
 endfacet
facet normal 0.401222616 -0.913761854 0.063715376
  outer loop
   vertex 24026.3633 36654.8242 31742.0645
   vertex 23816.2285 36567.0703 31806.8398
   vertex 23850.9961 36571.5469 31652.0977
  endloop
 endfacet
facet normal -0.83416754 -0.369708598 -0.409243345
  outer loop
   vertex 23784.5684 36286.043 32556.7441
   vertex 23808.3828 36041.0859 32729.4922
   vertex 23746.75 36234.918 32680.0137
  endloop
 endfacet
facet normal 0.514988959 -0.836152554 -0.18877326
  outer loop
   vertex 23784.5684 36286.043 32556.7441
   vertex 23746.75 36234.918 32680.0137
   vertex 23741.2695 36250.2891 32596.9785
  endloop
 endfacet
facet normal 0.0269306526 -0.506830037 -0.861625195
  outer loop
   vertex 23947.002 36117.3203 32688.9824
   vertex 23884.7598 35882.2461 32825.3125
   vertex 23808.3828 36041.0859 32729.4922
  endloop
 endfacet
facet normal 0.429710716 -0.611813247 -0.664103329
  outer loop
   vertex 23947.002 36117.3203 32688.9824
   vertex 24109.2441 36208.9336 32709.5625
   vertex 24041.4531 36013.1836 32846.0352
  endloop
 endfacet
facet normal 0.445908576 -0.651900887 -0.613343894
  outer loop
   vertex 24044.7031 36363.4414 32498.4219
   vertex 24109.2441 36208.9336 32709.5625
   vertex 23947.002 36117.3203 32688.9824
  endloop
 endfacet
facet normal 0.567592859 -0.816626608 -0.104686894
  outer loop
   vertex 24179.0117 36724.4727 32026.3828
   vertex 23940.8281 36552.0117 32080.2891
   vertex 24026.3633 36654.8242 31742.0645
  endloop
 endfacet
facet normal 0.0192332026 -0.998764396 -0.0458229259
  outer loop
   vertex 23750.2852 36555.168 31931.5352
   vertex 23940.8281 36552.0117 32080.2891
   vertex 23720.8457 36548.8359 32057.2148
  endloop
 endfacet
facet normal 0.00819254108 -0.99584204 -0.0907277688
  outer loop
   vertex 23667.2637 36565.8438 31806.8711
   vertex 23816.2285 36567.0703 31806.8398
   vertex 23750.2852 36555.168 31931.5352
  endloop
 endfacet
facet normal -0.187970981 -0.981312156 0.0411502011
  outer loop
   vertex 23622.752 36579.0664 31918.8965
   vertex 23667.2637 36565.8438 31806.8711
   vertex 23750.2852 36555.168 31931.5352
  endloop
 endfacet
facet normal -0.32455045 -0.945576489 0.0234980155
  outer loop
   vertex 23616.1992 36583.7539 32016.9902
   vertex 23622.752 36579.0664 31918.8965
   vertex 23720.8457 36548.8359 32057.2148
  endloop
 endfacet
facet normal -0.174777806 -0.980454326 -0.0903437361
  outer loop
   vertex 23750.2852 36555.168 31931.5352
   vertex 23720.8457 36548.8359 32057.2148
   vertex 23622.752 36579.0664 31918.8965
  endloop
 endfacet
facet normal 0.962745488 0.080333069 -0.258200854
  outer loop
   vertex 24634.3711 37546.1094 32405.9551
   vertex 24587.0996 37561.4727 32234.4785
   vertex 24557.7168 37674.0859 32159.9551
  endloop
 endfacet
facet normal 0.781359196 -0.490930647 -0.385311425
  outer loop
   vertex 23962.5 35797.3203 32960.9648
   vertex 24041.4531 36013.1836 32846.0352
   vertex 24111.5527 35997.0352 33008.7656
  endloop
 endfacet
facet normal -0.0579067208 -0.915366888 -0.398434788
  outer loop
   vertex 24044.7031 36363.4414 32498.4219
   vertex 23791.0762 36474.5312 32280.0605
   vertex 23940.8281 36552.0117 32080.2891
  endloop
 endfacet
facet normal 0.555839777 -0.697301447 -0.4525626
  outer loop
   vertex 24189.4023 36589.9141 32327.1934
   vertex 24044.7031 36363.4414 32498.4219
   vertex 23940.8281 36552.0117 32080.2891
  endloop
 endfacet
facet normal 0.488325119 -0.790184915 -0.370332748
  outer loop
   vertex 24179.0117 36724.4727 32026.3828
   vertex 24189.4023 36589.9141 32327.1934
   vertex 23940.8281 36552.0117 32080.2891
  endloop
 endfacet
facet normal -0.934926927 -0.321369112 -0.150444314
  outer loop
   vertex 23733.582 36273.4844 32595.2012
   vertex 23742.332 36256.582 32576.9297
   vertex 23741.2695 36250.2891 32596.9785
  endloop
 endfacet
facet normal 0.43503809 -0.658084452 -0.614545941
  outer loop
   vertex 24109.2441 36208.9336 32709.5625
   vertex 24044.7031 36363.4414 32498.4219
   vertex 24141.4863 36298.7031 32636.2559
  endloop
 endfacet
facet normal 0.527956784 -0.526332855 -0.666509807
  outer loop
   vertex 23884.7598 35882.2461 32825.3125
   vertex 23947.002 36117.3203 32688.9824
   vertex 24041.4531 36013.1836 32846.0352
  endloop
 endfacet
facet normal 0.537592113 -0.540984631 -0.646784663
  outer loop
   vertex 23962.5 35797.3203 32960.9648
   vertex 23884.7598 35882.2461 32825.3125
   vertex 24041.4531 36013.1836 32846.0352
  endloop
 endfacet
facet normal 0.144936383 0.0423533022 -0.988534093
  outer loop
   vertex 23944.1211 35713.3516 32954.6719
   vertex 23931.1406 35709.582 32952.6055
   vertex 23962.5 35797.3203 32960.9648
  endloop
 endfacet
facet normal 0.102987915 0.0577719398 -0.993003488
  outer loop
   vertex 23931.1406 35709.582 32952.6055
   vertex 23881.9512 35712.7852 32947.6914
   vertex 23962.5 35797.3203 32960.9648
  endloop
 endfacet
facet normal 0.65302515 -0.538659453 -0.532357156
  outer loop
   vertex 23870.5391 35761.8594 32884.0391
   vertex 23962.5 35797.3203 32960.9648
   vertex 23881.9512 35712.7852 32947.6914
  endloop
 endfacet
facet normal -0.0474446528 0.0674404651 0.996594608
  outer loop
   vertex 24068.4355 36427.6445 33163.832
   vertex 24285.3867 36557.3398 33165.3867
   vertex 24126.0762 36819.7852 33140.0391
  endloop
 endfacet
facet normal 0.743131995 -0.554115117 -0.375114977
  outer loop
   vertex 24041.4531 36013.1836 32846.0352
   vertex 24186.7695 36178.5352 32889.6641
   vertex 24111.5527 35997.0352 33008.7656
  endloop
 endfacet
facet normal 0.736453056 -0.539548099 -0.408074379
  outer loop
   vertex 24109.2441 36208.9336 32709.5625
   vertex 24186.7695 36178.5352 32889.6641
   vertex 24041.4531 36013.1836 32846.0352
  endloop
 endfacet
facet normal 0.805913031 -0.54764688 -0.224915802
  outer loop
   vertex 24060.6738 35896.2734 33071.7969
   vertex 23962.5 35797.3203 32960.9648
   vertex 24111.5527 35997.0352 33008.7656
  endloop
 endfacet
facet normal 0.0834378153 0.161429524 0.983350694
  outer loop
   vertex 24098.5332 36059.8906 33221.8477
   vertex 24181.2734 36250.1055 33183.5977
   vertex 24050.1621 36149.2344 33211.2812
  endloop
 endfacet
facet normal 0.651604354 -0.585874259 0.481833071
  outer loop
   vertex 24076.2812 35941.1562 33217.0742
   vertex 24089.6211 35970.1562 33234.2969
   vertex 24067.625 35951.5352 33241.3984
  endloop
 endfacet
facet normal 0.894963682 0.410715461 0.174220502
  outer loop
   vertex 30503.7695 43909.7344 33274.2617
   vertex 30490.3066 43912.9492 33335.8438
   vertex 30507.2402 43880.8125 33324.6172
  endloop
 endfacet
facet normal 0.166934624 -0.0784290656 0.982843697
  outer loop
   vertex 24424.1758 37936.2734 33299.5156
   vertex 24323.9121 38093.7734 33329.1133
   vertex 24316.5449 37976.4023 33320.9961
  endloop
 endfacet
facet normal 0.032543283 -0.164542839 0.98583293
  outer loop
   vertex 24427.416 38140.8281 33333.5508
   vertex 24323.9121 38093.7734 33329.1133
   vertex 24424.1758 37936.2734 33299.5156
  endloop
 endfacet
facet normal -0.165677547 -0.0576660782 0.98449254
  outer loop
   vertex 24274.748 38005.4648 33315.6641
   vertex 24316.5449 37976.4023 33320.9961
   vertex 24323.9121 38093.7734 33329.1133
  endloop
 endfacet
facet normal 0.619554996 -0.772243977 0.140680164
  outer loop
   vertex 23962.5 35797.3203 32960.9648
   vertex 24060.6738 35896.2734 33071.7969
   vertex 24008.4492 35861.5938 33111.4258
  endloop
 endfacet
facet normal 0.764504015 -0.643292725 0.0413285866
  outer loop
   vertex 23962.5 35797.3203 32960.9648
   vertex 24008.4492 35861.5938 33111.4258
   vertex 23892.4531 35717.3164 33011.3789
  endloop
 endfacet
facet normal 0.928910017 -0.367170632 -0.048082117
  outer loop
   vertex 24367.916 36531.7578 32830.3594
   vertex 24417.7422 36627.7383 33060.0547
   vertex 24313.3574 36376.625 32961.0117
  endloop
 endfacet
facet normal 0.193641633 -0.369514495 0.908824503
  outer loop
   vertex 24340.2559 36428.457 33128.6914
   vertex 24424.1445 36526.5 33150.6836
   vertex 24403.2324 36530.6406 33156.8203
  endloop
 endfacet
facet normal -0.0552322343 -0.10478811 0.992959619
  outer loop
   vertex 24289.9648 37175.3711 33186.6836
   vertex 24126.0762 36819.7852 33140.0391
   vertex 24359.4004 36866.9805 33158
  endloop
 endfacet
facet normal -0.521481454 -0.486347646 0.701087058
  outer loop
   vertex 24008.6953 35984.5156 33196.8789
   vertex 24008.4492 35861.5938 33111.4258
   vertex 24076.2812 35941.1562 33217.0742
  endloop
 endfacet
facet normal -0.564681709 -0.812349737 0.145679444
  outer loop
   vertex 24008.6953 35984.5156 33196.8789
   vertex 24076.2812 35941.1562 33217.0742
   vertex 24067.625 35951.5352 33241.3984
  endloop
 endfacet
facet normal -0.583121061 0.0260908287 0.811966181
  outer loop
   vertex 23877.8652 36657.7656 33030.8359
   vertex 23901.9512 36469.957 33054.168
   vertex 23967.1465 36645.793 33095.3359
  endloop
 endfacet
facet normal -0.956868827 0.282716364 -0.0668841079
  outer loop
   vertex 23784.0664 35998.207 32827.0586
   vertex 23775.1855 35956.4414 32777.5742
   vertex 23768.9473 35938.5898 32791.3672
  endloop
 endfacet
facet normal -0.471830338 0.211034834 0.856060982
  outer loop
   vertex 23864.1543 36876.1289 32981.7891
   vertex 23967.1465 36645.793 33095.3359
   vertex 24126.0762 36819.7852 33140.0391
  endloop
 endfacet
facet normal -0.566301525 0.146606237 0.811054409
  outer loop
   vertex 23864.1543 36876.1289 32981.7891
   vertex 23877.8652 36657.7656 33030.8359
   vertex 23967.1465 36645.793 33095.3359
  endloop
 endfacet
facet normal 0.0828745216 0.162142575 0.983281016
  outer loop
   vertex 24050.1621 36149.2344 33211.2812
   vertex 24181.2734 36250.1055 33183.5977
   vertex 24068.4355 36427.6445 33163.832
  endloop
 endfacet
facet normal -0.38042748 0.111618578 0.91805023
  outer loop
   vertex 24126.0762 36819.7852 33140.0391
   vertex 23967.1465 36645.793 33095.3359
   vertex 24068.4355 36427.6445 33163.832
  endloop
 endfacet
facet normal -0.548711658 0.00771104498 0.835976124
  outer loop
   vertex 23967.1465 36645.793 33095.3359
   vertex 23901.9512 36469.957 33054.168
   vertex 24068.4355 36427.6445 33163.832
  endloop
 endfacet
facet normal 0.407531023 -0.15661189 0.89966172
  outer loop
   vertex 23924.1211 35708.0469 32962.8086
   vertex 23944.1211 35713.3516 32954.6719
   vertex 23962.5 35797.3203 32960.9648
  endloop
 endfacet
facet normal 0.765476644 -0.317517728 0.559667766
  outer loop
   vertex 23924.1211 35708.0469 32962.8086
   vertex 23962.5 35797.3203 32960.9648
   vertex 23892.4531 35717.3164 33011.3789
  endloop
 endfacet
facet normal 0.272412002 -0.961230814 0.0427431166
  outer loop
   vertex 23931.1406 35709.582 32952.6055
   vertex 23944.1211 35713.3516 32954.6719
   vertex 23924.1211 35708.0469 32962.8086
  endloop
 endfacet
facet normal 0.0742639676 -0.569901645 -0.818350196
  outer loop
   vertex 23947.002 36117.3203 32688.9824
   vertex 23808.3828 36041.0859 32729.4922
   vertex 23784.5684 36286.043 32556.7441
  endloop
 endfacet
facet normal -0.298417717 -0.813901305 -0.498509258
  outer loop
   vertex 23819.8828 35682.7148 32987.0508
   vertex 23814.2285 35703.7891 32956.0273
   vertex 23826.918 35697.7539 32958.2891
  endloop
 endfacet
facet normal 0.319883913 -0.162141964 0.933479667
  outer loop
   vertex 23983.543 36078.8047 33221.8789
   vertex 24008.6953 35984.5156 33196.8789
   vertex 24050.1621 36149.2344 33211.2812
  endloop
 endfacet
facet normal -0.250947952 -0.0214428529 0.967763066
  outer loop
   vertex 24098.5332 36059.8906 33221.8477
   vertex 24050.1621 36149.2344 33211.2812
   vertex 24008.6953 35984.5156 33196.8789
  endloop
 endfacet
facet normal -0.389781982 0.164451137 0.906104743
  outer loop
   vertex 24089.6211 35970.1562 33234.2969
   vertex 24098.5332 36059.8906 33221.8477
   vertex 24008.6953 35984.5156 33196.8789
  endloop
 endfacet
facet normal -0.250698894 0.589055061 0.768221438
  outer loop
   vertex 24067.625 35951.5352 33241.3984
   vertex 24089.6211 35970.1562 33234.2969
   vertex 24008.6953 35984.5156 33196.8789
  endloop
 endfacet
facet normal 0.475450575 -0.846281052 -0.240322888
  outer loop
   vertex 23742.332 36256.582 32576.9297
   vertex 23784.5684 36286.043 32556.7441
   vertex 23741.2695 36250.2891 32596.9785
  endloop
 endfacet
facet normal 0.0944118947 -0.979084253 0.180223405
  outer loop
   vertex 23814.3281 36544.1406 31522.4023
   vertex 23850.9961 36571.5469 31652.0977
   vertex 23682.1172 36553.2656 31641.2559
  endloop
 endfacet
facet normal -0.572433293 -0.783509731 0.241728365
  outer loop
   vertex 23340.5137 36672.8086 31557.252
   vertex 23494.5918 36616.6523 31740.0977
   vertex 23367.8184 36704.6641 31725.1582
  endloop
 endfacet
facet normal -0.0769394189 -0.0851945952 0.993389249
  outer loop
   vertex 23969.6719 36066.1211 33219.7148
   vertex 23983.543 36078.8047 33221.8789
   vertex 23959.4707 36088.875 33220.875
  endloop
 endfacet
facet normal -0.849960804 -0.437525928 0.293492198
  outer loop
   vertex 23473.2227 36746.8711 32096.2559
   vertex 23406.166 36729.7852 31876.5879
   vertex 23456.9551 36701.7383 31981.8613
  endloop
 endfacet
facet normal -0.810143709 0.0795804784 0.580804706
  outer loop
   vertex 23877.8652 36657.7656 33030.8359
   vertex 23864.1543 36876.1289 32981.7891
   vertex 23795.6328 36655.7266 32916.4102
  endloop
 endfacet
facet normal -0.568812132 -0.0663410723 0.819787562
  outer loop
   vertex 23791.8398 36783.5039 32924.1172
   vertex 23795.6328 36655.7266 32916.4102
   vertex 23864.1543 36876.1289 32981.7891
  endloop
 endfacet
facet normal -0.220608398 -0.546842754 -0.807647765
  outer loop
   vertex 23775.1855 35956.4414 32777.5742
   vertex 23796.7617 35916.2812 32798.8711
   vertex 23768.9473 35938.5898 32791.3672
  endloop
 endfacet
facet normal -0.929086924 0.204422995 0.30823493
  outer loop
   vertex 23833.0332 35735.7969 32991.4805
   vertex 23814.2285 35703.7891 32956.0273
   vertex 23819.8828 35682.7148 32987.0508
  endloop
 endfacet
facet normal -0.811377645 -0.0315459035 0.583670437
  outer loop
   vertex 23901.9512 36469.957 33054.168
   vertex 23877.8652 36657.7656 33030.8359
   vertex 23795.6328 36655.7266 32916.4102
  endloop
 endfacet
facet normal 0.607836425 -0.472154081 -0.638439834
  outer loop
   vertex 23870.5391 35761.8594 32884.0391
   vertex 23841.5703 35748.1953 32866.5625
   vertex 23849.6289 35771.7227 32856.8359
  endloop
 endfacet
facet normal -0.150073692 -0.607544899 -0.779978871
  outer loop
   vertex 23828.0918 35782.7383 32891.8633
   vertex 23826.918 35697.7539 32958.2891
   vertex 23814.2285 35703.7891 32956.0273
  endloop
 endfacet
facet normal -0.769786417 0.138685942 0.623053074
  outer loop
   vertex 23847.5195 35696.6836 33018.0859
   vertex 23833.0332 35735.7969 32991.4805
   vertex 23819.8828 35682.7148 32987.0508
  endloop
 endfacet
facet normal -0.732350528 -0.157907099 0.662365496
  outer loop
   vertex 23847.5195 35696.6836 33018.0859
   vertex 23838.2461 35679.8438 33003.8203
   vertex 23849.543 35675.5781 33015.293
  endloop
 endfacet
facet normal -0.0460301004 -0.982656479 -0.179631352
  outer loop
   vertex 23924.1211 35708.0469 32962.8086
   vertex 23881.9512 35712.7852 32947.6914
   vertex 23931.1406 35709.582 32952.6055
  endloop
 endfacet
facet normal -0.144336134 -0.985067427 0.0938577577
  outer loop
   vertex 23924.1211 35708.0469 32962.8086
   vertex 23892.4531 35717.3164 33011.3789
   vertex 23881.9512 35712.7852 32947.6914
  endloop
 endfacet
facet normal -0.873103559 -0.0135519067 0.487346441
  outer loop
   vertex 23882.4824 35917.9062 33066.3828
   vertex 23831.8867 36040.0703 32979.1367
   vertex 23819.9277 35878.9102 32953.2305
  endloop
 endfacet
facet normal 0.963067114 -0.247431055 0.106205657
  outer loop
   vertex 23826.918 35697.7539 32958.2891
   vertex 23833.0332 35735.7969 32991.4805
   vertex 23819.8828 35682.7148 32987.0508
  endloop
 endfacet
facet normal 0.66205281 -0.102030911 -0.742479503
  outer loop
   vertex 23838.2461 35679.8438 33003.8203
   vertex 23819.8828 35682.7148 32987.0508
   vertex 23833.0332 35735.7969 32991.4805
  endloop
 endfacet
facet normal 0.0668222308 -0.604284048 0.793961942
  outer loop
   vertex 23907.4453 35802.668 33075.0781
   vertex 23892.4531 35717.3164 33011.3789
   vertex 24008.4492 35861.5938 33111.4258
  endloop
 endfacet
facet normal -0.690705359 -0.0955334082 0.716798067
  outer loop
   vertex 23907.4453 35802.668 33075.0781
   vertex 24008.6953 35984.5156 33196.8789
   vertex 23882.4824 35917.9062 33066.3828
  endloop
 endfacet
facet normal 0.0375534222 -0.57046175 0.820465207
  outer loop
   vertex 23907.4453 35802.668 33075.0781
   vertex 24008.4492 35861.5938 33111.4258
   vertex 24008.6953 35984.5156 33196.8789
  endloop
 endfacet
facet normal 0.543377697 -0.838953793 -0.0299538821
  outer loop
   vertex 23881.9512 35712.7852 32947.6914
   vertex 23892.4531 35717.3164 33011.3789
   vertex 23845.8926 35688.168 32983.1133
  endloop
 endfacet
facet normal 0.15206033 -0.877397299 -0.455029279
  outer loop
   vertex 23826.918 35697.7539 32958.2891
   vertex 23881.9512 35712.7852 32947.6914
   vertex 23845.8926 35688.168 32983.1133
  endloop
 endfacet
facet normal -0.676133692 -0.222714275 0.702311575
  outer loop
   vertex 23838.2461 35679.8438 33003.8203
   vertex 23847.5195 35696.6836 33018.0859
   vertex 23819.8828 35682.7148 32987.0508
  endloop
 endfacet
facet normal -0.856346667 0.0329282545 0.515350401
  outer loop
   vertex 23901.9512 36469.957 33054.168
   vertex 23786.9805 36320.3164 32872.6836
   vertex 23940.459 36146.3867 33138.8281
  endloop
 endfacet
facet normal -0.845077634 0.0661148801 0.530539989
  outer loop
   vertex 23831.8867 36040.0703 32979.1367
   vertex 23940.459 36146.3867 33138.8281
   vertex 23786.9805 36320.3164 32872.6836
  endloop
 endfacet
facet normal 0.575579941 -0.80990696 -0.112953305
  outer loop
   vertex 23892.4531 35717.3164 33011.3789
   vertex 23838.2461 35679.8438 33003.8203
   vertex 23845.8926 35688.168 32983.1133
  endloop
 endfacet
facet normal -0.787250996 0.119850747 0.60487324
  outer loop
   vertex 23833.0332 35735.7969 32991.4805
   vertex 23847.5195 35696.6836 33018.0859
   vertex 23907.4453 35802.668 33075.0781
  endloop
 endfacet
facet normal -0.702623427 -0.0990329534 0.704636633
  outer loop
   vertex 23833.0332 35735.7969 32991.4805
   vertex 23907.4453 35802.668 33075.0781
   vertex 23882.4824 35917.9062 33066.3828
  endloop
 endfacet
facet normal 0.318071485 0.809403241 0.493656665
  outer loop
   vertex 23983.543 36078.8047 33221.8789
   vertex 23940.459 36146.3867 33138.8281
   vertex 23959.4707 36088.875 33220.875
  endloop
 endfacet
facet normal -0.545725048 0.175471276 0.819386363
  outer loop
   vertex 24050.1621 36149.2344 33211.2812
   vertex 24068.4355 36427.6445 33163.832
   vertex 23940.459 36146.3867 33138.8281
  endloop
 endfacet
facet normal -0.47052452 0.548963904 0.690829456
  outer loop
   vertex 23983.543 36078.8047 33221.8789
   vertex 24050.1621 36149.2344 33211.2812
   vertex 23940.459 36146.3867 33138.8281
  endloop
 endfacet
facet normal -0.514536798 0.159220397 0.842556059
  outer loop
   vertex 24068.4355 36427.6445 33163.832
   vertex 23901.9512 36469.957 33054.168
   vertex 23940.459 36146.3867 33138.8281
  endloop
 endfacet
facet normal -0.907809913 -0.411572665 -0.0805546567
  outer loop
   vertex 24008.6953 35984.5156 33196.8789
   vertex 23969.6719 36066.1211 33219.7148
   vertex 23940.459 36146.3867 33138.8281
  endloop
 endfacet
facet normal -0.706612945 -0.0446131378 0.706192493
  outer loop
   vertex 23882.4824 35917.9062 33066.3828
   vertex 24008.6953 35984.5156 33196.8789
   vertex 23940.459 36146.3867 33138.8281
  endloop
 endfacet
facet normal -0.911467969 -0.404910058 -0.0726221725
  outer loop
   vertex 23969.6719 36066.1211 33219.7148
   vertex 23959.4707 36088.875 33220.875
   vertex 23940.459 36146.3867 33138.8281
  endloop
 endfacet
facet normal -0.838645279 0.0405834056 0.543163955
  outer loop
   vertex 23831.8867 36040.0703 32979.1367
   vertex 23882.4824 35917.9062 33066.3828
   vertex 23940.459 36146.3867 33138.8281
  endloop
 endfacet
facet normal -0.899528682 -0.172345832 -0.401428759
  outer loop
   vertex 23845.8926 35688.168 32983.1133
   vertex 23838.2461 35679.8438 33003.8203
   vertex 23833.0332 35735.7969 32991.4805
  endloop
 endfacet
facet normal -0.809659421 -0.306542873 0.500482798
  outer loop
   vertex 23845.8926 35688.168 32983.1133
   vertex 23833.0332 35735.7969 32991.4805
   vertex 23826.918 35697.7539 32958.2891
  endloop
 endfacet
facet normal -0.880800664 0.0453166515 0.471313715
  outer loop
   vertex 23819.9277 35878.9102 32953.2305
   vertex 23833.0332 35735.7969 32991.4805
   vertex 23882.4824 35917.9062 33066.3828
  endloop
 endfacet
facet normal -0.981180787 -0.177888334 0.0750998259
  outer loop
   vertex 23784.0664 35998.207 32827.0586
   vertex 23796.7617 35916.2812 32798.8711
   vertex 23828.0918 35782.7383 32891.8633
  endloop
 endfacet
facet normal 0.379092336 -0.595309377 0.708445966
  outer loop
   vertex 23892.4531 35717.3164 33011.3789
   vertex 23907.4453 35802.668 33075.0781
   vertex 23847.5195 35696.6836 33018.0859
  endloop
 endfacet
facet normal 0.196041673 -0.110165223 0.974387646
  outer loop
   vertex 23849.543 35675.5781 33015.293
   vertex 23892.4531 35717.3164 33011.3789
   vertex 23847.5195 35696.6836 33018.0859
  endloop
 endfacet
facet normal -0.925111711 0.323714733 0.198436633
  outer loop
   vertex 23828.0918 35782.7383 32891.8633
   vertex 23814.2285 35703.7891 32956.0273
   vertex 23833.0332 35735.7969 32991.4805
  endloop
 endfacet
facet normal -0.995983779 -0.0892309546 0.00735512003
  outer loop
   vertex 23828.0918 35782.7383 32891.8633
   vertex 23833.0332 35735.7969 32991.4805
   vertex 23819.9277 35878.9102 32953.2305
  endloop
 endfacet
facet normal -0.949323714 -0.314268023 0.0044901208
  outer loop
   vertex 23746.75 36234.918 32680.0137
   vertex 23733.582 36273.4844 32595.2012
   vertex 23741.2695 36250.2891 32596.9785
  endloop
 endfacet
facet normal 0.0716977641 -0.489712059 -0.868931234
  outer loop
   vertex 23796.7617 35916.2812 32798.8711
   vertex 23808.3828 36041.0859 32729.4922
   vertex 23884.7598 35882.2461 32825.3125
  endloop
 endfacet
facet normal 0.0282123741 -0.566763222 -0.823397577
  outer loop
   vertex 23884.7598 35882.2461 32825.3125
   vertex 23828.0918 35782.7383 32891.8633
   vertex 23796.7617 35916.2812 32798.8711
  endloop
 endfacet
facet normal -0.831196249 0.108687639 -0.545252025
  outer loop
   vertex 23884.7598 35882.2461 32825.3125
   vertex 23849.6289 35771.7227 32856.8359
   vertex 23828.0918 35782.7383 32891.8633
  endloop
 endfacet
facet normal -0.8406744 0.0656608492 -0.537545562
  outer loop
   vertex 23841.5703 35748.1953 32866.5625
   vertex 23828.0918 35782.7383 32891.8633
   vertex 23849.6289 35771.7227 32856.8359
  endloop
 endfacet
facet normal -0.955528975 0.0236493852 0.293947488
  outer loop
   vertex 23819.9277 35878.9102 32953.2305
   vertex 23831.8867 36040.0703 32979.1367
   vertex 23784.0664 35998.207 32827.0586
  endloop
 endfacet
facet normal -0.950557053 -0.0351071134 0.308559179
  outer loop
   vertex 23786.9805 36320.3164 32872.6836
   vertex 23784.0664 35998.207 32827.0586
   vertex 23831.8867 36040.0703 32979.1367
  endloop
 endfacet
facet normal -0.823495567 -0.0524024852 0.564897358
  outer loop
   vertex 23786.9805 36320.3164 32872.6836
   vertex 23901.9512 36469.957 33054.168
   vertex 23795.6328 36655.7266 32916.4102
  endloop
 endfacet
facet normal -0.775499403 0.242519915 0.582910597
  outer loop
   vertex 23791.8398 36783.5039 32924.1172
   vertex 23864.1543 36876.1289 32981.7891
   vertex 23735.2656 36827.8516 32830.4023
  endloop
 endfacet
facet normal -0.894303203 -0.0951729268 0.437222898
  outer loop
   vertex 23795.6328 36655.7266 32916.4102
   vertex 23735.2656 36827.8516 32830.4023
   vertex 23655.5879 36681.8984 32635.6562
  endloop
 endfacet
facet normal -0.866212428 -0.0556690656 0.496565193
  outer loop
   vertex 23795.6328 36655.7266 32916.4102
   vertex 23791.8398 36783.5039 32924.1172
   vertex 23735.2656 36827.8516 32830.4023
  endloop
 endfacet
facet normal -0.166227803 -0.624065518 0.763485789
  outer loop
   vertex 23841.5703 35748.1953 32866.5625
   vertex 23870.5391 35761.8594 32884.0391
   vertex 23828.0918 35782.7383 32891.8633
  endloop
 endfacet
facet normal -0.455735534 -0.7425735 -0.490805149
  outer loop
   vertex 23870.5391 35761.8594 32884.0391
   vertex 23881.9512 35712.7852 32947.6914
   vertex 23828.0918 35782.7383 32891.8633
  endloop
 endfacet
facet normal 0.0165609457 -0.615862489 -0.787679613
  outer loop
   vertex 23826.918 35697.7539 32958.2891
   vertex 23828.0918 35782.7383 32891.8633
   vertex 23881.9512 35712.7852 32947.6914
  endloop
 endfacet
facet normal -0.495403767 -0.350274712 0.794910491
  outer loop
   vertex 23796.7617 35916.2812 32798.8711
   vertex 23784.0664 35998.207 32827.0586
   vertex 23768.9473 35938.5898 32791.3672
  endloop
 endfacet
facet normal -0.572267652 -0.818437994 -0.0516622812
  outer loop
   vertex 23493.584 36567 31537.9492
   vertex 23429.8848 36606.6602 31615.2188
   vertex 23340.5137 36672.8086 31557.252
  endloop
 endfacet
facet normal -0.298190296 -0.953414142 0.0456512645
  outer loop
   vertex 23667.2637 36565.8438 31806.8711
   vertex 23494.5918 36616.6523 31740.0977
   vertex 23682.1172 36553.2656 31641.2559
  endloop
 endfacet
facet normal -0.978812933 -0.162539124 0.124524117
  outer loop
   vertex 23819.9277 35878.9102 32953.2305
   vertex 23784.0664 35998.207 32827.0586
   vertex 23828.0918 35782.7383 32891.8633
  endloop
 endfacet
facet normal -0.282612145 -0.95923382 0.000938988582
  outer loop
   vertex 23494.5918 36616.6523 31740.0977
   vertex 23667.2637 36565.8438 31806.8711
   vertex 23622.752 36579.0664 31918.8965
  endloop
 endfacet
facet normal -0.929888308 -0.222611383 0.292834312
  outer loop
   vertex 23712.125 36399.8906 32695.4766
   vertex 23746.75 36234.918 32680.0137
   vertex 23786.9805 36320.3164 32872.6836
  endloop
 endfacet
facet normal -0.925263941 -0.302555293 0.228794605
  outer loop
   vertex 23240.7578 36822.3906 31554.377
   vertex 23277.5469 36829.4688 31712.5137
   vertex 23226.7305 36904.6914 31606.4844
  endloop
 endfacet
facet normal -0.932364047 -0.279407054 0.229410186
  outer loop
   vertex 23240.7578 36822.3906 31554.377
   vertex 23271.5059 36767.4727 31612.4531
   vertex 23277.5469 36829.4688 31712.5137
  endloop
 endfacet
facet normal -0.65364486 -0.747840643 0.116115227
  outer loop
   vertex 23456.9551 36701.7383 31981.8613
   vertex 23406.166 36729.7852 31876.5879
   vertex 23520.3398 36643.9609 31966.5527
  endloop
 endfacet
facet normal 0.107902117 -0.994151294 -0.00451451773
  outer loop
   vertex 23850.9961 36571.5469 31652.0977
   vertex 23816.2285 36567.0703 31806.8398
   vertex 23682.1172 36553.2656 31641.2559
  endloop
 endfacet
facet normal 0.00823773537 -0.997039616 0.0764468983
  outer loop
   vertex 23667.2637 36565.8438 31806.8711
   vertex 23682.1172 36553.2656 31641.2559
   vertex 23816.2285 36567.0703 31806.8398
  endloop
 endfacet
facet normal -0.165283293 -0.971028805 0.172581911
  outer loop
   vertex 23493.584 36567 31537.9492
   vertex 23685.4062 36513.4023 31420.1055
   vertex 23682.1172 36553.2656 31641.2559
  endloop
 endfacet
facet normal 0.0923486426 -0.979692101 0.177974939
  outer loop
   vertex 23814.3281 36544.1406 31522.4023
   vertex 23682.1172 36553.2656 31641.2559
   vertex 23685.4062 36513.4023 31420.1055
  endloop
 endfacet
facet normal -0.197938144 -0.951690078 0.234747782
  outer loop
   vertex 23494.5918 36616.6523 31740.0977
   vertex 23493.584 36567 31537.9492
   vertex 23682.1172 36553.2656 31641.2559
  endloop
 endfacet
facet normal -0.298977911 -0.926367402 0.229032055
  outer loop
   vertex 23429.8848 36606.6602 31615.2188
   vertex 23493.584 36567 31537.9492
   vertex 23494.5918 36616.6523 31740.0977
  endloop
 endfacet
facet normal -0.55175823 -0.832170129 0.0552781448
  outer loop
   vertex 23616.1992 36583.7539 32016.9902
   vertex 23622.5742 36587.0977 32130.9629
   vertex 23520.3398 36643.9609 31966.5527
  endloop
 endfacet
facet normal -0.332124144 -0.94210273 0.0462173223
  outer loop
   vertex 23616.1992 36583.7539 32016.9902
   vertex 23720.8457 36548.8359 32057.2148
   vertex 23622.5742 36587.0977 32130.9629
  endloop
 endfacet
facet normal 0.0408790596 -0.996456981 -0.0735008344
  outer loop
   vertex 23816.2285 36567.0703 31806.8398
   vertex 23940.8281 36552.0117 32080.2891
   vertex 23750.2852 36555.168 31931.5352
  endloop
 endfacet
facet normal -0.575614333 -0.72941041 0.369632989
  outer loop
   vertex 23520.3398 36643.9609 31966.5527
   vertex 23473.2227 36746.8711 32096.2559
   vertex 23456.9551 36701.7383 31981.8613
  endloop
 endfacet
facet normal -0.035480801 -0.483038932 -0.874879718
  outer loop
   vertex 23796.7617 35916.2812 32798.8711
   vertex 23775.1855 35956.4414 32777.5742
   vertex 23808.3828 36041.0859 32729.4922
  endloop
 endfacet
facet normal -0.974664629 -0.185396329 0.12512818
  outer loop
   vertex 23655.5879 36681.8984 32635.6562
   vertex 23645.9141 36557.75 32376.3691
   vertex 23703.6855 36396.9727 32588.1465
  endloop
 endfacet
facet normal 0.00552302226 -0.613565922 -0.789624155
  outer loop
   vertex 24044.7031 36363.4414 32498.4219
   vertex 23947.002 36117.3203 32688.9824
   vertex 23784.5684 36286.043 32556.7441
  endloop
 endfacet
facet normal 0.0481917001 -0.942896962 -0.32957986
  outer loop
   vertex 23720.8457 36548.8359 32057.2148
   vertex 23940.8281 36552.0117 32080.2891
   vertex 23791.0762 36474.5312 32280.0605
  endloop
 endfacet
facet normal -0.734856665 -0.635394633 0.237190545
  outer loop
   vertex 23520.3398 36643.9609 31966.5527
   vertex 23622.5742 36587.0977 32130.9629
   vertex 23473.2227 36746.8711 32096.2559
  endloop
 endfacet
facet normal -0.611016452 0.413359374 -0.675124347
  outer loop
   vertex 23742.332 36256.582 32576.9297
   vertex 23733.582 36273.4844 32595.2012
   vertex 23784.5684 36286.043 32556.7441
  endloop
 endfacet
facet normal -0.818158388 -0.543019354 -0.189068213
  outer loop
   vertex 23784.5684 36286.043 32556.7441
   vertex 23703.6855 36396.9727 32588.1465
   vertex 23645.9141 36557.75 32376.3691
  endloop
 endfacet
facet normal -0.648065805 -0.622229397 -0.439137012
  outer loop
   vertex 23791.0762 36474.5312 32280.0605
   vertex 23784.5684 36286.043 32556.7441
   vertex 23645.9141 36557.75 32376.3691
  endloop
 endfacet
facet normal -0.563061655 -0.182366088 -0.806042254
  outer loop
   vertex 23784.5684 36286.043 32556.7441
   vertex 23733.582 36273.4844 32595.2012
   vertex 23703.6855 36396.9727 32588.1465
  endloop
 endfacet
facet normal -0.980397642 -0.179168016 0.0819709003
  outer loop
   vertex 23655.5879 36681.8984 32635.6562
   vertex 23703.6855 36396.9727 32588.1465
   vertex 23712.125 36399.8906 32695.4766
  endloop
 endfacet
facet normal -0.932509601 -0.11428456 0.342585593
  outer loop
   vertex 23655.5879 36681.8984 32635.6562
   vertex 23712.125 36399.8906 32695.4766
   vertex 23786.9805 36320.3164 32872.6836
  endloop
 endfacet
facet normal -0.895599186 -0.034716364 0.443505168
  outer loop
   vertex 23655.5879 36681.8984 32635.6562
   vertex 23786.9805 36320.3164 32872.6836
   vertex 23795.6328 36655.7266 32916.4102
  endloop
 endfacet
facet normal -0.971520662 -0.232631326 0.0450590923
  outer loop
   vertex 23746.75 36234.918 32680.0137
   vertex 23703.6855 36396.9727 32588.1465
   vertex 23733.582 36273.4844 32595.2012
  endloop
 endfacet
facet normal -0.973774016 -0.212092742 0.0823456794
  outer loop
   vertex 23746.75 36234.918 32680.0137
   vertex 23712.125 36399.8906 32695.4766
   vertex 23703.6855 36396.9727 32588.1465
  endloop
 endfacet
facet normal -0.474849969 -0.865695834 0.158392742
  outer loop
   vertex 23494.5918 36616.6523 31740.0977
   vertex 23622.752 36579.0664 31918.8965
   vertex 23520.3398 36643.9609 31966.5527
  endloop
 endfacet
facet normal -0.671866596 -0.722398281 0.16351141
  outer loop
   vertex 23406.166 36729.7852 31876.5879
   vertex 23494.5918 36616.6523 31740.0977
   vertex 23520.3398 36643.9609 31966.5527
  endloop
 endfacet
facet normal -0.729122818 -0.684269071 -0.0124790436
  outer loop
   vertex 23473.2227 36746.8711 32096.2559
   vertex 23622.5742 36587.0977 32130.9629
   vertex 23645.9141 36557.75 32376.3691
  endloop
 endfacet
facet normal -0.891914725 0.046646513 0.449791282
  outer loop
   vertex 23263.5781 36884.7695 31788.1797
   vertex 23318.4531 36899.2461 31895.4883
   vertex 23254.4883 36938.7383 31764.5547
  endloop
 endfacet
facet normal -0.667871833 -0.654230058 0.354866445
  outer loop
   vertex 23263.5781 36884.7695 31788.1797
   vertex 23252.084 36881.4766 31760.4746
   vertex 23277.5469 36829.4688 31712.5137
  endloop
 endfacet
facet normal -0.914563656 -0.163884297 0.369750202
  outer loop
   vertex 23345.2676 37030.875 32020.1562
   vertex 23318.4531 36899.2461 31895.4883
   vertex 23383.4121 36906.2852 32059.2832
  endloop
 endfacet
facet normal -0.596414566 -0.696507931 0.398956597
  outer loop
   vertex 23277.5469 36829.4688 31712.5137
   vertex 23318.4531 36899.2461 31895.4883
   vertex 23263.5781 36884.7695 31788.1797
  endloop
 endfacet
facet normal -0.812612295 -0.460457206 0.357267976
  outer loop
   vertex 23277.5469 36829.4688 31712.5137
   vertex 23406.166 36729.7852 31876.5879
   vertex 23318.4531 36899.2461 31895.4883
  endloop
 endfacet
facet normal -0.90313518 0.130714312 0.408975065
  outer loop
   vertex 23345.2676 37030.875 32020.1562
   vertex 23297.1406 37127.0273 31883.1484
   vertex 23287.043 37028.9648 31892.1914
  endloop
 endfacet
facet normal -0.847747386 -0.395684749 0.353210926
  outer loop
   vertex 23473.2227 36746.8711 32096.2559
   vertex 23383.4121 36906.2852 32059.2832
   vertex 23318.4531 36899.2461 31895.4883
  endloop
 endfacet
facet normal -0.913296223 -0.162298948 0.373562634
  outer loop
   vertex 23437.9023 36953.0664 32212.8301
   vertex 23345.2676 37030.875 32020.1562
   vertex 23383.4121 36906.2852 32059.2832
  endloop
 endfacet
facet normal -0.832253575 -0.373950511 0.409285963
  outer loop
   vertex 23473.2227 36746.8711 32096.2559
   vertex 23437.9023 36953.0664 32212.8301
   vertex 23383.4121 36906.2852 32059.2832
  endloop
 endfacet
facet normal -0.83590585 -0.465162069 0.291351438
  outer loop
   vertex 23406.166 36729.7852 31876.5879
   vertex 23473.2227 36746.8711 32096.2559
   vertex 23318.4531 36899.2461 31895.4883
  endloop
 endfacet
facet normal -0.905723691 -0.235713452 0.352283686
  outer loop
   vertex 23529.0059 36938.457 32437.2773
   vertex 23437.9023 36953.0664 32212.8301
   vertex 23539.4551 36772.7305 32353.2598
  endloop
 endfacet
facet normal -0.913647056 -0.307087362 0.26635775
  outer loop
   vertex 23473.2227 36746.8711 32096.2559
   vertex 23539.4551 36772.7305 32353.2598
   vertex 23437.9023 36953.0664 32212.8301
  endloop
 endfacet
facet normal -0.889707863 -0.205063999 0.407883197
  outer loop
   vertex 23287.043 37028.9648 31892.1914
   vertex 23318.4531 36899.2461 31895.4883
   vertex 23345.2676 37030.875 32020.1562
  endloop
 endfacet
facet normal -0.92470479 0.344725639 0.16150932
  outer loop
   vertex 23209.8848 37090.1289 31569.2383
   vertex 23223.7129 37134.8555 31552.9473
   vertex 23202.0664 37083.8906 31537.7891
  endloop
 endfacet
facet normal -0.881702781 -0.411887765 0.230105802
  outer loop
   vertex 23645.9141 36557.75 32376.3691
   vertex 23655.5879 36681.8984 32635.6562
   vertex 23539.4551 36772.7305 32353.2598
  endloop
 endfacet
facet normal -0.931551874 -0.286063343 0.224452317
  outer loop
   vertex 23655.5879 36681.8984 32635.6562
   vertex 23586.4062 36850.4609 32563.3672
   vertex 23529.0059 36938.457 32437.2773
  endloop
 endfacet
facet normal -0.925489604 -0.216077954 0.311093688
  outer loop
   vertex 23655.5879 36681.8984 32635.6562
   vertex 23529.0059 36938.457 32437.2773
   vertex 23539.4551 36772.7305 32353.2598
  endloop
 endfacet
facet normal -0.914626122 -0.0178804956 0.403905064
  outer loop
   vertex 23604.6836 36936.4766 32608.5586
   vertex 23529.0059 36938.457 32437.2773
   vertex 23586.4062 36850.4609 32563.3672
  endloop
 endfacet
facet normal -0.897703886 -0.13485463 0.419454336
  outer loop
   vertex 23604.6836 36936.4766 32608.5586
   vertex 23655.5879 36681.8984 32635.6562
   vertex 23661.3262 36884.6211 32713.1133
  endloop
 endfacet
facet normal -0.83243829 -0.108615756 0.54336828
  outer loop
   vertex 23604.6836 36936.4766 32608.5586
   vertex 23586.4062 36850.4609 32563.3672
   vertex 23655.5879 36681.8984 32635.6562
  endloop
 endfacet
facet normal -0.867873847 -0.155684575 0.471759826
  outer loop
   vertex 23655.5879 36681.8984 32635.6562
   vertex 23735.2656 36827.8516 32830.4023
   vertex 23661.3262 36884.6211 32713.1133
  endloop
 endfacet
facet normal -0.881027818 -0.00871849339 0.472984135
  outer loop
   vertex 23682.2246 37097.832 32755.9688
   vertex 23604.6836 36936.4766 32608.5586
   vertex 23661.3262 36884.6211 32713.1133
  endloop
 endfacet
facet normal -0.76536411 0.0269159898 0.643034458
  outer loop
   vertex 23864.1543 36876.1289 32981.7891
   vertex 23682.2246 37097.832 32755.9688
   vertex 23735.2656 36827.8516 32830.4023
  endloop
 endfacet
facet normal -0.911896944 -0.0999927819 0.398052037
  outer loop
   vertex 23345.2676 37030.875 32020.1562
   vertex 23437.9023 36953.0664 32212.8301
   vertex 23390.9668 37084.8711 32138.4141
  endloop
 endfacet
facet normal -0.89299798 -0.199053288 0.403648823
  outer loop
   vertex 23562.7852 37169.7148 32527.1816
   vertex 23682.2246 37097.832 32755.9688
   vertex 23615.6289 37184.6875 32651.4707
  endloop
 endfacet
facet normal -0.886146724 0.00249923556 0.46339798
  outer loop
   vertex 23562.7852 37169.7148 32527.1816
   vertex 23604.6836 36936.4766 32608.5586
   vertex 23682.2246 37097.832 32755.9688
  endloop
 endfacet
facet normal -0.993720591 0.111622646 0.00773212034
  outer loop
   vertex 23292.0664 37321.1875 31631.0469
   vertex 23287.9727 37289.1719 31567.1934
   vertex 23288.041 37282.5 31672.1621
  endloop
 endfacet
facet normal -0.950798512 -0.0438491851 0.30669114
  outer loop
   vertex 23263.9258 37011.0391 31817.9609
   vertex 23287.043 37028.9648 31892.1914
   vertex 23263.4648 37071.9023 31825.2305
  endloop
 endfacet
facet normal -0.917500854 0.0921019539 0.386922956
  outer loop
   vertex 23371.3477 37212.6367 32038.7344
   vertex 23297.1406 37127.0273 31883.1484
   vertex 23345.2676 37030.875 32020.1562
  endloop
 endfacet
facet normal -0.904669821 -0.170402348 0.390557945
  outer loop
   vertex 23263.9258 37011.0391 31817.9609
   vertex 23254.4883 36938.7383 31764.5547
   vertex 23318.4531 36899.2461 31895.4883
  endloop
 endfacet
facet normal -0.91694802 -0.213458434 0.337107956
  outer loop
   vertex 23263.9258 37011.0391 31817.9609
   vertex 23318.4531 36899.2461 31895.4883
   vertex 23287.043 37028.9648 31892.1914
  endloop
 endfacet
facet normal -0.951261222 -0.270911068 0.147340775
  outer loop
   vertex 23277.5469 36829.4688 31712.5137
   vertex 23254.4883 36938.7383 31764.5547
   vertex 23231.7578 36959.7461 31656.4336
  endloop
 endfacet
facet normal -0.845864296 0.0731358677 -0.528360486
  outer loop
   vertex 23277.5469 36829.4688 31712.5137
   vertex 23252.084 36881.4766 31760.4746
   vertex 23254.4883 36938.7383 31764.5547
  endloop
 endfacet
facet normal -0.931196094 -0.194605052 0.308225006
  outer loop
   vertex 23226.7305 36904.6914 31606.4844
   vertex 23277.5469 36829.4688 31712.5137
   vertex 23231.7578 36959.7461 31656.4336
  endloop
 endfacet
facet normal -0.816212535 0.458520472 0.351505429
  outer loop
   vertex 23331.623 37371.2344 31657.6133
   vertex 23292.0664 37321.1875 31631.0469
   vertex 23288.041 37282.5 31672.1621
  endloop
 endfacet
facet normal -0.942715466 0.102831081 0.317353606
  outer loop
   vertex 23345.2676 37030.875 32020.1562
   vertex 23390.9668 37084.8711 32138.4141
   vertex 23371.3477 37212.6367 32038.7344
  endloop
 endfacet
facet normal -0.906004131 0.130428523 0.402672172
  outer loop
   vertex 23263.4648 37071.9023 31825.2305
   vertex 23287.043 37028.9648 31892.1914
   vertex 23297.1406 37127.0273 31883.1484
  endloop
 endfacet
facet normal -0.972466171 -0.0593957901 0.225347817
  outer loop
   vertex 23449.8359 37386 32166.3203
   vertex 23490.375 37342.6016 32329.8223
   vertex 23468.7559 37414.3359 32255.4297
  endloop
 endfacet
facet normal -0.958700299 0.103109501 0.2650702
  outer loop
   vertex 23449.8359 37386 32166.3203
   vertex 23452.3574 37138.5 32271.7148
   vertex 23490.375 37342.6016 32329.8223
  endloop
 endfacet
facet normal -0.914545536 -0.0233940464 0.403805822
  outer loop
   vertex 23562.7852 37169.7148 32527.1816
   vertex 23529.0059 36938.457 32437.2773
   vertex 23604.6836 36936.4766 32608.5586
  endloop
 endfacet
facet normal -0.918908656 0.0601714663 0.389854193
  outer loop
   vertex 23490.375 37342.6016 32329.8223
   vertex 23452.3574 37138.5 32271.7148
   vertex 23562.7852 37169.7148 32527.1816
  endloop
 endfacet
facet normal -0.916766286 -0.0211483501 0.398863763
  outer loop
   vertex 23452.3574 37138.5 32271.7148
   vertex 23529.0059 36938.457 32437.2773
   vertex 23562.7852 37169.7148 32527.1816
  endloop
 endfacet
facet normal -0.86495173 0.0787910894 0.495631427
  outer loop
   vertex 23462.2773 37010.1406 32309.4316
   vertex 23529.0059 36938.457 32437.2773
   vertex 23452.3574 37138.5 32271.7148
  endloop
 endfacet
facet normal -0.895057678 -0.0700823814 0.440409184
  outer loop
   vertex 23437.9023 36953.0664 32212.8301
   vertex 23452.3574 37138.5 32271.7148
   vertex 23390.9668 37084.8711 32138.4141
  endloop
 endfacet
facet normal -0.969243407 -0.00259321951 0.246090487
  outer loop
   vertex 23437.9023 36953.0664 32212.8301
   vertex 23462.2773 37010.1406 32309.4316
   vertex 23452.3574 37138.5 32271.7148
  endloop
 endfacet
facet normal -0.938997447 0.256544471 0.229060501
  outer loop
   vertex 23449.8359 37386 32166.3203
   vertex 23407.8438 37411.7305 31965.3633
   vertex 23371.3477 37212.6367 32038.7344
  endloop
 endfacet
facet normal -0.869636059 0.107402563 0.481869072
  outer loop
   vertex 23685.4512 37267.0234 32769.6328
   vertex 23680.7832 37418.9258 32727.3477
   vertex 23627.0488 37279.8359 32661.377
  endloop
 endfacet
facet normal -0.865375936 0.134395346 0.482765347
  outer loop
   vertex 23657.4258 37217.5195 32733.1738
   vertex 23685.4512 37267.0234 32769.6328
   vertex 23627.0488 37279.8359 32661.377
  endloop
 endfacet
facet normal -0.572597086 -0.184365422 0.7988379
  outer loop
   vertex 24005.4258 37220.75 33075.8594
   vertex 23884.0449 37286.1758 33003.9531
   vertex 23821.625 37195.6523 32938.3203
  endloop
 endfacet
facet normal -0.520152807 -0.0198411513 0.853842735
  outer loop
   vertex 23864.1543 36876.1289 32981.7891
   vertex 24126.0762 36819.7852 33140.0391
   vertex 24005.4258 37220.75 33075.8594
  endloop
 endfacet
facet normal -0.356779665 0.0420270525 0.933242738
  outer loop
   vertex 24126.0762 36819.7852 33140.0391
   vertex 24289.9648 37175.3711 33186.6836
   vertex 24005.4258 37220.75 33075.8594
  endloop
 endfacet
facet normal -0.576254785 -0.278557658 0.768333316
  outer loop
   vertex 24169.7598 37982.2031 33245.5547
   vertex 24117.4219 37937.9961 33190.2734
   vertex 24241.6504 37880.0195 33262.4297
  endloop
 endfacet
facet normal -0.984051347 0.0787043795 0.159525961
  outer loop
   vertex 23209.4102 37017.1484 31490.2598
   vertex 23231.7578 36959.7461 31656.4336
   vertex 23250.0059 37112.6758 31693.5527
  endloop
 endfacet
facet normal -0.962366462 0.264775783 -0.061192967
  outer loop
   vertex 23234.3535 37107.5156 31140.8477
   vertex 23200.1719 37020.5312 31302.0469
   vertex 23243.7461 37180.2109 31307.6543
  endloop
 endfacet
facet normal -0.991838038 -0.0231809374 0.125379413
  outer loop
   vertex 23226.7305 36904.6914 31606.4844
   vertex 23231.7578 36959.7461 31656.4336
   vertex 23209.4102 37017.1484 31490.2598
  endloop
 endfacet
facet normal -0.963457406 -0.0699534044 0.258566052
  outer loop
   vertex 23207 36847.7344 31435.4434
   vertex 23240.7578 36822.3906 31554.377
   vertex 23209.4102 37017.1484 31490.2598
  endloop
 endfacet
facet normal -0.986738503 -0.162026331 -0.00972464029
  outer loop
   vertex 23226.7305 36904.6914 31606.4844
   vertex 23209.4102 37017.1484 31490.2598
   vertex 23240.7578 36822.3906 31554.377
  endloop
 endfacet
facet normal -0.997958422 -0.00636186404 0.0635495484
  outer loop
   vertex 23199.2773 36889.9453 31318.3906
   vertex 23207 36847.7344 31435.4434
   vertex 23209.4102 37017.1484 31490.2598
  endloop
 endfacet
facet normal -0.916333437 -0.294118941 0.27171132
  outer loop
   vertex 23187.3086 36975.2656 31370.3867
   vertex 23199.2773 36889.9453 31318.3906
   vertex 23209.4102 37017.1484 31490.2598
  endloop
 endfacet
facet normal -0.923382521 0.26987642 0.273004442
  outer loop
   vertex 23371.3477 37212.6367 32038.7344
   vertex 23407.8438 37411.7305 31965.3633
   vertex 23327.5898 37291.1719 31813.0938
  endloop
 endfacet
facet normal -0.862495363 0.45867759 0.213814527
  outer loop
   vertex 23331.623 37371.2344 31657.6133
   vertex 23288.041 37282.5 31672.1621
   vertex 23327.5898 37291.1719 31813.0938
  endloop
 endfacet
facet normal -0.863243282 -0.368140697 0.345374346
  outer loop
   vertex 23209.4102 37017.1484 31490.2598
   vertex 23250.0059 37112.6758 31693.5527
   vertex 23209.8848 37090.1289 31569.2383
  endloop
 endfacet
facet normal -0.974075139 0.0635340661 0.217120007
  outer loop
   vertex 23231.7578 36959.7461 31656.4336
   vertex 23254.4883 36938.7383 31764.5547
   vertex 23250.0059 37112.6758 31693.5527
  endloop
 endfacet
facet normal -0.990406215 0.0295846872 0.134982347
  outer loop
   vertex 23263.9258 37011.0391 31817.9609
   vertex 23250.0059 37112.6758 31693.5527
   vertex 23254.4883 36938.7383 31764.5547
  endloop
 endfacet
facet normal -0.549151897 0.443853527 -0.708114564
  outer loop
   vertex 23209.4102 37017.1484 31490.2598
   vertex 23202.0664 37083.8906 31537.7891
   vertex 23223.7129 37134.8555 31552.9473
  endloop
 endfacet
facet normal -0.978443027 0.176235452 -0.107658133
  outer loop
   vertex 23244.9199 37195.6445 31459.7266
   vertex 23209.4102 37017.1484 31490.2598
   vertex 23223.7129 37134.8555 31552.9473
  endloop
 endfacet
facet normal -0.864169538 0.491551936 -0.107646041
  outer loop
   vertex 23308.7559 37277.8203 31037.8652
   vertex 23264.0566 37228.6406 31172.1387
   vertex 23318.7656 37334.2617 31215.248
  endloop
 endfacet
facet normal -0.706397176 0.694169581 0.138317168
  outer loop
   vertex 23528.6836 37575.2344 31084.1895
   vertex 23441.3145 37481.0234 31110.8105
   vertex 23620.0605 37651.3906 31168.6641
  endloop
 endfacet
facet normal -0.96387887 0.261212915 0.0520123914
  outer loop
   vertex 23209.4102 37017.1484 31490.2598
   vertex 23243.7461 37180.2109 31307.6543
   vertex 23200.1719 37020.5312 31302.0469
  endloop
 endfacet
facet normal -0.937110364 0.345106572 0.0522073843
  outer loop
   vertex 23209.4102 37017.1484 31490.2598
   vertex 23200.1719 37020.5312 31302.0469
   vertex 23187.3086 36975.2656 31370.3867
  endloop
 endfacet
facet normal -0.892148495 0.450908095 0.027439354
  outer loop
   vertex 23264.0566 37228.6406 31172.1387
   vertex 23243.7461 37180.2109 31307.6543
   vertex 23318.7656 37334.2617 31215.248
  endloop
 endfacet
facet normal -0.966367602 0.251202911 -0.0550524704
  outer loop
   vertex 23264.0566 37228.6406 31172.1387
   vertex 23234.3535 37107.5156 31140.8477
   vertex 23243.7461 37180.2109 31307.6543
  endloop
 endfacet
facet normal -0.918936133 0.146563873 0.366163164
  outer loop
   vertex 23371.3477 37212.6367 32038.7344
   vertex 23452.3574 37138.5 32271.7148
   vertex 23449.8359 37386 32166.3203
  endloop
 endfacet
facet normal -0.919576466 0.144003257 0.365571022
  outer loop
   vertex 23390.9668 37084.8711 32138.4141
   vertex 23452.3574 37138.5 32271.7148
   vertex 23371.3477 37212.6367 32038.7344
  endloop
 endfacet
facet normal -0.830173552 0.260788977 0.49274841
  outer loop
   vertex 23468.7559 37414.3359 32255.4297
   vertex 23490.375 37342.6016 32329.8223
   vertex 23503.2617 37502.3555 32266.9824
  endloop
 endfacet
facet normal -0.741406739 0.164274096 0.650638223
  outer loop
   vertex 23768.0391 37345.2812 32870.4297
   vertex 23881.834 37414.9141 32982.5195
   vertex 23770.2715 37566.3672 32817.1523
  endloop
 endfacet
facet normal -0.985184133 0.17149961 -0.000371384813
  outer loop
   vertex 23529.7168 37653.8125 32029.6484
   vertex 23503.2617 37502.3555 32266.9824
   vertex 23525.3242 37629 32225.168
  endloop
 endfacet
facet normal -0.871705949 0.363207281 0.328951716
  outer loop
   vertex 23802.3711 37896.4258 32763.6074
   vertex 23869.8457 37982.9297 32846.8984
   vertex 23822.1035 38008.1523 32692.5352
  endloop
 endfacet
facet normal -0.676087379 0.72450155 -0.134176627
  outer loop
   vertex 23533.2148 37650.3125 31706.5605
   vertex 23689.793 37753.2461 31473.3926
   vertex 23432.6445 37516.8984 31492.916
  endloop
 endfacet
facet normal -0.891721129 0.386307508 0.235796407
  outer loop
   vertex 23529.7168 37653.8125 32029.6484
   vertex 23407.8438 37411.7305 31965.3633
   vertex 23449.8359 37386 32166.3203
  endloop
 endfacet
facet normal -0.935838819 0.334996611 0.109466508
  outer loop
   vertex 23529.7168 37653.8125 32029.6484
   vertex 23449.8359 37386 32166.3203
   vertex 23503.2617 37502.3555 32266.9824
  endloop
 endfacet
facet normal -0.487900496 -0.00237158407 0.872896016
  outer loop
   vertex 24171.0781 37540.9766 33169.3203
   vertex 23996.8516 37468.5312 33071.7383
   vertex 24005.4258 37220.75 33075.8594
  endloop
 endfacet
facet normal -0.372512311 -0.0772135258 0.924809515
  outer loop
   vertex 24005.4258 37220.75 33075.8594
   vertex 24289.9648 37175.3711 33186.6836
   vertex 24171.0781 37540.9766 33169.3203
  endloop
 endfacet
facet normal -0.801224887 0.266587287 0.535695732
  outer loop
   vertex 23903.2285 37881.8867 32947.1094
   vertex 23997.6914 37985.8203 33036.6719
   vertex 23869.8457 37982.9297 32846.8984
  endloop
 endfacet
facet normal -0.931543231 0.142776594 0.334427953
  outer loop
   vertex 23793.7207 37764.6836 32795.7539
   vertex 23802.3711 37896.4258 32763.6074
   vertex 23732.084 37853.625 32586.0938
  endloop
 endfacet
facet normal -0.859027982 0.329079419 0.392145008
  outer loop
   vertex 23727.4551 37700.9453 32704.0801
   vertex 23793.7207 37764.6836 32795.7539
   vertex 23732.084 37853.625 32586.0938
  endloop
 endfacet
facet normal -0.621393025 0.118288629 0.774518251
  outer loop
   vertex 23881.834 37414.9141 32982.5195
   vertex 23835.5566 37311.7148 32961.1523
   vertex 23884.0449 37286.1758 33003.9531
  endloop
 endfacet
facet normal -0.448032409 0.139343008 0.88309145
  outer loop
   vertex 24005.4258 37220.75 33075.8594
   vertex 23881.834 37414.9141 32982.5195
   vertex 23884.0449 37286.1758 33003.9531
  endloop
 endfacet
facet normal -0.610586286 -0.00796283782 0.791909695
  outer loop
   vertex 23996.8516 37468.5312 33071.7383
   vertex 23881.834 37414.9141 32982.5195
   vertex 24005.4258 37220.75 33075.8594
  endloop
 endfacet
facet normal -0.733890057 0.0447082706 0.67779541
  outer loop
   vertex 23768.0391 37345.2812 32870.4297
   vertex 23733.959 37228.2734 32841.2461
   vertex 23821.625 37195.6523 32938.3203
  endloop
 endfacet
facet normal -0.802494109 0.0864987969 0.590356767
  outer loop
   vertex 23768.0391 37345.2812 32870.4297
   vertex 23685.4512 37267.0234 32769.6328
   vertex 23733.959 37228.2734 32841.2461
  endloop
 endfacet
facet normal -0.805556715 -0.0197980292 0.592187762
  outer loop
   vertex 23768.0391 37345.2812 32870.4297
   vertex 23821.625 37195.6523 32938.3203
   vertex 23835.5566 37311.7148 32961.1523
  endloop
 endfacet
facet normal -0.747558534 0.204377323 0.631970048
  outer loop
   vertex 23835.5566 37311.7148 32961.1523
   vertex 23881.834 37414.9141 32982.5195
   vertex 23768.0391 37345.2812 32870.4297
  endloop
 endfacet
facet normal -0.814578056 0.13217859 0.564793229
  outer loop
   vertex 23768.0391 37345.2812 32870.4297
   vertex 23680.7832 37418.9258 32727.3477
   vertex 23685.4512 37267.0234 32769.6328
  endloop
 endfacet
facet normal -0.76732254 -0.0370571278 0.640189707
  outer loop
   vertex 23685.4512 37267.0234 32769.6328
   vertex 23657.4258 37217.5195 32733.1738
   vertex 23682.2246 37097.832 32755.9688
  endloop
 endfacet
facet normal -0.83470726 -0.0284852199 0.549956739
  outer loop
   vertex 23685.4512 37267.0234 32769.6328
   vertex 23682.2246 37097.832 32755.9688
   vertex 23733.959 37228.2734 32841.2461
  endloop
 endfacet
facet normal -0.788698912 -0.0213909708 0.614407361
  outer loop
   vertex 23682.2246 37097.832 32755.9688
   vertex 23864.1543 36876.1289 32981.7891
   vertex 23821.625 37195.6523 32938.3203
  endloop
 endfacet
facet normal -0.601385951 0.0285795443 0.798447371
  outer loop
   vertex 23864.1543 36876.1289 32981.7891
   vertex 24005.4258 37220.75 33075.8594
   vertex 23821.625 37195.6523 32938.3203
  endloop
 endfacet
facet normal -0.756528199 -0.120201498 0.642819285
  outer loop
   vertex 23733.959 37228.2734 32841.2461
   vertex 23682.2246 37097.832 32755.9688
   vertex 23821.625 37195.6523 32938.3203
  endloop
 endfacet
facet normal -0.950042605 -0.14411436 0.276857585
  outer loop
   vertex 23657.4258 37217.5195 32733.1738
   vertex 23627.0488 37279.8359 32661.377
   vertex 23682.2246 37097.832 32755.9688
  endloop
 endfacet
facet normal -0.826868892 0.0408548452 0.560908854
  outer loop
   vertex 23615.6289 37184.6875 32651.4707
   vertex 23682.2246 37097.832 32755.9688
   vertex 23627.0488 37279.8359 32661.377
  endloop
 endfacet
facet normal -0.921013892 0.0706727281 0.383064955
  outer loop
   vertex 23615.6289 37184.6875 32651.4707
   vertex 23627.0488 37279.8359 32661.377
   vertex 23562.7852 37169.7148 32527.1816
  endloop
 endfacet
facet normal -0.923621237 0.189069912 0.333431274
  outer loop
   vertex 23566.2363 37426.8281 32484.25
   vertex 23568.3906 37632.6875 32373.4902
   vertex 23503.2617 37502.3555 32266.9824
  endloop
 endfacet
facet normal -0.931596041 0.249550775 0.264297515
  outer loop
   vertex 23525.3242 37629 32225.168
   vertex 23503.2617 37502.3555 32266.9824
   vertex 23568.3906 37632.6875 32373.4902
  endloop
 endfacet
facet normal -0.916189373 0.306299686 0.258413553
  outer loop
   vertex 23550.7246 37701.75 32228.998
   vertex 23525.3242 37629 32225.168
   vertex 23568.3906 37632.6875 32373.4902
  endloop
 endfacet
facet normal -0.918067694 0.207033828 0.338066101
  outer loop
   vertex 23503.2617 37502.3555 32266.9824
   vertex 23490.375 37342.6016 32329.8223
   vertex 23566.2363 37426.8281 32484.25
  endloop
 endfacet
facet normal -0.903552532 0.356914997 0.237074777
  outer loop
   vertex 23568.3906 37632.6875 32373.4902
   vertex 23632.502 37728.582 32473.4668
   vertex 23624.0527 37802.7344 32329.6309
  endloop
 endfacet
facet normal -0.911215067 0.0797083899 0.404145658
  outer loop
   vertex 23490.375 37342.6016 32329.8223
   vertex 23562.7852 37169.7148 32527.1816
   vertex 23566.2363 37426.8281 32484.25
  endloop
 endfacet
facet normal -0.922111511 0.0757294968 0.379440904
  outer loop
   vertex 23627.0488 37279.8359 32661.377
   vertex 23566.2363 37426.8281 32484.25
   vertex 23562.7852 37169.7148 32527.1816
  endloop
 endfacet
facet normal -0.922276735 0.0752839446 0.37912789
  outer loop
   vertex 23566.2363 37426.8281 32484.25
   vertex 23627.0488 37279.8359 32661.377
   vertex 23623.0078 37435.3789 32620.6602
  endloop
 endfacet
facet normal -0.906767666 0.21267949 0.364060163
  outer loop
   vertex 23653.5391 37599.8359 32600.6309
   vertex 23566.2363 37426.8281 32484.25
   vertex 23623.0078 37435.3789 32620.6602
  endloop
 endfacet
facet normal -0.903079689 0.217948571 0.370061457
  outer loop
   vertex 23632.502 37728.582 32473.4668
   vertex 23568.3906 37632.6875 32373.4902
   vertex 23653.5391 37599.8359 32600.6309
  endloop
 endfacet
facet normal -0.90553695 0.208336905 0.369592398
  outer loop
   vertex 23566.2363 37426.8281 32484.25
   vertex 23653.5391 37599.8359 32600.6309
   vertex 23568.3906 37632.6875 32373.4902
  endloop
 endfacet
facet normal -0.809745431 0.145179734 0.568537772
  outer loop
   vertex 23768.0391 37345.2812 32870.4297
   vertex 23770.2715 37566.3672 32817.1523
   vertex 23680.7832 37418.9258 32727.3477
  endloop
 endfacet
facet normal -0.863527834 0.133797199 0.486228317
  outer loop
   vertex 23727.4551 37700.9453 32704.0801
   vertex 23653.5391 37599.8359 32600.6309
   vertex 23770.2715 37566.3672 32817.1523
  endloop
 endfacet
facet normal -0.845318615 0.215218291 0.488996416
  outer loop
   vertex 23653.5391 37599.8359 32600.6309
   vertex 23680.7832 37418.9258 32727.3477
   vertex 23770.2715 37566.3672 32817.1523
  endloop
 endfacet
facet normal -0.844132006 0.216450304 0.490500212
  outer loop
   vertex 23653.5391 37599.8359 32600.6309
   vertex 23623.0078 37435.3789 32620.6602
   vertex 23680.7832 37418.9258 32727.3477
  endloop
 endfacet
facet normal -0.635922909 0.0883841589 0.766674876
  outer loop
   vertex 23881.834 37414.9141 32982.5195
   vertex 23996.8516 37468.5312 33071.7383
   vertex 23934.043 37699.0859 32993.0625
  endloop
 endfacet
facet normal -0.527968705 0.141902596 0.837324739
  outer loop
   vertex 23996.8516 37468.5312 33071.7383
   vertex 24171.0781 37540.9766 33169.3203
   vertex 23934.043 37699.0859 32993.0625
  endloop
 endfacet
facet normal -0.769660413 0.118123002 0.627431095
  outer loop
   vertex 23881.834 37414.9141 32982.5195
   vertex 23934.043 37699.0859 32993.0625
   vertex 23770.2715 37566.3672 32817.1523
  endloop
 endfacet
facet normal -0.656464994 0.133093864 0.742522538
  outer loop
   vertex 24223.3848 38079.0547 33275.6055
   vertex 24116.3262 38035.3867 33188.7812
   vertex 24169.7598 37982.2031 33245.5547
  endloop
 endfacet
facet normal -0.788612902 0.000559544715 0.614889681
  outer loop
   vertex 23997.6914 37985.8203 33036.6719
   vertex 24117.4219 37937.9961 33190.2734
   vertex 24116.3262 38035.3867 33188.7812
  endloop
 endfacet
facet normal -0.793426037 -0.0346472897 0.607679725
  outer loop
   vertex 24088.6035 37808.3906 33145.2578
   vertex 24117.4219 37937.9961 33190.2734
   vertex 23997.6914 37985.8203 33036.6719
  endloop
 endfacet
facet normal -0.830734789 0.228833705 0.507459164
  outer loop
   vertex 23850.8125 37848.4141 32876.3984
   vertex 23903.2285 37881.8867 32947.1094
   vertex 23869.8457 37982.9297 32846.8984
  endloop
 endfacet
facet normal -0.833530664 0.518898904 0.189658999
  outer loop
   vertex 24175.8379 38551.043 33067.7305
   vertex 24270.0469 38737.543 32971.5195
   vertex 24091.7656 38473.3477 32910.8125
  endloop
 endfacet
facet normal -0.820378423 0.0827416629 0.565803051
  outer loop
   vertex 24149.9727 38405.5938 33111.4023
   vertex 24223.4629 38464.668 33209.3164
   vertex 24186.0898 38509.8047 33148.5312
  endloop
 endfacet
facet normal -0.896558821 0.309411287 0.316933721
  outer loop
   vertex 23869.3574 38101.918 32729.3496
   vertex 23869.8457 37982.9297 32846.8984
   vertex 23921.1836 38128.6992 32849.8203
  endloop
 endfacet
facet normal -0.719916344 0.0545675121 0.691912413
  outer loop
   vertex 23997.6914 37985.8203 33036.6719
   vertex 23934.043 37699.0859 32993.0625
   vertex 24088.6035 37808.3906 33145.2578
  endloop
 endfacet
facet normal -0.717489421 0.0536350422 0.6945014
  outer loop
   vertex 23903.2285 37881.8867 32947.1094
   vertex 23934.043 37699.0859 32993.0625
   vertex 23997.6914 37985.8203 33036.6719
  endloop
 endfacet
facet normal -0.806185901 0.0127965929 0.591523886
  outer loop
   vertex 23903.2285 37881.8867 32947.1094
   vertex 23850.8125 37848.4141 32876.3984
   vertex 23934.043 37699.0859 32993.0625
  endloop
 endfacet
facet normal -0.878160298 0.16704613 0.448252201
  outer loop
   vertex 23793.7207 37764.6836 32795.7539
   vertex 23850.8125 37848.4141 32876.3984
   vertex 23802.3711 37896.4258 32763.6074
  endloop
 endfacet
facet normal -0.779247165 0.157590345 0.6065799
  outer loop
   vertex 23934.043 37699.0859 32993.0625
   vertex 23793.7207 37764.6836 32795.7539
   vertex 23770.2715 37566.3672 32817.1523
  endloop
 endfacet
facet normal -0.815227091 -0.00191921636 0.579138219
  outer loop
   vertex 23934.043 37699.0859 32993.0625
   vertex 23850.8125 37848.4141 32876.3984
   vertex 23793.7207 37764.6836 32795.7539
  endloop
 endfacet
facet normal -0.848664522 0.154916644 0.50573647
  outer loop
   vertex 23770.2715 37566.3672 32817.1523
   vertex 23793.7207 37764.6836 32795.7539
   vertex 23727.4551 37700.9453 32704.0801
  endloop
 endfacet
facet normal -0.857711554 0.222961038 0.463270217
  outer loop
   vertex 23850.8125 37848.4141 32876.3984
   vertex 23869.8457 37982.9297 32846.8984
   vertex 23802.3711 37896.4258 32763.6074
  endloop
 endfacet
facet normal -0.900976837 0.334722966 0.276045799
  outer loop
   vertex 23822.1035 38008.1523 32692.5352
   vertex 23732.084 37853.625 32586.0938
   vertex 23802.3711 37896.4258 32763.6074
  endloop
 endfacet
facet normal -0.716081977 0.663647711 -0.216329247
  outer loop
   vertex 23979.1895 38338.9023 32649.9922
   vertex 24049.8613 38441.7383 32731.5312
   vertex 24110.7988 38456.2656 32574.3867
  endloop
 endfacet
facet normal -0.760620296 0.647123933 -0.0518401712
  outer loop
   vertex 24270.0469 38737.543 32971.5195
   vertex 24328.2676 38787.6875 32743.248
   vertex 24166.2656 38598.4883 32758.4785
  endloop
 endfacet
facet normal -0.933524728 0.358369619 -0.0101414882
  outer loop
   vertex 23899.5078 38174.832 32530.5078
   vertex 23869.3574 38101.918 32729.3496
   vertex 23900.5723 38183.0625 32723.3164
  endloop
 endfacet
facet normal -0.965916455 0.0192777738 0.258135259
  outer loop
   vertex 23899.5078 38174.832 32530.5078
   vertex 23970.166 38297.6797 32785.7227
   vertex 23933.9102 38279.8594 32651.3926
  endloop
 endfacet
facet normal -0.850319147 0.525967717 -0.0177552402
  outer loop
   vertex 23899.5078 38174.832 32530.5078
   vertex 23900.5723 38183.0625 32723.3164
   vertex 23970.166 38297.6797 32785.7227
  endloop
 endfacet
facet normal -0.78510952 0.605211377 0.131613687
  outer loop
   vertex 23970.166 38297.6797 32785.7227
   vertex 23979.1895 38338.9023 32649.9922
   vertex 23933.9102 38279.8594 32651.3926
  endloop
 endfacet
facet normal -0.759572148 0.6050753 -0.238608554
  outer loop
   vertex 24049.8613 38441.7383 32731.5312
   vertex 24166.2656 38598.4883 32758.4785
   vertex 24110.7988 38456.2656 32574.3867
  endloop
 endfacet
facet normal -0.851924956 0.512234032 0.108812444
  outer loop
   vertex 23970.166 38297.6797 32785.7227
   vertex 24091.7656 38473.3477 32910.8125
   vertex 24049.8613 38441.7383 32731.5312
  endloop
 endfacet
facet normal -0.796247482 0.600923181 -0.0698660687
  outer loop
   vertex 23970.166 38297.6797 32785.7227
   vertex 24018.248 38373.4141 32889.1562
   vertex 24091.7656 38473.3477 32910.8125
  endloop
 endfacet
facet normal -0.832895517 0.551535189 0.0457602292
  outer loop
   vertex 24270.0469 38737.543 32971.5195
   vertex 24166.2656 38598.4883 32758.4785
   vertex 24091.7656 38473.3477 32910.8125
  endloop
 endfacet
facet normal -0.748661876 0.444124639 0.492197812
  outer loop
   vertex 24042.4395 38326.957 32967.875
   vertex 24091.7656 38473.3477 32910.8125
   vertex 24018.248 38373.4141 32889.1562
  endloop
 endfacet
facet normal -0.806884587 0.584481835 0.0855464786
  outer loop
   vertex 24166.2656 38598.4883 32758.4785
   vertex 24049.8613 38441.7383 32731.5312
   vertex 24091.7656 38473.3477 32910.8125
  endloop
 endfacet
facet normal -0.929760695 0.110758886 0.351109028
  outer loop
   vertex 24018.248 38373.4141 32889.1562
   vertex 23970.166 38297.6797 32785.7227
   vertex 24042.4395 38326.957 32967.875
  endloop
 endfacet
facet normal -0.904626608 0.290008485 0.312323272
  outer loop
   vertex 24042.4395 38326.957 32967.875
   vertex 23970.166 38297.6797 32785.7227
   vertex 23995.5449 38190.2695 32958.9727
  endloop
 endfacet
facet normal -0.940266311 0.239779279 0.241671681
  outer loop
   vertex 24149.9727 38405.5938 33111.4023
   vertex 24186.0898 38509.8047 33148.5312
   vertex 24175.8379 38551.043 33067.7305
  endloop
 endfacet
facet normal -0.806595683 0.241583318 0.539482117
  outer loop
   vertex 24042.4395 38326.957 32967.875
   vertex 23995.5449 38190.2695 32958.9727
   vertex 24109.3652 38190.3867 33129.0938
  endloop
 endfacet
facet normal -0.803237796 0.182293639 0.567078531
  outer loop
   vertex 23997.6914 37985.8203 33036.6719
   vertex 24116.3262 38035.3867 33188.7812
   vertex 24109.3652 38190.3867 33129.0938
  endloop
 endfacet
facet normal -0.814653516 0.19854404 0.544903576
  outer loop
   vertex 23997.6914 37985.8203 33036.6719
   vertex 24109.3652 38190.3867 33129.0938
   vertex 23995.5449 38190.2695 32958.9727
  endloop
 endfacet
facet normal -0.727101326 0.00234870543 0.68652612
  outer loop
   vertex 24117.4219 37937.9961 33190.2734
   vertex 24169.7598 37982.2031 33245.5547
   vertex 24116.3262 38035.3867 33188.7812
  endloop
 endfacet
facet normal -0.833539546 0.19963181 0.515130043
  outer loop
   vertex 24042.4395 38326.957 32967.875
   vertex 24109.3652 38190.3867 33129.0938
   vertex 24149.9727 38405.5938 33111.4023
  endloop
 endfacet
facet normal -0.668715 0.240840822 0.703431547
  outer loop
   vertex 24109.3652 38190.3867 33129.0938
   vertex 24116.3262 38035.3867 33188.7812
   vertex 24223.3848 38079.0547 33275.6055
  endloop
 endfacet
facet normal -0.800209522 0.271110415 0.534942806
  outer loop
   vertex 23869.8457 37982.9297 32846.8984
   vertex 23997.6914 37985.8203 33036.6719
   vertex 23921.1836 38128.6992 32849.8203
  endloop
 endfacet
facet normal -0.856848419 0.175280854 0.484858155
  outer loop
   vertex 23997.6914 37985.8203 33036.6719
   vertex 23995.5449 38190.2695 32958.9727
   vertex 23921.1836 38128.6992 32849.8203
  endloop
 endfacet
facet normal -0.878914952 0.369274288 0.301902324
  outer loop
   vertex 23900.5723 38183.0625 32723.3164
   vertex 23921.1836 38128.6992 32849.8203
   vertex 23970.166 38297.6797 32785.7227
  endloop
 endfacet
facet normal -0.849451303 0.383638978 0.362289369
  outer loop
   vertex 23970.166 38297.6797 32785.7227
   vertex 23921.1836 38128.6992 32849.8203
   vertex 23995.5449 38190.2695 32958.9727
  endloop
 endfacet
facet normal -0.723722458 0.342322886 0.599200189
  outer loop
   vertex 24254.7559 38598.5234 33173.793
   vertex 24282.4707 38497.9414 33264.7305
   vertex 24394.207 38623.5898 33327.8984
  endloop
 endfacet
facet normal -0.767272711 0.554135561 0.322841167
  outer loop
   vertex 24175.8379 38551.043 33067.7305
   vertex 24254.7559 38598.5234 33173.793
   vertex 24270.0469 38737.543 32971.5195
  endloop
 endfacet
facet normal -0.801350415 0.28236106 0.527361155
  outer loop
   vertex 24394.207 38623.5898 33327.8984
   vertex 24433.1934 38860.293 33260.4062
   vertex 24345.293 38773.4336 33173.3438
  endloop
 endfacet
facet normal -0.861483932 0.4465352 0.241767898
  outer loop
   vertex 24254.7559 38598.5234 33173.793
   vertex 24345.293 38773.4336 33173.3438
   vertex 24270.0469 38737.543 32971.5195
  endloop
 endfacet
facet normal -0.758240938 0.3443968 0.553589702
  outer loop
   vertex 24394.207 38623.5898 33327.8984
   vertex 24502.416 38683.0898 33439.0977
   vertex 24537.4531 38850.707 33382.8086
  endloop
 endfacet
facet normal -0.715014875 0.298085213 0.632375658
  outer loop
   vertex 24433.1934 38860.293 33260.4062
   vertex 24394.207 38623.5898 33327.8984
   vertex 24537.4531 38850.707 33382.8086
  endloop
 endfacet
facet normal -0.570223689 0.083490707 0.817235768
  outer loop
   vertex 24323.9121 38093.7734 33329.1133
   vertex 24350.2383 38174.9414 33339.1875
   vertex 24306.8242 38295.4336 33296.5859
  endloop
 endfacet
facet normal -0.00745469052 0.158608615 0.98731339
  outer loop
   vertex 24279.8672 38155.0938 33318.9297
   vertex 24323.9121 38093.7734 33329.1133
   vertex 24306.8242 38295.4336 33296.5859
  endloop
 endfacet
facet normal -0.838159204 0.426797241 0.339607507
  outer loop
   vertex 24433.1934 38860.293 33260.4062
   vertex 24514.1758 39013.0273 33268.3281
   vertex 24447.5898 39017.0547 33098.9258
  endloop
 endfacet
facet normal -0.86506784 0.437966734 0.244627833
  outer loop
   vertex 24270.0469 38737.543 32971.5195
   vertex 24345.293 38773.4336 33173.3438
   vertex 24447.5898 39017.0547 33098.9258
  endloop
 endfacet
facet normal -0.812028825 0.453269064 0.367636204
  outer loop
   vertex 24345.293 38773.4336 33173.3438
   vertex 24433.1934 38860.293 33260.4062
   vertex 24447.5898 39017.0547 33098.9258
  endloop
 endfacet
facet normal -0.298689306 -0.00482152309 0.954338253
  outer loop
   vertex 24502.3613 38268.5625 33357.6523
   vertex 24306.8242 38295.4336 33296.5859
   vertex 24427.416 38140.8281 33333.5508
  endloop
 endfacet
facet normal -0.318833113 -0.231452882 0.919116437
  outer loop
   vertex 24502.3613 38268.5625 33357.6523
   vertex 24485.3574 38452.4609 33398.0625
   vertex 24306.8242 38295.4336 33296.5859
  endloop
 endfacet
facet normal -0.0179906636 -0.508975148 0.8605932
  outer loop
   vertex 24424.1758 37936.2734 33299.5156
   vertex 24316.5449 37976.4023 33320.9961
   vertex 24241.6504 37880.0195 33262.4297
  endloop
 endfacet
facet normal -0.149716601 -0.157711029 0.976069748
  outer loop
   vertex 24424.1758 37936.2734 33299.5156
   vertex 24241.6504 37880.0195 33262.4297
   vertex 24393.1191 37670.125 33251.7461
  endloop
 endfacet
facet normal -0.4809241 0.135858789 0.866172254
  outer loop
   vertex 24323.9121 38093.7734 33329.1133
   vertex 24223.3848 38079.0547 33275.6055
   vertex 24274.748 38005.4648 33315.6641
  endloop
 endfacet
facet normal -0.443079203 -0.172159225 0.879796565
  outer loop
   vertex 24323.9121 38093.7734 33329.1133
   vertex 24279.8672 38155.0938 33318.9297
   vertex 24223.3848 38079.0547 33275.6055
  endloop
 endfacet
facet normal 0.058938127 0.0865656212 0.994501233
  outer loop
   vertex 24736.0938 38909.5312 33459.2773
   vertex 24709.4023 38701.75 33478.9453
   vertex 24850.1797 38770.7031 33464.5977
  endloop
 endfacet
facet normal -0.702576578 0.340106964 0.625070751
  outer loop
   vertex 24514.1758 39013.0273 33268.3281
   vertex 24433.1934 38860.293 33260.4062
   vertex 24537.4531 38850.707 33382.8086
  endloop
 endfacet
facet normal 0.083788313 -0.0735615715 0.993764639
  outer loop
   vertex 24289.9648 37175.3711 33186.6836
   vertex 24359.4004 36866.9805 33158
   vertex 24461.2363 37122.5 33168.3281
  endloop
 endfacet
facet normal -0.693142593 0.02994176 0.720178306
  outer loop
   vertex 24282.4707 38497.9414 33264.7305
   vertex 24223.4629 38464.668 33209.3164
   vertex 24306.8242 38295.4336 33296.5859
  endloop
 endfacet
facet normal -0.779668748 -0.0627721101 0.623037934
  outer loop
   vertex 24223.4629 38464.668 33209.3164
   vertex 24149.9727 38405.5938 33111.4023
   vertex 24306.8242 38295.4336 33296.5859
  endloop
 endfacet
facet normal -0.691550434 0.18783389 0.697478652
  outer loop
   vertex 24149.9727 38405.5938 33111.4023
   vertex 24109.3652 38190.3867 33129.0938
   vertex 24306.8242 38295.4336 33296.5859
  endloop
 endfacet
facet normal -0.693550646 0.200347483 0.691988707
  outer loop
   vertex 24109.3652 38190.3867 33129.0938
   vertex 24223.3848 38079.0547 33275.6055
   vertex 24306.8242 38295.4336 33296.5859
  endloop
 endfacet
facet normal -0.774195731 0.241828904 0.584927142
  outer loop
   vertex 24279.8672 38155.0938 33318.9297
   vertex 24306.8242 38295.4336 33296.5859
   vertex 24223.3848 38079.0547 33275.6055
  endloop
 endfacet
facet normal -0.755473852 0.633405626 -0.167500868
  outer loop
   vertex 24222.209 38637.4648 32653.543
   vertex 24166.2656 38598.4883 32758.4785
   vertex 24328.2676 38787.6875 32743.248
  endloop
 endfacet
facet normal -0.862261415 0.494062841 -0.111387454
  outer loop
   vertex 24456.1328 39034.9336 32850.0938
   vertex 24328.2676 38787.6875 32743.248
   vertex 24270.0469 38737.543 32971.5195
  endloop
 endfacet
facet normal -0.845980883 0.533132911 0.00925256591
  outer loop
   vertex 24456.1328 39034.9336 32850.0938
   vertex 24270.0469 38737.543 32971.5195
   vertex 24447.5898 39017.0547 33098.9258
  endloop
 endfacet
facet normal -0.441631377 0.640087545 -0.628688872
  outer loop
   vertex 25801.9082 40957.2812 32687.2754
   vertex 25626.4219 40947.1719 32800.2578
   vertex 25852.5625 41104.957 32802.0508
  endloop
 endfacet
facet normal -0.85259217 0.469994426 -0.228455365
  outer loop
   vertex 25801.9082 40957.2812 32687.2754
   vertex 25852.5625 41104.957 32802.0508
   vertex 25845.3281 41040.3281 32696.0859
  endloop
 endfacet
facet normal -0.552951813 0.594849169 -0.583436966
  outer loop
   vertex 24110.7988 38456.2656 32574.3867
   vertex 24222.209 38637.4648 32653.543
   vertex 24328.6035 38662.6836 32578.418
  endloop
 endfacet
facet normal -0.808148503 0.588841736 0.0127047068
  outer loop
   vertex 23533.2148 37650.3125 31706.5605
   vertex 23432.6445 37516.8984 31492.916
   vertex 23416.9707 37489.2656 31776.457
  endloop
 endfacet
facet normal -0.217575684 0.843626678 -0.490871549
  outer loop
   vertex 23915.7285 38047.082 32051.3418
   vertex 23990.7812 38174.7773 32237.5371
   vertex 24083.5 38043.7344 31971.2246
  endloop
 endfacet
facet normal -0.25353083 0.741152763 -0.621622682
  outer loop
   vertex 24115.6094 38293.7695 32283.6465
   vertex 24271.7109 38419.6367 32370.0547
   vertex 24176.5547 38233.5742 32187.0215
  endloop
 endfacet
facet normal -0.38423562 0.655154705 -0.650488496
  outer loop
   vertex 24115.6094 38293.7695 32283.6465
   vertex 24176.5547 38233.5742 32187.0215
   vertex 23990.7812 38174.7773 32237.5371
  endloop
 endfacet
facet normal -0.56662184 0.608724475 -0.555332482
  outer loop
   vertex 24110.7988 38456.2656 32574.3867
   vertex 24328.6035 38662.6836 32578.418
   vertex 24271.7109 38419.6367 32370.0547
  endloop
 endfacet
facet normal 0.613909364 0.780258417 -0.119632877
  outer loop
   vertex 24245.0195 37685.0938 30512.1133
   vertex 24355.9922 37591.2148 30469.2949
   vertex 24275.7441 37639.1172 30369.9238
  endloop
 endfacet
facet normal 0.975587368 0.200705051 0.089144595
  outer loop
   vertex 24518.0684 37074.5078 30802.6973
   vertex 24514.0801 37112.8438 30760.0195
   vertex 24509.7148 37100.0898 30836.5059
  endloop
 endfacet
facet normal -0.460596204 0.814067245 -0.353759289
  outer loop
   vertex 24271.7109 38419.6367 32370.0547
   vertex 24115.6094 38293.7695 32283.6465
   vertex 24050.5703 38301.5156 32386.1562
  endloop
 endfacet
facet normal -0.43982178 0.757668495 -0.482177585
  outer loop
   vertex 24110.7988 38456.2656 32574.3867
   vertex 24271.7109 38419.6367 32370.0547
   vertex 24050.5703 38301.5156 32386.1562
  endloop
 endfacet
facet normal -0.889234304 0.319636375 0.32725364
  outer loop
   vertex 23869.3574 38101.918 32729.3496
   vertex 23822.1035 38008.1523 32692.5352
   vertex 23869.8457 37982.9297 32846.8984
  endloop
 endfacet
facet normal -0.815422893 0.557146072 -0.157078952
  outer loop
   vertex 23569.3691 37756.0391 32186.4004
   vertex 23627.541 37833.4258 32158.9043
   vertex 23529.7168 37653.8125 32029.6484
  endloop
 endfacet
facet normal -0.830128074 0.536878765 0.150494561
  outer loop
   vertex 23624.0527 37802.7344 32329.6309
   vertex 23730.127 37954.2773 32374.1055
   vertex 23677.2129 37905.0938 32257.6895
  endloop
 endfacet
facet normal -0.649699509 0.7597574 -0.0256770998
  outer loop
   vertex 23781.9004 37991.8633 32176.2246
   vertex 23677.2129 37905.0938 32257.6895
   vertex 23730.127 37954.2773 32374.1055
  endloop
 endfacet
facet normal -0.853437662 0.288969219 0.43375212
  outer loop
   vertex 23632.502 37728.582 32473.4668
   vertex 23653.5391 37599.8359 32600.6309
   vertex 23732.084 37853.625 32586.0938
  endloop
 endfacet
facet normal -0.87426424 0.447627008 0.187861875
  outer loop
   vertex 23550.7246 37701.75 32228.998
   vertex 23624.0527 37802.7344 32329.6309
   vertex 23569.3691 37756.0391 32186.4004
  endloop
 endfacet
facet normal -0.887839139 0.363423049 0.282250464
  outer loop
   vertex 23568.3906 37632.6875 32373.4902
   vertex 23624.0527 37802.7344 32329.6309
   vertex 23550.7246 37701.75 32228.998
  endloop
 endfacet
facet normal -0.941195548 0.337379128 0.0180616863
  outer loop
   vertex 23529.7168 37653.8125 32029.6484
   vertex 23550.7246 37701.75 32228.998
   vertex 23569.3691 37756.0391 32186.4004
  endloop
 endfacet
facet normal -0.944238365 0.328624696 0.0204874985
  outer loop
   vertex 23529.7168 37653.8125 32029.6484
   vertex 23525.3242 37629 32225.168
   vertex 23550.7246 37701.75 32228.998
  endloop
 endfacet
facet normal -0.727032006 0.59834075 -0.33676818
  outer loop
   vertex 23979.1895 38338.9023 32649.9922
   vertex 24110.7988 38456.2656 32574.3867
   vertex 23899.5078 38174.832 32530.5078
  endloop
 endfacet
facet normal -0.890041173 0.295344055 0.347273111
  outer loop
   vertex 23653.5391 37599.8359 32600.6309
   vertex 23727.4551 37700.9453 32704.0801
   vertex 23732.084 37853.625 32586.0938
  endloop
 endfacet
facet normal -0.857342184 0.435281843 0.274761826
  outer loop
   vertex 23624.0527 37802.7344 32329.6309
   vertex 23632.502 37728.582 32473.4668
   vertex 23732.084 37853.625 32586.0938
  endloop
 endfacet
facet normal -0.763729453 0.578912675 -0.28561765
  outer loop
   vertex 23899.5078 38174.832 32530.5078
   vertex 23933.9102 38279.8594 32651.3926
   vertex 23979.1895 38338.9023 32649.9922
  endloop
 endfacet
facet normal -0.763257444 0.641384304 -0.0778731853
  outer loop
   vertex 23730.127 37954.2773 32374.1055
   vertex 23899.5078 38174.832 32530.5078
   vertex 23781.9004 37991.8633 32176.2246
  endloop
 endfacet
facet normal -0.706309855 0.699805558 -0.106764004
  outer loop
   vertex 23627.541 37833.4258 32158.9043
   vertex 23781.9004 37991.8633 32176.2246
   vertex 23659.3906 37838.707 31982.8105
  endloop
 endfacet
facet normal -0.753229558 0.605545044 -0.256827563
  outer loop
   vertex 23899.5078 38174.832 32530.5078
   vertex 24110.7988 38456.2656 32574.3867
   vertex 24050.5703 38301.5156 32386.1562
  endloop
 endfacet
facet normal -0.895778 0.345922291 -0.279140711
  outer loop
   vertex 23899.5078 38174.832 32530.5078
   vertex 23968.4863 38228.6758 32375.877
   vertex 23990.7812 38174.7773 32237.5371
  endloop
 endfacet
facet normal -0.614188552 0.765572846 -0.191495776
  outer loop
   vertex 23781.9004 37991.8633 32176.2246
   vertex 23899.5078 38174.832 32530.5078
   vertex 23990.7812 38174.7773 32237.5371
  endloop
 endfacet
facet normal -0.548806131 0.732102275 -0.403531969
  outer loop
   vertex 24050.5703 38301.5156 32386.1562
   vertex 24115.6094 38293.7695 32283.6465
   vertex 23990.7812 38174.7773 32237.5371
  endloop
 endfacet
facet normal -0.58890152 0.716439426 -0.374044925
  outer loop
   vertex 23968.4863 38228.6758 32375.877
   vertex 24050.5703 38301.5156 32386.1562
   vertex 23990.7812 38174.7773 32237.5371
  endloop
 endfacet
facet normal -0.382613987 0.769245267 -0.511730671
  outer loop
   vertex 23990.7812 38174.7773 32237.5371
   vertex 24176.5547 38233.5742 32187.0215
   vertex 24083.5 38043.7344 31971.2246
  endloop
 endfacet
facet normal -0.779106915 0.619577706 0.0954774767
  outer loop
   vertex 23569.3691 37756.0391 32186.4004
   vertex 23624.0527 37802.7344 32329.6309
   vertex 23627.541 37833.4258 32158.9043
  endloop
 endfacet
facet normal -0.863525808 0.499124289 0.0720978305
  outer loop
   vertex 23677.2129 37905.0938 32257.6895
   vertex 23627.541 37833.4258 32158.9043
   vertex 23624.0527 37802.7344 32329.6309
  endloop
 endfacet
facet normal -0.788195372 0.593777955 0.161789522
  outer loop
   vertex 23659.3906 37838.707 31982.8105
   vertex 23597.9863 37772.5586 31926.4395
   vertex 23529.7168 37653.8125 32029.6484
  endloop
 endfacet
facet normal -0.826968193 0.546244681 -0.133192852
  outer loop
   vertex 23659.3906 37838.707 31982.8105
   vertex 23529.7168 37653.8125 32029.6484
   vertex 23627.541 37833.4258 32158.9043
  endloop
 endfacet
facet normal -0.581934392 0.760826349 -0.287220478
  outer loop
   vertex 23781.9004 37991.8633 32176.2246
   vertex 23990.7812 38174.7773 32237.5371
   vertex 23915.7285 38047.082 32051.3418
  endloop
 endfacet
facet normal -0.719877243 0.668009281 -0.188521564
  outer loop
   vertex 23533.2148 37650.3125 31706.5605
   vertex 23647.5273 37792.2773 31773.0938
   vertex 23689.793 37753.2461 31473.3926
  endloop
 endfacet
facet normal -0.917344689 0.303763568 -0.257306129
  outer loop
   vertex 23529.7168 37653.8125 32029.6484
   vertex 23597.9863 37772.5586 31926.4395
   vertex 23647.5273 37792.2773 31773.0938
  endloop
 endfacet
facet normal -0.851445198 0.520807564 -0.0616485178
  outer loop
   vertex 23432.6445 37516.8984 31492.916
   vertex 23287.9727 37289.1719 31567.1934
   vertex 23331.623 37371.2344 31657.6133
  endloop
 endfacet
facet normal -0.672632217 0.7296018 -0.123479351
  outer loop
   vertex 23647.5273 37792.2773 31773.0938
   vertex 23597.9863 37772.5586 31926.4395
   vertex 23659.3906 37838.707 31982.8105
  endloop
 endfacet
facet normal -0.899080694 0.418544024 0.128354192
  outer loop
   vertex 23529.7168 37653.8125 32029.6484
   vertex 23416.9707 37489.2656 31776.457
   vertex 23407.8438 37411.7305 31965.3633
  endloop
 endfacet
facet normal -0.561023891 0.827211738 -0.0311916564
  outer loop
   vertex 23843.9473 37928.3047 31847.6406
   vertex 23731.3027 37843.8438 31633.8145
   vertex 23647.5273 37792.2773 31773.0938
  endloop
 endfacet
facet normal -0.49206838 0.870162666 0.026185343
  outer loop
   vertex 23678.5293 37814.7891 31607.6289
   vertex 23647.5273 37792.2773 31773.0938
   vertex 23731.3027 37843.8438 31633.8145
  endloop
 endfacet
facet normal 0.1766541 0.869157314 -0.461907893
  outer loop
   vertex 23987.0508 37878.8242 31659.3652
   vertex 24169.7637 37856.4219 31687.0898
   vertex 24148.4766 37770.4141 31517.1094
  endloop
 endfacet
facet normal -0.201457873 0.898796856 -0.38933146
  outer loop
   vertex 24016.418 37939.8438 31785.0391
   vertex 23987.0508 37878.8242 31659.3652
   vertex 23843.9473 37928.3047 31847.6406
  endloop
 endfacet
facet normal -0.564467072 0.784018397 -0.258248061
  outer loop
   vertex 23781.9004 37991.8633 32176.2246
   vertex 23915.7285 38047.082 32051.3418
   vertex 23843.9473 37928.3047 31847.6406
  endloop
 endfacet
facet normal -0.521591187 0.838776588 -0.156193748
  outer loop
   vertex 23647.5273 37792.2773 31773.0938
   vertex 23659.3906 37838.707 31982.8105
   vertex 23843.9473 37928.3047 31847.6406
  endloop
 endfacet
facet normal -0.568455577 0.781070828 -0.258431017
  outer loop
   vertex 23659.3906 37838.707 31982.8105
   vertex 23781.9004 37991.8633 32176.2246
   vertex 23843.9473 37928.3047 31847.6406
  endloop
 endfacet
facet normal -0.813845932 0.580884337 -0.0151045918
  outer loop
   vertex 23416.9707 37489.2656 31776.457
   vertex 23529.7168 37653.8125 32029.6484
   vertex 23533.2148 37650.3125 31706.5605
  endloop
 endfacet
facet normal -0.775293231 0.631417692 -0.0152347591
  outer loop
   vertex 23529.7168 37653.8125 32029.6484
   vertex 23647.5273 37792.2773 31773.0938
   vertex 23533.2148 37650.3125 31706.5605
  endloop
 endfacet
facet normal -0.97263068 0.169243634 -0.159204781
  outer loop
   vertex 23647.5273 37792.2773 31773.0938
   vertex 23678.5293 37814.7891 31607.6289
   vertex 23689.793 37753.2461 31473.3926
  endloop
 endfacet
facet normal -0.256596982 0.931135416 -0.259123266
  outer loop
   vertex 23731.3027 37843.8438 31633.8145
   vertex 23846.793 37876.7383 31637.6523
   vertex 23789.0391 37839.0625 31559.4551
  endloop
 endfacet
facet normal -0.81564939 0.578436613 0.011276057
  outer loop
   vertex 23331.623 37371.2344 31657.6133
   vertex 23416.9707 37489.2656 31776.457
   vertex 23432.6445 37516.8984 31492.916
  endloop
 endfacet
facet normal -0.342161208 0.865556538 0.365701497
  outer loop
   vertex 23516.7988 37610.3438 31350.4805
   vertex 23460.1855 37569.9844 31393.0312
   vertex 23432.6445 37516.8984 31492.916
  endloop
 endfacet
facet normal -0.54150033 0.825615287 -0.158545628
  outer loop
   vertex 23528.6836 37575.2344 31084.1895
   vertex 23620.0605 37651.3906 31168.6641
   vertex 23540.8125 37564.5703 30987.2285
  endloop
 endfacet
facet normal -0.599483013 0.791785061 -0.117031991
  outer loop
   vertex 23669.8555 37660.7109 30976.6641
   vertex 23540.8125 37564.5703 30987.2285
   vertex 23620.0605 37651.3906 31168.6641
  endloop
 endfacet
facet normal -0.646512747 0.747835159 -0.150876939
  outer loop
   vertex 23460.1855 37569.9844 31393.0312
   vertex 23516.7988 37610.3438 31350.4805
   vertex 23451.6582 37554.3359 31352.002
  endloop
 endfacet
facet normal -0.883678973 0.468065441 0.00512444787
  outer loop
   vertex 23460.1855 37569.9844 31393.0312
   vertex 23451.6582 37554.3359 31352.002
   vertex 23432.6445 37516.8984 31492.916
  endloop
 endfacet
facet normal 0.365521252 0.766807854 -0.527636111
  outer loop
   vertex 23689.793 37753.2461 31473.3926
   vertex 23688.7578 37818.0664 31566.8828
   vertex 23731.3027 37843.8438 31633.8145
  endloop
 endfacet
facet normal -0.40467447 0.837122262 -0.368055552
  outer loop
   vertex 23689.793 37753.2461 31473.3926
   vertex 23731.3027 37843.8438 31633.8145
   vertex 23789.0391 37839.0625 31559.4551
  endloop
 endfacet
facet normal 0.022425117 0.970974028 -0.238131255
  outer loop
   vertex 23843.9473 37928.3047 31847.6406
   vertex 23987.0508 37878.8242 31659.3652
   vertex 23846.793 37876.7383 31637.6523
  endloop
 endfacet
facet normal -0.259156436 0.937149525 -0.233642295
  outer loop
   vertex 23731.3027 37843.8438 31633.8145
   vertex 23843.9473 37928.3047 31847.6406
   vertex 23846.793 37876.7383 31637.6523
  endloop
 endfacet
facet normal -0.067421332 0.917395711 -0.392223746
  outer loop
   vertex 23846.793 37876.7383 31637.6523
   vertex 23920.8184 37828.7539 31512.6992
   vertex 23789.0391 37839.0625 31559.4551
  endloop
 endfacet
facet normal -0.153011218 0.782390714 -0.603698909
  outer loop
   vertex 23689.793 37753.2461 31473.3926
   vertex 23789.0391 37839.0625 31559.4551
   vertex 23920.8184 37828.7539 31512.6992
  endloop
 endfacet
facet normal -0.272521257 0.940184653 -0.204413667
  outer loop
   vertex 23933.5703 37796.4688 31347.1992
   vertex 23689.793 37753.2461 31473.3926
   vertex 23920.8184 37828.7539 31512.6992
  endloop
 endfacet
facet normal -0.122030944 0.991232216 -0.0506668873
  outer loop
   vertex 23961.6289 37726.2031 30807.7773
   vertex 23811.4102 37717.875 31006.6211
   vertex 24013.1387 37744.3555 31038.8066
  endloop
 endfacet
facet normal 0.0599484146 0.980590284 -0.186678559
  outer loop
   vertex 23933.5703 37796.4688 31347.1992
   vertex 23920.8184 37828.7539 31512.6992
   vertex 24076.834 37803.0352 31427.6875
  endloop
 endfacet
facet normal -0.657641411 0.744884968 -0.112490788
  outer loop
   vertex 23629.3652 37626.2656 30878.9688
   vertex 23651.75 37626.3906 30748.9238
   vertex 23541.1562 37542.1055 30837.3496
  endloop
 endfacet
facet normal -0.230155364 0.966505766 -0.113556772
  outer loop
   vertex 23689.793 37753.2461 31473.3926
   vertex 23933.5703 37796.4688 31347.1992
   vertex 23842.3984 37758.2539 31206.7383
  endloop
 endfacet
facet normal -0.244502842 0.961961627 -0.12185327
  outer loop
   vertex 23713.3477 37734.4688 31277.918
   vertex 23689.793 37753.2461 31473.3926
   vertex 23842.3984 37758.2539 31206.7383
  endloop
 endfacet
facet normal -0.449641168 0.889923036 -0.0765492097
  outer loop
   vertex 23629.3652 37626.2656 30878.9688
   vertex 23754.8652 37687.6016 30854.8496
   vertex 23651.75 37626.3906 30748.9238
  endloop
 endfacet
facet normal -0.0993736982 0.97826308 -0.182005942
  outer loop
   vertex 23811.4102 37717.875 31006.6211
   vertex 23842.3984 37758.2539 31206.7383
   vertex 24013.1387 37744.3555 31038.8066
  endloop
 endfacet
facet normal -0.290905863 0.882798314 -0.368837267
  outer loop
   vertex 23977.8262 37779.5508 31150.8984
   vertex 24013.1387 37744.3555 31038.8066
   vertex 23842.3984 37758.2539 31206.7383
  endloop
 endfacet
facet normal -0.596221328 0.292766154 -0.747534692
  outer loop
   vertex 23669.8301 37039.4727 29938.9023
   vertex 23550.7324 37075.6484 30048.0625
   vertex 23726.0234 37295.4336 29994.3301
  endloop
 endfacet
facet normal -0.582874298 0.278232187 -0.763442457
  outer loop
   vertex 23550.7324 37075.6484 30048.0625
   vertex 23569.5391 37263.5117 30102.168
   vertex 23726.0234 37295.4336 29994.3301
  endloop
 endfacet
facet normal 0.24017489 0.590526462 -0.77045083
  outer loop
   vertex 23997.3867 37315.5156 29972.2402
   vertex 23848.541 37320.8477 29929.9238
   vertex 23947.1094 37455.4219 30063.7988
  endloop
 endfacet
facet normal -0.525035858 0.787548602 -0.3226524
  outer loop
   vertex 23595.5723 37518.0547 30526.1152
   vertex 23604.3984 37550.4688 30590.8613
   vertex 23773.1445 37619.2461 30484.1484
  endloop
 endfacet
facet normal -0.561517417 0.768041313 -0.307913482
  outer loop
   vertex 23595.5723 37518.0547 30526.1152
   vertex 23556.3887 37501 30555.0254
   vertex 23604.3984 37550.4688 30590.8613
  endloop
 endfacet
facet normal -0.364964008 0.92970401 -0.049514696
  outer loop
   vertex 23811.4102 37717.875 31006.6211
   vertex 23669.8555 37660.7109 30976.6641
   vertex 23620.0605 37651.3906 31168.6641
  endloop
 endfacet
facet normal -0.519636989 0.72324419 -0.454857349
  outer loop
   vertex 23583.1094 37466.3438 30458.1289
   vertex 23595.5723 37518.0547 30526.1152
   vertex 23773.1445 37619.2461 30484.1484
  endloop
 endfacet
facet normal -0.594935179 0.756333113 -0.272052109
  outer loop
   vertex 23613.0957 37435.5234 30323.3848
   vertex 23773.1445 37619.2461 30484.1484
   vertex 23819.5273 37583.1367 30282.332
  endloop
 endfacet
facet normal -0.572225988 0.762555778 -0.301771611
  outer loop
   vertex 23613.0957 37435.5234 30323.3848
   vertex 23583.1094 37466.3438 30458.1289
   vertex 23773.1445 37619.2461 30484.1484
  endloop
 endfacet
facet normal -0.732833207 0.620385885 -0.279422402
  outer loop
   vertex 23833.7227 37638.2773 30367.5273
   vertex 23819.5273 37583.1367 30282.332
   vertex 23773.1445 37619.2461 30484.1484
  endloop
 endfacet
facet normal -0.596975982 0.78580451 -0.161650598
  outer loop
   vertex 23516.7988 37610.3438 31350.4805
   vertex 23620.0605 37651.3906 31168.6641
   vertex 23480.1992 37562.0625 31250.9375
  endloop
 endfacet
facet normal -0.364974588 0.92970264 -0.0494620502
  outer loop
   vertex 23754.8652 37687.6016 30854.8496
   vertex 23669.8555 37660.7109 30976.6641
   vertex 23811.4102 37717.875 31006.6211
  endloop
 endfacet
facet normal -0.454697341 0.88217181 -0.122569449
  outer loop
   vertex 23754.8652 37687.6016 30854.8496
   vertex 23629.3652 37626.2656 30878.9688
   vertex 23669.8555 37660.7109 30976.6641
  endloop
 endfacet
facet normal -0.413671315 0.902734399 -0.118096016
  outer loop
   vertex 23811.4102 37717.875 31006.6211
   vertex 23620.0605 37651.3906 31168.6641
   vertex 23842.3984 37758.2539 31206.7383
  endloop
 endfacet
facet normal -0.355020314 0.864982963 -0.354633689
  outer loop
   vertex 23713.3477 37734.4688 31277.918
   vertex 23842.3984 37758.2539 31206.7383
   vertex 23620.0605 37651.3906 31168.6641
  endloop
 endfacet
facet normal -0.55736351 0.817389965 -0.145669147
  outer loop
   vertex 23689.793 37753.2461 31473.3926
   vertex 23713.3477 37734.4688 31277.918
   vertex 23620.0605 37651.3906 31168.6641
  endloop
 endfacet
facet normal -0.569317102 0.810027957 -0.140473038
  outer loop
   vertex 23516.7988 37610.3438 31350.4805
   vertex 23689.793 37753.2461 31473.3926
   vertex 23620.0605 37651.3906 31168.6641
  endloop
 endfacet
facet normal -0.52848506 0.786106288 -0.320531487
  outer loop
   vertex 23800.4727 37482.7148 30131.7109
   vertex 23725.9316 37402.1562 30057.043
   vertex 23685.6016 37385.5391 30082.7832
  endloop
 endfacet
facet normal -0.622572243 0.739818454 -0.255093127
  outer loop
   vertex 23480.1992 37562.0625 31250.9375
   vertex 23620.0605 37651.3906 31168.6641
   vertex 23441.3145 37481.0234 31110.8105
  endloop
 endfacet
facet normal -0.773462951 0.617605209 -0.142544135
  outer loop
   vertex 23399.0605 37471.1328 31297.252
   vertex 23480.1992 37562.0625 31250.9375
   vertex 23441.3145 37481.0234 31110.8105
  endloop
 endfacet
facet normal -0.772897184 0.624038577 -0.114916481
  outer loop
   vertex 23522.959 37495.7188 30707.8477
   vertex 23387.2246 37358.8906 30877.7363
   vertex 23541.1562 37542.1055 30837.3496
  endloop
 endfacet
facet normal -0.804641902 0.305857033 -0.508923233
  outer loop
   vertex 23387.2246 37358.8906 30877.7363
   vertex 23311.1582 37266.875 30942.7012
   vertex 23322.3926 37305.5156 30948.1602
  endloop
 endfacet
facet normal -0.475371927 0.773237407 -0.419673055
  outer loop
   vertex 23800.4727 37482.7148 30131.7109
   vertex 23685.6016 37385.5391 30082.7832
   vertex 23662.9941 37424.5938 30180.3535
  endloop
 endfacet
facet normal -0.4776555 0.757667959 -0.444729686
  outer loop
   vertex 23800.4727 37482.7148 30131.7109
   vertex 23662.9941 37424.5938 30180.3535
   vertex 23819.5273 37583.1367 30282.332
  endloop
 endfacet
facet normal -0.527146935 0.736306787 -0.42422691
  outer loop
   vertex 23800.4727 37482.7148 30131.7109
   vertex 23819.5273 37583.1367 30282.332
   vertex 23873.5742 37582.2305 30213.5977
  endloop
 endfacet
facet normal -0.917730629 0.0437571406 -0.394785732
  outer loop
   vertex 23456.459 36955.3008 30177.2305
   vertex 23449.5879 37132.1016 30212.7949
   vertex 23488.2148 37141.5391 30124.0488
  endloop
 endfacet
facet normal -0.604580581 0.403171182 -0.686975479
  outer loop
   vertex 23725.9316 37402.1562 30057.043
   vertex 23726.0234 37295.4336 29994.3301
   vertex 23685.6016 37385.5391 30082.7832
  endloop
 endfacet
facet normal -0.671572864 0.320444554 -0.66806078
  outer loop
   vertex 23493.7949 37410.8477 30563.332
   vertex 23372.7207 37176.1914 30572.4863
   vertex 23408.543 37308.8594 30600.1113
  endloop
 endfacet
facet normal -0.743821919 0.630102932 -0.222933263
  outer loop
   vertex 23604.3984 37550.4688 30590.8613
   vertex 23522.959 37495.7188 30707.8477
   vertex 23628.3887 37607.9688 30673.3418
  endloop
 endfacet
facet normal -0.744241774 0.667549789 -0.0219423473
  outer loop
   vertex 23657.9199 37640.7148 30667.9492
   vertex 23628.3887 37607.9688 30673.3418
   vertex 23656.3418 37639.4844 30684.0234
  endloop
 endfacet
facet normal -0.541351974 0.75541991 -0.369159579
  outer loop
   vertex 23773.1445 37619.2461 30484.1484
   vertex 23604.3984 37550.4688 30590.8613
   vertex 23696.2168 37643.4609 30646.5117
  endloop
 endfacet
facet normal 0.301081955 0.483322799 -0.822039366
  outer loop
   vertex 23725.9316 37402.1562 30057.043
   vertex 23800.4727 37482.7148 30131.7109
   vertex 23726.0234 37295.4336 29994.3301
  endloop
 endfacet
facet normal -0.269811094 0.953086555 -0.137215078
  outer loop
   vertex 23777.4141 37299.3945 29920.7676
   vertex 23726.0234 37295.4336 29994.3301
   vertex 23848.541 37320.8477 29929.9238
  endloop
 endfacet
facet normal -0.411854625 0.776336193 -0.477156073
  outer loop
   vertex 23947.1094 37455.4219 30063.7988
   vertex 23848.541 37320.8477 29929.9238
   vertex 23726.0234 37295.4336 29994.3301
  endloop
 endfacet
facet normal -0.225248531 0.632913649 -0.740731657
  outer loop
   vertex 23800.4727 37482.7148 30131.7109
   vertex 23947.1094 37455.4219 30063.7988
   vertex 23726.0234 37295.4336 29994.3301
  endloop
 endfacet
facet normal -0.788630426 -0.0407156199 -0.613518
  outer loop
   vertex 23550.7324 37075.6484 30048.0625
   vertex 23456.459 36955.3008 30177.2305
   vertex 23488.2148 37141.5391 30124.0488
  endloop
 endfacet
facet normal 0.196065992 0.782390714 -0.591120064
  outer loop
   vertex 23848.541 37320.8477 29929.9238
   vertex 23997.3867 37315.5156 29972.2402
   vertex 23892.8359 37286.5391 29899.207
  endloop
 endfacet
facet normal -0.809467912 0.566771507 -0.153400421
  outer loop
   vertex 23441.3145 37481.0234 31110.8105
   vertex 23318.7656 37334.2617 31215.248
   vertex 23399.0605 37471.1328 31297.252
  endloop
 endfacet
facet normal -0.777023494 0.605183303 -0.173169598
  outer loop
   vertex 23399.0605 37471.1328 31297.252
   vertex 23451.6582 37554.3359 31352.002
   vertex 23480.1992 37562.0625 31250.9375
  endloop
 endfacet
facet normal -0.664124727 0.684507012 -0.300646901
  outer loop
   vertex 23292.0664 37321.1875 31631.0469
   vertex 23331.623 37371.2344 31657.6133
   vertex 23287.9727 37289.1719 31567.1934
  endloop
 endfacet
facet normal -0.839151978 0.543043017 0.0304677133
  outer loop
   vertex 23287.9727 37289.1719 31567.1934
   vertex 23432.6445 37516.8984 31492.916
   vertex 23312.2246 37336.75 31387.125
  endloop
 endfacet
facet normal -0.806254625 0.575348616 -0.137577087
  outer loop
   vertex 23441.3145 37481.0234 31110.8105
   vertex 23308.7559 37277.8203 31037.8652
   vertex 23318.7656 37334.2617 31215.248
  endloop
 endfacet
facet normal -0.455664396 0.604117453 -0.653767586
  outer loop
   vertex 23849.5156 37272.2656 29884.3535
   vertex 23791.6758 37244.5312 29899.0391
   vertex 23848.541 37320.8477 29929.9238
  endloop
 endfacet
facet normal -0.76220113 0.602443695 -0.23687768
  outer loop
   vertex 23481.416 37306.0117 30417.7148
   vertex 23613.0957 37435.5234 30323.3848
   vertex 23485.3711 37254.543 30274.084
  endloop
 endfacet
facet normal -0.688856959 0.54141587 -0.482021689
  outer loop
   vertex 23569.5391 37263.5117 30102.168
   vertex 23491.7793 37229.9453 30175.5918
   vertex 23550.3789 37329.6523 30203.8418
  endloop
 endfacet
facet normal -0.822695673 0.536647856 -0.187565669
  outer loop
   vertex 23550.3789 37329.6523 30203.8418
   vertex 23491.7793 37229.9453 30175.5918
   vertex 23485.3711 37254.543 30274.084
  endloop
 endfacet
facet normal -0.780688047 0.566391408 0.264058679
  outer loop
   vertex 23556.3887 37501 30555.0254
   vertex 23493.7949 37410.8477 30563.332
   vertex 23604.3984 37550.4688 30590.8613
  endloop
 endfacet
facet normal -0.778215826 0.597358108 -0.193761334
  outer loop
   vertex 23493.7949 37410.8477 30563.332
   vertex 23400.4512 37328.9766 30685.8262
   vertex 23522.959 37495.7188 30707.8477
  endloop
 endfacet
facet normal -0.742708564 0.631999433 -0.221270636
  outer loop
   vertex 23493.7949 37410.8477 30563.332
   vertex 23522.959 37495.7188 30707.8477
   vertex 23604.3984 37550.4688 30590.8613
  endloop
 endfacet
facet normal -0.752343893 0.56329596 -0.34157908
  outer loop
   vertex 23493.7949 37410.8477 30563.332
   vertex 23583.1094 37466.3438 30458.1289
   vertex 23481.416 37306.0117 30417.7148
  endloop
 endfacet
facet normal -0.769477665 0.563729942 -0.300187707
  outer loop
   vertex 23583.1094 37466.3438 30458.1289
   vertex 23613.0957 37435.5234 30323.3848
   vertex 23481.416 37306.0117 30417.7148
  endloop
 endfacet
facet normal -0.945208311 0.298198193 -0.132887527
  outer loop
   vertex 23414.2812 37063.3203 30350.627
   vertex 23481.416 37306.0117 30417.7148
   vertex 23485.3711 37254.543 30274.084
  endloop
 endfacet
facet normal -0.944797218 0.287744135 -0.15672107
  outer loop
   vertex 23372.7207 37176.1914 30572.4863
   vertex 23400.4512 37328.9766 30685.8262
   vertex 23408.543 37308.8594 30600.1113
  endloop
 endfacet
facet normal -0.614608228 0.603262603 -0.508262753
  outer loop
   vertex 23662.9941 37424.5938 30180.3535
   vertex 23569.5391 37263.5117 30102.168
   vertex 23550.3789 37329.6523 30203.8418
  endloop
 endfacet
facet normal -0.927400172 0.344261974 -0.14633061
  outer loop
   vertex 23491.7793 37229.9453 30175.5918
   vertex 23449.5879 37132.1016 30212.7949
   vertex 23485.3711 37254.543 30274.084
  endloop
 endfacet
facet normal -0.82684797 0.508004487 -0.241358414
  outer loop
   vertex 23488.2148 37141.5391 30124.0488
   vertex 23569.5391 37263.5117 30102.168
   vertex 23516.2832 37166.5195 30080.4688
  endloop
 endfacet
facet normal -0.717071533 0.372416168 -0.589164317
  outer loop
   vertex 23569.5391 37263.5117 30102.168
   vertex 23488.2148 37141.5391 30124.0488
   vertex 23491.7793 37229.9453 30175.5918
  endloop
 endfacet
facet normal -0.135778859 0.286722898 -0.9483428
  outer loop
   vertex 23569.5391 37263.5117 30102.168
   vertex 23550.7324 37075.6484 30048.0625
   vertex 23516.2832 37166.5195 30080.4688
  endloop
 endfacet
facet normal -0.809287846 -0.1003846 -0.578771174
  outer loop
   vertex 23550.7324 37075.6484 30048.0625
   vertex 23488.2148 37141.5391 30124.0488
   vertex 23516.2832 37166.5195 30080.4688
  endloop
 endfacet
facet normal -0.888691008 0.36608687 -0.2760593
  outer loop
   vertex 23372.7207 37176.1914 30572.4863
   vertex 23335.9121 37221.8906 30751.5801
   vertex 23400.4512 37328.9766 30685.8262
  endloop
 endfacet
facet normal -0.701671302 0.695055544 -0.156700924
  outer loop
   vertex 23360.666 37306.7734 30765.4824
   vertex 23387.2246 37358.8906 30877.7363
   vertex 23400.4512 37328.9766 30685.8262
  endloop
 endfacet
facet normal -0.786087632 0.581129134 -0.210606813
  outer loop
   vertex 23493.7949 37410.8477 30563.332
   vertex 23408.543 37308.8594 30600.1113
   vertex 23400.4512 37328.9766 30685.8262
  endloop
 endfacet
facet normal -0.609284043 0.444027156 -0.656972528
  outer loop
   vertex 23791.6758 37244.5312 29899.0391
   vertex 23729.2695 37175.6445 29910.3574
   vertex 23726.0234 37295.4336 29994.3301
  endloop
 endfacet
facet normal -0.820031881 0.0134417294 -0.572160006
  outer loop
   vertex 23791.6758 37244.5312 29899.0391
   vertex 23726.0234 37295.4336 29994.3301
   vertex 23777.4141 37299.3945 29920.7676
  endloop
 endfacet
facet normal -0.855004072 0.281959593 -0.435277879
  outer loop
   vertex 23669.8301 37039.4727 29938.9023
   vertex 23726.0234 37295.4336 29994.3301
   vertex 23729.2695 37175.6445 29910.3574
  endloop
 endfacet
facet normal -0.257481188 0.0749932751 -0.963368773
  outer loop
   vertex 23781.0215 37089.0391 29889.7832
   vertex 23729.2695 37175.6445 29910.3574
   vertex 23791.6758 37244.5312 29899.0391
  endloop
 endfacet
facet normal -0.778901339 0.232722506 -0.582368433
  outer loop
   vertex 23311.1582 37266.875 30942.7012
   vertex 23387.2246 37358.8906 30877.7363
   vertex 23278.5547 37111.4648 30924.2012
  endloop
 endfacet
facet normal -0.936669767 0.296925306 -0.185701609
  outer loop
   vertex 23234.3535 37107.5156 31140.8477
   vertex 23308.7559 37277.8203 31037.8652
   vertex 23278.5547 37111.4648 30924.2012
  endloop
 endfacet
facet normal -0.970276952 0.14280957 -0.195366621
  outer loop
   vertex 23228.8672 36972.4492 31069.3633
   vertex 23234.3535 37107.5156 31140.8477
   vertex 23278.5547 37111.4648 30924.2012
  endloop
 endfacet
facet normal -0.97634238 0.210636109 -0.0488674194
  outer loop
   vertex 23311.1582 37266.875 30942.7012
   vertex 23278.5547 37111.4648 30924.2012
   vertex 23308.7559 37277.8203 31037.8652
  endloop
 endfacet
facet normal -0.956476748 0.286176592 -0.0570543483
  outer loop
   vertex 23311.1582 37266.875 30942.7012
   vertex 23308.7559 37277.8203 31037.8652
   vertex 23322.3926 37305.5156 30948.1602
  endloop
 endfacet
facet normal -0.966792822 0.0999745876 -0.235194966
  outer loop
   vertex 23244.4668 36920.9141 30983.3301
   vertex 23228.8672 36972.4492 31069.3633
   vertex 23278.5547 37111.4648 30924.2012
  endloop
 endfacet
facet normal -0.957415938 0.0857311711 -0.275689811
  outer loop
   vertex 23244.4668 36920.9141 30983.3301
   vertex 23278.5547 37111.4648 30924.2012
   vertex 23280.6582 36832.9062 30830.2754
  endloop
 endfacet
facet normal -0.995869339 0.0221707076 -0.0880494043
  outer loop
   vertex 23295.2598 37036.707 30716.4434
   vertex 23280.6582 36832.9062 30830.2754
   vertex 23278.5547 37111.4648 30924.2012
  endloop
 endfacet
facet normal -0.956614614 0.24105306 -0.16365172
  outer loop
   vertex 23295.2598 37036.707 30716.4434
   vertex 23278.5547 37111.4648 30924.2012
   vertex 23335.9121 37221.8906 30751.5801
  endloop
 endfacet
facet normal -0.917936146 0.393099517 -0.0535349734
  outer loop
   vertex 23387.2246 37358.8906 30877.7363
   vertex 23335.9121 37221.8906 30751.5801
   vertex 23278.5547 37111.4648 30924.2012
  endloop
 endfacet
facet normal -0.908930779 0.415462434 -0.0351539925
  outer loop
   vertex 23244.9199 37195.6445 31459.7266
   vertex 23312.2246 37336.75 31387.125
   vertex 23243.7461 37180.2109 31307.6543
  endloop
 endfacet
facet normal -0.916146815 0.288645893 0.278134137
  outer loop
   vertex 23297.1406 37127.0273 31883.1484
   vertex 23371.3477 37212.6367 32038.7344
   vertex 23327.5898 37291.1719 31813.0938
  endloop
 endfacet
facet normal -0.938099742 0.241385087 0.248399153
  outer loop
   vertex 23327.5898 37291.1719 31813.0938
   vertex 23288.041 37282.5 31672.1621
   vertex 23250.0059 37112.6758 31693.5527
  endloop
 endfacet
facet normal -0.878586411 0.433491319 0.200427428
  outer loop
   vertex 23416.9707 37489.2656 31776.457
   vertex 23331.623 37371.2344 31657.6133
   vertex 23327.5898 37291.1719 31813.0938
  endloop
 endfacet
facet normal -0.894068897 0.427903056 0.132437617
  outer loop
   vertex 23407.8438 37411.7305 31965.3633
   vertex 23416.9707 37489.2656 31776.457
   vertex 23327.5898 37291.1719 31813.0938
  endloop
 endfacet
facet normal -0.940130234 0.265559763 0.213619307
  outer loop
   vertex 23250.0059 37112.6758 31693.5527
   vertex 23297.1406 37127.0273 31883.1484
   vertex 23327.5898 37291.1719 31813.0938
  endloop
 endfacet
facet normal -0.915665567 0.347898364 0.201303899
  outer loop
   vertex 23250.0059 37112.6758 31693.5527
   vertex 23263.4648 37071.9023 31825.2305
   vertex 23297.1406 37127.0273 31883.1484
  endloop
 endfacet
facet normal -0.995216548 -0.019001428 0.0958277881
  outer loop
   vertex 23250.0059 37112.6758 31693.5527
   vertex 23263.9258 37011.0391 31817.9609
   vertex 23263.4648 37071.9023 31825.2305
  endloop
 endfacet
facet normal -0.904345453 0.426705271 -0.00905252155
  outer loop
   vertex 23287.9727 37289.1719 31567.1934
   vertex 23312.2246 37336.75 31387.125
   vertex 23244.9199 37195.6445 31459.7266
  endloop
 endfacet
facet normal -0.906542718 0.356655926 0.225780457
  outer loop
   vertex 23250.0059 37112.6758 31693.5527
   vertex 23287.9727 37289.1719 31567.1934
   vertex 23223.7129 37134.8555 31552.9473
  endloop
 endfacet
facet normal -0.97532779 0.220276803 0.0146235507
  outer loop
   vertex 23288.041 37282.5 31672.1621
   vertex 23287.9727 37289.1719 31567.1934
   vertex 23250.0059 37112.6758 31693.5527
  endloop
 endfacet
facet normal -0.923731327 0.381112188 0.0383924358
  outer loop
   vertex 23287.9727 37289.1719 31567.1934
   vertex 23244.9199 37195.6445 31459.7266
   vertex 23223.7129 37134.8555 31552.9473
  endloop
 endfacet
facet normal -0.981101096 0.193121463 -0.0120306751
  outer loop
   vertex 23243.7461 37180.2109 31307.6543
   vertex 23209.4102 37017.1484 31490.2598
   vertex 23244.9199 37195.6445 31459.7266
  endloop
 endfacet
facet normal -0.835272729 0.549635947 0.0148251848
  outer loop
   vertex 23399.0605 37471.1328 31297.252
   vertex 23312.2246 37336.75 31387.125
   vertex 23432.6445 37516.8984 31492.916
  endloop
 endfacet
facet normal -0.852057934 0.522898912 0.0239596199
  outer loop
   vertex 23399.0605 37471.1328 31297.252
   vertex 23432.6445 37516.8984 31492.916
   vertex 23451.6582 37554.3359 31352.002
  endloop
 endfacet
facet normal -0.851213157 0.523296535 -0.0399606302
  outer loop
   vertex 23399.0605 37471.1328 31297.252
   vertex 23318.7656 37334.2617 31215.248
   vertex 23312.2246 37336.75 31387.125
  endloop
 endfacet
facet normal -0.90768975 0.417675048 -0.0405816771
  outer loop
   vertex 23318.7656 37334.2617 31215.248
   vertex 23243.7461 37180.2109 31307.6543
   vertex 23312.2246 37336.75 31387.125
  endloop
 endfacet
facet normal -0.904319942 0.36198929 0.226206109
  outer loop
   vertex 23209.8848 37090.1289 31569.2383
   vertex 23250.0059 37112.6758 31693.5527
   vertex 23223.7129 37134.8555 31552.9473
  endloop
 endfacet
facet normal 0.197090313 0.972966194 -0.120383762
  outer loop
   vertex 24013.1387 37744.3555 31038.8066
   vertex 24195.3438 37685.0273 30857.6035
   vertex 23961.6289 37726.2031 30807.7773
  endloop
 endfacet
facet normal 0.408152163 0.902203679 -0.13942869
  outer loop
   vertex 24171.5117 37756.9961 31406.9414
   vertex 24093.3008 37771.0508 31268.9453
   vertex 24076.834 37803.0352 31427.6875
  endloop
 endfacet
facet normal 0.419720054 0.895729065 -0.146644354
  outer loop
   vertex 24171.5117 37756.9961 31406.9414
   vertex 24191.8418 37721.625 31249.0801
   vertex 24093.3008 37771.0508 31268.9453
  endloop
 endfacet
facet normal 0.0244859774 0.684206724 -0.728876948
  outer loop
   vertex 23849.5156 37272.2656 29884.3535
   vertex 23848.541 37320.8477 29929.9238
   vertex 23892.8359 37286.5391 29899.207
  endloop
 endfacet
facet normal 0.865398645 -0.396029621 0.306994677
  outer loop
   vertex 24463.0312 37080.8594 30950.5859
   vertex 24358.873 36830.9531 30921.8203
   vertex 24481.8223 37010.1328 30806.377
  endloop
 endfacet
facet normal 0.568143427 0.0233147442 -0.822599232
  outer loop
   vertex 23997.3867 37315.5156 29972.2402
   vertex 23894.6172 37193.2695 29897.7949
   vertex 23892.8359 37286.5391 29899.207
  endloop
 endfacet
facet normal 0.319479883 -0.184250399 -0.929507613
  outer loop
   vertex 24903.9355 39077.1445 32706.2617
   vertex 25074.623 39175.0391 32745.5254
   vertex 25059.3574 38975 32779.9297
  endloop
 endfacet
facet normal 0.472830087 0.132957697 -0.871064842
  outer loop
   vertex 23894.6172 37193.2695 29897.7949
   vertex 23997.3867 37315.5156 29972.2402
   vertex 24078.6758 37107.0508 29984.5449
  endloop
 endfacet
facet normal 0.433754534 0.116397344 -0.893481195
  outer loop
   vertex 23997.3867 37315.5156 29972.2402
   vertex 24154.373 37300.0508 30046.4355
   vertex 24078.6758 37107.0508 29984.5449
  endloop
 endfacet
facet normal 0.976020992 0.215549961 0.0303510018
  outer loop
   vertex 24513.7051 37123.8672 30693.7891
   vertex 24490.5371 37232.3477 30668.4219
   vertex 24514.0801 37112.8438 30760.0195
  endloop
 endfacet
facet normal 0.986159027 0.159453779 -0.0454411432
  outer loop
   vertex 24500.9336 37220.5547 30852.6602
   vertex 24514.0801 37112.8438 30760.0195
   vertex 24490.5371 37232.3477 30668.4219
  endloop
 endfacet
facet normal -0.428991467 0.841364861 -0.328742236
  outer loop
   vertex 23696.2168 37643.4609 30646.5117
   vertex 23808.4707 37686.543 30610.2852
   vertex 23773.1445 37619.2461 30484.1484
  endloop
 endfacet
facet normal -0.217928812 0.542362034 -0.811387956
  outer loop
   vertex 23949.7383 37665.832 30289.2969
   vertex 24004.4316 37624.8398 30247.209
   vertex 23923.2539 37652 30287.166
  endloop
 endfacet
facet normal 0.944948733 0.0434992984 -0.324314117
  outer loop
   vertex 24418.457 37450.0547 31797.9922
   vertex 24376.9023 37318.3086 31659.2461
   vertex 24359.2695 37469.1641 31628.1016
  endloop
 endfacet
facet normal 0.955245554 0.141376466 -0.259843349
  outer loop
   vertex 24369.6484 37485.7852 30353.7734
   vertex 24423.043 37387.4727 30496.5723
   vertex 24381.3301 37357.4609 30326.8984
  endloop
 endfacet
facet normal 0.198569566 0.362029761 -0.91077143
  outer loop
   vertex 24169.9863 37725.7578 30511.918
   vertex 24245.0195 37685.0938 30512.1133
   vertex 24062.6738 37699.3672 30478.0312
  endloop
 endfacet
facet normal -0.253097862 0.944043517 -0.211478829
  outer loop
   vertex 23819.5273 37583.1367 30282.332
   vertex 24004.4316 37624.8398 30247.209
   vertex 23873.5742 37582.2305 30213.5977
  endloop
 endfacet
facet normal -0.158225685 0.749467909 -0.642854929
  outer loop
   vertex 23800.4727 37482.7148 30131.7109
   vertex 24004.4316 37624.8398 30247.209
   vertex 23947.1094 37455.4219 30063.7988
  endloop
 endfacet
facet normal -0.011212768 0.640258968 -0.768077314
  outer loop
   vertex 23800.4727 37482.7148 30131.7109
   vertex 23873.5742 37582.2305 30213.5977
   vertex 24004.4316 37624.8398 30247.209
  endloop
 endfacet
facet normal -0.264512509 0.458000511 -0.848686397
  outer loop
   vertex 23819.5273 37583.1367 30282.332
   vertex 23923.2539 37652 30287.166
   vertex 24004.4316 37624.8398 30247.209
  endloop
 endfacet
facet normal -0.444859684 0.878666282 -0.173336327
  outer loop
   vertex 23911.291 37657.4062 30345.2695
   vertex 23949.7383 37665.832 30289.2969
   vertex 23923.2539 37652 30287.166
  endloop
 endfacet
facet normal 0.00729918666 0.951064289 -0.308906764
  outer loop
   vertex 24004.4316 37624.8398 30247.209
   vertex 23911.291 37657.4062 30345.2695
   vertex 24062.6738 37699.3672 30478.0312
  endloop
 endfacet
facet normal 0.727772117 0.396505028 0.559581578
  outer loop
   vertex 23911.291 37657.4062 30345.2695
   vertex 24004.4316 37624.8398 30247.209
   vertex 23949.7383 37665.832 30289.2969
  endloop
 endfacet
facet normal -0.260042638 0.916482866 -0.304034501
  outer loop
   vertex 24062.6738 37699.3672 30478.0312
   vertex 23773.1445 37619.2461 30484.1484
   vertex 23928.3848 37711.4102 30629.1934
  endloop
 endfacet
facet normal -0.266717285 0.963774681 -0.000478193397
  outer loop
   vertex 24062.6738 37699.3672 30478.0312
   vertex 23911.291 37657.4062 30345.2695
   vertex 23773.1445 37619.2461 30484.1484
  endloop
 endfacet
facet normal -0.228380591 0.972744882 0.0401216596
  outer loop
   vertex 23911.291 37657.4062 30345.2695
   vertex 23833.7227 37638.2773 30367.5273
   vertex 23773.1445 37619.2461 30484.1484
  endloop
 endfacet
facet normal 0.275402188 0.650315881 -0.707985103
  outer loop
   vertex 23928.3848 37711.4102 30629.1934
   vertex 23773.1445 37619.2461 30484.1484
   vertex 23838.2012 37690.1875 30574.6191
  endloop
 endfacet
facet normal -0.381659687 0.920055807 -0.0885051638
  outer loop
   vertex 23696.2168 37643.4609 30646.5117
   vertex 23801.6074 37693.8984 30716.3633
   vertex 23808.4707 37686.543 30610.2852
  endloop
 endfacet
facet normal -0.427103966 0.898280263 -0.103318505
  outer loop
   vertex 23651.75 37626.3906 30748.9238
   vertex 23754.8652 37687.6016 30854.8496
   vertex 23801.6074 37693.8984 30716.3633
  endloop
 endfacet
facet normal -0.193427995 0.979206204 -0.0611618571
  outer loop
   vertex 23928.3848 37711.4102 30629.1934
   vertex 23838.2012 37690.1875 30574.6191
   vertex 23808.4707 37686.543 30610.2852
  endloop
 endfacet
facet normal -0.22282584 0.973445535 -0.0524639599
  outer loop
   vertex 24169.9863 37725.7578 30511.918
   vertex 24062.6738 37699.3672 30478.0312
   vertex 24164.5762 37726.1172 30541.5645
  endloop
 endfacet
facet normal -0.190273643 0.978451848 -0.0801744536
  outer loop
   vertex 23808.4707 37686.543 30610.2852
   vertex 23801.6074 37693.8984 30716.3633
   vertex 23928.3848 37711.4102 30629.1934
  endloop
 endfacet
facet normal -0.207802758 0.971232176 -0.116301715
  outer loop
   vertex 23961.6289 37726.2031 30807.7773
   vertex 23754.8652 37687.6016 30854.8496
   vertex 23811.4102 37717.875 31006.6211
  endloop
 endfacet
facet normal 0.0553710461 0.916642249 -0.395854861
  outer loop
   vertex 23928.3848 37711.4102 30629.1934
   vertex 24015.584 37736.6445 30699.8281
   vertex 24134.6074 37711.7656 30658.8613
  endloop
 endfacet
facet normal -0.253108025 0.966875553 -0.0329855233
  outer loop
   vertex 24015.584 37736.6445 30699.8281
   vertex 23928.3848 37711.4102 30629.1934
   vertex 23961.6289 37726.2031 30807.7773
  endloop
 endfacet
facet normal -0.170208424 0.984146416 -0.0498484857
  outer loop
   vertex 23801.6074 37693.8984 30716.3633
   vertex 23961.6289 37726.2031 30807.7773
   vertex 23928.3848 37711.4102 30629.1934
  endloop
 endfacet
facet normal -0.187599078 0.982068181 -0.0186717361
  outer loop
   vertex 23801.6074 37693.8984 30716.3633
   vertex 23754.8652 37687.6016 30854.8496
   vertex 23961.6289 37726.2031 30807.7773
  endloop
 endfacet
facet normal -0.197181925 0.974560261 -0.106543861
  outer loop
   vertex 23977.8262 37779.5508 31150.8984
   vertex 23842.3984 37758.2539 31206.7383
   vertex 23983.4883 37788.3633 31221.0273
  endloop
 endfacet
facet normal 0.799365342 0.60051924 0.019790804
  outer loop
   vertex 24414.7871 37475.5078 30833.7402
   vertex 24324.9648 37600.6016 30665.9707
   vertex 24327.1074 37590.7227 30879.168
  endloop
 endfacet
facet normal 0.507847905 0.829816759 0.231289059
  outer loop
   vertex 24245.0195 37685.0938 30512.1133
   vertex 24164.5762 37726.1172 30541.5645
   vertex 24134.6074 37711.7656 30658.8613
  endloop
 endfacet
facet normal 0.00861342717 0.997381091 -0.0718110278
  outer loop
   vertex 24062.6738 37699.3672 30478.0312
   vertex 23928.3848 37711.4102 30629.1934
   vertex 24134.6074 37711.7656 30658.8613
  endloop
 endfacet
facet normal -0.280212194 0.958848417 0.0457261354
  outer loop
   vertex 24164.5762 37726.1172 30541.5645
   vertex 24062.6738 37699.3672 30478.0312
   vertex 24134.6074 37711.7656 30658.8613
  endloop
 endfacet
facet normal 0.227092981 0.971938193 0.0613590442
  outer loop
   vertex 24231.5547 37684.6953 30728.8164
   vertex 24134.6074 37711.7656 30658.8613
   vertex 24195.3438 37685.0273 30857.6035
  endloop
 endfacet
facet normal 0.155294195 0.984208763 0.084951736
  outer loop
   vertex 24134.6074 37711.7656 30658.8613
   vertex 23961.6289 37726.2031 30807.7773
   vertex 24195.3438 37685.0273 30857.6035
  endloop
 endfacet
facet normal 0.273565084 0.934649527 0.227139503
  outer loop
   vertex 24134.6074 37711.7656 30658.8613
   vertex 24015.584 37736.6445 30699.8281
   vertex 23961.6289 37726.2031 30807.7773
  endloop
 endfacet
facet normal 0.312162668 0.950024426 0.00283711613
  outer loop
   vertex 24195.3438 37685.0273 30857.6035
   vertex 24013.1387 37744.3555 31038.8066
   vertex 24212.002 37678.8203 31103.207
  endloop
 endfacet
facet normal 0.333006293 0.85953474 -0.387694299
  outer loop
   vertex 24171.5117 37756.9961 31406.9414
   vertex 24076.834 37803.0352 31427.6875
   vertex 24139.8027 37810.2578 31497.791
  endloop
 endfacet
facet normal -0.811014593 0.102686621 0.57594341
  outer loop
   vertex 24139.8027 37810.2578 31497.791
   vertex 24123.4219 37807.3008 31475.252
   vertex 24148.4766 37770.4141 31517.1094
  endloop
 endfacet
facet normal -0.157775015 -0.957760334 0.240420803
  outer loop
   vertex 24139.8027 37810.2578 31497.791
   vertex 24076.834 37803.0352 31427.6875
   vertex 24123.4219 37807.3008 31475.252
  endloop
 endfacet
facet normal 0.242426679 0.957685947 0.155135259
  outer loop
   vertex 24076.834 37803.0352 31427.6875
   vertex 23920.8184 37828.7539 31512.6992
   vertex 24148.4766 37770.4141 31517.1094
  endloop
 endfacet
facet normal -0.699189126 0.274284422 0.660229266
  outer loop
   vertex 24123.4219 37807.3008 31475.252
   vertex 24076.834 37803.0352 31427.6875
   vertex 24148.4766 37770.4141 31517.1094
  endloop
 endfacet
facet normal 0.234139144 0.882856131 -0.407116592
  outer loop
   vertex 23987.0508 37878.8242 31659.3652
   vertex 24148.4766 37770.4141 31517.1094
   vertex 23920.8184 37828.7539 31512.6992
  endloop
 endfacet
facet normal 0.0383919366 0.940250218 -0.338312924
  outer loop
   vertex 23987.0508 37878.8242 31659.3652
   vertex 23920.8184 37828.7539 31512.6992
   vertex 23846.793 37876.7383 31637.6523
  endloop
 endfacet
facet normal 0.176747993 0.86854583 -0.463020802
  outer loop
   vertex 24016.418 37939.8438 31785.0391
   vertex 24169.7637 37856.4219 31687.0898
   vertex 23987.0508 37878.8242 31659.3652
  endloop
 endfacet
facet normal 0.157458082 0.955267906 -0.250340015
  outer loop
   vertex 24013.1387 37744.3555 31038.8066
   vertex 23977.8262 37779.5508 31150.8984
   vertex 24060.3398 37766.5508 31153.1875
  endloop
 endfacet
facet normal 0.0623636059 0.979626656 -0.190898776
  outer loop
   vertex 23933.5703 37796.4688 31347.1992
   vertex 24076.834 37803.0352 31427.6875
   vertex 24093.3008 37771.0508 31268.9453
  endloop
 endfacet
facet normal 0.156400159 0.987692535 -0.00157244259
  outer loop
   vertex 23983.4883 37788.3633 31221.0273
   vertex 23933.5703 37796.4688 31347.1992
   vertex 24093.3008 37771.0508 31268.9453
  endloop
 endfacet
facet normal 0.19469282 0.976406872 -0.093403846
  outer loop
   vertex 24060.3398 37766.5508 31153.1875
   vertex 23983.4883 37788.3633 31221.0273
   vertex 24093.3008 37771.0508 31268.9453
  endloop
 endfacet
facet normal -0.193212733 0.971284389 -0.13883625
  outer loop
   vertex 23933.5703 37796.4688 31347.1992
   vertex 23983.4883 37788.3633 31221.0273
   vertex 23842.3984 37758.2539 31206.7383
  endloop
 endfacet
facet normal 0.389774978 0.860580444 -0.327836543
  outer loop
   vertex 24060.3398 37766.5508 31153.1875
   vertex 24212.002 37678.8203 31103.207
   vertex 24013.1387 37744.3555 31038.8066
  endloop
 endfacet
facet normal 0.157872438 0.978096545 -0.135659292
  outer loop
   vertex 23977.8262 37779.5508 31150.8984
   vertex 23983.4883 37788.3633 31221.0273
   vertex 24060.3398 37766.5508 31153.1875
  endloop
 endfacet
facet normal 0.609984934 0.646346331 -0.458426416
  outer loop
   vertex 24169.7637 37856.4219 31687.0898
   vertex 24326.2812 37798.2812 31813.3809
   vertex 24277.4609 37769.5 31707.8398
  endloop
 endfacet
facet normal 0.606306136 0.637854636 -0.474904567
  outer loop
   vertex 24249.1387 37738.9219 31630.6133
   vertex 24169.7637 37856.4219 31687.0898
   vertex 24277.4609 37769.5 31707.8398
  endloop
 endfacet
facet normal -0.210641459 0.883990347 -0.417362243
  outer loop
   vertex 24016.418 37939.8438 31785.0391
   vertex 23843.9473 37928.3047 31847.6406
   vertex 24083.5 38043.7344 31971.2246
  endloop
 endfacet
facet normal -0.193754762 0.875674188 -0.442327738
  outer loop
   vertex 23915.7285 38047.082 32051.3418
   vertex 24083.5 38043.7344 31971.2246
   vertex 23843.9473 37928.3047 31847.6406
  endloop
 endfacet
facet normal -0.975150645 -0.122917898 0.184315979
  outer loop
   vertex 24139.8027 37810.2578 31497.791
   vertex 24148.4766 37770.4141 31517.1094
   vertex 24169.7637 37856.4219 31687.0898
  endloop
 endfacet
facet normal 0.733915865 -0.638664305 0.231247574
  outer loop
   vertex 24171.5117 37756.9961 31406.9414
   vertex 24169.7637 37856.4219 31687.0898
   vertex 24148.4766 37770.4141 31517.1094
  endloop
 endfacet
facet normal 0.537212968 0.795922637 -0.279122472
  outer loop
   vertex 24171.5117 37756.9961 31406.9414
   vertex 24139.8027 37810.2578 31497.791
   vertex 24169.7637 37856.4219 31687.0898
  endloop
 endfacet
facet normal -0.554947138 0.82134676 -0.131996781
  outer loop
   vertex 28526.0703 42758.5234 32640.4492
   vertex 28342.1992 42623.5195 32573.4355
   vertex 28422.4727 42700.0781 32712.3418
  endloop
 endfacet
facet normal -0.622229397 0.764415324 0.168818995
  outer loop
   vertex 27421.6523 41909.0781 33021.0508
   vertex 27522.8418 41956.0547 33181.2969
   vertex 27536.3184 42005.6836 33006.2578
  endloop
 endfacet
facet normal -0.558038771 0.820750892 -0.122313701
  outer loop
   vertex 28477.2852 42700.8438 32475.9746
   vertex 28342.1992 42623.5195 32573.4355
   vertex 28526.0703 42758.5234 32640.4492
  endloop
 endfacet
facet normal -0.641381502 0.719742119 -0.265708625
  outer loop
   vertex 27913.2969 42249.9648 32636.373
   vertex 27829.9453 42217.4922 32749.6074
   vertex 27972.7148 42364.4609 32803.0859
  endloop
 endfacet
facet normal -0.667814016 0.728012979 0.154988736
  outer loop
   vertex 27522.8418 41956.0547 33181.2969
   vertex 27647.541 42101.0156 33037.6992
   vertex 27536.3184 42005.6836 33006.2578
  endloop
 endfacet
facet normal 0.581789911 -0.693202615 0.42542994
  outer loop
   vertex 29269.3574 42441.707 32818.0469
   vertex 29201.8457 42285.3789 32655.6504
   vertex 29381.375 42460.7188 32695.8398
  endloop
 endfacet
facet normal -0.927660763 0.34653914 0.139126346
  outer loop
   vertex 29360.8203 43392.0234 32560.1621
   vertex 29365.502 43348.1055 32700.7578
   vertex 29381.5195 43415.8008 32638.9434
  endloop
 endfacet
facet normal -0.593473911 0.799543023 -0.0923021361
  outer loop
   vertex 28726.1875 42874.125 32588.3047
   vertex 28847.5938 42944.2539 32415.1641
   vertex 28689.959 42823.1875 32380
  endloop
 endfacet
facet normal -0.499353588 0.682046354 -0.5342834
  outer loop
   vertex 28924.9023 42947.6641 32265.1484
   vertex 28856.8301 42815.707 32160.3203
   vertex 28790.9102 42859.2891 32277.5645
  endloop
 endfacet
facet normal -0.655031979 0.381992191 -0.651931763
  outer loop
   vertex 27958.9492 42181.1758 32509.7539
   vertex 27869.7188 42016.8555 32503.125
   vertex 27801.3828 42097.8516 32619.2441
  endloop
 endfacet
facet normal -0.618393362 0.157726213 -0.76987797
  outer loop
   vertex 27880.8203 42183.9414 32573.0762
   vertex 27958.9492 42181.1758 32509.7539
   vertex 27801.3828 42097.8516 32619.2441
  endloop
 endfacet
facet normal -0.715175092 0.630015373 -0.302663535
  outer loop
   vertex 28085.8691 42407.1055 32624.4746
   vertex 27972.7148 42364.4609 32803.0859
   vertex 28058.2012 42433.2617 32744.3027
  endloop
 endfacet
facet normal -0.661248982 0.707263052 -0.250057459
  outer loop
   vertex 27972.7148 42364.4609 32803.0859
   vertex 28085.8691 42407.1055 32624.4746
   vertex 27913.2969 42249.9648 32636.373
  endloop
 endfacet
facet normal -0.715253711 0.473627865 -0.51389569
  outer loop
   vertex 28085.8691 42407.1055 32624.4746
   vertex 28255.2715 42475.3125 32451.5605
   vertex 28145.9609 42261.6719 32406.8008
  endloop
 endfacet
facet normal -0.698649049 0.537200749 -0.472551495
  outer loop
   vertex 28214.166 42534.3398 32579.4316
   vertex 28255.2715 42475.3125 32451.5605
   vertex 28085.8691 42407.1055 32624.4746
  endloop
 endfacet
facet normal -0.550140142 0.792642772 -0.262798935
  outer loop
   vertex 28790.9102 42859.2891 32277.5645
   vertex 28689.959 42823.1875 32380
   vertex 28847.5938 42944.2539 32415.1641
  endloop
 endfacet
facet normal -0.566509664 0.800018847 -0.197577015
  outer loop
   vertex 28229.9727 42570.3438 32679.9102
   vertex 28342.1992 42623.5195 32573.4355
   vertex 28214.166 42534.3398 32579.4316
  endloop
 endfacet
facet normal -0.467440397 0.874047458 -0.132440582
  outer loop
   vertex 28726.1875 42874.125 32588.3047
   vertex 28689.959 42823.1875 32380
   vertex 28585.8418 42782.8711 32481.4219
  endloop
 endfacet
facet normal -0.568815887 0.805411935 -0.166613549
  outer loop
   vertex 28342.1992 42623.5195 32573.4355
   vertex 28262.0234 42556.5781 32523.5605
   vertex 28214.166 42534.3398 32579.4316
  endloop
 endfacet
facet normal -0.730758429 0.6152879 -0.2956568
  outer loop
   vertex 28085.8691 42407.1055 32624.4746
   vertex 28117.9453 42481.4102 32699.832
   vertex 28150.8848 42508.3438 32674.4629
  endloop
 endfacet
facet normal -0.672516406 0.739911735 -0.0158839691
  outer loop
   vertex 29038.3438 43072.707 32379.1289
   vertex 28980.2363 43024.9336 32614.0586
   vertex 29217.8184 43239.1914 32535.6562
  endloop
 endfacet
facet normal -0.598368406 0.779518485 -0.185219169
  outer loop
   vertex 28229.9727 42570.3438 32679.9102
   vertex 28214.166 42534.3398 32579.4316
   vertex 28150.8848 42508.3438 32674.4629
  endloop
 endfacet
facet normal -0.721997499 0.617644608 -0.311824918
  outer loop
   vertex 28085.8691 42407.1055 32624.4746
   vertex 28150.8848 42508.3438 32674.4629
   vertex 28214.166 42534.3398 32579.4316
  endloop
 endfacet
facet normal -0.490740687 0.571797073 -0.657435656
  outer loop
   vertex 28686.1875 42601.9883 32113.7441
   vertex 28695.7734 42718.1797 32207.6445
   vertex 28801.4141 42651.6562 32070.9316
  endloop
 endfacet
facet normal -0.0937160254 0.664577246 -0.741319358
  outer loop
   vertex 28255.2715 42475.3125 32451.5605
   vertex 28262.0234 42556.5781 32523.5605
   vertex 28342.1992 42623.5195 32573.4355
  endloop
 endfacet
facet normal -0.754196286 0.469450951 -0.459133744
  outer loop
   vertex 28255.2715 42475.3125 32451.5605
   vertex 28214.166 42534.3398 32579.4316
   vertex 28262.0234 42556.5781 32523.5605
  endloop
 endfacet
facet normal -0.6246984 0.680840433 -0.382371783
  outer loop
   vertex 28255.2715 42475.3125 32451.5605
   vertex 28342.1992 42623.5195 32573.4355
   vertex 28419.2285 42583.2188 32375.8301
  endloop
 endfacet
facet normal -0.652309775 0.651605248 -0.38717252
  outer loop
   vertex 28477.2852 42700.8438 32475.9746
   vertex 28419.2285 42583.2188 32375.8301
   vertex 28342.1992 42623.5195 32573.4355
  endloop
 endfacet
facet normal -0.403996229 0.687651217 -0.603260159
  outer loop
   vertex 28924.9023 42947.6641 32265.1484
   vertex 29055.3965 42923.3281 32150.0156
   vertex 28856.8301 42815.707 32160.3203
  endloop
 endfacet
facet normal -0.363476604 0.602626979 -0.710440338
  outer loop
   vertex 28936.5938 42755.2695 32068.2441
   vertex 28856.8301 42815.707 32160.3203
   vertex 29055.3965 42923.3281 32150.0156
  endloop
 endfacet
facet normal -0.586887002 0.603678882 -0.539569676
  outer loop
   vertex 27958.9492 42181.1758 32509.7539
   vertex 27913.2969 42249.9648 32636.373
   vertex 28085.8691 42407.1055 32624.4746
  endloop
 endfacet
facet normal -0.547946274 0.793653667 -0.26432693
  outer loop
   vertex 28847.5938 42944.2539 32415.1641
   vertex 28924.9023 42947.6641 32265.1484
   vertex 28790.9102 42859.2891 32277.5645
  endloop
 endfacet
facet normal -0.315533578 0.400801241 -0.860114515
  outer loop
   vertex 28936.6641 42629 32010.7578
   vertex 28834.1582 42534.2148 32004.1934
   vertex 28801.4141 42651.6562 32070.9316
  endloop
 endfacet
facet normal -0.134018257 -0.216904625 -0.966949582
  outer loop
   vertex 28834.1582 42534.2148 32004.1934
   vertex 28933.2578 42521.9062 31993.2188
   vertex 28850.6289 42442.5352 32022.4746
  endloop
 endfacet
facet normal 0.239619941 -0.148288891 -0.959475219
  outer loop
   vertex 28834.1582 42534.2148 32004.1934
   vertex 28850.6289 42442.5352 32022.4746
   vertex 28796.6855 42485.7227 32002.3281
  endloop
 endfacet
facet normal -0.129472747 0.506352246 -0.852551579
  outer loop
   vertex 29055.3965 42923.3281 32150.0156
   vertex 29075.5391 42743.5742 32040.1973
   vertex 28936.5938 42755.2695 32068.2441
  endloop
 endfacet
facet normal -0.147227824 0.409768105 -0.90022999
  outer loop
   vertex 28936.5938 42755.2695 32068.2441
   vertex 29075.5391 42743.5742 32040.1973
   vertex 28936.6641 42629 32010.7578
  endloop
 endfacet
facet normal -0.528948724 0.436750829 -0.727641404
  outer loop
   vertex 28796.6855 42485.7227 32002.3281
   vertex 28730.5566 42494.5977 32055.7246
   vertex 28834.1582 42534.2148 32004.1934
  endloop
 endfacet
facet normal 0.000723558129 0.151420161 -0.988469243
  outer loop
   vertex 29077.4473 42581.125 32015.3145
   vertex 29075.5391 42743.5742 32040.1973
   vertex 29216.127 42704.5742 32034.3262
  endloop
 endfacet
facet normal -0.318133324 0.392677963 -0.862899303
  outer loop
   vertex 28936.5938 42755.2695 32068.2441
   vertex 28936.6641 42629 32010.7578
   vertex 28801.4141 42651.6562 32070.9316
  endloop
 endfacet
facet normal -0.428019851 0.539614797 -0.72499299
  outer loop
   vertex 28936.5938 42755.2695 32068.2441
   vertex 28801.4141 42651.6562 32070.9316
   vertex 28856.8301 42815.707 32160.3203
  endloop
 endfacet
facet normal -0.579756618 0.536140025 -0.613543928
  outer loop
   vertex 28419.2285 42583.2188 32375.8301
   vertex 28560.998 42698.8906 32342.9473
   vertex 28562.5801 42530.625 32194.4141
  endloop
 endfacet
facet normal -0.647942483 0.500636816 -0.57404995
  outer loop
   vertex 28560.998 42698.8906 32342.9473
   vertex 28695.7734 42718.1797 32207.6445
   vertex 28562.5801 42530.625 32194.4141
  endloop
 endfacet
facet normal -0.656918049 0.505948961 -0.558993995
  outer loop
   vertex 28686.1875 42601.9883 32113.7441
   vertex 28562.5801 42530.625 32194.4141
   vertex 28695.7734 42718.1797 32207.6445
  endloop
 endfacet
facet normal -0.647543311 0.640862942 -0.412289113
  outer loop
   vertex 28695.7734 42718.1797 32207.6445
   vertex 28689.959 42823.1875 32380
   vertex 28790.9102 42859.2891 32277.5645
  endloop
 endfacet
facet normal -0.689463198 0.468499422 -0.552402735
  outer loop
   vertex 28261.6035 42350.5039 32337.8047
   vertex 28145.9609 42261.6719 32406.8008
   vertex 28255.2715 42475.3125 32451.5605
  endloop
 endfacet
facet normal -0.611922145 0.499281406 -0.613407969
  outer loop
   vertex 28255.2715 42475.3125 32451.5605
   vertex 28419.2285 42583.2188 32375.8301
   vertex 28373.3535 42418.3633 32287.4082
  endloop
 endfacet
facet normal -0.602528036 0.500913799 -0.621325433
  outer loop
   vertex 28419.2285 42583.2188 32375.8301
   vertex 28562.5801 42530.625 32194.4141
   vertex 28373.3535 42418.3633 32287.4082
  endloop
 endfacet
facet normal -0.600363553 0.190653205 -0.776669145
  outer loop
   vertex 28730.5566 42494.5977 32055.7246
   vertex 28623.1855 42382.6602 32111.2441
   vertex 28562.5801 42530.625 32194.4141
  endloop
 endfacet
facet normal -0.438173831 0.280369818 -0.85404712
  outer loop
   vertex 28801.4141 42651.6562 32070.9316
   vertex 28730.5566 42494.5977 32055.7246
   vertex 28686.1875 42601.9883 32113.7441
  endloop
 endfacet
facet normal -0.515805185 0.31002894 -0.798640728
  outer loop
   vertex 28801.4141 42651.6562 32070.9316
   vertex 28834.1582 42534.2148 32004.1934
   vertex 28730.5566 42494.5977 32055.7246
  endloop
 endfacet
facet normal -0.548154116 0.227822959 -0.804750741
  outer loop
   vertex 28562.5801 42530.625 32194.4141
   vertex 28623.1855 42382.6602 32111.2441
   vertex 28485.6387 42317.2852 32186.4258
  endloop
 endfacet
facet normal -0.605503678 0.169883758 -0.77749908
  outer loop
   vertex 28686.1875 42601.9883 32113.7441
   vertex 28730.5566 42494.5977 32055.7246
   vertex 28562.5801 42530.625 32194.4141
  endloop
 endfacet
facet normal -0.0552237034 -0.552062213 -0.831972122
  outer loop
   vertex 28108.1211 41821.0352 32439.0645
   vertex 28049.7832 41662.0781 32548.4141
   vertex 27860.3789 41669.6094 32555.9883
  endloop
 endfacet
facet normal -0.254284263 -0.295131505 -0.920997798
  outer loop
   vertex 27941.0977 41902.4492 32459.0898
   vertex 28108.1211 41821.0352 32439.0645
   vertex 27860.3789 41669.6094 32555.9883
  endloop
 endfacet
facet normal -0.45693773 -0.774643838 -0.437189639
  outer loop
   vertex 28850.6289 42442.5352 32022.4746
   vertex 28730.5566 42494.5977 32055.7246
   vertex 28796.6855 42485.7227 32002.3281
  endloop
 endfacet
facet normal -0.533274651 0.222880021 -0.816053092
  outer loop
   vertex 28562.5801 42530.625 32194.4141
   vertex 28485.6387 42317.2852 32186.4258
   vertex 28373.3535 42418.3633 32287.4082
  endloop
 endfacet
facet normal -0.593826592 0.525327027 -0.609427214
  outer loop
   vertex 28373.3535 42418.3633 32287.4082
   vertex 28261.6035 42350.5039 32337.8047
   vertex 28255.2715 42475.3125 32451.5605
  endloop
 endfacet
facet normal -0.534789503 0.220777646 -0.815633178
  outer loop
   vertex 28485.6387 42317.2852 32186.4258
   vertex 28307.1016 42222.8164 32277.918
   vertex 28373.3535 42418.3633 32287.4082
  endloop
 endfacet
facet normal -0.505805612 0.211956188 -0.83620286
  outer loop
   vertex 28261.6035 42350.5039 32337.8047
   vertex 28373.3535 42418.3633 32287.4082
   vertex 28307.1016 42222.8164 32277.918
  endloop
 endfacet
facet normal -0.593019783 0.158906534 -0.789351761
  outer loop
   vertex 28145.9609 42261.6719 32406.8008
   vertex 28261.6035 42350.5039 32337.8047
   vertex 28307.1016 42222.8164 32277.918
  endloop
 endfacet
facet normal -0.343110383 -0.206056878 -0.916414678
  outer loop
   vertex 28730.5566 42494.5977 32055.7246
   vertex 28850.6289 42442.5352 32022.4746
   vertex 28751.8027 42340.8125 32082.3477
  endloop
 endfacet
facet normal -0.0884695724 0.163717538 -0.982532263
  outer loop
   vertex 28834.1582 42534.2148 32004.1934
   vertex 28936.6641 42629 32010.7578
   vertex 28933.2578 42521.9062 31993.2188
  endloop
 endfacet
facet normal 0.0856431946 -0.421865016 -0.90260464
  outer loop
   vertex 28990.625 42454.2188 32030.2988
   vertex 28850.6289 42442.5352 32022.4746
   vertex 28933.2578 42521.9062 31993.2188
  endloop
 endfacet
facet normal 0.481006175 0.800864339 -0.356720269
  outer loop
   vertex 24134.6074 37711.7656 30658.8613
   vertex 24231.5547 37684.6953 30728.8164
   vertex 24324.9648 37600.6016 30665.9707
  endloop
 endfacet
facet normal 0.320939004 -0.625496209 -0.711162865
  outer loop
   vertex 28949.8496 42310.2852 32138.4902
   vertex 28990.625 42454.2188 32030.2988
   vertex 29148.7227 42461.8672 32094.916
  endloop
 endfacet
facet normal -0.412168294 -0.163560644 -0.896306396
  outer loop
   vertex 28485.6387 42317.2852 32186.4258
   vertex 28623.1855 42382.6602 32111.2441
   vertex 28619.3203 42240.4023 32138.9824
  endloop
 endfacet
facet normal -0.567913115 0.603332579 -0.559879005
  outer loop
   vertex 28145.9609 42261.6719 32406.8008
   vertex 27958.9492 42181.1758 32509.7539
   vertex 28085.8691 42407.1055 32624.4746
  endloop
 endfacet
facet normal -0.259672046 0.204980046 -0.943691492
  outer loop
   vertex 28052.9258 42134.25 32404.7246
   vertex 28145.9609 42261.6719 32406.8008
   vertex 28153.25 42025.5273 32353.502
  endloop
 endfacet
facet normal -0.270260364 -0.177174345 -0.946344852
  outer loop
   vertex 28751.8027 42340.8125 32082.3477
   vertex 28619.3203 42240.4023 32138.9824
   vertex 28623.1855 42382.6602 32111.2441
  endloop
 endfacet
facet normal 0.0950741097 -0.615212917 -0.782607198
  outer loop
   vertex 28850.6289 42442.5352 32022.4746
   vertex 28990.625 42454.2188 32030.2988
   vertex 28949.8496 42310.2852 32138.4902
  endloop
 endfacet
facet normal 0.132841766 -0.595425487 -0.792351902
  outer loop
   vertex 28949.8496 42310.2852 32138.4902
   vertex 28751.8027 42340.8125 32082.3477
   vertex 28850.6289 42442.5352 32022.4746
  endloop
 endfacet
facet normal 0.178988963 -0.448897243 -0.875473678
  outer loop
   vertex 28949.8496 42310.2852 32138.4902
   vertex 28759.6152 42212.5742 32149.6992
   vertex 28751.8027 42340.8125 32082.3477
  endloop
 endfacet
facet normal -0.024881715 -0.466017365 -0.88442564
  outer loop
   vertex 28759.6152 42212.5742 32149.6992
   vertex 28619.3203 42240.4023 32138.9824
   vertex 28751.8027 42340.8125 32082.3477
  endloop
 endfacet
facet normal -0.592780352 0.15985857 -0.789339423
  outer loop
   vertex 28307.1016 42222.8164 32277.918
   vertex 28153.25 42025.5273 32353.502
   vertex 28145.9609 42261.6719 32406.8008
  endloop
 endfacet
facet normal -0.428848773 -0.0116421487 -0.903301299
  outer loop
   vertex 28307.1016 42222.8164 32277.918
   vertex 28306.9473 42067.2617 32279.9961
   vertex 28153.25 42025.5273 32353.502
  endloop
 endfacet
facet normal -0.1907098 -0.438381016 -0.878323317
  outer loop
   vertex 28505.2617 41990.1094 32274.752
   vertex 28316.8594 41921.6094 32349.8477
   vertex 28467.0977 42110.0273 32223.1855
  endloop
 endfacet
facet normal -0.195683166 -0.434857339 -0.878980756
  outer loop
   vertex 28306.9473 42067.2617 32279.9961
   vertex 28467.0977 42110.0273 32223.1855
   vertex 28316.8594 41921.6094 32349.8477
  endloop
 endfacet
facet normal -0.0689472035 -0.835425973 -0.545261204
  outer loop
   vertex 28435.7988 41797.0742 32462.2793
   vertex 28485.9961 41774.3828 32490.7051
   vertex 28450.8184 41745.0117 32540.1523
  endloop
 endfacet
facet normal -0.58534801 0.347405314 -0.732582569
  outer loop
   vertex 27958.9492 42181.1758 32509.7539
   vertex 27987.3691 42054.2422 32426.8496
   vertex 27869.7188 42016.8555 32503.125
  endloop
 endfacet
facet normal -0.630135417 0.320758045 -0.707137644
  outer loop
   vertex 27958.9492 42181.1758 32509.7539
   vertex 28052.9258 42134.25 32404.7246
   vertex 27987.3691 42054.2422 32426.8496
  endloop
 endfacet
facet normal -0.393449873 0.0688467249 -0.916764617
  outer loop
   vertex 27987.3691 42054.2422 32426.8496
   vertex 28052.9258 42134.25 32404.7246
   vertex 28153.25 42025.5273 32353.502
  endloop
 endfacet
facet normal 0.536610246 -0.823837101 -0.182597503
  outer loop
   vertex 28880.4297 42033.418 32439.0586
   vertex 28985.6777 42108.2578 32410.6875
   vertex 28968.8574 42064.7617 32557.5098
  endloop
 endfacet
facet normal 0.407703131 -0.887167692 -0.216128752
  outer loop
   vertex 29047.8906 42117.8711 32488.5859
   vertex 28968.8574 42064.7617 32557.5098
   vertex 28985.6777 42108.2578 32410.6875
  endloop
 endfacet
facet normal 0.00325462036 -0.572630167 -0.819807351
  outer loop
   vertex 28218.375 41953.4297 32327.2305
   vertex 28316.8594 41921.6094 32349.8477
   vertex 28196.0273 41925.9648 32346.3262
  endloop
 endfacet
facet normal -0.258462012 -0.449862897 -0.854880571
  outer loop
   vertex 28565.4375 42046.3633 32226.9551
   vertex 28505.2617 41990.1094 32274.752
   vertex 28467.0977 42110.0273 32223.1855
  endloop
 endfacet
facet normal -0.540865421 -0.0137430588 -0.840996861
  outer loop
   vertex 27987.3691 42054.2422 32426.8496
   vertex 27941.0977 41902.4492 32459.0898
   vertex 27869.7188 42016.8555 32503.125
  endloop
 endfacet
facet normal 0.379107118 -0.757093191 -0.532059848
  outer loop
   vertex 28435.7988 41797.0742 32462.2793
   vertex 28532.8672 41905.2773 32377.4766
   vertex 28550.9062 41818.0586 32514.4395
  endloop
 endfacet
facet normal 0.293782264 -0.671877027 -0.679906785
  outer loop
   vertex 28830.6074 42106.4688 32285.2246
   vertex 28647.2539 42112.1055 32200.4316
   vertex 28759.6152 42212.5742 32149.6992
  endloop
 endfacet
facet normal 0.0491366014 -0.643051028 -0.764245331
  outer loop
   vertex 28435.7988 41797.0742 32462.2793
   vertex 28316.8594 41921.6094 32349.8477
   vertex 28532.8672 41905.2773 32377.4766
  endloop
 endfacet
facet normal 0.023868816 -0.767692626 -0.640373588
  outer loop
   vertex 28505.2617 41990.1094 32274.752
   vertex 28532.8672 41905.2773 32377.4766
   vertex 28316.8594 41921.6094 32349.8477
  endloop
 endfacet
facet normal -0.378042787 0.0755580738 -0.92269963
  outer loop
   vertex 27144.8203 41534.3984 32794.7148
   vertex 27434.1738 41636.3984 32684.5176
   vertex 27319.6309 41321.4961 32705.6602
  endloop
 endfacet
facet normal 0.0337702483 -0.701533616 -0.711835742
  outer loop
   vertex 28250.1797 41677.9805 32586.7871
   vertex 28108.1211 41821.0352 32439.0645
   vertex 28316.8594 41921.6094 32349.8477
  endloop
 endfacet
facet normal -0.00197283947 -0.661305368 -0.750114202
  outer loop
   vertex 28196.0273 41925.9648 32346.3262
   vertex 28316.8594 41921.6094 32349.8477
   vertex 28108.1211 41821.0352 32439.0645
  endloop
 endfacet
facet normal 0.18566522 -0.716152668 -0.672795534
  outer loop
   vertex 28250.1797 41677.9805 32586.7871
   vertex 27974.8105 41516.5156 32682.666
   vertex 28049.7832 41662.0781 32548.4141
  endloop
 endfacet
facet normal 0.207627177 -0.736428916 -0.643866003
  outer loop
   vertex 28250.1797 41677.9805 32586.7871
   vertex 28132.7012 41565.1016 32678.0078
   vertex 27974.8105 41516.5156 32682.666
  endloop
 endfacet
facet normal -0.413164675 -0.0669426173 -0.908192515
  outer loop
   vertex 27941.0977 41902.4492 32459.0898
   vertex 27987.3691 42054.2422 32426.8496
   vertex 28153.25 42025.5273 32353.502
  endloop
 endfacet
facet normal -0.590327919 -0.197207198 -0.78270191
  outer loop
   vertex 28108.1211 41821.0352 32439.0645
   vertex 28153.25 42025.5273 32353.502
   vertex 28196.0273 41925.9648 32346.3262
  endloop
 endfacet
facet normal -0.265730977 -0.32161054 -0.908819973
  outer loop
   vertex 28108.1211 41821.0352 32439.0645
   vertex 27941.0977 41902.4492 32459.0898
   vertex 28153.25 42025.5273 32353.502
  endloop
 endfacet
facet normal -0.518252015 -0.162131548 -0.839719117
  outer loop
   vertex 28153.25 42025.5273 32353.502
   vertex 28218.375 41953.4297 32327.2305
   vertex 28196.0273 41925.9648 32346.3262
  endloop
 endfacet
facet normal 0.356588304 0.586965978 -0.726853311
  outer loop
   vertex 28153.25 42025.5273 32353.502
   vertex 28316.8594 41921.6094 32349.8477
   vertex 28218.375 41953.4297 32327.2305
  endloop
 endfacet
facet normal -0.291995078 -0.429660857 -0.85447669
  outer loop
   vertex 28153.25 42025.5273 32353.502
   vertex 28306.9473 42067.2617 32279.9961
   vertex 28316.8594 41921.6094 32349.8477
  endloop
 endfacet
facet normal 0.995698988 0.0635447949 0.0674212798
  outer loop
   vertex 24500.9336 37220.5547 30852.6602
   vertex 24509.7148 37100.0898 30836.5059
   vertex 24514.0801 37112.8438 30760.0195
  endloop
 endfacet
facet normal -0.33138147 -0.0122756083 -0.943417013
  outer loop
   vertex 28307.1016 42222.8164 32277.918
   vertex 28467.0977 42110.0273 32223.1855
   vertex 28306.9473 42067.2617 32279.9961
  endloop
 endfacet
facet normal -0.0409560092 -0.690828264 -0.721857965
  outer loop
   vertex 28250.1797 41677.9805 32586.7871
   vertex 28316.8594 41921.6094 32349.8477
   vertex 28435.7988 41797.0742 32462.2793
  endloop
 endfacet
facet normal 0.138644904 -0.810719013 -0.568781435
  outer loop
   vertex 28450.8184 41745.0117 32540.1523
   vertex 28250.1797 41677.9805 32586.7871
   vertex 28435.7988 41797.0742 32462.2793
  endloop
 endfacet
facet normal 0.431340158 -0.158376068 -0.888179421
  outer loop
   vertex 28435.7988 41797.0742 32462.2793
   vertex 28550.9062 41818.0586 32514.4395
   vertex 28485.9961 41774.3828 32490.7051
  endloop
 endfacet
facet normal -0.399107337 -0.125393018 -0.908289552
  outer loop
   vertex 28485.6387 42317.2852 32186.4258
   vertex 28467.0977 42110.0273 32223.1855
   vertex 28307.1016 42222.8164 32277.918
  endloop
 endfacet
facet normal -0.0175200682 -0.435002059 -0.900259018
  outer loop
   vertex 28619.3203 42240.4023 32138.9824
   vertex 28759.6152 42212.5742 32149.6992
   vertex 28647.2539 42112.1055 32200.4316
  endloop
 endfacet
facet normal -0.395370781 -0.126001954 -0.90983814
  outer loop
   vertex 28485.6387 42317.2852 32186.4258
   vertex 28619.3203 42240.4023 32138.9824
   vertex 28467.0977 42110.0273 32223.1855
  endloop
 endfacet
facet normal -0.106913269 -0.448330611 -0.887450993
  outer loop
   vertex 28619.3203 42240.4023 32138.9824
   vertex 28647.2539 42112.1055 32200.4316
   vertex 28467.0977 42110.0273 32223.1855
  endloop
 endfacet
facet normal 0.17412816 -0.735807896 -0.654420435
  outer loop
   vertex 28637.9746 42008.9805 32288.8457
   vertex 28532.8672 41905.2773 32377.4766
   vertex 28505.2617 41990.1094 32274.752
  endloop
 endfacet
facet normal 0.410310537 -0.765113115 -0.496233016
  outer loop
   vertex 28880.4297 42033.418 32439.0586
   vertex 28830.6074 42106.4688 32285.2246
   vertex 28985.6777 42108.2578 32410.6875
  endloop
 endfacet
facet normal 0.281421304 -0.639044225 -0.715838313
  outer loop
   vertex 28637.9746 42008.9805 32288.8457
   vertex 28565.4375 42046.3633 32226.9551
   vertex 28647.2539 42112.1055 32200.4316
  endloop
 endfacet
facet normal 0.174199983 -0.739139497 -0.650636017
  outer loop
   vertex 28637.9746 42008.9805 32288.8457
   vertex 28505.2617 41990.1094 32274.752
   vertex 28565.4375 42046.3633 32226.9551
  endloop
 endfacet
facet normal 0.415813416 -0.741307616 -0.52684176
  outer loop
   vertex 28550.9062 41818.0586 32514.4395
   vertex 28532.8672 41905.2773 32377.4766
   vertex 28729.2891 41953.3125 32464.9199
  endloop
 endfacet
facet normal 0.340854704 -0.801653087 -0.491091013
  outer loop
   vertex 28880.4297 42033.418 32439.0586
   vertex 28729.2891 41953.3125 32464.9199
   vertex 28830.6074 42106.4688 32285.2246
  endloop
 endfacet
facet normal 0.394841731 -0.797139108 -0.456803352
  outer loop
   vertex 28637.9746 42008.9805 32288.8457
   vertex 28830.6074 42106.4688 32285.2246
   vertex 28729.2891 41953.3125 32464.9199
  endloop
 endfacet
facet normal 0.308080822 -0.635047734 -0.708378851
  outer loop
   vertex 28637.9746 42008.9805 32288.8457
   vertex 28647.2539 42112.1055 32200.4316
   vertex 28830.6074 42106.4688 32285.2246
  endloop
 endfacet
facet normal 0.398190945 -0.794882715 -0.457826883
  outer loop
   vertex 28532.8672 41905.2773 32377.4766
   vertex 28637.9746 42008.9805 32288.8457
   vertex 28729.2891 41953.3125 32464.9199
  endloop
 endfacet
facet normal 0.234169349 -0.919860601 -0.314676404
  outer loop
   vertex 28250.1797 41677.9805 32586.7871
   vertex 28450.8184 41745.0117 32540.1523
   vertex 28422.9434 41705.5898 32634.6445
  endloop
 endfacet
facet normal 0.577466726 -0.785282969 -0.223299801
  outer loop
   vertex 28880.4297 42033.418 32439.0586
   vertex 28968.8574 42064.7617 32557.5098
   vertex 28861.1309 41995.7617 32521.5684
  endloop
 endfacet
facet normal 0.406449854 -0.863383949 -0.298942626
  outer loop
   vertex 28729.2891 41953.3125 32464.9199
   vertex 28880.4297 42033.418 32439.0586
   vertex 28861.1309 41995.7617 32521.5684
  endloop
 endfacet
facet normal 0.51968205 -0.80887264 -0.275055647
  outer loop
   vertex 28450.8184 41745.0117 32540.1523
   vertex 28550.9062 41818.0586 32514.4395
   vertex 28521.5449 41761.7188 32624.6484
  endloop
 endfacet
facet normal 0.575327277 -0.814522862 -0.0745054036
  outer loop
   vertex 28485.9961 41774.3828 32490.7051
   vertex 28550.9062 41818.0586 32514.4395
   vertex 28450.8184 41745.0117 32540.1523
  endloop
 endfacet
facet normal 0.601082802 -0.799001396 -0.0172121823
  outer loop
   vertex 28521.5449 41761.7188 32624.6484
   vertex 28657.3789 41861.9141 32717.1504
   vertex 28486.2324 41732.2422 32759.8652
  endloop
 endfacet
facet normal 0.465600878 -0.857151926 -0.220241711
  outer loop
   vertex 28450.8184 41745.0117 32540.1523
   vertex 28521.5449 41761.7188 32624.6484
   vertex 28422.9434 41705.5898 32634.6445
  endloop
 endfacet
facet normal 0.00104897644 -0.315687418 -0.948862672
  outer loop
   vertex 27319.6309 41321.4961 32705.6602
   vertex 27593.5156 41571.6953 32622.7207
   vertex 27664.9121 41419.5117 32673.4316
  endloop
 endfacet
facet normal -0.207201287 0.371779382 -0.904902041
  outer loop
   vertex 26769.3789 41346.2461 32814.5664
   vertex 26995.3125 41263.6172 32728.8848
   vertex 26741.3203 41081.793 32712.3398
  endloop
 endfacet
facet normal -0.231643915 0.593485892 -0.770788908
  outer loop
   vertex 26769.3789 41346.2461 32814.5664
   vertex 26451.3359 41128.957 32742.8418
   vertex 26428.1543 41326.0547 32901.5664
  endloop
 endfacet
facet normal -0.351754725 0.0274022259 -0.935691059
  outer loop
   vertex 27700.291 41834.9609 32590.291
   vertex 27593.5156 41571.6953 32622.7207
   vertex 27434.1738 41636.3984 32684.5176
  endloop
 endfacet
facet normal -0.339484751 0.0604610667 -0.938666403
  outer loop
   vertex 27593.5156 41571.6953 32622.7207
   vertex 27319.6309 41321.4961 32705.6602
   vertex 27434.1738 41636.3984 32684.5176
  endloop
 endfacet
facet normal -0.101252809 -0.356937826 -0.928624392
  outer loop
   vertex 27593.5156 41571.6953 32622.7207
   vertex 27860.3789 41669.6094 32555.9883
   vertex 27664.9121 41419.5117 32673.4316
  endloop
 endfacet
facet normal -0.0387059599 0.363855362 -0.93065089
  outer loop
   vertex 26451.3359 41128.957 32742.8418
   vertex 26769.3789 41346.2461 32814.5664
   vertex 26741.3203 41081.793 32712.3398
  endloop
 endfacet
facet normal -0.0697209314 0.484248847 -0.872147977
  outer loop
   vertex 26102.7246 41151.043 32782.9727
   vertex 26451.3359 41128.957 32742.8418
   vertex 26214.5566 40972.3789 32674.8301
  endloop
 endfacet
facet normal -0.0821881443 0.25388658 -0.963735819
  outer loop
   vertex 25770.7305 40755.3633 32636.7422
   vertex 25801.9082 40957.2812 32687.2754
   vertex 26001.6855 40853.5781 32642.918
  endloop
 endfacet
facet normal -0.200719342 0.767207742 -0.609183133
  outer loop
   vertex 26666.1328 41475.3672 33011.1953
   vertex 26769.3789 41346.2461 32814.5664
   vertex 26428.1543 41326.0547 32901.5664
  endloop
 endfacet
facet normal -0.233926162 -0.0248511657 -0.971936703
  outer loop
   vertex 27700.291 41834.9609 32590.291
   vertex 27860.3789 41669.6094 32555.9883
   vertex 27593.5156 41571.6953 32622.7207
  endloop
 endfacet
facet normal 0.192349553 -0.536263824 -0.821841061
  outer loop
   vertex 27860.3789 41669.6094 32555.9883
   vertex 27974.8105 41516.5156 32682.666
   vertex 27664.9121 41419.5117 32673.4316
  endloop
 endfacet
facet normal 0.224896997 -0.649317622 -0.726503968
  outer loop
   vertex 27738.5352 41313.4375 32791.0273
   vertex 27664.9121 41419.5117 32673.4316
   vertex 27974.8105 41516.5156 32682.666
  endloop
 endfacet
facet normal -0.383591056 0.750400186 -0.538291216
  outer loop
   vertex 26976.8242 41585.0039 32916.3594
   vertex 27029.4629 41659.125 32982.1758
   vertex 27221.8105 41740.6641 32958.7773
  endloop
 endfacet
facet normal -0.392527997 0.759239614 -0.519111693
  outer loop
   vertex 27110.1152 41626.8242 32876.7344
   vertex 26976.8242 41585.0039 32916.3594
   vertex 27221.8105 41740.6641 32958.7773
  endloop
 endfacet
facet normal -0.184799895 0.696255863 -0.693596959
  outer loop
   vertex 25626.4219 40947.1719 32800.2578
   vertex 25621.2832 40830.6211 32684.627
   vertex 25540.9531 40879.9258 32755.5254
  endloop
 endfacet
facet normal -0.44089818 0.641863763 -0.62739116
  outer loop
   vertex 25626.4219 40947.1719 32800.2578
   vertex 25801.9082 40957.2812 32687.2754
   vertex 25621.2832 40830.6211 32684.627
  endloop
 endfacet
facet normal -0.0504200608 0.622816265 -0.780741811
  outer loop
   vertex 26428.1543 41326.0547 32901.5664
   vertex 26451.3359 41128.957 32742.8418
   vertex 26102.7246 41151.043 32782.9727
  endloop
 endfacet
facet normal -0.134069532 0.342897177 -0.929756343
  outer loop
   vertex 25852.5625 41104.957 32802.0508
   vertex 25952.668 41187.3281 32817.9922
   vertex 26102.7246 41151.043 32782.9727
  endloop
 endfacet
facet normal 0.0195786376 0.0634413585 -0.997793496
  outer loop
   vertex 26995.3125 41263.6172 32728.8848
   vertex 27005.0215 41046.3125 32715.2578
   vertex 26741.3203 41081.793 32712.3398
  endloop
 endfacet
facet normal -0.120831273 0.296998709 -0.947201967
  outer loop
   vertex 26995.3125 41263.6172 32728.8848
   vertex 27144.8203 41534.3984 32794.7148
   vertex 27319.6309 41321.4961 32705.6602
  endloop
 endfacet
facet normal -0.30386737 0.939717591 -0.156829581
  outer loop
   vertex 26666.1328 41475.3672 33011.1953
   vertex 26499.252 41417.0391 32985.0391
   vertex 26419.916 41405.6602 33070.5977
  endloop
 endfacet
facet normal -0.322658986 0.905845821 -0.274471283
  outer loop
   vertex 26666.1328 41475.3672 33011.1953
   vertex 26419.916 41405.6602 33070.5977
   vertex 26555.1523 41460.7969 33093.5781
  endloop
 endfacet
facet normal 0.654566288 -0.755948722 0.00918934401
  outer loop
   vertex 29381.5703 42396.9805 32372.293
   vertex 29386.8281 42403.293 32517.1211
   vertex 29322.7188 42346.3633 32400.5645
  endloop
 endfacet
facet normal 0.502251208 -0.781667829 -0.369782597
  outer loop
   vertex 27738.5352 41313.4375 32791.0273
   vertex 27974.8105 41516.5156 32682.666
   vertex 27918.252 41366.1797 32923.6328
  endloop
 endfacet
facet normal 0.00872469041 0.587192357 -0.809400439
  outer loop
   vertex 26053.959 41008.3555 32678.9316
   vertex 25921.3066 41028.9766 32692.4609
   vertex 26102.7246 41151.043 32782.9727
  endloop
 endfacet
facet normal -0.389672935 0.525077939 -0.756603003
  outer loop
   vertex 26976.8242 41585.0039 32916.3594
   vertex 27110.1152 41626.8242 32876.7344
   vertex 27144.8203 41534.3984 32794.7148
  endloop
 endfacet
facet normal -0.340468109 0.603296101 -0.721190155
  outer loop
   vertex 26976.8242 41585.0039 32916.3594
   vertex 27144.8203 41534.3984 32794.7148
   vertex 26769.3789 41346.2461 32814.5664
  endloop
 endfacet
facet normal -0.660142004 0.595343292 -0.458016306
  outer loop
   vertex 27632.5117 41960.0391 32700.6016
   vertex 27493.8867 41925.9258 32856.0625
   vertex 27691.5742 42094.5547 32790.3203
  endloop
 endfacet
facet normal -0.520090342 0.388850868 -0.760461032
  outer loop
   vertex 27700.291 41834.9609 32590.291
   vertex 27516.4648 41821.8984 32709.332
   vertex 27632.5117 41960.0391 32700.6016
  endloop
 endfacet
facet normal -0.686132073 0.587458968 -0.42908597
  outer loop
   vertex 27801.3828 42097.8516 32619.2441
   vertex 27632.5117 41960.0391 32700.6016
   vertex 27691.5742 42094.5547 32790.3203
  endloop
 endfacet
facet normal -0.682606936 0.542488575 -0.489646703
  outer loop
   vertex 27632.5117 41960.0391 32700.6016
   vertex 27516.4648 41821.8984 32709.332
   vertex 27493.8867 41925.9258 32856.0625
  endloop
 endfacet
facet normal -0.607793868 0.620754361 -0.495227873
  outer loop
   vertex 27144.8203 41534.3984 32794.7148
   vertex 27221.8105 41740.6641 32958.7773
   vertex 27356.4727 41736.0234 32787.6875
  endloop
 endfacet
facet normal -0.451666325 0.447217137 -0.772006691
  outer loop
   vertex 27434.1738 41636.3984 32684.5176
   vertex 27144.8203 41534.3984 32794.7148
   vertex 27356.4727 41736.0234 32787.6875
  endloop
 endfacet
facet normal -0.556281507 0.347739398 -0.754737198
  outer loop
   vertex 27516.4648 41821.8984 32709.332
   vertex 27434.1738 41636.3984 32684.5176
   vertex 27356.4727 41736.0234 32787.6875
  endloop
 endfacet
facet normal -0.587622702 0.614664078 -0.526201129
  outer loop
   vertex 27493.8867 41925.9258 32856.0625
   vertex 27516.4648 41821.8984 32709.332
   vertex 27356.4727 41736.0234 32787.6875
  endloop
 endfacet
facet normal -0.608824313 0.619130075 -0.495994896
  outer loop
   vertex 27221.8105 41740.6641 32958.7773
   vertex 27493.8867 41925.9258 32856.0625
   vertex 27356.4727 41736.0234 32787.6875
  endloop
 endfacet
facet normal 0.330375105 -0.941732824 -0.0631784722
  outer loop
   vertex 28861.1309 41995.7617 32521.5684
   vertex 28840.918 41980.0234 32650.4961
   vertex 28729.2891 41953.3125 32464.9199
  endloop
 endfacet
facet normal 0.501993656 -0.863751113 -0.0440044291
  outer loop
   vertex 28368.7324 41666.4141 32711.5273
   vertex 28486.2324 41732.2422 32759.8652
   vertex 28354.8281 41649.7617 32879.7734
  endloop
 endfacet
facet normal 0.346664131 -0.844705164 -0.407795548
  outer loop
   vertex 28290.0195 41621.7031 32737.2246
   vertex 28250.1797 41677.9805 32586.7871
   vertex 28368.7324 41666.4141 32711.5273
  endloop
 endfacet
facet normal 0.279586583 -0.931036055 -0.234527677
  outer loop
   vertex 27974.8105 41516.5156 32682.666
   vertex 28132.7012 41565.1016 32678.0078
   vertex 28155.0664 41539.8047 32805.1055
  endloop
 endfacet
facet normal 0.390774548 -0.819357574 -0.419462115
  outer loop
   vertex 27974.8105 41516.5156 32682.666
   vertex 28155.0664 41539.8047 32805.1055
   vertex 27918.252 41366.1797 32923.6328
  endloop
 endfacet
facet normal 0.55937326 -0.788585246 -0.255411208
  outer loop
   vertex 28132.7012 41565.1016 32678.0078
   vertex 28250.1797 41677.9805 32586.7871
   vertex 28155.0664 41539.8047 32805.1055
  endloop
 endfacet
facet normal 0.31693399 -0.857726753 -0.404793322
  outer loop
   vertex 28290.0195 41621.7031 32737.2246
   vertex 28155.0664 41539.8047 32805.1055
   vertex 28250.1797 41677.9805 32586.7871
  endloop
 endfacet
facet normal 0.497374684 -0.865744174 -0.0557265878
  outer loop
   vertex 28354.8281 41649.7617 32879.7734
   vertex 28155.0664 41539.8047 32805.1055
   vertex 28290.0195 41621.7031 32737.2246
  endloop
 endfacet
facet normal 0.510955334 -0.856239319 -0.076018773
  outer loop
   vertex 28368.7324 41666.4141 32711.5273
   vertex 28422.9434 41705.5898 32634.6445
   vertex 28486.2324 41732.2422 32759.8652
  endloop
 endfacet
facet normal 0.489002049 -0.870078027 -0.0619775392
  outer loop
   vertex 28422.9434 41705.5898 32634.6445
   vertex 28521.5449 41761.7188 32624.6484
   vertex 28486.2324 41732.2422 32759.8652
  endloop
 endfacet
facet normal 0.23241052 -0.923069894 -0.30647561
  outer loop
   vertex 28422.9434 41705.5898 32634.6445
   vertex 28368.7324 41666.4141 32711.5273
   vertex 28250.1797 41677.9805 32586.7871
  endloop
 endfacet
facet normal 0.664015293 -0.722524643 -0.192462593
  outer loop
   vertex 28521.5449 41761.7188 32624.6484
   vertex 28550.9062 41818.0586 32514.4395
   vertex 28657.3789 41861.9141 32717.1504
  endloop
 endfacet
facet normal 0.481759936 -0.875052929 -0.0467950925
  outer loop
   vertex 28354.8281 41649.7617 32879.7734
   vertex 28290.0195 41621.7031 32737.2246
   vertex 28368.7324 41666.4141 32711.5273
  endloop
 endfacet
facet normal 0.488601923 -0.855635941 -0.170749217
  outer loop
   vertex 28729.2891 41953.3125 32464.9199
   vertex 28840.918 41980.0234 32650.4961
   vertex 28657.3789 41861.9141 32717.1504
  endloop
 endfacet
facet normal 0.57636869 -0.807081759 -0.128133446
  outer loop
   vertex 28729.2891 41953.3125 32464.9199
   vertex 28657.3789 41861.9141 32717.1504
   vertex 28550.9062 41818.0586 32514.4395
  endloop
 endfacet
facet normal 0.637512803 -0.741170645 -0.210341543
  outer loop
   vertex 29546.9453 42579.0859 32273.1816
   vertex 29657.3516 42673.2773 32275.8984
   vertex 29678.2852 42655.875 32400.6602
  endloop
 endfacet
facet normal 0.642709494 -0.766043961 0.0100598186
  outer loop
   vertex 29510.0781 42505.2812 32409.2969
   vertex 29386.8281 42403.293 32517.1211
   vertex 29381.5703 42396.9805 32372.293
  endloop
 endfacet
facet normal 0.646973908 -0.719983935 0.251093298
  outer loop
   vertex 29381.375 42460.7188 32695.8398
   vertex 29201.8457 42285.3789 32655.6504
   vertex 29386.8281 42403.293 32517.1211
  endloop
 endfacet
facet normal 0.764013708 -0.139232874 -0.629997849
  outer loop
   vertex 29915.6953 42947.3164 32377.5312
   vertex 29896.4102 43077.3789 32325.4004
   vertex 30035.9746 43107.5703 32487.9805
  endloop
 endfacet
facet normal -0.570724428 0.797842979 -0.194216833
  outer loop
   vertex 29038.3438 43072.707 32379.1289
   vertex 29217.8184 43239.1914 32535.6562
   vertex 29220.3145 43192.4375 32336.2539
  endloop
 endfacet
facet normal 0.533806503 -0.828184426 -0.170766443
  outer loop
   vertex 30035.9746 43107.5703 32487.9805
   vertex 30109.8047 43142.0039 32551.7637
   vertex 30107.793 43127.8398 32614.1738
  endloop
 endfacet
facet normal 0.177940354 0.0718349367 -0.981415808
  outer loop
   vertex 29596 42857.4766 32129.8086
   vertex 29472.9082 42998.4883 32117.8125
   vertex 29641.7109 43025.8008 32150.416
  endloop
 endfacet
facet normal 0.793769062 -0.121201791 -0.596020818
  outer loop
   vertex 29915.6953 42947.3164 32377.5312
   vertex 29850.2305 42938.5938 32292.1211
   vertex 29896.4102 43077.3789 32325.4004
  endloop
 endfacet
facet normal 0.660862923 -0.656394124 0.363877714
  outer loop
   vertex 29993.6641 42972.4375 32732.8477
   vertex 30096.4258 43111.75 32797.5156
   vertex 29963.3047 42990.5547 32820.668
  endloop
 endfacet
facet normal 0.646677911 -0.0324399211 -0.76207304
  outer loop
   vertex 29850.2305 42938.5938 32292.1211
   vertex 29761.6074 42963.9883 32215.8359
   vertex 29896.4102 43077.3789 32325.4004
  endloop
 endfacet
facet normal 0.765707552 -0.640338838 0.0604820177
  outer loop
   vertex 29891.9824 42857.0234 32444.3281
   vertex 29810.334 42768.0547 32536.0879
   vertex 29826.8789 42776.6289 32417.375
  endloop
 endfacet
facet normal 0.68113631 -0.73094213 0.0421537682
  outer loop
   vertex 29826.8789 42776.6289 32417.375
   vertex 29810.334 42768.0547 32536.0879
   vertex 29783.875 42736.0469 32408.6035
  endloop
 endfacet
facet normal 0.599365532 -0.796889544 0.0756835341
  outer loop
   vertex 29783.875 42736.0469 32408.6035
   vertex 29810.334 42768.0547 32536.0879
   vertex 29678.2852 42655.875 32400.6602
  endloop
 endfacet
facet normal 0.643941581 -0.732011497 -0.222482383
  outer loop
   vertex 29510.0781 42505.2812 32409.2969
   vertex 29546.9453 42579.0859 32273.1816
   vertex 29678.2852 42655.875 32400.6602
  endloop
 endfacet
facet normal 0.645872474 -0.730685532 -0.221240491
  outer loop
   vertex 29417.625 42460.0586 32288.75
   vertex 29546.9453 42579.0859 32273.1816
   vertex 29510.0781 42505.2812 32409.2969
  endloop
 endfacet
facet normal 0.720634341 -0.26060313 -0.642473459
  outer loop
   vertex 29596 42857.4766 32129.8086
   vertex 29584.5996 42714.2578 32175.1133
   vertex 29542.5566 42764.5938 32107.5391
  endloop
 endfacet
facet normal 0.423089772 -0.303725094 -0.853666306
  outer loop
   vertex 29596 42857.4766 32129.8086
   vertex 29690.8359 42824.2305 32188.6387
   vertex 29584.5996 42714.2578 32175.1133
  endloop
 endfacet
facet normal 0.747463942 -0.510636389 -0.424909621
  outer loop
   vertex 29915.6953 42947.3164 32377.5312
   vertex 29891.9824 42857.0234 32444.3281
   vertex 29774.7676 42798.5 32308.4668
  endloop
 endfacet
facet normal 0.760074139 -0.462438285 -0.456550241
  outer loop
   vertex 29826.8789 42776.6289 32417.375
   vertex 29774.7676 42798.5 32308.4668
   vertex 29891.9824 42857.0234 32444.3281
  endloop
 endfacet
facet normal 0.662410378 -0.607123077 -0.438878179
  outer loop
   vertex 29826.8789 42776.6289 32417.375
   vertex 29783.875 42736.0469 32408.6035
   vertex 29774.7676 42798.5 32308.4668
  endloop
 endfacet
facet normal 0.554198682 -0.682722628 -0.476186574
  outer loop
   vertex 29678.2852 42655.875 32400.6602
   vertex 29774.7676 42798.5 32308.4668
   vertex 29783.875 42736.0469 32408.6035
  endloop
 endfacet
facet normal 0.916098416 -0.389623791 -0.094641611
  outer loop
   vertex 29985.1504 42961.7812 32596.207
   vertex 29970.3652 42957.8711 32469.1934
   vertex 30035.9746 43107.5703 32487.9805
  endloop
 endfacet
facet normal 0.770410359 -0.530774355 -0.353194594
  outer loop
   vertex 30107.793 43127.8398 32614.1738
   vertex 29985.1504 42961.7812 32596.207
   vertex 30035.9746 43107.5703 32487.9805
  endloop
 endfacet
facet normal 0.66507858 -0.705263376 -0.245507702
  outer loop
   vertex 29417.625 42460.0586 32288.75
   vertex 29510.0781 42505.2812 32409.2969
   vertex 29381.5703 42396.9805 32372.293
  endloop
 endfacet
facet normal 0.60914737 -0.791384518 0.051478304
  outer loop
   vertex 29322.7188 42346.3633 32400.5645
   vertex 29386.8281 42403.293 32517.1211
   vertex 29260.6973 42302.2266 32455.9609
  endloop
 endfacet
facet normal 0.58985424 -0.800482333 0.106301457
  outer loop
   vertex 29201.8457 42285.3789 32655.6504
   vertex 29260.6973 42302.2266 32455.9609
   vertex 29386.8281 42403.293 32517.1211
  endloop
 endfacet
facet normal 0.579443932 -0.724457681 -0.373370796
  outer loop
   vertex 29047.8906 42117.8711 32488.5859
   vertex 28985.6777 42108.2578 32410.6875
   vertex 29126.1016 42202.7578 32445.2539
  endloop
 endfacet
facet normal 0.717860222 -0.693365276 -0.0626202747
  outer loop
   vertex 29086.2969 42150.9336 32562.791
   vertex 29047.8906 42117.8711 32488.5859
   vertex 29126.1016 42202.7578 32445.2539
  endloop
 endfacet
facet normal 0.766205728 -0.642159283 -0.0236694831
  outer loop
   vertex 29086.2969 42150.9336 32562.791
   vertex 29126.1016 42202.7578 32445.2539
   vertex 29201.8457 42285.3789 32655.6504
  endloop
 endfacet
facet normal 0.585655153 -0.803758442 0.104787476
  outer loop
   vertex 29260.6973 42302.2266 32455.9609
   vertex 29201.8457 42285.3789 32655.6504
   vertex 29126.1016 42202.7578 32445.2539
  endloop
 endfacet
facet normal 0.370353162 -0.675618351 -0.637478173
  outer loop
   vertex 28830.6074 42106.4688 32285.2246
   vertex 28949.8496 42310.2852 32138.4902
   vertex 29029.084 42201.2227 32300.1113
  endloop
 endfacet
facet normal 0.302542597 -0.667107165 -0.680761337
  outer loop
   vertex 28759.6152 42212.5742 32149.6992
   vertex 28949.8496 42310.2852 32138.4902
   vertex 28830.6074 42106.4688 32285.2246
  endloop
 endfacet
facet normal 0.405240029 -0.771886289 -0.489869416
  outer loop
   vertex 28985.6777 42108.2578 32410.6875
   vertex 28830.6074 42106.4688 32285.2246
   vertex 29029.084 42201.2227 32300.1113
  endloop
 endfacet
facet normal 0.579035461 -0.721642792 -0.379406869
  outer loop
   vertex 29126.1016 42202.7578 32445.2539
   vertex 28985.6777 42108.2578 32410.6875
   vertex 29029.084 42201.2227 32300.1113
  endloop
 endfacet
facet normal 0.258844167 -0.286022097 -0.92260015
  outer loop
   vertex 28990.625 42454.2188 32030.2988
   vertex 28933.2578 42521.9062 31993.2188
   vertex 29077.4473 42581.125 32015.3145
  endloop
 endfacet
facet normal 0.368509054 -0.353625178 -0.859738529
  outer loop
   vertex 29077.4473 42581.125 32015.3145
   vertex 29148.7227 42461.8672 32094.916
   vertex 28990.625 42454.2188 32030.2988
  endloop
 endfacet
facet normal 0.245060399 -0.12727432 -0.961117387
  outer loop
   vertex 29077.4473 42581.125 32015.3145
   vertex 29216.127 42704.5742 32034.3262
   vertex 29250.7754 42599.7148 32057.0469
  endloop
 endfacet
facet normal 0.0835113898 0.151840761 -0.984870672
  outer loop
   vertex 29075.5391 42743.5742 32040.1973
   vertex 29077.4473 42581.125 32015.3145
   vertex 28936.6641 42629 32010.7578
  endloop
 endfacet
facet normal 0.0856892243 0.158360705 -0.983656049
  outer loop
   vertex 28933.2578 42521.9062 31993.2188
   vertex 28936.6641 42629 32010.7578
   vertex 29077.4473 42581.125 32015.3145
  endloop
 endfacet
facet normal 0.254702181 -0.426938146 -0.867669642
  outer loop
   vertex 29077.4473 42581.125 32015.3145
   vertex 29250.7754 42599.7148 32057.0469
   vertex 29148.7227 42461.8672 32094.916
  endloop
 endfacet
facet normal 0.490257591 0.0290162973 -0.871094465
  outer loop
   vertex 29641.7109 43025.8008 32150.416
   vertex 29739.2754 43117.4844 32208.3809
   vertex 29761.6074 42963.9883 32215.8359
  endloop
 endfacet
facet normal 0.415512711 -0.513819635 -0.750558853
  outer loop
   vertex 29148.7227 42461.8672 32094.916
   vertex 29250.7754 42599.7148 32057.0469
   vertex 29377.541 42547.0078 32163.3066
  endloop
 endfacet
facet normal 0.857127309 -0.502585173 0.112875447
  outer loop
   vertex 24177.3672 36465.8008 30837.7051
   vertex 24156.3711 36380.8125 30618.7305
   vertex 24319.4668 36649.4648 30576.4434
  endloop
 endfacet
facet normal 0.520010054 -0.591741204 -0.615980446
  outer loop
   vertex 29584.5996 42714.2578 32175.1133
   vertex 29657.3516 42673.2773 32275.8984
   vertex 29546.9453 42579.0859 32273.1816
  endloop
 endfacet
facet normal 0.282950372 -0.112879962 -0.952468991
  outer loop
   vertex 29250.7754 42599.7148 32057.0469
   vertex 29216.127 42704.5742 32034.3262
   vertex 29417.418 42751.0703 32088.6133
  endloop
 endfacet
facet normal 0.937982678 -0.0859910399 -0.335848212
  outer loop
   vertex 24573.3164 37475.8086 32211.0938
   vertex 24541.8027 37538.3008 32107.0781
   vertex 24567.9023 37560.9453 32174.1758
  endloop
 endfacet
facet normal 0.950681269 -0.070525229 -0.302045256
  outer loop
   vertex 24573.3164 37475.8086 32211.0938
   vertex 24567.9023 37560.9453 32174.1758
   vertex 24587.0996 37561.4727 32234.4785
  endloop
 endfacet
facet normal 0.130763859 0.159373388 -0.978519797
  outer loop
   vertex 29596 42857.4766 32129.8086
   vertex 29542.5566 42764.5938 32107.5391
   vertex 29417.418 42751.0703 32088.6133
  endloop
 endfacet
facet normal 0.357013494 -0.381808013 -0.852504551
  outer loop
   vertex 29377.541 42547.0078 32163.3066
   vertex 29417.418 42751.0703 32088.6133
   vertex 29584.5996 42714.2578 32175.1133
  endloop
 endfacet
facet normal 0.514220297 -0.592863441 -0.619750321
  outer loop
   vertex 29377.541 42547.0078 32163.3066
   vertex 29584.5996 42714.2578 32175.1133
   vertex 29546.9453 42579.0859 32273.1816
  endloop
 endfacet
facet normal 0.504369557 -0.625825822 -0.594939768
  outer loop
   vertex 29377.541 42547.0078 32163.3066
   vertex 29546.9453 42579.0859 32273.1816
   vertex 29417.625 42460.0586 32288.75
  endloop
 endfacet
facet normal 0.63819921 -0.432826281 -0.636681378
  outer loop
   vertex 29584.5996 42714.2578 32175.1133
   vertex 29774.7676 42798.5 32308.4668
   vertex 29657.3516 42673.2773 32275.8984
  endloop
 endfacet
facet normal 0.630286515 -0.540311337 -0.557496667
  outer loop
   vertex 29584.5996 42714.2578 32175.1133
   vertex 29690.8359 42824.2305 32188.6387
   vertex 29774.7676 42798.5 32308.4668
  endloop
 endfacet
facet normal 0.760399044 -0.270118415 -0.590617776
  outer loop
   vertex 29690.8359 42824.2305 32188.6387
   vertex 29761.6074 42963.9883 32215.8359
   vertex 29774.7676 42798.5 32308.4668
  endloop
 endfacet
facet normal 0.530076861 -0.774089754 -0.346126586
  outer loop
   vertex 29126.1016 42202.7578 32445.2539
   vertex 29029.084 42201.2227 32300.1113
   vertex 29229.5957 42345.6602 32284.1641
  endloop
 endfacet
facet normal 0.582714736 -0.756557584 -0.296756059
  outer loop
   vertex 29260.6973 42302.2266 32455.9609
   vertex 29126.1016 42202.7578 32445.2539
   vertex 29229.5957 42345.6602 32284.1641
  endloop
 endfacet
facet normal 0.41499874 -0.646767557 -0.639896691
  outer loop
   vertex 29029.084 42201.2227 32300.1113
   vertex 28949.8496 42310.2852 32138.4902
   vertex 29229.5957 42345.6602 32284.1641
  endloop
 endfacet
facet normal 0.399115831 -0.69541353 -0.597584009
  outer loop
   vertex 29148.7227 42461.8672 32094.916
   vertex 29229.5957 42345.6602 32284.1641
   vertex 28949.8496 42310.2852 32138.4902
  endloop
 endfacet
facet normal 0.697746933 0.633943439 -0.333563924
  outer loop
   vertex 24030.8379 36239.2891 30002.3555
   vertex 23980.5898 36306.6562 30025.2852
   vertex 24041.377 36238.918 30023.7012
  endloop
 endfacet
facet normal 0.430308372 -0.675552607 -0.598718166
  outer loop
   vertex 29377.541 42547.0078 32163.3066
   vertex 29229.5957 42345.6602 32284.1641
   vertex 29148.7227 42461.8672 32094.916
  endloop
 endfacet
facet normal 0.369231403 -0.882914305 -0.290052563
  outer loop
   vertex 29260.6973 42302.2266 32455.9609
   vertex 29229.5957 42345.6602 32284.1641
   vertex 29322.7188 42346.3633 32400.5645
  endloop
 endfacet
facet normal 0.488066882 -0.782945037 -0.385730118
  outer loop
   vertex 29322.7188 42346.3633 32400.5645
   vertex 29229.5957 42345.6602 32284.1641
   vertex 29381.5703 42396.9805 32372.293
  endloop
 endfacet
facet normal 0.487011462 -0.785111427 -0.382648468
  outer loop
   vertex 29417.625 42460.0586 32288.75
   vertex 29381.5703 42396.9805 32372.293
   vertex 29229.5957 42345.6602 32284.1641
  endloop
 endfacet
facet normal 0.425162584 -0.674607038 -0.603441894
  outer loop
   vertex 29377.541 42547.0078 32163.3066
   vertex 29417.625 42460.0586 32288.75
   vertex 29229.5957 42345.6602 32284.1641
  endloop
 endfacet
facet normal 0.729410708 -0.452740908 -0.512821257
  outer loop
   vertex 29850.2305 42938.5938 32292.1211
   vertex 29915.6953 42947.3164 32377.5312
   vertex 29774.7676 42798.5 32308.4668
  endloop
 endfacet
facet normal 0.178500831 -0.732636809 -0.656795859
  outer loop
   vertex 29584.5996 42714.2578 32175.1133
   vertex 29417.418 42751.0703 32088.6133
   vertex 29542.5566 42764.5938 32107.5391
  endloop
 endfacet
facet normal 0.50286144 -0.0872928128 -0.85994786
  outer loop
   vertex 29761.6074 42963.9883 32215.8359
   vertex 29690.8359 42824.2305 32188.6387
   vertex 29596 42857.4766 32129.8086
  endloop
 endfacet
facet normal 0.768571496 -0.498493522 -0.401001334
  outer loop
   vertex 29970.3652 42957.8711 32469.1934
   vertex 29891.9824 42857.0234 32444.3281
   vertex 29915.6953 42947.3164 32377.5312
  endloop
 endfacet
facet normal 0.32446304 0.234131351 -0.916463971
  outer loop
   vertex 29739.2754 43117.4844 32208.3809
   vertex 29641.7109 43025.8008 32150.416
   vertex 29597.1055 43192.4219 32177.1914
  endloop
 endfacet
facet normal -0.157843307 0.501869977 -0.850418746
  outer loop
   vertex 29075.5391 42743.5742 32040.1973
   vertex 29055.3965 42923.3281 32150.0156
   vertex 29256.2871 42873.3477 32083.2344
  endloop
 endfacet
facet normal 0.034860637 0.2705051 -0.962087154
  outer loop
   vertex 29216.127 42704.5742 32034.3262
   vertex 29075.5391 42743.5742 32040.1973
   vertex 29256.2871 42873.3477 32083.2344
  endloop
 endfacet
facet normal 0.204282269 0.227311626 -0.952154517
  outer loop
   vertex 29417.418 42751.0703 32088.6133
   vertex 29216.127 42704.5742 32034.3262
   vertex 29256.2871 42873.3477 32083.2344
  endloop
 endfacet
facet normal 0.181492448 0.0750112087 -0.980527282
  outer loop
   vertex 29596 42857.4766 32129.8086
   vertex 29417.418 42751.0703 32088.6133
   vertex 29472.9082 42998.4883 32117.8125
  endloop
 endfacet
facet normal 0.420628518 0.522308052 -0.741799116
  outer loop
   vertex 29609.6602 43337.4336 32286.416
   vertex 29597.1055 43192.4219 32177.1914
   vertex 29529.707 43277.0742 32198.5801
  endloop
 endfacet
facet normal 0.832506001 -0.306988925 -0.461184978
  outer loop
   vertex 29970.3652 42957.8711 32469.1934
   vertex 29915.6953 42947.3164 32377.5312
   vertex 30035.9746 43107.5703 32487.9805
  endloop
 endfacet
facet normal 0.941472888 -0.334007472 -0.0454725586
  outer loop
   vertex 30137.4395 43216.543 32576.4414
   vertex 30107.793 43127.8398 32614.1738
   vertex 30109.8047 43142.0039 32551.7637
  endloop
 endfacet
facet normal 0.517111778 0.198070973 -0.832684398
  outer loop
   vertex 29829.8691 43288.0117 32334.1816
   vertex 29980.6035 43212.1836 32409.752
   vertex 29896.4102 43077.3789 32325.4004
  endloop
 endfacet
facet normal -0.436848342 0.894241929 0.0974418446
  outer loop
   vertex 28510.7539 42727.0625 32860.5117
   vertex 28526.0703 42758.5234 32640.4492
   vertex 28422.4727 42700.0781 32712.3418
  endloop
 endfacet
facet normal -0.422392786 0.716793954 -0.554789007
  outer loop
   vertex 29347.9727 43335.3125 32421.4961
   vertex 29420.2051 43424.6992 32481.9922
   vertex 29529.4121 43437.7266 32415.6797
  endloop
 endfacet
facet normal -0.4538652 0.779544175 -0.431644827
  outer loop
   vertex 29347.9727 43335.3125 32421.4961
   vertex 29529.4121 43437.7266 32415.6797
   vertex 29453.9551 43315.3164 32273.9473
  endloop
 endfacet
facet normal 0.104024172 0.0935232863 -0.990167856
  outer loop
   vertex 29417.418 42751.0703 32088.6133
   vertex 29256.2871 42873.3477 32083.2344
   vertex 29472.9082 42998.4883 32117.8125
  endloop
 endfacet
facet normal -0.471883595 0.586013317 -0.658721685
  outer loop
   vertex 29055.3965 42923.3281 32150.0156
   vertex 28924.9023 42947.6641 32265.1484
   vertex 29024.4863 43014.6484 32253.4004
  endloop
 endfacet
facet normal -0.570400178 0.737194538 -0.362198651
  outer loop
   vertex 29038.3438 43072.707 32379.1289
   vertex 29220.3145 43192.4375 32336.2539
   vertex 29120.4922 43073.6797 32251.7422
  endloop
 endfacet
facet normal -0.554098547 0.831831992 0.0320983306
  outer loop
   vertex 28847.5938 42944.2539 32415.1641
   vertex 28980.2363 43024.9336 32614.0586
   vertex 29038.3438 43072.707 32379.1289
  endloop
 endfacet
facet normal -0.500765979 0.805536389 -0.316772074
  outer loop
   vertex 29120.4922 43073.6797 32251.7422
   vertex 29024.4863 43014.6484 32253.4004
   vertex 29038.3438 43072.707 32379.1289
  endloop
 endfacet
facet normal -0.55683291 0.775769949 -0.296847016
  outer loop
   vertex 28924.9023 42947.6641 32265.1484
   vertex 29038.3438 43072.707 32379.1289
   vertex 29024.4863 43014.6484 32253.4004
  endloop
 endfacet
facet normal -0.245474428 0.526604831 -0.813897848
  outer loop
   vertex 29514.4902 43219.918 32144.3086
   vertex 29454.7715 43236.4922 32173.043
   vertex 29526.2812 43243.582 32156.0625
  endloop
 endfacet
facet normal 0.661324799 -0.0640716329 -0.747358203
  outer loop
   vertex 29896.4102 43077.3789 32325.4004
   vertex 29761.6074 42963.9883 32215.8359
   vertex 29818.4688 43110.8086 32253.5645
  endloop
 endfacet
facet normal 0.497261941 0.0302306525 -0.867073596
  outer loop
   vertex 29761.6074 42963.9883 32215.8359
   vertex 29739.2754 43117.4844 32208.3809
   vertex 29818.4688 43110.8086 32253.5645
  endloop
 endfacet
facet normal -0.267409295 0.136501729 -0.953865588
  outer loop
   vertex 29472.9082 42998.4883 32117.8125
   vertex 29305.1074 43114.5234 32181.459
   vertex 29470.4961 43161.4102 32141.8027
  endloop
 endfacet
facet normal 0.595487475 0.607047796 -0.526201129
  outer loop
   vertex 29529.707 43277.0742 32198.5801
   vertex 29597.1055 43192.4219 32177.1914
   vertex 29526.2812 43243.582 32156.0625
  endloop
 endfacet
facet normal 0.763493836 -0.0755058154 -0.641386032
  outer loop
   vertex 29896.4102 43077.3789 32325.4004
   vertex 29980.6035 43212.1836 32409.752
   vertex 30035.9746 43107.5703 32487.9805
  endloop
 endfacet
facet normal 0.253141433 0.410140663 -0.876187205
  outer loop
   vertex 29943.2422 43493.8945 32463.3086
   vertex 29829.8691 43288.0117 32334.1816
   vertex 29820.6406 43462.5977 32413.2363
  endloop
 endfacet
facet normal 0.290781826 0.518437505 -0.804157019
  outer loop
   vertex 29829.8691 43288.0117 32334.1816
   vertex 29609.6602 43337.4336 32286.416
   vertex 29706.0039 43448.0117 32392.541
  endloop
 endfacet
facet normal 0.110274322 0.414819211 -0.903196871
  outer loop
   vertex 29829.8691 43288.0117 32334.1816
   vertex 29706.0039 43448.0117 32392.541
   vertex 29820.6406 43462.5977 32413.2363
  endloop
 endfacet
facet normal 0.233239532 0.145040244 -0.961541831
  outer loop
   vertex 29472.9082 42998.4883 32117.8125
   vertex 29470.4961 43161.4102 32141.8027
   vertex 29597.1055 43192.4219 32177.1914
  endloop
 endfacet
facet normal 0.651069105 0.00988762081 -0.758954048
  outer loop
   vertex 30137.4395 43216.543 32576.4414
   vertex 30109.8047 43142.0039 32551.7637
   vertex 30035.9746 43107.5703 32487.9805
  endloop
 endfacet
facet normal 0.712079763 0.252263963 -0.655213892
  outer loop
   vertex 29896.4102 43077.3789 32325.4004
   vertex 29818.4688 43110.8086 32253.5645
   vertex 29829.8691 43288.0117 32334.1816
  endloop
 endfacet
facet normal 0.488059014 0.335217148 -0.805870891
  outer loop
   vertex 29818.4688 43110.8086 32253.5645
   vertex 29739.2754 43117.4844 32208.3809
   vertex 29829.8691 43288.0117 32334.1816
  endloop
 endfacet
facet normal 0.393076479 0.401444912 -0.827244163
  outer loop
   vertex 29597.1055 43192.4219 32177.1914
   vertex 29829.8691 43288.0117 32334.1816
   vertex 29739.2754 43117.4844 32208.3809
  endloop
 endfacet
facet normal 0.454307526 -0.0666641369 -0.888347089
  outer loop
   vertex 30037.1602 43533.7422 32508.3496
   vertex 29943.2422 43493.8945 32463.3086
   vertex 29995.498 43554.3477 32485.4961
  endloop
 endfacet
facet normal 0.673373878 -0.0272414908 -0.738800049
  outer loop
   vertex 30137.4395 43216.543 32576.4414
   vertex 30035.9746 43107.5703 32487.9805
   vertex 30107.4766 43381.4844 32543.0488
  endloop
 endfacet
facet normal 0.766387522 -0.0717136338 -0.638363004
  outer loop
   vertex 29980.6035 43212.1836 32409.752
   vertex 30107.4766 43381.4844 32543.0488
   vertex 30035.9746 43107.5703 32487.9805
  endloop
 endfacet
facet normal 0.52965349 0.242937997 -0.812679708
  outer loop
   vertex 29980.6035 43212.1836 32409.752
   vertex 29829.8691 43288.0117 32334.1816
   vertex 30107.4766 43381.4844 32543.0488
  endloop
 endfacet
facet normal 0.116181895 0.689156592 -0.715237737
  outer loop
   vertex 29780.4238 43573.8789 32513.9297
   vertex 29943.2422 43493.8945 32463.3086
   vertex 29820.6406 43462.5977 32413.2363
  endloop
 endfacet
facet normal 0.00219905446 0.537969053 -0.842961729
  outer loop
   vertex 29975.7539 43597.3672 32529.4297
   vertex 29943.2422 43493.8945 32463.3086
   vertex 29780.4238 43573.8789 32513.9297
  endloop
 endfacet
facet normal 0.577568948 0.697779834 -0.423694998
  outer loop
   vertex 29975.7539 43597.3672 32529.4297
   vertex 30037.1602 43533.7422 32508.3496
   vertex 29995.498 43554.3477 32485.4961
  endloop
 endfacet
facet normal 0.434081733 -0.00484683877 -0.900860429
  outer loop
   vertex 30037.1602 43533.7422 32508.3496
   vertex 30107.4766 43381.4844 32543.0488
   vertex 29943.2422 43493.8945 32463.3086
  endloop
 endfacet
facet normal 0.540730894 0.212685913 -0.813864112
  outer loop
   vertex 30107.4766 43381.4844 32543.0488
   vertex 29829.8691 43288.0117 32334.1816
   vertex 29943.2422 43493.8945 32463.3086
  endloop
 endfacet
facet normal -0.361038268 0.580047727 -0.730202734
  outer loop
   vertex 29995.498 43554.3477 32485.4961
   vertex 29943.2422 43493.8945 32463.3086
   vertex 29975.7539 43597.3672 32529.4297
  endloop
 endfacet
facet normal 0.293638885 0.558763623 -0.775602579
  outer loop
   vertex 29829.8691 43288.0117 32334.1816
   vertex 29597.1055 43192.4219 32177.1914
   vertex 29609.6602 43337.4336 32286.416
  endloop
 endfacet
facet normal -0.437803537 0.793853879 -0.422047496
  outer loop
   vertex 29453.9551 43315.3164 32273.9473
   vertex 29337.3262 43252.5703 32276.9082
   vertex 29347.9727 43335.3125 32421.4961
  endloop
 endfacet
facet normal -0.634120107 0.534403265 -0.558842421
  outer loop
   vertex 29305.1074 43114.5234 32181.459
   vertex 29337.3262 43252.5703 32276.9082
   vertex 29384.7051 43242.8906 32213.8906
  endloop
 endfacet
facet normal 0.307385504 -0.191172659 -0.9321841
  outer loop
   vertex 29597.1055 43192.4219 32177.1914
   vertex 29470.4961 43161.4102 32141.8027
   vertex 29514.4902 43219.918 32144.3086
  endloop
 endfacet
facet normal 0.423956841 0.224539384 -0.877406776
  outer loop
   vertex 29526.2812 43243.582 32156.0625
   vertex 29597.1055 43192.4219 32177.1914
   vertex 29514.4902 43219.918 32144.3086
  endloop
 endfacet
facet normal -0.217679366 0.775144041 -0.593099833
  outer loop
   vertex 29529.707 43277.0742 32198.5801
   vertex 29526.2812 43243.582 32156.0625
   vertex 29454.7715 43236.4922 32173.043
  endloop
 endfacet
facet normal -0.0786181167 0.389627427 -0.917610824
  outer loop
   vertex 29256.2871 42873.3477 32083.2344
   vertex 29305.1074 43114.5234 32181.459
   vertex 29472.9082 42998.4883 32117.8125
  endloop
 endfacet
facet normal -0.567431867 0.731993794 -0.377102345
  outer loop
   vertex 29347.9727 43335.3125 32421.4961
   vertex 29337.3262 43252.5703 32276.9082
   vertex 29220.3145 43192.4375 32336.2539
  endloop
 endfacet
facet normal -0.416508466 0.456862241 -0.786001027
  outer loop
   vertex 29305.1074 43114.5234 32181.459
   vertex 29384.7051 43242.8906 32213.8906
   vertex 29454.7715 43236.4922 32173.043
  endloop
 endfacet
facet normal -0.304067671 0.310990453 -0.900459766
  outer loop
   vertex 29470.4961 43161.4102 32141.8027
   vertex 29305.1074 43114.5234 32181.459
   vertex 29454.7715 43236.4922 32173.043
  endloop
 endfacet
facet normal -0.584938288 0.549201787 -0.596845567
  outer loop
   vertex 29220.3145 43192.4375 32336.2539
   vertex 29337.3262 43252.5703 32276.9082
   vertex 29305.1074 43114.5234 32181.459
  endloop
 endfacet
facet normal -0.378970683 0.726477742 -0.5732463
  outer loop
   vertex 29120.4922 43073.6797 32251.7422
   vertex 29220.3145 43192.4375 32336.2539
   vertex 29305.1074 43114.5234 32181.459
  endloop
 endfacet
facet normal -0.196595639 0.403697789 -0.893520117
  outer loop
   vertex 29256.2871 42873.3477 32083.2344
   vertex 29055.3965 42923.3281 32150.0156
   vertex 29305.1074 43114.5234 32181.459
  endloop
 endfacet
facet normal -0.345495224 0.29791078 -0.889877617
  outer loop
   vertex 29514.4902 43219.918 32144.3086
   vertex 29470.4961 43161.4102 32141.8027
   vertex 29454.7715 43236.4922 32173.043
  endloop
 endfacet
facet normal -0.0801719278 0.854073942 -0.513935983
  outer loop
   vertex 29529.707 43277.0742 32198.5801
   vertex 29453.9551 43315.3164 32273.9473
   vertex 29609.6602 43337.4336 32286.416
  endloop
 endfacet
facet normal -0.211287111 0.76942867 -0.60277462
  outer loop
   vertex 29529.707 43277.0742 32198.5801
   vertex 29454.7715 43236.4922 32173.043
   vertex 29453.9551 43315.3164 32273.9473
  endloop
 endfacet
facet normal -0.276640505 0.756207585 -0.592975676
  outer loop
   vertex 29384.7051 43242.8906 32213.8906
   vertex 29453.9551 43315.3164 32273.9473
   vertex 29454.7715 43236.4922 32173.043
  endloop
 endfacet
facet normal -0.432849467 0.783524334 -0.445792526
  outer loop
   vertex 29384.7051 43242.8906 32213.8906
   vertex 29337.3262 43252.5703 32276.9082
   vertex 29453.9551 43315.3164 32273.9473
  endloop
 endfacet
facet normal -0.748675823 0.508230567 -0.425659746
  outer loop
   vertex 29217.8184 43239.1914 32535.6562
   vertex 29298.3516 43334.9648 32508.3633
   vertex 29347.9727 43335.3125 32421.4961
  endloop
 endfacet
facet normal -0.138038233 0.603512347 -0.785314143
  outer loop
   vertex 29706.0039 43448.0117 32392.541
   vertex 29529.4121 43437.7266 32415.6797
   vertex 29652.2012 43515.8867 32454.1621
  endloop
 endfacet
facet normal -0.129309252 0.742961645 -0.656724513
  outer loop
   vertex 29706.0039 43448.0117 32392.541
   vertex 29609.6602 43337.4336 32286.416
   vertex 29529.4121 43437.7266 32415.6797
  endloop
 endfacet
facet normal -0.325000405 0.77642405 -0.539944828
  outer loop
   vertex 29529.4121 43437.7266 32415.6797
   vertex 29597.0527 43542.793 32526.0469
   vertex 29652.2012 43515.8867 32454.1621
  endloop
 endfacet
facet normal -0.0586835817 0.770744801 -0.634435773
  outer loop
   vertex 29609.6602 43337.4336 32286.416
   vertex 29453.9551 43315.3164 32273.9473
   vertex 29529.4121 43437.7266 32415.6797
  endloop
 endfacet
facet normal -0.170655623 0.764215171 -0.621974111
  outer loop
   vertex 29780.4238 43573.8789 32513.9297
   vertex 29597.0527 43542.793 32526.0469
   vertex 29663.9336 43593.7344 32570.2891
  endloop
 endfacet
facet normal -0.177832633 0.869024456 -0.461705595
  outer loop
   vertex 29652.2012 43515.8867 32454.1621
   vertex 29597.0527 43542.793 32526.0469
   vertex 29780.4238 43573.8789 32513.9297
  endloop
 endfacet
facet normal 0.0297661573 0.684695303 -0.728221357
  outer loop
   vertex 29652.2012 43515.8867 32454.1621
   vertex 29780.4238 43573.8789 32513.9297
   vertex 29706.0039 43448.0117 32392.541
  endloop
 endfacet
facet normal -0.0213289447 0.6681512 -0.743719757
  outer loop
   vertex 29975.7539 43597.3672 32529.4297
   vertex 29780.4238 43573.8789 32513.9297
   vertex 29901.9258 43651.332 32580.0254
  endloop
 endfacet
facet normal 0.600445986 0.778063476 -0.184612617
  outer loop
   vertex 30184.9609 43680.8516 32681.373
   vertex 30275.0898 43628.5234 32753.9707
   vertex 30238.9883 43638.7266 32679.5586
  endloop
 endfacet
facet normal 0.654848218 0.132860884 -0.743990481
  outer loop
   vertex 30107.4766 43381.4844 32543.0488
   vertex 30037.1602 43533.7422 32508.3496
   vertex 30111.8652 43594.8711 32585.0195
  endloop
 endfacet
facet normal 0.321420759 0.562560856 -0.761717796
  outer loop
   vertex 30037.1602 43533.7422 32508.3496
   vertex 29975.7539 43597.3672 32529.4297
   vertex 30111.8652 43594.8711 32585.0195
  endloop
 endfacet
facet normal 0.353349358 0.935468316 0.00658039423
  outer loop
   vertex 30474.6504 44048.9023 33251.2266
   vertex 30487.2598 44044.6758 33175.0234
   vertex 30434.1445 44064.8281 33161.9961
  endloop
 endfacet
facet normal 0.112854384 0.757404327 -0.643119395
  outer loop
   vertex 29901.9258 43651.332 32580.0254
   vertex 30012.3301 43694.9219 32650.7363
   vertex 29975.7539 43597.3672 32529.4297
  endloop
 endfacet
facet normal -0.432279766 0.895476997 -0.10609021
  outer loop
   vertex 29587.9863 43569.0469 32635.8926
   vertex 29684.1367 43628.3789 32744.9043
   vertex 29704.8828 43623.9102 32622.6758
  endloop
 endfacet
facet normal 0.728106797 0.341494858 -0.594341397
  outer loop
   vertex 30275.0898 43628.5234 32753.9707
   vertex 30247.7344 43792.625 32814.75
   vertex 30340.8105 43751.2148 32904.9805
  endloop
 endfacet
facet normal 0.221000969 0.693788409 -0.685431421
  outer loop
   vertex 30116.0273 43811.4492 32791.3359
   vertex 30247.7344 43792.625 32814.75
   vertex 30184.9609 43680.8516 32681.373
  endloop
 endfacet
facet normal 0.220105529 0.493427932 -0.841476321
  outer loop
   vertex 30116.0273 43811.4492 32791.3359
   vertex 30211.7051 43880.957 32857.1211
   vertex 30247.7344 43792.625 32814.75
  endloop
 endfacet
facet normal 0.180835918 0.687576592 -0.703233123
  outer loop
   vertex 30012.3301 43694.9219 32650.7363
   vertex 30116.0273 43811.4492 32791.3359
   vertex 30184.9609 43680.8516 32681.373
  endloop
 endfacet
facet normal 0.503001571 -0.107900515 -0.857523739
  outer loop
   vertex 30182.752 43629.7656 32622.209
   vertex 30207.5293 43585.3477 32642.332
   vertex 30111.8652 43594.8711 32585.0195
  endloop
 endfacet
facet normal 0.702893555 0.0684946999 -0.707989454
  outer loop
   vertex 30176.4336 43297.918 32603.4258
   vertex 30107.4766 43381.4844 32543.0488
   vertex 30195.3203 43334.3828 32625.7051
  endloop
 endfacet
facet normal 0.519029915 0.154666275 -0.840646386
  outer loop
   vertex 30111.8652 43594.8711 32585.0195
   vertex 30207.5293 43585.3477 32642.332
   vertex 30107.4766 43381.4844 32543.0488
  endloop
 endfacet
facet normal 0.764142394 -0.0486046858 -0.643213809
  outer loop
   vertex 30230.082 43396.6953 32687.5586
   vertex 30107.4766 43381.4844 32543.0488
   vertex 30254.502 43506.0664 32708.3047
  endloop
 endfacet
facet normal 0.299328297 0.420795202 -0.85634923
  outer loop
   vertex 30184.9609 43680.8516 32681.373
   vertex 30238.9883 43638.7266 32679.5586
   vertex 30207.5293 43585.3477 32642.332
  endloop
 endfacet
facet normal 0.880328774 0.342278957 -0.328430235
  outer loop
   vertex 30182.752 43629.7656 32622.209
   vertex 30184.9609 43680.8516 32681.373
   vertex 30207.5293 43585.3477 32642.332
  endloop
 endfacet
facet normal 0.770914257 -0.0700443611 -0.633075833
  outer loop
   vertex 30207.5293 43585.3477 32642.332
   vertex 30254.502 43506.0664 32708.3047
   vertex 30107.4766 43381.4844 32543.0488
  endloop
 endfacet
facet normal 0.627954245 -0.0432355776 -0.777048349
  outer loop
   vertex 30137.4395 43216.543 32576.4414
   vertex 30107.4766 43381.4844 32543.0488
   vertex 30176.4336 43297.918 32603.4258
  endloop
 endfacet
facet normal 0.72962296 0.231634721 -0.643424928
  outer loop
   vertex 30230.082 43396.6953 32687.5586
   vertex 30195.3203 43334.3828 32625.7051
   vertex 30107.4766 43381.4844 32543.0488
  endloop
 endfacet
facet normal -0.678790927 0.699582279 -0.223220706
  outer loop
   vertex 29347.9727 43335.3125 32421.4961
   vertex 29360.8203 43392.0234 32560.1621
   vertex 29420.2051 43424.6992 32481.9922
  endloop
 endfacet
facet normal -0.421987176 0.771627665 -0.475938588
  outer loop
   vertex 29597.0527 43542.793 32526.0469
   vertex 29529.4121 43437.7266 32415.6797
   vertex 29473.002 43479.7031 32533.748
  endloop
 endfacet
facet normal -0.377952665 0.800486267 -0.465159655
  outer loop
   vertex 29529.4121 43437.7266 32415.6797
   vertex 29420.2051 43424.6992 32481.9922
   vertex 29473.002 43479.7031 32533.748
  endloop
 endfacet
facet normal -0.63109076 0.75853163 -0.162339792
  outer loop
   vertex 29420.2051 43424.6992 32481.9922
   vertex 29360.8203 43392.0234 32560.1621
   vertex 29473.002 43479.7031 32533.748
  endloop
 endfacet
facet normal -0.0696619153 0.887000561 -0.456483603
  outer loop
   vertex 29663.9336 43593.7344 32570.2891
   vertex 29704.8828 43623.9102 32622.6758
   vertex 29780.4238 43573.8789 32513.9297
  endloop
 endfacet
facet normal -0.27816686 0.837605417 -0.470149308
  outer loop
   vertex 29901.9258 43651.332 32580.0254
   vertex 29780.4238 43573.8789 32513.9297
   vertex 29826.8438 43675.418 32667.3594
  endloop
 endfacet
facet normal -0.170841888 0.844668925 -0.507294238
  outer loop
   vertex 29704.8828 43623.9102 32622.6758
   vertex 29826.8438 43675.418 32667.3594
   vertex 29780.4238 43573.8789 32513.9297
  endloop
 endfacet
facet normal -0.12969172 0.921659589 -0.365682453
  outer loop
   vertex 30012.3301 43694.9219 32650.7363
   vertex 29901.9258 43651.332 32580.0254
   vertex 29826.8438 43675.418 32667.3594
  endloop
 endfacet
facet normal -0.506125212 0.813698351 -0.285888553
  outer loop
   vertex 29347.9727 43335.3125 32421.4961
   vertex 29298.3516 43334.9648 32508.3633
   vertex 29360.8203 43392.0234 32560.1621
  endloop
 endfacet
facet normal -0.433427691 0.802060962 -0.410899848
  outer loop
   vertex 29473.002 43479.7031 32533.748
   vertex 29520.0723 43530.5195 32583.2871
   vertex 29597.0527 43542.793 32526.0469
  endloop
 endfacet
facet normal 0.702241242 0.347246259 -0.621512055
  outer loop
   vertex 30275.0898 43628.5234 32753.9707
   vertex 30184.9609 43680.8516 32681.373
   vertex 30247.7344 43792.625 32814.75
  endloop
 endfacet
facet normal -0.482073724 0.84230113 -0.241109386
  outer loop
   vertex 29663.9336 43593.7344 32570.2891
   vertex 29597.0527 43542.793 32526.0469
   vertex 29587.9863 43569.0469 32635.8926
  endloop
 endfacet
facet normal -0.327761501 0.912406266 -0.245126814
  outer loop
   vertex 29520.0723 43530.5195 32583.2871
   vertex 29587.9863 43569.0469 32635.8926
   vertex 29597.0527 43542.793 32526.0469
  endloop
 endfacet
facet normal -0.434374154 0.884546459 -0.169990182
  outer loop
   vertex 29704.8828 43623.9102 32622.6758
   vertex 29663.9336 43593.7344 32570.2891
   vertex 29587.9863 43569.0469 32635.8926
  endloop
 endfacet
facet normal -0.104226045 0.852448165 0.5123173
  outer loop
   vertex 28648.6758 42745.6016 32954.7812
   vertex 28547.1973 42706.7031 32998.8594
   vertex 28634.6309 42665.7305 33084.8242
  endloop
 endfacet
facet normal -0.587931931 0.370986104 0.718822181
  outer loop
   vertex 30047.3379 43840.207 33159.3789
   vertex 29911.6055 43707.3359 33116.9375
   vertex 30019.5781 43720.6406 33198.3828
  endloop
 endfacet
facet normal -0.576540351 0.43149811 0.693837583
  outer loop
   vertex 29948.5762 43636.5586 33191.6719
   vertex 30019.5781 43720.6406 33198.3828
   vertex 29911.6055 43707.3359 33116.9375
  endloop
 endfacet
facet normal -0.232507378 0.826156914 -0.513229966
  outer loop
   vertex 30116.0273 43811.4492 32791.3359
   vertex 30012.3301 43694.9219 32650.7363
   vertex 29936.6465 43759.8711 32789.5742
  endloop
 endfacet
facet normal -0.134150833 0.867523134 -0.478964686
  outer loop
   vertex 30012.3301 43694.9219 32650.7363
   vertex 29826.8438 43675.418 32667.3594
   vertex 29936.6465 43759.8711 32789.5742
  endloop
 endfacet
facet normal -0.358715892 0.79825455 -0.48385182
  outer loop
   vertex 30196.0547 43970.4531 32966.2266
   vertex 30161.5488 43917.8984 32905.1055
   vertex 30112.0938 43951.2617 32996.8086
  endloop
 endfacet
facet normal -0.234783813 0.833620131 -0.499954045
  outer loop
   vertex 30116.0273 43811.4492 32791.3359
   vertex 29936.6465 43759.8711 32789.5742
   vertex 30030.0254 43856.8086 32907.3555
  endloop
 endfacet
facet normal -0.335868269 0.850390494 0.405004352
  outer loop
   vertex 28980.2363 43024.9336 32614.0586
   vertex 28846.248 42892.5898 32780.8242
   vertex 29043.3633 42950.5859 32822.5156
  endloop
 endfacet
facet normal -0.419302195 0.878191829 -0.230140805
  outer loop
   vertex 29826.8438 43675.418 32667.3594
   vertex 29779.3359 43689.75 32808.6094
   vertex 29936.6465 43759.8711 32789.5742
  endloop
 endfacet
facet normal -0.729114652 0.645982742 0.226048946
  outer loop
   vertex 29360.8203 43392.0234 32560.1621
   vertex 29217.8184 43239.1914 32535.6562
   vertex 29365.502 43348.1055 32700.7578
  endloop
 endfacet
facet normal -0.733602345 0.661376357 0.156233415
  outer loop
   vertex 29360.8203 43392.0234 32560.1621
   vertex 29298.3516 43334.9648 32508.3633
   vertex 29217.8184 43239.1914 32535.6562
  endloop
 endfacet
facet normal 0.897847176 -0.335777164 -0.28482309
  outer loop
   vertex 30137.4395 43216.543 32576.4414
   vertex 30176.4336 43297.918 32603.4258
   vertex 30200.002 43277.8906 32701.3359
  endloop
 endfacet
facet normal 0.883005857 -0.399753332 -0.245963335
  outer loop
   vertex 30107.793 43127.8398 32614.1738
   vertex 30137.4395 43216.543 32576.4414
   vertex 30200.002 43277.8906 32701.3359
  endloop
 endfacet
facet normal 0.850270689 -0.526305199 0.0065265107
  outer loop
   vertex 30200.002 43277.8906 32701.3359
   vertex 30096.4258 43111.75 32797.5156
   vertex 30107.793 43127.8398 32614.1738
  endloop
 endfacet
facet normal 0.938145399 0.289461195 0.189987913
  outer loop
   vertex 30463.168 44003.3711 33332.0898
   vertex 30490.3066 43912.9492 33335.8438
   vertex 30503.7695 43909.7344 33274.2617
  endloop
 endfacet
facet normal 0.911481082 -0.300504446 -0.280890107
  outer loop
   vertex 30176.4336 43297.918 32603.4258
   vertex 30195.3203 43334.3828 32625.7051
   vertex 30200.002 43277.8906 32701.3359
  endloop
 endfacet
facet normal 0.92976433 -0.265034676 -0.255528748
  outer loop
   vertex 30195.3203 43334.3828 32625.7051
   vertex 30230.082 43396.6953 32687.5586
   vertex 30200.002 43277.8906 32701.3359
  endloop
 endfacet
facet normal 0.844275773 0.0567912385 -0.532891333
  outer loop
   vertex 30275.0898 43628.5234 32753.9707
   vertex 30254.502 43506.0664 32708.3047
   vertex 30207.5293 43585.3477 32642.332
  endloop
 endfacet
facet normal 0.87061131 -0.19945325 -0.449726999
  outer loop
   vertex 30275.0898 43628.5234 32753.9707
   vertex 30207.5293 43585.3477 32642.332
   vertex 30238.9883 43638.7266 32679.5586
  endloop
 endfacet
facet normal 0.727460742 0.352898687 -0.588441491
  outer loop
   vertex 30340.8105 43751.2148 32904.9805
   vertex 30247.7344 43792.625 32814.75
   vertex 30296.0977 43941.3984 32963.7578
  endloop
 endfacet
facet normal -0.0853720084 0.744354725 -0.662304819
  outer loop
   vertex 30211.7051 43880.957 32857.1211
   vertex 30116.0273 43811.4492 32791.3359
   vertex 30161.5488 43917.8984 32905.1055
  endloop
 endfacet
facet normal -0.35745886 0.749038517 -0.557821155
  outer loop
   vertex 30116.0273 43811.4492 32791.3359
   vertex 30030.0254 43856.8086 32907.3555
   vertex 30161.5488 43917.8984 32905.1055
  endloop
 endfacet
facet normal 0.532013595 0.551463008 0.642534077
  outer loop
   vertex 30474.6504 44048.9023 33251.2266
   vertex 30519.2363 44010.8945 33246.9336
   vertex 30509.1738 44049.1055 33222.4688
  endloop
 endfacet
facet normal 0.534061372 0.682816982 -0.498537332
  outer loop
   vertex 30474.6504 44048.9023 33251.2266
   vertex 30516.1152 44037.8047 33280.4492
   vertex 30519.2363 44010.8945 33246.9336
  endloop
 endfacet
facet normal 0.491340488 0.531427979 -0.690049887
  outer loop
   vertex 30211.7051 43880.957 32857.1211
   vertex 30296.0977 43941.3984 32963.7578
   vertex 30247.7344 43792.625 32814.75
  endloop
 endfacet
facet normal 0.183662966 0.691700161 -0.698440254
  outer loop
   vertex 30161.5488 43917.8984 32905.1055
   vertex 30196.0547 43970.4531 32966.2266
   vertex 30296.0977 43941.3984 32963.7578
  endloop
 endfacet
facet normal 0.0921415091 0.833232522 -0.545191228
  outer loop
   vertex 30161.5488 43917.8984 32905.1055
   vertex 30296.0977 43941.3984 32963.7578
   vertex 30211.7051 43880.957 32857.1211
  endloop
 endfacet
facet normal 0.84551549 0.0259070583 -0.533322036
  outer loop
   vertex 30340.8105 43751.2148 32904.9805
   vertex 30420.5957 43882.4766 33037.8438
   vertex 30407.6699 43732.9219 33010.0859
  endloop
 endfacet
facet normal 0.597200215 0.361673146 -0.715922117
  outer loop
   vertex 30340.8105 43751.2148 32904.9805
   vertex 30296.0977 43941.3984 32963.7578
   vertex 30420.5957 43882.4766 33037.8438
  endloop
 endfacet
facet normal 0.580288231 0.252608299 -0.774244547
  outer loop
   vertex 30428.5059 44020.2539 33088.7266
   vertex 30420.5957 43882.4766 33037.8438
   vertex 30296.0977 43941.3984 32963.7578
  endloop
 endfacet
facet normal 0.555517137 0.297634959 -0.776411057
  outer loop
   vertex 30428.5059 44020.2539 33088.7266
   vertex 30296.0977 43941.3984 32963.7578
   vertex 30362.5508 44032.0234 33046.0469
  endloop
 endfacet
facet normal 0.760789812 0.185943693 -0.621790767
  outer loop
   vertex 30490.5586 43965.1562 33148.1758
   vertex 30420.5957 43882.4766 33037.8438
   vertex 30428.5059 44020.2539 33088.7266
  endloop
 endfacet
facet normal 0.86697942 -0.432113767 0.248242617
  outer loop
   vertex 30406.7012 43780.1797 33251.3633
   vertex 30409.0801 43687.4961 33081.7188
   vertex 30468.2461 43843.3789 33146.4258
  endloop
 endfacet
facet normal -0.477053702 0.774872303 0.414719969
  outer loop
   vertex 30155.5078 43942.6875 33181.1367
   vertex 30241.5586 44017.8242 33139.7305
   vertex 30137.4512 43981.7617 33087.3633
  endloop
 endfacet
facet normal -0.52830261 0.784278512 0.325274676
  outer loop
   vertex 30155.5078 43942.6875 33181.1367
   vertex 30307.0625 43997.1328 33296.0156
   vertex 30241.5586 44017.8242 33139.7305
  endloop
 endfacet
facet normal 0.238926113 0.860835135 -0.449307442
  outer loop
   vertex 30296.0977 43941.3984 32963.7578
   vertex 30196.0547 43970.4531 32966.2266
   vertex 30214 43999.9219 33032.2305
  endloop
 endfacet
facet normal 0.0426104479 0.964582264 0.260317832
  outer loop
   vertex 30399.2812 44029.8789 33334.0586
   vertex 30474.6504 44048.9023 33251.2266
   vertex 30395.3945 44053.9531 33245.4805
  endloop
 endfacet
facet normal -0.116742633 0.993137598 0.00699152751
  outer loop
   vertex 30434.1445 44064.8281 33161.9961
   vertex 30383.373 44059.2969 33099.8789
   vertex 30347.0781 44054.5547 33167.7695
  endloop
 endfacet
facet normal -0.235286891 0.742259145 -0.62744832
  outer loop
   vertex 30362.5508 44032.0234 33046.0469
   vertex 30296.0977 43941.3984 32963.7578
   vertex 30310.2402 44034.8672 33069.0312
  endloop
 endfacet
facet normal -0.0186255425 0.748885691 -0.662437379
  outer loop
   vertex 30214 43999.9219 33032.2305
   vertex 30310.2402 44034.8672 33069.0312
   vertex 30296.0977 43941.3984 32963.7578
  endloop
 endfacet
facet normal -0.111804672 0.990729809 0.0771631226
  outer loop
   vertex 30347.0781 44054.5547 33167.7695
   vertex 30395.3945 44053.9531 33245.4805
   vertex 30434.1445 44064.8281 33161.9961
  endloop
 endfacet
facet normal 0.939958513 -0.103045709 -0.325360656
  outer loop
   vertex 30275.0898 43628.5234 32753.9707
   vertex 30340.8105 43751.2148 32904.9805
   vertex 30309.6055 43501.1875 32894.0156
  endloop
 endfacet
facet normal 0.959391296 0.281410009 0.0194110349
  outer loop
   vertex 30299.3516 43544.1797 32777.6172
   vertex 30275.0898 43628.5234 32753.9707
   vertex 30309.6055 43501.1875 32894.0156
  endloop
 endfacet
facet normal 0.603595376 -0.635685265 0.481224358
  outer loop
   vertex 30249.8496 43361.6445 32966.3828
   vertex 30270.4512 43442.1367 33046.8711
   vertex 30139.4902 43315.3906 33043.707
  endloop
 endfacet
facet normal 0.610665321 -0.642531991 0.46286124
  outer loop
   vertex 30214.7754 43449.0664 33129.9453
   vertex 30139.4902 43315.3906 33043.707
   vertex 30270.4512 43442.1367 33046.8711
  endloop
 endfacet
facet normal 0.785349727 -0.611924827 0.0936686173
  outer loop
   vertex 30227.959 43288.625 32844.2656
   vertex 30262.0703 43342.0938 32907.5664
   vertex 30192.7168 43254.8438 32919.043
  endloop
 endfacet
facet normal -0.113056891 -0.559163213 0.821312785
  outer loop
   vertex 29965.0605 43117.0117 32947.9688
   vertex 29987.8262 43320.9219 33089.9258
   vertex 29813.9648 43275.5703 33035.1172
  endloop
 endfacet
facet normal 0.650503457 -0.739775479 0.171980977
  outer loop
   vertex 29810.334 42768.0547 32536.0879
   vertex 29886.666 42873.9844 32703.0176
   vertex 29758.2656 42758.3555 32691.3027
  endloop
 endfacet
facet normal 0.72217989 -0.683882177 0.103737034
  outer loop
   vertex 29985.1504 42961.7812 32596.207
   vertex 29886.666 42873.9844 32703.0176
   vertex 29810.334 42768.0547 32536.0879
  endloop
 endfacet
facet normal 0.0835854262 -0.431718707 0.898127198
  outer loop
   vertex 30122.5645 43438.5273 33156.2695
   vertex 30027.8945 43428.6016 33160.3086
   vertex 30074.1172 43367.0195 33126.4062
  endloop
 endfacet
facet normal 0.679270744 -0.712622285 0.175387397
  outer loop
   vertex 29963.3047 42990.5547 32820.668
   vertex 30096.4258 43111.75 32797.5156
   vertex 30029.5371 43069.8867 32886.4883
  endloop
 endfacet
facet normal 0.811453044 -0.572853863 -0.115682237
  outer loop
   vertex 30200.002 43277.8906 32701.3359
   vertex 30227.959 43288.625 32844.2656
   vertex 30096.4258 43111.75 32797.5156
  endloop
 endfacet
facet normal 0.150003552 -0.702453017 0.695743263
  outer loop
   vertex 29963.3047 42990.5547 32820.668
   vertex 30029.5371 43069.8867 32886.4883
   vertex 29965.0605 43117.0117 32947.9688
  endloop
 endfacet
facet normal 0.756949127 -0.556648672 0.342301428
  outer loop
   vertex 30262.0703 43342.0938 32907.5664
   vertex 30249.8496 43361.6445 32966.3828
   vertex 30192.7168 43254.8438 32919.043
  endloop
 endfacet
facet normal 0.674685955 -0.737941921 0.0155093623
  outer loop
   vertex 29886.666 42873.9844 32703.0176
   vertex 29985.1504 42961.7812 32596.207
   vertex 29993.6641 42972.4375 32732.8477
  endloop
 endfacet
facet normal 0.465077728 0.191613898 0.864283979
  outer loop
   vertex 29965.0605 43117.0117 32947.9688
   vertex 30024.9961 43083.8906 32923.0586
   vertex 30052.5996 43099.7695 32904.6836
  endloop
 endfacet
facet normal 0.786607742 -0.610086679 0.0950919688
  outer loop
   vertex 30192.7168 43254.8438 32919.043
   vertex 30096.4258 43111.75 32797.5156
   vertex 30227.959 43288.625 32844.2656
  endloop
 endfacet
facet normal 0.937368333 -0.263718754 -0.227580756
  outer loop
   vertex 30200.002 43277.8906 32701.3359
   vertex 30230.082 43396.6953 32687.5586
   vertex 30309.6055 43501.1875 32894.0156
  endloop
 endfacet
facet normal 0.834653795 -0.0802765265 -0.544893324
  outer loop
   vertex 30340.8105 43751.2148 32904.9805
   vertex 30407.6699 43732.9219 33010.0859
   vertex 30309.6055 43501.1875 32894.0156
  endloop
 endfacet
facet normal 0.825481832 -0.501950026 -0.25812
  outer loop
   vertex 30254.502 43506.0664 32708.3047
   vertex 30299.3516 43544.1797 32777.6172
   vertex 30309.6055 43501.1875 32894.0156
  endloop
 endfacet
facet normal 0.945646524 -0.157130212 -0.284715205
  outer loop
   vertex 30230.082 43396.6953 32687.5586
   vertex 30254.502 43506.0664 32708.3047
   vertex 30309.6055 43501.1875 32894.0156
  endloop
 endfacet
facet normal 0.93355763 -0.321505427 -0.158443764
  outer loop
   vertex 30227.959 43288.625 32844.2656
   vertex 30200.002 43277.8906 32701.3359
   vertex 30309.6055 43501.1875 32894.0156
  endloop
 endfacet
facet normal 0.922596455 -0.296664953 -0.246588066
  outer loop
   vertex 30262.0703 43342.0938 32907.5664
   vertex 30227.959 43288.625 32844.2656
   vertex 30309.6055 43501.1875 32894.0156
  endloop
 endfacet
facet normal 0.926916301 -0.253377318 0.276814282
  outer loop
   vertex 30262.0703 43342.0938 32907.5664
   vertex 30309.6055 43501.1875 32894.0156
   vertex 30249.8496 43361.6445 32966.3828
  endloop
 endfacet
facet normal 0.578803301 -0.735650122 0.351860255
  outer loop
   vertex 29963.3047 42990.5547 32820.668
   vertex 29886.666 42873.9844 32703.0176
   vertex 29993.6641 42972.4375 32732.8477
  endloop
 endfacet
facet normal 0.687002838 -0.719000876 0.105189525
  outer loop
   vertex 29386.8281 42403.293 32517.1211
   vertex 29510.0781 42505.2812 32409.2969
   vertex 29597.5625 42622.4375 32638.7305
  endloop
 endfacet
facet normal 0.621495843 -0.740135908 0.256791294
  outer loop
   vertex 29381.375 42460.7188 32695.8398
   vertex 29386.8281 42403.293 32517.1211
   vertex 29597.5625 42622.4375 32638.7305
  endloop
 endfacet
facet normal 0.665500343 -0.736320853 0.122232735
  outer loop
   vertex 29678.2852 42655.875 32400.6602
   vertex 29597.5625 42622.4375 32638.7305
   vertex 29510.0781 42505.2812 32409.2969
  endloop
 endfacet
facet normal 0.591102779 -0.801802337 0.0878096595
  outer loop
   vertex 29678.2852 42655.875 32400.6602
   vertex 29810.334 42768.0547 32536.0879
   vertex 29597.5625 42622.4375 32638.7305
  endloop
 endfacet
facet normal 0.586230695 -0.779079676 0.222190186
  outer loop
   vertex 29597.5625 42622.4375 32638.7305
   vertex 29758.2656 42758.3555 32691.3027
   vertex 29702.1934 42728.2852 32733.8086
  endloop
 endfacet
facet normal 0.607842982 -0.778735399 0.155235454
  outer loop
   vertex 29597.5625 42622.4375 32638.7305
   vertex 29810.334 42768.0547 32536.0879
   vertex 29758.2656 42758.3555 32691.3027
  endloop
 endfacet
facet normal -0.464838922 0.873182535 -0.146550447
  outer loop
   vertex 29684.1367 43628.3789 32744.9043
   vertex 29708.5645 43653.4922 32817.0664
   vertex 29779.3359 43689.75 32808.6094
  endloop
 endfacet
facet normal -0.414648443 0.880739272 -0.228834078
  outer loop
   vertex 29684.1367 43628.3789 32744.9043
   vertex 29779.3359 43689.75 32808.6094
   vertex 29826.8438 43675.418 32667.3594
  endloop
 endfacet
facet normal -0.725488961 0.563357353 0.395340621
  outer loop
   vertex 29690.7578 43594.5469 32891.1875
   vertex 29709.5078 43541.7539 33000.8242
   vertex 29782.9668 43614.0938 33032.5469
  endloop
 endfacet
facet normal -0.318508476 0.894786537 -0.312904775
  outer loop
   vertex 30214 43999.9219 33032.2305
   vertex 30196.0547 43970.4531 32966.2266
   vertex 30112.0938 43951.2617 32996.8086
  endloop
 endfacet
facet normal 0.202581301 0.168867201 0.964595616
  outer loop
   vertex 28959.1387 42471.5078 33033.1953
   vertex 29056.7793 42619.1484 32986.8438
   vertex 28842.8965 42671.8008 33022.543
  endloop
 endfacet
facet normal -0.684484005 0.649830461 0.33045727
  outer loop
   vertex 29365.502 43348.1055 32700.7578
   vertex 29538.1484 43495.8516 32767.8359
   vertex 29452.3184 43472.7891 32635.4043
  endloop
 endfacet
facet normal -0.492174238 0.647610188 0.581691921
  outer loop
   vertex 29365.502 43348.1055 32700.7578
   vertex 29452.3184 43472.7891 32635.4043
   vertex 29381.5195 43415.8008 32638.9434
  endloop
 endfacet
facet normal -0.412606418 0.908789575 -0.0621084459
  outer loop
   vertex 29869.043 43739.7031 32943.5625
   vertex 29936.6465 43759.8711 32789.5742
   vertex 29779.3359 43689.75 32808.6094
  endloop
 endfacet
facet normal -0.604113281 0.780040622 -0.163045183
  outer loop
   vertex 29869.043 43739.7031 32943.5625
   vertex 30030.0254 43856.8086 32907.3555
   vertex 29936.6465 43759.8711 32789.5742
  endloop
 endfacet
facet normal -0.35765782 0.929043651 -0.0946509093
  outer loop
   vertex 29704.8828 43623.9102 32622.6758
   vertex 29684.1367 43628.3789 32744.9043
   vertex 29826.8438 43675.418 32667.3594
  endloop
 endfacet
facet normal -0.627601445 0.775455117 -0.0691793784
  outer loop
   vertex 29360.8203 43392.0234 32560.1621
   vertex 29381.5195 43415.8008 32638.9434
   vertex 29452.3184 43472.7891 32635.4043
  endloop
 endfacet
facet normal -0.624911547 0.777154386 -0.0742743239
  outer loop
   vertex 29473.002 43479.7031 32533.748
   vertex 29360.8203 43392.0234 32560.1621
   vertex 29452.3184 43472.7891 32635.4043
  endloop
 endfacet
facet normal -0.574908972 0.375320196 0.727058709
  outer loop
   vertex 29202.334 43134.4648 32740.9668
   vertex 29284.6074 42988.3711 32881.4375
   vertex 29370.7734 43216.7383 32831.6875
  endloop
 endfacet
facet normal -0.277880937 0.579881966 0.765845358
  outer loop
   vertex 29043.3633 42950.5859 32822.5156
   vertex 29284.6074 42988.3711 32881.4375
   vertex 29202.334 43134.4648 32740.9668
  endloop
 endfacet
facet normal -0.596444726 0.796110749 -0.102280885
  outer loop
   vertex 28477.2852 42700.8438 32475.9746
   vertex 28526.0703 42758.5234 32640.4492
   vertex 28585.8418 42782.8711 32481.4219
  endloop
 endfacet
facet normal -0.34066987 0.75851208 0.555520892
  outer loop
   vertex 28846.248 42892.5898 32780.8242
   vertex 28913.2227 42830.0508 32907.2891
   vertex 29043.3633 42950.5859 32822.5156
  endloop
 endfacet
facet normal -0.513352156 0.823600709 0.241146147
  outer loop
   vertex 28726.1875 42874.125 32588.3047
   vertex 28846.248 42892.5898 32780.8242
   vertex 28980.2363 43024.9336 32614.0586
  endloop
 endfacet
facet normal -0.509760857 0.86026901 -0.00900548138
  outer loop
   vertex 28726.1875 42874.125 32588.3047
   vertex 28980.2363 43024.9336 32614.0586
   vertex 28847.5938 42944.2539 32415.1641
  endloop
 endfacet
facet normal -0.393429607 0.905589759 0.158493936
  outer loop
   vertex 28726.1875 42874.125 32588.3047
   vertex 28668.0625 42812.7539 32794.6836
   vertex 28846.248 42892.5898 32780.8242
  endloop
 endfacet
facet normal -0.444743872 0.890460134 0.096351631
  outer loop
   vertex 28526.0703 42758.5234 32640.4492
   vertex 28510.7539 42727.0625 32860.5117
   vertex 28668.0625 42812.7539 32794.6836
  endloop
 endfacet
facet normal -0.0276859533 0.596500516 0.80213505
  outer loop
   vertex 29065.1816 42795.168 32938.4766
   vertex 28913.2227 42830.0508 32907.2891
   vertex 28842.8965 42671.8008 33022.543
  endloop
 endfacet
facet normal -0.612405121 0.301415175 0.73082757
  outer loop
   vertex 29757.2988 43467.9492 33071.3125
   vertex 29782.9668 43614.0938 33032.5469
   vertex 29709.5078 43541.7539 33000.8242
  endloop
 endfacet
facet normal -0.618068516 0.785393596 0.0338842683
  outer loop
   vertex 28229.9727 42570.3438 32679.9102
   vertex 28150.8848 42508.3438 32674.4629
   vertex 28136.7324 42490.9883 32818.5586
  endloop
 endfacet
facet normal -0.566017568 0.819630802 0.0884840935
  outer loop
   vertex 28335.6211 42632.8203 32777.0195
   vertex 28229.9727 42570.3438 32679.9102
   vertex 28136.7324 42490.9883 32818.5586
  endloop
 endfacet
facet normal -0.616694689 0.786461473 0.0341478139
  outer loop
   vertex 28117.9453 42481.4102 32699.832
   vertex 28136.7324 42490.9883 32818.5586
   vertex 28150.8848 42508.3438 32674.4629
  endloop
 endfacet
facet normal -0.951167762 0.280954987 0.127844363
  outer loop
   vertex 28117.9453 42481.4102 32699.832
   vertex 28085.8691 42407.1055 32624.4746
   vertex 28136.7324 42490.9883 32818.5586
  endloop
 endfacet
facet normal -0.382077754 0.880549371 -0.280445009
  outer loop
   vertex 28058.2012 42433.2617 32744.3027
   vertex 28136.7324 42490.9883 32818.5586
   vertex 28085.8691 42407.1055 32624.4746
  endloop
 endfacet
facet normal -0.138469547 -0.258177996 0.956122518
  outer loop
   vertex 30027.8945 43428.6016 33160.3086
   vertex 30057.9453 43584.0312 33206.6328
   vertex 29893.5332 43463.4883 33150.2695
  endloop
 endfacet
facet normal 0.216130301 -0.801249743 0.557930529
  outer loop
   vertex 29597.5625 42622.4375 32638.7305
   vertex 29669.2949 42722.7266 32754.9668
   vertex 29596.0898 42729.3594 32792.8516
  endloop
 endfacet
facet normal -0.743651271 0.616598427 0.258435935
  outer loop
   vertex 29365.502 43348.1055 32700.7578
   vertex 29217.8184 43239.1914 32535.6562
   vertex 29202.334 43134.4648 32740.9668
  endloop
 endfacet
facet normal -0.572590768 0.806241989 0.148706838
  outer loop
   vertex 29587.9863 43569.0469 32635.8926
   vertex 29520.0723 43530.5195 32583.2871
   vertex 29452.3184 43472.7891 32635.4043
  endloop
 endfacet
facet normal -0.583717346 0.692590833 0.423782974
  outer loop
   vertex 29202.334 43134.4648 32740.9668
   vertex 28980.2363 43024.9336 32614.0586
   vertex 29043.3633 42950.5859 32822.5156
  endloop
 endfacet
facet normal -0.648137391 0.742911518 0.167333052
  outer loop
   vertex 29684.1367 43628.3789 32744.9043
   vertex 29587.9863 43569.0469 32635.8926
   vertex 29538.1484 43495.8516 32767.8359
  endloop
 endfacet
facet normal -0.564061105 0.793822885 0.227332979
  outer loop
   vertex 29452.3184 43472.7891 32635.4043
   vertex 29538.1484 43495.8516 32767.8359
   vertex 29587.9863 43569.0469 32635.8926
  endloop
 endfacet
facet normal -0.683634579 0.50124979 0.530464292
  outer loop
   vertex 29370.7734 43216.7383 32831.6875
   vertex 29474.1465 43352.8477 32836.293
   vertex 29365.502 43348.1055 32700.7578
  endloop
 endfacet
facet normal -0.664306998 0.543146431 0.513505816
  outer loop
   vertex 29538.1484 43495.8516 32767.8359
   vertex 29365.502 43348.1055 32700.7578
   vertex 29474.1465 43352.8477 32836.293
  endloop
 endfacet
facet normal -0.641083956 0.74085623 0.200358182
  outer loop
   vertex 29684.1367 43628.3789 32744.9043
   vertex 29538.1484 43495.8516 32767.8359
   vertex 29690.7578 43594.5469 32891.1875
  endloop
 endfacet
facet normal -0.882978857 0.44699043 0.143345281
  outer loop
   vertex 29708.5645 43653.4922 32817.0664
   vertex 29684.1367 43628.3789 32744.9043
   vertex 29690.7578 43594.5469 32891.1875
  endloop
 endfacet
facet normal -0.603917062 0.781037331 -0.158949375
  outer loop
   vertex 30030.0254 43856.8086 32907.3555
   vertex 29869.043 43739.7031 32943.5625
   vertex 30007.709 43867.4609 33044.4844
  endloop
 endfacet
facet normal -0.662105203 0.731124163 -0.164542213
  outer loop
   vertex 30112.0938 43951.2617 32996.8086
   vertex 30030.0254 43856.8086 32907.3555
   vertex 30007.709 43867.4609 33044.4844
  endloop
 endfacet
facet normal -0.65233773 0.681705415 0.331260115
  outer loop
   vertex 29690.7578 43594.5469 32891.1875
   vertex 29782.9668 43614.0938 33032.5469
   vertex 29869.043 43739.7031 32943.5625
  endloop
 endfacet
facet normal -0.65092808 0.742548108 0.157844573
  outer loop
   vertex 29690.7578 43594.5469 32891.1875
   vertex 29869.043 43739.7031 32943.5625
   vertex 29779.3359 43689.75 32808.6094
  endloop
 endfacet
facet normal -0.695670962 0.538804352 0.475112408
  outer loop
   vertex 29538.1484 43495.8516 32767.8359
   vertex 29474.1465 43352.8477 32836.293
   vertex 29574.8008 43435.3477 32890.1133
  endloop
 endfacet
facet normal -0.704354048 0.596708894 0.384478718
  outer loop
   vertex 29911.6055 43707.3359 33116.9375
   vertex 30047.3379 43840.207 33159.3789
   vertex 30007.709 43867.4609 33044.4844
  endloop
 endfacet
facet normal -0.815273345 0.454814643 0.358431369
  outer loop
   vertex 29690.7578 43594.5469 32891.1875
   vertex 29650.498 43461.293 32968.7031
   vertex 29709.5078 43541.7539 33000.8242
  endloop
 endfacet
facet normal -0.714836299 0.517503798 0.470317841
  outer loop
   vertex 29574.8008 43435.3477 32890.1133
   vertex 29690.7578 43594.5469 32891.1875
   vertex 29538.1484 43495.8516 32767.8359
  endloop
 endfacet
facet normal -0.698741734 0.505539834 0.506151617
  outer loop
   vertex 29690.7578 43594.5469 32891.1875
   vertex 29574.8008 43435.3477 32890.1133
   vertex 29650.498 43461.293 32968.7031
  endloop
 endfacet
facet normal -0.474029601 0.354456931 0.806012511
  outer loop
   vertex 29568.3223 43239.0352 32938.0625
   vertex 29370.7734 43216.7383 32831.6875
   vertex 29284.6074 42988.3711 32881.4375
  endloop
 endfacet
facet normal 0.189854309 0.686611116 0.701798081
  outer loop
   vertex 28715.8164 42587.4844 33139.4141
   vertex 28842.8965 42671.8008 33022.543
   vertex 28634.6309 42665.7305 33084.8242
  endloop
 endfacet
facet normal 0.339750946 -0.349989861 0.872969866
  outer loop
   vertex 29596.0898 42729.3594 32792.8516
   vertex 29515.4297 42879.5547 32884.457
   vertex 29417.3867 42615.1953 32816.6289
  endloop
 endfacet
facet normal 0.0457995981 0.124655537 0.991142452
  outer loop
   vertex 29515.4297 42879.5547 32884.457
   vertex 29284.6074 42988.3711 32881.4375
   vertex 29253.6348 42696.7539 32919.5469
  endloop
 endfacet
facet normal -0.319890529 -0.265348881 0.909538388
  outer loop
   vertex 29568.3223 43239.0352 32938.0625
   vertex 29813.9648 43275.5703 33035.1172
   vertex 29757.2988 43467.9492 33071.3125
  endloop
 endfacet
facet normal -0.546486676 0.802039564 0.241007879
  outer loop
   vertex 28510.7539 42727.0625 32860.5117
   vertex 28335.6211 42632.8203 32777.0195
   vertex 28399.6836 42604.6172 33016.1328
  endloop
 endfacet
facet normal -0.529113173 0.808277369 0.258315533
  outer loop
   vertex 28547.1973 42706.7031 32998.8594
   vertex 28510.7539 42727.0625 32860.5117
   vertex 28399.6836 42604.6172 33016.1328
  endloop
 endfacet
facet normal -0.526247025 0.834850252 0.161521316
  outer loop
   vertex 28510.7539 42727.0625 32860.5117
   vertex 28422.4727 42700.0781 32712.3418
   vertex 28335.6211 42632.8203 32777.0195
  endloop
 endfacet
facet normal 0.490876198 -0.105692156 0.864794612
  outer loop
   vertex 29276.4551 42545.7422 32888.1367
   vertex 29417.3867 42615.1953 32816.6289
   vertex 29253.6348 42696.7539 32919.5469
  endloop
 endfacet
facet normal -0.508777559 0.792205691 0.336979955
  outer loop
   vertex 28547.1973 42706.7031 32998.8594
   vertex 28399.6836 42604.6172 33016.1328
   vertex 28529.4785 42664.7578 33070.7188
  endloop
 endfacet
facet normal -0.339065373 0.832728326 0.437719285
  outer loop
   vertex 28846.248 42892.5898 32780.8242
   vertex 28668.0625 42812.7539 32794.6836
   vertex 28781.1699 42801.4844 32903.7383
  endloop
 endfacet
facet normal -0.194386736 0.834477067 0.515617907
  outer loop
   vertex 28913.2227 42830.0508 32907.2891
   vertex 28846.248 42892.5898 32780.8242
   vertex 28781.1699 42801.4844 32903.7383
  endloop
 endfacet
facet normal -0.64670068 0.711428821 0.275040358
  outer loop
   vertex 28566.3984 42743.8594 32947.9023
   vertex 28510.7539 42727.0625 32860.5117
   vertex 28547.1973 42706.7031 32998.8594
  endloop
 endfacet
facet normal -0.246697515 0.903959572 0.349281251
  outer loop
   vertex 28668.0625 42812.7539 32794.6836
   vertex 28648.6758 42745.6016 32954.7812
   vertex 28781.1699 42801.4844 32903.7383
  endloop
 endfacet
facet normal -0.342438489 0.880485952 0.327841997
  outer loop
   vertex 28668.0625 42812.7539 32794.6836
   vertex 28510.7539 42727.0625 32860.5117
   vertex 28648.6758 42745.6016 32954.7812
  endloop
 endfacet
facet normal -0.0053215581 0.982632756 -0.185484543
  outer loop
   vertex 28510.7539 42727.0625 32860.5117
   vertex 28566.3984 42743.8594 32947.9023
   vertex 28648.6758 42745.6016 32954.7812
  endloop
 endfacet
facet normal 0.0559246615 0.263376981 0.963070631
  outer loop
   vertex 28454.0312 42361.9414 33299.9727
   vertex 28298.1309 42293.9336 33327.625
   vertex 28391.9844 42199.9883 33347.8672
  endloop
 endfacet
facet normal -0.0651416108 0.817834318 0.571754813
  outer loop
   vertex 28648.6758 42745.6016 32954.7812
   vertex 28566.3984 42743.8594 32947.9023
   vertex 28547.1973 42706.7031 32998.8594
  endloop
 endfacet
facet normal -0.0736437291 0.869087934 0.489144981
  outer loop
   vertex 28634.6309 42665.7305 33084.8242
   vertex 28547.1973 42706.7031 32998.8594
   vertex 28529.4785 42664.7578 33070.7188
  endloop
 endfacet
facet normal -0.585985959 0.78445518 -0.203102231
  outer loop
   vertex 27972.7148 42364.4609 32803.0859
   vertex 28034.7539 42427.0352 32865.7734
   vertex 28136.7324 42490.9883 32818.5586
  endloop
 endfacet
facet normal -0.612444639 0.789793253 0.0337370373
  outer loop
   vertex 27972.7148 42364.4609 32803.0859
   vertex 28136.7324 42490.9883 32818.5586
   vertex 28058.2012 42433.2617 32744.3027
  endloop
 endfacet
facet normal -0.426681787 0.86797303 0.254097432
  outer loop
   vertex 28136.7324 42490.9883 32818.5586
   vertex 28034.7539 42427.0352 32865.7734
   vertex 28012.8008 42385.043 32972.3477
  endloop
 endfacet
facet normal -0.644989371 0.764162481 0.00665842928
  outer loop
   vertex 28108.0684 42465.7031 32943.7578
   vertex 28136.7324 42490.9883 32818.5586
   vertex 28012.8008 42385.043 32972.3477
  endloop
 endfacet
facet normal -0.269004583 0.954172611 0.131115064
  outer loop
   vertex 28108.0684 42465.7031 32943.7578
   vertex 28187.875 42476.9727 33025.4922
   vertex 28136.7324 42490.9883 32818.5586
  endloop
 endfacet
facet normal -0.530463696 0.813589215 0.238077268
  outer loop
   vertex 28136.7324 42490.9883 32818.5586
   vertex 28399.6836 42604.6172 33016.1328
   vertex 28335.6211 42632.8203 32777.0195
  endloop
 endfacet
facet normal 0.678148031 -0.362225443 0.639459074
  outer loop
   vertex 28851.541 42259.6406 33054.9336
   vertex 28634.7637 42099.5664 33194.1523
   vertex 28759.2363 42063.4062 33041.6641
  endloop
 endfacet
facet normal -0.528989673 0.675797164 0.513291419
  outer loop
   vertex 28399.6836 42604.6172 33016.1328
   vertex 28534.5996 42620.2891 33134.543
   vertex 28529.4785 42664.7578 33070.7188
  endloop
 endfacet
facet normal 0.0500304326 0.257878333 0.964881182
  outer loop
   vertex 28298.1309 42293.9336 33327.625
   vertex 28217.8477 42142.5586 33372.2461
   vertex 28391.9844 42199.9883 33347.8672
  endloop
 endfacet
facet normal 0.363817573 -0.355802625 0.860837519
  outer loop
   vertex 29417.3867 42615.1953 32816.6289
   vertex 29515.4297 42879.5547 32884.457
   vertex 29253.6348 42696.7539 32919.5469
  endloop
 endfacet
facet normal -0.516236603 0.784413695 0.343794852
  outer loop
   vertex 28187.875 42476.9727 33025.4922
   vertex 28012.8008 42385.043 32972.3477
   vertex 28135.3555 42390.0234 33145.0117
  endloop
 endfacet
facet normal -0.518351793 0.754748046 0.402078122
  outer loop
   vertex 28187.875 42476.9727 33025.4922
   vertex 28108.0684 42465.7031 32943.7578
   vertex 28012.8008 42385.043 32972.3477
  endloop
 endfacet
facet normal -0.364656568 0.712498546 0.59947592
  outer loop
   vertex 28534.5996 42620.2891 33134.543
   vertex 28475.5918 42556.0117 33175.0469
   vertex 28544.0586 42570.3867 33199.6094
  endloop
 endfacet
facet normal -0.368927717 0.749040127 0.550301015
  outer loop
   vertex 28347.5293 42445.7695 33211.3789
   vertex 28135.3555 42390.0234 33145.0117
   vertex 28163.6016 42308.9883 33274.2461
  endloop
 endfacet
facet normal -0.354871869 0.823300958 0.442991465
  outer loop
   vertex 28347.5293 42445.7695 33211.3789
   vertex 28187.875 42476.9727 33025.4922
   vertex 28135.3555 42390.0234 33145.0117
  endloop
 endfacet
facet normal 0.0397483595 0.795643389 0.604459763
  outer loop
   vertex 28611.0996 42580.3906 33182.0312
   vertex 28534.5996 42620.2891 33134.543
   vertex 28544.0586 42570.3867 33199.6094
  endloop
 endfacet
facet normal -0.499374181 0.732546866 0.46260187
  outer loop
   vertex 28347.5293 42445.7695 33211.3789
   vertex 28475.5918 42556.0117 33175.0469
   vertex 28399.6836 42604.6172 33016.1328
  endloop
 endfacet
facet normal -0.467688441 0.51457268 0.71866715
  outer loop
   vertex 29874.4492 43595.2461 33173.0156
   vertex 29948.5762 43636.5586 33191.6719
   vertex 29911.6055 43707.3359 33116.9375
  endloop
 endfacet
facet normal -0.490113616 0.740094841 0.460487008
  outer loop
   vertex 28534.5996 42620.2891 33134.543
   vertex 28399.6836 42604.6172 33016.1328
   vertex 28475.5918 42556.0117 33175.0469
  endloop
 endfacet
facet normal -0.431659579 0.75270772 0.497092634
  outer loop
   vertex 28399.6836 42604.6172 33016.1328
   vertex 28187.875 42476.9727 33025.4922
   vertex 28347.5293 42445.7695 33211.3789
  endloop
 endfacet
facet normal -0.350464255 0.65796876 0.666522264
  outer loop
   vertex 28037.6328 42144.9062 33333.0039
   vertex 27970.4961 42263.9805 33180.1562
   vertex 27802.5625 42085.6211 33267.9297
  endloop
 endfacet
facet normal -0.139415786 0.630162537 0.76384449
  outer loop
   vertex 28347.5293 42445.7695 33211.3789
   vertex 28298.1309 42293.9336 33327.625
   vertex 28454.0312 42361.9414 33299.9727
  endloop
 endfacet
facet normal -0.451253057 0.310790271 0.836528599
  outer loop
   vertex 28347.5293 42445.7695 33211.3789
   vertex 28454.0312 42361.9414 33299.9727
   vertex 28452.7676 42439.3359 33270.5391
  endloop
 endfacet
facet normal -0.431620359 0.579048097 0.691669822
  outer loop
   vertex 28163.6016 42308.9883 33274.2461
   vertex 28037.6328 42144.9062 33333.0039
   vertex 28183.1543 42235.918 33347.625
  endloop
 endfacet
facet normal -0.221563354 0.637216926 0.738149226
  outer loop
   vertex 28163.6016 42308.9883 33274.2461
   vertex 28298.1309 42293.9336 33327.625
   vertex 28347.5293 42445.7695 33211.3789
  endloop
 endfacet
facet normal -0.432876557 0.718127728 0.544894934
  outer loop
   vertex 28163.6016 42308.9883 33274.2461
   vertex 28135.3555 42390.0234 33145.0117
   vertex 27970.4961 42263.9805 33180.1562
  endloop
 endfacet
facet normal -0.521559656 0.77914232 0.347725123
  outer loop
   vertex 28135.3555 42390.0234 33145.0117
   vertex 28012.8008 42385.043 32972.3477
   vertex 27970.4961 42263.9805 33180.1562
  endloop
 endfacet
facet normal -0.43404597 0.814062297 0.385884255
  outer loop
   vertex 27970.4961 42263.9805 33180.1562
   vertex 28012.8008 42385.043 32972.3477
   vertex 27886.1152 42276.2695 33059.3203
  endloop
 endfacet
facet normal -0.460501015 0.590778112 0.662510395
  outer loop
   vertex 27970.4961 42263.9805 33180.1562
   vertex 28037.6328 42144.9062 33333.0039
   vertex 28163.6016 42308.9883 33274.2461
  endloop
 endfacet
facet normal -0.335763574 0.941940963 0.00317165605
  outer loop
   vertex 30399.2812 44029.8789 33334.0586
   vertex 30307.0625 43997.1328 33296.0156
   vertex 30382.1035 44023.625 33372.0742
  endloop
 endfacet
facet normal -0.41539526 0.873014092 0.255525351
  outer loop
   vertex 30399.2812 44029.8789 33334.0586
   vertex 30395.3945 44053.9531 33245.4805
   vertex 30307.0625 43997.1328 33296.0156
  endloop
 endfacet
facet normal 0.110652834 0.89957273 -0.422522068
  outer loop
   vertex 30307.0625 43997.1328 33296.0156
   vertex 30337.7012 44025.3203 33364.0469
   vertex 30382.1035 44023.625 33372.0742
  endloop
 endfacet
facet normal 0.0331379548 0.266371429 0.963300645
  outer loop
   vertex 28217.8477 42142.5586 33372.2461
   vertex 28298.1309 42293.9336 33327.625
   vertex 28183.1543 42235.918 33347.625
  endloop
 endfacet
facet normal -0.20805572 0.515618861 0.831173897
  outer loop
   vertex 28347.5293 42445.7695 33211.3789
   vertex 28537.2324 42472.8867 33242.043
   vertex 28475.5918 42556.0117 33175.0469
  endloop
 endfacet
facet normal -0.196826443 0.873573005 0.445117414
  outer loop
   vertex 28452.7676 42439.3359 33270.5391
   vertex 28537.2324 42472.8867 33242.043
   vertex 28347.5293 42445.7695 33211.3789
  endloop
 endfacet
facet normal 0.531258762 0.277689129 0.800407946
  outer loop
   vertex 28671.75 42501.0117 33198.6602
   vertex 28791.9551 42476.9219 33127.2344
   vertex 28715.8164 42587.4844 33139.4141
  endloop
 endfacet
facet normal -0.382449955 0.391095877 0.837123692
  outer loop
   vertex 28537.2324 42472.8867 33242.043
   vertex 28544.0586 42570.3867 33199.6094
   vertex 28475.5918 42556.0117 33175.0469
  endloop
 endfacet
facet normal 0.180688784 0.381819785 0.906402349
  outer loop
   vertex 28537.2324 42472.8867 33242.043
   vertex 28611.0996 42580.3906 33182.0312
   vertex 28544.0586 42570.3867 33199.6094
  endloop
 endfacet
facet normal -0.0770152956 -0.135953635 0.987717211
  outer loop
   vertex 29284.6074 42988.3711 32881.4375
   vertex 29515.4297 42879.5547 32884.457
   vertex 29568.3223 43239.0352 32938.0625
  endloop
 endfacet
facet normal -0.689266324 0.157353014 0.707214236
  outer loop
   vertex 29568.3223 43239.0352 32938.0625
   vertex 29757.2988 43467.9492 33071.3125
   vertex 29650.498 43461.293 32968.7031
  endloop
 endfacet
facet normal 0.460907102 -0.762045443 0.454809159
  outer loop
   vertex 29886.666 42873.9844 32703.0176
   vertex 29963.3047 42990.5547 32820.668
   vertex 29758.2324 42863.9531 32816.3633
  endloop
 endfacet
facet normal 0.532503068 -0.646651208 0.546152651
  outer loop
   vertex 29758.2656 42758.3555 32691.3027
   vertex 29886.666 42873.9844 32703.0176
   vertex 29758.2324 42863.9531 32816.3633
  endloop
 endfacet
facet normal -0.132064462 -0.127158165 0.98305124
  outer loop
   vertex 29515.4297 42879.5547 32884.457
   vertex 29724.6387 43068.4492 32936.9961
   vertex 29568.3223 43239.0352 32938.0625
  endloop
 endfacet
facet normal 0.34464553 -0.548295498 0.761965513
  outer loop
   vertex 29596.0898 42729.3594 32792.8516
   vertex 29669.2949 42722.7266 32754.9668
   vertex 29758.2324 42863.9531 32816.3633
  endloop
 endfacet
facet normal 0.668485463 -0.568161488 0.479916304
  outer loop
   vertex 29702.1934 42728.2852 32733.8086
   vertex 29758.2656 42758.3555 32691.3027
   vertex 29758.2324 42863.9531 32816.3633
  endloop
 endfacet
facet normal -0.642424166 0.303279221 0.703784704
  outer loop
   vertex 30173.3809 43813.5117 33253.1172
   vertex 30307.0625 43997.1328 33296.0156
   vertex 30155.5078 43942.6875 33181.1367
  endloop
 endfacet
facet normal -0.67954284 0.672836721 0.292424858
  outer loop
   vertex 29869.043 43739.7031 32943.5625
   vertex 29782.9668 43614.0938 33032.5469
   vertex 29911.6055 43707.3359 33116.9375
  endloop
 endfacet
facet normal -0.698977172 0.540824592 0.467909873
  outer loop
   vertex 29820.8105 43586.418 33121.0625
   vertex 29911.6055 43707.3359 33116.9375
   vertex 29782.9668 43614.0938 33032.5469
  endloop
 endfacet
facet normal 0.31741038 0.420584738 0.849917114
  outer loop
   vertex 28611.0996 42580.3906 33182.0312
   vertex 28671.75 42501.0117 33198.6602
   vertex 28715.8164 42587.4844 33139.4141
  endloop
 endfacet
facet normal -0.737559676 0.183098137 0.649985254
  outer loop
   vertex 29574.8008 43435.3477 32890.1133
   vertex 29568.3223 43239.0352 32938.0625
   vertex 29650.498 43461.293 32968.7031
  endloop
 endfacet
facet normal -0.589278519 0.209998995 0.780161023
  outer loop
   vertex 29574.8008 43435.3477 32890.1133
   vertex 29474.1465 43352.8477 32836.293
   vertex 29568.3223 43239.0352 32938.0625
  endloop
 endfacet
facet normal -0.278473139 0.548926473 0.788119555
  outer loop
   vertex 29065.1816 42795.168 32938.4766
   vertex 29284.6074 42988.3711 32881.4375
   vertex 29043.3633 42950.5859 32822.5156
  endloop
 endfacet
facet normal -0.0281719454 0.595218897 0.803069592
  outer loop
   vertex 28913.2227 42830.0508 32907.2891
   vertex 29065.1816 42795.168 32938.4766
   vertex 29043.3633 42950.5859 32822.5156
  endloop
 endfacet
facet normal -0.155939236 0.625859082 0.764188051
  outer loop
   vertex 28842.8965 42671.8008 33022.543
   vertex 28913.2227 42830.0508 32907.2891
   vertex 28781.1699 42801.4844 32903.7383
  endloop
 endfacet
facet normal -0.333093852 0.775328934 0.536575735
  outer loop
   vertex 29708.5645 43653.4922 32817.0664
   vertex 29690.7578 43594.5469 32891.1875
   vertex 29779.3359 43689.75 32808.6094
  endloop
 endfacet
facet normal -0.682594538 0.222732127 0.696028113
  outer loop
   vertex 29650.498 43461.293 32968.7031
   vertex 29757.2988 43467.9492 33071.3125
   vertex 29709.5078 43541.7539 33000.8242
  endloop
 endfacet
facet normal -0.190057233 -0.486620277 0.852689266
  outer loop
   vertex 29893.5332 43463.4883 33150.2695
   vertex 29987.8262 43320.9219 33089.9258
   vertex 30027.8945 43428.6016 33160.3086
  endloop
 endfacet
facet normal -0.0845429599 0.814358234 0.574171662
  outer loop
   vertex 28529.4785 42664.7578 33070.7188
   vertex 28534.5996 42620.2891 33134.543
   vertex 28634.6309 42665.7305 33084.8242
  endloop
 endfacet
facet normal -0.0153295714 0.753241897 0.657564938
  outer loop
   vertex 28611.0996 42580.3906 33182.0312
   vertex 28634.6309 42665.7305 33084.8242
   vertex 28534.5996 42620.2891 33134.543
  endloop
 endfacet
facet normal 0.62063998 -0.703380346 0.346499741
  outer loop
   vertex 30519.2363 44010.8945 33246.9336
   vertex 30522.7168 44033.2852 33286.1523
   vertex 30463.168 44003.3711 33332.0898
  endloop
 endfacet
facet normal 0.834163368 0.0213522855 0.55110395
  outer loop
   vertex 30519.2363 44010.8945 33246.9336
   vertex 30463.168 44003.3711 33332.0898
   vertex 30503.7695 43909.7344 33274.2617
  endloop
 endfacet
facet normal 0.224287167 0.248241484 0.942375422
  outer loop
   vertex 29253.6348 42696.7539 32919.5469
   vertex 29065.1816 42795.168 32938.4766
   vertex 29056.7793 42619.1484 32986.8438
  endloop
 endfacet
facet normal 0.156829298 0.111577705 0.981302679
  outer loop
   vertex 29253.6348 42696.7539 32919.5469
   vertex 29284.6074 42988.3711 32881.4375
   vertex 29065.1816 42795.168 32938.4766
  endloop
 endfacet
facet normal 0.218747154 0.248821586 0.943524003
  outer loop
   vertex 29056.7793 42619.1484 32986.8438
   vertex 29065.1816 42795.168 32938.4766
   vertex 28842.8965 42671.8008 33022.543
  endloop
 endfacet
facet normal 0.539829314 0.284490734 0.792243242
  outer loop
   vertex 28791.9551 42476.9219 33127.2344
   vertex 28842.8965 42671.8008 33022.543
   vertex 28715.8164 42587.4844 33139.4141
  endloop
 endfacet
facet normal 0.472612232 0.317992896 0.821899116
  outer loop
   vertex 28791.9551 42476.9219 33127.2344
   vertex 28959.1387 42471.5078 33033.1953
   vertex 28842.8965 42671.8008 33022.543
  endloop
 endfacet
facet normal 0.210037827 -0.470935881 0.85679841
  outer loop
   vertex 29758.2324 42863.9531 32816.3633
   vertex 29724.6387 43068.4492 32936.9961
   vertex 29515.4297 42879.5547 32884.457
  endloop
 endfacet
facet normal 0.226191983 0.704216897 0.672990203
  outer loop
   vertex 28715.8164 42587.4844 33139.4141
   vertex 28634.6309 42665.7305 33084.8242
   vertex 28611.0996 42580.3906 33182.0312
  endloop
 endfacet
facet normal -0.475845367 0.333854079 0.81370306
  outer loop
   vertex 29474.1465 43352.8477 32836.293
   vertex 29370.7734 43216.7383 32831.6875
   vertex 29568.3223 43239.0352 32938.0625
  endloop
 endfacet
facet normal -0.313368857 -0.292798668 0.903365314
  outer loop
   vertex 29724.6387 43068.4492 32936.9961
   vertex 29813.9648 43275.5703 33035.1172
   vertex 29568.3223 43239.0352 32938.0625
  endloop
 endfacet
facet normal -0.000702223915 0.675321937 0.737522721
  outer loop
   vertex 28842.8965 42671.8008 33022.543
   vertex 28781.1699 42801.4844 32903.7383
   vertex 28648.6758 42745.6016 32954.7812
  endloop
 endfacet
facet normal 0.133802354 0.837935269 0.52911377
  outer loop
   vertex 28648.6758 42745.6016 32954.7812
   vertex 28634.6309 42665.7305 33084.8242
   vertex 28842.8965 42671.8008 33022.543
  endloop
 endfacet
facet normal -0.485982597 -0.297743231 0.821687222
  outer loop
   vertex 29813.9648 43275.5703 33035.1172
   vertex 29893.5332 43463.4883 33150.2695
   vertex 29757.2988 43467.9492 33071.3125
  endloop
 endfacet
facet normal -0.306449115 -0.820597172 0.482399404
  outer loop
   vertex 29817.7949 43485.7422 33140.0117
   vertex 29757.2988 43467.9492 33071.3125
   vertex 29893.5332 43463.4883 33150.2695
  endloop
 endfacet
facet normal -0.75462538 0.586255372 0.29469502
  outer loop
   vertex 30007.709 43867.4609 33044.4844
   vertex 29869.043 43739.7031 32943.5625
   vertex 29911.6055 43707.3359 33116.9375
  endloop
 endfacet
facet normal -0.791186154 0.178495631 0.584947705
  outer loop
   vertex 29820.8105 43586.418 33121.0625
   vertex 29757.2988 43467.9492 33071.3125
   vertex 29830.2793 43524.0742 33152.8984
  endloop
 endfacet
facet normal -0.852472186 0.268675864 0.448446721
  outer loop
   vertex 29820.8105 43586.418 33121.0625
   vertex 29782.9668 43614.0938 33032.5469
   vertex 29757.2988 43467.9492 33071.3125
  endloop
 endfacet
facet normal -0.418797344 -0.47091338 0.776433766
  outer loop
   vertex 29893.5332 43463.4883 33150.2695
   vertex 29871.0742 43537.0625 33182.7812
   vertex 29830.2793 43524.0742 33152.8984
  endloop
 endfacet
facet normal -0.202277005 -0.252214104 0.946293831
  outer loop
   vertex 29817.7949 43485.7422 33140.0117
   vertex 29893.5332 43463.4883 33150.2695
   vertex 29830.2793 43524.0742 33152.8984
  endloop
 endfacet
facet normal -0.677579999 0.611903667 -0.407994121
  outer loop
   vertex 30112.0938 43951.2617 32996.8086
   vertex 30007.709 43867.4609 33044.4844
   vertex 30072.7363 43950.2148 33060.6016
  endloop
 endfacet
facet normal -0.688251138 0.352991641 0.633803785
  outer loop
   vertex 30173.3809 43813.5117 33253.1172
   vertex 30295.2988 43902.8477 33335.7539
   vertex 30307.0625 43997.1328 33296.0156
  endloop
 endfacet
facet normal -0.69545269 0.24016498 0.677249074
  outer loop
   vertex 29830.2793 43524.0742 33152.8984
   vertex 29874.4492 43595.2461 33173.0156
   vertex 29820.8105 43586.418 33121.0625
  endloop
 endfacet
facet normal -0.323530942 0.174836054 0.929924786
  outer loop
   vertex 29871.0742 43537.0625 33182.7812
   vertex 29921.6133 43563.3633 33195.418
   vertex 29874.4492 43595.2461 33173.0156
  endloop
 endfacet
facet normal -0.616481543 0.164967403 0.769893706
  outer loop
   vertex 29830.2793 43524.0742 33152.8984
   vertex 29871.0742 43537.0625 33182.7812
   vertex 29874.4492 43595.2461 33173.0156
  endloop
 endfacet
facet normal -0.642776906 0.502392471 0.578307569
  outer loop
   vertex 29911.6055 43707.3359 33116.9375
   vertex 29820.8105 43586.418 33121.0625
   vertex 29874.4492 43595.2461 33173.0156
  endloop
 endfacet
facet normal -0.380593896 0.882479608 0.276365817
  outer loop
   vertex 30241.5586 44017.8242 33139.7305
   vertex 30307.0625 43997.1328 33296.0156
   vertex 30347.0781 44054.5547 33167.7695
  endloop
 endfacet
facet normal -0.131880432 0.68612808 0.715426981
  outer loop
   vertex 30421.7422 44026.3555 33376.7617
   vertex 30382.1035 44023.625 33372.0742
   vertex 30416.8086 44020.6172 33381.3555
  endloop
 endfacet
facet normal -0.224071845 0.288155377 0.930998564
  outer loop
   vertex 30416.8086 44020.6172 33381.3555
   vertex 30382.1035 44023.625 33372.0742
   vertex 30397.9375 43992.3047 33385.5781
  endloop
 endfacet
facet normal -0.517383635 0.797020555 0.311564505
  outer loop
   vertex 30073.7129 43931.2461 33110.7422
   vertex 30137.4512 43981.7617 33087.3633
   vertex 30072.7363 43950.2148 33060.6016
  endloop
 endfacet
facet normal -0.287651956 0.953943491 -0.0851359889
  outer loop
   vertex 30241.5586 44017.8242 33139.7305
   vertex 30214 43999.9219 33032.2305
   vertex 30137.4512 43981.7617 33087.3633
  endloop
 endfacet
facet normal -0.502162576 0.371350795 0.780981004
  outer loop
   vertex 30173.3809 43813.5117 33253.1172
   vertex 30047.3379 43840.207 33159.3789
   vertex 30019.5781 43720.6406 33198.3828
  endloop
 endfacet
facet normal -0.822545111 0.304939687 0.480032623
  outer loop
   vertex 30307.0625 43997.1328 33296.0156
   vertex 30295.2988 43902.8477 33335.7539
   vertex 30347.291 43974.332 33379.4336
  endloop
 endfacet
facet normal -0.50416398 0.366090775 0.782174051
  outer loop
   vertex 30047.3379 43840.207 33159.3789
   vertex 30173.3809 43813.5117 33253.1172
   vertex 30155.5078 43942.6875 33181.1367
  endloop
 endfacet
facet normal -0.602585316 0.504805923 0.618111551
  outer loop
   vertex 30047.3379 43840.207 33159.3789
   vertex 30155.5078 43942.6875 33181.1367
   vertex 30073.7129 43931.2461 33110.7422
  endloop
 endfacet
facet normal 0.142216429 0.849123716 0.508687913
  outer loop
   vertex 30522.7168 44033.2852 33286.1523
   vertex 30536.082 44039.1523 33272.6211
   vertex 30516.1152 44037.8047 33280.4492
  endloop
 endfacet
facet normal 0.633017898 -0.316550225 0.706458986
  outer loop
   vertex 30463.168 44003.3711 33332.0898
   vertex 30416.8086 44020.6172 33381.3555
   vertex 30397.9375 43992.3047 33385.5781
  endloop
 endfacet
facet normal -0.0784443915 0.794947207 0.601585746
  outer loop
   vertex 30337.7012 44025.3203 33364.0469
   vertex 30343.4023 44017.582 33375.0117
   vertex 30382.1035 44023.625 33372.0742
  endloop
 endfacet
facet normal -0.725534439 -0.546874702 -0.41776529
  outer loop
   vertex 30399.2812 44029.8789 33334.0586
   vertex 30397.9375 43992.3047 33385.5781
   vertex 30382.1035 44023.625 33372.0742
  endloop
 endfacet
facet normal 0.62488395 -0.764852762 0.156589687
  outer loop
   vertex 30370.4238 44016.7422 33385.0664
   vertex 30399.2812 44029.8789 33334.0586
   vertex 30382.1035 44023.625 33372.0742
  endloop
 endfacet
facet normal 0.572754323 0.65511483 0.492724091
  outer loop
   vertex 30370.4238 44016.7422 33385.0664
   vertex 30397.9375 43992.3047 33385.5781
   vertex 30399.2812 44029.8789 33334.0586
  endloop
 endfacet
facet normal -0.0913333073 -0.0820177868 0.992437065
  outer loop
   vertex 30370.4238 44016.7422 33385.0664
   vertex 30347.291 43974.332 33379.4336
   vertex 30397.9375 43992.3047 33385.5781
  endloop
 endfacet
facet normal -0.346268147 0.0645343289 0.935913265
  outer loop
   vertex 30370.4238 44016.7422 33385.0664
   vertex 30343.4023 44017.582 33375.0117
   vertex 30347.291 43974.332 33379.4336
  endloop
 endfacet
facet normal 0.471009076 0.162234768 0.867081523
  outer loop
   vertex 30519.2363 44010.8945 33246.9336
   vertex 30503.7695 43909.7344 33274.2617
   vertex 30535.0879 43958.25 33248.1719
  endloop
 endfacet
facet normal -0.00634689629 0.886798441 -0.462112814
  outer loop
   vertex 30463.168 44003.3711 33332.0898
   vertex 30382.1035 44023.625 33372.0742
   vertex 30421.7422 44026.3555 33376.7617
  endloop
 endfacet
facet normal 0.265164226 -0.190531462 0.945190847
  outer loop
   vertex 30490.3066 43912.9492 33335.8438
   vertex 30479.2969 43863.7695 33329.0195
   vertex 30507.2402 43880.8125 33324.6172
  endloop
 endfacet
facet normal 0.344228387 0.141858563 0.928107202
  outer loop
   vertex 30434.7363 43913.043 33356.4414
   vertex 30490.3066 43912.9492 33335.8438
   vertex 30463.168 44003.3711 33332.0898
  endloop
 endfacet
facet normal 0.633105755 0.00938838813 0.774008393
  outer loop
   vertex 30434.7363 43913.043 33356.4414
   vertex 30463.168 44003.3711 33332.0898
   vertex 30397.9375 43992.3047 33385.5781
  endloop
 endfacet
facet normal 0.372288525 0.874118388 0.31195879
  outer loop
   vertex 30463.168 44003.3711 33332.0898
   vertex 30399.2812 44029.8789 33334.0586
   vertex 30382.1035 44023.625 33372.0742
  endloop
 endfacet
facet normal 0.716488183 -0.0595688522 0.695051253
  outer loop
   vertex 30463.168 44003.3711 33332.0898
   vertex 30421.7422 44026.3555 33376.7617
   vertex 30416.8086 44020.6172 33381.3555
  endloop
 endfacet
facet normal 0.289646715 -0.507962704 0.811220467
  outer loop
   vertex 30193.1582 43534.7578 33191.3203
   vertex 30122.5645 43438.5273 33156.2695
   vertex 30214.7754 43449.0664 33129.9453
  endloop
 endfacet
facet normal 0.403014362 -0.463534892 0.78912282
  outer loop
   vertex 30193.1582 43534.7578 33191.3203
   vertex 30214.7754 43449.0664 33129.9453
   vertex 30299.8184 43563.668 33153.832
  endloop
 endfacet
facet normal 0.883989394 -0.376481265 -0.277172416
  outer loop
   vertex 30503.7695 43909.7344 33274.2617
   vertex 30507.2402 43880.8125 33324.6172
   vertex 30490.332 43853.6953 33307.5195
  endloop
 endfacet
facet normal 0.934057355 -0.2929914 -0.204188496
  outer loop
   vertex 30309.6055 43501.1875 32894.0156
   vertex 30407.6699 43732.9219 33010.0859
   vertex 30409.0801 43687.4961 33081.7188
  endloop
 endfacet
facet normal 0.8921808 -0.450975657 -0.02518625
  outer loop
   vertex 30366.4062 43602.4531 33092.8516
   vertex 30309.6055 43501.1875 32894.0156
   vertex 30409.0801 43687.4961 33081.7188
  endloop
 endfacet
facet normal 0.737735927 -0.46650964 -0.487969697
  outer loop
   vertex 30406.7012 43780.1797 33251.3633
   vertex 30503.7695 43909.7344 33274.2617
   vertex 30490.332 43853.6953 33307.5195
  endloop
 endfacet
facet normal 0.788311303 -0.607682765 0.0963685438
  outer loop
   vertex 30406.7012 43780.1797 33251.3633
   vertex 30468.2461 43843.3789 33146.4258
   vertex 30503.7695 43909.7344 33274.2617
  endloop
 endfacet
facet normal 0.927665234 0.15344283 -0.340429842
  outer loop
   vertex 30519.2363 44010.8945 33246.9336
   vertex 30490.5586 43965.1562 33148.1758
   vertex 30487.2598 44044.6758 33175.0234
  endloop
 endfacet
facet normal 0.908467472 -0.0277812444 -0.417031199
  outer loop
   vertex 30509.1738 44049.1055 33222.4688
   vertex 30519.2363 44010.8945 33246.9336
   vertex 30487.2598 44044.6758 33175.0234
  endloop
 endfacet
facet normal 0.642621875 -0.68854177 0.336076409
  outer loop
   vertex 30522.7168 44033.2852 33286.1523
   vertex 30519.2363 44010.8945 33246.9336
   vertex 30536.082 44039.1523 33272.6211
  endloop
 endfacet
facet normal 0.915127516 -0.0042714607 -0.403141826
  outer loop
   vertex 30407.6699 43732.9219 33010.0859
   vertex 30420.5957 43882.4766 33037.8438
   vertex 30468.2461 43843.3789 33146.4258
  endloop
 endfacet
facet normal -0.365231603 -0.31277588 0.876799345
  outer loop
   vertex 30295.2988 43902.8477 33335.7539
   vertex 30297.9883 43813.1484 33304.875
   vertex 30365.7422 43897.4805 33363.1797
  endloop
 endfacet
facet normal 0.0467120074 0.808298588 0.586916864
  outer loop
   vertex 30463.168 44003.3711 33332.0898
   vertex 30522.7168 44033.2852 33286.1523
   vertex 30516.1152 44037.8047 33280.4492
  endloop
 endfacet
facet normal -0.102551512 0.872918904 0.476965189
  outer loop
   vertex 30474.6504 44048.9023 33251.2266
   vertex 30463.168 44003.3711 33332.0898
   vertex 30516.1152 44037.8047 33280.4492
  endloop
 endfacet
facet normal 0.345534384 0.795864224 0.497198254
  outer loop
   vertex 30474.6504 44048.9023 33251.2266
   vertex 30399.2812 44029.8789 33334.0586
   vertex 30463.168 44003.3711 33332.0898
  endloop
 endfacet
facet normal 0.0518427715 0.986923575 0.152624503
  outer loop
   vertex 30395.3945 44053.9531 33245.4805
   vertex 30474.6504 44048.9023 33251.2266
   vertex 30434.1445 44064.8281 33161.9961
  endloop
 endfacet
facet normal 0.301854461 0.930281937 0.208469212
  outer loop
   vertex 30434.1445 44064.8281 33161.9961
   vertex 30487.2598 44044.6758 33175.0234
   vertex 30463.7754 44061.4727 33134.0742
  endloop
 endfacet
facet normal 0.772352517 0.231747746 -0.591408968
  outer loop
   vertex 30490.5586 43965.1562 33148.1758
   vertex 30428.5059 44020.2539 33088.7266
   vertex 30487.2598 44044.6758 33175.0234
  endloop
 endfacet
facet normal 0.836316109 -0.129448235 -0.532746196
  outer loop
   vertex 30428.5059 44020.2539 33088.7266
   vertex 30463.7754 44061.4727 33134.0742
   vertex 30487.2598 44044.6758 33175.0234
  endloop
 endfacet
facet normal -0.283369869 0.955259919 -0.0847347081
  outer loop
   vertex 30310.2402 44034.8672 33069.0312
   vertex 30347.0781 44054.5547 33167.7695
   vertex 30383.373 44059.2969 33099.8789
  endloop
 endfacet
facet normal -0.314126283 0.946247995 -0.0770676211
  outer loop
   vertex 30241.5586 44017.8242 33139.7305
   vertex 30310.2402 44034.8672 33069.0312
   vertex 30214 43999.9219 33032.2305
  endloop
 endfacet
facet normal 0.504802585 0.719682693 -0.476687729
  outer loop
   vertex 30434.1445 44064.8281 33161.9961
   vertex 30428.5059 44020.2539 33088.7266
   vertex 30383.373 44059.2969 33099.8789
  endloop
 endfacet
facet normal -0.348406643 0.812458396 -0.467465699
  outer loop
   vertex 30463.7754 44061.4727 33134.0742
   vertex 30428.5059 44020.2539 33088.7266
   vertex 30434.1445 44064.8281 33161.9961
  endloop
 endfacet
facet normal 0.472167015 0.699152291 -0.53688401
  outer loop
   vertex 30428.5059 44020.2539 33088.7266
   vertex 30362.5508 44032.0234 33046.0469
   vertex 30383.373 44059.2969 33099.8789
  endloop
 endfacet
facet normal -0.129958332 0.903823912 -0.407692432
  outer loop
   vertex 30310.2402 44034.8672 33069.0312
   vertex 30383.373 44059.2969 33099.8789
   vertex 30362.5508 44032.0234 33046.0469
  endloop
 endfacet
facet normal 0.0490453579 -0.444797635 0.894287229
  outer loop
   vertex 29724.6387 43068.4492 32936.9961
   vertex 29965.0605 43117.0117 32947.9688
   vertex 29813.9648 43275.5703 33035.1172
  endloop
 endfacet
facet normal -0.466611564 0.780931652 0.415234149
  outer loop
   vertex 30073.7129 43931.2461 33110.7422
   vertex 30155.5078 43942.6875 33181.1367
   vertex 30137.4512 43981.7617 33087.3633
  endloop
 endfacet
facet normal -0.358532041 0.910450697 -0.206238329
  outer loop
   vertex 30072.7363 43950.2148 33060.6016
   vertex 30137.4512 43981.7617 33087.3633
   vertex 30112.0938 43951.2617 32996.8086
  endloop
 endfacet
facet normal 0.391181618 -0.655606687 0.645876765
  outer loop
   vertex 29963.3047 42990.5547 32820.668
   vertex 29965.0605 43117.0117 32947.9688
   vertex 29758.2324 42863.9531 32816.3633
  endloop
 endfacet
facet normal 0.0614985116 -0.499619871 0.864058971
  outer loop
   vertex 29758.2324 42863.9531 32816.3633
   vertex 29965.0605 43117.0117 32947.9688
   vertex 29724.6387 43068.4492 32936.9961
  endloop
 endfacet
facet normal -0.366514325 -0.883205473 0.29260096
  outer loop
   vertex 30024.9961 43083.8906 32923.0586
   vertex 29965.0605 43117.0117 32947.9688
   vertex 30029.5371 43069.8867 32886.4883
  endloop
 endfacet
facet normal 0.695052147 -0.562275708 0.448049664
  outer loop
   vertex 30299.8184 43563.668 33153.832
   vertex 30270.4512 43442.1367 33046.8711
   vertex 30327.9219 43517.9766 33052.8906
  endloop
 endfacet
facet normal 0.932780445 -0.34455958 0.105826817
  outer loop
   vertex 30249.8496 43361.6445 32966.3828
   vertex 30309.6055 43501.1875 32894.0156
   vertex 30270.4512 43442.1367 33046.8711
  endloop
 endfacet
facet normal 0.215459198 -0.633322835 0.743289649
  outer loop
   vertex 30434.7363 43913.043 33356.4414
   vertex 30365.7422 43897.4805 33363.1797
   vertex 30406.7012 43780.1797 33251.3633
  endloop
 endfacet
facet normal -0.166039541 -0.589922726 0.79020381
  outer loop
   vertex 30434.7363 43913.043 33356.4414
   vertex 30406.7012 43780.1797 33251.3633
   vertex 30479.2969 43863.7695 33329.0195
  endloop
 endfacet
facet normal 0.919341683 -0.388055682 -0.0649898797
  outer loop
   vertex 30309.6055 43501.1875 32894.0156
   vertex 30366.4062 43602.4531 33092.8516
   vertex 30327.9219 43517.9766 33052.8906
  endloop
 endfacet
facet normal 0.797757924 -0.60231179 -0.0283337478
  outer loop
   vertex 30309.6055 43501.1875 32894.0156
   vertex 30327.9219 43517.9766 33052.8906
   vertex 30270.4512 43442.1367 33046.8711
  endloop
 endfacet
facet normal 0.759306073 -0.603640437 0.243048251
  outer loop
   vertex 30099.7988 43169.2422 32929.7734
   vertex 30052.5996 43099.7695 32904.6836
   vertex 30096.4258 43111.75 32797.5156
  endloop
 endfacet
facet normal 0.667390645 -0.689038575 0.282516479
  outer loop
   vertex 30099.7988 43169.2422 32929.7734
   vertex 30096.4258 43111.75 32797.5156
   vertex 30192.7168 43254.8438 32919.043
  endloop
 endfacet
facet normal 0.706272066 -0.675017238 0.213381156
  outer loop
   vertex 30029.5371 43069.8867 32886.4883
   vertex 30096.4258 43111.75 32797.5156
   vertex 30052.5996 43099.7695 32904.6836
  endloop
 endfacet
facet normal 0.629901588 -0.696017206 0.344650626
  outer loop
   vertex 30024.9961 43083.8906 32923.0586
   vertex 30029.5371 43069.8867 32886.4883
   vertex 30052.5996 43099.7695 32904.6836
  endloop
 endfacet
facet normal 0.493038625 -0.662740648 0.563637972
  outer loop
   vertex 30507.2402 43880.8125 33324.6172
   vertex 30479.2969 43863.7695 33329.0195
   vertex 30490.332 43853.6953 33307.5195
  endloop
 endfacet
facet normal 0.71563971 -0.548234522 0.432780206
  outer loop
   vertex 30406.7012 43780.1797 33251.3633
   vertex 30299.8184 43563.668 33153.832
   vertex 30366.4062 43602.4531 33092.8516
  endloop
 endfacet
facet normal 0.650898695 -0.584083319 0.484951019
  outer loop
   vertex 30270.4512 43442.1367 33046.8711
   vertex 30299.8184 43563.668 33153.832
   vertex 30214.7754 43449.0664 33129.9453
  endloop
 endfacet
facet normal 0.882775784 -0.155380547 -0.443355113
  outer loop
   vertex 30420.5957 43882.4766 33037.8438
   vertex 30490.5586 43965.1562 33148.1758
   vertex 30468.2461 43843.3789 33146.4258
  endloop
 endfacet
facet normal 0.941169024 -0.276703835 -0.193999678
  outer loop
   vertex 30407.6699 43732.9219 33010.0859
   vertex 30468.2461 43843.3789 33146.4258
   vertex 30409.0801 43687.4961 33081.7188
  endloop
 endfacet
facet normal 0.718189955 -0.536688387 0.44290939
  outer loop
   vertex 30327.9219 43517.9766 33052.8906
   vertex 30366.4062 43602.4531 33092.8516
   vertex 30299.8184 43563.668 33153.832
  endloop
 endfacet
facet normal 0.827260733 -0.559774756 -0.047873538
  outer loop
   vertex 30521.6875 43941.3633 33214.0391
   vertex 30535.0879 43958.25 33248.1719
   vertex 30503.7695 43909.7344 33274.2617
  endloop
 endfacet
facet normal 0.875820398 -0.482584685 0.0071144877
  outer loop
   vertex 30521.6875 43941.3633 33214.0391
   vertex 30503.7695 43909.7344 33274.2617
   vertex 30468.2461 43843.3789 33146.4258
  endloop
 endfacet
facet normal 0.854391873 0.246517032 -0.457431853
  outer loop
   vertex 30521.6875 43941.3633 33214.0391
   vertex 30519.2363 44010.8945 33246.9336
   vertex 30535.0879 43958.25 33248.1719
  endloop
 endfacet
facet normal 0.871011198 -0.152887285 -0.466867149
  outer loop
   vertex 30490.5586 43965.1562 33148.1758
   vertex 30521.6875 43941.3633 33214.0391
   vertex 30468.2461 43843.3789 33146.4258
  endloop
 endfacet
facet normal -0.151037425 -0.526529968 0.836632431
  outer loop
   vertex 30394.3945 43941.125 33395.8203
   vertex 30374.9453 43954.5508 33400.7578
   vertex 30365.7422 43897.4805 33363.1797
  endloop
 endfacet
facet normal 0.220747501 -0.672918737 0.70601058
  outer loop
   vertex 30434.7363 43913.043 33356.4414
   vertex 30394.3945 43941.125 33395.8203
   vertex 30365.7422 43897.4805 33363.1797
  endloop
 endfacet
facet normal 0.91169095 0.201526999 -0.358059257
  outer loop
   vertex 30519.2363 44010.8945 33246.9336
   vertex 30521.6875 43941.3633 33214.0391
   vertex 30490.5586 43965.1562 33148.1758
  endloop
 endfacet
facet normal 0.880444348 -0.410793692 0.236783236
  outer loop
   vertex 30366.4062 43602.4531 33092.8516
   vertex 30409.0801 43687.4961 33081.7188
   vertex 30406.7012 43780.1797 33251.3633
  endloop
 endfacet
facet normal 0.725999236 0.0862433389 0.682266176
  outer loop
   vertex 30434.7363 43913.043 33356.4414
   vertex 30397.9375 43992.3047 33385.5781
   vertex 30394.3945 43941.125 33395.8203
  endloop
 endfacet
facet normal 0.327315181 -0.77990514 0.533491135
  outer loop
   vertex 30490.332 43853.6953 33307.5195
   vertex 30479.2969 43863.7695 33329.0195
   vertex 30406.7012 43780.1797 33251.3633
  endloop
 endfacet
facet normal 0.400142461 -0.419924259 0.814585567
  outer loop
   vertex 30299.8184 43563.668 33153.832
   vertex 30241.9062 43677.2539 33240.832
   vertex 30193.1582 43534.7578 33191.3203
  endloop
 endfacet
facet normal 0.345872879 0.161008313 0.924363732
  outer loop
   vertex 30397.9375 43992.3047 33385.5781
   vertex 30374.9453 43954.5508 33400.7578
   vertex 30394.3945 43941.125 33395.8203
  endloop
 endfacet
facet normal -0.276655644 0.498749703 0.821407557
  outer loop
   vertex 30397.9375 43992.3047 33385.5781
   vertex 30347.291 43974.332 33379.4336
   vertex 30374.9453 43954.5508 33400.7578
  endloop
 endfacet
facet normal -0.708690464 -0.304713547 0.636323452
  outer loop
   vertex 30374.9453 43954.5508 33400.7578
   vertex 30347.291 43974.332 33379.4336
   vertex 30365.7422 43897.4805 33363.1797
  endloop
 endfacet
facet normal -0.36693272 -0.275961339 0.88837254
  outer loop
   vertex 30347.291 43974.332 33379.4336
   vertex 30295.2988 43902.8477 33335.7539
   vertex 30365.7422 43897.4805 33363.1797
  endloop
 endfacet
facet normal -0.0145064602 -0.33279407 0.942887962
  outer loop
   vertex 30193.1582 43534.7578 33191.3203
   vertex 30057.9453 43584.0312 33206.6328
   vertex 30122.5645 43438.5273 33156.2695
  endloop
 endfacet
facet normal 0.259682804 -0.50028348 0.826003194
  outer loop
   vertex 30299.8184 43563.668 33153.832
   vertex 30406.7012 43780.1797 33251.3633
   vertex 30241.9062 43677.2539 33240.832
  endloop
 endfacet
facet normal 0.282994479 0.170687139 0.943811417
  outer loop
   vertex 28454.0312 42361.9414 33299.9727
   vertex 28391.9844 42199.9883 33347.8672
   vertex 28541.1836 42250.6523 33293.9688
  endloop
 endfacet
facet normal 0.279319704 -0.626652181 0.727521539
  outer loop
   vertex 30122.5645 43438.5273 33156.2695
   vertex 30139.4902 43315.3906 33043.707
   vertex 30214.7754 43449.0664 33129.9453
  endloop
 endfacet
facet normal 0.42438969 -0.578461647 0.696617186
  outer loop
   vertex 30122.5645 43438.5273 33156.2695
   vertex 30074.1172 43367.0195 33126.4062
   vertex 30139.4902 43315.3906 33043.707
  endloop
 endfacet
facet normal 0.602449536 -0.586039364 0.541860163
  outer loop
   vertex 30099.7988 43169.2422 32929.7734
   vertex 30192.7168 43254.8438 32919.043
   vertex 30139.4902 43315.3906 33043.707
  endloop
 endfacet
facet normal 0.618078053 -0.570406318 0.540940046
  outer loop
   vertex 30249.8496 43361.6445 32966.3828
   vertex 30139.4902 43315.3906 33043.707
   vertex 30192.7168 43254.8438 32919.043
  endloop
 endfacet
facet normal -0.365120113 -0.312787145 0.876841784
  outer loop
   vertex 30295.2988 43902.8477 33335.7539
   vertex 30173.3809 43813.5117 33253.1172
   vertex 30297.9883 43813.1484 33304.875
  endloop
 endfacet
facet normal 0.168628082 -0.648627281 0.742190838
  outer loop
   vertex 30365.7422 43897.4805 33363.1797
   vertex 30297.9883 43813.1484 33304.875
   vertex 30406.7012 43780.1797 33251.3633
  endloop
 endfacet
facet normal 0.257323593 -0.496796668 0.82884115
  outer loop
   vertex 30406.7012 43780.1797 33251.3633
   vertex 30297.9883 43813.1484 33304.875
   vertex 30241.9062 43677.2539 33240.832
  endloop
 endfacet
facet normal -0.370380253 -0.266499043 0.889829576
  outer loop
   vertex 30173.3809 43813.5117 33253.1172
   vertex 30241.9062 43677.2539 33240.832
   vertex 30297.9883 43813.1484 33304.875
  endloop
 endfacet
facet normal -0.348138034 0.536661088 0.768631756
  outer loop
   vertex 27802.5625 42085.6211 33267.9297
   vertex 27860.4316 41983.1172 33365.707
   vertex 28037.6328 42144.9062 33333.0039
  endloop
 endfacet
facet normal -0.152004719 -0.468827605 0.870112181
  outer loop
   vertex 29893.5332 43463.4883 33150.2695
   vertex 29813.9648 43275.5703 33035.1172
   vertex 29987.8262 43320.9219 33089.9258
  endloop
 endfacet
facet normal 0.303095728 -0.49907881 0.811820984
  outer loop
   vertex 29965.0605 43117.0117 32947.9688
   vertex 30052.5996 43099.7695 32904.6836
   vertex 30099.7988 43169.2422 32929.7734
  endloop
 endfacet
facet normal 0.219519362 -0.573810279 0.7890203
  outer loop
   vertex 30139.4902 43315.3906 33043.707
   vertex 29987.8262 43320.9219 33089.9258
   vertex 29965.0605 43117.0117 32947.9688
  endloop
 endfacet
facet normal 0.339573681 -0.633925617 0.694858313
  outer loop
   vertex 30139.4902 43315.3906 33043.707
   vertex 29965.0605 43117.0117 32947.9688
   vertex 30099.7988 43169.2422 32929.7734
  endloop
 endfacet
facet normal 0.15741168 -0.776990294 0.609514296
  outer loop
   vertex 30074.1172 43367.0195 33126.4062
   vertex 29987.8262 43320.9219 33089.9258
   vertex 30139.4902 43315.3906 33043.707
  endloop
 endfacet
facet normal -0.0130627519 -0.408835977 0.912514389
  outer loop
   vertex 29921.6133 43563.3633 33195.418
   vertex 29893.5332 43463.4883 33150.2695
   vertex 30057.9453 43584.0312 33206.6328
  endloop
 endfacet
facet normal -0.0158699937 -0.408162773 0.912771225
  outer loop
   vertex 29921.6133 43563.3633 33195.418
   vertex 29871.0742 43537.0625 33182.7812
   vertex 29893.5332 43463.4883 33150.2695
  endloop
 endfacet
facet normal -0.0778214335 -0.525011897 0.847529531
  outer loop
   vertex 29987.8262 43320.9219 33089.9258
   vertex 30074.1172 43367.0195 33126.4062
   vertex 30027.8945 43428.6016 33160.3086
  endloop
 endfacet
facet normal -0.317860484 -0.032061588 0.947595239
  outer loop
   vertex 30019.5781 43720.6406 33198.3828
   vertex 30057.9453 43584.0312 33206.6328
   vertex 30173.3809 43813.5117 33253.1172
  endloop
 endfacet
facet normal -0.12357673 0.0251877531 0.992015302
  outer loop
   vertex 29948.5762 43636.5586 33191.6719
   vertex 30057.9453 43584.0312 33206.6328
   vertex 30019.5781 43720.6406 33198.3828
  endloop
 endfacet
facet normal -0.0945499912 0.0855765343 0.991835117
  outer loop
   vertex 29948.5762 43636.5586 33191.6719
   vertex 29921.6133 43563.3633 33195.418
   vertex 30057.9453 43584.0312 33206.6328
  endloop
 endfacet
facet normal -0.109894536 -0.143941641 0.983465314
  outer loop
   vertex 30241.9062 43677.2539 33240.832
   vertex 30173.3809 43813.5117 33253.1172
   vertex 30057.9453 43584.0312 33206.6328
  endloop
 endfacet
facet normal -0.0112545909 -0.324754745 0.945731282
  outer loop
   vertex 30193.1582 43534.7578 33191.3203
   vertex 30241.9062 43677.2539 33240.832
   vertex 30057.9453 43584.0312 33206.6328
  endloop
 endfacet
facet normal 0.306327343 -0.0605975874 0.949995518
  outer loop
   vertex 28309.1016 42010.4648 33362.5039
   vertex 28478.1328 42095.4727 33313.4219
   vertex 28391.9844 42199.9883 33347.8672
  endloop
 endfacet
facet normal -0.476318181 0.656967223 0.584392905
  outer loop
   vertex 26082.6348 41158.9805 33413.2969
   vertex 25847.793 41125.625 33259.3789
   vertex 25920.3301 40973.6602 33489.3398
  endloop
 endfacet
facet normal -0.585627615 0.766104579 0.26480943
  outer loop
   vertex 27769.2324 42165.7969 33119.4023
   vertex 27647.541 42101.0156 33037.6992
   vertex 27522.8418 41956.0547 33181.2969
  endloop
 endfacet
facet normal -0.497064054 0.712040067 0.495909572
  outer loop
   vertex 27802.5625 42085.6211 33267.9297
   vertex 27970.4961 42263.9805 33180.1562
   vertex 27769.2324 42165.7969 33119.4023
  endloop
 endfacet
facet normal -0.486689359 0.718405843 0.497017652
  outer loop
   vertex 27522.8418 41956.0547 33181.2969
   vertex 27802.5625 42085.6211 33267.9297
   vertex 27769.2324 42165.7969 33119.4023
  endloop
 endfacet
facet normal -0.497264326 0.756819665 0.424207658
  outer loop
   vertex 27970.4961 42263.9805 33180.1562
   vertex 27886.1152 42276.2695 33059.3203
   vertex 27769.2324 42165.7969 33119.4023
  endloop
 endfacet
facet normal -0.482635677 0.648067951 0.589127064
  outer loop
   vertex 27662.0605 41923.4336 33331.2383
   vertex 27802.5625 42085.6211 33267.9297
   vertex 27522.8418 41956.0547 33181.2969
  endloop
 endfacet
facet normal -0.302946895 0.562681019 0.769163966
  outer loop
   vertex 27662.0605 41923.4336 33331.2383
   vertex 27860.4316 41983.1172 33365.707
   vertex 27802.5625 42085.6211 33267.9297
  endloop
 endfacet
facet normal 0.1902491 0.0978262052 0.976849675
  outer loop
   vertex 28102.082 41608.8672 33355.7148
   vertex 27922.0938 41618.875 33389.7656
   vertex 28053.1562 41569.2617 33369.2109
  endloop
 endfacet
facet normal 0.178991854 -0.108176403 0.977885365
  outer loop
   vertex 28102.082 41608.8672 33355.7148
   vertex 28204.2051 41784.668 33356.4688
   vertex 27922.0938 41618.875 33389.7656
  endloop
 endfacet
facet normal -0.0467867963 0.246884018 0.967914939
  outer loop
   vertex 27860.4316 41983.1172 33365.707
   vertex 28050.6973 41912.4609 33392.9258
   vertex 28037.6328 42144.9062 33333.0039
  endloop
 endfacet
facet normal -0.203960389 0.233612195 0.950697362
  outer loop
   vertex 28050.6973 41912.4609 33392.9258
   vertex 28217.8477 42142.5586 33372.2461
   vertex 28037.6328 42144.9062 33333.0039
  endloop
 endfacet
facet normal 0.287285984 0.0959276184 0.953029215
  outer loop
   vertex 28537.2324 42472.8867 33242.043
   vertex 28665 42350.5391 33215.8398
   vertex 28671.75 42501.0117 33198.6602
  endloop
 endfacet
facet normal 0.327360183 -0.383607417 0.863528013
  outer loop
   vertex 28204.2051 41784.668 33356.4688
   vertex 28067.9941 41774.1406 33403.4336
   vertex 27922.0938 41618.875 33389.7656
  endloop
 endfacet
facet normal 0.520326018 0.0737967566 0.850773096
  outer loop
   vertex 28665 42350.5391 33215.8398
   vertex 28791.9551 42476.9219 33127.2344
   vertex 28671.75 42501.0117 33198.6602
  endloop
 endfacet
facet normal 0.531275034 0.394232184 0.749885201
  outer loop
   vertex 28665 42350.5391 33215.8398
   vertex 28537.2324 42472.8867 33242.043
   vertex 28559.2344 42366.5078 33282.3789
  endloop
 endfacet
facet normal 0.132625759 0.018532943 0.990992904
  outer loop
   vertex 28391.9844 42199.9883 33347.8672
   vertex 28217.8477 42142.5586 33372.2461
   vertex 28309.1016 42010.4648 33362.5039
  endloop
 endfacet
facet normal 0.114692092 0.00596744521 0.993383169
  outer loop
   vertex 28217.8477 42142.5586 33372.2461
   vertex 28050.6973 41912.4609 33392.9258
   vertex 28309.1016 42010.4648 33362.5039
  endloop
 endfacet
facet normal 0.346660614 -0.023301864 0.937701166
  outer loop
   vertex 28478.1328 42095.4727 33313.4219
   vertex 28541.1836 42250.6523 33293.9688
   vertex 28391.9844 42199.9883 33347.8672
  endloop
 endfacet
facet normal 0.626376569 -0.0860295966 0.774758875
  outer loop
   vertex 28791.9551 42476.9219 33127.2344
   vertex 28665 42350.5391 33215.8398
   vertex 28851.541 42259.6406 33054.9336
  endloop
 endfacet
facet normal 0.161406934 0.0732913166 0.984162688
  outer loop
   vertex 28454.0312 42361.9414 33299.9727
   vertex 28541.1836 42250.6523 33293.9688
   vertex 28559.2344 42366.5078 33282.3789
  endloop
 endfacet
facet normal 0.607032597 -0.140726656 0.782117248
  outer loop
   vertex 28541.1836 42250.6523 33293.9688
   vertex 28634.7637 42099.5664 33194.1523
   vertex 28665 42350.5391 33215.8398
  endloop
 endfacet
facet normal 0.532674551 0.00166085537 0.846318543
  outer loop
   vertex 28541.1836 42250.6523 33293.9688
   vertex 28665 42350.5391 33215.8398
   vertex 28559.2344 42366.5078 33282.3789
  endloop
 endfacet
facet normal 0.606467724 -0.140696928 0.782560766
  outer loop
   vertex 28665 42350.5391 33215.8398
   vertex 28634.7637 42099.5664 33194.1523
   vertex 28851.541 42259.6406 33054.9336
  endloop
 endfacet
facet normal 0.601740777 -0.14605628 0.785223246
  outer loop
   vertex 28541.1836 42250.6523 33293.9688
   vertex 28478.1328 42095.4727 33313.4219
   vertex 28634.7637 42099.5664 33194.1523
  endloop
 endfacet
facet normal 0.475257605 -0.152452469 0.866538227
  outer loop
   vertex 28851.541 42259.6406 33054.9336
   vertex 29026.1035 42344.7422 32974.1641
   vertex 28959.1387 42471.5078 33033.1953
  endloop
 endfacet
facet normal 0.480465502 -0.155447319 0.86312747
  outer loop
   vertex 28851.541 42259.6406 33054.9336
   vertex 28959.1387 42471.5078 33033.1953
   vertex 28791.9551 42476.9219 33127.2344
  endloop
 endfacet
facet normal 0.511244595 -0.840202808 0.180798873
  outer loop
   vertex 28657.3789 41861.9141 32717.1504
   vertex 28801.2988 41966.2539 32795.082
   vertex 28724.4414 41948.5273 32930.0273
  endloop
 endfacet
facet normal 0.460135609 -0.0256743375 0.887477338
  outer loop
   vertex 29056.7793 42619.1484 32986.8438
   vertex 28959.1387 42471.5078 33033.1953
   vertex 29143.4336 42467.418 32937.5234
  endloop
 endfacet
facet normal 0.451084644 -0.169718981 0.876195252
  outer loop
   vertex 29026.1035 42344.7422 32974.1641
   vertex 29143.4336 42467.418 32937.5234
   vertex 28959.1387 42471.5078 33033.1953
  endloop
 endfacet
facet normal 0.55830735 -0.303331017 0.77219373
  outer loop
   vertex 29026.1035 42344.7422 32974.1641
   vertex 29098.8359 42334.6523 32917.6133
   vertex 29143.4336 42467.418 32937.5234
  endloop
 endfacet
facet normal 0.409641445 -0.126017883 0.903500617
  outer loop
   vertex 29276.4551 42545.7422 32888.1367
   vertex 29253.6348 42696.7539 32919.5469
   vertex 29143.4336 42467.418 32937.5234
  endloop
 endfacet
facet normal 0.356429785 -0.0984399319 0.929121852
  outer loop
   vertex 29056.7793 42619.1484 32986.8438
   vertex 29143.4336 42467.418 32937.5234
   vertex 29253.6348 42696.7539 32919.5469
  endloop
 endfacet
facet normal 0.783312261 -0.569965422 0.248115435
  outer loop
   vertex 28574.1348 41919.6367 33161.3281
   vertex 28515.5566 41846.0938 33177.3242
   vertex 28538.2129 41807.6719 33017.5312
  endloop
 endfacet
facet normal 0.421647549 -0.627756059 0.654320776
  outer loop
   vertex 29026.1035 42344.7422 32974.1641
   vertex 29033.4434 42223.6289 32853.2422
   vertex 29098.8359 42334.6523 32917.6133
  endloop
 endfacet
facet normal 0.503858984 -0.762276053 0.406277418
  outer loop
   vertex 27802.2285 41384.2383 33311.7773
   vertex 27815.6445 41296.2969 33130.1406
   vertex 28034.6641 41512.832 33264.7891
  endloop
 endfacet
facet normal 0.587407708 -0.757351935 0.285254598
  outer loop
   vertex 28192.3379 41553.2695 33047.4648
   vertex 28034.6641 41512.832 33264.7891
   vertex 28000.2109 41410.1484 33063.1133
  endloop
 endfacet
facet normal 0.587201238 -0.807657599 -0.0537021123
  outer loop
   vertex 28389.6309 41694.6875 33092.0898
   vertex 28538.2129 41807.6719 33017.5312
   vertex 28469.8535 41751.5078 33114.75
  endloop
 endfacet
facet normal 0.623814285 -0.779062271 0.0625920147
  outer loop
   vertex 28389.6309 41694.6875 33092.0898
   vertex 28354.8281 41649.7617 32879.7734
   vertex 28538.2129 41807.6719 33017.5312
  endloop
 endfacet
facet normal 0.656180024 -0.41073218 0.633029938
  outer loop
   vertex 28759.2363 42063.4062 33041.6641
   vertex 28634.7637 42099.5664 33194.1523
   vertex 28659.3672 41962.8359 33079.9336
  endloop
 endfacet
facet normal 0.73354727 -0.353105932 0.580710411
  outer loop
   vertex 28574.1348 41919.6367 33161.3281
   vertex 28659.3672 41962.8359 33079.9336
   vertex 28634.7637 42099.5664 33194.1523
  endloop
 endfacet
facet normal 0.708078384 -0.657150805 0.258414149
  outer loop
   vertex 28438.5703 41773.9883 33204.9023
   vertex 28538.2129 41807.6719 33017.5312
   vertex 28515.5566 41846.0938 33177.3242
  endloop
 endfacet
facet normal 0.847610891 -0.365002543 0.385134906
  outer loop
   vertex 28438.5703 41773.9883 33204.9023
   vertex 28469.8535 41751.5078 33114.75
   vertex 28538.2129 41807.6719 33017.5312
  endloop
 endfacet
facet normal 0.376717806 -0.231152207 0.897024155
  outer loop
   vertex 28309.1016 42010.4648 33362.5039
   vertex 28453.4043 41901.1484 33273.7305
   vertex 28478.1328 42095.4727 33313.4219
  endloop
 endfacet
facet normal 0.613468468 0.6791085 0.403073281
  outer loop
   vertex 25813.9258 41230.0508 33034.3945
   vertex 25809.498 41198.1445 33094.8867
   vertex 25870.9902 41214.2617 32974.1445
  endloop
 endfacet
facet normal 0.515883684 -0.808804452 0.282310814
  outer loop
   vertex 28192.3379 41553.2695 33047.4648
   vertex 28389.6309 41694.6875 33092.0898
   vertex 28275.2305 41675.418 33245.9375
  endloop
 endfacet
facet normal 0.516071439 -0.856539488 -0.00322115235
  outer loop
   vertex 28275.2305 41675.418 33245.9375
   vertex 28438.5703 41773.9883 33204.9023
   vertex 28378.248 41737.4297 33261.2148
  endloop
 endfacet
facet normal 0.547091722 -0.777792752 0.309401244
  outer loop
   vertex 28275.2305 41675.418 33245.9375
   vertex 28389.6309 41694.6875 33092.0898
   vertex 28438.5703 41773.9883 33204.9023
  endloop
 endfacet
facet normal 0.616199315 -0.588734031 0.523154497
  outer loop
   vertex 26422.7793 40242.8047 33582.5859
   vertex 26548.0781 40243.1211 33435.3555
   vertex 26566.3516 40387.6172 33576.4414
  endloop
 endfacet
facet normal 0.890043676 -0.443977356 -0.103471734
  outer loop
   vertex 28078.1504 41559.5117 33361.6445
   vertex 28102.082 41608.8672 33355.7148
   vertex 28087.252 41572.7617 33383.0625
  endloop
 endfacet
facet normal 0.417881042 -0.471583903 0.776520491
  outer loop
   vertex 28034.6641 41512.832 33264.7891
   vertex 27922.0938 41618.875 33389.7656
   vertex 27802.2285 41384.2383 33311.7773
  endloop
 endfacet
facet normal -0.238962412 -0.835948884 0.49405098
  outer loop
   vertex 28053.1562 41569.2617 33369.2109
   vertex 27922.0938 41618.875 33389.7656
   vertex 28034.6641 41512.832 33264.7891
  endloop
 endfacet
facet normal 0.555044889 -0.791643381 0.255393624
  outer loop
   vertex 28192.3379 41553.2695 33047.4648
   vertex 28275.2305 41675.418 33245.9375
   vertex 28034.6641 41512.832 33264.7891
  endloop
 endfacet
facet normal -0.151961461 0.055947993 0.986801684
  outer loop
   vertex 28067.9941 41774.1406 33403.4336
   vertex 28050.6973 41912.4609 33392.9258
   vertex 27922.0938 41618.875 33389.7656
  endloop
 endfacet
facet normal 0.535995066 -0.747597694 0.39218235
  outer loop
   vertex 28034.6641 41512.832 33264.7891
   vertex 28275.2305 41675.418 33245.9375
   vertex 28102.082 41608.8672 33355.7148
  endloop
 endfacet
facet normal 0.876780689 -0.446553499 -0.178453311
  outer loop
   vertex 28078.1504 41559.5117 33361.6445
   vertex 28034.6641 41512.832 33264.7891
   vertex 28102.082 41608.8672 33355.7148
  endloop
 endfacet
facet normal 0.523347914 -0.729989171 0.439571172
  outer loop
   vertex 28438.5703 41773.9883 33204.9023
   vertex 28438.5918 41814.2109 33271.6797
   vertex 28377.3652 41777.9844 33284.4062
  endloop
 endfacet
facet normal 0.374738842 -0.152076095 0.914572954
  outer loop
   vertex 28204.2051 41784.668 33356.4688
   vertex 28377.3652 41777.9844 33284.4062
   vertex 28453.4043 41901.1484 33273.7305
  endloop
 endfacet
facet normal 0.394065231 -0.206990883 0.8954705
  outer loop
   vertex 28204.2051 41784.668 33356.4688
   vertex 28453.4043 41901.1484 33273.7305
   vertex 28309.1016 42010.4648 33362.5039
  endloop
 endfacet
facet normal 0.467986017 -0.805616796 0.363277704
  outer loop
   vertex 28469.8535 41751.5078 33114.75
   vertex 28438.5703 41773.9883 33204.9023
   vertex 28389.6309 41694.6875 33092.0898
  endloop
 endfacet
facet normal 0.659747422 -0.385156542 0.645281196
  outer loop
   vertex 28515.5566 41846.0938 33177.3242
   vertex 28574.1348 41919.6367 33161.3281
   vertex 28453.4043 41901.1484 33273.7305
  endloop
 endfacet
facet normal 0.667291701 -0.345235348 0.659950256
  outer loop
   vertex 28574.1348 41919.6367 33161.3281
   vertex 28634.7637 42099.5664 33194.1523
   vertex 28453.4043 41901.1484 33273.7305
  endloop
 endfacet
facet normal 0.593011677 -0.232891038 0.77077812
  outer loop
   vertex 28634.7637 42099.5664 33194.1523
   vertex 28478.1328 42095.4727 33313.4219
   vertex 28453.4043 41901.1484 33273.7305
  endloop
 endfacet
facet normal 0.980275214 -0.169427633 0.101758264
  outer loop
   vertex 28438.5703 41773.9883 33204.9023
   vertex 28453.4043 41901.1484 33273.7305
   vertex 28438.5918 41814.2109 33271.6797
  endloop
 endfacet
facet normal 0.630678475 -0.425023407 0.649307132
  outer loop
   vertex 28515.5566 41846.0938 33177.3242
   vertex 28453.4043 41901.1484 33273.7305
   vertex 28438.5703 41773.9883 33204.9023
  endloop
 endfacet
facet normal 0.239071742 -0.0636095181 0.968916178
  outer loop
   vertex 28438.5918 41814.2109 33271.6797
   vertex 28453.4043 41901.1484 33273.7305
   vertex 28377.3652 41777.9844 33284.4062
  endloop
 endfacet
facet normal -0.182924256 -0.851007819 0.492264569
  outer loop
   vertex 28053.1562 41569.2617 33369.2109
   vertex 28034.6641 41512.832 33264.7891
   vertex 28078.1504 41559.5117 33361.6445
  endloop
 endfacet
facet normal -0.341791153 0.652609229 0.676224828
  outer loop
   vertex 28102.082 41608.8672 33355.7148
   vertex 28053.1562 41569.2617 33369.2109
   vertex 28087.252 41572.7617 33383.0625
  endloop
 endfacet
facet normal 0.152653188 -0.0971934348 0.983488917
  outer loop
   vertex 28050.6973 41912.4609 33392.9258
   vertex 28204.2051 41784.668 33356.4688
   vertex 28309.1016 42010.4648 33362.5039
  endloop
 endfacet
facet normal 0.547441125 -0.499382645 0.671509624
  outer loop
   vertex 27637.1172 41216.1562 33284.957
   vertex 27564.8828 41312.7695 33415.6953
   vertex 27426.6309 41061.4219 33341.4844
  endloop
 endfacet
facet normal 0.294289798 -0.578423679 0.760801911
  outer loop
   vertex 28204.2051 41784.668 33356.4688
   vertex 28275.2305 41675.418 33245.9375
   vertex 28377.3652 41777.9844 33284.4062
  endloop
 endfacet
facet normal 0.593741655 -0.348022372 0.725500703
  outer loop
   vertex 28204.2051 41784.668 33356.4688
   vertex 28102.082 41608.8672 33355.7148
   vertex 28275.2305 41675.418 33245.9375
  endloop
 endfacet
facet normal 0.165904179 -0.486872226 0.857572854
  outer loop
   vertex 28275.2305 41675.418 33245.9375
   vertex 28378.248 41737.4297 33261.2148
   vertex 28377.3652 41777.9844 33284.4062
  endloop
 endfacet
facet normal 0.74285996 -0.32010451 0.587955952
  outer loop
   vertex 28378.248 41737.4297 33261.2148
   vertex 28438.5703 41773.9883 33204.9023
   vertex 28377.3652 41777.9844 33284.4062
  endloop
 endfacet
facet normal 0.316243589 0.111107752 0.942149162
  outer loop
   vertex 28204.2051 41784.668 33356.4688
   vertex 28050.6973 41912.4609 33392.9258
   vertex 28067.9941 41774.1406 33403.4336
  endloop
 endfacet
facet normal -0.145925209 -0.812328875 0.564648211
  outer loop
   vertex 28078.1504 41559.5117 33361.6445
   vertex 28087.252 41572.7617 33383.0625
   vertex 28053.1562 41569.2617 33369.2109
  endloop
 endfacet
facet normal -0.152798593 0.506376147 0.848667085
  outer loop
   vertex 27385.2051 41739.1875 33348.5664
   vertex 27022.9727 41477.8984 33439.2539
   vertex 27267.6738 41478.1172 33483.1797
  endloop
 endfacet
facet normal 0.614347816 -0.709863007 0.344487041
  outer loop
   vertex 27637.1172 41216.1562 33284.957
   vertex 27426.6309 41061.4219 33341.4844
   vertex 27540.5586 41073.6094 33163.4219
  endloop
 endfacet
facet normal 0.368735999 -0.16713877 0.914384186
  outer loop
   vertex 27279.7031 41089.5508 33489.8945
   vertex 27564.8828 41312.7695 33415.6953
   vertex 27307.1484 41304.8203 33518.1758
  endloop
 endfacet
facet normal 0.0312834792 -0.0244547948 0.999211371
  outer loop
   vertex 27922.0938 41618.875 33389.7656
   vertex 28050.6973 41912.4609 33392.9258
   vertex 27739.2227 41794.3047 33399.7852
  endloop
 endfacet
facet normal 0.130541518 0.0796401873 0.98823899
  outer loop
   vertex 27535.2891 41544.6055 33446.8477
   vertex 27922.0938 41618.875 33389.7656
   vertex 27739.2227 41794.3047 33399.7852
  endloop
 endfacet
facet normal -0.0598553307 0.214388505 0.974912763
  outer loop
   vertex 27860.4316 41983.1172 33365.707
   vertex 27739.2227 41794.3047 33399.7852
   vertex 28050.6973 41912.4609 33392.9258
  endloop
 endfacet
facet normal 0.435374022 -0.171609297 0.883741856
  outer loop
   vertex 27091.8945 41108.5234 33586.1055
   vertex 27279.7031 41089.5508 33489.8945
   vertex 27307.1484 41304.8203 33518.1758
  endloop
 endfacet
facet normal 0.16582638 -0.110507891 0.979943693
  outer loop
   vertex 27922.0938 41618.875 33389.7656
   vertex 27535.2891 41544.6055 33446.8477
   vertex 27564.8828 41312.7695 33415.6953
  endloop
 endfacet
facet normal 0.469170034 -0.484986544 0.73801595
  outer loop
   vertex 27802.2285 41384.2383 33311.7773
   vertex 27922.0938 41618.875 33389.7656
   vertex 27564.8828 41312.7695 33415.6953
  endloop
 endfacet
facet normal -0.226406559 0.611766875 0.757945478
  outer loop
   vertex 26845.3633 41269.0859 33554.7422
   vertex 27022.9727 41477.8984 33439.2539
   vertex 26663.9766 41344.3125 33439.8438
  endloop
 endfacet
facet normal 0.569573939 -0.493375957 0.657393098
  outer loop
   vertex 27426.6309 41061.4219 33341.4844
   vertex 27279.7031 41089.5508 33489.8945
   vertex 27190.2285 40871.7617 33403.9688
  endloop
 endfacet
facet normal -0.463750362 0.885919333 0.00908352528
  outer loop
   vertex 26666.1328 41475.3672 33011.1953
   vertex 26859.5703 41575.1641 33153.3672
   vertex 26925.5879 41611.1523 33013.9883
  endloop
 endfacet
facet normal -0.534773767 0.814510763 0.224920377
  outer loop
   vertex 27077.8105 41643.7617 33269.0117
   vertex 27297.6973 41804.7852 33208.6992
   vertex 27065.9922 41683.3242 33097.6484
  endloop
 endfacet
facet normal -0.401513457 0.885924757 0.232215986
  outer loop
   vertex 26859.5703 41575.1641 33153.3672
   vertex 27077.8105 41643.7617 33269.0117
   vertex 27065.9922 41683.3242 33097.6484
  endloop
 endfacet
facet normal 0.370438993 -0.0770940632 0.925651908
  outer loop
   vertex 27564.8828 41312.7695 33415.6953
   vertex 27535.2891 41544.6055 33446.8477
   vertex 27307.1484 41304.8203 33518.1758
  endloop
 endfacet
facet normal -0.728968322 0.461003006 -0.506044865
  outer loop
   vertex 26973.7441 41628.5312 32960.4492
   vertex 26976.8242 41585.0039 32916.3594
   vertex 26925.5879 41611.1523 33013.9883
  endloop
 endfacet
facet normal -0.414524078 0.800931394 -0.432063311
  outer loop
   vertex 26666.1328 41475.3672 33011.1953
   vertex 26925.5879 41611.1523 33013.9883
   vertex 26976.8242 41585.0039 32916.3594
  endloop
 endfacet
facet normal 0.0076791537 0.45553717 0.890183628
  outer loop
   vertex 27267.6738 41478.1172 33483.1797
   vertex 27535.2891 41544.6055 33446.8477
   vertex 27385.2051 41739.1875 33348.5664
  endloop
 endfacet
facet normal -0.184859231 0.325732321 0.927213848
  outer loop
   vertex 27535.2891 41544.6055 33446.8477
   vertex 27739.2227 41794.3047 33399.7852
   vertex 27385.2051 41739.1875 33348.5664
  endloop
 endfacet
facet normal -0.189182058 0.369837165 0.909632146
  outer loop
   vertex 27739.2227 41794.3047 33399.7852
   vertex 27662.0605 41923.4336 33331.2383
   vertex 27385.2051 41739.1875 33348.5664
  endloop
 endfacet
facet normal 0.0217036717 0.56026876 0.828026474
  outer loop
   vertex 27385.2051 41739.1875 33348.5664
   vertex 27376.7266 41846.3984 33276.25
   vertex 27348.1309 41822.2891 33293.3125
  endloop
 endfacet
facet normal 0.111117713 0.561783254 0.819788039
  outer loop
   vertex 27385.2051 41739.1875 33348.5664
   vertex 27522.8418 41956.0547 33181.2969
   vertex 27376.7266 41846.3984 33276.25
  endloop
 endfacet
facet normal -0.435298026 0.706581354 0.557905376
  outer loop
   vertex 27385.2051 41739.1875 33348.5664
   vertex 27662.0605 41923.4336 33331.2383
   vertex 27522.8418 41956.0547 33181.2969
  endloop
 endfacet
facet normal -0.543002069 0.830582857 0.123615913
  outer loop
   vertex 27522.8418 41956.0547 33181.2969
   vertex 27297.6973 41804.7852 33208.6992
   vertex 27376.7266 41846.3984 33276.25
  endloop
 endfacet
facet normal -0.541141391 0.829954028 0.135433644
  outer loop
   vertex 27522.8418 41956.0547 33181.2969
   vertex 27361.5723 41864.6602 33097.0039
   vertex 27297.6973 41804.7852 33208.6992
  endloop
 endfacet
facet normal -0.854957104 -0.0374300033 0.517346442
  outer loop
   vertex 27385.2051 41739.1875 33348.5664
   vertex 27348.1309 41822.2891 33293.3125
   vertex 27297.6973 41804.7852 33208.6992
  endloop
 endfacet
facet normal -0.374615192 0.72706604 0.575359404
  outer loop
   vertex 27077.8105 41643.7617 33269.0117
   vertex 27385.2051 41739.1875 33348.5664
   vertex 27297.6973 41804.7852 33208.6992
  endloop
 endfacet
facet normal -0.130961105 0.905162811 -0.404387832
  outer loop
   vertex 27338.8145 41840.6641 33275.6914
   vertex 27376.7266 41846.3984 33276.25
   vertex 27297.6973 41804.7852 33208.6992
  endloop
 endfacet
facet normal -0.862252355 0.04643308 0.504346013
  outer loop
   vertex 27348.1309 41822.2891 33293.3125
   vertex 27338.8145 41840.6641 33275.6914
   vertex 27297.6973 41804.7852 33208.6992
  endloop
 endfacet
facet normal -0.110466763 0.658113778 0.744770646
  outer loop
   vertex 27348.1309 41822.2891 33293.3125
   vertex 27376.7266 41846.3984 33276.25
   vertex 27338.8145 41840.6641 33275.6914
  endloop
 endfacet
facet normal -0.374679029 0.721514344 0.582265139
  outer loop
   vertex 27022.9727 41477.8984 33439.2539
   vertex 27385.2051 41739.1875 33348.5664
   vertex 27077.8105 41643.7617 33269.0117
  endloop
 endfacet
facet normal -0.0628538653 0.523427367 0.849748909
  outer loop
   vertex 27072.2793 41294.3086 33555.9883
   vertex 27022.9727 41477.8984 33439.2539
   vertex 26845.3633 41269.0859 33554.7422
  endloop
 endfacet
facet normal 0.144845828 0.227453426 0.96295619
  outer loop
   vertex 27307.1484 41304.8203 33518.1758
   vertex 27267.6738 41478.1172 33483.1797
   vertex 27072.2793 41294.3086 33555.9883
  endloop
 endfacet
facet normal -0.153393477 0.500549257 0.852009952
  outer loop
   vertex 27022.9727 41477.8984 33439.2539
   vertex 27072.2793 41294.3086 33555.9883
   vertex 27267.6738 41478.1172 33483.1797
  endloop
 endfacet
facet normal 0.148955584 0.173533946 0.973497927
  outer loop
   vertex 27091.8945 41108.5234 33586.1055
   vertex 27307.1484 41304.8203 33518.1758
   vertex 27072.2793 41294.3086 33555.9883
  endloop
 endfacet
facet normal -0.28222689 0.689442873 0.667095602
  outer loop
   vertex 26246.5391 41305.6172 33331.0859
   vertex 26082.6348 41158.9805 33413.2969
   vertex 26349.4648 41174.3477 33510.2969
  endloop
 endfacet
facet normal -0.870236754 0.0483144224 0.490258813
  outer loop
   vertex 25847.793 41125.625 33259.3789
   vertex 25802.8262 41182.418 33173.9648
   vertex 25784.5977 41155.3477 33144.2773
  endloop
 endfacet
facet normal -0.631845891 0.592367649 0.499871314
  outer loop
   vertex 25670.168 40995.0703 33189.5703
   vertex 25847.793 41125.625 33259.3789
   vertex 25784.5977 41155.3477 33144.2773
  endloop
 endfacet
facet normal -0.130905271 0.879181504 0.458152443
  outer loop
   vertex 26663.9766 41344.3125 33439.8438
   vertex 26594.7324 41453.0781 33211.3398
   vertex 26420.1973 41354.9688 33349.7383
  endloop
 endfacet
facet normal -0.338133395 0.885200977 0.319507569
  outer loop
   vertex 26842.3516 41511.5469 33311.3984
   vertex 26859.5703 41575.1641 33153.3672
   vertex 26594.7324 41453.0781 33211.3398
  endloop
 endfacet
facet normal -0.427448541 0.902544141 -0.0519795455
  outer loop
   vertex 26666.1328 41475.3672 33011.1953
   vertex 26594.7324 41453.0781 33211.3398
   vertex 26859.5703 41575.1641 33153.3672
  endloop
 endfacet
facet normal -0.382704496 0.783809304 0.489060551
  outer loop
   vertex 26594.7324 41453.0781 33211.3398
   vertex 26663.9766 41344.3125 33439.8438
   vertex 26842.3516 41511.5469 33311.3984
  endloop
 endfacet
facet normal -0.279763788 0.754433572 0.593769431
  outer loop
   vertex 27022.9727 41477.8984 33439.2539
   vertex 26842.3516 41511.5469 33311.3984
   vertex 26663.9766 41344.3125 33439.8438
  endloop
 endfacet
facet normal -0.299159259 0.729831755 0.614694536
  outer loop
   vertex 27022.9727 41477.8984 33439.2539
   vertex 27077.8105 41643.7617 33269.0117
   vertex 26842.3516 41511.5469 33311.3984
  endloop
 endfacet
facet normal -0.734528363 -0.207002103 0.646233857
  outer loop
   vertex 25559.6992 40574.2578 33539.6055
   vertex 25498.4648 40516.7734 33451.5898
   vertex 25587.4668 40558.1133 33565.9961
  endloop
 endfacet
facet normal -0.394506931 0.74359864 0.539838195
  outer loop
   vertex 26246.5391 41305.6172 33331.0859
   vertex 26045.2871 41247.3945 33264.2188
   vertex 26082.6348 41158.9805 33413.2969
  endloop
 endfacet
facet normal -0.452530384 0.712664187 0.536027968
  outer loop
   vertex 26082.6348 41158.9805 33413.2969
   vertex 26045.2871 41247.3945 33264.2188
   vertex 25847.793 41125.625 33259.3789
  endloop
 endfacet
facet normal -0.14169468 0.591307223 0.793900728
  outer loop
   vertex 26663.9766 41344.3125 33439.8438
   vertex 26349.4648 41174.3477 33510.2969
   vertex 26581.6152 41088.8242 33615.4297
  endloop
 endfacet
facet normal -0.0481461473 0.387616992 0.920562327
  outer loop
   vertex 27072.2793 41294.3086 33555.9883
   vertex 26845.3633 41269.0859 33554.7422
   vertex 26875.916 41103.3438 33626.125
  endloop
 endfacet
facet normal -0.0525433421 0.386843026 0.920647442
  outer loop
   vertex 26845.3633 41269.0859 33554.7422
   vertex 26581.6152 41088.8242 33615.4297
   vertex 26875.916 41103.3438 33626.125
  endloop
 endfacet
facet normal -0.23483023 0.600845933 0.764093578
  outer loop
   vertex 26845.3633 41269.0859 33554.7422
   vertex 26663.9766 41344.3125 33439.8438
   vertex 26581.6152 41088.8242 33615.4297
  endloop
 endfacet
facet normal -0.222364172 0.694948971 0.683812916
  outer loop
   vertex 26420.1973 41354.9688 33349.7383
   vertex 26349.4648 41174.3477 33510.2969
   vertex 26663.9766 41344.3125 33439.8438
  endloop
 endfacet
facet normal -0.397362679 0.624083161 0.672772706
  outer loop
   vertex 26127.1133 41032.1719 33557.1953
   vertex 26082.6348 41158.9805 33413.2969
   vertex 25920.3301 40973.6602 33489.3398
  endloop
 endfacet
facet normal -0.286611438 0.673111379 0.681744039
  outer loop
   vertex 26082.6348 41158.9805 33413.2969
   vertex 26127.1133 41032.1719 33557.1953
   vertex 26349.4648 41174.3477 33510.2969
  endloop
 endfacet
facet normal 0.175305873 0.175544351 0.968737364
  outer loop
   vertex 27091.8945 41108.5234 33586.1055
   vertex 27072.2793 41294.3086 33555.9883
   vertex 26875.916 41103.3438 33626.125
  endloop
 endfacet
facet normal 0.0644488335 0.965056717 0.253991961
  outer loop
   vertex 26335.123 41369.668 33315.4688
   vertex 26420.1973 41354.9688 33349.7383
   vertex 26359.6621 41386.6758 33244.6172
  endloop
 endfacet
facet normal -0.798872769 0.59509486 0.0875462815
  outer loop
   vertex 25722.6855 41092.9219 33003.6602
   vertex 25670.168 40995.0703 33189.5703
   vertex 25784.5977 41155.3477 33144.2773
  endloop
 endfacet
facet normal 0.59369278 0.7781775 0.204862565
  outer loop
   vertex 25802.8262 41182.418 33173.9648
   vertex 25847.793 41125.625 33259.3789
   vertex 25809.498 41198.1445 33094.8867
  endloop
 endfacet
facet normal -0.237489596 0.527385771 0.815759122
  outer loop
   vertex 26246.5391 41305.6172 33331.0859
   vertex 26420.1973 41354.9688 33349.7383
   vertex 26335.123 41369.668 33315.4688
  endloop
 endfacet
facet normal -0.269380003 0.696604848 0.664963245
  outer loop
   vertex 26349.4648 41174.3477 33510.2969
   vertex 26420.1973 41354.9688 33349.7383
   vertex 26246.5391 41305.6172 33331.0859
  endloop
 endfacet
facet normal -0.846059144 0.531977057 0.0344149061
  outer loop
   vertex 25784.5977 41155.3477 33144.2773
   vertex 25802.8262 41182.418 33173.9648
   vertex 25809.498 41198.1445 33094.8867
  endloop
 endfacet
facet normal -0.842163265 0.477304339 0.250881702
  outer loop
   vertex 25793.8945 41205.7148 33028.1094
   vertex 25722.6855 41092.9219 33003.6602
   vertex 25809.498 41198.1445 33094.8867
  endloop
 endfacet
facet normal -0.462941527 0.80954802 -0.360994667
  outer loop
   vertex 25626.4219 40947.1719 32800.2578
   vertex 25611.6074 40984.8711 32903.7969
   vertex 25722.6855 41092.9219 33003.6602
  endloop
 endfacet
facet normal -0.543611109 0.78255403 -0.303473473
  outer loop
   vertex 25852.5625 41104.957 32802.0508
   vertex 25626.4219 40947.1719 32800.2578
   vertex 25722.6855 41092.9219 33003.6602
  endloop
 endfacet
facet normal -0.348960549 0.897870064 0.268432319
  outer loop
   vertex 26246.5391 41305.6172 33331.0859
   vertex 26177.0586 41327.0625 33169.0352
   vertex 26045.2871 41247.3945 33264.2188
  endloop
 endfacet
facet normal -0.199611872 0.90040648 0.386552989
  outer loop
   vertex 26420.1973 41354.9688 33349.7383
   vertex 26594.7324 41453.0781 33211.3398
   vertex 26359.6621 41386.6758 33244.6172
  endloop
 endfacet
facet normal -0.393777728 0.896080017 0.204889596
  outer loop
   vertex 26177.0586 41327.0625 33169.0352
   vertex 25913.6953 41224.0117 33113.5586
   vertex 26045.2871 41247.3945 33264.2188
  endloop
 endfacet
facet normal -0.289935797 0.848976493 0.441787481
  outer loop
   vertex 25847.793 41125.625 33259.3789
   vertex 25913.6953 41224.0117 33113.5586
   vertex 25809.498 41198.1445 33094.8867
  endloop
 endfacet
facet normal -0.503668487 0.804379821 0.315104961
  outer loop
   vertex 25847.793 41125.625 33259.3789
   vertex 26045.2871 41247.3945 33264.2188
   vertex 25913.6953 41224.0117 33113.5586
  endloop
 endfacet
facet normal -0.493186593 0.854653955 -0.162276223
  outer loop
   vertex 25722.6855 41092.9219 33003.6602
   vertex 25784.5977 41155.3477 33144.2773
   vertex 25913.6953 41224.0117 33113.5586
  endloop
 endfacet
facet normal 0.29265976 -0.790753722 -0.537641943
  outer loop
   vertex 25809.498 41198.1445 33094.8867
   vertex 25913.6953 41224.0117 33113.5586
   vertex 25784.5977 41155.3477 33144.2773
  endloop
 endfacet
facet normal 0.0335796364 -0.670367599 0.741268992
  outer loop
   vertex 25809.498 41198.1445 33094.8867
   vertex 25722.6855 41092.9219 33003.6602
   vertex 25913.6953 41224.0117 33113.5586
  endloop
 endfacet
facet normal -0.586947501 0.809575498 -0.00895025581
  outer loop
   vertex 26335.123 41369.668 33315.4688
   vertex 26359.6621 41386.6758 33244.6172
   vertex 26246.5391 41305.6172 33331.0859
  endloop
 endfacet
facet normal -0.42617023 0.854329944 0.297488242
  outer loop
   vertex 26842.3516 41511.5469 33311.3984
   vertex 27077.8105 41643.7617 33269.0117
   vertex 26859.5703 41575.1641 33153.3672
  endloop
 endfacet
facet normal -0.270312309 0.962704837 0.0114284959
  outer loop
   vertex 26594.7324 41453.0781 33211.3398
   vertex 26419.916 41405.6602 33070.5977
   vertex 26359.6621 41386.6758 33244.6172
  endloop
 endfacet
facet normal -0.3983441 0.896772325 0.192669123
  outer loop
   vertex 26594.7324 41453.0781 33211.3398
   vertex 26555.1523 41460.7969 33093.5781
   vertex 26419.916 41405.6602 33070.5977
  endloop
 endfacet
facet normal -0.631813765 0.683146477 -0.366227031
  outer loop
   vertex 25852.5625 41104.957 32802.0508
   vertex 25722.6855 41092.9219 33003.6602
   vertex 25870.9902 41214.2617 32974.1445
  endloop
 endfacet
facet normal -0.461932868 0.886856377 0.0101863639
  outer loop
   vertex 26859.5703 41575.1641 33153.3672
   vertex 27065.9922 41683.3242 33097.6484
   vertex 26925.5879 41611.1523 33013.9883
  endloop
 endfacet
facet normal -0.52345401 0.848107517 0.0819116309
  outer loop
   vertex 27361.5723 41864.6602 33097.0039
   vertex 27522.8418 41956.0547 33181.2969
   vertex 27421.6523 41909.0781 33021.0508
  endloop
 endfacet
facet normal -0.422804564 0.900390327 -0.102633059
  outer loop
   vertex 27221.8105 41740.6641 32958.7773
   vertex 27065.9922 41683.3242 33097.6484
   vertex 27297.6973 41804.7852 33208.6992
  endloop
 endfacet
facet normal -0.634316802 0.771412969 -0.0506381057
  outer loop
   vertex 27221.8105 41740.6641 32958.7773
   vertex 27361.5723 41864.6602 33097.0039
   vertex 27421.6523 41909.0781 33021.0508
  endloop
 endfacet
facet normal -0.671080112 0.741260409 0.0135808764
  outer loop
   vertex 27221.8105 41740.6641 32958.7773
   vertex 27297.6973 41804.7852 33208.6992
   vertex 27361.5723 41864.6602 33097.0039
  endloop
 endfacet
facet normal -0.396280706 0.915714681 -0.0665449798
  outer loop
   vertex 27221.8105 41740.6641 32958.7773
   vertex 27029.4629 41659.125 32982.1758
   vertex 27065.9922 41683.3242 33097.6484
  endloop
 endfacet
facet normal 0.208783314 -0.247225165 -0.946197271
  outer loop
   vertex 27224.3398 40967.8203 32784.1602
   vertex 26978.2852 40840.6445 32763.0977
   vertex 27005.0215 41046.3125 32715.2578
  endloop
 endfacet
facet normal 0.576557994 -0.763725102 0.29035303
  outer loop
   vertex 27815.6445 41296.2969 33130.1406
   vertex 28000.2109 41410.1484 33063.1133
   vertex 28034.6641 41512.832 33264.7891
  endloop
 endfacet
facet normal -0.444257587 0.895891309 -0.00373013457
  outer loop
   vertex 28012.8008 42385.043 32972.3477
   vertex 27972.7148 42364.4609 32803.0859
   vertex 27925.6465 42341.543 32904.1797
  endloop
 endfacet
facet normal -0.754829943 0.648262203 0.0999394804
  outer loop
   vertex 28012.8008 42385.043 32972.3477
   vertex 28034.7539 42427.0352 32865.7734
   vertex 27972.7148 42364.4609 32803.0859
  endloop
 endfacet
facet normal -0.552516639 0.814457893 0.177154362
  outer loop
   vertex 27647.541 42101.0156 33037.6992
   vertex 27769.2324 42165.7969 33119.4023
   vertex 27812.0293 42235.8828 32930.6641
  endloop
 endfacet
facet normal -0.643473268 0.753657103 0.133951902
  outer loop
   vertex 27769.2324 42165.7969 33119.4023
   vertex 27886.1152 42276.2695 33059.3203
   vertex 27812.0293 42235.8828 32930.6641
  endloop
 endfacet
facet normal -0.606814981 0.788274527 0.101974711
  outer loop
   vertex 27886.1152 42276.2695 33059.3203
   vertex 28012.8008 42385.043 32972.3477
   vertex 27812.0293 42235.8828 32930.6641
  endloop
 endfacet
facet normal -0.607604742 0.731133044 0.310259581
  outer loop
   vertex 27925.6465 42341.543 32904.1797
   vertex 27812.0293 42235.8828 32930.6641
   vertex 28012.8008 42385.043 32972.3477
  endloop
 endfacet
facet normal -0.691997886 0.703316927 -0.162739679
  outer loop
   vertex 27925.6465 42341.543 32904.1797
   vertex 27972.7148 42364.4609 32803.0859
   vertex 27812.0293 42235.8828 32930.6641
  endloop
 endfacet
facet normal -0.684157908 0.715694427 -0.140390247
  outer loop
   vertex 27972.7148 42364.4609 32803.0859
   vertex 27829.9453 42217.4922 32749.6074
   vertex 27812.0293 42235.8828 32930.6641
  endloop
 endfacet
facet normal -0.680375874 0.719292521 -0.140381455
  outer loop
   vertex 27829.9453 42217.4922 32749.6074
   vertex 27691.5742 42094.5547 32790.3203
   vertex 27812.0293 42235.8828 32930.6641
  endloop
 endfacet
facet normal -0.619659305 0.751846492 -0.22527574
  outer loop
   vertex 27812.0293 42235.8828 32930.6641
   vertex 27691.5742 42094.5547 32790.3203
   vertex 27628.6465 42082.6289 32923.6211
  endloop
 endfacet
facet normal -0.640754402 0.767545104 -0.0175601933
  outer loop
   vertex 27812.0293 42235.8828 32930.6641
   vertex 27628.6465 42082.6289 32923.6211
   vertex 27647.541 42101.0156 33037.6992
  endloop
 endfacet
facet normal -0.648208618 0.76130867 -0.0153204584
  outer loop
   vertex 27536.3184 42005.6836 33006.2578
   vertex 27647.541 42101.0156 33037.6992
   vertex 27628.6465 42082.6289 32923.6211
  endloop
 endfacet
facet normal -0.431806475 0.900459766 -0.0521095693
  outer loop
   vertex 27029.4629 41659.125 32982.1758
   vertex 26925.5879 41611.1523 33013.9883
   vertex 27065.9922 41683.3242 33097.6484
  endloop
 endfacet
facet normal -0.444578052 0.888783932 -0.111415587
  outer loop
   vertex 26973.7441 41628.5312 32960.4492
   vertex 26925.5879 41611.1523 33013.9883
   vertex 27029.4629 41659.125 32982.1758
  endloop
 endfacet
facet normal -0.402750254 0.868930995 0.287665039
  outer loop
   vertex 26177.0586 41327.0625 33169.0352
   vertex 26246.5391 41305.6172 33331.0859
   vertex 26359.6621 41386.6758 33244.6172
  endloop
 endfacet
facet normal -0.0657263473 0.994015872 0.0872497186
  outer loop
   vertex 26594.7324 41453.0781 33211.3398
   vertex 26666.1328 41475.3672 33011.1953
   vertex 26555.1523 41460.7969 33093.5781
  endloop
 endfacet
facet normal -0.346264273 0.931616902 -0.110412702
  outer loop
   vertex 26120.8984 41283.6328 32978.6992
   vertex 26177.0586 41327.0625 33169.0352
   vertex 26419.916 41405.6602 33070.5977
  endloop
 endfacet
facet normal -0.30911994 0.95101738 -0.00328333629
  outer loop
   vertex 26359.6621 41386.6758 33244.6172
   vertex 26419.916 41405.6602 33070.5977
   vertex 26177.0586 41327.0625 33169.0352
  endloop
 endfacet
facet normal -0.508504987 0.582363904 -0.634251475
  outer loop
   vertex 25793.8945 41205.7148 33028.1094
   vertex 25813.9258 41230.0508 33034.3945
   vertex 25870.9902 41214.2617 32974.1445
  endloop
 endfacet
facet normal -0.227473542 0.876652062 -0.42395401
  outer loop
   vertex 26428.1543 41326.0547 32901.5664
   vertex 26120.8984 41283.6328 32978.6992
   vertex 26419.916 41405.6602 33070.5977
  endloop
 endfacet
facet normal -0.6905967 0.701909602 0.174353391
  outer loop
   vertex 25722.6855 41092.9219 33003.6602
   vertex 25597.3867 40952.1836 33073.9492
   vertex 25670.168 40995.0703 33189.5703
  endloop
 endfacet
facet normal -0.421885282 0.640249729 -0.641944766
  outer loop
   vertex 26976.8242 41585.0039 32916.3594
   vertex 26769.3789 41346.2461 32814.5664
   vertex 26666.1328 41475.3672 33011.1953
  endloop
 endfacet
facet normal -0.754778564 0.587310076 -0.292192072
  outer loop
   vertex 25905.8594 41201.4453 32858.3086
   vertex 25852.5625 41104.957 32802.0508
   vertex 25870.9902 41214.2617 32974.1445
  endloop
 endfacet
facet normal -0.341502577 0.933163285 -0.112170584
  outer loop
   vertex 26120.8984 41283.6328 32978.6992
   vertex 25913.6953 41224.0117 33113.5586
   vertex 26177.0586 41327.0625 33169.0352
  endloop
 endfacet
facet normal -0.536221802 0.487843424 -0.688821435
  outer loop
   vertex 25722.6855 41092.9219 33003.6602
   vertex 25793.8945 41205.7148 33028.1094
   vertex 25870.9902 41214.2617 32974.1445
  endloop
 endfacet
facet normal -0.398958921 0.616295874 -0.678978086
  outer loop
   vertex 25852.5625 41104.957 32802.0508
   vertex 25905.8594 41201.4453 32858.3086
   vertex 25952.668 41187.3281 32817.9922
  endloop
 endfacet
facet normal -0.160439804 0.858596325 -0.486899853
  outer loop
   vertex 25952.668 41187.3281 32817.9922
   vertex 25905.8594 41201.4453 32858.3086
   vertex 25982.7637 41224.7305 32874.0352
  endloop
 endfacet
facet normal 0.062262971 0.814383566 -0.576977193
  outer loop
   vertex 26102.7246 41151.043 32782.9727
   vertex 25952.668 41187.3281 32817.9922
   vertex 25982.7637 41224.7305 32874.0352
  endloop
 endfacet
facet normal 0.0768356919 0.82214874 -0.564063609
  outer loop
   vertex 26120.8984 41283.6328 32978.6992
   vertex 26102.7246 41151.043 32782.9727
   vertex 25982.7637 41224.7305 32874.0352
  endloop
 endfacet
facet normal -0.244843155 0.813127995 -0.528085887
  outer loop
   vertex 26120.8984 41283.6328 32978.6992
   vertex 26428.1543 41326.0547 32901.5664
   vertex 26102.7246 41151.043 32782.9727
  endloop
 endfacet
facet normal -0.251004815 0.95095408 -0.180784151
  outer loop
   vertex 25870.9902 41214.2617 32974.1445
   vertex 25982.7637 41224.7305 32874.0352
   vertex 25905.8594 41201.4453 32858.3086
  endloop
 endfacet
facet normal -0.241992936 0.970257819 0.00625578035
  outer loop
   vertex 25870.9902 41214.2617 32974.1445
   vertex 25809.498 41198.1445 33094.8867
   vertex 25913.6953 41224.0117 33113.5586
  endloop
 endfacet
facet normal -0.25934425 0.946804762 -0.190529108
  outer loop
   vertex 26120.8984 41283.6328 32978.6992
   vertex 25982.7637 41224.7305 32874.0352
   vertex 25870.9902 41214.2617 32974.1445
  endloop
 endfacet
facet normal -0.267687708 0.963395 0.0146065643
  outer loop
   vertex 26120.8984 41283.6328 32978.6992
   vertex 25870.9902 41214.2617 32974.1445
   vertex 25913.6953 41224.0117 33113.5586
  endloop
 endfacet
facet normal -0.150454 0.729616761 -0.66710043
  outer loop
   vertex 26666.1328 41475.3672 33011.1953
   vertex 26428.1543 41326.0547 32901.5664
   vertex 26499.252 41417.0391 32985.0391
  endloop
 endfacet
facet normal -0.712926328 0.682503641 -0.161011994
  outer loop
   vertex 27628.6465 42082.6289 32923.6211
   vertex 27493.8867 41925.9258 32856.0625
   vertex 27536.3184 42005.6836 33006.2578
  endloop
 endfacet
facet normal -0.675223589 0.69142592 -0.256911188
  outer loop
   vertex 27628.6465 42082.6289 32923.6211
   vertex 27691.5742 42094.5547 32790.3203
   vertex 27493.8867 41925.9258 32856.0625
  endloop
 endfacet
facet normal -0.645790517 0.734719336 -0.207706764
  outer loop
   vertex 27421.6523 41909.0781 33021.0508
   vertex 27536.3184 42005.6836 33006.2578
   vertex 27493.8867 41925.9258 32856.0625
  endloop
 endfacet
facet normal -0.599583983 0.779121876 -0.182943106
  outer loop
   vertex 27421.6523 41909.0781 33021.0508
   vertex 27493.8867 41925.9258 32856.0625
   vertex 27221.8105 41740.6641 32958.7773
  endloop
 endfacet
facet normal 0.270670503 -0.944690228 -0.185196936
  outer loop
   vertex 27918.252 41366.1797 32923.6328
   vertex 27919.5449 41343.7656 33039.8594
   vertex 27815.6445 41296.2969 33130.1406
  endloop
 endfacet
facet normal 0.57217747 -0.781939209 0.247354075
  outer loop
   vertex 27919.5449 41343.7656 33039.8594
   vertex 28000.2109 41410.1484 33063.1133
   vertex 27815.6445 41296.2969 33130.1406
  endloop
 endfacet
facet normal 0.568699241 -0.818645775 0.0800018162
  outer loop
   vertex 28389.6309 41694.6875 33092.0898
   vertex 28192.3379 41553.2695 33047.4648
   vertex 28354.8281 41649.7617 32879.7734
  endloop
 endfacet
facet normal 0.515947759 -0.834819913 -0.192025125
  outer loop
   vertex 28155.0664 41539.8047 32805.1055
   vertex 28074.6719 41454.9531 32957.9727
   vertex 27918.252 41366.1797 32923.6328
  endloop
 endfacet
facet normal 0.496522576 -0.867833257 -0.0181874093
  outer loop
   vertex 28000.2109 41410.1484 33063.1133
   vertex 27918.252 41366.1797 32923.6328
   vertex 28074.6719 41454.9531 32957.9727
  endloop
 endfacet
facet normal 0.653690636 -0.741684616 -0.150307715
  outer loop
   vertex 27919.5449 41343.7656 33039.8594
   vertex 27918.252 41366.1797 32923.6328
   vertex 28000.2109 41410.1484 33063.1133
  endloop
 endfacet
facet normal 0.667034268 -0.742498934 -0.0613239594
  outer loop
   vertex 28155.0664 41539.8047 32805.1055
   vertex 28192.3379 41553.2695 33047.4648
   vertex 28074.6719 41454.9531 32957.9727
  endloop
 endfacet
facet normal 0.489740223 -0.871453524 -0.0268942453
  outer loop
   vertex 28155.0664 41539.8047 32805.1055
   vertex 28354.8281 41649.7617 32879.7734
   vertex 28192.3379 41553.2695 33047.4648
  endloop
 endfacet
facet normal 0.599676609 -0.79564786 0.0856299251
  outer loop
   vertex 28000.2109 41410.1484 33063.1133
   vertex 28074.6719 41454.9531 32957.9727
   vertex 28192.3379 41553.2695 33047.4648
  endloop
 endfacet
facet normal 0.725743413 -0.57974726 0.37039119
  outer loop
   vertex 28759.2363 42063.4062 33041.6641
   vertex 28659.3672 41962.8359 33079.9336
   vertex 28724.4414 41948.5273 32930.0273
  endloop
 endfacet
facet normal 0.662132502 -0.657962263 0.358700693
  outer loop
   vertex 29033.4434 42223.6289 32853.2422
   vertex 29054.6699 42148.2109 32675.7168
   vertex 29201.8457 42285.3789 32655.6504
  endloop
 endfacet
facet normal 0.573781013 -0.484177053 0.66056639
  outer loop
   vertex 29269.3574 42441.707 32818.0469
   vertex 29417.3867 42615.1953 32816.6289
   vertex 29276.4551 42545.7422 32888.1367
  endloop
 endfacet
facet normal 0.679038584 -0.649221063 0.342664033
  outer loop
   vertex 29201.8457 42285.3789 32655.6504
   vertex 29269.3574 42441.707 32818.0469
   vertex 29157.1973 42340.1914 32847.9727
  endloop
 endfacet
facet normal 0.651515245 -0.676180899 0.343958199
  outer loop
   vertex 29033.4434 42223.6289 32853.2422
   vertex 29201.8457 42285.3789 32655.6504
   vertex 29157.1973 42340.1914 32847.9727
  endloop
 endfacet
facet normal 0.735044003 -0.33527568 0.58932209
  outer loop
   vertex 29098.8359 42334.6523 32917.6133
   vertex 29157.1973 42340.1914 32847.9727
   vertex 29143.4336 42467.418 32937.5234
  endloop
 endfacet
facet normal 0.616882682 -0.633872867 0.466541409
  outer loop
   vertex 29098.8359 42334.6523 32917.6133
   vertex 29033.4434 42223.6289 32853.2422
   vertex 29157.1973 42340.1914 32847.9727
  endloop
 endfacet
facet normal 0.57419008 -0.428787529 0.697457492
  outer loop
   vertex 29269.3574 42441.707 32818.0469
   vertex 29143.4336 42467.418 32937.5234
   vertex 29157.1973 42340.1914 32847.9727
  endloop
 endfacet
facet normal 0.543063104 -0.494337529 0.678758323
  outer loop
   vertex 29269.3574 42441.707 32818.0469
   vertex 29276.4551 42545.7422 32888.1367
   vertex 29143.4336 42467.418 32937.5234
  endloop
 endfacet
facet normal 0.59546876 -0.502568007 0.62677139
  outer loop
   vertex 28851.541 42259.6406 33054.9336
   vertex 28865.1133 42071.1758 32890.918
   vertex 29033.4434 42223.6289 32853.2422
  endloop
 endfacet
facet normal 0.557232559 -0.569543064 0.604245484
  outer loop
   vertex 28851.541 42259.6406 33054.9336
   vertex 29033.4434 42223.6289 32853.2422
   vertex 29026.1035 42344.7422 32974.1641
  endloop
 endfacet
facet normal 0.761831045 -0.393160552 0.514818609
  outer loop
   vertex 28851.541 42259.6406 33054.9336
   vertex 28759.2363 42063.4062 33041.6641
   vertex 28865.1133 42071.1758 32890.918
  endloop
 endfacet
facet normal 0.673237443 -0.678324521 0.294324905
  outer loop
   vertex 28865.1133 42071.1758 32890.918
   vertex 28724.4414 41948.5273 32930.0273
   vertex 28801.2988 41966.2539 32795.082
  endloop
 endfacet
facet normal 0.658187807 -0.617654562 0.430455208
  outer loop
   vertex 28759.2363 42063.4062 33041.6641
   vertex 28724.4414 41948.5273 32930.0273
   vertex 28865.1133 42071.1758 32890.918
  endloop
 endfacet
facet normal 0.666223109 -0.659898579 0.347391129
  outer loop
   vertex 28659.3672 41962.8359 33079.9336
   vertex 28574.1348 41919.6367 33161.3281
   vertex 28538.2129 41807.6719 33017.5312
  endloop
 endfacet
facet normal 0.567808986 -0.81949836 0.0775592178
  outer loop
   vertex 28801.2988 41966.2539 32795.082
   vertex 28840.918 41980.0234 32650.4961
   vertex 28872.4336 42013.3516 32771.9414
  endloop
 endfacet
facet normal 0.558615685 -0.826081872 0.074413076
  outer loop
   vertex 28801.2988 41966.2539 32795.082
   vertex 28657.3789 41861.9141 32717.1504
   vertex 28840.918 41980.0234 32650.4961
  endloop
 endfacet
facet normal 0.671364069 -0.656070828 0.344733745
  outer loop
   vertex 29033.4434 42223.6289 32853.2422
   vertex 28865.1133 42071.1758 32890.918
   vertex 28946.9219 42073.8164 32736.625
  endloop
 endfacet
facet normal 0.632506847 -0.766334832 0.11254327
  outer loop
   vertex 28538.2129 41807.6719 33017.5312
   vertex 28657.3789 41861.9141 32717.1504
   vertex 28724.4414 41948.5273 32930.0273
  endloop
 endfacet
facet normal 0.616980791 -0.780089378 0.10390003
  outer loop
   vertex 28538.2129 41807.6719 33017.5312
   vertex 28486.2324 41732.2422 32759.8652
   vertex 28657.3789 41861.9141 32717.1504
  endloop
 endfacet
facet normal 0.664179921 -0.659881115 0.351314574
  outer loop
   vertex 28659.3672 41962.8359 33079.9336
   vertex 28538.2129 41807.6719 33017.5312
   vertex 28724.4414 41948.5273 32930.0273
  endloop
 endfacet
facet normal 0.593387902 -0.708995342 0.3810727
  outer loop
   vertex 28865.1133 42071.1758 32890.918
   vertex 28801.2988 41966.2539 32795.082
   vertex 28872.4336 42013.3516 32771.9414
  endloop
 endfacet
facet normal 0.684818447 -0.637961328 0.35217756
  outer loop
   vertex 28872.4336 42013.3516 32771.9414
   vertex 28946.9219 42073.8164 32736.625
   vertex 28865.1133 42071.1758 32890.918
  endloop
 endfacet
facet normal 0.641981006 -0.76548624 0.0434875526
  outer loop
   vertex 28872.4336 42013.3516 32771.9414
   vertex 28840.918 41980.0234 32650.4961
   vertex 28946.9219 42073.8164 32736.625
  endloop
 endfacet
facet normal 0.604825199 -0.788168252 0.113917843
  outer loop
   vertex 28968.8574 42064.7617 32557.5098
   vertex 28946.9219 42073.8164 32736.625
   vertex 28840.918 41980.0234 32650.4961
  endloop
 endfacet
facet normal 0.543348849 -0.839328945 -0.0172895696
  outer loop
   vertex 28968.8574 42064.7617 32557.5098
   vertex 28840.918 41980.0234 32650.4961
   vertex 28861.1309 41995.7617 32521.5684
  endloop
 endfacet
facet normal 0.581266522 -0.800963223 0.143482283
  outer loop
   vertex 28968.8574 42064.7617 32557.5098
   vertex 29086.2969 42150.9336 32562.791
   vertex 29054.6699 42148.2109 32675.7168
  endloop
 endfacet
facet normal 0.599158525 -0.792865515 0.111235373
  outer loop
   vertex 28538.2129 41807.6719 33017.5312
   vertex 28354.8281 41649.7617 32879.7734
   vertex 28486.2324 41732.2422 32759.8652
  endloop
 endfacet
facet normal 0.659214914 -0.660491168 0.359426171
  outer loop
   vertex 28946.9219 42073.8164 32736.625
   vertex 29054.6699 42148.2109 32675.7168
   vertex 29033.4434 42223.6289 32853.2422
  endloop
 endfacet
facet normal 0.607344747 -0.78619808 0.114126787
  outer loop
   vertex 28968.8574 42064.7617 32557.5098
   vertex 29054.6699 42148.2109 32675.7168
   vertex 28946.9219 42073.8164 32736.625
  endloop
 endfacet
facet normal 0.721782446 -0.680330873 0.127200738
  outer loop
   vertex 27400.3672 40929.8711 33030.9805
   vertex 27304.0859 40861.207 33210.0469
   vertex 27259.7715 40789.2891 33076.8516
  endloop
 endfacet
facet normal 0.735553026 -0.667514443 0.115698807
  outer loop
   vertex 27304.0859 40861.207 33210.0469
   vertex 27184.291 40719.9805 33156.8633
   vertex 27259.7715 40789.2891 33076.8516
  endloop
 endfacet
facet normal -0.173100561 0.541977346 0.822372675
  outer loop
   vertex 26349.4648 41174.3477 33510.2969
   vertex 26127.1133 41032.1719 33557.1953
   vertex 26292.9414 40935.8711 33655.5664
  endloop
 endfacet
facet normal 0.633617878 -0.657432318 0.407812625
  outer loop
   vertex 27073.6523 40668.0156 33256.6289
   vertex 27304.0859 40861.207 33210.0469
   vertex 27190.2285 40871.7617 33403.9688
  endloop
 endfacet
facet normal 0.347135723 -0.545235634 -0.763030052
  outer loop
   vertex 26978.2852 40840.6445 32763.0977
   vertex 27224.3398 40967.8203 32784.1602
   vertex 27080.6914 40757.3477 32869.207
  endloop
 endfacet
facet normal 0.0863183364 -0.423321813 -0.901857972
  outer loop
   vertex 27219.6738 40844.5625 32841.5703
   vertex 27080.6914 40757.3477 32869.207
   vertex 27224.3398 40967.8203 32784.1602
  endloop
 endfacet
facet normal 0.607249916 -0.785496593 0.119342536
  outer loop
   vertex 26214.0605 39987.6406 33388.3359
   vertex 26002.1914 39821.6953 33374.1445
   vertex 26152.6328 39917.1602 33236.9844
  endloop
 endfacet
facet normal 0.0130275516 -0.221678168 0.975032866
  outer loop
   vertex 25718.3438 39966.2969 33653.2461
   vertex 25510.1328 39931.7188 33648.1641
   vertex 25535.8906 39766.8711 33610.3398
  endloop
 endfacet
facet normal -0.932269633 0.35953176 -0.0401284695
  outer loop
   vertex 25373.873 40545.4492 32952.1094
   vertex 25341.9766 40487.1914 33171.1914
   vertex 25437.8086 40723.5938 33062.8555
  endloop
 endfacet
facet normal -0.789538145 0.583624363 0.189768553
  outer loop
   vertex 25670.168 40995.0703 33189.5703
   vertex 25519.2559 40796.9883 33170.8867
   vertex 25610.9434 40893.4922 33255.5625
  endloop
 endfacet
facet normal -0.749585211 0.443601489 0.49126336
  outer loop
   vertex 25238.1973 40270.2109 33277.1055
   vertex 25324.4004 40178.0938 33491.8164
   vertex 25498.4648 40516.7734 33451.5898
  endloop
 endfacet
facet normal 0.259870946 -0.33465293 0.905800462
  outer loop
   vertex 26297.877 40462.0859 33743.4688
   vertex 26127.5039 40293.4883 33730.0586
   vertex 26370.7285 40344.5234 33679.1328
  endloop
 endfacet
facet normal -0.624076962 0.400439829 0.670951486
  outer loop
   vertex 25504.0801 40282.457 33596.6562
   vertex 25498.4648 40516.7734 33451.5898
   vertex 25324.4004 40178.0938 33491.8164
  endloop
 endfacet
facet normal -0.425562084 0.164453164 0.88986069
  outer loop
   vertex 25705.8262 40490.6758 33654.6562
   vertex 25504.0801 40282.457 33596.6562
   vertex 25638.2637 40177.4414 33680.2344
  endloop
 endfacet
facet normal -0.745300293 0.503482103 0.437073469
  outer loop
   vertex 25498.4648 40516.7734 33451.5898
   vertex 25630.752 40628.5273 33548.4297
   vertex 25679.4375 40845.5 33381.5078
  endloop
 endfacet
facet normal -0.456527203 0.169784442 0.873359144
  outer loop
   vertex 25783.8223 40327.3516 33727.1797
   vertex 25705.8262 40490.6758 33654.6562
   vertex 25638.2637 40177.4414 33680.2344
  endloop
 endfacet
facet normal -0.846226573 0.532643974 -0.0138197709
  outer loop
   vertex 25141.4062 40122.8867 33255.3359
   vertex 25193.0039 40200.3984 33083.3086
   vertex 25053.2559 39982.7188 33250.6445
  endloop
 endfacet
facet normal -0.798059821 0.468283117 0.379224777
  outer loop
   vertex 25142.8418 40016.4883 33389.7461
   vertex 25238.1973 40270.2109 33277.1055
   vertex 25141.4062 40122.8867 33255.3359
  endloop
 endfacet
facet normal -0.528144002 0.657245636 0.537672877
  outer loop
   vertex 25610.9434 40893.4922 33255.5625
   vertex 25679.4375 40845.5 33381.5078
   vertex 25670.168 40995.0703 33189.5703
  endloop
 endfacet
facet normal -0.632467449 0.595877767 0.494888484
  outer loop
   vertex 25670.168 40995.0703 33189.5703
   vertex 25679.4375 40845.5 33381.5078
   vertex 25847.793 41125.625 33259.3789
  endloop
 endfacet
facet normal -0.569967628 0.59129405 0.570533335
  outer loop
   vertex 25920.3301 40973.6602 33489.3398
   vertex 25847.793 41125.625 33259.3789
   vertex 25679.4375 40845.5 33381.5078
  endloop
 endfacet
facet normal -0.793926835 0.281375706 0.538987875
  outer loop
   vertex 25610.9434 40893.4922 33255.5625
   vertex 25519.2559 40796.9883 33170.8867
   vertex 25679.4375 40845.5 33381.5078
  endloop
 endfacet
facet normal -0.739963472 0.502655983 0.44697991
  outer loop
   vertex 25498.4648 40516.7734 33451.5898
   vertex 25679.4375 40845.5 33381.5078
   vertex 25519.2559 40796.9883 33170.8867
  endloop
 endfacet
facet normal -0.56844157 0.566392004 0.596719623
  outer loop
   vertex 25679.4375 40845.5 33381.5078
   vertex 25813.7598 40747.2109 33602.7617
   vertex 25920.3301 40973.6602 33489.3398
  endloop
 endfacet
facet normal -0.595204115 0.796532333 -0.1061524
  outer loop
   vertex 25498.4648 40516.7734 33451.5898
   vertex 25559.6992 40574.2578 33539.6055
   vertex 25630.752 40628.5273 33548.4297
  endloop
 endfacet
facet normal -0.413351238 0.0125051653 0.910485804
  outer loop
   vertex 25929.8008 40430.2734 33757.168
   vertex 25880.7207 40561.6602 33733.082
   vertex 25705.8262 40490.6758 33654.6562
  endloop
 endfacet
facet normal -0.554154813 0.582110703 0.595029116
  outer loop
   vertex 25630.752 40628.5273 33548.4297
   vertex 25813.7598 40747.2109 33602.7617
   vertex 25679.4375 40845.5 33381.5078
  endloop
 endfacet
facet normal -0.473001003 0.361551374 0.803461671
  outer loop
   vertex 25813.7598 40747.2109 33602.7617
   vertex 25630.752 40628.5273 33548.4297
   vertex 25705.8262 40490.6758 33654.6562
  endloop
 endfacet
facet normal -0.451193303 0.467066526 0.760442913
  outer loop
   vertex 25630.752 40628.5273 33548.4297
   vertex 25559.6992 40574.2578 33539.6055
   vertex 25587.4668 40558.1133 33565.9961
  endloop
 endfacet
facet normal -0.369680762 0.432418078 0.822405457
  outer loop
   vertex 25587.4668 40558.1133 33565.9961
   vertex 25705.8262 40490.6758 33654.6562
   vertex 25630.752 40628.5273 33548.4297
  endloop
 endfacet
facet normal -0.679948092 -0.337546676 0.65094769
  outer loop
   vertex 25587.4668 40558.1133 33565.9961
   vertex 25498.4648 40516.7734 33451.5898
   vertex 25705.8262 40490.6758 33654.6562
  endloop
 endfacet
facet normal -0.61313647 0.405166298 0.678162158
  outer loop
   vertex 25498.4648 40516.7734 33451.5898
   vertex 25504.0801 40282.457 33596.6562
   vertex 25705.8262 40490.6758 33654.6562
  endloop
 endfacet
facet normal -0.598880112 0.275789261 0.751852989
  outer loop
   vertex 25405.6074 40037.2695 33608.1562
   vertex 25504.0801 40282.457 33596.6562
   vertex 25324.4004 40178.0938 33491.8164
  endloop
 endfacet
facet normal -0.351559699 0.234542444 0.90630877
  outer loop
   vertex 25929.8008 40430.2734 33757.168
   vertex 25705.8262 40490.6758 33654.6562
   vertex 25783.8223 40327.3516 33727.1797
  endloop
 endfacet
facet normal -0.715818942 0.489917874 0.497577846
  outer loop
   vertex 25142.8418 40016.4883 33389.7461
   vertex 25324.4004 40178.0938 33491.8164
   vertex 25238.1973 40270.2109 33277.1055
  endloop
 endfacet
facet normal 0.14180705 -0.519981086 0.842324436
  outer loop
   vertex 26127.5039 40293.4883 33730.0586
   vertex 25995.0098 40325.0391 33771.8398
   vertex 25885.7793 40213.5078 33721.3789
  endloop
 endfacet
facet normal -0.533498943 0.334233671 0.776959896
  outer loop
   vertex 25405.6074 40037.2695 33608.1562
   vertex 25324.4004 40178.0938 33491.8164
   vertex 25231.1914 39926.7578 33535.9375
  endloop
 endfacet
facet normal -0.681178272 0.364108056 0.635154665
  outer loop
   vertex 25324.4004 40178.0938 33491.8164
   vertex 25142.8418 40016.4883 33389.7461
   vertex 25231.1914 39926.7578 33535.9375
  endloop
 endfacet
facet normal -0.102309294 -0.141790703 0.984595478
  outer loop
   vertex 25929.8008 40430.2734 33757.168
   vertex 25783.8223 40327.3516 33727.1797
   vertex 25885.7793 40213.5078 33721.3789
  endloop
 endfacet
facet normal -0.345880151 -0.0840547606 0.934506118
  outer loop
   vertex 25995.0098 40325.0391 33771.8398
   vertex 25929.8008 40430.2734 33757.168
   vertex 25885.7793 40213.5078 33721.3789
  endloop
 endfacet
facet normal 0.119892351 -0.198525429 0.972735047
  outer loop
   vertex 26297.877 40462.0859 33743.4688
   vertex 26129.168 40481.5312 33768.2305
   vertex 26127.5039 40293.4883 33730.0586
  endloop
 endfacet
facet normal -0.136346593 -0.176332459 0.974841774
  outer loop
   vertex 25638.2637 40177.4414 33680.2344
   vertex 25718.3438 39966.2969 33653.2461
   vertex 25885.7793 40213.5078 33721.3789
  endloop
 endfacet
facet normal -0.137019038 -0.172410339 0.975448847
  outer loop
   vertex 25783.8223 40327.3516 33727.1797
   vertex 25638.2637 40177.4414 33680.2344
   vertex 25885.7793 40213.5078 33721.3789
  endloop
 endfacet
facet normal -0.199496672 0.0129645253 0.979812741
  outer loop
   vertex 25929.8008 40430.2734 33757.168
   vertex 25995.0098 40325.0391 33771.8398
   vertex 26044.0254 40378.9648 33781.1055
  endloop
 endfacet
facet normal 0.364768207 -0.188332319 0.911852539
  outer loop
   vertex 26044.0254 40378.9648 33781.1055
   vertex 26127.5039 40293.4883 33730.0586
   vertex 26129.168 40481.5312 33768.2305
  endloop
 endfacet
facet normal 0.271556914 -0.440173298 0.855864644
  outer loop
   vertex 26370.7285 40344.5234 33679.1328
   vertex 26127.5039 40293.4883 33730.0586
   vertex 26259.752 40188.4844 33634.0938
  endloop
 endfacet
facet normal -0.186270311 0.316849172 0.930005372
  outer loop
   vertex 25880.7207 40561.6602 33733.082
   vertex 26044.0352 40668.0156 33729.5586
   vertex 25868.0762 40645.6953 33701.9219
  endloop
 endfacet
facet normal -0.182220936 0.263540715 0.947281301
  outer loop
   vertex 25868.0762 40645.6953 33701.9219
   vertex 26044.0352 40668.0156 33729.5586
   vertex 25929.1445 40736.2383 33688.4766
  endloop
 endfacet
facet normal -0.504659176 0.449776679 0.736898959
  outer loop
   vertex 25813.7598 40747.2109 33602.7617
   vertex 25868.0762 40645.6953 33701.9219
   vertex 25929.1445 40736.2383 33688.4766
  endloop
 endfacet
facet normal -0.0701105744 0.425278008 0.902343154
  outer loop
   vertex 26044.0352 40668.0156 33729.5586
   vertex 26015.9297 40857.2656 33638.1797
   vertex 25929.1445 40736.2383 33688.4766
  endloop
 endfacet
facet normal -0.580022395 0.388846159 0.715802133
  outer loop
   vertex 25705.8262 40490.6758 33654.6562
   vertex 25868.0762 40645.6953 33701.9219
   vertex 25813.7598 40747.2109 33602.7617
  endloop
 endfacet
facet normal -0.441767573 0.595594406 0.670901418
  outer loop
   vertex 26015.9297 40857.2656 33638.1797
   vertex 25813.7598 40747.2109 33602.7617
   vertex 25929.1445 40736.2383 33688.4766
  endloop
 endfacet
facet normal -0.397474319 0.581381023 0.709936798
  outer loop
   vertex 26127.1133 41032.1719 33557.1953
   vertex 25920.3301 40973.6602 33489.3398
   vertex 26015.9297 40857.2656 33638.1797
  endloop
 endfacet
facet normal -0.428166926 0.557670653 0.71110934
  outer loop
   vertex 25813.7598 40747.2109 33602.7617
   vertex 26015.9297 40857.2656 33638.1797
   vertex 25920.3301 40973.6602 33489.3398
  endloop
 endfacet
facet normal -0.0956534892 0.160064936 0.982461035
  outer loop
   vertex 25929.8008 40430.2734 33757.168
   vertex 26129.168 40481.5312 33768.2305
   vertex 26044.0352 40668.0156 33729.5586
  endloop
 endfacet
facet normal -0.077516973 0.151689947 0.985383809
  outer loop
   vertex 25880.7207 40561.6602 33733.082
   vertex 25929.8008 40430.2734 33757.168
   vertex 26044.0352 40668.0156 33729.5586
  endloop
 endfacet
facet normal 0.225274429 -0.00731848506 0.97426784
  outer loop
   vertex 26333.7871 40669.9062 33736.7266
   vertex 26297.877 40462.0859 33743.4688
   vertex 26510.3672 40548.1328 33694.9805
  endloop
 endfacet
facet normal -0.197908029 0.512648046 0.835478544
  outer loop
   vertex 26127.1133 41032.1719 33557.1953
   vertex 26015.9297 40857.2656 33638.1797
   vertex 26292.9414 40935.8711 33655.5664
  endloop
 endfacet
facet normal 0.245140031 -0.171436936 0.954209507
  outer loop
   vertex 26713.7617 40889.5781 33679
   vertex 26850.2402 40784.1328 33624.9922
   vertex 26924.3594 40956.6602 33636.9492
  endloop
 endfacet
facet normal -0.0255194679 0.191800117 0.981102169
  outer loop
   vertex 26044.0352 40668.0156 33729.5586
   vertex 26129.168 40481.5312 33768.2305
   vertex 26333.7871 40669.9062 33736.7266
  endloop
 endfacet
facet normal -0.048435688 0.274288535 0.960426867
  outer loop
   vertex 26581.6152 41088.8242 33615.4297
   vertex 26713.7617 40889.5781 33679
   vertex 26875.916 41103.3438 33626.125
  endloop
 endfacet
facet normal 0.0303561278 0.148376614 0.988464892
  outer loop
   vertex 26497.4258 40865.4531 33702.3477
   vertex 26333.7871 40669.9062 33736.7266
   vertex 26551.9473 40732.5547 33720.6211
  endloop
 endfacet
facet normal -0.402597755 0.543914199 0.736255646
  outer loop
   vertex 26406.543 41076.9648 33613.4531
   vertex 26349.4648 41174.3477 33510.2969
   vertex 26292.9414 40935.8711 33655.5664
  endloop
 endfacet
facet normal -0.0316916518 0.309218854 0.950462699
  outer loop
   vertex 26581.6152 41088.8242 33615.4297
   vertex 26406.543 41076.9648 33613.4531
   vertex 26292.9414 40935.8711 33655.5664
  endloop
 endfacet
facet normal -0.0255571865 0.288171738 0.957237601
  outer loop
   vertex 26333.7871 40669.9062 33736.7266
   vertex 26292.9414 40935.8711 33655.5664
   vertex 26044.0352 40668.0156 33729.5586
  endloop
 endfacet
facet normal -0.171929136 0.407513738 0.896868408
  outer loop
   vertex 26015.9297 40857.2656 33638.1797
   vertex 26044.0352 40668.0156 33729.5586
   vertex 26292.9414 40935.8711 33655.5664
  endloop
 endfacet
facet normal -0.12460912 0.272028655 0.954187095
  outer loop
   vertex 26292.9414 40935.8711 33655.5664
   vertex 26333.7871 40669.9062 33736.7266
   vertex 26497.4258 40865.4531 33702.3477
  endloop
 endfacet
facet normal 0.647742748 -0.629762232 0.428752661
  outer loop
   vertex 26759.416 40432.4648 33385.3828
   vertex 27073.6523 40668.0156 33256.6289
   vertex 26952.3301 40698.3867 33484.5312
  endloop
 endfacet
facet normal 0.323604316 -0.291990876 0.900012016
  outer loop
   vertex 26370.7285 40344.5234 33679.1328
   vertex 26510.3672 40548.1328 33694.9805
   vertex 26297.877 40462.0859 33743.4688
  endloop
 endfacet
facet normal 0.0631822124 0.341126829 0.937891543
  outer loop
   vertex 26497.4258 40865.4531 33702.3477
   vertex 26713.7617 40889.5781 33679
   vertex 26581.6152 41088.8242 33615.4297
  endloop
 endfacet
facet normal -0.0770903677 0.386645079 0.919000924
  outer loop
   vertex 26497.4258 40865.4531 33702.3477
   vertex 26581.6152 41088.8242 33615.4297
   vertex 26292.9414 40935.8711 33655.5664
  endloop
 endfacet
facet normal 0.156205043 0.123879544 0.979925454
  outer loop
   vertex 26875.916 41103.3438 33626.125
   vertex 26713.7617 40889.5781 33679
   vertex 26924.3594 40956.6602 33636.9492
  endloop
 endfacet
facet normal 0.453157991 -0.209855571 0.866376638
  outer loop
   vertex 26924.3594 40956.6602 33636.9492
   vertex 27055.9102 40911.793 33557.2734
   vertex 27091.8945 41108.5234 33586.1055
  endloop
 endfacet
facet normal 0.17761673 0.130616471 0.975393057
  outer loop
   vertex 26875.916 41103.3438 33626.125
   vertex 26924.3594 40956.6602 33636.9492
   vertex 27091.8945 41108.5234 33586.1055
  endloop
 endfacet
facet normal 0.585873127 -0.49412936 0.642330825
  outer loop
   vertex 27190.2285 40871.7617 33403.9688
   vertex 27279.7031 41089.5508 33489.8945
   vertex 27055.9102 40911.793 33557.2734
  endloop
 endfacet
facet normal 0.658949792 -0.650852203 0.377063155
  outer loop
   vertex 27426.6309 41061.4219 33341.4844
   vertex 27304.0859 40861.207 33210.0469
   vertex 27540.5586 41073.6094 33163.4219
  endloop
 endfacet
facet normal 0.429342479 -0.207351938 0.879016638
  outer loop
   vertex 27279.7031 41089.5508 33489.8945
   vertex 27091.8945 41108.5234 33586.1055
   vertex 27055.9102 40911.793 33557.2734
  endloop
 endfacet
facet normal 0.575445652 -0.617424607 0.536329329
  outer loop
   vertex 26728.6973 40582.9023 33591.5273
   vertex 26759.416 40432.4648 33385.3828
   vertex 26952.3301 40698.3867 33484.5312
  endloop
 endfacet
facet normal 0.634466112 -0.656341136 0.408251256
  outer loop
   vertex 27304.0859 40861.207 33210.0469
   vertex 27426.6309 41061.4219 33341.4844
   vertex 27190.2285 40871.7617 33403.9688
  endloop
 endfacet
facet normal 0.564356804 -0.503564358 0.654159248
  outer loop
   vertex 27564.8828 41312.7695 33415.6953
   vertex 27279.7031 41089.5508 33489.8945
   vertex 27426.6309 41061.4219 33341.4844
  endloop
 endfacet
facet normal 0.674859524 -0.73341924 0.0816141963
  outer loop
   vertex 27304.0859 40861.207 33210.0469
   vertex 27400.3672 40929.8711 33030.9805
   vertex 27540.5586 41073.6094 33163.4219
  endloop
 endfacet
facet normal 0.643682718 -0.728951871 -0.233027413
  outer loop
   vertex 27617.8965 41147.3477 32951.5469
   vertex 27400.3672 40929.8711 33030.9805
   vertex 27377.0234 40959.6211 32873.4375
  endloop
 endfacet
facet normal 0.615774691 -0.709424376 0.342838973
  outer loop
   vertex 27815.6445 41296.2969 33130.1406
   vertex 27637.1172 41216.1562 33284.957
   vertex 27540.5586 41073.6094 33163.4219
  endloop
 endfacet
facet normal 0.532538474 -0.492995888 0.688010037
  outer loop
   vertex 27055.9102 40911.793 33557.2734
   vertex 26850.2402 40784.1328 33624.9922
   vertex 26952.3301 40698.3867 33484.5312
  endloop
 endfacet
facet normal 0.573426127 -0.766831815 -0.28836
  outer loop
   vertex 26886.7754 40509.5078 33139.4883
   vertex 26671.2285 40331.1914 33185.0547
   vertex 26718.1738 40441.5586 32984.9062
  endloop
 endfacet
facet normal 0.119110271 -0.163024426 0.97940582
  outer loop
   vertex 26551.9473 40732.5547 33720.6211
   vertex 26333.7871 40669.9062 33736.7266
   vertex 26510.3672 40548.1328 33694.9805
  endloop
 endfacet
facet normal 0.80305016 -0.588409722 -0.0942570493
  outer loop
   vertex 26665.5156 40302.8984 33394.1914
   vertex 26645.1934 40284.3359 33336.9414
   vertex 26759.416 40432.4648 33385.3828
  endloop
 endfacet
facet normal 0.644428551 -0.672184408 0.364526957
  outer loop
   vertex 27073.6523 40668.0156 33256.6289
   vertex 27132.209 40673.043 33162.3828
   vertex 27184.291 40719.9805 33156.8633
  endloop
 endfacet
facet normal 0.641361475 -0.678750575 0.357705384
  outer loop
   vertex 27073.6523 40668.0156 33256.6289
   vertex 27184.291 40719.9805 33156.8633
   vertex 27304.0859 40861.207 33210.0469
  endloop
 endfacet
facet normal 0.581971884 -0.500852346 0.640668154
  outer loop
   vertex 27190.2285 40871.7617 33403.9688
   vertex 27055.9102 40911.793 33557.2734
   vertex 26952.3301 40698.3867 33484.5312
  endloop
 endfacet
facet normal 0.23907125 -0.186392799 0.952944219
  outer loop
   vertex 26678.4648 40702.0078 33682.9062
   vertex 26551.9473 40732.5547 33720.6211
   vertex 26510.3672 40548.1328 33694.9805
  endloop
 endfacet
facet normal 0.145987749 0.00686831353 0.989262581
  outer loop
   vertex 26129.168 40481.5312 33768.2305
   vertex 26297.877 40462.0859 33743.4688
   vertex 26333.7871 40669.9062 33736.7266
  endloop
 endfacet
facet normal 0.481452525 -0.869413733 0.111010194
  outer loop
   vertex 26645.1934 40284.3359 33336.9414
   vertex 26665.5156 40302.8984 33394.1914
   vertex 26548.0781 40243.1211 33435.3555
  endloop
 endfacet
facet normal 0.490433276 -0.454698801 0.743454278
  outer loop
   vertex 26422.7793 40242.8047 33582.5859
   vertex 26566.3516 40387.6172 33576.4414
   vertex 26370.7285 40344.5234 33679.1328
  endloop
 endfacet
facet normal 0.200398266 -0.511347651 0.835681856
  outer loop
   vertex 26127.5039 40293.4883 33730.0586
   vertex 26022.0098 40003.4375 33577.875
   vertex 26259.752 40188.4844 33634.0938
  endloop
 endfacet
facet normal 0.564546764 -0.455462456 0.688360989
  outer loop
   vertex 26850.2402 40784.1328 33624.9922
   vertex 26728.6973 40582.9023 33591.5273
   vertex 26952.3301 40698.3867 33484.5312
  endloop
 endfacet
facet normal 0.623116553 -0.660000384 0.419672757
  outer loop
   vertex 27073.6523 40668.0156 33256.6289
   vertex 27190.2285 40871.7617 33403.9688
   vertex 26952.3301 40698.3867 33484.5312
  endloop
 endfacet
facet normal 0.338007361 -0.0440156311 0.940113664
  outer loop
   vertex 26713.7617 40889.5781 33679
   vertex 26678.4648 40702.0078 33682.9062
   vertex 26850.2402 40784.1328 33624.9922
  endloop
 endfacet
facet normal 0.278338969 -0.0323744118 0.959937155
  outer loop
   vertex 26713.7617 40889.5781 33679
   vertex 26551.9473 40732.5547 33720.6211
   vertex 26678.4648 40702.0078 33682.9062
  endloop
 endfacet
facet normal 0.637999415 -0.577749133 0.509080172
  outer loop
   vertex 26548.0781 40243.1211 33435.3555
   vertex 26759.416 40432.4648 33385.3828
   vertex 26566.3516 40387.6172 33576.4414
  endloop
 endfacet
facet normal 0.432848364 -0.254908532 0.864675641
  outer loop
   vertex 26665.5156 40302.8984 33394.1914
   vertex 26759.416 40432.4648 33385.3828
   vertex 26548.0781 40243.1211 33435.3555
  endloop
 endfacet
facet normal 0.640299857 -0.571906209 0.512776196
  outer loop
   vertex 26728.6973 40582.9023 33591.5273
   vertex 26566.3516 40387.6172 33576.4414
   vertex 26759.416 40432.4648 33385.3828
  endloop
 endfacet
facet normal 0.461166292 -0.409456819 0.787191689
  outer loop
   vertex 26728.6973 40582.9023 33591.5273
   vertex 26850.2402 40784.1328 33624.9922
   vertex 26678.4648 40702.0078 33682.9062
  endloop
 endfacet
facet normal 0.442291409 -0.421031713 0.791903138
  outer loop
   vertex 26728.6973 40582.9023 33591.5273
   vertex 26678.4648 40702.0078 33682.9062
   vertex 26510.3672 40548.1328 33694.9805
  endloop
 endfacet
facet normal 0.441755652 -0.428138942 0.788383782
  outer loop
   vertex 26566.3516 40387.6172 33576.4414
   vertex 26728.6973 40582.9023 33591.5273
   vertex 26510.3672 40548.1328 33694.9805
  endloop
 endfacet
facet normal 0.408949554 -0.509394288 0.757151067
  outer loop
   vertex 26259.752 40188.4844 33634.0938
   vertex 26422.7793 40242.8047 33582.5859
   vertex 26370.7285 40344.5234 33679.1328
  endloop
 endfacet
facet normal 0.523783445 -0.776607335 0.350045592
  outer loop
   vertex 26397.2422 40102.1367 33368.25
   vertex 26320.4453 40114.3477 33510.2578
   vertex 26214.0605 39987.6406 33388.3359
  endloop
 endfacet
facet normal 0.134092703 -0.498217285 0.856620491
  outer loop
   vertex 26127.5039 40293.4883 33730.0586
   vertex 25885.7793 40213.5078 33721.3789
   vertex 26022.0098 40003.4375 33577.875
  endloop
 endfacet
facet normal 0.546311736 -0.756049752 0.360461116
  outer loop
   vertex 26548.0781 40243.1211 33435.3555
   vertex 26320.4453 40114.3477 33510.2578
   vertex 26397.2422 40102.1367 33368.25
  endloop
 endfacet
facet normal 0.546895981 -0.696894467 0.463942766
  outer loop
   vertex 26548.0781 40243.1211 33435.3555
   vertex 26422.7793 40242.8047 33582.5859
   vertex 26320.4453 40114.3477 33510.2578
  endloop
 endfacet
facet normal 0.266669303 -0.419734567 0.867588818
  outer loop
   vertex 25885.7793 40213.5078 33721.3789
   vertex 25718.3438 39966.2969 33653.2461
   vertex 26022.0098 40003.4375 33577.875
  endloop
 endfacet
facet normal 0.521669686 -0.580186725 0.625495076
  outer loop
   vertex 25635.8809 39546.9141 33446.3867
   vertex 25808.418 39669.5 33416.1953
   vertex 25727.7305 39740.2422 33549.1094
  endloop
 endfacet
facet normal -0.00562802516 0.164262652 0.986400604
  outer loop
   vertex 25231.1914 39926.7578 33535.9375
   vertex 25194.4199 39812.2539 33554.793
   vertex 25283.1621 39726.082 33569.6523
  endloop
 endfacet
facet normal -0.34144488 0.0180681851 0.939728141
  outer loop
   vertex 25405.6074 40037.2695 33608.1562
   vertex 25283.1621 39726.082 33569.6523
   vertex 25510.1328 39931.7188 33648.1641
  endloop
 endfacet
facet normal -0.407738775 0.0476023071 0.911856949
  outer loop
   vertex 25405.6074 40037.2695 33608.1562
   vertex 25231.1914 39926.7578 33535.9375
   vertex 25283.1621 39726.082 33569.6523
  endloop
 endfacet
facet normal 0.232976243 -0.337835282 0.911915243
  outer loop
   vertex 25186.3848 39064.4297 33406.7383
   vertex 25342.9336 39277.1094 33445.5352
   vertex 25149.3555 39284.1562 33497.6016
  endloop
 endfacet
facet normal -0.259403229 -0.0783915967 0.96258229
  outer loop
   vertex 25149.3555 39284.1562 33497.6016
   vertex 25283.1621 39726.082 33569.6523
   vertex 25026.5059 39511.9609 33483.0469
  endloop
 endfacet
facet normal -0.116562441 -0.239374429 0.963905096
  outer loop
   vertex 25283.1621 39726.082 33569.6523
   vertex 25535.8906 39766.8711 33610.3398
   vertex 25510.1328 39931.7188 33648.1641
  endloop
 endfacet
facet normal 0.227950111 -0.399566144 0.887910843
  outer loop
   vertex 25718.3438 39966.2969 33653.2461
   vertex 25535.8906 39766.8711 33610.3398
   vertex 25727.7305 39740.2422 33549.1094
  endloop
 endfacet
facet normal 0.230549932 -0.389529347 0.891691446
  outer loop
   vertex 25727.7305 39740.2422 33549.1094
   vertex 25535.8906 39766.8711 33610.3398
   vertex 25450.8594 39501.5 33516.4023
  endloop
 endfacet
facet normal 0.394053608 -0.690537512 0.606530845
  outer loop
   vertex 26259.752 40188.4844 33634.0938
   vertex 26022.0098 40003.4375 33577.875
   vertex 26320.4453 40114.3477 33510.2578
  endloop
 endfacet
facet normal 0.417183787 -0.674990833 0.608559847
  outer loop
   vertex 26259.752 40188.4844 33634.0938
   vertex 26320.4453 40114.3477 33510.2578
   vertex 26422.7793 40242.8047 33582.5859
  endloop
 endfacet
facet normal 0.399077654 -0.787308156 0.46998179
  outer loop
   vertex 26320.4453 40114.3477 33510.2578
   vertex 26022.0098 40003.4375 33577.875
   vertex 26214.0605 39987.6406 33388.3359
  endloop
 endfacet
facet normal 0.490452379 -0.673468232 0.553079545
  outer loop
   vertex 26214.0605 39987.6406 33388.3359
   vertex 26022.0098 40003.4375 33577.875
   vertex 26002.1914 39821.6953 33374.1445
  endloop
 endfacet
facet normal 0.672694147 -0.583450139 0.455047846
  outer loop
   vertex 26022.0098 40003.4375 33577.875
   vertex 25897.5664 39795.6172 33495.375
   vertex 26002.1914 39821.6953 33374.1445
  endloop
 endfacet
facet normal 0.667081118 -0.71453315 0.210820183
  outer loop
   vertex 25480.2598 39305.2773 33192.1602
   vertex 25674.4844 39513.1797 33282.2344
   vertex 25484.5234 39367.8008 33390.5703
  endloop
 endfacet
facet normal 0.182589188 -0.351960927 0.918033063
  outer loop
   vertex 24952.2832 38998.7227 33478.0586
   vertex 25022.1582 38826.6016 33398.1719
   vertex 25079.291 39034.1172 33466.3672
  endloop
 endfacet
facet normal 0.0441297218 -0.101711228 0.993834674
  outer loop
   vertex 24398.5273 37422.7969 33226.1953
   vertex 24492.418 37541.5508 33234.1797
   vertex 24393.1191 37670.125 33251.7461
  endloop
 endfacet
facet normal -0.292068422 -0.104604617 0.950659752
  outer loop
   vertex 24398.5273 37422.7969 33226.1953
   vertex 24393.1191 37670.125 33251.7461
   vertex 24171.0781 37540.9766 33169.3203
  endloop
 endfacet
facet normal 0.249413371 0.0605662949 0.966501236
  outer loop
   vertex 24584.6602 37725.3477 33198.8594
   vertex 24393.1191 37670.125 33251.7461
   vertex 24492.418 37541.5508 33234.1797
  endloop
 endfacet
facet normal 0.845468342 -0.385291725 0.369775087
  outer loop
   vertex 24797.6367 38058.2812 33132.2305
   vertex 24848.1133 38058.7266 33017.2812
   vertex 24891.375 38187.9141 33052.9766
  endloop
 endfacet
facet normal -0.321153253 -0.296911955 0.899279654
  outer loop
   vertex 24241.6504 37880.0195 33262.4297
   vertex 24316.5449 37976.4023 33320.9961
   vertex 24274.748 38005.4648 33315.6641
  endloop
 endfacet
facet normal 0.529738367 -0.392868996 0.75168556
  outer loop
   vertex 25022.1582 38826.6016 33398.1719
   vertex 25186.3848 39064.4297 33406.7383
   vertex 25079.291 39034.1172 33466.3672
  endloop
 endfacet
facet normal 0.680858135 -0.519297779 0.516490102
  outer loop
   vertex 25170.4512 38886.6367 33248.9844
   vertex 25328.3457 39132.3555 33287.8984
   vertex 25186.3848 39064.4297 33406.7383
  endloop
 endfacet
facet normal 0.619857788 -0.681927562 0.388266832
  outer loop
   vertex 25897.5664 39795.6172 33495.375
   vertex 25808.418 39669.5 33416.1953
   vertex 26002.1914 39821.6953 33374.1445
  endloop
 endfacet
facet normal 0.413410485 -0.675536692 0.610526025
  outer loop
   vertex 25897.5664 39795.6172 33495.375
   vertex 25727.7305 39740.2422 33549.1094
   vertex 25808.418 39669.5 33416.1953
  endloop
 endfacet
facet normal 0.883336306 -0.465611398 0.0540645421
  outer loop
   vertex 25328.3457 39132.3555 33287.8984
   vertex 25257.1582 38983.8867 33172.3672
   vertex 25324.4922 39103.0508 33098.4805
  endloop
 endfacet
facet normal -0.394697666 0.103864715 0.912921607
  outer loop
   vertex 25283.1621 39726.082 33569.6523
   vertex 25107.0469 39782.3125 33487.1094
   vertex 25026.5059 39511.9609 33483.0469
  endloop
 endfacet
facet normal -0.488192588 -0.366175026 0.792201877
  outer loop
   vertex 25283.1621 39726.082 33569.6523
   vertex 25194.4199 39812.2539 33554.793
   vertex 25107.0469 39782.3125 33487.1094
  endloop
 endfacet
facet normal 0.72789079 -0.380638689 0.570341289
  outer loop
   vertex 25065.2988 38702.3594 33260.1992
   vertex 25170.4512 38886.6367 33248.9844
   vertex 25022.1582 38826.6016 33398.1719
  endloop
 endfacet
facet normal 0.705196381 -0.504883111 0.497786224
  outer loop
   vertex 25170.4512 38886.6367 33248.9844
   vertex 25186.3848 39064.4297 33406.7383
   vertex 25022.1582 38826.6016 33398.1719
  endloop
 endfacet
facet normal 0.6316396 -0.743816495 0.218559891
  outer loop
   vertex 25862.7402 39674.6016 33276.5742
   vertex 26002.1914 39821.6953 33374.1445
   vertex 25808.418 39669.5 33416.1953
  endloop
 endfacet
facet normal 0.78517586 -0.595280111 0.170705661
  outer loop
   vertex 25484.5234 39367.8008 33390.5703
   vertex 25328.3457 39132.3555 33287.8984
   vertex 25480.2598 39305.2773 33192.1602
  endloop
 endfacet
facet normal 0.794824123 -0.297596037 0.528858364
  outer loop
   vertex 25431.6934 39370.3398 33471.3984
   vertex 25484.5234 39367.8008 33390.5703
   vertex 25450.8594 39501.5 33516.4023
  endloop
 endfacet
facet normal 0.409543693 -0.568428934 0.71355623
  outer loop
   vertex 25484.5234 39367.8008 33390.5703
   vertex 25635.8809 39546.9141 33446.3867
   vertex 25450.8594 39501.5 33516.4023
  endloop
 endfacet
facet normal 0.0692403018 -0.180911317 0.981059074
  outer loop
   vertex 25450.8594 39501.5 33516.4023
   vertex 25283.1621 39726.082 33569.6523
   vertex 25149.3555 39284.1562 33497.6016
  endloop
 endfacet
facet normal 0.681451321 -0.668599784 0.297654867
  outer loop
   vertex 25484.5234 39367.8008 33390.5703
   vertex 25674.4844 39513.1797 33282.2344
   vertex 25635.8809 39546.9141 33446.3867
  endloop
 endfacet
facet normal 0.638593674 -0.736972809 0.2215157
  outer loop
   vertex 25674.4844 39513.1797 33282.2344
   vertex 25862.7402 39674.6016 33276.5742
   vertex 25808.418 39669.5 33416.1953
  endloop
 endfacet
facet normal 0.587302208 -0.754414082 0.293147683
  outer loop
   vertex 25635.8809 39546.9141 33446.3867
   vertex 25674.4844 39513.1797 33282.2344
   vertex 25808.418 39669.5 33416.1953
  endloop
 endfacet
facet normal 0.409369618 -0.572110236 0.71070838
  outer loop
   vertex 25635.8809 39546.9141 33446.3867
   vertex 25727.7305 39740.2422 33549.1094
   vertex 25450.8594 39501.5 33516.4023
  endloop
 endfacet
facet normal 0.225832641 -0.390481144 0.892481983
  outer loop
   vertex 25342.9336 39277.1094 33445.5352
   vertex 25450.8594 39501.5 33516.4023
   vertex 25149.3555 39284.1562 33497.6016
  endloop
 endfacet
facet normal 0.0765505731 -0.333565205 0.939613879
  outer loop
   vertex 25450.8594 39501.5 33516.4023
   vertex 25342.9336 39277.1094 33445.5352
   vertex 25431.6934 39370.3398 33471.3984
  endloop
 endfacet
facet normal 0.523963153 -0.248579651 0.814659894
  outer loop
   vertex 25149.3555 39284.1562 33497.6016
   vertex 25079.291 39034.1172 33466.3672
   vertex 25186.3848 39064.4297 33406.7383
  endloop
 endfacet
facet normal 0.668545067 -0.577557623 0.468481213
  outer loop
   vertex 25342.9336 39277.1094 33445.5352
   vertex 25186.3848 39064.4297 33406.7383
   vertex 25328.3457 39132.3555 33287.8984
  endloop
 endfacet
facet normal 0.643217564 -0.398662895 0.653711736
  outer loop
   vertex 24902.043 38669.6211 33420.6289
   vertex 24940.2031 38553.5508 33312.2969
   vertex 25022.1582 38826.6016 33398.1719
  endloop
 endfacet
facet normal 0.750057697 -0.46635887 0.468959302
  outer loop
   vertex 25065.2988 38702.3594 33260.1992
   vertex 24940.2031 38553.5508 33312.2969
   vertex 25042.2637 38577.2539 33172.6289
  endloop
 endfacet
facet normal 0.590454042 -0.379251212 0.712413192
  outer loop
   vertex 24940.2031 38553.5508 33312.2969
   vertex 24798.5332 38362.2266 33327.8594
   vertex 24896.0781 38382.1836 33257.6367
  endloop
 endfacet
facet normal 0.579311371 -0.457261056 0.674767137
  outer loop
   vertex 24843.2793 38241.1641 33207.4062
   vertex 24896.0781 38382.1836 33257.6367
   vertex 24798.5332 38362.2266 33327.8594
  endloop
 endfacet
facet normal 0.217285395 -0.163555667 0.96230793
  outer loop
   vertex 24652.0742 38092.4805 33274.6055
   vertex 24427.416 38140.8281 33333.5508
   vertex 24424.1758 37936.2734 33299.5156
  endloop
 endfacet
facet normal 0.416338116 -0.238228381 0.877445042
  outer loop
   vertex 25022.1582 38826.6016 33398.1719
   vertex 24952.2832 38998.7227 33478.0586
   vertex 24850.1797 38770.7031 33464.5977
  endloop
 endfacet
facet normal 0.885951579 -0.463095546 -0.0251449291
  outer loop
   vertex 24118.1523 36001.0664 33166.9922
   vertex 24060.6738 35896.2734 33071.7969
   vertex 24111.5527 35997.0352 33008.7656
  endloop
 endfacet
facet normal 0.57787323 -0.429487199 0.693976402
  outer loop
   vertex 24797.6367 38058.2812 33132.2305
   vertex 24843.2793 38241.1641 33207.4062
   vertex 24652.0742 38092.4805 33274.6055
  endloop
 endfacet
facet normal 0.587186456 -0.451458722 0.671860933
  outer loop
   vertex 24843.2793 38241.1641 33207.4062
   vertex 24798.5332 38362.2266 33327.8594
   vertex 24652.0742 38092.4805 33274.6055
  endloop
 endfacet
facet normal 0.267534167 -0.241576865 0.932773352
  outer loop
   vertex 24584.6602 37725.3477 33198.8594
   vertex 24652.0742 38092.4805 33274.6055
   vertex 24424.1758 37936.2734 33299.5156
  endloop
 endfacet
facet normal 0.185122222 -0.286016434 0.940172493
  outer loop
   vertex 24502.3613 38268.5625 33357.6523
   vertex 24427.416 38140.8281 33333.5508
   vertex 24652.0742 38092.4805 33274.6055
  endloop
 endfacet
facet normal -0.105893716 -0.111335985 0.988124907
  outer loop
   vertex 24398.5273 37422.7969 33226.1953
   vertex 24289.9648 37175.3711 33186.6836
   vertex 24437.6641 37266.8672 33212.8203
  endloop
 endfacet
facet normal 0.0121089425 -0.292687535 0.956131458
  outer loop
   vertex 24461.2363 37122.5 33168.3281
   vertex 24437.6641 37266.8672 33212.8203
   vertex 24289.9648 37175.3711 33186.6836
  endloop
 endfacet
facet normal 0.16509895 -0.298148721 0.940132797
  outer loop
   vertex 24602.4277 38573.6836 33461.2578
   vertex 24638.5488 38380.1211 33393.5312
   vertex 24779.3711 38565.625 33427.6289
  endloop
 endfacet
facet normal 0.310737908 -0.3948268 0.864611924
  outer loop
   vertex 24638.5488 38380.1211 33393.5312
   vertex 24798.5332 38362.2266 33327.8594
   vertex 24779.3711 38565.625 33427.6289
  endloop
 endfacet
facet normal 0.533240139 -0.331526011 0.77829653
  outer loop
   vertex 24798.5332 38362.2266 33327.8594
   vertex 24940.2031 38553.5508 33312.2969
   vertex 24779.3711 38565.625 33427.6289
  endloop
 endfacet
facet normal 0.474882662 -0.511961877 0.715808272
  outer loop
   vertex 24940.2031 38553.5508 33312.2969
   vertex 24902.043 38669.6211 33420.6289
   vertex 24779.3711 38565.625 33427.6289
  endloop
 endfacet
facet normal 0.274600267 -0.261613995 0.92528528
  outer loop
   vertex 24902.043 38669.6211 33420.6289
   vertex 24850.1797 38770.7031 33464.5977
   vertex 24779.3711 38565.625 33427.6289
  endloop
 endfacet
facet normal -0.646284819 0.321534723 0.692048669
  outer loop
   vertex 25194.4199 39812.2539 33554.793
   vertex 25231.1914 39926.7578 33535.9375
   vertex 25107.0469 39782.3125 33487.1094
  endloop
 endfacet
facet normal -0.761064231 0.510667622 0.399999797
  outer loop
   vertex 25000.4199 39825.4023 33350.957
   vertex 25053.2559 39982.7188 33250.6445
   vertex 24958.5234 39838.1172 33255.0117
  endloop
 endfacet
facet normal -0.777276695 0.502480805 0.378621161
  outer loop
   vertex 25000.4199 39825.4023 33350.957
   vertex 25142.8418 40016.4883 33389.7461
   vertex 25053.2559 39982.7188 33250.6445
  endloop
 endfacet
facet normal -0.67109555 0.369755775 0.64258182
  outer loop
   vertex 25000.4199 39825.4023 33350.957
   vertex 25107.0469 39782.3125 33487.1094
   vertex 25142.8418 40016.4883 33389.7461
  endloop
 endfacet
facet normal -0.678353906 0.368081599 0.635886669
  outer loop
   vertex 25142.8418 40016.4883 33389.7461
   vertex 25107.0469 39782.3125 33487.1094
   vertex 25231.1914 39926.7578 33535.9375
  endloop
 endfacet
facet normal -0.111464903 0.0612901002 0.991876543
  outer loop
   vertex 24886.6094 39209.6914 33457.6445
   vertex 24736.0938 38909.5312 33459.2773
   vertex 24952.2832 38998.7227 33478.0586
  endloop
 endfacet
facet normal -0.58281523 0.161659196 0.796362162
  outer loop
   vertex 25026.5059 39511.9609 33483.0469
   vertex 25107.0469 39782.3125 33487.1094
   vertex 24954.918 39644.6562 33403.7188
  endloop
 endfacet
facet normal -0.146023929 -0.0155504877 0.989158809
  outer loop
   vertex 25149.3555 39284.1562 33497.6016
   vertex 25026.5059 39511.9609 33483.0469
   vertex 24886.6094 39209.6914 33457.6445
  endloop
 endfacet
facet normal -0.162591696 0.0447743945 0.985677004
  outer loop
   vertex 24952.2832 38998.7227 33478.0586
   vertex 25149.3555 39284.1562 33497.6016
   vertex 24886.6094 39209.6914 33457.6445
  endloop
 endfacet
facet normal -0.811100781 0.342579067 0.474083424
  outer loop
   vertex 24954.918 39644.6562 33403.7188
   vertex 25000.4199 39825.4023 33350.957
   vertex 24873.3789 39657.9102 33254.6367
  endloop
 endfacet
facet normal -0.67669481 0.358137578 0.643289685
  outer loop
   vertex 24954.918 39644.6562 33403.7188
   vertex 25107.0469 39782.3125 33487.1094
   vertex 25000.4199 39825.4023 33350.957
  endloop
 endfacet
facet normal -0.824392498 0.388655692 0.411489725
  outer loop
   vertex 24873.3789 39657.9102 33254.6367
   vertex 25000.4199 39825.4023 33350.957
   vertex 24958.5234 39838.1172 33255.0117
  endloop
 endfacet
facet normal 0.216328248 -0.245060086 0.945064902
  outer loop
   vertex 24779.3711 38565.625 33427.6289
   vertex 24850.1797 38770.7031 33464.5977
   vertex 24709.4023 38701.75 33478.9453
  endloop
 endfacet
facet normal -0.076453276 -0.0246075932 0.996769488
  outer loop
   vertex 24850.1797 38770.7031 33464.5977
   vertex 24952.2832 38998.7227 33478.0586
   vertex 24736.0938 38909.5312 33459.2773
  endloop
 endfacet
facet normal -0.417915016 0.331748068 0.845748365
  outer loop
   vertex 24596.6816 38722.2461 33470.3164
   vertex 24502.416 38683.0898 33439.0977
   vertex 24540.5098 38638.3516 33475.4688
  endloop
 endfacet
facet normal -0.567616701 0.195489377 0.799746931
  outer loop
   vertex 24886.6094 39209.6914 33457.6445
   vertex 25026.5059 39511.9609 33483.0469
   vertex 24835.7344 39427.1914 33368.3711
  endloop
 endfacet
facet normal -0.563859522 0.177931502 0.80647558
  outer loop
   vertex 24954.918 39644.6562 33403.7188
   vertex 24835.7344 39427.1914 33368.3711
   vertex 25026.5059 39511.9609 33483.0469
  endloop
 endfacet
facet normal -0.853851318 0.389851272 0.344896972
  outer loop
   vertex 24560.1738 39170.0195 33204.75
   vertex 24447.5898 39017.0547 33098.9258
   vertex 24514.1758 39013.0273 33268.3281
  endloop
 endfacet
facet normal -0.803312719 0.36358732 0.471691579
  outer loop
   vertex 24954.918 39644.6562 33403.7188
   vertex 24873.3789 39657.9102 33254.6367
   vertex 24835.7344 39427.1914 33368.3711
  endloop
 endfacet
facet normal -0.646850705 0.375421256 0.663809478
  outer loop
   vertex 24537.4531 38850.707 33382.8086
   vertex 24666.6504 39139.8164 33345.1992
   vertex 24514.1758 39013.0273 33268.3281
  endloop
 endfacet
facet normal -0.418595195 0.298640043 0.857666731
  outer loop
   vertex 24537.4531 38850.707 33382.8086
   vertex 24736.0938 38909.5312 33459.2773
   vertex 24666.6504 39139.8164 33345.1992
  endloop
 endfacet
facet normal -0.503358006 0.256899506 0.825005054
  outer loop
   vertex 24736.0938 38909.5312 33459.2773
   vertex 24886.6094 39209.6914 33457.6445
   vertex 24666.6504 39139.8164 33345.1992
  endloop
 endfacet
facet normal -0.499423534 0.22642152 0.836247265
  outer loop
   vertex 24835.7344 39427.1914 33368.3711
   vertex 24666.6504 39139.8164 33345.1992
   vertex 24886.6094 39209.6914 33457.6445
  endloop
 endfacet
facet normal 0.167795926 -0.271047562 0.947827935
  outer loop
   vertex 24602.4277 38573.6836 33461.2578
   vertex 24779.3711 38565.625 33427.6289
   vertex 24709.4023 38701.75 33478.9453
  endloop
 endfacet
facet normal -0.551006377 -0.161829054 0.818659425
  outer loop
   vertex 24117.4219 37937.9961 33190.2734
   vertex 24088.6035 37808.3906 33145.2578
   vertex 24241.6504 37880.0195 33262.4297
  endloop
 endfacet
facet normal -0.057567548 0.101406358 0.99317807
  outer loop
   vertex 24709.4023 38701.75 33478.9453
   vertex 24736.0938 38909.5312 33459.2773
   vertex 24596.6816 38722.2461 33470.3164
  endloop
 endfacet
facet normal -0.426785141 0.36643362 0.826789498
  outer loop
   vertex 24537.4531 38850.707 33382.8086
   vertex 24596.6816 38722.2461 33470.3164
   vertex 24736.0938 38909.5312 33459.2773
  endloop
 endfacet
facet normal 0.170039728 -0.0534225143 0.983988047
  outer loop
   vertex 24596.6816 38722.2461 33470.3164
   vertex 24540.5098 38638.3516 33475.4688
   vertex 24602.4277 38573.6836 33461.2578
  endloop
 endfacet
facet normal -0.0877146721 -0.0640065894 0.99408716
  outer loop
   vertex 24596.6816 38722.2461 33470.3164
   vertex 24602.4277 38573.6836 33461.2578
   vertex 24709.4023 38701.75 33478.9453
  endloop
 endfacet
facet normal -0.352102846 -0.0939625055 0.93123287
  outer loop
   vertex 24223.3848 38079.0547 33275.6055
   vertex 24169.7598 37982.2031 33245.5547
   vertex 24241.6504 37880.0195 33262.4297
  endloop
 endfacet
facet normal -0.705264509 -0.111077957 0.700188339
  outer loop
   vertex 24274.748 38005.4648 33315.6641
   vertex 24223.3848 38079.0547 33275.6055
   vertex 24241.6504 37880.0195 33262.4297
  endloop
 endfacet
facet normal -0.655171931 0.0547267757 0.753494978
  outer loop
   vertex 24502.416 38683.0898 33439.0977
   vertex 24496.4023 38591.2461 33440.5391
   vertex 24540.5098 38638.3516 33475.4688
  endloop
 endfacet
facet normal 0.241237357 0.399598509 0.884378612
  outer loop
   vertex 24350.2383 38174.9414 33339.1875
   vertex 24427.416 38140.8281 33333.5508
   vertex 24306.8242 38295.4336 33296.5859
  endloop
 endfacet
facet normal -0.533602655 0.0616027191 0.843488812
  outer loop
   vertex 24394.207 38623.5898 33327.8984
   vertex 24306.8242 38295.4336 33296.5859
   vertex 24485.3574 38452.4609 33398.0625
  endloop
 endfacet
facet normal -0.546070695 0.065717645 0.835157454
  outer loop
   vertex 24282.4707 38497.9414 33264.7305
   vertex 24306.8242 38295.4336 33296.5859
   vertex 24394.207 38623.5898 33327.8984
  endloop
 endfacet
facet normal 0.516599 -0.732142568 -0.443951219
  outer loop
   vertex 24076.2812 35941.1562 33217.0742
   vertex 24118.1523 36001.0664 33166.9922
   vertex 24108.6836 35955.9766 33230.3359
  endloop
 endfacet
facet normal -0.730913877 0.0585316941 0.679955125
  outer loop
   vertex 24502.416 38683.0898 33439.0977
   vertex 24394.207 38623.5898 33327.8984
   vertex 24496.4023 38591.2461 33440.5391
  endloop
 endfacet
facet normal -0.752887249 -0.137102306 0.643710911
  outer loop
   vertex 24485.3574 38452.4609 33398.0625
   vertex 24496.4023 38591.2461 33440.5391
   vertex 24394.207 38623.5898 33327.8984
  endloop
 endfacet
facet normal 0.276598096 -0.280490279 0.91914022
  outer loop
   vertex 24398.5273 37422.7969 33226.1953
   vertex 24538.7559 37373.7188 33169.0195
   vertex 24492.418 37541.5508 33234.1797
  endloop
 endfacet
facet normal 0.598376155 -0.268985242 0.754713774
  outer loop
   vertex 24484.1289 36939.3125 33084.8867
   vertex 24461.2363 37122.5 33168.3281
   vertex 24359.4004 36866.9805 33158
  endloop
 endfacet
facet normal 0.948302567 -0.317031473 -0.0146055128
  outer loop
   vertex 24443.6836 36717.5859 32794.0391
   vertex 24527.9375 36966.1133 32869.8711
   vertex 24417.7422 36627.7383 33060.0547
  endloop
 endfacet
facet normal 0.382537812 0.0167717915 0.923787594
  outer loop
   vertex 24437.6641 37266.8672 33212.8203
   vertex 24538.7559 37373.7188 33169.0195
   vertex 24398.5273 37422.7969 33226.1953
  endloop
 endfacet
facet normal 0.00870473031 -0.270374447 0.962715864
  outer loop
   vertex 24403.2324 36530.6406 33156.8203
   vertex 24285.3867 36557.3398 33165.3867
   vertex 24340.2559 36428.457 33128.6914
  endloop
 endfacet
facet normal 0.0157874189 -0.128231257 0.991618633
  outer loop
   vertex 24427.416 38140.8281 33333.5508
   vertex 24350.2383 38174.9414 33339.1875
   vertex 24323.9121 38093.7734 33329.1133
  endloop
 endfacet
facet normal 0.679836869 -0.661148846 0.317338973
  outer loop
   vertex 24008.4492 35861.5938 33111.4258
   vertex 24060.6738 35896.2734 33071.7969
   vertex 24118.1523 36001.0664 33166.9922
  endloop
 endfacet
facet normal 0.795560598 -0.603232265 -0.0565169081
  outer loop
   vertex 24008.4492 35861.5938 33111.4258
   vertex 24118.1523 36001.0664 33166.9922
   vertex 24076.2812 35941.1562 33217.0742
  endloop
 endfacet
facet normal 0.803530872 -0.239988148 0.544741988
  outer loop
   vertex 24098.5332 36059.8906 33221.8477
   vertex 24118.1523 36001.0664 33166.9922
   vertex 24181.2734 36250.1055 33183.5977
  endloop
 endfacet
facet normal 0.92643553 -0.0400570519 0.374316245
  outer loop
   vertex 24089.6211 35970.1562 33234.2969
   vertex 24118.1523 36001.0664 33166.9922
   vertex 24098.5332 36059.8906 33221.8477
  endloop
 endfacet
facet normal 0.574318051 0.623917937 0.529986024
  outer loop
   vertex 24118.1523 36001.0664 33166.9922
   vertex 24089.6211 35970.1562 33234.2969
   vertex 24108.6836 35955.9766 33230.3359
  endloop
 endfacet
facet normal -0.870063007 0.483021855 0.0983882844
  outer loop
   vertex 24971.3125 39858.0859 33137.9453
   vertex 24809.1172 39586.9219 33034.8594
   vertex 24873.3789 39657.9102 33254.6367
  endloop
 endfacet
facet normal -0.903833866 0.427099973 -0.0258830767
  outer loop
   vertex 24971.3125 39858.0859 33137.9453
   vertex 24873.3789 39657.9102 33254.6367
   vertex 24958.5234 39838.1172 33255.0117
  endloop
 endfacet
facet normal 0.31459558 -0.203128219 0.927237034
  outer loop
   vertex 24393.1191 37670.125 33251.7461
   vertex 24584.6602 37725.3477 33198.8594
   vertex 24424.1758 37936.2734 33299.5156
  endloop
 endfacet
facet normal -0.755422592 0.384716362 0.530405462
  outer loop
   vertex 24873.3789 39657.9102 33254.6367
   vertex 24681.752 39378.5352 33184.3516
   vertex 24835.7344 39427.1914 33368.3711
  endloop
 endfacet
facet normal -0.752116263 0.400318682 0.523513198
  outer loop
   vertex 24666.6504 39139.8164 33345.1992
   vertex 24835.7344 39427.1914 33368.3711
   vertex 24681.752 39378.5352 33184.3516
  endloop
 endfacet
facet normal -0.85684967 0.342009813 -0.385795236
  outer loop
   vertex 25363.9531 40426.0664 32868.3047
   vertex 25373.873 40545.4492 32952.1094
   vertex 25423.5059 40520.6797 32819.918
  endloop
 endfacet
facet normal -0.785588145 0.481029183 0.389181495
  outer loop
   vertex 25141.4062 40122.8867 33255.3359
   vertex 25053.2559 39982.7188 33250.6445
   vertex 25142.8418 40016.4883 33389.7461
  endloop
 endfacet
facet normal 0.868005276 -0.49599582 -0.0235576071
  outer loop
   vertex 24118.1523 36001.0664 33166.9922
   vertex 24111.5527 35997.0352 33008.7656
   vertex 24225.1055 36192.7539 33071.9062
  endloop
 endfacet
facet normal 0.710366726 -0.472688258 0.521483362
  outer loop
   vertex 24340.2559 36428.457 33128.6914
   vertex 24181.2734 36250.1055 33183.5977
   vertex 24225.1055 36192.7539 33071.9062
  endloop
 endfacet
facet normal 0.852297544 -0.246776193 0.461183757
  outer loop
   vertex 24181.2734 36250.1055 33183.5977
   vertex 24118.1523 36001.0664 33166.9922
   vertex 24225.1055 36192.7539 33071.9062
  endloop
 endfacet
facet normal 0.245812356 -0.172767416 0.953796446
  outer loop
   vertex 24424.1445 36526.5 33150.6836
   vertex 24440.752 36552.918 33151.1875
   vertex 24403.2324 36530.6406 33156.8203
  endloop
 endfacet
facet normal -0.314230621 0.69329834 0.648534119
  outer loop
   vertex 24440.752 36552.918 33151.1875
   vertex 24417.7422 36627.7383 33060.0547
   vertex 24403.2324 36530.6406 33156.8203
  endloop
 endfacet
facet normal 0.661190629 -0.140466213 0.736950636
  outer loop
   vertex 24285.3867 36557.3398 33165.3867
   vertex 24417.7422 36627.7383 33060.0547
   vertex 24359.4004 36866.9805 33158
  endloop
 endfacet
facet normal 0.204511195 0.675487101 0.708443582
  outer loop
   vertex 24285.3867 36557.3398 33165.3867
   vertex 24403.2324 36530.6406 33156.8203
   vertex 24417.7422 36627.7383 33060.0547
  endloop
 endfacet
facet normal 0.574917614 -0.186002612 0.79678905
  outer loop
   vertex 24484.1289 36939.3125 33084.8867
   vertex 24359.4004 36866.9805 33158
   vertex 24417.7422 36627.7383 33060.0547
  endloop
 endfacet
facet normal 0.716124773 -0.439858884 -0.541931212
  outer loop
   vertex 24417.7422 36627.7383 33060.0547
   vertex 24440.752 36552.918 33151.1875
   vertex 24424.1445 36526.5 33150.6836
  endloop
 endfacet
facet normal 0.686062396 -0.46070233 -0.563091278
  outer loop
   vertex 24417.7422 36627.7383 33060.0547
   vertex 24424.1445 36526.5 33150.6836
   vertex 24340.2559 36428.457 33128.6914
  endloop
 endfacet
facet normal -0.664433599 0.446059853 0.599632025
  outer loop
   vertex 24666.6504 39139.8164 33345.1992
   vertex 24681.752 39378.5352 33184.3516
   vertex 24560.1738 39170.0195 33204.75
  endloop
 endfacet
facet normal -0.668009162 0.439046353 0.600834489
  outer loop
   vertex 24514.1758 39013.0273 33268.3281
   vertex 24666.6504 39139.8164 33345.1992
   vertex 24560.1738 39170.0195 33204.75
  endloop
 endfacet
facet normal 0.856494665 -0.496398896 -0.141438991
  outer loop
   vertex 24186.7695 36178.5352 32889.6641
   vertex 24313.3574 36376.625 32961.0117
   vertex 24225.1055 36192.7539 33071.9062
  endloop
 endfacet
facet normal 0.922520518 -0.383900255 -0.0397054143
  outer loop
   vertex 24417.7422 36627.7383 33060.0547
   vertex 24367.916 36531.7578 32830.3594
   vertex 24443.6836 36717.5859 32794.0391
  endloop
 endfacet
facet normal 0.927517056 -0.372256815 -0.0337185599
  outer loop
   vertex 24417.7422 36627.7383 33060.0547
   vertex 24340.2559 36428.457 33128.6914
   vertex 24313.3574 36376.625 32961.0117
  endloop
 endfacet
facet normal 0.89933449 -0.437165946 -0.00913375244
  outer loop
   vertex 24225.1055 36192.7539 33071.9062
   vertex 24313.3574 36376.625 32961.0117
   vertex 24340.2559 36428.457 33128.6914
  endloop
 endfacet
facet normal 0.895127058 -0.368912697 0.250301689
  outer loop
   vertex 24891.375 38187.9141 33052.9766
   vertex 24848.1133 38058.7266 33017.2812
   vertex 24880.8691 38116.2227 32984.8828
  endloop
 endfacet
facet normal 0.912980139 -0.407659173 0.0167721584
  outer loop
   vertex 24891.375 38187.9141 33052.9766
   vertex 24864.584 38120.4609 32871.8711
   vertex 24967.6172 38356.0625 32989.7969
  endloop
 endfacet
facet normal 0.842101455 -0.153800666 0.516924024
  outer loop
   vertex 24584.6602 37725.3477 33198.8594
   vertex 24538.7559 37373.7188 33169.0195
   vertex 24645.127 37497.5352 33032.5703
  endloop
 endfacet
facet normal 0.842732072 -0.370759726 0.390307456
  outer loop
   vertex 24797.6367 38058.2812 33132.2305
   vertex 24891.375 38187.9141 33052.9766
   vertex 24843.2793 38241.1641 33207.4062
  endloop
 endfacet
facet normal 0.820449769 -0.0812016204 0.565922678
  outer loop
   vertex 24538.7559 37373.7188 33169.0195
   vertex 24609.0195 37314.4805 33058.6523
   vertex 24645.127 37497.5352 33032.5703
  endloop
 endfacet
facet normal 0.570072889 -0.265123546 0.777641594
  outer loop
   vertex 24652.0742 38092.4805 33274.6055
   vertex 24584.6602 37725.3477 33198.8594
   vertex 24692.6797 37899.0547 33178.8906
  endloop
 endfacet
facet normal 0.625900149 -0.236371472 0.743221045
  outer loop
   vertex 24652.0742 38092.4805 33274.6055
   vertex 24692.6797 37899.0547 33178.8906
   vertex 24735.1992 37965.6797 33164.2734
  endloop
 endfacet
facet normal 0.661800504 -0.195812374 0.723655701
  outer loop
   vertex 24652.0742 38092.4805 33274.6055
   vertex 24735.1992 37965.6797 33164.2734
   vertex 24797.6367 38058.2812 33132.2305
  endloop
 endfacet
facet normal 0.759258866 -0.188794151 0.622802377
  outer loop
   vertex 24461.2363 37122.5 33168.3281
   vertex 24484.1289 36939.3125 33084.8867
   vertex 24558.0742 37155.5273 33060.2852
  endloop
 endfacet
facet normal 0.75839448 -0.235690683 0.607690513
  outer loop
   vertex 24461.2363 37122.5 33168.3281
   vertex 24558.0742 37155.5273 33060.2852
   vertex 24538.7559 37373.7188 33169.0195
  endloop
 endfacet
facet normal 0.535720706 -0.167584732 0.827598155
  outer loop
   vertex 24461.2363 37122.5 33168.3281
   vertex 24538.7559 37373.7188 33169.0195
   vertex 24437.6641 37266.8672 33212.8203
  endloop
 endfacet
facet normal 0.757162392 -0.236423016 0.608941078
  outer loop
   vertex 24609.0195 37314.4805 33058.6523
   vertex 24538.7559 37373.7188 33169.0195
   vertex 24558.0742 37155.5273 33060.2852
  endloop
 endfacet
facet normal 0.760392487 -0.435586423 0.481734127
  outer loop
   vertex 24940.2031 38553.5508 33312.2969
   vertex 24965.209 38400.5508 33134.4805
   vertex 25042.2637 38577.2539 33172.6289
  endloop
 endfacet
facet normal 0.838356078 -0.349331707 0.418481052
  outer loop
   vertex 24940.2031 38553.5508 33312.2969
   vertex 24896.0781 38382.1836 33257.6367
   vertex 24965.209 38400.5508 33134.4805
  endloop
 endfacet
facet normal 0.904945612 -0.303322434 0.298444152
  outer loop
   vertex 24965.209 38400.5508 33134.4805
   vertex 24988.0254 38392.125 33056.7344
   vertex 25004.7461 38432.1836 33046.7461
  endloop
 endfacet
facet normal 0.871608675 -0.428364456 0.238332048
  outer loop
   vertex 25041.8418 38525.0391 33077.9727
   vertex 24965.209 38400.5508 33134.4805
   vertex 25004.7461 38432.1836 33046.7461
  endloop
 endfacet
facet normal 0.809027433 -0.441234827 0.38831225
  outer loop
   vertex 24843.2793 38241.1641 33207.4062
   vertex 24965.209 38400.5508 33134.4805
   vertex 24896.0781 38382.1836 33257.6367
  endloop
 endfacet
facet normal 0.685904622 -0.720863938 -0.0994488075
  outer loop
   vertex 25674.4844 39513.1797 33282.2344
   vertex 25600.1895 39468.6719 33092.4297
   vertex 25782.2578 39638.7852 33115.082
  endloop
 endfacet
facet normal 0.794877946 -0.44715941 0.410143256
  outer loop
   vertex 24692.6797 37899.0547 33178.8906
   vertex 24584.6602 37725.3477 33198.8594
   vertex 24744.9668 37840.707 33013.9414
  endloop
 endfacet
facet normal 0.798839808 -0.201645389 0.566739917
  outer loop
   vertex 24584.6602 37725.3477 33198.8594
   vertex 24645.127 37497.5352 33032.5703
   vertex 24744.9668 37840.707 33013.9414
  endloop
 endfacet
facet normal 0.806488991 -0.551843762 0.21223563
  outer loop
   vertex 25170.4512 38886.6367 33248.9844
   vertex 25257.1582 38983.8867 33172.3672
   vertex 25328.3457 39132.3555 33287.8984
  endloop
 endfacet
facet normal 0.834292233 -0.457324713 0.307913244
  outer loop
   vertex 25065.2988 38702.3594 33260.1992
   vertex 25116.1777 38704.3672 33125.3242
   vertex 25170.4512 38886.6367 33248.9844
  endloop
 endfacet
facet normal 0.86992228 -0.396889687 0.292769253
  outer loop
   vertex 25116.1777 38704.3672 33125.3242
   vertex 25042.2637 38577.2539 33172.6289
   vertex 25080.6602 38609.5 33102.25
  endloop
 endfacet
facet normal 0.838763833 -0.402441025 0.366764873
  outer loop
   vertex 24848.1133 38058.7266 33017.2812
   vertex 24797.6367 38058.2812 33132.2305
   vertex 24744.9668 37840.707 33013.9414
  endloop
 endfacet
facet normal 0.818630695 -0.414369375 0.397670448
  outer loop
   vertex 24735.1992 37965.6797 33164.2734
   vertex 24744.9668 37840.707 33013.9414
   vertex 24797.6367 38058.2812 33132.2305
  endloop
 endfacet
facet normal 0.807900846 -0.426302552 0.406893581
  outer loop
   vertex 24735.1992 37965.6797 33164.2734
   vertex 24692.6797 37899.0547 33178.8906
   vertex 24744.9668 37840.707 33013.9414
  endloop
 endfacet
facet normal 0.574261844 -0.816344142 0.061689429
  outer loop
   vertex 26152.6328 39917.1602 33236.9844
   vertex 26002.1914 39821.6953 33374.1445
   vertex 25990.2207 39797.7227 33168.3867
  endloop
 endfacet
facet normal 0.865775108 -0.384016454 0.320881248
  outer loop
   vertex 25116.1777 38704.3672 33125.3242
   vertex 25065.2988 38702.3594 33260.1992
   vertex 25042.2637 38577.2539 33172.6289
  endloop
 endfacet
facet normal 0.710589767 -0.134575009 -0.690616906
  outer loop
   vertex 25259.6504 39316.0898 32822.4062
   vertex 25412.2852 39301.4727 32982.3047
   vertex 25315.3477 39232.6406 32895.9766
  endloop
 endfacet
facet normal 0.711622596 -0.701404631 0.0403090306
  outer loop
   vertex 26002.1914 39821.6953 33374.1445
   vertex 25862.7402 39674.6016 33276.5742
   vertex 25990.2207 39797.7227 33168.3867
  endloop
 endfacet
facet normal 0.87394619 -0.377978206 -0.30553323
  outer loop
   vertex 25121.3926 38686.0039 33072.3008
   vertex 25092.1914 38647.8789 33035.9414
   vertex 25132.3867 38716.8828 33065.5469
  endloop
 endfacet
facet normal 0.622919738 -0.693955123 -0.36110571
  outer loop
   vertex 25990.2207 39797.7227 33168.3867
   vertex 25782.2578 39638.7852 33115.082
   vertex 25900.1914 39814.6562 32980.543
  endloop
 endfacet
facet normal 0.623669207 -0.769002557 -0.140256047
  outer loop
   vertex 25862.7402 39674.6016 33276.5742
   vertex 25782.2578 39638.7852 33115.082
   vertex 25990.2207 39797.7227 33168.3867
  endloop
 endfacet
facet normal 0.640690029 -0.752524197 -0.152393177
  outer loop
   vertex 25862.7402 39674.6016 33276.5742
   vertex 25674.4844 39513.1797 33282.2344
   vertex 25782.2578 39638.7852 33115.082
  endloop
 endfacet
facet normal 0.639416695 -0.728766263 -0.245042846
  outer loop
   vertex 26152.6328 39917.1602 33236.9844
   vertex 25990.2207 39797.7227 33168.3867
   vertex 26169.125 40001.125 33030.3047
  endloop
 endfacet
facet normal 0.577223241 -0.740856349 -0.343431532
  outer loop
   vertex 25900.1914 39814.6562 32980.543
   vertex 26169.125 40001.125 33030.3047
   vertex 25990.2207 39797.7227 33168.3867
  endloop
 endfacet
facet normal 0.543459117 -0.593140185 -0.594000757
  outer loop
   vertex 26186.834 40195.6055 32852.3047
   vertex 26169.125 40001.125 33030.3047
   vertex 25998.8008 39993.7344 32881.8516
  endloop
 endfacet
facet normal 0.717307925 -0.660993218 -0.22035715
  outer loop
   vertex 25412.2852 39301.4727 32982.3047
   vertex 25600.1895 39468.6719 33092.4297
   vertex 25480.2598 39305.2773 33192.1602
  endloop
 endfacet
facet normal 0.753529012 -0.641321361 -0.144571662
  outer loop
   vertex 25674.4844 39513.1797 33282.2344
   vertex 25480.2598 39305.2773 33192.1602
   vertex 25600.1895 39468.6719 33092.4297
  endloop
 endfacet
facet normal 0.849927723 -0.462952048 0.251591474
  outer loop
   vertex 25080.6602 38609.5 33102.25
   vertex 25042.2637 38577.2539 33172.6289
   vertex 25041.8418 38525.0391 33077.9727
  endloop
 endfacet
facet normal 0.871777952 -0.430595726 0.233646154
  outer loop
   vertex 24965.209 38400.5508 33134.4805
   vertex 25041.8418 38525.0391 33077.9727
   vertex 25042.2637 38577.2539 33172.6289
  endloop
 endfacet
facet normal 0.913969457 -0.399311155 -0.0721831769
  outer loop
   vertex 25041.8418 38525.0391 33077.9727
   vertex 25092.1914 38647.8789 33035.9414
   vertex 25080.6602 38609.5 33102.25
  endloop
 endfacet
facet normal 0.770819545 -0.631746531 0.0820585117
  outer loop
   vertex 25480.2598 39305.2773 33192.1602
   vertex 25328.3457 39132.3555 33287.8984
   vertex 25324.4922 39103.0508 33098.4805
  endloop
 endfacet
facet normal 0.819532156 -0.512589693 -0.256161749
  outer loop
   vertex 25480.2598 39305.2773 33192.1602
   vertex 25324.4922 39103.0508 33098.4805
   vertex 25412.2852 39301.4727 32982.3047
  endloop
 endfacet
facet normal 0.879623055 -0.275483638 -0.387778312
  outer loop
   vertex 25092.1914 38647.8789 33035.9414
   vertex 25023.123 38504.0547 32981.4453
   vertex 24999.7363 38616.1055 32848.793
  endloop
 endfacet
facet normal 0.861416757 -0.506861925 -0.0324373767
  outer loop
   vertex 25324.4922 39103.0508 33098.4805
   vertex 25257.1582 38983.8867 33172.3672
   vertex 25169.8086 38843.793 33041.7891
  endloop
 endfacet
facet normal -0.852152169 0.495325029 -0.168789223
  outer loop
   vertex 25202.0801 40288.5312 33222.6406
   vertex 25220.1738 40308.75 33190.625
   vertex 25198.0293 40271.8984 33194.293
  endloop
 endfacet
facet normal 0.910599113 -0.403629273 -0.0888405815
  outer loop
   vertex 25092.1914 38647.8789 33035.9414
   vertex 25041.8418 38525.0391 33077.9727
   vertex 25023.123 38504.0547 32981.4453
  endloop
 endfacet
facet normal 0.935181677 -0.337290376 -0.108029723
  outer loop
   vertex 25041.8418 38525.0391 33077.9727
   vertex 25004.7461 38432.1836 33046.7461
   vertex 25023.123 38504.0547 32981.4453
  endloop
 endfacet
facet normal 0.948278487 -0.240925595 0.206694931
  outer loop
   vertex 25132.3867 38716.8828 33065.5469
   vertex 25169.8086 38843.793 33041.7891
   vertex 25116.1777 38704.3672 33125.3242
  endloop
 endfacet
facet normal 0.943690002 -0.324545056 0.0641846508
  outer loop
   vertex 25170.4512 38886.6367 33248.9844
   vertex 25116.1777 38704.3672 33125.3242
   vertex 25169.8086 38843.793 33041.7891
  endloop
 endfacet
facet normal 0.786811233 -0.60488677 0.122638106
  outer loop
   vertex 25257.1582 38983.8867 33172.3672
   vertex 25170.4512 38886.6367 33248.9844
   vertex 25169.8086 38843.793 33041.7891
  endloop
 endfacet
facet normal 0.856256306 -0.327302128 -0.399622917
  outer loop
   vertex 25132.3867 38716.8828 33065.5469
   vertex 25092.1914 38647.8789 33035.9414
   vertex 25169.8086 38843.793 33041.7891
  endloop
 endfacet
facet normal 0.866798162 -0.332309365 -0.371794879
  outer loop
   vertex 24999.7363 38616.1055 32848.793
   vertex 25169.8086 38843.793 33041.7891
   vertex 25092.1914 38647.8789 33035.9414
  endloop
 endfacet
facet normal 0.839685678 -0.42458877 -0.338603556
  outer loop
   vertex 25245.7109 39090.3984 32920.7812
   vertex 25169.8086 38843.793 33041.7891
   vertex 25125.8438 38879.7734 32887.6445
  endloop
 endfacet
facet normal 0.527395189 -0.391361028 -0.754115939
  outer loop
   vertex 26275.3809 40122.7539 32952.0391
   vertex 26186.834 40195.6055 32852.3047
   vertex 26429.9551 40219.2734 33010.0508
  endloop
 endfacet
facet normal 0.24453266 -0.666678369 -0.704090714
  outer loop
   vertex 26186.834 40195.6055 32852.3047
   vertex 26275.3809 40122.7539 32952.0391
   vertex 26169.125 40001.125 33030.3047
  endloop
 endfacet
facet normal 0.798548698 -0.599996328 -0.048211243
  outer loop
   vertex 26759.416 40432.4648 33385.3828
   vertex 26645.1934 40284.3359 33336.9414
   vertex 26671.2285 40331.1914 33185.0547
  endloop
 endfacet
facet normal 0.568194568 -0.769666493 -0.291150182
  outer loop
   vertex 26671.2285 40331.1914 33185.0547
   vertex 26429.9551 40219.2734 33010.0508
   vertex 26718.1738 40441.5586 32984.9062
  endloop
 endfacet
facet normal 0.116957657 -0.165914163 -0.979179978
  outer loop
   vertex 26467.7305 40876.0352 32676.0625
   vertex 26758.1953 40847.3047 32715.625
   vertex 26537.998 40649.2266 32722.8867
  endloop
 endfacet
facet normal -0.873338103 0.326390833 -0.361593068
  outer loop
   vertex 25363.9531 40426.0664 32868.3047
   vertex 25317.4336 40361.7578 32922.6172
   vertex 25373.873 40545.4492 32952.1094
  endloop
 endfacet
facet normal 0.625507653 -0.772970319 0.106099144
  outer loop
   vertex 26152.6328 39917.1602 33236.9844
   vertex 26325.6035 40054.1992 33215.6211
   vertex 26214.0605 39987.6406 33388.3359
  endloop
 endfacet
facet normal 0.577934325 -0.771116734 -0.267153352
  outer loop
   vertex 26152.6328 39917.1602 33236.9844
   vertex 26169.125 40001.125 33030.3047
   vertex 26325.6035 40054.1992 33215.6211
  endloop
 endfacet
facet normal 0.599840641 -0.744425416 -0.293295175
  outer loop
   vertex 26169.125 40001.125 33030.3047
   vertex 26429.9551 40219.2734 33010.0508
   vertex 26325.6035 40054.1992 33215.6211
  endloop
 endfacet
facet normal 0.586770594 -0.733430684 -0.343190491
  outer loop
   vertex 26275.3809 40122.7539 32952.0391
   vertex 26429.9551 40219.2734 33010.0508
   vertex 26169.125 40001.125 33030.3047
  endloop
 endfacet
facet normal 0.584778845 -0.81095171 -0.019773392
  outer loop
   vertex 26325.6035 40054.1992 33215.6211
   vertex 26515.6719 40190.1719 33260.0234
   vertex 26397.2422 40102.1367 33368.25
  endloop
 endfacet
facet normal 0.451713443 -0.608376205 -0.652559102
  outer loop
   vertex 25900.1914 39814.6562 32980.543
   vertex 25794.0781 39890.6367 32836.2539
   vertex 25998.8008 39993.7344 32881.8516
  endloop
 endfacet
facet normal 0.600652158 -0.744051278 -0.29258281
  outer loop
   vertex 26429.9551 40219.2734 33010.0508
   vertex 26515.6719 40190.1719 33260.0234
   vertex 26325.6035 40054.1992 33215.6211
  endloop
 endfacet
facet normal 0.565241098 -0.774502933 -0.283985376
  outer loop
   vertex 26429.9551 40219.2734 33010.0508
   vertex 26671.2285 40331.1914 33185.0547
   vertex 26515.6719 40190.1719 33260.0234
  endloop
 endfacet
facet normal 0.631678462 -0.76465553 -0.127609834
  outer loop
   vertex 26645.1934 40284.3359 33336.9414
   vertex 26515.6719 40190.1719 33260.0234
   vertex 26671.2285 40331.1914 33185.0547
  endloop
 endfacet
facet normal 0.51735878 -0.840991557 0.158344835
  outer loop
   vertex 26548.0781 40243.1211 33435.3555
   vertex 26515.6719 40190.1719 33260.0234
   vertex 26645.1934 40284.3359 33336.9414
  endloop
 endfacet
facet normal 0.549596727 -0.797493935 -0.248891234
  outer loop
   vertex 26886.7754 40509.5078 33139.4883
   vertex 26718.1738 40441.5586 32984.9062
   vertex 26927.459 40591.2266 32967.4844
  endloop
 endfacet
facet normal 0.646568477 -0.756555736 0.0978400558
  outer loop
   vertex 26759.416 40432.4648 33385.3828
   vertex 26671.2285 40331.1914 33185.0547
   vertex 26886.7754 40509.5078 33139.4883
  endloop
 endfacet
facet normal 0.617487371 -0.783046842 0.0744778812
  outer loop
   vertex 27073.6523 40668.0156 33256.6289
   vertex 26759.416 40432.4648 33385.3828
   vertex 26886.7754 40509.5078 33139.4883
  endloop
 endfacet
facet normal 0.592702031 -0.794950545 -0.129452676
  outer loop
   vertex 27259.7715 40789.2891 33076.8516
   vertex 27184.291 40719.9805 33156.8633
   vertex 27108.9512 40678.5273 33066.5
  endloop
 endfacet
facet normal 0.644457042 -0.738416016 -0.198537022
  outer loop
   vertex 27184.291 40719.9805 33156.8633
   vertex 27132.209 40673.043 33162.3828
   vertex 27108.9512 40678.5273 33066.5
  endloop
 endfacet
facet normal -0.00441046199 -0.998420238 -0.0560138971
  outer loop
   vertex 27132.209 40673.043 33162.3828
   vertex 27073.6523 40668.0156 33256.6289
   vertex 27108.9512 40678.5273 33066.5
  endloop
 endfacet
facet normal 0.618696988 -0.782358646 0.0716170445
  outer loop
   vertex 26886.7754 40509.5078 33139.4883
   vertex 27108.9512 40678.5273 33066.5
   vertex 27073.6523 40668.0156 33256.6289
  endloop
 endfacet
facet normal 0.529638648 -0.807862043 -0.258537948
  outer loop
   vertex 26886.7754 40509.5078 33139.4883
   vertex 26927.459 40591.2266 32967.4844
   vertex 27108.9512 40678.5273 33066.5
  endloop
 endfacet
facet normal 0.26418525 -0.115824357 -0.957491994
  outer loop
   vertex 26467.7305 40876.0352 32676.0625
   vertex 26537.998 40649.2266 32722.8867
   vertex 26336.2637 40679.3711 32663.5801
  endloop
 endfacet
facet normal 0.198722392 -0.263089508 -0.944083333
  outer loop
   vertex 27224.3398 40967.8203 32784.1602
   vertex 27319.6309 41321.4961 32705.6602
   vertex 27494.1543 41177.2812 32782.5859
  endloop
 endfacet
facet normal 0.936166346 0.325776726 0.132144332
  outer loop
   vertex 24423.043 37387.4727 30496.5723
   vertex 24355.9922 37591.2148 30469.2949
   vertex 24324.9648 37600.6016 30665.9707
  endloop
 endfacet
facet normal 0.347394824 -0.577723444 -0.738615215
  outer loop
   vertex 27664.9121 41419.5117 32673.4316
   vertex 27738.5352 41313.4375 32791.0273
   vertex 27494.1543 41177.2812 32782.5859
  endloop
 endfacet
facet normal 0.0389257818 -0.433198929 -0.900457382
  outer loop
   vertex 27319.6309 41321.4961 32705.6602
   vertex 27664.9121 41419.5117 32673.4316
   vertex 27494.1543 41177.2812 32782.5859
  endloop
 endfacet
facet normal 0.669504762 -0.723898649 -0.16653578
  outer loop
   vertex 27262.3438 40826.5156 32925.3711
   vertex 27400.3672 40929.8711 33030.9805
   vertex 27259.7715 40789.2891 33076.8516
  endloop
 endfacet
facet normal 0.515946805 -0.758852959 -0.397418022
  outer loop
   vertex 27738.5352 41313.4375 32791.0273
   vertex 27918.252 41366.1797 32923.6328
   vertex 27617.8965 41147.3477 32951.5469
  endloop
 endfacet
facet normal 0.948633373 0.312015176 0.0523570627
  outer loop
   vertex 24330.7031 37661.6914 30507.5039
   vertex 24332.1309 37652.0078 30539.3652
   vertex 24355.9922 37591.2148 30469.2949
  endloop
 endfacet
facet normal -0.787782013 -0.0312629789 0.615160227
  outer loop
   vertex 25519.2559 40796.9883 33170.8867
   vertex 25463.9844 40786.6328 33099.5781
   vertex 25437.8086 40723.5938 33062.8555
  endloop
 endfacet
facet normal -0.827315867 0.473722696 0.301886231
  outer loop
   vertex 25341.9766 40487.1914 33171.1914
   vertex 25519.2559 40796.9883 33170.8867
   vertex 25437.8086 40723.5938 33062.8555
  endloop
 endfacet
facet normal -0.774680376 0.592714667 0.220362529
  outer loop
   vertex 25722.6855 41092.9219 33003.6602
   vertex 25611.6074 40984.8711 32903.7969
   vertex 25524.4961 40861.8398 32928.4805
  endloop
 endfacet
facet normal -0.753910422 0.656299233 -0.0298401825
  outer loop
   vertex 25597.3867 40952.1836 33073.9492
   vertex 25722.6855 41092.9219 33003.6602
   vertex 25524.4961 40861.8398 32928.4805
  endloop
 endfacet
facet normal 0.505170465 0.852047265 0.137179404
  outer loop
   vertex 25515.8984 40885.3164 32814.3242
   vertex 25524.4961 40861.8398 32928.4805
   vertex 25540.9531 40879.9258 32755.5254
  endloop
 endfacet
facet normal -0.625312984 0.780061722 0.0220763087
  outer loop
   vertex 25626.4219 40947.1719 32800.2578
   vertex 25540.9531 40879.9258 32755.5254
   vertex 25524.4961 40861.8398 32928.4805
  endloop
 endfacet
facet normal -0.805730402 0.51009047 -0.301008642
  outer loop
   vertex 25611.6074 40984.8711 32903.7969
   vertex 25626.4219 40947.1719 32800.2578
   vertex 25524.4961 40861.8398 32928.4805
  endloop
 endfacet
facet normal -0.909646094 0.411352247 -0.0577349477
  outer loop
   vertex 25437.8086 40723.5938 33062.8555
   vertex 25463.9844 40786.6328 33099.5781
   vertex 25474.0527 40803.9453 33064.3047
  endloop
 endfacet
facet normal -0.402294278 0.886543632 0.22847262
  outer loop
   vertex 25519.2559 40796.9883 33170.8867
   vertex 25524.4961 40861.8398 32928.4805
   vertex 25474.0527 40803.9453 33064.3047
  endloop
 endfacet
facet normal -0.856094718 0.50358355 0.116212815
  outer loop
   vertex 25597.3867 40952.1836 33073.9492
   vertex 25524.4961 40861.8398 32928.4805
   vertex 25519.2559 40796.9883 33170.8867
  endloop
 endfacet
facet normal -0.496038854 0.827081859 0.264350235
  outer loop
   vertex 25519.2559 40796.9883 33170.8867
   vertex 25474.0527 40803.9453 33064.3047
   vertex 25463.9844 40786.6328 33099.5781
  endloop
 endfacet
facet normal -0.980030596 0.0732636899 0.184858114
  outer loop
   vertex 25540.9531 40879.9258 32755.5254
   vertex 25528.7695 40858.6992 32699.3398
   vertex 25533.4727 40827.75 32736.541
  endloop
 endfacet
facet normal -0.210493937 0.875890195 0.434175849
  outer loop
   vertex 25202.0801 40288.5312 33222.6406
   vertex 25238.1973 40270.2109 33277.1055
   vertex 25220.1738 40308.75 33190.625
  endloop
 endfacet
facet normal -0.835549951 0.549405932 -0.00306504383
  outer loop
   vertex 25141.4062 40122.8867 33255.3359
   vertex 25238.1973 40270.2109 33277.1055
   vertex 25193.0039 40200.3984 33083.3086
  endloop
 endfacet
facet normal 0.915087521 -0.39805913 -0.0645268485
  outer loop
   vertex 25004.7461 38432.1836 33046.7461
   vertex 24988.0254 38392.125 33056.7344
   vertex 24967.6172 38356.0625 32989.7969
  endloop
 endfacet
facet normal 0.920474589 -0.36897552 0.128777519
  outer loop
   vertex 24965.209 38400.5508 33134.4805
   vertex 24891.375 38187.9141 33052.9766
   vertex 24967.6172 38356.0625 32989.7969
  endloop
 endfacet
facet normal 0.565241039 -0.78580302 0.251030236
  outer loop
   vertex 24988.0254 38392.125 33056.7344
   vertex 24965.209 38400.5508 33134.4805
   vertex 24967.6172 38356.0625 32989.7969
  endloop
 endfacet
facet normal 0.925973177 -0.354618192 -0.129690662
  outer loop
   vertex 24967.6172 38356.0625 32989.7969
   vertex 25023.123 38504.0547 32981.4453
   vertex 25004.7461 38432.1836 33046.7461
  endloop
 endfacet
facet normal 0.856451631 -0.0956414789 -0.507290125
  outer loop
   vertex 24778.1621 38297.1055 32570.1328
   vertex 24888.8887 38340.8867 32748.8145
   vertex 24831.9863 38168.457 32685.2578
  endloop
 endfacet
facet normal 0.914020061 -0.353998363 -0.198122486
  outer loop
   vertex 25023.123 38504.0547 32981.4453
   vertex 24967.6172 38356.0625 32989.7969
   vertex 24992.3262 38461.0547 32916.1914
  endloop
 endfacet
facet normal -0.886633456 0.462432265 -0.00612216024
  outer loop
   vertex 25341.9766 40487.1914 33171.1914
   vertex 25373.873 40545.4492 32952.1094
   vertex 25193.0039 40200.3984 33083.3086
  endloop
 endfacet
facet normal 0.709019125 0.102951258 -0.697633803
  outer loop
   vertex 24772.5371 38662.2852 32618.3066
   vertex 24865.7344 38479.2461 32686.0117
   vertex 24778.1621 38297.1055 32570.1328
  endloop
 endfacet
facet normal -0.557964265 0.616419971 -0.555609822
  outer loop
   vertex 24539.0312 39185.7188 32821.3945
   vertex 24701.3555 39353.1172 32844.1016
   vertex 24578.2754 39176.5 32771.7578
  endloop
 endfacet
facet normal -0.703411996 0.699329495 -0.127082124
  outer loop
   vertex 24545.791 39216.1523 32951.4453
   vertex 24701.3555 39353.1172 32844.1016
   vertex 24539.0312 39185.7188 32821.3945
  endloop
 endfacet
facet normal 0.750441134 -0.451564878 -0.482625335
  outer loop
   vertex 25315.3477 39232.6406 32895.9766
   vertex 25412.2852 39301.4727 32982.3047
   vertex 25245.7109 39090.3984 32920.7812
  endloop
 endfacet
facet normal 0.787983239 -0.531057417 -0.311545223
  outer loop
   vertex 25324.4922 39103.0508 33098.4805
   vertex 25245.7109 39090.3984 32920.7812
   vertex 25412.2852 39301.4727 32982.3047
  endloop
 endfacet
facet normal 0.560022235 -0.738595188 -0.375302821
  outer loop
   vertex 27108.9512 40678.5273 33066.5
   vertex 26927.459 40591.2266 32967.4844
   vertex 27080.6914 40757.3477 32869.207
  endloop
 endfacet
facet normal -0.855452597 0.42060703 0.302143335
  outer loop
   vertex 24447.5898 39017.0547 33098.9258
   vertex 24560.1738 39170.0195 33204.75
   vertex 24566.6719 39261.0156 33096.4727
  endloop
 endfacet
facet normal -0.877379775 0.326085389 -0.35195601
  outer loop
   vertex 25373.873 40545.4492 32952.1094
   vertex 25317.4336 40361.7578 32922.6172
   vertex 25193.0039 40200.3984 33083.3086
  endloop
 endfacet
facet normal -0.862884343 0.46705097 -0.193116456
  outer loop
   vertex 24566.6719 39261.0156 33096.4727
   vertex 24612.5684 39349.25 33104.7891
   vertex 24639.4551 39369.2305 33032.9805
  endloop
 endfacet
facet normal -0.841106236 0.538942695 -0.045618508
  outer loop
   vertex 24545.791 39216.1523 32951.4453
   vertex 24566.6719 39261.0156 33096.4727
   vertex 24639.4551 39369.2305 33032.9805
  endloop
 endfacet
facet normal -0.836449742 0.548039556 0.00210934575
  outer loop
   vertex 25053.2559 39982.7188 33250.6445
   vertex 24971.3125 39858.0859 33137.9453
   vertex 24958.5234 39838.1172 33255.0117
  endloop
 endfacet
facet normal -0.838760912 0.544444561 0.00776545471
  outer loop
   vertex 25193.0039 40200.3984 33083.3086
   vertex 24971.3125 39858.0859 33137.9453
   vertex 25053.2559 39982.7188 33250.6445
  endloop
 endfacet
facet normal -0.826453805 0.491368055 -0.274829954
  outer loop
   vertex 25193.0039 40200.3984 33083.3086
   vertex 25023.1816 39837.8203 32945.7305
   vertex 24971.3125 39858.0859 33137.9453
  endloop
 endfacet
facet normal -0.726948798 0.513483763 -0.455938429
  outer loop
   vertex 25193.0039 40200.3984 33083.3086
   vertex 25192.3984 40043.1562 32907.1836
   vertex 25023.1816 39837.8203 32945.7305
  endloop
 endfacet
facet normal -0.459805757 0.884922624 0.0740989447
  outer loop
   vertex 24612.5684 39349.25 33104.7891
   vertex 24681.752 39378.5352 33184.3516
   vertex 24639.4551 39369.2305 33032.9805
  endloop
 endfacet
facet normal -0.776628137 0.603725374 0.179901183
  outer loop
   vertex 24809.1172 39586.9219 33034.8594
   vertex 24639.4551 39369.2305 33032.9805
   vertex 24681.752 39378.5352 33184.3516
  endloop
 endfacet
facet normal -0.779023111 0.580433488 -0.237107471
  outer loop
   vertex 24859.4219 39586.0117 32867.3555
   vertex 24809.1172 39586.9219 33034.8594
   vertex 25023.1816 39837.8203 32945.7305
  endloop
 endfacet
facet normal -0.786887884 0.494866431 0.368666023
  outer loop
   vertex 24681.752 39378.5352 33184.3516
   vertex 24566.6719 39261.0156 33096.4727
   vertex 24560.1738 39170.0195 33204.75
  endloop
 endfacet
facet normal -0.767080724 0.348231524 0.53881532
  outer loop
   vertex 24566.6719 39261.0156 33096.4727
   vertex 24681.752 39378.5352 33184.3516
   vertex 24612.5684 39349.25 33104.7891
  endloop
 endfacet
facet normal -0.830402017 0.553472579 0.0640361905
  outer loop
   vertex 24681.752 39378.5352 33184.3516
   vertex 24873.3789 39657.9102 33254.6367
   vertex 24809.1172 39586.9219 33034.8594
  endloop
 endfacet
facet normal -0.777749956 0.567754149 -0.269740999
  outer loop
   vertex 25023.1816 39837.8203 32945.7305
   vertex 24809.1172 39586.9219 33034.8594
   vertex 24971.3125 39858.0859 33137.9453
  endloop
 endfacet
facet normal 0.329896182 0.908138871 -0.257783443
  outer loop
   vertex 25546.5508 40858.875 32688.5215
   vertex 25540.9531 40879.9258 32755.5254
   vertex 25621.2832 40830.6211 32684.627
  endloop
 endfacet
facet normal -0.0268149879 0.159125209 -0.98689419
  outer loop
   vertex 24589.1641 38990.25 32700.8047
   vertex 24863.7715 39307.2344 32744.4531
   vertex 24903.9355 39077.1445 32706.2617
  endloop
 endfacet
facet normal 0.824584901 -0.548299193 -0.139383346
  outer loop
   vertex 24848.1133 38058.7266 33017.2812
   vertex 24864.584 38120.4609 32871.8711
   vertex 24880.8691 38116.2227 32984.8828
  endloop
 endfacet
facet normal 0.901617885 -0.425357133 -0.0784630179
  outer loop
   vertex 24744.9668 37840.707 33013.9414
   vertex 24864.584 38120.4609 32871.8711
   vertex 24848.1133 38058.7266 33017.2812
  endloop
 endfacet
facet normal 0.978792131 -0.178832456 0.0999247208
  outer loop
   vertex 24645.127 37497.5352 33032.5703
   vertex 24609.0195 37314.4805 33058.6523
   vertex 24617.168 37269.3438 32898.0586
  endloop
 endfacet
facet normal 0.951093078 -0.289804637 -0.106935583
  outer loop
   vertex 24443.6836 36717.5859 32794.0391
   vertex 24472.2656 36891.0352 32578.2012
   vertex 24527.9375 36966.1133 32869.8711
  endloop
 endfacet
facet normal 0.973482788 -0.19230859 0.123889588
  outer loop
   vertex 24681.5469 37511.8359 32768.6094
   vertex 24645.127 37497.5352 33032.5703
   vertex 24617.168 37269.3438 32898.0586
  endloop
 endfacet
facet normal 0.961212873 -0.218247041 0.16863589
  outer loop
   vertex 24484.1289 36939.3125 33084.8867
   vertex 24417.7422 36627.7383 33060.0547
   vertex 24527.9375 36966.1133 32869.8711
  endloop
 endfacet
facet normal 0.940182507 -0.304051369 0.153654367
  outer loop
   vertex 24558.0742 37155.5273 33060.2852
   vertex 24484.1289 36939.3125 33084.8867
   vertex 24527.9375 36966.1133 32869.8711
  endloop
 endfacet
facet normal 0.944271505 -0.301282734 0.132589802
  outer loop
   vertex 24609.0195 37314.4805 33058.6523
   vertex 24558.0742 37155.5273 33060.2852
   vertex 24617.168 37269.3438 32898.0586
  endloop
 endfacet
facet normal 0.946248949 -0.291479349 0.140188009
  outer loop
   vertex 24527.9375 36966.1133 32869.8711
   vertex 24617.168 37269.3438 32898.0586
   vertex 24558.0742 37155.5273 33060.2852
  endloop
 endfacet
facet normal 0.989684284 -0.0092510609 -0.142966717
  outer loop
   vertex 24891.375 38187.9141 33052.9766
   vertex 24880.8691 38116.2227 32984.8828
   vertex 24864.584 38120.4609 32871.8711
  endloop
 endfacet
facet normal 0.823405683 -0.498453051 -0.271196604
  outer loop
   vertex 24340.252 36623.0742 32578.5293
   vertex 24367.916 36531.7578 32830.3594
   vertex 24229 36369.7461 32706.3633
  endloop
 endfacet
facet normal 0.99539417 -0.0907828137 0.0308052935
  outer loop
   vertex 24314.4805 37070.4844 31479.7207
   vertex 24311.4043 36981.8203 31317.8145
   vertex 24337.4355 37308.9258 31440.6621
  endloop
 endfacet
facet normal 0.93094635 -0.312927037 -0.188190341
  outer loop
   vertex 24967.6172 38356.0625 32989.7969
   vertex 24864.584 38120.4609 32871.8711
   vertex 24950.1914 38376.3672 32869.8281
  endloop
 endfacet
facet normal 0.381162494 -0.175324351 -0.907731533
  outer loop
   vertex 25259.6504 39316.0898 32822.4062
   vertex 25184.9883 39463.7266 32762.541
   vertex 25336.3633 39659.8242 32788.2266
  endloop
 endfacet
facet normal 0.883819282 -0.298536211 -0.360193908
  outer loop
   vertex 24888.8887 38340.8867 32748.8145
   vertex 24950.1914 38376.3672 32869.8281
   vertex 24864.584 38120.4609 32871.8711
  endloop
 endfacet
facet normal 0.811997831 0.184531823 -0.553721547
  outer loop
   vertex 24577.3418 38088.7188 32281.3965
   vertex 24696.75 38027.7656 32436.1895
   vertex 24624.9824 37958.918 32308.0039
  endloop
 endfacet
facet normal 0.917432666 -0.379409611 -0.119856842
  outer loop
   vertex 24583.5312 37226.6719 32523.5352
   vertex 24550.9277 37209.2656 32329.0879
   vertex 24578.9395 37271.0625 32347.877
  endloop
 endfacet
facet normal 0.996075511 -0.0441785604 0.0766931325
  outer loop
   vertex 24598.4805 37320.7539 32383.5586
   vertex 24583.5312 37226.6719 32523.5352
   vertex 24593.418 37262.543 32415.7734
  endloop
 endfacet
facet normal 0.909128428 -0.260703981 -0.32483685
  outer loop
   vertex 24402.0098 37112.7305 31964.4688
   vertex 24474.9316 37330.8711 31993.4844
   vertex 24523.9297 37266.9062 32181.9551
  endloop
 endfacet
facet normal 0.955272019 -0.271564215 0.117082067
  outer loop
   vertex 24681.5469 37511.8359 32768.6094
   vertex 24744.9668 37840.707 33013.9414
   vertex 24645.127 37497.5352 33032.5703
  endloop
 endfacet
facet normal 0.932229698 -0.306176603 -0.192882627
  outer loop
   vertex 24493.0664 37106.7812 32276.6172
   vertex 24583.5312 37226.6719 32523.5352
   vertex 24489.5586 37011.3594 32411.1367
  endloop
 endfacet
facet normal 0.973342717 -0.228098214 -0.02398297
  outer loop
   vertex 24744.2188 37789.0039 32676.0996
   vertex 24681.5469 37511.8359 32768.6094
   vertex 24690.4082 37566.293 32610.3438
  endloop
 endfacet
facet normal 0.977047682 -0.210882083 0.0301091112
  outer loop
   vertex 24744.2188 37789.0039 32676.0996
   vertex 24744.9668 37840.707 33013.9414
   vertex 24681.5469 37511.8359 32768.6094
  endloop
 endfacet
facet normal 0.772633672 -0.569140851 -0.281275451
  outer loop
   vertex 24189.4023 36589.9141 32327.1934
   vertex 24179.0117 36724.4727 32026.3828
   vertex 24366.5996 36859.6406 32268.1641
  endloop
 endfacet
facet normal 0.751452506 -0.614870548 -0.239276677
  outer loop
   vertex 24298.8965 36880.9531 32000.7734
   vertex 24366.5996 36859.6406 32268.1641
   vertex 24179.0117 36724.4727 32026.3828
  endloop
 endfacet
facet normal 0.721676946 -0.520568907 0.456278831
  outer loop
   vertex 24358.873 36830.9531 30921.8203
   vertex 24417.625 36979.6836 30998.5801
   vertex 24391.0254 37045.9336 31116.2344
  endloop
 endfacet
facet normal 0.609108567 0.792219937 0.0370709188
  outer loop
   vertex 24292.2773 37616.293 31120.459
   vertex 24212.002 37678.8203 31103.207
   vertex 24265.8262 37631.5547 31228.9141
  endloop
 endfacet
facet normal 0.868352532 -0.426070064 -0.253827155
  outer loop
   vertex 24366.5996 36859.6406 32268.1641
   vertex 24298.8965 36880.9531 32000.7734
   vertex 24402.0098 37112.7305 31964.4688
  endloop
 endfacet
facet normal 0.908702314 -0.124004357 -0.398601294
  outer loop
   vertex 24418.457 37450.0547 31797.9922
   vertex 24457.1035 37397.0664 31902.5781
   vertex 24433.666 37291.582 31881.9629
  endloop
 endfacet
facet normal 0.863168418 -0.432802796 -0.260042429
  outer loop
   vertex 24493.0664 37106.7812 32276.6172
   vertex 24366.5996 36859.6406 32268.1641
   vertex 24402.0098 37112.7305 31964.4688
  endloop
 endfacet
facet normal 0.651797235 -0.742147982 0.156130567
  outer loop
   vertex 23977.1758 36205.1875 30532.0059
   vertex 24156.3711 36380.8125 30618.7305
   vertex 24044.0938 36311.9961 30760.3418
  endloop
 endfacet
facet normal 0.686038792 -0.704613924 0.181300849
  outer loop
   vertex 24026.3633 36654.8242 31742.0645
   vertex 24126.6777 36734.6797 31672.8398
   vertex 24224.7969 36853.9492 31765.0918
  endloop
 endfacet
facet normal 0.704365551 -0.67736721 -0.212232992
  outer loop
   vertex 24179.0117 36724.4727 32026.3828
   vertex 24026.3633 36654.8242 31742.0645
   vertex 24224.7969 36853.9492 31765.0918
  endloop
 endfacet
facet normal 0.933767557 -0.35718441 -0.0223022364
  outer loop
   vertex 24314.4805 37070.4844 31479.7207
   vertex 24334.8242 37112.6523 31656.1953
   vertex 24248.7559 36896.3633 31516.5898
  endloop
 endfacet
facet normal 0.786411166 0.583482087 0.202746481
  outer loop
   vertex 24283.3496 37627.2109 30974.9863
   vertex 24212.002 37678.8203 31103.207
   vertex 24355.2715 37501.5977 31057.5195
  endloop
 endfacet
facet normal 0.236442998 0.417351484 -0.877446532
  outer loop
   vertex 24297.2109 37610.5195 31093.6816
   vertex 24355.2715 37501.5977 31057.5195
   vertex 24212.002 37678.8203 31103.207
  endloop
 endfacet
facet normal 0.940455675 -0.235665098 -0.244959429
  outer loop
   vertex 24754.5996 37942.6602 32568.1289
   vertex 24744.2188 37789.0039 32676.0996
   vertex 24701.2695 37820.0859 32481.3008
  endloop
 endfacet
facet normal 0.537694693 -0.699472666 -0.470767856
  outer loop
   vertex 24189.4023 36589.9141 32327.1934
   vertex 24213.832 36474.3711 32526.7734
   vertex 24044.7031 36363.4414 32498.4219
  endloop
 endfacet
facet normal 0.888467312 -0.445794106 -0.109057158
  outer loop
   vertex 24550.9277 37209.2656 32329.0879
   vertex 24583.5312 37226.6719 32523.5352
   vertex 24493.0664 37106.7812 32276.6172
  endloop
 endfacet
facet normal 0.876182497 -0.425311714 -0.226746857
  outer loop
   vertex 24298.8965 36880.9531 32000.7734
   vertex 24224.7969 36853.9492 31765.0918
   vertex 24402.0098 37112.7305 31964.4688
  endloop
 endfacet
facet normal 0.744697213 -0.561743021 -0.360375971
  outer loop
   vertex 24141.4863 36298.7031 32636.2559
   vertex 24229 36369.7461 32706.3633
   vertex 24109.2441 36208.9336 32709.5625
  endloop
 endfacet
facet normal 0.822209477 -0.507007658 -0.258679003
  outer loop
   vertex 24313.3574 36376.625 32961.0117
   vertex 24229 36369.7461 32706.3633
   vertex 24367.916 36531.7578 32830.3594
  endloop
 endfacet
facet normal 0.948786974 -0.159835592 -0.272499204
  outer loop
   vertex 24418.5625 37215.3281 31874.1035
   vertex 24402.7637 37248.8984 31799.4062
   vertex 24433.666 37291.582 31881.9629
  endloop
 endfacet
facet normal 0.946099401 -0.0760251582 -0.314827025
  outer loop
   vertex 24418.457 37450.0547 31797.9922
   vertex 24433.666 37291.582 31881.9629
   vertex 24402.7637 37248.8984 31799.4062
  endloop
 endfacet
facet normal 0.802694738 -0.461848706 -0.377328664
  outer loop
   vertex 24418.5625 37215.3281 31874.1035
   vertex 24402.0098 37112.7305 31964.4688
   vertex 24402.7637 37248.8984 31799.4062
  endloop
 endfacet
facet normal 0.944838226 -0.254766703 -0.205851138
  outer loop
   vertex 24402.0098 37112.7305 31964.4688
   vertex 24334.8242 37112.6523 31656.1953
   vertex 24402.7637 37248.8984 31799.4062
  endloop
 endfacet
facet normal 0.872134745 -0.450885952 -0.189954966
  outer loop
   vertex 24402.0098 37112.7305 31964.4688
   vertex 24224.7969 36853.9492 31765.0918
   vertex 24334.8242 37112.6523 31656.1953
  endloop
 endfacet
facet normal 0.924103022 -0.102005787 -0.368277669
  outer loop
   vertex 24527.6992 37414.168 32102.8184
   vertex 24474.9316 37330.8711 31993.4844
   vertex 24483.4531 37512.7266 31964.498
  endloop
 endfacet
facet normal 0.767042041 0.640042722 -0.0446297117
  outer loop
   vertex 24171.5117 37756.9961 31406.9414
   vertex 24265.8262 37631.5547 31228.9141
   vertex 24191.8418 37721.625 31249.0801
  endloop
 endfacet
facet normal 0.768423438 -0.616688669 -0.170940131
  outer loop
   vertex 24298.8965 36880.9531 32000.7734
   vertex 24179.0117 36724.4727 32026.3828
   vertex 24224.7969 36853.9492 31765.0918
  endloop
 endfacet
facet normal 0.903255999 -0.333634555 -0.269845515
  outer loop
   vertex 24523.9297 37266.9062 32181.9551
   vertex 24493.0664 37106.7812 32276.6172
   vertex 24402.0098 37112.7305 31964.4688
  endloop
 endfacet
facet normal 0.741313934 -0.667069733 0.0739702135
  outer loop
   vertex 24126.6777 36734.6797 31672.8398
   vertex 24158.6855 36759.6914 31577.6016
   vertex 24224.7969 36853.9492 31765.0918
  endloop
 endfacet
facet normal 0.831917048 -0.554711401 -0.0144658713
  outer loop
   vertex 24248.7559 36896.3633 31516.5898
   vertex 24224.7969 36853.9492 31765.0918
   vertex 24158.6855 36759.6914 31577.6016
  endloop
 endfacet
facet normal 0.93447721 -0.31944719 0.15718089
  outer loop
   vertex 24248.7559 36896.3633 31516.5898
   vertex 24311.4043 36981.8203 31317.8145
   vertex 24314.4805 37070.4844 31479.7207
  endloop
 endfacet
facet normal 0.894096196 -0.0764067471 -0.441309452
  outer loop
   vertex 24696.75 38027.7656 32436.1895
   vertex 24754.5996 37942.6602 32568.1289
   vertex 24701.2695 37820.0859 32481.3008
  endloop
 endfacet
facet normal 0.798325241 -0.370512992 0.474759907
  outer loop
   vertex 24183.5273 36759.75 31359.5332
   vertex 24269.668 36854.0117 31288.252
   vertex 24311.4043 36981.8203 31317.8145
  endloop
 endfacet
facet normal 0.888300478 -0.34823668 -0.299421966
  outer loop
   vertex 24550.9277 37209.2656 32329.0879
   vertex 24493.0664 37106.7812 32276.6172
   vertex 24523.9297 37266.9062 32181.9551
  endloop
 endfacet
facet normal 0.899251461 -0.436103493 0.0340673104
  outer loop
   vertex 24341.5508 36951.1016 31208.2441
   vertex 24293.9316 36851.3477 31188.2578
   vertex 24391.0254 37045.9336 31116.2344
  endloop
 endfacet
facet normal 0.814850867 -0.459731609 0.35307917
  outer loop
   vertex 24311.4043 36981.8203 31317.8145
   vertex 24293.9316 36851.3477 31188.2578
   vertex 24341.5508 36951.1016 31208.2441
  endloop
 endfacet
facet normal 0.921122253 0.380106688 0.0839802325
  outer loop
   vertex 24258.3262 37609.7969 31409.6406
   vertex 24327.7344 37473.2148 31266.5605
   vertex 24265.8262 37631.5547 31228.9141
  endloop
 endfacet
facet normal 0.927229226 -0.0928992108 -0.362788826
  outer loop
   vertex 24541.8027 37538.3008 32107.0781
   vertex 24527.6992 37414.168 32102.8184
   vertex 24483.4531 37512.7266 31964.498
  endloop
 endfacet
facet normal 0.935547411 -0.0946160853 -0.340292364
  outer loop
   vertex 24541.8027 37538.3008 32107.0781
   vertex 24573.3164 37475.8086 32211.0938
   vertex 24527.6992 37414.168 32102.8184
  endloop
 endfacet
facet normal 0.797453523 0.271342933 -0.538925648
  outer loop
   vertex 24416.8906 37840.2773 31969.8027
   vertex 24498.0469 37835.1289 32087.2969
   vertex 24485.4883 37737.9336 32019.7773
  endloop
 endfacet
facet normal 0.900506198 -0.357957214 0.246891111
  outer loop
   vertex 24293.9316 36851.3477 31188.2578
   vertex 24358.873 36830.9531 30921.8203
   vertex 24391.0254 37045.9336 31116.2344
  endloop
 endfacet
facet normal 0.901578069 -0.320224166 -0.290884018
  outer loop
   vertex 24550.9277 37209.2656 32329.0879
   vertex 24523.9297 37266.9062 32181.9551
   vertex 24578.9395 37271.0625 32347.877
  endloop
 endfacet
facet normal 0.972193301 0.211377397 0.100795552
  outer loop
   vertex 24466.1348 37348.9688 30919.0098
   vertex 24500.9336 37220.5547 30852.6602
   vertex 24480.3047 37344.2305 30792.2754
  endloop
 endfacet
facet normal 0.991790712 -0.0448443778 -0.119750276
  outer loop
   vertex 24284.6816 36507.5234 30341.5078
   vertex 24288.8887 36790.7695 30270.2715
   vertex 24319.4668 36649.4648 30576.4434
  endloop
 endfacet
facet normal 0.760746956 0.643625438 -0.0837278217
  outer loop
   vertex 24191.8418 37721.625 31249.0801
   vertex 24265.8262 37631.5547 31228.9141
   vertex 24212.002 37678.8203 31103.207
  endloop
 endfacet
facet normal 0.643636286 0.677895248 -0.355232805
  outer loop
   vertex 24235.0254 37671.668 31485.4902
   vertex 24258.3262 37609.7969 31409.6406
   vertex 24148.4766 37770.4141 31517.1094
  endloop
 endfacet
facet normal 0.856550395 0.506947219 0.096570693
  outer loop
   vertex 24265.8262 37631.5547 31228.9141
   vertex 24171.5117 37756.9961 31406.9414
   vertex 24258.3262 37609.7969 31409.6406
  endloop
 endfacet
facet normal 0.854491949 0.506108344 0.117037937
  outer loop
   vertex 24171.5117 37756.9961 31406.9414
   vertex 24148.4766 37770.4141 31517.1094
   vertex 24258.3262 37609.7969 31409.6406
  endloop
 endfacet
facet normal 0.919831038 -0.389125437 0.0499230847
  outer loop
   vertex 24358.873 36830.9531 30921.8203
   vertex 24463.0312 37080.8594 30950.5859
   vertex 24417.625 36979.6836 30998.5801
  endloop
 endfacet
facet normal 0.980998635 -0.190526769 -0.0366225876
  outer loop
   vertex 24402.0098 37112.7305 31964.4688
   vertex 24418.5625 37215.3281 31874.1035
   vertex 24433.666 37291.582 31881.9629
  endloop
 endfacet
facet normal 0.731096804 -0.575603366 -0.366303474
  outer loop
   vertex 24094.6211 36337.8633 30873.5957
   vertex 24177.3672 36465.8008 30837.7051
   vertex 24128.7441 36370.8438 30889.8711
  endloop
 endfacet
facet normal 0.802995086 0.385850161 -0.454223037
  outer loop
   vertex 24349.8223 37643.1797 31723.2422
   vertex 24326.2812 37798.2812 31813.3809
   vertex 24431.9336 37671.1523 31892.166
  endloop
 endfacet
facet normal 0.78156805 0.316332608 -0.537666261
  outer loop
   vertex 24326.2812 37798.2812 31813.3809
   vertex 24416.8906 37840.2773 31969.8027
   vertex 24431.9336 37671.1523 31892.166
  endloop
 endfacet
facet normal -0.00190278306 0.715933323 -0.698166072
  outer loop
   vertex 24324.7988 38278.5 32225.1816
   vertex 24271.7109 38419.6367 32370.0547
   vertex 24437.2363 38365.5039 32314.0918
  endloop
 endfacet
facet normal 0.49662587 0.0823011473 -0.864053965
  outer loop
   vertex 24154.373 37300.0508 30046.4355
   vertex 24205.377 37216.8594 30067.8262
   vertex 24078.6758 37107.0508 29984.5449
  endloop
 endfacet
facet normal 0.812740743 0.301224679 -0.498714566
  outer loop
   vertex 24431.9336 37671.1523 31892.166
   vertex 24416.8906 37840.2773 31969.8027
   vertex 24485.4883 37737.9336 32019.7773
  endloop
 endfacet
facet normal 0.991823316 -0.109253623 0.0659558401
  outer loop
   vertex 24463.0312 37080.8594 30950.5859
   vertex 24480.3594 37244.2109 30960.5957
   vertex 24470.0449 37177.1797 31004.6562
  endloop
 endfacet
facet normal 0.939221203 -0.217507288 0.265620202
  outer loop
   vertex 24451.8594 37136.2031 31035.4102
   vertex 24463.0312 37080.8594 30950.5859
   vertex 24470.0449 37177.1797 31004.6562
  endloop
 endfacet
facet normal 0.768192232 -0.627240837 0.128256053
  outer loop
   vertex 24029.0723 36142.1328 30293.8887
   vertex 24148.1836 36280.0898 30255.1484
   vertex 24193.1191 36363.1758 30392.3555
  endloop
 endfacet
facet normal 0.925473273 -0.234792024 -0.297274232
  outer loop
   vertex 24554.0039 37374.0977 32190.9199
   vertex 24582.0625 37359.6016 32289.7168
   vertex 24523.9297 37266.9062 32181.9551
  endloop
 endfacet
facet normal 0.899701834 -0.1304169 -0.416566998
  outer loop
   vertex 24361.2754 37179.8477 30304.8047
   vertex 24427.7617 37082.457 30478.8906
   vertex 24288.8887 36790.7695 30270.2715
  endloop
 endfacet
facet normal 0.680606484 -0.617352307 -0.394526243
  outer loop
   vertex 23970.9785 36113.3906 30165.3066
   vertex 23960.9668 36159.7461 30075.498
   vertex 24071.209 36251.4375 30122.2012
  endloop
 endfacet
facet normal 0.654279888 -0.75343442 -0.0652256757
  outer loop
   vertex 24029.2383 36222.957 30030.2109
   vertex 24071.209 36251.4375 30122.2012
   vertex 23960.9668 36159.7461 30075.498
  endloop
 endfacet
facet normal 0.686301112 -0.697820842 0.205029026
  outer loop
   vertex 24177.3672 36465.8008 30837.7051
   vertex 24044.0938 36311.9961 30760.3418
   vertex 24156.3711 36380.8125 30618.7305
  endloop
 endfacet
facet normal 0.789354146 -0.572630167 -0.221392706
  outer loop
   vertex 24177.3672 36465.8008 30837.7051
   vertex 24094.6211 36337.8633 30873.5957
   vertex 24044.0938 36311.9961 30760.3418
  endloop
 endfacet
facet normal 0.80533433 -0.543010056 0.237858504
  outer loop
   vertex 24293.9316 36851.3477 31188.2578
   vertex 24148.7168 36598.3086 31102.248
   vertex 24358.873 36830.9531 30921.8203
  endloop
 endfacet
facet normal 0.965787411 -0.131603897 -0.223461509
  outer loop
   vertex 24634.3711 37546.1094 32405.9551
   vertex 24598.4805 37320.7539 32383.5586
   vertex 24582.0625 37359.6016 32289.7168
  endloop
 endfacet
facet normal 0.95915699 -0.105415113 -0.262498677
  outer loop
   vertex 24573.3164 37475.8086 32211.0938
   vertex 24634.3711 37546.1094 32405.9551
   vertex 24582.0625 37359.6016 32289.7168
  endloop
 endfacet
facet normal 0.948723495 -0.31408444 -0.0357020944
  outer loop
   vertex 24478.8262 37018.418 30653.8789
   vertex 24514.0801 37112.8438 30760.0195
   vertex 24481.8223 37010.1328 30806.377
  endloop
 endfacet
facet normal 0.953968048 -0.294915169 -0.0544973947
  outer loop
   vertex 24478.8262 37018.418 30653.8789
   vertex 24513.7051 37123.8672 30693.7891
   vertex 24514.0801 37112.8438 30760.0195
  endloop
 endfacet
facet normal 0.563660085 -0.0877843276 -0.821328938
  outer loop
   vertex 24013.2852 36815.2148 29959.7168
   vertex 24140.6348 36714.8789 30057.8379
   vertex 24034.9707 36582.793 29999.4395
  endloop
 endfacet
facet normal 0.653945565 0.000414859795 -0.756541491
  outer loop
   vertex 24166.0391 36903.7344 30059.9492
   vertex 24078.6758 37107.0508 29984.5449
   vertex 24246.1855 37093.0469 30129.3301
  endloop
 endfacet
facet normal 0.637177765 -0.164059862 -0.75305301
  outer loop
   vertex 24205.377 37216.8594 30067.8262
   vertex 24246.1855 37093.0469 30129.3301
   vertex 24078.6758 37107.0508 29984.5449
  endloop
 endfacet
facet normal 0.694507718 -0.671897709 -0.257317871
  outer loop
   vertex 24071.209 36251.4375 30122.2012
   vertex 24148.1836 36280.0898 30255.1484
   vertex 24029.0723 36142.1328 30293.8887
  endloop
 endfacet
facet normal 0.817139268 -0.433774233 -0.379635751
  outer loop
   vertex 24148.1836 36280.0898 30255.1484
   vertex 24071.209 36251.4375 30122.2012
   vertex 24228.3887 36434.5586 30251.2832
  endloop
 endfacet
facet normal 0.879329324 -0.372166514 0.297106117
  outer loop
   vertex 24509.7148 37100.0898 30836.5059
   vertex 24463.0312 37080.8594 30950.5859
   vertex 24481.8223 37010.1328 30806.377
  endloop
 endfacet
facet normal 0.905208647 0.157288343 -0.394788146
  outer loop
   vertex 24498.0469 37835.1289 32087.2969
   vertex 24557.7168 37674.0859 32159.9551
   vertex 24485.4883 37737.9336 32019.7773
  endloop
 endfacet
facet normal -0.438937306 0.584325135 -0.682567358
  outer loop
   vertex 24004.4316 37624.8398 30247.209
   vertex 24097.9492 37626.168 30188.207
   vertex 24096.8867 37578.7617 30148.3066
  endloop
 endfacet
facet normal -0.274392843 0.747597158 -0.604819894
  outer loop
   vertex 24004.4316 37624.8398 30247.209
   vertex 24096.8867 37578.7617 30148.3066
   vertex 23947.1094 37455.4219 30063.7988
  endloop
 endfacet
facet normal 0.123764627 0.574145973 -0.80934459
  outer loop
   vertex 23997.3867 37315.5156 29972.2402
   vertex 23947.1094 37455.4219 30063.7988
   vertex 24149.5742 37475.4023 30108.9355
  endloop
 endfacet
facet normal 0.157651737 0.420678258 -0.893406808
  outer loop
   vertex 24096.8867 37578.7617 30148.3066
   vertex 24149.5742 37475.4023 30108.9355
   vertex 23947.1094 37455.4219 30063.7988
  endloop
 endfacet
facet normal 0.430843115 0.313414931 -0.846253693
  outer loop
   vertex 24154.373 37300.0508 30046.4355
   vertex 23997.3867 37315.5156 29972.2402
   vertex 24149.5742 37475.4023 30108.9355
  endloop
 endfacet
facet normal -0.0682683587 0.324557096 -0.943399251
  outer loop
   vertex 24165.5664 37577.6836 30142.9668
   vertex 24149.5742 37475.4023 30108.9355
   vertex 24096.8867 37578.7617 30148.3066
  endloop
 endfacet
facet normal 0.710827768 0.504051805 -0.490566641
  outer loop
   vertex 24148.4766 37770.4141 31517.1094
   vertex 24249.1387 37738.9219 31630.6133
   vertex 24281.9629 37608.0195 31543.6719
  endloop
 endfacet
facet normal -0.267998517 0.516929448 -0.812994897
  outer loop
   vertex 24328.6035 38662.6836 32578.418
   vertex 24589.1641 38990.25 32700.8047
   vertex 24493.2617 38623.2891 32499.0898
  endloop
 endfacet
facet normal -0.0746181905 0.954328358 -0.289291412
  outer loop
   vertex 24004.4316 37624.8398 30247.209
   vertex 24062.6738 37699.3672 30478.0312
   vertex 24167.4141 37676.4453 30375.4023
  endloop
 endfacet
facet normal 0.16572094 0.944415629 0.28392905
  outer loop
   vertex 24097.9492 37626.168 30188.207
   vertex 24004.4316 37624.8398 30247.209
   vertex 24157.5918 37613.793 30194.5625
  endloop
 endfacet
facet normal 0.306338936 0.923144102 -0.232295945
  outer loop
   vertex 24275.7441 37639.1172 30369.9238
   vertex 24167.4141 37676.4453 30375.4023
   vertex 24245.0195 37685.0938 30512.1133
  endloop
 endfacet
facet normal 0.0995654985 0.987887561 -0.119016454
  outer loop
   vertex 24245.0195 37685.0938 30512.1133
   vertex 24167.4141 37676.4453 30375.4023
   vertex 24062.6738 37699.3672 30478.0312
  endloop
 endfacet
facet normal -0.607187986 0.542261302 -0.58075422
  outer loop
   vertex 24578.2754 39176.5 32771.7578
   vertex 24521.5664 39118.0039 32776.4258
   vertex 24539.0312 39185.7188 32821.3945
  endloop
 endfacet
facet normal -0.450239956 0.260872662 -0.853949308
  outer loop
   vertex 24876.5391 39504.2031 32797.8945
   vertex 24863.7715 39307.2344 32744.4531
   vertex 24701.3555 39353.1172 32844.1016
  endloop
 endfacet
facet normal -0.0339110605 0.709631562 -0.703756392
  outer loop
   vertex 24271.7109 38419.6367 32370.0547
   vertex 24324.7988 38278.5 32225.1816
   vertex 24176.5547 38233.5742 32187.0215
  endloop
 endfacet
facet normal 0.250234663 0.539843798 -0.803710938
  outer loop
   vertex 24493.2617 38623.2891 32499.0898
   vertex 24566.4746 38475.8359 32422.8418
   vertex 24442.1172 38479.5469 32386.6172
  endloop
 endfacet
facet normal 0.964190066 -0.0852152705 -0.251149058
  outer loop
   vertex 24474.9316 37330.8711 31993.4844
   vertex 24457.1035 37397.0664 31902.5781
   vertex 24483.4531 37512.7266 31964.498
  endloop
 endfacet
facet normal 0.12480019 0.717642844 -0.685137749
  outer loop
   vertex 24083.5 38043.7344 31971.2246
   vertex 24176.5547 38233.5742 32187.0215
   vertex 24294.6035 38127.5586 32097.4824
  endloop
 endfacet
facet normal 0.635776401 0.373945236 -0.675243139
  outer loop
   vertex 24577.3418 38088.7188 32281.3965
   vertex 24444.4707 37998.6016 32106.3867
   vertex 24443.8984 38199.3516 32217.0215
  endloop
 endfacet
facet normal 0.162565202 0.674823344 -0.719851375
  outer loop
   vertex 24083.5 38043.7344 31971.2246
   vertex 24294.6035 38127.5586 32097.4824
   vertex 24290.9629 37954.0547 31934.0078
  endloop
 endfacet
facet normal 0.278476 0.838559031 -0.468262613
  outer loop
   vertex 24169.7637 37856.4219 31687.0898
   vertex 24083.5 38043.7344 31971.2246
   vertex 24290.9629 37954.0547 31934.0078
  endloop
 endfacet
facet normal 0.636924326 0.557079613 -0.53290683
  outer loop
   vertex 24169.7637 37856.4219 31687.0898
   vertex 24290.9629 37954.0547 31934.0078
   vertex 24326.2812 37798.2812 31813.3809
  endloop
 endfacet
facet normal 0.648212612 0.552628279 -0.523853421
  outer loop
   vertex 24416.8906 37840.2773 31969.8027
   vertex 24326.2812 37798.2812 31813.3809
   vertex 24290.9629 37954.0547 31934.0078
  endloop
 endfacet
facet normal 0.000820522429 0.645787299 -0.763516903
  outer loop
   vertex 24294.6035 38127.5586 32097.4824
   vertex 24176.5547 38233.5742 32187.0215
   vertex 24324.7988 38278.5 32225.1816
  endloop
 endfacet
facet normal -0.15274176 0.642146349 -0.751211047
  outer loop
   vertex 24271.7109 38419.6367 32370.0547
   vertex 24493.2617 38623.2891 32499.0898
   vertex 24442.1172 38479.5469 32386.6172
  endloop
 endfacet
facet normal -0.18943961 0.664258301 -0.723099947
  outer loop
   vertex 24271.7109 38419.6367 32370.0547
   vertex 24328.6035 38662.6836 32578.418
   vertex 24493.2617 38623.2891 32499.0898
  endloop
 endfacet
facet normal -0.898662746 0.438595176 -0.00628948212
  outer loop
   vertex 24447.5898 39017.0547 33098.9258
   vertex 24566.6719 39261.0156 33096.4727
   vertex 24545.791 39216.1523 32951.4453
  endloop
 endfacet
facet normal -0.879611671 0.471291095 -0.064560324
  outer loop
   vertex 24456.1328 39034.9336 32850.0938
   vertex 24545.791 39216.1523 32951.4453
   vertex 24539.0312 39185.7188 32821.3945
  endloop
 endfacet
facet normal -0.896533668 0.442974329 0.00103994855
  outer loop
   vertex 24456.1328 39034.9336 32850.0938
   vertex 24447.5898 39017.0547 33098.9258
   vertex 24545.791 39216.1523 32951.4453
  endloop
 endfacet
facet normal -0.776281834 0.49987185 0.384076416
  outer loop
   vertex 24456.1328 39034.9336 32850.0938
   vertex 24539.0312 39185.7188 32821.3945
   vertex 24493.666 39129.8164 32802.4648
  endloop
 endfacet
facet normal 0.852998078 -0.461364955 -0.244001359
  outer loop
   vertex 24472.2656 36891.0352 32578.2012
   vertex 24366.5996 36859.6406 32268.1641
   vertex 24489.5586 37011.3594 32411.1367
  endloop
 endfacet
facet normal 0.424030066 0.438051224 -0.792659879
  outer loop
   vertex 24294.6035 38127.5586 32097.4824
   vertex 24443.8984 38199.3516 32217.0215
   vertex 24444.4707 37998.6016 32106.3867
  endloop
 endfacet
facet normal 0.885722935 0.258795381 -0.385382771
  outer loop
   vertex 24359.2695 37469.1641 31628.1016
   vertex 24281.9629 37608.0195 31543.6719
   vertex 24349.8223 37643.1797 31723.2422
  endloop
 endfacet
facet normal 0.90196234 -0.222087234 -0.370325774
  outer loop
   vertex 24527.6992 37414.168 32102.8184
   vertex 24554.0039 37374.0977 32190.9199
   vertex 24523.9297 37266.9062 32181.9551
  endloop
 endfacet
facet normal 0.788488805 0.394096375 -0.472200692
  outer loop
   vertex 24277.4609 37769.5 31707.8398
   vertex 24326.2812 37798.2812 31813.3809
   vertex 24349.8223 37643.1797 31723.2422
  endloop
 endfacet
facet normal 0.835803688 0.547630489 -0.0391535237
  outer loop
   vertex 24324.9648 37600.6016 30665.9707
   vertex 24414.7871 37475.5078 30833.7402
   vertex 24451.8809 37407.8047 30678.6172
  endloop
 endfacet
facet normal 0.905349851 0.166496366 -0.390666813
  outer loop
   vertex 24557.7168 37674.0859 32159.9551
   vertex 24500.625 37641.75 32013.8652
   vertex 24485.4883 37737.9336 32019.7773
  endloop
 endfacet
facet normal 0.916492403 0.114122063 -0.383428991
  outer loop
   vertex 24524.4707 37593.75 32056.5762
   vertex 24500.625 37641.75 32013.8652
   vertex 24557.7168 37674.0859 32159.9551
  endloop
 endfacet
facet normal 0.875417233 0.165683821 -0.45408532
  outer loop
   vertex 24431.9336 37671.1523 31892.166
   vertex 24485.4883 37737.9336 32019.7773
   vertex 24500.625 37641.75 32013.8652
  endloop
 endfacet
facet normal 0.551954448 0.788360775 -0.27172333
  outer loop
   vertex 24199.8086 37573.1875 30162.5098
   vertex 24157.5918 37613.793 30194.5625
   vertex 24261.4453 37558.2422 30244.3418
  endloop
 endfacet
facet normal 0.897318006 0.440827578 0.0221689586
  outer loop
   vertex 24451.8809 37407.8047 30678.6172
   vertex 24414.7871 37475.5078 30833.7402
   vertex 24480.3047 37344.2305 30792.2754
  endloop
 endfacet
facet normal 0.762715042 0.641001165 0.0859261304
  outer loop
   vertex 24235.0254 37671.668 31485.4902
   vertex 24148.4766 37770.4141 31517.1094
   vertex 24281.9629 37608.0195 31543.6719
  endloop
 endfacet
facet normal 0.97071743 -0.115866996 0.210434183
  outer loop
   vertex 24480.3594 37244.2109 30960.5957
   vertex 24463.0312 37080.8594 30950.5859
   vertex 24500.9336 37220.5547 30852.6602
  endloop
 endfacet
facet normal 0.254401356 0.511196434 -0.820949554
  outer loop
   vertex 24437.2363 38365.5039 32314.0918
   vertex 24442.1172 38479.5469 32386.6172
   vertex 24566.4746 38475.8359 32422.8418
  endloop
 endfacet
facet normal -0.107378803 0.536791861 -0.836853802
  outer loop
   vertex 24437.2363 38365.5039 32314.0918
   vertex 24271.7109 38419.6367 32370.0547
   vertex 24442.1172 38479.5469 32386.6172
  endloop
 endfacet
facet normal 0.66487813 0.237710938 -0.708117604
  outer loop
   vertex 24577.3418 38088.7188 32281.3965
   vertex 24565.1836 38295.4453 32339.377
   vertex 24664.6641 38222.0508 32408.1445
  endloop
 endfacet
facet normal 0.779067457 0.140543133 -0.610984027
  outer loop
   vertex 24674.3262 38393.6094 32459.9297
   vertex 24778.1621 38297.1055 32570.1328
   vertex 24664.6641 38222.0508 32408.1445
  endloop
 endfacet
facet normal 0.814050019 -0.121562302 -0.567930639
  outer loop
   vertex 24999.7363 38616.1055 32848.793
   vertex 24888.8887 38340.8867 32748.8145
   vertex 24865.7344 38479.2461 32686.0117
  endloop
 endfacet
facet normal 0.648008227 0.186406106 -0.738470078
  outer loop
   vertex 24565.1836 38295.4453 32339.377
   vertex 24674.3262 38393.6094 32459.9297
   vertex 24664.6641 38222.0508 32408.1445
  endloop
 endfacet
facet normal 0.786183119 0.319435835 -0.529033899
  outer loop
   vertex 24444.4707 37998.6016 32106.3867
   vertex 24498.0469 37835.1289 32087.2969
   vertex 24416.8906 37840.2773 31969.8027
  endloop
 endfacet
facet normal 0.601020098 0.459462941 -0.653963745
  outer loop
   vertex 24444.4707 37998.6016 32106.3867
   vertex 24416.8906 37840.2773 31969.8027
   vertex 24290.9629 37954.0547 31934.0078
  endloop
 endfacet
facet normal -0.204761028 0.268639356 -0.941225708
  outer loop
   vertex 24863.7715 39307.2344 32744.4531
   vertex 24876.5391 39504.2031 32797.8945
   vertex 25073.459 39547.4375 32767.3926
  endloop
 endfacet
facet normal 0.31405139 0.392990887 -0.864251077
  outer loop
   vertex 24589.1641 38990.25 32700.8047
   vertex 24772.5371 38662.2852 32618.3066
   vertex 24493.2617 38623.2891 32499.0898
  endloop
 endfacet
facet normal 0.887144864 -0.21898821 -0.406224281
  outer loop
   vertex 24950.1914 38376.3672 32869.8281
   vertex 24999.7363 38616.1055 32848.793
   vertex 24992.3262 38461.0547 32916.1914
  endloop
 endfacet
facet normal 0.894789696 -0.219061688 -0.389054477
  outer loop
   vertex 24950.1914 38376.3672 32869.8281
   vertex 24888.8887 38340.8867 32748.8145
   vertex 24999.7363 38616.1055 32848.793
  endloop
 endfacet
facet normal -0.210605308 0.303755879 -0.929181218
  outer loop
   vertex 25073.459 39547.4375 32767.3926
   vertex 24876.5391 39504.2031 32797.8945
   vertex 25000.6738 39675.7812 32825.8477
  endloop
 endfacet
facet normal 0.264297962 0.543284595 -0.796861589
  outer loop
   vertex 24772.5371 38662.2852 32618.3066
   vertex 24566.4746 38475.8359 32422.8418
   vertex 24493.2617 38623.2891 32499.0898
  endloop
 endfacet
facet normal 0.838156044 -0.425444931 -0.341307908
  outer loop
   vertex 25324.4922 39103.0508 33098.4805
   vertex 25169.8086 38843.793 33041.7891
   vertex 25245.7109 39090.3984 32920.7812
  endloop
 endfacet
facet normal 0.713527322 -0.244514555 -0.656575501
  outer loop
   vertex 24999.7363 38616.1055 32848.793
   vertex 25059.3574 38975 32779.9297
   vertex 25125.8438 38879.7734 32887.6445
  endloop
 endfacet
facet normal -0.273524433 0.265889198 -0.924384832
  outer loop
   vertex 25206.2949 39860.5977 32818.1641
   vertex 25073.459 39547.4375 32767.3926
   vertex 25000.6738 39675.7812 32825.8477
  endloop
 endfacet
facet normal -0.895310402 0.413939387 -0.164540082
  outer loop
   vertex 25524.4961 40861.8398 32928.4805
   vertex 25479.7656 40718.6367 32811.6133
   vertex 25373.873 40545.4492 32952.1094
  endloop
 endfacet
facet normal -0.89688915 0.415708154 -0.150919288
  outer loop
   vertex 25524.4961 40861.8398 32928.4805
   vertex 25373.873 40545.4492 32952.1094
   vertex 25437.8086 40723.5938 33062.8555
  endloop
 endfacet
facet normal -0.898765206 0.408283204 -0.159768388
  outer loop
   vertex 25437.8086 40723.5938 33062.8555
   vertex 25474.0527 40803.9453 33064.3047
   vertex 25524.4961 40861.8398 32928.4805
  endloop
 endfacet
facet normal -0.791733861 0.561393499 -0.240821302
  outer loop
   vertex 24809.1172 39586.9219 33034.8594
   vertex 24859.4219 39586.0117 32867.3555
   vertex 24701.3555 39353.1172 32844.1016
  endloop
 endfacet
facet normal -0.817171752 0.56566608 -0.110689662
  outer loop
   vertex 24802.2988 39494.5742 32821.7734
   vertex 24701.3555 39353.1172 32844.1016
   vertex 24859.4219 39586.0117 32867.3555
  endloop
 endfacet
facet normal -0.215734199 0.00582994986 -0.976434708
  outer loop
   vertex 25336.3633 39659.8242 32788.2266
   vertex 25206.2949 39860.5977 32818.1641
   vertex 25464.375 39977.2812 32761.8418
  endloop
 endfacet
facet normal 0.376949131 0.010356498 -0.926176071
  outer loop
   vertex 25259.6504 39316.0898 32822.4062
   vertex 25074.623 39175.0391 32745.5254
   vertex 25061.2168 39319.0352 32741.6777
  endloop
 endfacet
facet normal -0.737781107 0.607825994 -0.293643743
  outer loop
   vertex 24545.791 39216.1523 32951.4453
   vertex 24639.4551 39369.2305 33032.9805
   vertex 24701.3555 39353.1172 32844.1016
  endloop
 endfacet
facet normal -0.751993537 0.588638902 -0.296664655
  outer loop
   vertex 24639.4551 39369.2305 33032.9805
   vertex 24809.1172 39586.9219 33034.8594
   vertex 24701.3555 39353.1172 32844.1016
  endloop
 endfacet
facet normal -0.698152661 -0.0809094533 -0.711362422
  outer loop
   vertex 24493.666 39129.8164 32802.4648
   vertex 24521.5664 39118.0039 32776.4258
   vertex 24456.1328 39034.9336 32850.0938
  endloop
 endfacet
facet normal -0.746814728 -0.00149447611 -0.66503042
  outer loop
   vertex 24589.1641 38990.25 32700.8047
   vertex 24456.1328 39034.9336 32850.0938
   vertex 24521.5664 39118.0039 32776.4258
  endloop
 endfacet
facet normal -0.414615393 0.575200975 -0.705150962
  outer loop
   vertex 24493.666 39129.8164 32802.4648
   vertex 24539.0312 39185.7188 32821.3945
   vertex 24521.5664 39118.0039 32776.4258
  endloop
 endfacet
facet normal -0.389185369 0.307973087 -0.868151665
  outer loop
   vertex 24589.1641 38990.25 32700.8047
   vertex 24521.5664 39118.0039 32776.4258
   vertex 24578.2754 39176.5 32771.7578
  endloop
 endfacet
facet normal 0.0344963968 0.103581078 -0.994022608
  outer loop
   vertex 25184.9883 39463.7266 32762.541
   vertex 25073.459 39547.4375 32767.3926
   vertex 25336.3633 39659.8242 32788.2266
  endloop
 endfacet
facet normal -0.35655871 0.257019758 -0.898224235
  outer loop
   vertex 25385.502 40248.8086 32822.7852
   vertex 25668.918 40277.6445 32718.5332
   vertex 25523.7285 40152.043 32740.2266
  endloop
 endfacet
facet normal -0.58245486 0.647106051 -0.491935045
  outer loop
   vertex 24328.6035 38662.6836 32578.418
   vertex 24328.2676 38787.6875 32743.248
   vertex 24589.1641 38990.25 32700.8047
  endloop
 endfacet
facet normal -0.533242881 0.552583337 -0.640549541
  outer loop
   vertex 24328.2676 38787.6875 32743.248
   vertex 24456.1328 39034.9336 32850.0938
   vertex 24589.1641 38990.25 32700.8047
  endloop
 endfacet
facet normal 0.0354147926 0.357579857 -0.93321085
  outer loop
   vertex 24578.2754 39176.5 32771.7578
   vertex 24701.3555 39353.1172 32844.1016
   vertex 24589.1641 38990.25 32700.8047
  endloop
 endfacet
facet normal -0.3766689 0.438662887 -0.815901577
  outer loop
   vertex 24863.7715 39307.2344 32744.4531
   vertex 24589.1641 38990.25 32700.8047
   vertex 24701.3555 39353.1172 32844.1016
  endloop
 endfacet
facet normal 0.49342066 -0.183873177 -0.850133359
  outer loop
   vertex 25074.623 39175.0391 32745.5254
   vertex 25259.6504 39316.0898 32822.4062
   vertex 25059.3574 38975 32779.9297
  endloop
 endfacet
facet normal 0.45219028 0.0456300601 -0.890753508
  outer loop
   vertex 24772.5371 38662.2852 32618.3066
   vertex 24903.9355 39077.1445 32706.2617
   vertex 25059.3574 38975 32779.9297
  endloop
 endfacet
facet normal 0.690000355 -0.324611574 -0.646936536
  outer loop
   vertex 25259.6504 39316.0898 32822.4062
   vertex 25245.7109 39090.3984 32920.7812
   vertex 25059.3574 38975 32779.9297
  endloop
 endfacet
facet normal 0.68373692 -0.283311307 -0.672486842
  outer loop
   vertex 25125.8438 38879.7734 32887.6445
   vertex 25059.3574 38975 32779.9297
   vertex 25245.7109 39090.3984 32920.7812
  endloop
 endfacet
facet normal 0.665247619 -0.24578701 -0.705006599
  outer loop
   vertex 24999.7363 38616.1055 32848.793
   vertex 24772.5371 38662.2852 32618.3066
   vertex 25059.3574 38975 32779.9297
  endloop
 endfacet
facet normal 0.483531833 -0.374689698 -0.79107815
  outer loop
   vertex 25245.7109 39090.3984 32920.7812
   vertex 25259.6504 39316.0898 32822.4062
   vertex 25315.3477 39232.6406 32895.9766
  endloop
 endfacet
facet normal -0.567400873 0.325614214 -0.756327748
  outer loop
   vertex 25192.3984 40043.1562 32907.1836
   vertex 25206.2949 39860.5977 32818.1641
   vertex 25023.1816 39837.8203 32945.7305
  endloop
 endfacet
facet normal -0.020708289 0.112950273 -0.993384838
  outer loop
   vertex 25061.2168 39319.0352 32741.6777
   vertex 24863.7715 39307.2344 32744.4531
   vertex 25073.459 39547.4375 32767.3926
  endloop
 endfacet
facet normal 0.71881783 0.112213142 -0.686082423
  outer loop
   vertex 24772.5371 38662.2852 32618.3066
   vertex 24999.7363 38616.1055 32848.793
   vertex 24865.7344 38479.2461 32686.0117
  endloop
 endfacet
facet normal 0.810149252 0.565461457 0.154633671
  outer loop
   vertex 24283.3496 37627.2109 30974.9863
   vertex 24355.2715 37501.5977 31057.5195
   vertex 24327.1074 37590.7227 30879.168
  endloop
 endfacet
facet normal 0.226833478 -0.00489527825 -0.973921239
  outer loop
   vertex 25074.623 39175.0391 32745.5254
   vertex 24903.9355 39077.1445 32706.2617
   vertex 25061.2168 39319.0352 32741.6777
  endloop
 endfacet
facet normal -0.0234119073 0.159717724 -0.986885071
  outer loop
   vertex 24903.9355 39077.1445 32706.2617
   vertex 24863.7715 39307.2344 32744.4531
   vertex 25061.2168 39319.0352 32741.6777
  endloop
 endfacet
facet normal 0.0119975312 0.155064002 -0.987831593
  outer loop
   vertex 25073.459 39547.4375 32767.3926
   vertex 25206.2949 39860.5977 32818.1641
   vertex 25336.3633 39659.8242 32788.2266
  endloop
 endfacet
facet normal 0.0391408876 0.109720908 -0.993191481
  outer loop
   vertex 25073.459 39547.4375 32767.3926
   vertex 25184.9883 39463.7266 32762.541
   vertex 25061.2168 39319.0352 32741.6777
  endloop
 endfacet
facet normal -0.189940408 0.0502097048 -0.98051089
  outer loop
   vertex 25581.4727 40100.6406 32726.4082
   vertex 25523.7285 40152.043 32740.2266
   vertex 25668.918 40277.6445 32718.5332
  endloop
 endfacet
facet normal -0.517027974 0.488571048 -0.702837408
  outer loop
   vertex 24876.5391 39504.2031 32797.8945
   vertex 24859.4219 39586.0117 32867.3555
   vertex 25000.6738 39675.7812 32825.8477
  endloop
 endfacet
facet normal -0.317253441 0.574351132 -0.754633009
  outer loop
   vertex 24876.5391 39504.2031 32797.8945
   vertex 24802.2988 39494.5742 32821.7734
   vertex 24859.4219 39586.0117 32867.3555
  endloop
 endfacet
facet normal -0.893753529 0.238060385 -0.380173534
  outer loop
   vertex 25423.5059 40520.6797 32819.918
   vertex 25373.873 40545.4492 32952.1094
   vertex 25479.7656 40718.6367 32811.6133
  endloop
 endfacet
facet normal -0.536988258 0.548671484 -0.64078325
  outer loop
   vertex 24859.4219 39586.0117 32867.3555
   vertex 25023.1816 39837.8203 32945.7305
   vertex 25000.6738 39675.7812 32825.8477
  endloop
 endfacet
facet normal -0.930853128 -0.33001709 -0.156847507
  outer loop
   vertex 25533.4727 40827.75 32736.541
   vertex 25528.7695 40858.6992 32699.3398
   vertex 25547.4883 40812.3555 32685.7578
  endloop
 endfacet
facet normal -0.521442771 0.553129137 -0.649727345
  outer loop
   vertex 25023.1816 39837.8203 32945.7305
   vertex 25206.2949 39860.5977 32818.1641
   vertex 25000.6738 39675.7812 32825.8477
  endloop
 endfacet
facet normal -0.735814393 0.50640595 -0.449588865
  outer loop
   vertex 25385.502 40248.8086 32822.7852
   vertex 25192.3984 40043.1562 32907.1836
   vertex 25193.0039 40200.3984 33083.3086
  endloop
 endfacet
facet normal -0.197018459 0.930492163 -0.308817148
  outer loop
   vertex 25540.9531 40879.9258 32755.5254
   vertex 25546.5508 40858.875 32688.5215
   vertex 25528.7695 40858.6992 32699.3398
  endloop
 endfacet
facet normal -0.791980147 0.0597588755 -0.607615292
  outer loop
   vertex 25385.502 40248.8086 32822.7852
   vertex 25317.4336 40361.7578 32922.6172
   vertex 25363.9531 40426.0664 32868.3047
  endloop
 endfacet
facet normal -0.920339465 -0.0565983579 -0.387003779
  outer loop
   vertex 25524.7012 40866.7227 32796.1055
   vertex 25515.8984 40885.3164 32814.3242
   vertex 25540.9531 40879.9258 32755.5254
  endloop
 endfacet
facet normal -0.806866705 0.0349508412 -0.589698672
  outer loop
   vertex 25317.4336 40361.7578 32922.6172
   vertex 25385.502 40248.8086 32822.7852
   vertex 25193.0039 40200.3984 33083.3086
  endloop
 endfacet
facet normal -0.9215976 0.248418882 -0.298238039
  outer loop
   vertex 25524.7012 40866.7227 32796.1055
   vertex 25533.4727 40827.75 32736.541
   vertex 25479.7656 40718.6367 32811.6133
  endloop
 endfacet
facet normal -0.956603229 0.291246593 0.00925757363
  outer loop
   vertex 25524.7012 40866.7227 32796.1055
   vertex 25479.7656 40718.6367 32811.6133
   vertex 25524.4961 40861.8398 32928.4805
  endloop
 endfacet
facet normal -0.909898818 -0.414493382 -0.0167151038
  outer loop
   vertex 25524.7012 40866.7227 32796.1055
   vertex 25524.4961 40861.8398 32928.4805
   vertex 25515.8984 40885.3164 32814.3242
  endloop
 endfacet
facet normal -0.632017732 0.300260574 -0.714420915
  outer loop
   vertex 25385.502 40248.8086 32822.7852
   vertex 25206.2949 39860.5977 32818.1641
   vertex 25192.3984 40043.1562 32907.1836
  endloop
 endfacet
facet normal -0.269438058 0.135728911 -0.953404844
  outer loop
   vertex 25464.375 39977.2812 32761.8418
   vertex 25206.2949 39860.5977 32818.1641
   vertex 25385.502 40248.8086 32822.7852
  endloop
 endfacet
facet normal -0.965355277 -0.127085149 -0.227900341
  outer loop
   vertex 25533.4727 40827.75 32736.541
   vertex 25547.4883 40812.3555 32685.7578
   vertex 25567.0039 40627.0156 32706.4453
  endloop
 endfacet
facet normal -0.785344541 -0.0385527909 -0.617857277
  outer loop
   vertex 25533.4727 40827.75 32736.541
   vertex 25567.0039 40627.0156 32706.4453
   vertex 25479.7656 40718.6367 32811.6133
  endloop
 endfacet
facet normal -0.294731766 -0.118778534 -0.948169231
  outer loop
   vertex 25668.918 40277.6445 32718.5332
   vertex 25567.0039 40627.0156 32706.4453
   vertex 25761.9609 40566.2109 32653.4609
  endloop
 endfacet
facet normal 0.278355807 -0.414167434 -0.866593003
  outer loop
   vertex 27219.6738 40844.5625 32841.5703
   vertex 27224.3398 40967.8203 32784.1602
   vertex 27285.7207 40881.3633 32845.1992
  endloop
 endfacet
facet normal -0.683957577 0.164571986 -0.710716605
  outer loop
   vertex 25479.7656 40718.6367 32811.6133
   vertex 25567.0039 40627.0156 32706.4453
   vertex 25423.5059 40520.6797 32819.918
  endloop
 endfacet
facet normal 0.464464694 -0.663746595 -0.586270452
  outer loop
   vertex 26797.7578 40640.8047 32822.3789
   vertex 26718.1738 40441.5586 32984.9062
   vertex 26535.3125 40443.082 32838.3125
  endloop
 endfacet
facet normal 0.011913999 -0.109685205 -0.993894994
  outer loop
   vertex 25567.0039 40627.0156 32706.4453
   vertex 25547.4883 40812.3555 32685.7578
   vertex 25621.2832 40830.6211 32684.627
  endloop
 endfacet
facet normal -0.653877318 0.0938684046 -0.750755072
  outer loop
   vertex 25567.0039 40627.0156 32706.4453
   vertex 25621.2832 40830.6211 32684.627
   vertex 25650.1699 40728.7695 32646.7344
  endloop
 endfacet
facet normal -0.0298161432 0.0586661212 -0.997832298
  outer loop
   vertex 25546.5508 40858.875 32688.5215
   vertex 25621.2832 40830.6211 32684.627
   vertex 25547.4883 40812.3555 32685.7578
  endloop
 endfacet
facet normal 0.616724372 -0.561967254 -0.551220298
  outer loop
   vertex 27617.8965 41147.3477 32951.5469
   vertex 27377.0234 40959.6211 32873.4375
   vertex 27494.1543 41177.2812 32782.5859
  endloop
 endfacet
facet normal 0.406788439 -0.529604077 -0.74434042
  outer loop
   vertex 27224.3398 40967.8203 32784.1602
   vertex 27494.1543 41177.2812 32782.5859
   vertex 27377.0234 40959.6211 32873.4375
  endloop
 endfacet
facet normal -0.349946737 -0.373406708 -0.859130204
  outer loop
   vertex 25761.9609 40566.2109 32653.4609
   vertex 25567.0039 40627.0156 32706.4453
   vertex 25679.4492 40674.2773 32640.1016
  endloop
 endfacet
facet normal -0.145924404 0.308347732 -0.94001478
  outer loop
   vertex 25621.2832 40830.6211 32684.627
   vertex 25770.7305 40755.3633 32636.7422
   vertex 25650.1699 40728.7695 32646.7344
  endloop
 endfacet
facet normal -0.171204135 0.26399526 -0.949207902
  outer loop
   vertex 25621.2832 40830.6211 32684.627
   vertex 25801.9082 40957.2812 32687.2754
   vertex 25770.7305 40755.3633 32636.7422
  endloop
 endfacet
facet normal 0.0241100043 0.21882461 -0.975466311
  outer loop
   vertex 26053.959 41008.3555 32678.9316
   vertex 26214.5566 40972.3789 32674.8301
   vertex 26001.6855 40853.5781 32642.918
  endloop
 endfacet
facet normal 0.678406894 0.237129465 -0.695365906
  outer loop
   vertex 24205.377 37216.8594 30067.8262
   vertex 24154.373 37300.0508 30046.4355
   vertex 24282.9707 37341.6289 30186.0762
  endloop
 endfacet
facet normal -0.186441422 0.748747885 -0.636094511
  outer loop
   vertex 25852.5625 41104.957 32802.0508
   vertex 26102.7246 41151.043 32782.9727
   vertex 25921.3066 41028.9766 32692.4609
  endloop
 endfacet
facet normal 0.101475134 0.84622854 -0.523067892
  outer loop
   vertex 25845.3281 41040.3281 32696.0859
   vertex 25852.5625 41104.957 32802.0508
   vertex 25921.3066 41028.9766 32692.4609
  endloop
 endfacet
facet normal -0.0605067424 0.245546758 -0.967494547
  outer loop
   vertex 25921.3066 41028.9766 32692.4609
   vertex 26053.959 41008.3555 32678.9316
   vertex 26001.6855 40853.5781 32642.918
  endloop
 endfacet
facet normal 0.389121026 -0.70775485 -0.589633703
  outer loop
   vertex 26927.459 40591.2266 32967.4844
   vertex 26797.7578 40640.8047 32822.3789
   vertex 27080.6914 40757.3477 32869.207
  endloop
 endfacet
facet normal 0.430963635 -0.811699331 -0.394226521
  outer loop
   vertex 27219.6738 40844.5625 32841.5703
   vertex 27262.3438 40826.5156 32925.3711
   vertex 27080.6914 40757.3477 32869.207
  endloop
 endfacet
facet normal 0.430244535 -0.815366805 -0.387384355
  outer loop
   vertex 27108.9512 40678.5273 33066.5
   vertex 27080.6914 40757.3477 32869.207
   vertex 27262.3438 40826.5156 32925.3711
  endloop
 endfacet
facet normal 0.477966994 -0.254231989 -0.840781569
  outer loop
   vertex 27224.3398 40967.8203 32784.1602
   vertex 27377.0234 40959.6211 32873.4375
   vertex 27285.7207 40881.3633 32845.1992
  endloop
 endfacet
facet normal -0.0958344415 0.229653656 -0.968542695
  outer loop
   vertex 25801.9082 40957.2812 32687.2754
   vertex 25921.3066 41028.9766 32692.4609
   vertex 26001.6855 40853.5781 32642.918
  endloop
 endfacet
facet normal 0.00927095488 -0.0133407982 -0.999868035
  outer loop
   vertex 26758.1953 40847.3047 32715.625
   vertex 26741.3203 41081.793 32712.3398
   vertex 27005.0215 41046.3125 32715.2578
  endloop
 endfacet
facet normal 0.277741611 -0.399332672 -0.873723626
  outer loop
   vertex 25921.3066 41028.9766 32692.4609
   vertex 25801.9082 40957.2812 32687.2754
   vertex 25845.4746 41020.957 32672.0215
  endloop
 endfacet
facet normal 0.194098964 -0.835114777 -0.514692962
  outer loop
   vertex 27315.3145 40874.1758 32868.0195
   vertex 27262.3438 40826.5156 32925.3711
   vertex 27285.7207 40881.3633 32845.1992
  endloop
 endfacet
facet normal 0.525094926 -0.329454422 -0.784687877
  outer loop
   vertex 27315.3145 40874.1758 32868.0195
   vertex 27285.7207 40881.3633 32845.1992
   vertex 27377.0234 40959.6211 32873.4375
  endloop
 endfacet
facet normal 0.016643431 -0.258037388 -0.965991557
  outer loop
   vertex 25761.9609 40566.2109 32653.4609
   vertex 25926.9473 40644.2422 32635.4609
   vertex 25983.4062 40410.7422 32698.8066
  endloop
 endfacet
facet normal 0.625486553 -0.779058695 -0.0428269133
  outer loop
   vertex 27540.5586 41073.6094 33163.4219
   vertex 27617.8965 41147.3477 32951.5469
   vertex 27815.6445 41296.2969 33130.1406
  endloop
 endfacet
facet normal 0.709456742 -0.704615176 0.0137331029
  outer loop
   vertex 27540.5586 41073.6094 33163.4219
   vertex 27400.3672 40929.8711 33030.9805
   vertex 27617.8965 41147.3477 32951.5469
  endloop
 endfacet
facet normal 0.589953959 -0.807189703 0.0199776888
  outer loop
   vertex 27918.252 41366.1797 32923.6328
   vertex 27815.6445 41296.2969 33130.1406
   vertex 27617.8965 41147.3477 32951.5469
  endloop
 endfacet
facet normal 0.443951547 -0.768229485 -0.461227149
  outer loop
   vertex 27738.5352 41313.4375 32791.0273
   vertex 27617.8965 41147.3477 32951.5469
   vertex 27494.1543 41177.2812 32782.5859
  endloop
 endfacet
facet normal 0.690445423 -0.685271204 -0.231707901
  outer loop
   vertex 27262.3438 40826.5156 32925.3711
   vertex 27377.0234 40959.6211 32873.4375
   vertex 27400.3672 40929.8711 33030.9805
  endloop
 endfacet
facet normal 0.779798031 -0.578354776 0.239626423
  outer loop
   vertex 27262.3438 40826.5156 32925.3711
   vertex 27315.3145 40874.1758 32868.0195
   vertex 27377.0234 40959.6211 32873.4375
  endloop
 endfacet
facet normal 0.217931002 -0.34082666 -0.914518058
  outer loop
   vertex 26336.2637 40679.3711 32663.5801
   vertex 26537.998 40649.2266 32722.8867
   vertex 26303.2852 40466.8477 32734.9238
  endloop
 endfacet
facet normal 0.13261877 -0.333874106 -0.933241844
  outer loop
   vertex 26130.6367 40638.3945 32649.0176
   vertex 26336.2637 40679.3711 32663.5801
   vertex 26303.2852 40466.8477 32734.9238
  endloop
 endfacet
facet normal 0.178590178 -0.424628347 -0.887578905
  outer loop
   vertex 26758.1953 40847.3047 32715.625
   vertex 26978.2852 40840.6445 32763.0977
   vertex 26797.7578 40640.8047 32822.3789
  endloop
 endfacet
facet normal 0.835102618 0.00199349038 -0.550090611
  outer loop
   vertex 24246.1855 37093.0469 30129.3301
   vertex 24205.377 37216.8594 30067.8262
   vertex 24282.9707 37341.6289 30186.0762
  endloop
 endfacet
facet normal 0.0780892372 -0.113813788 -0.990428448
  outer loop
   vertex 25464.375 39977.2812 32761.8418
   vertex 25550.1309 39816.4531 32787.082
   vertex 25336.3633 39659.8242 32788.2266
  endloop
 endfacet
facet normal 0.432928056 -0.705246329 -0.561427534
  outer loop
   vertex 26429.9551 40219.2734 33010.0508
   vertex 26186.834 40195.6055 32852.3047
   vertex 26373.7871 40317.543 32843.293
  endloop
 endfacet
facet normal 0.0572246946 -0.248483196 -0.966944396
  outer loop
   vertex 25926.9473 40644.2422 32635.4609
   vertex 26130.6367 40638.3945 32649.0176
   vertex 25983.4062 40410.7422 32698.8066
  endloop
 endfacet
facet normal 0.302677721 -0.46863386 -0.829920769
  outer loop
   vertex 26797.7578 40640.8047 32822.3789
   vertex 26535.3125 40443.082 32838.3125
   vertex 26537.998 40649.2266 32722.8867
  endloop
 endfacet
facet normal 0.606924057 -0.491802573 -0.624318361
  outer loop
   vertex 25412.2852 39301.4727 32982.3047
   vertex 25259.6504 39316.0898 32822.4062
   vertex 25596.9668 39631.5898 32901.7891
  endloop
 endfacet
facet normal 0.319833934 -0.466058254 -0.824921787
  outer loop
   vertex 26535.3125 40443.082 32838.3125
   vertex 26303.2852 40466.8477 32734.9238
   vertex 26537.998 40649.2266 32722.8867
  endloop
 endfacet
facet normal 0.462970287 -0.666404903 -0.584433973
  outer loop
   vertex 26718.1738 40441.5586 32984.9062
   vertex 26429.9551 40219.2734 33010.0508
   vertex 26535.3125 40443.082 32838.3125
  endloop
 endfacet
facet normal 0.0667415038 0.0117158275 -0.997701526
  outer loop
   vertex 25926.9473 40644.2422 32635.4609
   vertex 26001.6855 40853.5781 32642.918
   vertex 26130.6367 40638.3945 32649.0176
  endloop
 endfacet
facet normal 0.191891938 -0.481885701 -0.854964137
  outer loop
   vertex 25659.9004 39828.8867 32804.7148
   vertex 25596.9668 39631.5898 32901.7891
   vertex 25550.1309 39816.4531 32787.082
  endloop
 endfacet
facet normal 0.37738362 -0.174650729 -0.90943867
  outer loop
   vertex 25336.3633 39659.8242 32788.2266
   vertex 25596.9668 39631.5898 32901.7891
   vertex 25259.6504 39316.0898 32822.4062
  endloop
 endfacet
facet normal 0.318150014 -0.440345705 -0.839569092
  outer loop
   vertex 25336.3633 39659.8242 32788.2266
   vertex 25550.1309 39816.4531 32787.082
   vertex 25596.9668 39631.5898 32901.7891
  endloop
 endfacet
facet normal 0.271547914 -0.478058726 -0.835297287
  outer loop
   vertex 26186.834 40195.6055 32852.3047
   vertex 26303.2852 40466.8477 32734.9238
   vertex 26373.7871 40317.543 32843.293
  endloop
 endfacet
facet normal 0.42685169 -0.667855978 -0.609726191
  outer loop
   vertex 26718.1738 40441.5586 32984.9062
   vertex 26797.7578 40640.8047 32822.3789
   vertex 26927.459 40591.2266 32967.4844
  endloop
 endfacet
facet normal -0.0225077923 -0.0418004431 -0.998872399
  outer loop
   vertex 26229.3496 40801.2852 32639.9766
   vertex 26130.6367 40638.3945 32649.0176
   vertex 26001.6855 40853.5781 32642.918
  endloop
 endfacet
facet normal 0.163906485 -0.047022 -0.985354543
  outer loop
   vertex 26229.3496 40801.2852 32639.9766
   vertex 26467.7305 40876.0352 32676.0625
   vertex 26336.2637 40679.3711 32663.5801
  endloop
 endfacet
facet normal 0.0830641985 0.205812573 -0.975059748
  outer loop
   vertex 26229.3496 40801.2852 32639.9766
   vertex 26214.5566 40972.3789 32674.8301
   vertex 26467.7305 40876.0352 32676.0625
  endloop
 endfacet
facet normal 0.498178959 -0.663158774 -0.558603764
  outer loop
   vertex 26373.7871 40317.543 32843.293
   vertex 26535.3125 40443.082 32838.3125
   vertex 26429.9551 40219.2734 33010.0508
  endloop
 endfacet
facet normal 0.725872099 -0.516787171 -0.453917146
  outer loop
   vertex 25412.2852 39301.4727 32982.3047
   vertex 25596.9668 39631.5898 32901.7891
   vertex 25600.1895 39468.6719 33092.4297
  endloop
 endfacet
facet normal -0.258994758 -0.0314366743 -0.965367019
  outer loop
   vertex 25464.375 39977.2812 32761.8418
   vertex 25523.7285 40152.043 32740.2266
   vertex 25581.4727 40100.6406 32726.4082
  endloop
 endfacet
facet normal -0.482842535 0.055900272 -0.873921216
  outer loop
   vertex 25464.375 39977.2812 32761.8418
   vertex 25385.502 40248.8086 32822.7852
   vertex 25523.7285 40152.043 32740.2266
  endloop
 endfacet
facet normal 0.410740197 -0.504650533 -0.759355187
  outer loop
   vertex 25659.9004 39828.8867 32804.7148
   vertex 25794.0781 39890.6367 32836.2539
   vertex 25596.9668 39631.5898 32901.7891
  endloop
 endfacet
facet normal -0.712042987 0.0921894386 -0.696057379
  outer loop
   vertex 25363.9531 40426.0664 32868.3047
   vertex 25423.5059 40520.6797 32819.918
   vertex 25385.502 40248.8086 32822.7852
  endloop
 endfacet
facet normal 0.617918551 -0.592520356 -0.516813636
  outer loop
   vertex 25600.1895 39468.6719 33092.4297
   vertex 25596.9668 39631.5898 32901.7891
   vertex 25782.2578 39638.7852 33115.082
  endloop
 endfacet
facet normal 0.182424605 -0.270028889 -0.945412934
  outer loop
   vertex 25550.1309 39816.4531 32787.082
   vertex 25663.248 39998.5 32756.9141
   vertex 25659.9004 39828.8867 32804.7148
  endloop
 endfacet
facet normal -0.00749596115 -0.158951834 -0.987257898
  outer loop
   vertex 25550.1309 39816.4531 32787.082
   vertex 25464.375 39977.2812 32761.8418
   vertex 25663.248 39998.5 32756.9141
  endloop
 endfacet
facet normal 0.00627212133 -0.281566322 -0.959521294
  outer loop
   vertex 25581.4727 40100.6406 32726.4082
   vertex 25663.248 39998.5 32756.9141
   vertex 25464.375 39977.2812 32761.8418
  endloop
 endfacet
facet normal 0.333388269 -0.261819839 -0.905705571
  outer loop
   vertex 25794.0781 39890.6367 32836.2539
   vertex 25659.9004 39828.8867 32804.7148
   vertex 25663.248 39998.5 32756.9141
  endloop
 endfacet
facet normal -0.330781519 -0.128834531 -0.934871793
  outer loop
   vertex 25567.0039 40627.0156 32706.4453
   vertex 25668.918 40277.6445 32718.5332
   vertex 25385.502 40248.8086 32822.7852
  endloop
 endfacet
facet normal -0.655517697 0.0837133378 -0.750525534
  outer loop
   vertex 25567.0039 40627.0156 32706.4453
   vertex 25385.502 40248.8086 32822.7852
   vertex 25423.5059 40520.6797 32819.918
  endloop
 endfacet
facet normal -0.458914846 -0.139804661 -0.877412021
  outer loop
   vertex 25567.0039 40627.0156 32706.4453
   vertex 25650.1699 40728.7695 32646.7344
   vertex 25679.4492 40674.2773 32640.1016
  endloop
 endfacet
facet normal 0.315352887 -0.335240245 -0.887787402
  outer loop
   vertex 26186.834 40195.6055 32852.3047
   vertex 25889.1719 40121.0352 32774.7305
   vertex 25983.4062 40410.7422 32698.8066
  endloop
 endfacet
facet normal -0.0683991089 -0.0846956298 -0.994056463
  outer loop
   vertex 25761.9609 40566.2109 32653.4609
   vertex 25770.7305 40755.3633 32636.7422
   vertex 25926.9473 40644.2422 32635.4609
  endloop
 endfacet
facet normal 0.0432783738 -0.0899565741 -0.995004952
  outer loop
   vertex 25761.9609 40566.2109 32653.4609
   vertex 25679.4492 40674.2773 32640.1016
   vertex 25770.7305 40755.3633 32636.7422
  endloop
 endfacet
facet normal 0.505619466 -0.552398801 -0.662725091
  outer loop
   vertex 25794.0781 39890.6367 32836.2539
   vertex 25900.1914 39814.6562 32980.543
   vertex 25596.9668 39631.5898 32901.7891
  endloop
 endfacet
facet normal 0.544382691 -0.708541751 -0.44901678
  outer loop
   vertex 25782.2578 39638.7852 33115.082
   vertex 25596.9668 39631.5898 32901.7891
   vertex 25900.1914 39814.6562 32980.543
  endloop
 endfacet
facet normal -0.0973963439 0.068488583 -0.992886305
  outer loop
   vertex 25650.1699 40728.7695 32646.7344
   vertex 25770.7305 40755.3633 32636.7422
   vertex 25679.4492 40674.2773 32640.1016
  endloop
 endfacet
facet normal 0.0921474621 -0.110766008 -0.989565432
  outer loop
   vertex 26336.2637 40679.3711 32663.5801
   vertex 26130.6367 40638.3945 32649.0176
   vertex 26229.3496 40801.2852 32639.9766
  endloop
 endfacet
facet normal 0.0338205323 0.20230414 -0.978738606
  outer loop
   vertex 26214.5566 40972.3789 32674.8301
   vertex 26229.3496 40801.2852 32639.9766
   vertex 26001.6855 40853.5781 32642.918
  endloop
 endfacet
facet normal 0.0136633571 0.0307280719 -0.999434412
  outer loop
   vertex 25926.9473 40644.2422 32635.4609
   vertex 25770.7305 40755.3633 32636.7422
   vertex 26001.6855 40853.5781 32642.918
  endloop
 endfacet
facet normal 0.159989387 -0.308539808 -0.937660158
  outer loop
   vertex 26130.6367 40638.3945 32649.0176
   vertex 26303.2852 40466.8477 32734.9238
   vertex 25983.4062 40410.7422 32698.8066
  endloop
 endfacet
facet normal 0.0537286662 -0.26946035 -0.961511493
  outer loop
   vertex 25889.1719 40121.0352 32774.7305
   vertex 25668.918 40277.6445 32718.5332
   vertex 25983.4062 40410.7422 32698.8066
  endloop
 endfacet
facet normal 0.0368258506 -0.231109992 -0.972230434
  outer loop
   vertex 25668.918 40277.6445 32718.5332
   vertex 25761.9609 40566.2109 32653.4609
   vertex 25983.4062 40410.7422 32698.8066
  endloop
 endfacet
facet normal 0.940351486 0.0341720954 -0.338483959
  outer loop
   vertex 24423.043 37387.4727 30496.5723
   vertex 24490.5371 37232.3477 30668.4219
   vertex 24427.7617 37082.457 30478.8906
  endloop
 endfacet
facet normal 0.95618403 -0.0325650126 -0.290949464
  outer loop
   vertex 24478.8262 37018.418 30653.8789
   vertex 24427.7617 37082.457 30478.8906
   vertex 24490.5371 37232.3477 30668.4219
  endloop
 endfacet
facet normal 0.503794193 0.294530272 -0.812061131
  outer loop
   vertex 24772.5371 38662.2852 32618.3066
   vertex 24674.3262 38393.6094 32459.9297
   vertex 24566.4746 38475.8359 32422.8418
  endloop
 endfacet
facet normal 0.324465066 -0.450486422 -0.83173579
  outer loop
   vertex 26535.3125 40443.082 32838.3125
   vertex 26373.7871 40317.543 32843.293
   vertex 26303.2852 40466.8477 32734.9238
  endloop
 endfacet
facet normal 0.178230479 -0.454251587 -0.872862756
  outer loop
   vertex 26303.2852 40466.8477 32734.9238
   vertex 26186.834 40195.6055 32852.3047
   vertex 25983.4062 40410.7422 32698.8066
  endloop
 endfacet
facet normal 0.326791883 -0.427736402 -0.84276247
  outer loop
   vertex 26186.834 40195.6055 32852.3047
   vertex 25998.8008 39993.7344 32881.8516
   vertex 25889.1719 40121.0352 32774.7305
  endloop
 endfacet
facet normal 0.379926741 -0.381797165 -0.842547715
  outer loop
   vertex 25998.8008 39993.7344 32881.8516
   vertex 25794.0781 39890.6367 32836.2539
   vertex 25889.1719 40121.0352 32774.7305
  endloop
 endfacet
facet normal 0.259648651 -0.347741783 -0.900920749
  outer loop
   vertex 25663.248 39998.5 32756.9141
   vertex 25889.1719 40121.0352 32774.7305
   vertex 25794.0781 39890.6367 32836.2539
  endloop
 endfacet
facet normal 0.533028603 0.352146864 -0.769332886
  outer loop
   vertex 24565.1836 38295.4453 32339.377
   vertex 24566.4746 38475.8359 32422.8418
   vertex 24674.3262 38393.6094 32459.9297
  endloop
 endfacet
facet normal 0.151846617 -0.137664035 -0.978770256
  outer loop
   vertex 25668.918 40277.6445 32718.5332
   vertex 25889.1719 40121.0352 32774.7305
   vertex 25663.248 39998.5 32756.9141
  endloop
 endfacet
facet normal 0.190828532 -0.13751702 -0.9719432
  outer loop
   vertex 25668.918 40277.6445 32718.5332
   vertex 25663.248 39998.5 32756.9141
   vertex 25581.4727 40100.6406 32726.4082
  endloop
 endfacet
facet normal 0.764978886 0.0957999378 -0.63689065
  outer loop
   vertex 24778.1621 38297.1055 32570.1328
   vertex 24674.3262 38393.6094 32459.9297
   vertex 24772.5371 38662.2852 32618.3066
  endloop
 endfacet
facet normal 0.788096905 0.16786775 -0.592219293
  outer loop
   vertex 24561.916 37898.3281 32206.9023
   vertex 24577.3418 38088.7188 32281.3965
   vertex 24624.9824 37958.918 32308.0039
  endloop
 endfacet
facet normal 0.867862582 -0.427877784 -0.252458215
  outer loop
   vertex 24472.2656 36891.0352 32578.2012
   vertex 24340.252 36623.0742 32578.5293
   vertex 24366.5996 36859.6406 32268.1641
  endloop
 endfacet
facet normal 0.757905543 0.315094799 -0.571221888
  outer loop
   vertex 24561.916 37898.3281 32206.9023
   vertex 24498.0469 37835.1289 32087.2969
   vertex 24444.4707 37998.6016 32106.3867
  endloop
 endfacet
facet normal 0.929882646 -0.139937118 -0.340199769
  outer loop
   vertex 24804.7559 38015.9453 32675.0762
   vertex 24754.5996 37942.6602 32568.1289
   vertex 24781.5176 38086.5391 32582.5215
  endloop
 endfacet
facet normal 0.931193888 -0.249593377 -0.265671104
  outer loop
   vertex 24804.7559 38015.9453 32675.0762
   vertex 24744.2188 37789.0039 32676.0996
   vertex 24754.5996 37942.6602 32568.1289
  endloop
 endfacet
facet normal 0.729217589 0.197290182 -0.655223846
  outer loop
   vertex 24577.3418 38088.7188 32281.3965
   vertex 24561.916 37898.3281 32206.9023
   vertex 24444.4707 37998.6016 32106.3867
  endloop
 endfacet
facet normal 0.956648707 -0.168199658 -0.237764865
  outer loop
   vertex 24701.2695 37820.0859 32481.3008
   vertex 24744.2188 37789.0039 32676.0996
   vertex 24634.3711 37546.1094 32405.9551
  endloop
 endfacet
facet normal 0.32795018 0.57106632 -0.752550304
  outer loop
   vertex 24443.8984 38199.3516 32217.0215
   vertex 24294.6035 38127.5586 32097.4824
   vertex 24324.7988 38278.5 32225.1816
  endloop
 endfacet
facet normal 0.581547201 0.251218319 -0.773752034
  outer loop
   vertex 24565.1836 38295.4453 32339.377
   vertex 24577.3418 38088.7188 32281.3965
   vertex 24443.8984 38199.3516 32217.0215
  endloop
 endfacet
facet normal 0.531629741 0.574881315 -0.621997833
  outer loop
   vertex 24444.4707 37998.6016 32106.3867
   vertex 24290.9629 37954.0547 31934.0078
   vertex 24294.6035 38127.5586 32097.4824
  endloop
 endfacet
facet normal 0.412374079 0.471826226 -0.779312253
  outer loop
   vertex 24565.1836 38295.4453 32339.377
   vertex 24443.8984 38199.3516 32217.0215
   vertex 24437.2363 38365.5039 32314.0918
  endloop
 endfacet
facet normal 0.377924919 0.386547446 -0.841281056
  outer loop
   vertex 24565.1836 38295.4453 32339.377
   vertex 24437.2363 38365.5039 32314.0918
   vertex 24566.4746 38475.8359 32422.8418
  endloop
 endfacet
facet normal 0.814455867 0.560151637 0.151300207
  outer loop
   vertex 24414.7871 37475.5078 30833.7402
   vertex 24327.1074 37590.7227 30879.168
   vertex 24355.2715 37501.5977 31057.5195
  endloop
 endfacet
facet normal 0.271419257 0.49359858 -0.826251805
  outer loop
   vertex 24443.8984 38199.3516 32217.0215
   vertex 24324.7988 38278.5 32225.1816
   vertex 24437.2363 38365.5039 32314.0918
  endloop
 endfacet
facet normal 0.954428256 -0.255289197 -0.154577196
  outer loop
   vertex 24744.2188 37789.0039 32676.0996
   vertex 24804.7559 38015.9453 32675.0762
   vertex 24864.584 38120.4609 32871.8711
  endloop
 endfacet
facet normal 0.946999729 -0.229754165 -0.224509597
  outer loop
   vertex 24888.8887 38340.8867 32748.8145
   vertex 24864.584 38120.4609 32871.8711
   vertex 24831.9863 38168.457 32685.2578
  endloop
 endfacet
facet normal 0.916521847 -0.350628793 -0.192476228
  outer loop
   vertex 24992.3262 38461.0547 32916.1914
   vertex 24967.6172 38356.0625 32989.7969
   vertex 24950.1914 38376.3672 32869.8281
  endloop
 endfacet
facet normal 0.900985241 -0.0111590996 -0.433706194
  outer loop
   vertex 24781.5176 38086.5391 32582.5215
   vertex 24778.1621 38297.1055 32570.1328
   vertex 24831.9863 38168.457 32685.2578
  endloop
 endfacet
facet normal 0.928682625 -0.142969221 -0.342211038
  outer loop
   vertex 24781.5176 38086.5391 32582.5215
   vertex 24831.9863 38168.457 32685.2578
   vertex 24804.7559 38015.9453 32675.0762
  endloop
 endfacet
facet normal 0.96495533 -0.158322096 -0.209273353
  outer loop
   vertex 24864.584 38120.4609 32871.8711
   vertex 24804.7559 38015.9453 32675.0762
   vertex 24831.9863 38168.457 32685.2578
  endloop
 endfacet
facet normal 0.879094243 -0.118276663 -0.461740106
  outer loop
   vertex 24781.5176 38086.5391 32582.5215
   vertex 24754.5996 37942.6602 32568.1289
   vertex 24696.75 38027.7656 32436.1895
  endloop
 endfacet
facet normal 0.799571514 0.045611918 -0.598836303
  outer loop
   vertex 24577.3418 38088.7188 32281.3965
   vertex 24664.6641 38222.0508 32408.1445
   vertex 24696.75 38027.7656 32436.1895
  endloop
 endfacet
facet normal 0.874049306 -0.00663135946 -0.485792011
  outer loop
   vertex 24624.9824 37958.918 32308.0039
   vertex 24696.75 38027.7656 32436.1895
   vertex 24635.8945 37819.2344 32329.543
  endloop
 endfacet
facet normal 0.807328343 0.0484412946 -0.588110864
  outer loop
   vertex 24778.1621 38297.1055 32570.1328
   vertex 24696.75 38027.7656 32436.1895
   vertex 24664.6641 38222.0508 32408.1445
  endloop
 endfacet
facet normal 0.86786592 -0.0153850345 -0.496560216
  outer loop
   vertex 24778.1621 38297.1055 32570.1328
   vertex 24781.5176 38086.5391 32582.5215
   vertex 24696.75 38027.7656 32436.1895
  endloop
 endfacet
facet normal 0.956133962 -0.158235699 -0.24651441
  outer loop
   vertex 24744.2188 37789.0039 32676.0996
   vertex 24690.4082 37566.293 32610.3438
   vertex 24634.3711 37546.1094 32405.9551
  endloop
 endfacet
facet normal 0.96344173 -0.265303254 -0.0373389274
  outer loop
   vertex 24690.4082 37566.293 32610.3438
   vertex 24681.5469 37511.8359 32768.6094
   vertex 24658.1523 37453.4648 32579.7285
  endloop
 endfacet
facet normal 0.951321959 -0.307351112 -0.0228431765
  outer loop
   vertex 24681.5469 37511.8359 32768.6094
   vertex 24583.5312 37226.6719 32523.5352
   vertex 24658.1523 37453.4648 32579.7285
  endloop
 endfacet
facet normal 0.957629263 -0.282939792 -0.05377068
  outer loop
   vertex 24617.168 37269.3438 32898.0586
   vertex 24583.5312 37226.6719 32523.5352
   vertex 24681.5469 37511.8359 32768.6094
  endloop
 endfacet
facet normal 0.928380072 -0.193125293 0.317510754
  outer loop
   vertex 24363.7773 37153.2109 31268.9277
   vertex 24337.4355 37308.9258 31440.6621
   vertex 24311.4043 36981.8203 31317.8145
  endloop
 endfacet
facet normal 0.951677442 0.0475345924 -0.303398371
  outer loop
   vertex 24587.0996 37561.4727 32234.4785
   vertex 24567.9023 37560.9453 32174.1758
   vertex 24557.7168 37674.0859 32159.9551
  endloop
 endfacet
facet normal 0.91655618 -0.0657427609 -0.394465059
  outer loop
   vertex 24635.8945 37819.2344 32329.543
   vertex 24696.75 38027.7656 32436.1895
   vertex 24701.2695 37820.0859 32481.3008
  endloop
 endfacet
facet normal 0.987557709 -0.157256737 -0.000219156311
  outer loop
   vertex 24634.3711 37546.1094 32405.9551
   vertex 24583.5312 37226.6719 32523.5352
   vertex 24598.4805 37320.7539 32383.5586
  endloop
 endfacet
facet normal 0.880343318 -0.406666338 -0.244168296
  outer loop
   vertex 24443.6836 36717.5859 32794.0391
   vertex 24367.916 36531.7578 32830.3594
   vertex 24340.252 36623.0742 32578.5293
  endloop
 endfacet
facet normal 0.872838795 -0.430302113 -0.230201066
  outer loop
   vertex 24443.6836 36717.5859 32794.0391
   vertex 24340.252 36623.0742 32578.5293
   vertex 24472.2656 36891.0352 32578.2012
  endloop
 endfacet
facet normal 0.737985551 -0.565429926 -0.368329048
  outer loop
   vertex 24366.5996 36859.6406 32268.1641
   vertex 24340.252 36623.0742 32578.5293
   vertex 24189.4023 36589.9141 32327.1934
  endloop
 endfacet
facet normal 0.728818297 -0.550839245 -0.406693995
  outer loop
   vertex 24109.2441 36208.9336 32709.5625
   vertex 24229 36369.7461 32706.3633
   vertex 24186.7695 36178.5352 32889.6641
  endloop
 endfacet
facet normal 0.852491081 -0.447421432 -0.270320207
  outer loop
   vertex 24186.7695 36178.5352 32889.6641
   vertex 24229 36369.7461 32706.3633
   vertex 24313.3574 36376.625 32961.0117
  endloop
 endfacet
facet normal 0.857914865 -0.429356664 -0.282196552
  outer loop
   vertex 24366.5996 36859.6406 32268.1641
   vertex 24493.0664 37106.7812 32276.6172
   vertex 24489.5586 37011.3594 32411.1367
  endloop
 endfacet
facet normal 0.948693573 -0.206167147 -0.239740819
  outer loop
   vertex 24658.1523 37453.4648 32579.7285
   vertex 24634.3711 37546.1094 32405.9551
   vertex 24690.4082 37566.293 32610.3438
  endloop
 endfacet
facet normal 0.940154195 -0.327172071 -0.0952286497
  outer loop
   vertex 24527.9375 36966.1133 32869.8711
   vertex 24472.2656 36891.0352 32578.2012
   vertex 24583.5312 37226.6719 32523.5352
  endloop
 endfacet
facet normal 0.932286143 -0.332319766 -0.142850071
  outer loop
   vertex 24489.5586 37011.3594 32411.1367
   vertex 24583.5312 37226.6719 32523.5352
   vertex 24472.2656 36891.0352 32578.2012
  endloop
 endfacet
facet normal 0.959259868 -0.27720499 -0.0545705408
  outer loop
   vertex 24617.168 37269.3438 32898.0586
   vertex 24527.9375 36966.1133 32869.8711
   vertex 24583.5312 37226.6719 32523.5352
  endloop
 endfacet
facet normal 0.933617234 -0.101346031 -0.343639106
  outer loop
   vertex 24557.7168 37674.0859 32159.9551
   vertex 24635.8945 37819.2344 32329.543
   vertex 24634.3711 37546.1094 32405.9551
  endloop
 endfacet
facet normal 0.912561774 -0.114889316 -0.392468452
  outer loop
   vertex 24701.2695 37820.0859 32481.3008
   vertex 24634.3711 37546.1094 32405.9551
   vertex 24635.8945 37819.2344 32329.543
  endloop
 endfacet
facet normal 0.949730039 -0.123238407 -0.287793547
  outer loop
   vertex 24554.0039 37374.0977 32190.9199
   vertex 24573.3164 37475.8086 32211.0938
   vertex 24582.0625 37359.6016 32289.7168
  endloop
 endfacet
facet normal 0.934931517 -0.243723512 -0.257879674
  outer loop
   vertex 24658.1523 37453.4648 32579.7285
   vertex 24583.5312 37226.6719 32523.5352
   vertex 24634.3711 37546.1094 32405.9551
  endloop
 endfacet
facet normal 0.725197554 -0.2670663 -0.634636939
  outer loop
   vertex 24044.7031 36363.4414 32498.4219
   vertex 24229 36369.7461 32706.3633
   vertex 24141.4863 36298.7031 32636.2559
  endloop
 endfacet
facet normal 0.540081918 -0.706568778 -0.457244009
  outer loop
   vertex 24213.832 36474.3711 32526.7734
   vertex 24229 36369.7461 32706.3633
   vertex 24044.7031 36363.4414 32498.4219
  endloop
 endfacet
facet normal 0.763966978 -0.513464868 -0.390779108
  outer loop
   vertex 24213.832 36474.3711 32526.7734
   vertex 24189.4023 36589.9141 32327.1934
   vertex 24340.252 36623.0742 32578.5293
  endloop
 endfacet
facet normal 0.767426312 -0.52367419 -0.369894803
  outer loop
   vertex 24229 36369.7461 32706.3633
   vertex 24213.832 36474.3711 32526.7734
   vertex 24340.252 36623.0742 32578.5293
  endloop
 endfacet
facet normal 0.946206331 -0.312875986 -0.0824751556
  outer loop
   vertex 24598.4805 37320.7539 32383.5586
   vertex 24578.9395 37271.0625 32347.877
   vertex 24590.0273 37307.8516 32335.5039
  endloop
 endfacet
facet normal 0.950634837 -0.20940116 -0.229007795
  outer loop
   vertex 24593.418 37262.543 32415.7734
   vertex 24578.9395 37271.0625 32347.877
   vertex 24598.4805 37320.7539 32383.5586
  endloop
 endfacet
facet normal 0.934100091 -0.0220493283 -0.35632965
  outer loop
   vertex 24418.457 37450.0547 31797.9922
   vertex 24483.4531 37512.7266 31964.498
   vertex 24457.1035 37397.0664 31902.5781
  endloop
 endfacet
facet normal 0.931012392 0.00409500394 -0.364964634
  outer loop
   vertex 24418.457 37450.0547 31797.9922
   vertex 24442.5898 37560.1875 31860.7891
   vertex 24483.4531 37512.7266 31964.498
  endloop
 endfacet
facet normal 0.852143884 -0.0140983798 -0.523117602
  outer loop
   vertex 24624.9824 37958.918 32308.0039
   vertex 24635.8945 37819.2344 32329.543
   vertex 24561.916 37898.3281 32206.9023
  endloop
 endfacet
facet normal 0.876098812 0.0830278769 -0.474928707
  outer loop
   vertex 24557.7168 37674.0859 32159.9551
   vertex 24561.916 37898.3281 32206.9023
   vertex 24635.8945 37819.2344 32329.543
  endloop
 endfacet
facet normal 0.548709869 -0.807015657 -0.218273297
  outer loop
   vertex 24583.5312 37226.6719 32523.5352
   vertex 24578.9395 37271.0625 32347.877
   vertex 24593.418 37262.543 32415.7734
  endloop
 endfacet
facet normal 0.957814395 0.234743208 -0.165792704
  outer loop
   vertex 24281.9629 37608.0195 31543.6719
   vertex 24337.4355 37308.9258 31440.6621
   vertex 24258.3262 37609.7969 31409.6406
  endloop
 endfacet
facet normal 0.854766786 0.498601854 -0.144117668
  outer loop
   vertex 24281.9629 37608.0195 31543.6719
   vertex 24258.3262 37609.7969 31409.6406
   vertex 24235.0254 37671.668 31485.4902
  endloop
 endfacet
facet normal 0.931584001 -0.19764322 0.305103958
  outer loop
   vertex 24363.7773 37153.2109 31268.9277
   vertex 24311.4043 36981.8203 31317.8145
   vertex 24391.0254 37045.9336 31116.2344
  endloop
 endfacet
facet normal 0.932558358 -0.186790556 0.30894047
  outer loop
   vertex 24341.5508 36951.1016 31208.2441
   vertex 24391.0254 37045.9336 31116.2344
   vertex 24311.4043 36981.8203 31317.8145
  endloop
 endfacet
facet normal 0.925372541 -0.230370581 -0.301023275
  outer loop
   vertex 24523.9297 37266.9062 32181.9551
   vertex 24582.0625 37359.6016 32289.7168
   vertex 24578.9395 37271.0625 32347.877
  endloop
 endfacet
facet normal 0.959071457 -0.080193609 -0.271571249
  outer loop
   vertex 24587.0996 37561.4727 32234.4785
   vertex 24634.3711 37546.1094 32405.9551
   vertex 24573.3164 37475.8086 32211.0938
  endloop
 endfacet
facet normal 0.702581048 -0.40783003 -0.583141983
  outer loop
   vertex 24590.0273 37307.8516 32335.5039
   vertex 24578.9395 37271.0625 32347.877
   vertex 24582.0625 37359.6016 32289.7168
  endloop
 endfacet
facet normal 0.929620266 0.214363992 -0.299757004
  outer loop
   vertex 24418.457 37450.0547 31797.9922
   vertex 24359.2695 37469.1641 31628.1016
   vertex 24349.8223 37643.1797 31723.2422
  endloop
 endfacet
facet normal 0.866778731 -0.492684066 0.0771819502
  outer loop
   vertex 24319.4668 36649.4648 30576.4434
   vertex 24428.9219 36847.4258 30610.8711
   vertex 24430.5547 36866.25 30712.7227
  endloop
 endfacet
facet normal 0.892935634 0.285491884 -0.348080933
  outer loop
   vertex 24359.2695 37469.1641 31628.1016
   vertex 24337.4355 37308.9258 31440.6621
   vertex 24281.9629 37608.0195 31543.6719
  endloop
 endfacet
facet normal 0.949418366 0.0109253591 -0.313823879
  outer loop
   vertex 24557.7168 37674.0859 32159.9551
   vertex 24541.8027 37538.3008 32107.0781
   vertex 24524.4707 37593.75 32056.5762
  endloop
 endfacet
facet normal 0.927116871 0.0365769789 -0.372983187
  outer loop
   vertex 24557.7168 37674.0859 32159.9551
   vertex 24567.9023 37560.9453 32174.1758
   vertex 24541.8027 37538.3008 32107.0781
  endloop
 endfacet
facet normal 0.901904523 0.195517093 -0.385151029
  outer loop
   vertex 24431.9336 37671.1523 31892.166
   vertex 24442.5898 37560.1875 31860.7891
   vertex 24416.166 37587.1289 31812.5898
  endloop
 endfacet
facet normal 0.972904682 -0.0774347857 -0.217854023
  outer loop
   vertex 24376.9023 37318.3086 31659.2461
   vertex 24418.457 37450.0547 31797.9922
   vertex 24402.7637 37248.8984 31799.4062
  endloop
 endfacet
facet normal 0.936983049 -0.112279214 -0.330841631
  outer loop
   vertex 24527.6992 37414.168 32102.8184
   vertex 24573.3164 37475.8086 32211.0938
   vertex 24554.0039 37374.0977 32190.9199
  endloop
 endfacet
facet normal 0.822284877 0.073836945 -0.564265609
  outer loop
   vertex 24416.166 37587.1289 31812.5898
   vertex 24418.457 37450.0547 31797.9922
   vertex 24349.8223 37643.1797 31723.2422
  endloop
 endfacet
facet normal 0.895067453 0.050406497 -0.443072736
  outer loop
   vertex 24500.625 37641.75 32013.8652
   vertex 24524.4707 37593.75 32056.5762
   vertex 24483.4531 37512.7266 31964.498
  endloop
 endfacet
facet normal 0.875716984 0.0664345175 -0.478232414
  outer loop
   vertex 24431.9336 37671.1523 31892.166
   vertex 24500.625 37641.75 32013.8652
   vertex 24483.4531 37512.7266 31964.498
  endloop
 endfacet
facet normal 0.927422106 -0.047960192 -0.370928586
  outer loop
   vertex 24541.8027 37538.3008 32107.0781
   vertex 24483.4531 37512.7266 31964.498
   vertex 24524.4707 37593.75 32056.5762
  endloop
 endfacet
facet normal 0.889566362 0.063051641 -0.452433646
  outer loop
   vertex 24442.5898 37560.1875 31860.7891
   vertex 24418.457 37450.0547 31797.9922
   vertex 24416.166 37587.1289 31812.5898
  endloop
 endfacet
facet normal 0.940797806 0.172802061 -0.291614413
  outer loop
   vertex 24442.5898 37560.1875 31860.7891
   vertex 24431.9336 37671.1523 31892.166
   vertex 24483.4531 37512.7266 31964.498
  endloop
 endfacet
facet normal 0.62082684 0.78206861 -0.0542468205
  outer loop
   vertex 24212.002 37678.8203 31103.207
   vertex 24292.2773 37616.293 31120.459
   vertex 24297.2109 37610.5195 31093.6816
  endloop
 endfacet
facet normal 0.267196357 0.925245166 0.269309312
  outer loop
   vertex 24245.0195 37685.0938 30512.1133
   vertex 24332.1309 37652.0078 30539.3652
   vertex 24330.7031 37661.6914 30507.5039
  endloop
 endfacet
facet normal 0.79719162 0.459767133 -0.391279608
  outer loop
   vertex 24349.8223 37643.1797 31723.2422
   vertex 24281.9629 37608.0195 31543.6719
   vertex 24249.1387 37738.9219 31630.6133
  endloop
 endfacet
facet normal 0.796969116 0.401508182 -0.451255381
  outer loop
   vertex 24349.8223 37643.1797 31723.2422
   vertex 24249.1387 37738.9219 31630.6133
   vertex 24277.4609 37769.5 31707.8398
  endloop
 endfacet
facet normal 0.943195462 -0.151811153 -0.295526117
  outer loop
   vertex 24457.1035 37397.0664 31902.5781
   vertex 24474.9316 37330.8711 31993.4844
   vertex 24433.666 37291.582 31881.9629
  endloop
 endfacet
facet normal 0.932971954 -0.188619673 -0.306571275
  outer loop
   vertex 24527.6992 37414.168 32102.8184
   vertex 24523.9297 37266.9062 32181.9551
   vertex 24474.9316 37330.8711 31993.4844
  endloop
 endfacet
facet normal 0.727009654 0.656015158 0.202734113
  outer loop
   vertex 24231.5547 37684.6953 30728.8164
   vertex 24195.3438 37685.0273 30857.6035
   vertex 24324.9648 37600.6016 30665.9707
  endloop
 endfacet
facet normal 0.928677499 -0.27775389 -0.245786175
  outer loop
   vertex 24433.666 37291.582 31881.9629
   vertex 24474.9316 37330.8711 31993.4844
   vertex 24402.0098 37112.7305 31964.4688
  endloop
 endfacet
facet normal 0.907057285 -0.244496942 0.342736483
  outer loop
   vertex 24463.0312 37080.8594 30950.5859
   vertex 24391.0254 37045.9336 31116.2344
   vertex 24417.625 36979.6836 30998.5801
  endloop
 endfacet
facet normal 0.893260658 -0.313492715 0.322192103
  outer loop
   vertex 24451.8594 37136.2031 31035.4102
   vertex 24391.0254 37045.9336 31116.2344
   vertex 24463.0312 37080.8594 30950.5859
  endloop
 endfacet
facet normal 0.853446603 -0.490298361 0.176738366
  outer loop
   vertex 24156.3711 36380.8125 30618.7305
   vertex 24193.1191 36363.1758 30392.3555
   vertex 24319.4668 36649.4648 30576.4434
  endloop
 endfacet
facet normal 0.578242064 0.815239012 0.0319608487
  outer loop
   vertex 24195.3438 37685.0273 30857.6035
   vertex 24327.1074 37590.7227 30879.168
   vertex 24324.9648 37600.6016 30665.9707
  endloop
 endfacet
facet normal 0.782634377 0.246576428 0.57156235
  outer loop
   vertex 24446.7402 37340.6211 31001.7168
   vertex 24355.2715 37501.5977 31057.5195
   vertex 24435.5117 37248.8711 31056.6758
  endloop
 endfacet
facet normal 0.668367147 0.265892267 -0.694684565
  outer loop
   vertex 24154.373 37300.0508 30046.4355
   vertex 24149.5742 37475.4023 30108.9355
   vertex 24282.9707 37341.6289 30186.0762
  endloop
 endfacet
facet normal 0.875537992 0.386828125 -0.289477557
  outer loop
   vertex 24466.1348 37348.9688 30919.0098
   vertex 24496.9961 37275.9844 30914.8203
   vertex 24500.9336 37220.5547 30852.6602
  endloop
 endfacet
facet normal 0.932169199 0.315422237 -0.177677795
  outer loop
   vertex 24355.9922 37591.2148 30469.2949
   vertex 24369.6484 37485.7852 30353.7734
   vertex 24336.6133 37584.0664 30354.9395
  endloop
 endfacet
facet normal 0.662939847 0.255204648 -0.703833282
  outer loop
   vertex 24282.9707 37341.6289 30186.0762
   vertex 24149.5742 37475.4023 30108.9355
   vertex 24261.4453 37558.2422 30244.3418
  endloop
 endfacet
facet normal 0.790252686 -0.07262595 -0.608462095
  outer loop
   vertex 24199.8086 37573.1875 30162.5098
   vertex 24261.4453 37558.2422 30244.3418
   vertex 24149.5742 37475.4023 30108.9355
  endloop
 endfacet
facet normal 0.847018063 0.022657495 0.531081021
  outer loop
   vertex 24470.0449 37177.1797 31004.6562
   vertex 24435.5117 37248.8711 31056.6758
   vertex 24451.8594 37136.2031 31035.4102
  endloop
 endfacet
facet normal 0.961471558 0.200934529 0.187610582
  outer loop
   vertex 24451.8809 37407.8047 30678.6172
   vertex 24490.5371 37232.3477 30668.4219
   vertex 24476.3281 37351.625 30613.498
  endloop
 endfacet
facet normal 0.966568649 -0.195298523 -0.166143
  outer loop
   vertex 24376.9023 37318.3086 31659.2461
   vertex 24334.8242 37112.6523 31656.1953
   vertex 24337.4355 37308.9258 31440.6621
  endloop
 endfacet
facet normal 0.99006629 -0.109718226 -0.0879242197
  outer loop
   vertex 24314.4805 37070.4844 31479.7207
   vertex 24337.4355 37308.9258 31440.6621
   vertex 24334.8242 37112.6523 31656.1953
  endloop
 endfacet
facet normal 0.423264384 0.557032347 -0.714536369
  outer loop
   vertex 24286.0137 36443.5078 30292.3945
   vertex 24228.3887 36434.5586 30251.2832
   vertex 24284.6816 36507.5234 30341.5078
  endloop
 endfacet
facet normal 0.382252663 0.783787668 -0.489448488
  outer loop
   vertex 24165.5664 37577.6836 30142.9668
   vertex 24157.5918 37613.793 30194.5625
   vertex 24199.8086 37573.1875 30162.5098
  endloop
 endfacet
facet normal 0.768544257 -0.404363573 0.495812297
  outer loop
   vertex 24481.8223 37010.1328 30806.377
   vertex 24518.0684 37074.5078 30802.6973
   vertex 24509.7148 37100.0898 30836.5059
  endloop
 endfacet
facet normal 0.980549812 0.0773779973 -0.180373952
  outer loop
   vertex 24359.2695 37469.1641 31628.1016
   vertex 24376.9023 37318.3086 31659.2461
   vertex 24337.4355 37308.9258 31440.6621
  endloop
 endfacet
facet normal 0.917441249 -0.0871800855 0.388202488
  outer loop
   vertex 24378.043 37289.3398 31201.582
   vertex 24391.0254 37045.9336 31116.2344
   vertex 24435.5117 37248.8711 31056.6758
  endloop
 endfacet
facet normal 0.982879221 -0.0120383883 0.183857441
  outer loop
   vertex 24378.043 37289.3398 31201.582
   vertex 24363.7773 37153.2109 31268.9277
   vertex 24391.0254 37045.9336 31116.2344
  endloop
 endfacet
facet normal 0.649132848 -0.742949069 0.163258091
  outer loop
   vertex 24193.1191 36363.1758 30392.3555
   vertex 24156.3711 36380.8125 30618.7305
   vertex 23977.1758 36205.1875 30532.0059
  endloop
 endfacet
facet normal 0.449123621 -0.723425925 0.524349988
  outer loop
   vertex 24072.707 36379.6953 30950.0801
   vertex 24094.6211 36337.8633 30873.5957
   vertex 24128.7441 36370.8438 30889.8711
  endloop
 endfacet
facet normal 0.863265753 -0.295826226 0.408973187
  outer loop
   vertex 24270.5391 36424.7852 30311.5156
   vertex 24286.0137 36443.5078 30292.3945
   vertex 24284.6816 36507.5234 30341.5078
  endloop
 endfacet
facet normal 0.641247272 0.751386583 -0.155628249
  outer loop
   vertex 24275.7441 37639.1172 30369.9238
   vertex 24355.9922 37591.2148 30469.2949
   vertex 24336.6133 37584.0664 30354.9395
  endloop
 endfacet
facet normal 0.901988506 0.423306763 0.0850184411
  outer loop
   vertex 24466.1348 37348.9688 30919.0098
   vertex 24480.3047 37344.2305 30792.2754
   vertex 24414.7871 37475.5078 30833.7402
  endloop
 endfacet
facet normal 0.865392387 0.469382703 0.175430626
  outer loop
   vertex 24466.1348 37348.9688 30919.0098
   vertex 24414.7871 37475.5078 30833.7402
   vertex 24355.2715 37501.5977 31057.5195
  endloop
 endfacet
facet normal 0.516339481 0.692023635 -0.504476786
  outer loop
   vertex 24187.4316 37640.3477 30281.2207
   vertex 24275.7441 37639.1172 30369.9238
   vertex 24261.4453 37558.2422 30244.3418
  endloop
 endfacet
facet normal 0.575670958 0.704981744 -0.414250761
  outer loop
   vertex 24157.5918 37613.793 30194.5625
   vertex 24187.4316 37640.3477 30281.2207
   vertex 24261.4453 37558.2422 30244.3418
  endloop
 endfacet
facet normal 0.858052075 0.089797847 -0.505651057
  outer loop
   vertex 24498.0469 37835.1289 32087.2969
   vertex 24561.916 37898.3281 32206.9023
   vertex 24557.7168 37674.0859 32159.9551
  endloop
 endfacet
facet normal 0.900502443 0.133475721 0.413859397
  outer loop
   vertex 24480.3594 37244.2109 30960.5957
   vertex 24435.5117 37248.8711 31056.6758
   vertex 24470.0449 37177.1797 31004.6562
  endloop
 endfacet
facet normal 0.900077045 0.13750504 0.41346547
  outer loop
   vertex 24480.3594 37244.2109 30960.5957
   vertex 24446.7402 37340.6211 31001.7168
   vertex 24435.5117 37248.8711 31056.6758
  endloop
 endfacet
facet normal 0.2232517 0.898682475 0.377529442
  outer loop
   vertex 24332.1309 37652.0078 30539.3652
   vertex 24245.0195 37685.0938 30512.1133
   vertex 24324.9648 37600.6016 30665.9707
  endloop
 endfacet
facet normal 0.966092288 0.212488011 0.146678507
  outer loop
   vertex 24337.4355 37308.9258 31440.6621
   vertex 24378.043 37289.3398 31201.582
   vertex 24327.7344 37473.2148 31266.5605
  endloop
 endfacet
facet normal 0.89975363 0.405039072 0.162440106
  outer loop
   vertex 24292.2773 37616.293 31120.459
   vertex 24265.8262 37631.5547 31228.9141
   vertex 24355.2715 37501.5977 31057.5195
  endloop
 endfacet
facet normal 0.902804494 0.393972456 0.172423229
  outer loop
   vertex 24327.7344 37473.2148 31266.5605
   vertex 24355.2715 37501.5977 31057.5195
   vertex 24265.8262 37631.5547 31228.9141
  endloop
 endfacet
facet normal 0.889490604 0.452102572 0.0664056689
  outer loop
   vertex 24297.2109 37610.5195 31093.6816
   vertex 24292.2773 37616.293 31120.459
   vertex 24355.2715 37501.5977 31057.5195
  endloop
 endfacet
facet normal 0.74737972 0.00425441284 -0.664383531
  outer loop
   vertex 24490.5371 37232.3477 30668.4219
   vertex 24513.7051 37123.8672 30693.7891
   vertex 24478.8262 37018.418 30653.8789
  endloop
 endfacet
facet normal 0.0900648832 0.499468982 -0.861637414
  outer loop
   vertex 24245.0195 37685.0938 30512.1133
   vertex 24330.7031 37661.6914 30507.5039
   vertex 24355.9922 37591.2148 30469.2949
  endloop
 endfacet
facet normal 0.914996505 -0.0780273676 -0.395844787
  outer loop
   vertex 24406.6836 37501.4219 30436.2988
   vertex 24423.043 37387.4727 30496.5723
   vertex 24369.6484 37485.7852 30353.7734
  endloop
 endfacet
facet normal 0.820774198 -0.0216576625 -0.570842087
  outer loop
   vertex 24361.2754 37179.8477 30304.8047
   vertex 24282.9707 37341.6289 30186.0762
   vertex 24381.3301 37357.4609 30326.8984
  endloop
 endfacet
facet normal 0.935454071 -0.140403971 -0.324364543
  outer loop
   vertex 24408.2578 36874.457 30512.6738
   vertex 24427.7617 37082.457 30478.8906
   vertex 24478.8262 37018.418 30653.8789
  endloop
 endfacet
facet normal 0.943274438 -0.21076718 -0.256535709
  outer loop
   vertex 24408.2578 36874.457 30512.6738
   vertex 24478.8262 37018.418 30653.8789
   vertex 24428.9219 36847.4258 30610.8711
  endloop
 endfacet
facet normal 0.506187737 0.697682142 -0.506965041
  outer loop
   vertex 24275.7441 37639.1172 30369.9238
   vertex 24336.6133 37584.0664 30354.9395
   vertex 24261.4453 37558.2422 30244.3418
  endloop
 endfacet
facet normal 0.939876199 0.0342407152 -0.339794517
  outer loop
   vertex 24361.2754 37179.8477 30304.8047
   vertex 24423.043 37387.4727 30496.5723
   vertex 24427.7617 37082.457 30478.8906
  endloop
 endfacet
facet normal 0.853060186 0.334369957 0.400605857
  outer loop
   vertex 24406.6836 37501.4219 30436.2988
   vertex 24355.9922 37591.2148 30469.2949
   vertex 24423.043 37387.4727 30496.5723
  endloop
 endfacet
facet normal 0.924415469 0.0162913501 0.381038904
  outer loop
   vertex 24463.0312 37080.8594 30950.5859
   vertex 24509.7148 37100.0898 30836.5059
   vertex 24500.9336 37220.5547 30852.6602
  endloop
 endfacet
facet normal 0.767614901 0.264929891 -0.583591878
  outer loop
   vertex 24261.4453 37558.2422 30244.3418
   vertex 24336.6133 37584.0664 30354.9395
   vertex 24369.6484 37485.7852 30353.7734
  endloop
 endfacet
facet normal 0.894641042 -0.0944969729 -0.436678082
  outer loop
   vertex 24423.043 37387.4727 30496.5723
   vertex 24476.3281 37351.625 30613.498
   vertex 24490.5371 37232.3477 30668.4219
  endloop
 endfacet
facet normal 0.712192059 0.558386385 -0.425425768
  outer loop
   vertex 24355.9922 37591.2148 30469.2949
   vertex 24406.6836 37501.4219 30436.2988
   vertex 24369.6484 37485.7852 30353.7734
  endloop
 endfacet
facet normal 0.800189793 0.568761587 -0.190280169
  outer loop
   vertex 24451.8809 37407.8047 30678.6172
   vertex 24476.3281 37351.625 30613.498
   vertex 24423.043 37387.4727 30496.5723
  endloop
 endfacet
facet normal 0.82571429 0.531085551 -0.190115705
  outer loop
   vertex 24451.8809 37407.8047 30678.6172
   vertex 24423.043 37387.4727 30496.5723
   vertex 24324.9648 37600.6016 30665.9707
  endloop
 endfacet
facet normal 0.764726043 0.237155303 -0.599125564
  outer loop
   vertex 24369.6484 37485.7852 30353.7734
   vertex 24282.9707 37341.6289 30186.0762
   vertex 24261.4453 37558.2422 30244.3418
  endloop
 endfacet
facet normal 0.794094026 0.19299151 -0.576341033
  outer loop
   vertex 24381.3301 37357.4609 30326.8984
   vertex 24282.9707 37341.6289 30186.0762
   vertex 24369.6484 37485.7852 30353.7734
  endloop
 endfacet
facet normal 0.803588629 0.310655624 0.507679462
  outer loop
   vertex 24480.3594 37244.2109 30960.5957
   vertex 24496.9961 37275.9844 30914.8203
   vertex 24466.1348 37348.9688 30919.0098
  endloop
 endfacet
facet normal 0.948514402 -0.314712018 -0.0357320905
  outer loop
   vertex 24430.5547 36866.25 30712.7227
   vertex 24478.8262 37018.418 30653.8789
   vertex 24481.8223 37010.1328 30806.377
  endloop
 endfacet
facet normal 0.876770735 0.412499517 0.247218966
  outer loop
   vertex 24446.7402 37340.6211 31001.7168
   vertex 24466.1348 37348.9688 30919.0098
   vertex 24355.2715 37501.5977 31057.5195
  endloop
 endfacet
facet normal 0.943356872 0.224922001 0.243901432
  outer loop
   vertex 24446.7402 37340.6211 31001.7168
   vertex 24480.3594 37244.2109 30960.5957
   vertex 24466.1348 37348.9688 30919.0098
  endloop
 endfacet
facet normal 0.914720833 0.289480597 0.281934023
  outer loop
   vertex 24355.2715 37501.5977 31057.5195
   vertex 24378.043 37289.3398 31201.582
   vertex 24435.5117 37248.8711 31056.6758
  endloop
 endfacet
facet normal 0.965425968 0.209160894 0.155577615
  outer loop
   vertex 24327.7344 37473.2148 31266.5605
   vertex 24378.043 37289.3398 31201.582
   vertex 24355.2715 37501.5977 31057.5195
  endloop
 endfacet
facet normal 0.988746703 0.142124444 -0.0466964394
  outer loop
   vertex 24490.5371 37232.3477 30668.4219
   vertex 24480.3047 37344.2305 30792.2754
   vertex 24500.9336 37220.5547 30852.6602
  endloop
 endfacet
facet normal 0.95797348 -0.18125388 0.222337261
  outer loop
   vertex 24496.9961 37275.9844 30914.8203
   vertex 24480.3594 37244.2109 30960.5957
   vertex 24500.9336 37220.5547 30852.6602
  endloop
 endfacet
facet normal 0.906528473 -0.149150968 -0.394917816
  outer loop
   vertex 24427.7617 37082.457 30478.8906
   vertex 24408.2578 36874.457 30512.6738
   vertex 24288.8887 36790.7695 30270.2715
  endloop
 endfacet
facet normal 0.813428402 -0.480004728 0.328526556
  outer loop
   vertex 24358.873 36830.9531 30921.8203
   vertex 24148.7168 36598.3086 31102.248
   vertex 24177.3672 36465.8008 30837.7051
  endloop
 endfacet
facet normal 0.797905266 0.00199914631 0.602779567
  outer loop
   vertex 24451.8594 37136.2031 31035.4102
   vertex 24435.5117 37248.8711 31056.6758
   vertex 24391.0254 37045.9336 31116.2344
  endloop
 endfacet
facet normal 0.97109139 -0.0817421228 -0.224275932
  outer loop
   vertex 24361.2754 37179.8477 30304.8047
   vertex 24381.3301 37357.4609 30326.8984
   vertex 24423.043 37387.4727 30496.5723
  endloop
 endfacet
facet normal 0.985423088 -0.0196647309 0.168981254
  outer loop
   vertex 24363.7773 37153.2109 31268.9277
   vertex 24378.043 37289.3398 31201.582
   vertex 24337.4355 37308.9258 31440.6621
  endloop
 endfacet
facet normal 0.794273198 -0.322446167 0.514935434
  outer loop
   vertex 24193.1191 36363.1758 30392.3555
   vertex 24270.5391 36424.7852 30311.5156
   vertex 24284.6816 36507.5234 30341.5078
  endloop
 endfacet
facet normal 0.8581267 -0.485722482 0.166409865
  outer loop
   vertex 24319.4668 36649.4648 30576.4434
   vertex 24193.1191 36363.1758 30392.3555
   vertex 24284.6816 36507.5234 30341.5078
  endloop
 endfacet
facet normal 0.95664525 -0.288759798 0.0380476117
  outer loop
   vertex 24428.9219 36847.4258 30610.8711
   vertex 24478.8262 37018.418 30653.8789
   vertex 24430.5547 36866.25 30712.7227
  endloop
 endfacet
facet normal 0.7881248 -0.511912048 0.341767907
  outer loop
   vertex 24148.7168 36598.3086 31102.248
   vertex 24072.707 36379.6953 30950.0801
   vertex 24177.3672 36465.8008 30837.7051
  endloop
 endfacet
facet normal 0.731965423 -0.000493027153 0.681341588
  outer loop
   vertex 24128.7441 36370.8438 30889.8711
   vertex 24177.3672 36465.8008 30837.7051
   vertex 24072.707 36379.6953 30950.0801
  endloop
 endfacet
facet normal 0.85668391 -0.422114789 -0.296499193
  outer loop
   vertex 24428.9219 36847.4258 30610.8711
   vertex 24319.4668 36649.4648 30576.4434
   vertex 24408.2578 36874.457 30512.6738
  endloop
 endfacet
facet normal 0.820113719 -0.53971982 0.190042198
  outer loop
   vertex 24430.5547 36866.25 30712.7227
   vertex 24358.873 36830.9531 30921.8203
   vertex 24319.4668 36649.4648 30576.4434
  endloop
 endfacet
facet normal 0.872075975 -0.467098862 0.145952538
  outer loop
   vertex 24358.873 36830.9531 30921.8203
   vertex 24177.3672 36465.8008 30837.7051
   vertex 24319.4668 36649.4648 30576.4434
  endloop
 endfacet
facet normal 0.835813046 0.00164206501 -0.549011707
  outer loop
   vertex 24282.9707 37341.6289 30186.0762
   vertex 24361.2754 37179.8477 30304.8047
   vertex 24246.1855 37093.0469 30129.3301
  endloop
 endfacet
facet normal 0.863211811 -0.420033455 -0.28006658
  outer loop
   vertex 24408.2578 36874.457 30512.6738
   vertex 24319.4668 36649.4648 30576.4434
   vertex 24288.8887 36790.7695 30270.2715
  endloop
 endfacet
facet normal 0.832798481 -0.105946638 -0.543343306
  outer loop
   vertex 24140.6348 36714.8789 30057.8379
   vertex 24166.0391 36903.7344 30059.9492
   vertex 24288.8887 36790.7695 30270.2715
  endloop
 endfacet
facet normal 0.83414191 -0.127252936 -0.536669314
  outer loop
   vertex 24138.0762 36504.168 30103.8242
   vertex 24140.6348 36714.8789 30057.8379
   vertex 24288.8887 36790.7695 30270.2715
  endloop
 endfacet
facet normal 0.884248972 -0.126214564 -0.449637204
  outer loop
   vertex 24228.3887 36434.5586 30251.2832
   vertex 24288.8887 36790.7695 30270.2715
   vertex 24284.6816 36507.5234 30341.5078
  endloop
 endfacet
facet normal 0.823559821 -0.110214837 -0.556418836
  outer loop
   vertex 24228.3887 36434.5586 30251.2832
   vertex 24138.0762 36504.168 30103.8242
   vertex 24288.8887 36790.7695 30270.2715
  endloop
 endfacet
facet normal 0.855708361 -0.114414088 -0.50465095
  outer loop
   vertex 24361.2754 37179.8477 30304.8047
   vertex 24288.8887 36790.7695 30270.2715
   vertex 24246.1855 37093.0469 30129.3301
  endloop
 endfacet
facet normal 0.819150984 -0.143242985 -0.55540359
  outer loop
   vertex 24166.0391 36903.7344 30059.9492
   vertex 24246.1855 37093.0469 30129.3301
   vertex 24288.8887 36790.7695 30270.2715
  endloop
 endfacet
endsolid MATLAB_1
