solid MATLAB_1
facet normal -0.604888082 0.693530858 0.391312301
  outer loop
   vertex 78073.4375 68603.1641 57240.0078
   vertex 78134.6719 68698.1328 57166.3359
   vertex 77994.3516 68619.4141 57088.9648
  endloop
 endfacet
facet normal 0.907586098 -0.134949252 0.397587955
  outer loop
   vertex 78839.8203 68771.4531 55977.9062
   vertex 78956.6328 68828.3203 55730.5469
   vertex 78910.0703 68928.2812 55870.7656
  endloop
 endfacet
facet normal -0.984135568 0.0747836009 -0.160886839
  outer loop
   vertex 78652.0938 69001.8828 52721.2344
   vertex 78619.6328 68813.75 52832.3672
   vertex 78615.5781 69006.5078 52946.7773
  endloop
 endfacet
facet normal -0.900738239 0.433429718 0.0284483936
  outer loop
   vertex 78416.7891 68935.0547 55082.6094
   vertex 78336.625 68780 54906.8047
   vertex 78343.8438 68778.1328 55163.9727
  endloop
 endfacet
facet normal -0.280772865 -0.903306246 -0.324352264
  outer loop
   vertex 77985.1797 68344.7188 56506.5039
   vertex 78080.625 68304.2344 56536.6367
   vertex 77959.0625 68310.25 56625.1211
  endloop
 endfacet
facet normal 0.786438942 -0.616528571 -0.0375015438
  outer loop
   vertex 79198.1016 68775.9531 53181.6797
   vertex 79266.7969 68847.7891 53441.2344
   vertex 79126.2109 68668.1797 53445.8594
  endloop
 endfacet
facet normal -0.733422816 0.351234913 -0.582000852
  outer loop
   vertex 79107.0156 69027 51711.1562
   vertex 79105.0469 69040.1328 51721.5625
   vertex 79119.9297 69066.9141 51718.9648
  endloop
 endfacet
facet normal -0.783281088 0.576482534 -0.232677132
  outer loop
   vertex 78788.75 69364.4609 52671.1641
   vertex 78882.2109 69484.5 52653.957
   vertex 78851.4062 69394.5391 52534.7578
  endloop
 endfacet
facet normal 0.945302486 0.144322947 0.292530507
  outer loop
   vertex 79396.2188 69210.8672 53346.1133
   vertex 79431.2656 69321.6328 53178.2148
   vertex 79363.9609 69379.7422 53367.0195
  endloop
 endfacet
facet normal -0.949517846 -0.293999255 0.109454289
  outer loop
   vertex 78328.3359 68492.875 54706.3164
   vertex 78353.4062 68461.9141 54840.6523
   vertex 78313.1953 68589.5234 54834.6016
  endloop
 endfacet
facet normal 0.850651324 -0.456582487 0.260623872
  outer loop
   vertex 78421.4375 68569.6328 57053.9844
   vertex 78378.7656 68431.1172 56950.5938
   vertex 78492.2969 68580.5234 56841.7891
  endloop
 endfacet
facet normal -0.936952651 0.342913449 -0.0673059821
  outer loop
   vertex 78410.3672 68921.6797 54583.7539
   vertex 78413.8516 68894.7578 54398.1016
   vertex 78352.6562 68753.8359 54531.9492
  endloop
 endfacet
facet normal 0.968769014 0.200831443 0.145441651
  outer loop
   vertex 78740.2578 68902.5 56382.2969
   vertex 78771.3047 68851.3359 56246.1719
   vertex 78733.3125 68995.5938 56300.0586
  endloop
 endfacet
facet normal 0.900446355 0.323804498 0.290425569
  outer loop
   vertex 78740.2578 68902.5 56382.2969
   vertex 78733.3125 68995.5938 56300.0586
   vertex 78694.7031 68948.2578 56472.5195
  endloop
 endfacet
facet normal -0.130067766 0.958075583 0.255291015
  outer loop
   vertex 78729.5469 69145.0781 54406.1328
   vertex 78656.875 69095.0078 54557
   vertex 78899.8203 69134.7422 54531.668
  endloop
 endfacet
facet normal -0.385855198 0.850260556 -0.358012199
  outer loop
   vertex 79270.4453 69519.1641 52193.9414
   vertex 79099.0469 69416.625 52135.1406
   vertex 79145.4844 69550.4531 52402.9258
  endloop
 endfacet
facet normal -0.56611675 0.674778044 0.473483235
  outer loop
   vertex 79194.2266 69494.5547 52137.8828
   vertex 79099.0469 69416.625 52135.1406
   vertex 79270.4453 69519.1641 52193.9414
  endloop
 endfacet
facet normal -0.651614189 0.638897121 -0.40891251
  outer loop
   vertex 79099.0469 69416.625 52135.1406
   vertex 78928.4844 69258.6406 52160.0859
   vertex 78963.4531 69423.4297 52361.8438
  endloop
 endfacet
facet normal -0.364090502 0.51554054 0.775664926
  outer loop
   vertex 79099.0469 69416.625 52135.1406
   vertex 78969.5703 69351.0625 52117.9453
   vertex 78928.4844 69258.6406 52160.0859
  endloop
 endfacet
facet normal -0.900833786 0.401355624 -0.165566266
  outer loop
   vertex 78388.0938 68941.3828 55335.9648
   vertex 78313.4297 68861.1875 55547.8281
   vertex 78383.8516 69018.9766 55547.1445
  endloop
 endfacet
facet normal -0.523499787 -0.111843549 0.844653189
  outer loop
   vertex 78065.1641 68385.8359 57328.2969
   vertex 78114.8516 68531.5234 57378.3828
   vertex 77988.2344 68387.4375 57280.8281
  endloop
 endfacet
facet normal -0.788276672 0.0582456365 0.612558007
  outer loop
   vertex 78065.1641 68385.8359 57328.2969
   vertex 78167.3281 68499.1484 57448.9922
   vertex 78114.8516 68531.5234 57378.3828
  endloop
 endfacet
facet normal 0.952658057 -0.227715701 -0.20146516
  outer loop
   vertex 77960.2656 68297.5547 57250.1797
   vertex 77962.4062 68331.7969 57221.5898
   vertex 77988.2344 68387.4375 57280.8281
  endloop
 endfacet
facet normal -0.0144318771 0.6413939 0.767075956
  outer loop
   vertex 77996.0078 68285.5 57260.9336
   vertex 77962.4062 68331.7969 57221.5898
   vertex 77960.2656 68297.5547 57250.1797
  endloop
 endfacet
facet normal -0.926457584 0.376383036 -0.00349054532
  outer loop
   vertex 77890.9141 68513.1406 56873.207
   vertex 77930.625 68611.6172 56951.3867
   vertex 77957.5547 68676.5781 56807.3047
  endloop
 endfacet
facet normal -0.139943823 -0.660030603 0.738088965
  outer loop
   vertex 78065.1641 68385.8359 57328.2969
   vertex 78189.5938 68432.9297 57394.0078
   vertex 78167.3281 68499.1484 57448.9922
  endloop
 endfacet
facet normal -0.0815922469 -0.730456591 0.678067744
  outer loop
   vertex 78065.1641 68385.8359 57328.2969
   vertex 78093.3047 68292.0703 57230.6758
   vertex 78189.5938 68432.9297 57394.0078
  endloop
 endfacet
facet normal -0.828499973 -0.249452129 0.501359522
  outer loop
   vertex 78114.8516 68531.5234 57378.3828
   vertex 78167.3281 68499.1484 57448.9922
   vertex 78153.7969 68551.8828 57452.8672
  endloop
 endfacet
facet normal 0.582256734 -0.745384991 0.324620277
  outer loop
   vertex 78148.4766 68230.7656 57083.9883
   vertex 78125.9062 68230.8359 57124.6211
   vertex 78116.6172 68209.1406 57091.4766
  endloop
 endfacet
facet normal -0.631724417 0.774748087 0.026260959
  outer loop
   vertex 78193.2969 68958.7578 56236.6172
   vertex 78113.9922 68885.9062 56478.1836
   vertex 78288.0625 69028.4141 56461.2422
  endloop
 endfacet
facet normal -0.636741281 0.770722389 0.0233999211
  outer loop
   vertex 78193.2969 68958.7578 56236.6172
   vertex 78094.4844 68873.7891 56346.418
   vertex 78113.9922 68885.9062 56478.1836
  endloop
 endfacet
facet normal -0.396254927 -0.830410242 0.391664177
  outer loop
   vertex 78612.7266 68369.1562 55081.4453
   vertex 78488.5156 68472.5391 55174.9648
   vertex 78488.1797 68354.4922 54924.3438
  endloop
 endfacet
facet normal -0.639905751 -0.0620700791 0.765942514
  outer loop
   vertex 77950.2656 68359.8281 57246.8711
   vertex 77960.2656 68297.5547 57250.1797
   vertex 77988.2344 68387.4375 57280.8281
  endloop
 endfacet
facet normal -0.823707819 0.558510542 0.0978333056
  outer loop
   vertex 78002.875 68723.9219 56918.5547
   vertex 77957.5547 68676.5781 56807.3047
   vertex 77930.625 68611.6172 56951.3867
  endloop
 endfacet
facet normal -0.891954899 0.410993248 0.188417122
  outer loop
   vertex 78002.875 68723.9219 56918.5547
   vertex 78003.2578 68761.0703 56839.3281
   vertex 77957.5547 68676.5781 56807.3047
  endloop
 endfacet
facet normal -0.910234988 0.226447135 -0.346689999
  outer loop
   vertex 78798.1641 69078.8203 52350.9258
   vertex 78696.0234 68958.9766 52540.8125
   vertex 78742.1328 69191.25 52571.4727
  endloop
 endfacet
facet normal -0.189357966 0.977619708 -0.0916690826
  outer loop
   vertex 78559.4531 69037.0391 54978.0508
   vertex 78563.1172 69062.25 55239.3438
   vertex 78742.6797 69085.375 55115
  endloop
 endfacet
facet normal -0.77897948 0.351262689 -0.519428074
  outer loop
   vertex 78928.4844 69258.6406 52160.0859
   vertex 79044.8828 69263.7109 51988.9609
   vertex 78980.6484 69128.5078 51993.8555
  endloop
 endfacet
facet normal 0.802903771 0.473054081 0.362719446
  outer loop
   vertex 78931.6484 68994.5703 55736.5508
   vertex 78811.2344 69064.125 55912.3867
   vertex 78910.0703 68928.2812 55870.7656
  endloop
 endfacet
facet normal 0.760494173 0.580379009 0.291219443
  outer loop
   vertex 78848.6172 69100.4141 55742.4336
   vertex 78811.2344 69064.125 55912.3867
   vertex 78931.6484 68994.5703 55736.5508
  endloop
 endfacet
facet normal -0.979115963 -0.194100514 0.0604725368
  outer loop
   vertex 78338.8828 68579.5391 54157.293
   vertex 78370.7969 68406.9453 54120.0938
   vertex 78383.2344 68445.75 54446.0664
  endloop
 endfacet
facet normal -0.990341246 -0.0461256765 0.130754247
  outer loop
   vertex 78355.4062 68706.6562 54327.332
   vertex 78338.8828 68579.5391 54157.293
   vertex 78383.2344 68445.75 54446.0664
  endloop
 endfacet
facet normal -0.941465139 0.325502843 -0.0877000839
  outer loop
   vertex 78413.8516 68894.7578 54398.1016
   vertex 78355.4062 68706.6562 54327.332
   vertex 78352.6562 68753.8359 54531.9492
  endloop
 endfacet
facet normal -0.910504758 0.357707381 -0.207428202
  outer loop
   vertex 78461.4844 68912.2031 53448.5664
   vertex 78421.5078 68934.2422 53662.0586
   vertex 78492.875 69057.5703 53561.4609
  endloop
 endfacet
facet normal -0.884852648 0.416511178 -0.208696499
  outer loop
   vertex 78395.9922 68823.8672 53549.9219
   vertex 78421.5078 68934.2422 53662.0586
   vertex 78461.4844 68912.2031 53448.5664
  endloop
 endfacet
facet normal -0.645393968 -0.594477892 -0.479648471
  outer loop
   vertex 78487.3438 68470.0312 53643.5938
   vertex 78396.8984 68586.8281 53620.5469
   vertex 78546.3203 68568.4922 53442.207
  endloop
 endfacet
facet normal -0.898487866 0.139119402 -0.416371703
  outer loop
   vertex 78121.375 68831.8594 56159.8828
   vertex 78213.7031 68908.5 55986.2695
   vertex 78125.3438 68694.9922 56105.5898
  endloop
 endfacet
facet normal -0.814492702 0.37375021 -0.443748146
  outer loop
   vertex 78094.4844 68873.7891 56346.418
   vertex 78193.2969 68958.7578 56236.6172
   vertex 78041.25 68744.1484 56334.9375
  endloop
 endfacet
facet normal -0.344689846 -0.841318607 -0.416379511
  outer loop
   vertex 78080.625 68304.2344 56536.6367
   vertex 78033.3203 68257.1641 56670.9141
   vertex 77959.0625 68310.25 56625.1211
  endloop
 endfacet
facet normal 0.712963223 0.701070964 0.0135242399
  outer loop
   vertex 78882.6562 69058.8516 55285.082
   vertex 78961.2969 68974.6328 55504.6953
   vertex 79000.9219 68939.5234 55235.9023
  endloop
 endfacet
facet normal -0.201735854 -0.972272098 -0.118277818
  outer loop
   vertex 78429.5547 68581.6484 55733.4102
   vertex 78578.6797 68543.7969 55790.1602
   vertex 78487.9688 68536.75 56002.8086
  endloop
 endfacet
facet normal -0.173902243 -0.976788878 -0.125065967
  outer loop
   vertex 78429.5547 68581.6484 55733.4102
   vertex 78487.9688 68536.75 56002.8086
   vertex 78264.9062 68575.2656 56012.207
  endloop
 endfacet
facet normal -0.963305831 -0.136960924 -0.230832428
  outer loop
   vertex 78338.1562 68593.3672 53920.1133
   vertex 78346.8125 68451.625 53968.0742
   vertex 78323.0781 68501.2109 54037.7109
  endloop
 endfacet
facet normal -0.502025664 -0.814198971 -0.291633844
  outer loop
   vertex 78478.0312 68291.5156 54053.8047
   vertex 78405.5547 68367.0859 53967.5859
   vertex 78518.3906 68319.9844 53904.8398
  endloop
 endfacet
facet normal -0.960969985 0.085194841 -0.263208181
  outer loop
   vertex 78560.6406 68998.6875 53212.1172
   vertex 78583.25 68762.9922 53053.2773
   vertex 78515.3516 68747.6406 53296.2227
  endloop
 endfacet
facet normal -0.926777482 0.0421639755 -0.373236835
  outer loop
   vertex 78461.4844 68912.2031 53448.5664
   vertex 78560.6406 68998.6875 53212.1172
   vertex 78515.3516 68747.6406 53296.2227
  endloop
 endfacet
facet normal -0.449256122 -0.663463175 -0.598318994
  outer loop
   vertex 78833.4922 68749.8281 52516.7383
   vertex 78723.6953 68759.6172 52588.332
   vertex 78771.8281 68862.4062 52438.207
  endloop
 endfacet
facet normal -0.545108378 -0.659585714 -0.517497361
  outer loop
   vertex 78901.7031 68808.9141 52369.582
   vertex 78833.4922 68749.8281 52516.7383
   vertex 78771.8281 68862.4062 52438.207
  endloop
 endfacet
facet normal -0.853572547 -0.447445452 -0.266845465
  outer loop
   vertex 78515.3516 68747.6406 53296.2227
   vertex 78583.25 68762.9922 53053.2773
   vertex 78629.3281 68595.5156 53186.6992
  endloop
 endfacet
facet normal -0.66597867 0.734414876 0.130794555
  outer loop
   vertex 78622.5312 69210.9531 53643.1953
   vertex 78519.7656 69091.1484 53792.6523
   vertex 78684.0703 69221.2109 53898.9844
  endloop
 endfacet
facet normal -0.230986968 0.971476257 0.0536549911
  outer loop
   vertex 78350.6875 69109.1328 55982.0898
   vertex 78351.7422 69103.1562 56094.8438
   vertex 78479.8203 69141.8047 55946.4453
  endloop
 endfacet
facet normal 0.301608413 0.943609416 -0.136504918
  outer loop
   vertex 78740.4141 69108.3516 55313.0195
   vertex 78831.7578 69105.2188 55493.1445
   vertex 78882.6562 69058.8516 55285.082
  endloop
 endfacet
facet normal -0.492856801 0.809493244 -0.319081277
  outer loop
   vertex 79099.0469 69416.625 52135.1406
   vertex 78963.4531 69423.4297 52361.8438
   vertex 79145.4844 69550.4531 52402.9258
  endloop
 endfacet
facet normal -0.955626786 0.278308302 -0.0965504199
  outer loop
   vertex 78362.4609 68785.7969 53818.5664
   vertex 78421.5078 68934.2422 53662.0586
   vertex 78368.7031 68744.7734 53638.5078
  endloop
 endfacet
facet normal -0.433456182 0.55438292 -0.710475445
  outer loop
   vertex 79215.9766 69478.0625 52111.7422
   vertex 79099.0469 69416.625 52135.1406
   vertex 79194.2266 69494.5547 52137.8828
  endloop
 endfacet
facet normal -0.851840436 0.523456335 -0.0190076847
  outer loop
   vertex 78717.0859 69245.7188 52816.0234
   vertex 78822.0078 69421.4766 52954.0156
   vertex 78844.9688 69452.5781 52781.7031
  endloop
 endfacet
facet normal 0.866883039 -0.0299569014 -0.497610658
  outer loop
   vertex 79463.1641 69226.2344 51977.3047
   vertex 79493.7734 69346.1016 52023.4219
   vertex 79520.4141 69309.8125 52072.0156
  endloop
 endfacet
facet normal -0.53435874 -0.768871844 -0.351136416
  outer loop
   vertex 78648.4922 68658.5156 52917.8164
   vertex 78761.6875 68608.6172 52854.8164
   vertex 78713.3047 68561.2578 53032.1484
  endloop
 endfacet
facet normal 0.407003343 -0.886238992 -0.221198291
  outer loop
   vertex 78999.0469 68615.1328 53023.4492
   vertex 78850.6016 68556.5391 52985.0547
   vertex 78925.2578 68631.9844 52820.1523
  endloop
 endfacet
facet normal 0.217844442 0.942201853 0.254557282
  outer loop
   vertex 78603.25 69146.9688 56171.0273
   vertex 78513.5156 69144.9297 56255.3711
   vertex 78615.625 69104.8281 56316.3945
  endloop
 endfacet
facet normal 0.0204298608 0.998736978 0.0459026992
  outer loop
   vertex 78603.25 69146.9688 56171.0273
   vertex 78493.6562 69151.3594 56124.2461
   vertex 78513.5156 69144.9297 56255.3711
  endloop
 endfacet
facet normal 0.0667277128 0.418212473 -0.905894995
  outer loop
   vertex 79097.0234 69095.2891 51730.375
   vertex 79117.6797 69120.9062 51743.7227
   vertex 79119.9297 69066.9141 51718.9648
  endloop
 endfacet
facet normal -0.792044759 0.605241477 -0.0796733797
  outer loop
   vertex 78844.9688 69452.5781 52781.7031
   vertex 78882.2109 69484.5 52653.957
   vertex 78788.75 69364.4609 52671.1641
  endloop
 endfacet
facet normal 0.957274139 0.145739272 -0.249772444
  outer loop
   vertex 79528.0156 69224.4141 52153.1641
   vertex 79506.0547 69415.6406 52180.5508
   vertex 79552.7891 69357.9062 52325.9805
  endloop
 endfacet
facet normal 0.993567884 0.110778488 0.0234724581
  outer loop
   vertex 79506.0547 69415.6406 52180.5508
   vertex 79528.0156 69224.4141 52153.1641
   vertex 79520.4141 69309.8125 52072.0156
  endloop
 endfacet
facet normal 0.905259967 0.357809931 -0.229077384
  outer loop
   vertex 79493.7734 69346.1016 52023.4219
   vertex 79506.0547 69415.6406 52180.5508
   vertex 79520.4141 69309.8125 52072.0156
  endloop
 endfacet
facet normal 0.957929492 0.152878478 0.242897555
  outer loop
   vertex 79363.9609 69379.7422 53367.0195
   vertex 79335.5625 69272.4844 53546.5391
   vertex 79396.2188 69210.8672 53346.1133
  endloop
 endfacet
facet normal -0.419073135 0.902779162 -0.0967856348
  outer loop
   vertex 78397.6016 69077.3516 55690.5352
   vertex 78511.75 69136.4141 55747.1797
   vertex 78508.6328 69116.4062 55574.0859
  endloop
 endfacet
facet normal 0.102268964 0.994157016 -0.0345383026
  outer loop
   vertex 78636.0781 69123.5234 55440.6445
   vertex 78831.7578 69105.2188 55493.1445
   vertex 78740.4141 69108.3516 55313.0195
  endloop
 endfacet
facet normal -0.713338137 0.697045028 0.0726424009
  outer loop
   vertex 78363.1641 68857.2578 54738.3555
   vertex 78510.9609 69009.7031 54726.9102
   vertex 78410.3672 68921.6797 54583.7539
  endloop
 endfacet
facet normal -0.178511113 0.860260367 0.477583408
  outer loop
   vertex 78238.3125 68867.8281 56933.8906
   vertex 78306.6406 68776.375 57124.1641
   vertex 78389.25 68923.9219 56889.2695
  endloop
 endfacet
facet normal 0.299872816 -0.91267091 -0.277683467
  outer loop
   vertex 78190.1953 68286.8281 56637.7031
   vertex 78269.0781 68363.4922 56470.9102
   vertex 78295.6172 68329.2188 56612.2227
  endloop
 endfacet
facet normal -0.178591087 0.916006267 0.35921821
  outer loop
   vertex 78430.6953 69068.0547 56561.3555
   vertex 78296.3125 68995.6328 56679.2344
   vertex 78449.8516 69013.9141 56708.9492
  endloop
 endfacet
facet normal 0.393493086 0.821058393 0.413553238
  outer loop
   vertex 78594.6172 68995.8672 56607.0273
   vertex 78449.8516 69013.9141 56708.9492
   vertex 78522.7656 68939.3203 56787.6602
  endloop
 endfacet
facet normal 0.486021787 0.659367859 0.573599875
  outer loop
   vertex 78594.6172 68995.8672 56607.0273
   vertex 78516.3203 69060.1328 56599.5
   vertex 78449.8516 69013.9141 56708.9492
  endloop
 endfacet
facet normal 0.617614865 0.781376719 0.0894554704
  outer loop
   vertex 79393.4141 69474.0781 53062.5117
   vertex 79308.1484 69561.9531 52883.6172
   vertex 79274.4453 69566.0391 53080.6055
  endloop
 endfacet
facet normal -0.0497463532 0.998323858 0.0295769684
  outer loop
   vertex 78670.1172 69148.1875 55616.0625
   vertex 78511.75 69136.4141 55747.1797
   vertex 78689.8203 69143.6172 55803.5156
  endloop
 endfacet
facet normal 0.308177799 0.945382655 -0.106198527
  outer loop
   vertex 78742.6797 69085.375 55115
   vertex 78740.4141 69108.3516 55313.0195
   vertex 78882.6562 69058.8516 55285.082
  endloop
 endfacet
facet normal 0.361684799 0.862104893 0.354907364
  outer loop
   vertex 78959.0781 69228.2422 54248.0352
   vertex 78940.5547 69201.4062 54332.0977
   vertex 79078.0234 69146.3672 54325.7109
  endloop
 endfacet
facet normal 0.288522005 0.956488252 0.0434190854
  outer loop
   vertex 79440.2891 69532.5625 52652.9883
   vertex 79220.1562 69600.125 52627.5312
   vertex 79308.1484 69561.9531 52883.6172
  endloop
 endfacet
facet normal 0.515630543 0.833681822 0.197736517
  outer loop
   vertex 78717.7188 69084.8516 56134.418
   vertex 78603.25 69146.9688 56171.0273
   vertex 78615.625 69104.8281 56316.3945
  endloop
 endfacet
facet normal 0.913137138 0.399230301 0.0824364796
  outer loop
   vertex 78931.6484 68994.5703 55736.5508
   vertex 78961.2969 68974.6328 55504.6953
   vertex 78906.1719 69079 55609.8711
  endloop
 endfacet
facet normal 0.973257065 0.183114454 0.138707519
  outer loop
   vertex 78991.6484 68789.2031 55536.5469
   vertex 78961.2969 68974.6328 55504.6953
   vertex 78956.6328 68828.3203 55730.5469
  endloop
 endfacet
facet normal 0.904350519 -0.0988144651 0.415193766
  outer loop
   vertex 78596.4531 68862.0781 56718.6289
   vertex 78483.1328 68759.7031 56941.0859
   vertex 78577.9297 68714.3984 56723.8164
  endloop
 endfacet
facet normal 0.905550241 -0.115006708 0.40835306
  outer loop
   vertex 78596.4531 68862.0781 56718.6289
   vertex 78539.8359 68872.7266 56847.1758
   vertex 78483.1328 68759.7031 56941.0859
  endloop
 endfacet
facet normal 0.969099224 0.181449503 0.167101115
  outer loop
   vertex 79173.9297 68969.6953 54490.5547
   vertex 79155.3984 68882.5078 54692.6875
   vertex 79192.6484 68776.3984 54591.8867
  endloop
 endfacet
facet normal -0.766558826 0.635354519 -0.0933390409
  outer loop
   vertex 78689.6406 69246.8438 53081.5078
   vertex 78638.75 69214.5859 53279.8516
   vertex 78768.0938 69368.0156 53261.9922
  endloop
 endfacet
facet normal 0.960568607 0.0912034288 0.262659281
  outer loop
   vertex 79369.9141 69130.6094 53470.1719
   vertex 79396.2188 69210.8672 53346.1133
   vertex 79335.5625 69272.4844 53546.5391
  endloop
 endfacet
facet normal -0.575757146 0.817534983 0.0118423542
  outer loop
   vertex 78405.0156 68929.7109 54879.0469
   vertex 78416.7891 68935.0547 55082.6094
   vertex 78559.4531 69037.0391 54978.0508
  endloop
 endfacet
facet normal 0.843014598 0.496548623 0.206799179
  outer loop
   vertex 79155.3984 68882.5078 54692.6875
   vertex 79085.3672 69043.3281 54592.0234
   vertex 79083.0391 68965.0078 54789.5664
  endloop
 endfacet
facet normal 0.610158563 -0.78844732 -0.077829279
  outer loop
   vertex 79196.1875 68676.3125 53810.293
   vertex 78962.5625 68513.0234 53632.8789
   vertex 79174.3672 68676.5234 53637.1094
  endloop
 endfacet
facet normal 0.422114044 -0.817090929 0.392660409
  outer loop
   vertex 78749.0938 68459.1562 55434.1562
   vertex 78747.9062 68432.4141 55379.7852
   vertex 78787 68458.8281 55392.7266
  endloop
 endfacet
facet normal 0.878792524 -0.0588497259 0.473561376
  outer loop
   vertex 78675.0391 68787.3516 56489.0195
   vertex 78740.2578 68902.5 56382.2969
   vertex 78694.7031 68948.2578 56472.5195
  endloop
 endfacet
facet normal 0.956769109 -0.0885333717 0.277046472
  outer loop
   vertex 78675.0391 68787.3516 56489.0195
   vertex 78694.7031 68948.2578 56472.5195
   vertex 78660.1094 68907.6797 56579.0234
  endloop
 endfacet
facet normal 0.67112565 -0.710909903 0.21023193
  outer loop
   vertex 78646.0312 68583.6719 56087.9062
   vertex 78701.875 68677.7812 56227.8711
   vertex 78500.1719 68516.8516 56327.5664
  endloop
 endfacet
facet normal 0.613116264 -0.743264377 0.267668724
  outer loop
   vertex 78833.5781 68534.6094 55496.4727
   vertex 78787 68458.8281 55392.7266
   vertex 78881.5391 68515.7578 55334.2734
  endloop
 endfacet
facet normal 0.862634599 -0.380272955 0.333547652
  outer loop
   vertex 78839.8203 68771.4531 55977.9062
   vertex 78771.3047 68851.3359 56246.1719
   vertex 78701.875 68677.7812 56227.8711
  endloop
 endfacet
facet normal 0.965355635 0.20970659 0.155279189
  outer loop
   vertex 79041.3594 68926.3594 55002.3008
   vertex 79000.9219 68939.5234 55235.9023
   vertex 79048.4141 68758.1953 55185.543
  endloop
 endfacet
facet normal 0.828391314 0.46458447 0.312936276
  outer loop
   vertex 78733.3125 68995.5938 56300.0586
   vertex 78653.6953 69041.1953 56443.1055
   vertex 78694.7031 68948.2578 56472.5195
  endloop
 endfacet
facet normal -0.966637671 0.0221499447 0.255188048
  outer loop
   vertex 78313.1953 68589.5234 54834.6016
   vertex 78361.5156 68575.2656 55018.8555
   vertex 78336.625 68780 54906.8047
  endloop
 endfacet
facet normal 0.924111366 -0.325636625 0.199947342
  outer loop
   vertex 78991.6484 68789.2031 55536.5469
   vertex 78922.7031 68666.3203 55655.0508
   vertex 78974.8359 68661.7188 55406.6172
  endloop
 endfacet
facet normal 0.750556707 -0.660795629 -0.00370445242
  outer loop
   vertex 78545.6094 68578.1484 56593.4844
   vertex 78438.4453 68455.5547 56749.75
   vertex 78401.0703 68414.0234 56586.0117
  endloop
 endfacet
facet normal 0.750980675 -0.636654556 0.175211146
  outer loop
   vertex 78376.7656 68469.7266 57099.4805
   vertex 78301.9297 68387.375 57120.9766
   vertex 78378.7656 68431.1172 56950.5938
  endloop
 endfacet
facet normal -0.1178656 -0.666932225 -0.735737145
  outer loop
   vertex 78264.0625 68452.2812 56239.8008
   vertex 78121.8828 68412.9844 56298.1953
   vertex 78099.2656 68500.6953 56222.3125
  endloop
 endfacet
facet normal -0.355698675 -0.910115778 0.212527007
  outer loop
   vertex 78577.7656 68237.6797 54794.9258
   vertex 78474.7578 68274.125 54778.5938
   vertex 78507.5078 68236.3203 54671.5273
  endloop
 endfacet
facet normal 0.649288118 -0.753777981 0.101211205
  outer loop
   vertex 78378.7656 68431.1172 56950.5938
   vertex 78297.0078 68335.3438 56761.8633
   vertex 78438.4453 68455.5547 56749.75
  endloop
 endfacet
facet normal 0.951858342 0.209492937 0.223782152
  outer loop
   vertex 79173.9297 68969.6953 54490.5547
   vertex 79192.6484 68776.3984 54591.8867
   vertex 79228.2188 68864.1562 54358.4297
  endloop
 endfacet
facet normal 0.192782 -0.980751634 0.0310060754
  outer loop
   vertex 78756.9766 68147.7656 54544.3633
   vertex 78744.3828 68141.5938 54427.4414
   vertex 78897.1719 68172.875 54466.9219
  endloop
 endfacet
facet normal 0.166956842 -0.985810876 -0.0173870437
  outer loop
   vertex 78873.1094 68166.9219 54573.6641
   vertex 78756.9766 68147.7656 54544.3633
   vertex 78897.1719 68172.875 54466.9219
  endloop
 endfacet
facet normal 0.899216056 -0.436570734 0.0285737049
  outer loop
   vertex 79130.8438 68458.5078 54183.293
   vertex 79234.2969 68666.9375 54112.2969
   vertex 79227.3281 68663.1016 54272.9531
  endloop
 endfacet
facet normal 0.552568436 -0.768838465 -0.321800381
  outer loop
   vertex 78942.2109 68296.2578 54130.1055
   vertex 78866.3984 68312.2969 53961.6094
   vertex 79039.6484 68440.375 53953.0898
  endloop
 endfacet
facet normal 0.484094292 -0.789832473 -0.376586497
  outer loop
   vertex 79054.8203 68385.7578 54087.1562
   vertex 78942.2109 68296.2578 54130.1055
   vertex 79039.6484 68440.375 53953.0898
  endloop
 endfacet
facet normal 0.897219419 -0.417052746 -0.145135701
  outer loop
   vertex 79253.5391 68740.3203 53980.9336
   vertex 79190.3438 68594.4688 54009.3711
   vertex 79196.1875 68676.3125 53810.293
  endloop
 endfacet
facet normal -0.816509664 -0.568802714 0.0988709033
  outer loop
   vertex 78370.7969 68406.9453 54120.0938
   vertex 78468.8359 68285.7734 54232.6602
   vertex 78383.2344 68445.75 54446.0664
  endloop
 endfacet
facet normal 0.914557338 -0.402306914 -0.0416412689
  outer loop
   vertex 79129.1953 68361.7656 54417.1406
   vertex 79135.4688 68384.2812 54337.2969
   vertex 79179.3906 68480.2578 54374.7109
  endloop
 endfacet
facet normal 0.36484766 -0.882070959 -0.298055321
  outer loop
   vertex 78942.2109 68296.2578 54130.1055
   vertex 78747.1016 68193.3438 54195.8398
   vertex 78742.2812 68242.6641 54043.9648
  endloop
 endfacet
facet normal -0.206293419 -0.922326922 -0.326735467
  outer loop
   vertex 78656.1016 68146.1953 54381.3047
   vertex 78599.7812 68187.9609 54298.9766
   vertex 78742.8359 68147.9766 54321.5156
  endloop
 endfacet
facet normal 0.34728241 -0.905868113 -0.242482811
  outer loop
   vertex 78942.2109 68296.2578 54130.1055
   vertex 78742.2812 68242.6641 54043.9648
   vertex 78866.3984 68312.2969 53961.6094
  endloop
 endfacet
facet normal -0.525010109 -0.536915183 -0.660368443
  outer loop
   vertex 78396.8984 68586.8281 53620.5469
   vertex 78487.3438 68470.0312 53643.5938
   vertex 78391.5625 68495.0938 53699.3711
  endloop
 endfacet
facet normal 0.552169323 -0.78681612 -0.275734335
  outer loop
   vertex 79016.125 68266.4375 54363.2148
   vertex 78866.5469 68192.9297 54273.4336
   vertex 78942.2109 68296.2578 54130.1055
  endloop
 endfacet
facet normal -0.741275847 0.660408795 -0.119876452
  outer loop
   vertex 79117.6797 69120.9062 51743.7227
   vertex 79097.0234 69095.2891 51730.375
   vertex 79081.6641 69091.2422 51803
  endloop
 endfacet
facet normal -0.856602728 0.0452903286 -0.513984919
  outer loop
   vertex 78395.9922 68823.8672 53549.9219
   vertex 78461.4844 68912.2031 53448.5664
   vertex 78426.7578 68721.25 53489.6094
  endloop
 endfacet
facet normal -0.910361767 0.0781998783 -0.406357199
  outer loop
   vertex 78515.3516 68747.6406 53296.2227
   vertex 78426.7578 68721.25 53489.6094
   vertex 78461.4844 68912.2031 53448.5664
  endloop
 endfacet
facet normal -0.825975299 -0.444193602 -0.347068995
  outer loop
   vertex 78686.6719 68705.5156 52745.6758
   vertex 78656.5312 68832.2578 52655.207
   vertex 78723.6953 68759.6172 52588.332
  endloop
 endfacet
facet normal -0.233900458 -0.8282184 -0.509259105
  outer loop
   vertex 78585.125 68375.8906 53751.7969
   vertex 78487.3438 68470.0312 53643.5938
   vertex 78682.2031 68452.8984 53581.9609
  endloop
 endfacet
facet normal 0.606840074 -0.785601497 -0.120728731
  outer loop
   vertex 78967.625 68551.6641 53406.8984
   vertex 79126.2109 68668.1797 53445.8594
   vertex 78962.5625 68513.0234 53632.8789
  endloop
 endfacet
facet normal -0.800085127 -0.565321565 -0.200687245
  outer loop
   vertex 79097.0234 69095.2891 51730.375
   vertex 79119.9297 69066.9141 51718.9648
   vertex 79081.6641 69091.2422 51803
  endloop
 endfacet
facet normal 0.950846255 -0.288564563 0.112347037
  outer loop
   vertex 79103.9375 68542.8281 54742.7578
   vertex 79192.6484 68776.3984 54591.8867
   vertex 79163.9688 68740.3672 54742.0977
  endloop
 endfacet
facet normal -0.978477299 0.1783631 0.10377261
  outer loop
   vertex 78402.2969 68837.875 54104.7148
   vertex 78362.4609 68785.7969 53818.5664
   vertex 78338.1562 68593.3672 53920.1133
  endloop
 endfacet
facet normal -0.88794142 0.40071398 -0.225806028
  outer loop
   vertex 78461.4844 68912.2031 53448.5664
   vertex 78561.7891 69121.2891 53425.1719
   vertex 78560.6406 68998.6875 53212.1172
  endloop
 endfacet
facet normal -0.349577993 -0.936480582 -0.0282723177
  outer loop
   vertex 78073.4062 68242.2969 57059.9258
   vertex 77962.3438 68282.7109 57094.4102
   vertex 77939.8125 68296.9531 56901.3945
  endloop
 endfacet
facet normal -0.897740066 -0.177059382 -0.403376758
  outer loop
   vertex 77960.2656 68297.5547 57250.1797
   vertex 77991.125 68260.6016 57197.7227
   vertex 77971.2734 68253.4141 57245.0508
  endloop
 endfacet
facet normal -0.766596913 0.457499713 0.450580984
  outer loop
   vertex 78073.4375 68603.1641 57240.0078
   vertex 77994.3516 68619.4141 57088.9648
   vertex 77967.0469 68467.9062 57196.3359
  endloop
 endfacet
facet normal -0.902546167 -0.424174219 0.0740719363
  outer loop
   vertex 77962.3438 68282.7109 57094.4102
   vertex 77919.4766 68369.7891 57070.6953
   vertex 77939.8125 68296.9531 56901.3945
  endloop
 endfacet
facet normal -0.0669375509 -0.981913388 -0.177103102
  outer loop
   vertex 77971.2734 68253.4141 57245.0508
   vertex 77991.125 68260.6016 57197.7227
   vertex 78000.3203 68252.1641 57241.0312
  endloop
 endfacet
facet normal 0.291647434 -0.462230891 0.837427258
  outer loop
   vertex 77996.0078 68285.5 57260.9336
   vertex 78000.3203 68252.1641 57241.0312
   vertex 78093.3047 68292.0703 57230.6758
  endloop
 endfacet
facet normal 0.0974778533 0.4869017 0.868000448
  outer loop
   vertex 78195.8672 68543.3672 57445.9961
   vertex 78223.6875 68512.5469 57460.1641
   vertex 78249.9688 68533.0234 57445.7266
  endloop
 endfacet
facet normal 0.358038336 -0.899276853 -0.251216352
  outer loop
   vertex 78093.3047 68292.0703 57230.6758
   vertex 78000.3203 68252.1641 57241.0312
   vertex 77991.125 68260.6016 57197.7227
  endloop
 endfacet
facet normal -0.231892973 0.0778983533 0.969617188
  outer loop
   vertex 78205.9141 68469.5078 57460.6016
   vertex 78226.0469 68490.2891 57463.75
   vertex 78167.3281 68499.1484 57448.9922
  endloop
 endfacet
facet normal -0.192498907 -0.981107652 -0.0192846395
  outer loop
   vertex 77887.1016 68308.8516 56821.9844
   vertex 77905.5703 68306.4297 56760.9805
   vertex 77939.8125 68296.9531 56901.3945
  endloop
 endfacet
facet normal -0.497538477 -0.865155876 0.0629345477
  outer loop
   vertex 77974.7109 68265.8594 56749.8555
   vertex 77939.8125 68296.9531 56901.3945
   vertex 77905.5703 68306.4297 56760.9805
  endloop
 endfacet
facet normal 0.0974281654 -0.500860631 0.860026956
  outer loop
   vertex 78000.3203 68252.1641 57241.0312
   vertex 77996.0078 68285.5 57260.9336
   vertex 77971.2734 68253.4141 57245.0508
  endloop
 endfacet
facet normal -0.72627461 -0.463900238 0.507268906
  outer loop
   vertex 78073.4062 68242.2969 57059.9258
   vertex 78116.6172 68209.1406 57091.4766
   vertex 78125.9062 68230.8359 57124.6211
  endloop
 endfacet
facet normal -0.076815024 -0.995655835 0.0526201501
  outer loop
   vertex 78099.625 68259.0156 56802.8086
   vertex 77974.7109 68265.8594 56749.8555
   vertex 78033.3203 68257.1641 56670.9141
  endloop
 endfacet
facet normal -0.048331596 -0.998095453 0.0383337811
  outer loop
   vertex 78096.1797 68253.6328 56658.293
   vertex 78099.625 68259.0156 56802.8086
   vertex 78033.3203 68257.1641 56670.9141
  endloop
 endfacet
facet normal -0.1254621 -0.921608865 -0.367282361
  outer loop
   vertex 78033.3203 68257.1641 56670.9141
   vertex 78080.625 68304.2344 56536.6367
   vertex 78096.1797 68253.6328 56658.293
  endloop
 endfacet
facet normal 0.226467684 -0.888723254 -0.39860183
  outer loop
   vertex 78096.1797 68253.6328 56658.293
   vertex 78080.625 68304.2344 56536.6367
   vertex 78190.1953 68286.8281 56637.7031
  endloop
 endfacet
facet normal 0.178478852 -0.546235561 -0.818395972
  outer loop
   vertex 78073.4062 68242.2969 57059.9258
   vertex 78148.4766 68230.7656 57083.9883
   vertex 78116.6172 68209.1406 57091.4766
  endloop
 endfacet
facet normal -0.126162216 -0.977085412 0.171427011
  outer loop
   vertex 78099.625 68259.0156 56802.8086
   vertex 77939.8125 68296.9531 56901.3945
   vertex 77974.7109 68265.8594 56749.8555
  endloop
 endfacet
facet normal -0.282741845 -0.954875767 -0.0909355059
  outer loop
   vertex 78099.625 68259.0156 56802.8086
   vertex 78073.4062 68242.2969 57059.9258
   vertex 77939.8125 68296.9531 56901.3945
  endloop
 endfacet
facet normal -0.901174724 -0.243270248 -0.358753055
  outer loop
   vertex 77960.2656 68297.5547 57250.1797
   vertex 77962.4062 68331.7969 57221.5898
   vertex 77991.125 68260.6016 57197.7227
  endloop
 endfacet
facet normal -0.895493865 -0.415084511 0.16061011
  outer loop
   vertex 77962.3438 68282.7109 57094.4102
   vertex 77991.125 68260.6016 57197.7227
   vertex 77962.4062 68331.7969 57221.5898
  endloop
 endfacet
facet normal 0.314371288 -0.948837399 -0.0296363588
  outer loop
   vertex 78099.625 68259.0156 56802.8086
   vertex 78219.3672 68292.8047 56991.2617
   vertex 78073.4062 68242.2969 57059.9258
  endloop
 endfacet
facet normal 0.0413231514 -0.844764292 -0.533540726
  outer loop
   vertex 78148.4766 68230.7656 57083.9883
   vertex 78073.4062 68242.2969 57059.9258
   vertex 78219.3672 68292.8047 56991.2617
  endloop
 endfacet
facet normal 0.210129455 -0.944913149 0.250967711
  outer loop
   vertex 78093.3047 68292.0703 57230.6758
   vertex 77991.125 68260.6016 57197.7227
   vertex 78073.4062 68242.2969 57059.9258
  endloop
 endfacet
facet normal -0.53443557 -0.792666674 0.293356687
  outer loop
   vertex 78125.9062 68230.8359 57124.6211
   vertex 78093.3047 68292.0703 57230.6758
   vertex 78073.4062 68242.2969 57059.9258
  endloop
 endfacet
facet normal -0.366572738 -0.925427914 -0.0959563181
  outer loop
   vertex 77991.125 68260.6016 57197.7227
   vertex 77962.3438 68282.7109 57094.4102
   vertex 78073.4062 68242.2969 57059.9258
  endloop
 endfacet
facet normal 0.0848411322 -0.229081899 0.96970278
  outer loop
   vertex 78205.9141 68469.5078 57460.6016
   vertex 78223.5938 68470.7266 57459.3438
   vertex 78226.0469 68490.2891 57463.75
  endloop
 endfacet
facet normal 0.333717883 -0.152324423 0.930284739
  outer loop
   vertex 78153.4766 68536.4297 57460.0664
   vertex 78167.3281 68499.1484 57448.9922
   vertex 78195.8672 68543.3672 57445.9961
  endloop
 endfacet
facet normal -0.826230645 0.562517524 0.0302818697
  outer loop
   vertex 77935.1484 68530.8828 57117.9102
   vertex 77994.3516 68619.4141 57088.9648
   vertex 77911.7422 68500.6953 57040.0938
  endloop
 endfacet
facet normal -0.00348964217 0.67993921 0.733260155
  outer loop
   vertex 78171.4375 68597.1484 57410.9766
   vertex 78153.7969 68551.8828 57452.8672
   vertex 78184.8984 68578.4062 57428.418
  endloop
 endfacet
facet normal 0.35394752 -0.136166468 0.925299883
  outer loop
   vertex 78247.3125 68506.6562 57442.8633
   vertex 78265.5703 68544.5312 57441.4531
   vertex 78249.9688 68533.0234 57445.7266
  endloop
 endfacet
facet normal 0.264095426 -0.656450868 0.706629932
  outer loop
   vertex 78065.1641 68385.8359 57328.2969
   vertex 77996.0078 68285.5 57260.9336
   vertex 78093.3047 68292.0703 57230.6758
  endloop
 endfacet
facet normal -0.754255593 0.37055552 0.542021334
  outer loop
   vertex 77988.2344 68387.4375 57280.8281
   vertex 77967.0469 68467.9062 57196.3359
   vertex 77950.2656 68359.8281 57246.8711
  endloop
 endfacet
facet normal -0.448218584 -0.545736432 0.708005548
  outer loop
   vertex 77962.4062 68331.7969 57221.5898
   vertex 78065.1641 68385.8359 57328.2969
   vertex 77988.2344 68387.4375 57280.8281
  endloop
 endfacet
facet normal -0.731376767 0.0473591536 0.680327237
  outer loop
   vertex 77996.0078 68285.5 57260.9336
   vertex 78065.1641 68385.8359 57328.2969
   vertex 77962.4062 68331.7969 57221.5898
  endloop
 endfacet
facet normal -0.512552261 0.808754563 0.28845489
  outer loop
   vertex 78190.2734 68956.0156 56601.8789
   vertex 78107.9141 68842.5938 56773.5352
   vertex 78296.3125 68995.6328 56679.2344
  endloop
 endfacet
facet normal -0.341619551 -0.192167044 0.919982553
  outer loop
   vertex 77996.0078 68285.5 57260.9336
   vertex 77960.2656 68297.5547 57250.1797
   vertex 77971.2734 68253.4141 57245.0508
  endloop
 endfacet
facet normal -0.875298023 -0.473437339 0.0985416472
  outer loop
   vertex 77939.8125 68296.9531 56901.3945
   vertex 77919.4766 68369.7891 57070.6953
   vertex 77887.1719 68402.5078 56940.957
  endloop
 endfacet
facet normal -0.902374744 -0.401908904 0.155528173
  outer loop
   vertex 77962.3438 68282.7109 57094.4102
   vertex 77962.4062 68331.7969 57221.5898
   vertex 77919.4766 68369.7891 57070.6953
  endloop
 endfacet
facet normal -0.948192656 -0.166634291 -0.270487964
  outer loop
   vertex 77950.2656 68359.8281 57246.8711
   vertex 77962.4062 68331.7969 57221.5898
   vertex 77960.2656 68297.5547 57250.1797
  endloop
 endfacet
facet normal -0.952232003 0.0868134722 0.29277578
  outer loop
   vertex 77962.4062 68331.7969 57221.5898
   vertex 77967.0469 68467.9062 57196.3359
   vertex 77919.4766 68369.7891 57070.6953
  endloop
 endfacet
facet normal -0.918006361 -0.0418390185 -0.394352376
  outer loop
   vertex 77950.2656 68359.8281 57246.8711
   vertex 77967.0469 68467.9062 57196.3359
   vertex 77962.4062 68331.7969 57221.5898
  endloop
 endfacet
facet normal -0.940860271 0.0234080143 0.337985218
  outer loop
   vertex 77967.0469 68467.9062 57196.3359
   vertex 77911.7422 68500.6953 57040.0938
   vertex 77919.4766 68369.7891 57070.6953
  endloop
 endfacet
facet normal -0.944755077 -0.0840925872 0.316806436
  outer loop
   vertex 77911.7422 68500.6953 57040.0938
   vertex 77967.0469 68467.9062 57196.3359
   vertex 77935.1484 68530.8828 57117.9102
  endloop
 endfacet
facet normal -0.970431149 -0.000923510233 0.24137634
  outer loop
   vertex 77911.7422 68500.6953 57040.0938
   vertex 77887.1719 68402.5078 56940.957
   vertex 77919.4766 68369.7891 57070.6953
  endloop
 endfacet
facet normal -0.932799459 0.354746014 -0.0635643899
  outer loop
   vertex 77907.9531 68522.9297 56677.7656
   vertex 77890.9141 68513.1406 56873.207
   vertex 77957.5547 68676.5781 56807.3047
  endloop
 endfacet
facet normal -0.645926237 0.171137512 0.743969917
  outer loop
   vertex 78114.8516 68531.5234 57378.3828
   vertex 78195.8672 68543.3672 57445.9961
   vertex 78184.8984 68578.4062 57428.418
  endloop
 endfacet
facet normal -0.156704232 0.987535417 0.0147488341
  outer loop
   vertex 78114.8516 68531.5234 57378.3828
   vertex 78153.4766 68536.4297 57460.0664
   vertex 78195.8672 68543.3672 57445.9961
  endloop
 endfacet
facet normal -0.92331785 0.370060146 0.102662653
  outer loop
   vertex 78094.4844 68873.7891 56346.418
   vertex 78041.25 68744.1484 56334.9375
   vertex 78113.9922 68885.9062 56478.1836
  endloop
 endfacet
facet normal -0.763416946 0.4512766 0.462108195
  outer loop
   vertex 78073.4375 68603.1641 57240.0078
   vertex 77967.0469 68467.9062 57196.3359
   vertex 78114.8516 68531.5234 57378.3828
  endloop
 endfacet
facet normal -0.53407675 0.674871802 0.509224951
  outer loop
   vertex 78073.4375 68603.1641 57240.0078
   vertex 78114.8516 68531.5234 57378.3828
   vertex 78207.5781 68661.9219 57302.8203
  endloop
 endfacet
facet normal -0.77901125 0.61738807 0.109423414
  outer loop
   vertex 78171.4375 68597.1484 57410.9766
   vertex 78207.5781 68661.9219 57302.8203
   vertex 78114.8516 68531.5234 57378.3828
  endloop
 endfacet
facet normal -0.545185566 0.808260441 0.222458422
  outer loop
   vertex 78275.4062 68942.5703 56820.7891
   vertex 78296.3125 68995.6328 56679.2344
   vertex 78107.9141 68842.5938 56773.5352
  endloop
 endfacet
facet normal -0.984786868 0.113739669 0.131369933
  outer loop
   vertex 77887.1719 68402.5078 56940.957
   vertex 77911.7422 68500.6953 57040.0938
   vertex 77890.9141 68513.1406 56873.207
  endloop
 endfacet
facet normal -0.998286128 0.0511539765 0.0284257606
  outer loop
   vertex 77882.1094 68378.4219 56806.5586
   vertex 77887.1719 68402.5078 56940.957
   vertex 77890.9141 68513.1406 56873.207
  endloop
 endfacet
facet normal -0.529477656 0.70609659 0.470192581
  outer loop
   vertex 78134.6719 68698.1328 57166.3359
   vertex 78073.4375 68603.1641 57240.0078
   vertex 78207.5781 68661.9219 57302.8203
  endloop
 endfacet
facet normal -0.828778088 0.428720236 0.359619051
  outer loop
   vertex 77911.7422 68500.6953 57040.0938
   vertex 77994.3516 68619.4141 57088.9648
   vertex 77930.625 68611.6172 56951.3867
  endloop
 endfacet
facet normal -0.956929088 -0.232845709 -0.17340599
  outer loop
   vertex 78167.3281 68499.1484 57448.9922
   vertex 78153.8672 68534.1172 57476.3047
   vertex 78153.7969 68551.8828 57452.8672
  endloop
 endfacet
facet normal -0.600850046 0.710029125 0.367202759
  outer loop
   vertex 77994.3516 68619.4141 57088.9648
   vertex 78134.6719 68698.1328 57166.3359
   vertex 78122.5391 68768.3438 57010.7422
  endloop
 endfacet
facet normal -0.511609793 0.556293428 0.654822886
  outer loop
   vertex 77935.1484 68530.8828 57117.9102
   vertex 77967.0469 68467.9062 57196.3359
   vertex 77994.3516 68619.4141 57088.9648
  endloop
 endfacet
facet normal -0.784933031 0.338348567 0.519037902
  outer loop
   vertex 77967.0469 68467.9062 57196.3359
   vertex 77988.2344 68387.4375 57280.8281
   vertex 78114.8516 68531.5234 57378.3828
  endloop
 endfacet
facet normal -0.576173067 0.709258318 0.406173915
  outer loop
   vertex 78002.875 68723.9219 56918.5547
   vertex 77994.3516 68619.4141 57088.9648
   vertex 78122.5391 68768.3438 57010.7422
  endloop
 endfacet
facet normal -0.753118992 0.576929271 0.316171438
  outer loop
   vertex 78002.875 68723.9219 56918.5547
   vertex 77930.625 68611.6172 56951.3867
   vertex 77994.3516 68619.4141 57088.9648
  endloop
 endfacet
facet normal 0.0937608331 -0.882157862 0.461526215
  outer loop
   vertex 78205.9141 68469.5078 57460.6016
   vertex 78189.5938 68432.9297 57394.0078
   vertex 78223.5938 68470.7266 57459.3438
  endloop
 endfacet
facet normal 0.999008775 -0.0338760428 -0.028877683
  outer loop
   vertex 78153.7969 68551.8828 57452.8672
   vertex 78153.8672 68534.1172 57476.3047
   vertex 78153.4766 68536.4297 57460.0664
  endloop
 endfacet
facet normal -0.79141742 0.551806688 0.262997895
  outer loop
   vertex 78114.8516 68531.5234 57378.3828
   vertex 78153.7969 68551.8828 57452.8672
   vertex 78171.4375 68597.1484 57410.9766
  endloop
 endfacet
facet normal 0.455813825 -0.702927411 0.546009898
  outer loop
   vertex 78125.9062 68230.8359 57124.6211
   vertex 78192.9609 68287.0703 57141.043
   vertex 78093.3047 68292.0703 57230.6758
  endloop
 endfacet
facet normal 0.600523829 -0.793691218 -0.0970840454
  outer loop
   vertex 78153.7969 68551.8828 57452.8672
   vertex 78114.8516 68531.5234 57378.3828
   vertex 78184.8984 68578.4062 57428.418
  endloop
 endfacet
facet normal 0.888960421 -0.208293602 -0.407876313
  outer loop
   vertex 78153.4766 68536.4297 57460.0664
   vertex 78114.8516 68531.5234 57378.3828
   vertex 78153.7969 68551.8828 57452.8672
  endloop
 endfacet
facet normal -0.0739858299 0.650416136 0.755966246
  outer loop
   vertex 78209.3906 68616.3281 57398.1836
   vertex 78171.4375 68597.1484 57410.9766
   vertex 78184.8984 68578.4062 57428.418
  endloop
 endfacet
facet normal -0.294277757 0.860059261 0.41677177
  outer loop
   vertex 78207.5781 68661.9219 57302.8203
   vertex 78171.4375 68597.1484 57410.9766
   vertex 78209.3906 68616.3281 57398.1836
  endloop
 endfacet
facet normal -0.0114806443 0.672706306 0.73982054
  outer loop
   vertex 78306.2344 68717.8906 57253.4609
   vertex 78207.5781 68661.9219 57302.8203
   vertex 78269.625 68586.3516 57372.4961
  endloop
 endfacet
facet normal 0.0893724486 0.56552881 0.819871783
  outer loop
   vertex 78306.2344 68717.8906 57253.4609
   vertex 78279.6094 68735.2734 57244.375
   vertex 78207.5781 68661.9219 57302.8203
  endloop
 endfacet
facet normal 0.975850642 -0.147203758 0.161389336
  outer loop
   vertex 78332.7969 68518.6406 57236.3984
   vertex 78361.3516 68666.0781 57198.2148
   vertex 78336.1953 68595.375 57285.8398
  endloop
 endfacet
facet normal -0.619079113 -0.614412427 0.489120066
  outer loop
   vertex 78167.3281 68499.1484 57448.9922
   vertex 78189.5938 68432.9297 57394.0078
   vertex 78205.9141 68469.5078 57460.6016
  endloop
 endfacet
facet normal 0.939617097 0.34123081 0.0261008386
  outer loop
   vertex 78153.4766 68536.4297 57460.0664
   vertex 78153.8672 68534.1172 57476.3047
   vertex 78167.3281 68499.1484 57448.9922
  endloop
 endfacet
facet normal 0.756430268 0.118868843 0.643182278
  outer loop
   vertex 78336.1562 68746.0234 57213.0781
   vertex 78306.2344 68717.8906 57253.4609
   vertex 78361.3516 68666.0781 57198.2148
  endloop
 endfacet
facet normal -0.22280328 0.131950721 0.965892196
  outer loop
   vertex 78223.6875 68512.5469 57460.1641
   vertex 78167.3281 68499.1484 57448.9922
   vertex 78226.0469 68490.2891 57463.75
  endloop
 endfacet
facet normal -0.239464924 0.218617469 0.945971966
  outer loop
   vertex 78223.6875 68512.5469 57460.1641
   vertex 78195.8672 68543.3672 57445.9961
   vertex 78167.3281 68499.1484 57448.9922
  endloop
 endfacet
facet normal 0.563658774 -0.763864577 0.314324141
  outer loop
   vertex 78125.9062 68230.8359 57124.6211
   vertex 78148.4766 68230.7656 57083.9883
   vertex 78192.9609 68287.0703 57141.043
  endloop
 endfacet
facet normal 0.898741782 -0.232618064 0.371688068
  outer loop
   vertex 78421.4375 68569.6328 57053.9844
   vertex 78332.7969 68518.6406 57236.3984
   vertex 78376.7656 68469.7266 57099.4805
  endloop
 endfacet
facet normal 0.904611647 -0.0661567971 0.42107138
  outer loop
   vertex 78421.4375 68569.6328 57053.9844
   vertex 78361.3516 68666.0781 57198.2148
   vertex 78332.7969 68518.6406 57236.3984
  endloop
 endfacet
facet normal 0.459252805 -0.788438201 0.409209013
  outer loop
   vertex 78189.5938 68432.9297 57394.0078
   vertex 78093.3047 68292.0703 57230.6758
   vertex 78235.3438 68392.3672 57264.5078
  endloop
 endfacet
facet normal 0.812044919 -0.576780796 -0.0889212489
  outer loop
   vertex 78189.5938 68432.9297 57394.0078
   vertex 78247.3125 68506.6562 57442.8633
   vertex 78223.5938 68470.7266 57459.3438
  endloop
 endfacet
facet normal 0.637861252 -0.70492357 0.310186595
  outer loop
   vertex 78254.6953 68494.8359 57400.8164
   vertex 78247.3125 68506.6562 57442.8633
   vertex 78189.5938 68432.9297 57394.0078
  endloop
 endfacet
facet normal 0.600247502 -0.677929103 0.424399644
  outer loop
   vertex 78254.6953 68494.8359 57400.8164
   vertex 78189.5938 68432.9297 57394.0078
   vertex 78235.3438 68392.3672 57264.5078
  endloop
 endfacet
facet normal 0.766527116 -0.231092334 0.599193215
  outer loop
   vertex 78223.5938 68470.7266 57459.3438
   vertex 78247.3125 68506.6562 57442.8633
   vertex 78226.0469 68490.2891 57463.75
  endloop
 endfacet
facet normal 0.415015131 -0.757659853 0.503700316
  outer loop
   vertex 78093.3047 68292.0703 57230.6758
   vertex 78192.9609 68287.0703 57141.043
   vertex 78235.3438 68392.3672 57264.5078
  endloop
 endfacet
facet normal 0.665535927 -0.741185665 0.08778245
  outer loop
   vertex 78297.0078 68335.3438 56761.8633
   vertex 78378.7656 68431.1172 56950.5938
   vertex 78219.3672 68292.8047 56991.2617
  endloop
 endfacet
facet normal 0.533670783 0.766865969 0.356527835
  outer loop
   vertex 78209.3906 68616.3281 57398.1836
   vertex 78269.625 68586.3516 57372.4961
   vertex 78207.5781 68661.9219 57302.8203
  endloop
 endfacet
facet normal -0.450202525 0.774941862 0.443602085
  outer loop
   vertex 78249.9688 68533.0234 57445.7266
   vertex 78265.5703 68544.5312 57441.4531
   vertex 78269.625 68586.3516 57372.4961
  endloop
 endfacet
facet normal 0.152050585 0.779073179 0.608215094
  outer loop
   vertex 78249.9688 68533.0234 57445.7266
   vertex 78269.625 68586.3516 57372.4961
   vertex 78195.8672 68543.3672 57445.9961
  endloop
 endfacet
facet normal 0.50135529 0.317820668 0.804756403
  outer loop
   vertex 78184.8984 68578.4062 57428.418
   vertex 78269.625 68586.3516 57372.4961
   vertex 78209.3906 68616.3281 57398.1836
  endloop
 endfacet
facet normal 0.440417349 0.508940578 0.739602625
  outer loop
   vertex 78184.8984 68578.4062 57428.418
   vertex 78195.8672 68543.3672 57445.9961
   vertex 78269.625 68586.3516 57372.4961
  endloop
 endfacet
facet normal -0.291628182 0.863160431 0.412197918
  outer loop
   vertex 78134.6719 68698.1328 57166.3359
   vertex 78306.6406 68776.375 57124.1641
   vertex 78122.5391 68768.3438 57010.7422
  endloop
 endfacet
facet normal -0.299959809 0.870097995 0.391092867
  outer loop
   vertex 78134.6719 68698.1328 57166.3359
   vertex 78207.5781 68661.9219 57302.8203
   vertex 78306.6406 68776.375 57124.1641
  endloop
 endfacet
facet normal -0.668043077 0.737124383 0.101813912
  outer loop
   vertex 78279.6094 68735.2734 57244.375
   vertex 78306.6406 68776.375 57124.1641
   vertex 78207.5781 68661.9219 57302.8203
  endloop
 endfacet
facet normal 0.41289109 0.829346955 0.376436681
  outer loop
   vertex 78306.2344 68717.8906 57253.4609
   vertex 78306.6406 68776.375 57124.1641
   vertex 78279.6094 68735.2734 57244.375
  endloop
 endfacet
facet normal -0.784854293 0.565524757 0.2533485
  outer loop
   vertex 78306.2344 68717.8906 57253.4609
   vertex 78326.8281 68764.2344 57213.8164
   vertex 78306.6406 68776.375 57124.1641
  endloop
 endfacet
facet normal -0.345299959 0.791426361 0.504392982
  outer loop
   vertex 78238.3125 68867.8281 56933.8906
   vertex 78122.5391 68768.3438 57010.7422
   vertex 78306.6406 68776.375 57124.1641
  endloop
 endfacet
facet normal 0.924899518 -0.364828259 0.107057258
  outer loop
   vertex 78378.7656 68431.1172 56950.5938
   vertex 78421.4375 68569.6328 57053.9844
   vertex 78376.7656 68469.7266 57099.4805
  endloop
 endfacet
facet normal 0.310298383 -0.945254624 0.101037428
  outer loop
   vertex 78743.2656 68603.2578 55840.9688
   vertex 78487.9688 68536.75 56002.8086
   vertex 78578.6797 68543.7969 55790.1602
  endloop
 endfacet
facet normal -0.208828256 0.798521221 0.5645836
  outer loop
   vertex 78275.4062 68942.5703 56820.7891
   vertex 78389.25 68923.9219 56889.2695
   vertex 78354.875 68989.4219 56783.918
  endloop
 endfacet
facet normal -0.165314853 0.846892118 0.50541544
  outer loop
   vertex 78275.4062 68942.5703 56820.7891
   vertex 78238.3125 68867.8281 56933.8906
   vertex 78389.25 68923.9219 56889.2695
  endloop
 endfacet
facet normal -0.550654531 0.768048525 0.326926619
  outer loop
   vertex 78107.9141 68842.5938 56773.5352
   vertex 78238.3125 68867.8281 56933.8906
   vertex 78275.4062 68942.5703 56820.7891
  endloop
 endfacet
facet normal -0.29245773 0.9455989 0.142517179
  outer loop
   vertex 78465.0391 69108.9688 56394.4883
   vertex 78513.5156 69144.9297 56255.3711
   vertex 78378.4219 69102.2266 56261.4766
  endloop
 endfacet
facet normal 0.350223422 -0.935056686 -0.0548863113
  outer loop
   vertex 78219.3672 68292.8047 56991.2617
   vertex 78099.625 68259.0156 56802.8086
   vertex 78297.0078 68335.3438 56761.8633
  endloop
 endfacet
facet normal -0.707464457 0.550573647 -0.443128377
  outer loop
   vertex 78107.9141 68842.5938 56773.5352
   vertex 77957.5547 68676.5781 56807.3047
   vertex 78003.2578 68761.0703 56839.3281
  endloop
 endfacet
facet normal 0.379992753 -0.924351573 0.034346588
  outer loop
   vertex 78297.0078 68335.3438 56761.8633
   vertex 78190.1953 68286.8281 56637.7031
   vertex 78295.6172 68329.2188 56612.2227
  endloop
 endfacet
facet normal 0.36856252 -0.928474486 0.0457904898
  outer loop
   vertex 78190.1953 68286.8281 56637.7031
   vertex 78297.0078 68335.3438 56761.8633
   vertex 78099.625 68259.0156 56802.8086
  endloop
 endfacet
facet normal 0.338045657 -0.940742791 0.0269838944
  outer loop
   vertex 78190.1953 68286.8281 56637.7031
   vertex 78099.625 68259.0156 56802.8086
   vertex 78096.1797 68253.6328 56658.293
  endloop
 endfacet
facet normal 0.473436147 -0.865639031 -0.162871882
  outer loop
   vertex 78500.1719 68516.8516 56327.5664
   vertex 78401.0703 68414.0234 56586.0117
   vertex 78269.0781 68363.4922 56470.9102
  endloop
 endfacet
facet normal 0.292289615 0.81090492 0.50695169
  outer loop
   vertex 78522.7656 68939.3203 56787.6602
   vertex 78389.25 68923.9219 56889.2695
   vertex 78486.8516 68882.6172 56899.0781
  endloop
 endfacet
facet normal 0.648037136 -0.756228089 0.0903713629
  outer loop
   vertex 78622.7578 68632.0625 56412.6289
   vertex 78500.1719 68516.8516 56327.5664
   vertex 78701.875 68677.7812 56227.8711
  endloop
 endfacet
facet normal -0.392176241 0.87890172 0.27153191
  outer loop
   vertex 78296.3125 68995.6328 56679.2344
   vertex 78275.4062 68942.5703 56820.7891
   vertex 78354.875 68989.4219 56783.918
  endloop
 endfacet
facet normal 0.677097917 0.72873503 0.102389842
  outer loop
   vertex 79496.5391 69512.8047 52421.6484
   vertex 79440.2891 69532.5625 52652.9883
   vertex 79539.5469 69451.3203 52574.8281
  endloop
 endfacet
facet normal 0.642855942 0.760520458 0.0913502127
  outer loop
   vertex 79398.4609 69583.25 52525.4102
   vertex 79440.2891 69532.5625 52652.9883
   vertex 79496.5391 69512.8047 52421.6484
  endloop
 endfacet
facet normal 0.0255784374 0.969688535 0.243001819
  outer loop
   vertex 78430.6953 69068.0547 56561.3555
   vertex 78554.8047 69082.0938 56492.2617
   vertex 78465.0391 69108.9688 56394.4883
  endloop
 endfacet
facet normal -0.316629499 0.948183954 -0.0263240542
  outer loop
   vertex 78493.6562 69151.3594 56124.2461
   vertex 78479.8203 69141.8047 55946.4453
   vertex 78351.7422 69103.1562 56094.8438
  endloop
 endfacet
facet normal -0.890289247 0.439572096 -0.11900162
  outer loop
   vertex 77944.2656 68590.5312 56493.0664
   vertex 77992.7344 68715.9297 56593.668
   vertex 78041.25 68744.1484 56334.9375
  endloop
 endfacet
facet normal -0.907884598 0.369680643 -0.197691202
  outer loop
   vertex 77952.0312 68546.0625 56374.2695
   vertex 77944.2656 68590.5312 56493.0664
   vertex 78041.25 68744.1484 56334.9375
  endloop
 endfacet
facet normal -0.613681316 0.789427936 0.0140967881
  outer loop
   vertex 78378.4219 69102.2266 56261.4766
   vertex 78193.2969 68958.7578 56236.6172
   vertex 78288.0625 69028.4141 56461.2422
  endloop
 endfacet
facet normal -0.92103821 0.387487769 -0.0392657481
  outer loop
   vertex 77907.9531 68522.9297 56677.7656
   vertex 77992.7344 68715.9297 56593.668
   vertex 77944.2656 68590.5312 56493.0664
  endloop
 endfacet
facet normal -0.864922464 0.320907027 -0.385911644
  outer loop
   vertex 78041.25 68744.1484 56334.9375
   vertex 78125.3438 68694.9922 56105.5898
   vertex 78007.2656 68572.1953 56268.125
  endloop
 endfacet
facet normal -0.923952103 0.117599204 -0.363982111
  outer loop
   vertex 78041.25 68744.1484 56334.9375
   vertex 78121.375 68831.8594 56159.8828
   vertex 78125.3438 68694.9922 56105.5898
  endloop
 endfacet
facet normal -0.787593544 0.611796558 0.0734942481
  outer loop
   vertex 78113.9922 68885.9062 56478.1836
   vertex 77992.7344 68715.9297 56593.668
   vertex 78107.9141 68842.5938 56773.5352
  endloop
 endfacet
facet normal -0.34994483 0.919059277 0.181297094
  outer loop
   vertex 78465.0391 69108.9688 56394.4883
   vertex 78378.4219 69102.2266 56261.4766
   vertex 78288.0625 69028.4141 56461.2422
  endloop
 endfacet
facet normal -0.361746997 0.919952631 0.151083797
  outer loop
   vertex 78465.0391 69108.9688 56394.4883
   vertex 78288.0625 69028.4141 56461.2422
   vertex 78430.6953 69068.0547 56561.3555
  endloop
 endfacet
facet normal -0.362289339 0.919588029 0.152000815
  outer loop
   vertex 78296.3125 68995.6328 56679.2344
   vertex 78430.6953 69068.0547 56561.3555
   vertex 78288.0625 69028.4141 56461.2422
  endloop
 endfacet
facet normal -0.440039486 0.88539499 0.149802938
  outer loop
   vertex 78288.0625 69028.4141 56461.2422
   vertex 78190.2734 68956.0156 56601.8789
   vertex 78296.3125 68995.6328 56679.2344
  endloop
 endfacet
facet normal -0.741042495 0.671456039 0.00167322182
  outer loop
   vertex 78107.9141 68842.5938 56773.5352
   vertex 77992.7344 68715.9297 56593.668
   vertex 77957.5547 68676.5781 56807.3047
  endloop
 endfacet
facet normal -0.508462071 0.812324643 0.285648435
  outer loop
   vertex 78122.5391 68768.3438 57010.7422
   vertex 78238.3125 68867.8281 56933.8906
   vertex 78107.9141 68842.5938 56773.5352
  endloop
 endfacet
facet normal -0.40287894 0.829432428 0.386950165
  outer loop
   vertex 78002.875 68723.9219 56918.5547
   vertex 78107.9141 68842.5938 56773.5352
   vertex 78003.2578 68761.0703 56839.3281
  endloop
 endfacet
facet normal -0.518443525 0.806426048 0.28441754
  outer loop
   vertex 78002.875 68723.9219 56918.5547
   vertex 78122.5391 68768.3438 57010.7422
   vertex 78107.9141 68842.5938 56773.5352
  endloop
 endfacet
facet normal -0.802905738 -0.496376693 -0.330079675
  outer loop
   vertex 77905.5703 68306.4297 56760.9805
   vertex 77897.9375 68377.6172 56672.4922
   vertex 77959.0625 68310.25 56625.1211
  endloop
 endfacet
facet normal -0.985198736 -0.171404928 -0.00194036425
  outer loop
   vertex 78313.4297 68861.1875 55547.8281
   vertex 78327.6016 68781.7656 55367.5586
   vertex 78343.8359 68686.6641 55524.3516
  endloop
 endfacet
facet normal -0.983126521 0.0411611199 -0.178235739
  outer loop
   vertex 77935.1797 68434.1484 56507.0977
   vertex 77907.9531 68522.9297 56677.7656
   vertex 77944.2656 68590.5312 56493.0664
  endloop
 endfacet
facet normal -0.51979661 -0.823356807 -0.227804929
  outer loop
   vertex 77974.7109 68265.8594 56749.8555
   vertex 77905.5703 68306.4297 56760.9805
   vertex 77959.0625 68310.25 56625.1211
  endloop
 endfacet
facet normal -0.694642782 -0.299628973 -0.653983116
  outer loop
   vertex 78264.9062 68575.2656 56012.207
   vertex 78099.2656 68500.6953 56222.3125
   vertex 78125.3438 68694.9922 56105.5898
  endloop
 endfacet
facet normal -0.950306296 -0.130804762 -0.282503188
  outer loop
   vertex 77905.5703 68306.4297 56760.9805
   vertex 77887.1016 68308.8516 56821.9844
   vertex 77882.1094 68378.4219 56806.5586
  endloop
 endfacet
facet normal -0.223460048 -0.8634184 -0.452298939
  outer loop
   vertex 78025.1719 68399.125 56382.8984
   vertex 78080.625 68304.2344 56536.6367
   vertex 77985.1797 68344.7188 56506.5039
  endloop
 endfacet
facet normal -0.828843594 -0.461309195 -0.316562951
  outer loop
   vertex 77985.1797 68344.7188 56506.5039
   vertex 77959.0625 68310.25 56625.1211
   vertex 77935.1797 68434.1484 56507.0977
  endloop
 endfacet
facet normal -0.458510011 -0.853861272 -0.246352315
  outer loop
   vertex 78033.3203 68257.1641 56670.9141
   vertex 77974.7109 68265.8594 56749.8555
   vertex 77959.0625 68310.25 56625.1211
  endloop
 endfacet
facet normal -0.611162663 -0.757599533 -0.229179233
  outer loop
   vertex 78025.1719 68399.125 56382.8984
   vertex 77935.1797 68434.1484 56507.0977
   vertex 77952.1328 68462.4219 56368.4141
  endloop
 endfacet
facet normal -0.783018947 -0.434838742 -0.444743276
  outer loop
   vertex 78025.1719 68399.125 56382.8984
   vertex 77985.1797 68344.7188 56506.5039
   vertex 77935.1797 68434.1484 56507.0977
  endloop
 endfacet
facet normal -0.870138168 -0.478346795 0.118507154
  outer loop
   vertex 77939.8125 68296.9531 56901.3945
   vertex 77887.1719 68402.5078 56940.957
   vertex 77882.1094 68378.4219 56806.5586
  endloop
 endfacet
facet normal -0.826945961 0.0645146072 0.558568001
  outer loop
   vertex 77887.1016 68308.8516 56821.9844
   vertex 77939.8125 68296.9531 56901.3945
   vertex 77882.1094 68378.4219 56806.5586
  endloop
 endfacet
facet normal -0.951796174 0.273348272 0.139157385
  outer loop
   vertex 77911.7422 68500.6953 57040.0938
   vertex 77930.625 68611.6172 56951.3867
   vertex 77890.9141 68513.1406 56873.207
  endloop
 endfacet
facet normal -0.802993774 -0.484881818 -0.346540928
  outer loop
   vertex 77935.1797 68434.1484 56507.0977
   vertex 77959.0625 68310.25 56625.1211
   vertex 77897.9375 68377.6172 56672.4922
  endloop
 endfacet
facet normal -0.963534832 -0.242880315 -0.112293065
  outer loop
   vertex 77905.5703 68306.4297 56760.9805
   vertex 77882.1094 68378.4219 56806.5586
   vertex 77897.9375 68377.6172 56672.4922
  endloop
 endfacet
facet normal -0.74329108 0.663917363 0.0820492655
  outer loop
   vertex 78107.9141 68842.5938 56773.5352
   vertex 78190.2734 68956.0156 56601.8789
   vertex 78113.9922 68885.9062 56478.1836
  endloop
 endfacet
facet normal -0.978022397 0.0744689479 -0.194747478
  outer loop
   vertex 77897.9375 68377.6172 56672.4922
   vertex 77907.9531 68522.9297 56677.7656
   vertex 77935.1797 68434.1484 56507.0977
  endloop
 endfacet
facet normal -0.99043864 0.07251627 -0.117356971
  outer loop
   vertex 77897.9375 68377.6172 56672.4922
   vertex 77882.1094 68378.4219 56806.5586
   vertex 77907.9531 68522.9297 56677.7656
  endloop
 endfacet
facet normal -0.991164863 0.104901932 -0.0811649561
  outer loop
   vertex 77890.9141 68513.1406 56873.207
   vertex 77907.9531 68522.9297 56677.7656
   vertex 77882.1094 68378.4219 56806.5586
  endloop
 endfacet
facet normal -0.925299704 0.36976096 -0.0842453167
  outer loop
   vertex 77907.9531 68522.9297 56677.7656
   vertex 77957.5547 68676.5781 56807.3047
   vertex 77992.7344 68715.9297 56593.668
  endloop
 endfacet
facet normal -0.635452271 0.770825088 -0.0450450554
  outer loop
   vertex 78288.0625 69028.4141 56461.2422
   vertex 78113.9922 68885.9062 56478.1836
   vertex 78190.2734 68956.0156 56601.8789
  endloop
 endfacet
facet normal -0.995206296 0.0503319204 -0.0838514864
  outer loop
   vertex 77935.1797 68434.1484 56507.0977
   vertex 77944.2656 68590.5312 56493.0664
   vertex 77952.0312 68546.0625 56374.2695
  endloop
 endfacet
facet normal -0.992755294 0.00712710246 -0.119942397
  outer loop
   vertex 77952.1328 68462.4219 56368.4141
   vertex 77935.1797 68434.1484 56507.0977
   vertex 77952.0312 68546.0625 56374.2695
  endloop
 endfacet
facet normal -0.968569815 -0.244113073 -0.0477635302
  outer loop
   vertex 78369.3438 68633.3438 55279.7109
   vertex 78343.8359 68686.6641 55524.3516
   vertex 78327.6016 68781.7656 55367.5586
  endloop
 endfacet
facet normal -0.935006082 0.313590378 -0.165604085
  outer loop
   vertex 78652.0938 69001.8828 52721.2344
   vertex 78717.0859 69245.7188 52816.0234
   vertex 78742.1328 69191.25 52571.4727
  endloop
 endfacet
facet normal -0.840787172 0.532119989 -0.0996255875
  outer loop
   vertex 77992.7344 68715.9297 56593.668
   vertex 78113.9922 68885.9062 56478.1836
   vertex 78041.25 68744.1484 56334.9375
  endloop
 endfacet
facet normal -0.879163742 0.448267519 -0.161639512
  outer loop
   vertex 78193.2969 68958.7578 56236.6172
   vertex 78275.25 69045.0312 56030.1484
   vertex 78213.7031 68908.5 55986.2695
  endloop
 endfacet
facet normal -0.805556715 0.564821899 -0.179038003
  outer loop
   vertex 78193.2969 68958.7578 56236.6172
   vertex 78213.7031 68908.5 55986.2695
   vertex 78121.375 68831.8594 56159.8828
  endloop
 endfacet
facet normal -0.834234178 0.540073812 -0.11123684
  outer loop
   vertex 78193.2969 68958.7578 56236.6172
   vertex 78121.375 68831.8594 56159.8828
   vertex 78041.25 68744.1484 56334.9375
  endloop
 endfacet
facet normal -0.736085773 -0.520454347 -0.432787538
  outer loop
   vertex 78264.9375 68750.4141 55801.5312
   vertex 78264.9062 68575.2656 56012.207
   vertex 78125.3438 68694.9922 56105.5898
  endloop
 endfacet
facet normal -0.638796449 0.766476154 0.0667339414
  outer loop
   vertex 78193.2969 68958.7578 56236.6172
   vertex 78351.7422 69103.1562 56094.8438
   vertex 78275.25 69045.0312 56030.1484
  endloop
 endfacet
facet normal -0.313039154 0.897122562 -0.311733127
  outer loop
   vertex 78348.0391 69069.3125 55870.1523
   vertex 78350.6875 69109.1328 55982.0898
   vertex 78479.8203 69141.8047 55946.4453
  endloop
 endfacet
facet normal -0.629208565 0.775813639 0.0470075272
  outer loop
   vertex 78351.7422 69103.1562 56094.8438
   vertex 78350.6875 69109.1328 55982.0898
   vertex 78275.25 69045.0312 56030.1484
  endloop
 endfacet
facet normal -0.617911398 0.779435635 0.103274189
  outer loop
   vertex 78378.4219 69102.2266 56261.4766
   vertex 78351.7422 69103.1562 56094.8438
   vertex 78193.2969 68958.7578 56236.6172
  endloop
 endfacet
facet normal -0.709449232 0.669130564 -0.2212376
  outer loop
   vertex 78350.6875 69109.1328 55982.0898
   vertex 78348.0391 69069.3125 55870.1523
   vertex 78275.25 69045.0312 56030.1484
  endloop
 endfacet
facet normal -0.827634931 0.471130759 -0.305051237
  outer loop
   vertex 78213.7031 68908.5 55986.2695
   vertex 78275.25 69045.0312 56030.1484
   vertex 78348.0391 69069.3125 55870.1523
  endloop
 endfacet
facet normal -0.799107909 0.568665385 -0.195054457
  outer loop
   vertex 78397.6016 69077.3516 55690.5352
   vertex 78301.3281 68957.5391 55735.668
   vertex 78348.0391 69069.3125 55870.1523
  endloop
 endfacet
facet normal -0.882586896 0.392809123 -0.258343428
  outer loop
   vertex 78313.4297 68861.1875 55547.8281
   vertex 78301.3281 68957.5391 55735.668
   vertex 78383.8516 69018.9766 55547.1445
  endloop
 endfacet
facet normal -0.798023283 0.580997646 -0.160001829
  outer loop
   vertex 78301.3281 68957.5391 55735.668
   vertex 78397.6016 69077.3516 55690.5352
   vertex 78383.8516 69018.9766 55547.1445
  endloop
 endfacet
facet normal -0.937228084 0.339213878 -0.0808547512
  outer loop
   vertex 78388.0938 68941.3828 55335.9648
   vertex 78343.8438 68778.1328 55163.9727
   vertex 78327.6016 68781.7656 55367.5586
  endloop
 endfacet
facet normal -0.922171056 0.369702727 -0.113667987
  outer loop
   vertex 78388.0938 68941.3828 55335.9648
   vertex 78416.7891 68935.0547 55082.6094
   vertex 78343.8438 68778.1328 55163.9727
  endloop
 endfacet
facet normal -0.814376831 0.55281949 -0.176581398
  outer loop
   vertex 78213.7031 68908.5 55986.2695
   vertex 78348.0391 69069.3125 55870.1523
   vertex 78301.3281 68957.5391 55735.668
  endloop
 endfacet
facet normal -0.618250847 -0.342105716 -0.707622468
  outer loop
   vertex 78007.2656 68572.1953 56268.125
   vertex 78125.3438 68694.9922 56105.5898
   vertex 78099.2656 68500.6953 56222.3125
  endloop
 endfacet
facet normal -0.43738544 0.894318044 -0.0942824259
  outer loop
   vertex 78348.0391 69069.3125 55870.1523
   vertex 78479.8203 69141.8047 55946.4453
   vertex 78511.75 69136.4141 55747.1797
  endloop
 endfacet
facet normal -0.927364528 0.310014099 -0.209490418
  outer loop
   vertex 78313.4297 68861.1875 55547.8281
   vertex 78388.0938 68941.3828 55335.9648
   vertex 78327.6016 68781.7656 55367.5586
  endloop
 endfacet
facet normal -0.892880559 0.392349631 -0.220966086
  outer loop
   vertex 78561.7891 69121.2891 53425.1719
   vertex 78638.75 69214.5859 53279.8516
   vertex 78560.6406 68998.6875 53212.1172
  endloop
 endfacet
facet normal -0.881295383 0.393514276 -0.261658072
  outer loop
   vertex 78461.4844 68912.2031 53448.5664
   vertex 78492.875 69057.5703 53561.4609
   vertex 78561.7891 69121.2891 53425.1719
  endloop
 endfacet
facet normal -0.619542897 0.757506967 -0.205790609
  outer loop
   vertex 78344.1016 68869.7188 54841.6016
   vertex 78405.0156 68929.7109 54879.0469
   vertex 78363.1641 68857.2578 54738.3555
  endloop
 endfacet
facet normal -0.924000263 0.358637005 -0.132676214
  outer loop
   vertex 78363.1641 68857.2578 54738.3555
   vertex 78410.3672 68921.6797 54583.7539
   vertex 78352.6562 68753.8359 54531.9492
  endloop
 endfacet
facet normal -0.74166292 0.433701128 0.511702478
  outer loop
   vertex 78344.1016 68869.7188 54841.6016
   vertex 78336.625 68780 54906.8047
   vertex 78405.0156 68929.7109 54879.0469
  endloop
 endfacet
facet normal -0.905885041 0.421503842 0.0413134284
  outer loop
   vertex 78336.625 68780 54906.8047
   vertex 78416.7891 68935.0547 55082.6094
   vertex 78405.0156 68929.7109 54879.0469
  endloop
 endfacet
facet normal -0.960364997 0.273996472 -0.0512343794
  outer loop
   vertex 78421.5078 68934.2422 53662.0586
   vertex 78395.9922 68823.8672 53549.9219
   vertex 78368.7031 68744.7734 53638.5078
  endloop
 endfacet
facet normal -0.927121818 0.369627357 0.0618120991
  outer loop
   vertex 78362.4609 68785.7969 53818.5664
   vertex 78402.2969 68837.875 54104.7148
   vertex 78433.3047 68953.4844 53878.3906
  endloop
 endfacet
facet normal -0.922342598 -0.122974016 -0.366280615
  outer loop
   vertex 78368.7031 68744.7734 53638.5078
   vertex 78396.8984 68586.8281 53620.5469
   vertex 78340.9453 68644.5312 53742.0664
  endloop
 endfacet
facet normal -0.923103094 0.384212494 0.0161698796
  outer loop
   vertex 78433.3047 68953.4844 53878.3906
   vertex 78421.5078 68934.2422 53662.0586
   vertex 78362.4609 68785.7969 53818.5664
  endloop
 endfacet
facet normal -0.900571644 0.249492988 -0.355983168
  outer loop
   vertex 78742.1328 69191.25 52571.4727
   vertex 78837.0391 69277.0703 52391.5312
   vertex 78798.1641 69078.8203 52350.9258
  endloop
 endfacet
facet normal -0.952435791 0.303984076 -0.0214416217
  outer loop
   vertex 78413.8516 68894.7578 54398.1016
   vertex 78402.2969 68837.875 54104.7148
   vertex 78355.4062 68706.6562 54327.332
  endloop
 endfacet
facet normal -0.970211625 0.24165678 0.017069174
  outer loop
   vertex 78338.1562 68593.3672 53920.1133
   vertex 78338.8828 68579.5391 54157.293
   vertex 78402.2969 68837.875 54104.7148
  endloop
 endfacet
facet normal -0.971915543 0.223780289 -0.0728184134
  outer loop
   vertex 78355.4062 68706.6562 54327.332
   vertex 78402.2969 68837.875 54104.7148
   vertex 78338.8828 68579.5391 54157.293
  endloop
 endfacet
facet normal -0.975439489 0.213035643 -0.0559783839
  outer loop
   vertex 78363.1641 68857.2578 54738.3555
   vertex 78321.4062 68654.6016 54694.6836
   vertex 78336.625 68780 54906.8047
  endloop
 endfacet
facet normal -0.983313143 -0.0459781252 -0.176015139
  outer loop
   vertex 78363.1641 68857.2578 54738.3555
   vertex 78336.625 68780 54906.8047
   vertex 78344.1016 68869.7188 54841.6016
  endloop
 endfacet
facet normal -0.975313604 0.213279411 -0.0572299324
  outer loop
   vertex 78363.1641 68857.2578 54738.3555
   vertex 78352.6562 68753.8359 54531.9492
   vertex 78321.4062 68654.6016 54694.6836
  endloop
 endfacet
facet normal -0.99246347 0.122534595 -0.00125481177
  outer loop
   vertex 78321.4062 68654.6016 54694.6836
   vertex 78313.1953 68589.5234 54834.6016
   vertex 78336.625 68780 54906.8047
  endloop
 endfacet
facet normal -0.995539188 -0.0484464392 -0.0809612349
  outer loop
   vertex 78313.1953 68589.5234 54834.6016
   vertex 78321.4062 68654.6016 54694.6836
   vertex 78328.3359 68492.875 54706.3164
  endloop
 endfacet
facet normal -0.932800949 -0.283362776 0.222683519
  outer loop
   vertex 78361.5156 68575.2656 55018.8555
   vertex 78313.1953 68589.5234 54834.6016
   vertex 78353.4062 68461.9141 54840.6523
  endloop
 endfacet
facet normal -0.71019423 -0.578935444 0.400572002
  outer loop
   vertex 78488.1797 68354.4922 54924.3438
   vertex 78361.5156 68575.2656 55018.8555
   vertex 78353.4062 68461.9141 54840.6523
  endloop
 endfacet
facet normal -0.930762827 -0.127146855 -0.342803478
  outer loop
   vertex 78396.8984 68586.8281 53620.5469
   vertex 78368.7031 68744.7734 53638.5078
   vertex 78426.7578 68721.25 53489.6094
  endloop
 endfacet
facet normal -0.933059514 -0.0726567954 -0.352308035
  outer loop
   vertex 78395.9922 68823.8672 53549.9219
   vertex 78426.7578 68721.25 53489.6094
   vertex 78368.7031 68744.7734 53638.5078
  endloop
 endfacet
facet normal -0.978620589 0.0418302715 -0.201375112
  outer loop
   vertex 78560.6406 68998.6875 53212.1172
   vertex 78615.5781 69006.5078 52946.7773
   vertex 78583.25 68762.9922 53053.2773
  endloop
 endfacet
facet normal -0.983925045 0.17807813 0.0134028615
  outer loop
   vertex 78338.1562 68593.3672 53920.1133
   vertex 78323.0781 68501.2109 54037.7109
   vertex 78338.8828 68579.5391 54157.293
  endloop
 endfacet
facet normal -0.986859202 0.0666108727 -0.147213757
  outer loop
   vertex 78619.6328 68813.75 52832.3672
   vertex 78583.25 68762.9922 53053.2773
   vertex 78615.5781 69006.5078 52946.7773
  endloop
 endfacet
facet normal -0.9785344 0.190976292 -0.0774501711
  outer loop
   vertex 78362.4609 68785.7969 53818.5664
   vertex 78368.7031 68744.7734 53638.5078
   vertex 78340.9453 68644.5312 53742.0664
  endloop
 endfacet
facet normal -0.990334451 -0.128407389 -0.0524326302
  outer loop
   vertex 78338.1562 68593.3672 53920.1133
   vertex 78340.9453 68644.5312 53742.0664
   vertex 78353.7578 68541.6406 53752.0742
  endloop
 endfacet
facet normal -0.990171313 0.137774855 0.0240605958
  outer loop
   vertex 78362.4609 68785.7969 53818.5664
   vertex 78340.9453 68644.5312 53742.0664
   vertex 78338.1562 68593.3672 53920.1133
  endloop
 endfacet
facet normal -0.933020353 -0.23185128 0.275168955
  outer loop
   vertex 78323.0781 68501.2109 54037.7109
   vertex 78370.7969 68406.9453 54120.0938
   vertex 78338.8828 68579.5391 54157.293
  endloop
 endfacet
facet normal -0.909020185 -0.182339355 -0.374746084
  outer loop
   vertex 78338.1562 68593.3672 53920.1133
   vertex 78410.8203 68438.8359 53819.0352
   vertex 78346.8125 68451.625 53968.0742
  endloop
 endfacet
facet normal -0.888360023 -0.455503106 0.0577359758
  outer loop
   vertex 78338.1562 68593.3672 53920.1133
   vertex 78353.7578 68541.6406 53752.0742
   vertex 78410.8203 68438.8359 53819.0352
  endloop
 endfacet
facet normal -0.862025321 -0.505766153 0.0333614275
  outer loop
   vertex 78468.8359 68285.7734 54232.6602
   vertex 78487.5234 68262.5938 54364.1875
   vertex 78383.2344 68445.75 54446.0664
  endloop
 endfacet
facet normal -0.879863799 -0.279246956 -0.3845267
  outer loop
   vertex 78396.8984 68586.8281 53620.5469
   vertex 78391.5625 68495.0938 53699.3711
   vertex 78353.7578 68541.6406 53752.0742
  endloop
 endfacet
facet normal -0.923188865 -0.14939028 -0.3541255
  outer loop
   vertex 78396.8984 68586.8281 53620.5469
   vertex 78353.7578 68541.6406 53752.0742
   vertex 78340.9453 68644.5312 53742.0664
  endloop
 endfacet
facet normal -0.832765102 -0.540452123 -0.120057642
  outer loop
   vertex 78391.5625 68495.0938 53699.3711
   vertex 78410.8203 68438.8359 53819.0352
   vertex 78353.7578 68541.6406 53752.0742
  endloop
 endfacet
facet normal -0.693070531 -0.610961437 -0.382595628
  outer loop
   vertex 78571.4297 68206.9297 54486.5156
   vertex 78445.0469 68292 54579.6094
   vertex 78383.2344 68445.75 54446.0664
  endloop
 endfacet
facet normal -0.728905261 -0.68449527 0.0127787488
  outer loop
   vertex 78478.0312 68291.5156 54053.8047
   vertex 78370.7969 68406.9453 54120.0938
   vertex 78405.5547 68367.0859 53967.5859
  endloop
 endfacet
facet normal -0.820733488 -0.570042074 -0.0380598381
  outer loop
   vertex 78346.8125 68451.625 53968.0742
   vertex 78405.5547 68367.0859 53967.5859
   vertex 78370.7969 68406.9453 54120.0938
  endloop
 endfacet
facet normal -0.895922899 -0.444077671 0.0108260252
  outer loop
   vertex 78346.8125 68451.625 53968.0742
   vertex 78370.7969 68406.9453 54120.0938
   vertex 78323.0781 68501.2109 54037.7109
  endloop
 endfacet
facet normal -0.748184443 -0.660802782 -0.0596628301
  outer loop
   vertex 78370.7969 68406.9453 54120.0938
   vertex 78478.0312 68291.5156 54053.8047
   vertex 78468.8359 68285.7734 54232.6602
  endloop
 endfacet
facet normal -0.786468446 -0.544770956 -0.291018873
  outer loop
   vertex 78410.8203 68438.8359 53819.0352
   vertex 78405.5547 68367.0859 53967.5859
   vertex 78346.8125 68451.625 53968.0742
  endloop
 endfacet
facet normal 0.0459226891 -0.950648308 0.306853265
  outer loop
   vertex 78612.7266 68369.1562 55081.4453
   vertex 78796.0234 68352.1016 55001.1875
   vertex 78712.0703 68444.3984 55299.6992
  endloop
 endfacet
facet normal -0.881835759 -0.468137324 0.0566847809
  outer loop
   vertex 78403.9453 68350.75 54708.8711
   vertex 78353.4062 68461.9141 54840.6523
   vertex 78328.3359 68492.875 54706.3164
  endloop
 endfacet
facet normal -0.596048415 -0.799052775 -0.0789999142
  outer loop
   vertex 78571.4297 68206.9297 54486.5156
   vertex 78507.5078 68236.3203 54671.5273
   vertex 78445.0469 68292 54579.6094
  endloop
 endfacet
facet normal -0.994781673 -0.101530857 0.0100444388
  outer loop
   vertex 78352.6562 68753.8359 54531.9492
   vertex 78355.4062 68706.6562 54327.332
   vertex 78383.2344 68445.75 54446.0664
  endloop
 endfacet
facet normal -0.777160466 -0.565739274 0.275609732
  outer loop
   vertex 78487.5234 68262.5938 54364.1875
   vertex 78571.4297 68206.9297 54486.5156
   vertex 78383.2344 68445.75 54446.0664
  endloop
 endfacet
facet normal -0.69937396 -0.6555776 0.284770191
  outer loop
   vertex 78403.9453 68350.75 54708.8711
   vertex 78488.1797 68354.4922 54924.3438
   vertex 78353.4062 68461.9141 54840.6523
  endloop
 endfacet
facet normal -0.823767245 -0.460967988 0.330024242
  outer loop
   vertex 78403.9453 68350.75 54708.8711
   vertex 78474.7578 68274.125 54778.5938
   vertex 78488.1797 68354.4922 54924.3438
  endloop
 endfacet
facet normal -0.976774037 -0.0381686836 -0.210844979
  outer loop
   vertex 78321.4062 68654.6016 54694.6836
   vertex 78352.6562 68753.8359 54531.9492
   vertex 78383.2344 68445.75 54446.0664
  endloop
 endfacet
facet normal -0.978927076 -0.0560353138 -0.19637154
  outer loop
   vertex 78328.3359 68492.875 54706.3164
   vertex 78321.4062 68654.6016 54694.6836
   vertex 78383.2344 68445.75 54446.0664
  endloop
 endfacet
facet normal -0.739537239 -0.673018992 0.0114072151
  outer loop
   vertex 78474.7578 68274.125 54778.5938
   vertex 78403.9453 68350.75 54708.8711
   vertex 78507.5078 68236.3203 54671.5273
  endloop
 endfacet
facet normal -0.877635062 -0.468725145 -0.100266673
  outer loop
   vertex 78328.3359 68492.875 54706.3164
   vertex 78383.2344 68445.75 54446.0664
   vertex 78403.9453 68350.75 54708.8711
  endloop
 endfacet
facet normal -0.895920277 -0.435638726 -0.0868662894
  outer loop
   vertex 78445.0469 68292 54579.6094
   vertex 78403.9453 68350.75 54708.8711
   vertex 78383.2344 68445.75 54446.0664
  endloop
 endfacet
facet normal -0.726024151 -0.683045983 0.0796056986
  outer loop
   vertex 78507.5078 68236.3203 54671.5273
   vertex 78403.9453 68350.75 54708.8711
   vertex 78445.0469 68292 54579.6094
  endloop
 endfacet
facet normal -0.970535636 -0.229521632 -0.0733513907
  outer loop
   vertex 78327.6016 68781.7656 55367.5586
   vertex 78343.8438 68778.1328 55163.9727
   vertex 78369.3438 68633.3438 55279.7109
  endloop
 endfacet
facet normal -0.990088105 -0.127837151 0.0581651181
  outer loop
   vertex 78343.8438 68778.1328 55163.9727
   vertex 78361.5156 68575.2656 55018.8555
   vertex 78369.3438 68633.3438 55279.7109
  endloop
 endfacet
facet normal -0.993997276 -0.105984636 0.0271416679
  outer loop
   vertex 78336.625 68780 54906.8047
   vertex 78361.5156 68575.2656 55018.8555
   vertex 78343.8438 68778.1328 55163.9727
  endloop
 endfacet
facet normal -0.676920235 -0.730692506 0.0886986703
  outer loop
   vertex 78343.8359 68686.6641 55524.3516
   vertex 78369.3438 68633.3438 55279.7109
   vertex 78486.6797 68543.25 55433.0664
  endloop
 endfacet
facet normal -0.960748315 -0.134788707 -0.242476061
  outer loop
   vertex 78343.8359 68686.6641 55524.3516
   vertex 78264.9375 68750.4141 55801.5312
   vertex 78313.4297 68861.1875 55547.8281
  endloop
 endfacet
facet normal -0.982729375 0.13113077 -0.130566627
  outer loop
   vertex 78313.4297 68861.1875 55547.8281
   vertex 78264.9375 68750.4141 55801.5312
   vertex 78301.3281 68957.5391 55735.668
  endloop
 endfacet
facet normal -0.526769936 -0.713492632 -0.461997509
  outer loop
   vertex 77952.1328 68462.4219 56368.4141
   vertex 77989.2891 68477.5156 56302.7539
   vertex 78025.1719 68399.125 56382.8984
  endloop
 endfacet
facet normal -0.446827263 -0.648453891 -0.6163221
  outer loop
   vertex 78025.1719 68399.125 56382.8984
   vertex 78099.2656 68500.6953 56222.3125
   vertex 78121.8828 68412.9844 56298.1953
  endloop
 endfacet
facet normal -0.283543676 -0.745935202 -0.602647185
  outer loop
   vertex 78025.1719 68399.125 56382.8984
   vertex 77989.2891 68477.5156 56302.7539
   vertex 78099.2656 68500.6953 56222.3125
  endloop
 endfacet
facet normal -0.237571791 -0.862572134 -0.446686655
  outer loop
   vertex 78080.625 68304.2344 56536.6367
   vertex 78025.1719 68399.125 56382.8984
   vertex 78144.6875 68368.0703 56379.3047
  endloop
 endfacet
facet normal 0.188332334 -0.934384465 -0.302417904
  outer loop
   vertex 78269.0781 68363.4922 56470.9102
   vertex 78080.625 68304.2344 56536.6367
   vertex 78144.6875 68368.0703 56379.3047
  endloop
 endfacet
facet normal 0.17044127 -0.92343086 -0.34383896
  outer loop
   vertex 78190.1953 68286.8281 56637.7031
   vertex 78080.625 68304.2344 56536.6367
   vertex 78269.0781 68363.4922 56470.9102
  endloop
 endfacet
facet normal -0.240249187 -0.876226306 -0.417741328
  outer loop
   vertex 78025.1719 68399.125 56382.8984
   vertex 78121.8828 68412.9844 56298.1953
   vertex 78144.6875 68368.0703 56379.3047
  endloop
 endfacet
facet normal -0.999256372 0.00141822267 -0.0385324173
  outer loop
   vertex 77952.1328 68462.4219 56368.4141
   vertex 77952.0312 68546.0625 56374.2695
   vertex 77954.1172 68506.0078 56318.5859
  endloop
 endfacet
facet normal -0.669240117 -0.545897305 -0.504096985
  outer loop
   vertex 77989.2891 68477.5156 56302.7539
   vertex 77952.1328 68462.4219 56368.4141
   vertex 77954.1172 68506.0078 56318.5859
  endloop
 endfacet
facet normal -0.842785418 0.421453714 -0.33479768
  outer loop
   vertex 77952.0312 68546.0625 56374.2695
   vertex 78007.2656 68572.1953 56268.125
   vertex 77954.1172 68506.0078 56318.5859
  endloop
 endfacet
facet normal -0.870872796 0.317816347 -0.374931067
  outer loop
   vertex 77952.0312 68546.0625 56374.2695
   vertex 78041.25 68744.1484 56334.9375
   vertex 78007.2656 68572.1953 56268.125
  endloop
 endfacet
facet normal -0.532233655 -0.199827194 -0.822676361
  outer loop
   vertex 77989.2891 68477.5156 56302.7539
   vertex 77954.1172 68506.0078 56318.5859
   vertex 78007.2656 68572.1953 56268.125
  endloop
 endfacet
facet normal -0.552787364 -0.191648543 -0.810985208
  outer loop
   vertex 78099.2656 68500.6953 56222.3125
   vertex 77989.2891 68477.5156 56302.7539
   vertex 78007.2656 68572.1953 56268.125
  endloop
 endfacet
facet normal -0.90791297 0.15896149 -0.387847006
  outer loop
   vertex 78213.7031 68908.5 55986.2695
   vertex 78264.9375 68750.4141 55801.5312
   vertex 78125.3438 68694.9922 56105.5898
  endloop
 endfacet
facet normal -0.945853829 0.0650512055 -0.318007618
  outer loop
   vertex 78301.3281 68957.5391 55735.668
   vertex 78264.9375 68750.4141 55801.5312
   vertex 78213.7031 68908.5 55986.2695
  endloop
 endfacet
facet normal -0.736508489 -0.655241847 0.167968407
  outer loop
   vertex 78361.5156 68575.2656 55018.8555
   vertex 78488.5156 68472.5391 55174.9648
   vertex 78369.3438 68633.3438 55279.7109
  endloop
 endfacet
facet normal -0.782505989 -0.562885404 0.26616624
  outer loop
   vertex 78488.1797 68354.4922 54924.3438
   vertex 78488.5156 68472.5391 55174.9648
   vertex 78361.5156 68575.2656 55018.8555
  endloop
 endfacet
facet normal 0.226987496 -0.907453775 -0.353559583
  outer loop
   vertex 78144.6875 68368.0703 56379.3047
   vertex 78264.0625 68452.2812 56239.8008
   vertex 78269.0781 68363.4922 56470.9102
  endloop
 endfacet
facet normal -0.169405863 -0.866792738 -0.469011694
  outer loop
   vertex 78264.9062 68575.2656 56012.207
   vertex 78487.9688 68536.75 56002.8086
   vertex 78264.0625 68452.2812 56239.8008
  endloop
 endfacet
facet normal -0.203523785 -0.861041605 -0.466031551
  outer loop
   vertex 78099.2656 68500.6953 56222.3125
   vertex 78264.9062 68575.2656 56012.207
   vertex 78264.0625 68452.2812 56239.8008
  endloop
 endfacet
facet normal -0.725067794 -0.529520571 -0.440323383
  outer loop
   vertex 78264.9062 68575.2656 56012.207
   vertex 78264.9375 68750.4141 55801.5312
   vertex 78429.5547 68581.6484 55733.4102
  endloop
 endfacet
facet normal -0.723219275 -0.688842714 -0.0494936481
  outer loop
   vertex 78429.5547 68581.6484 55733.4102
   vertex 78343.8359 68686.6641 55524.3516
   vertex 78486.6797 68543.25 55433.0664
  endloop
 endfacet
facet normal -0.72466892 -0.687410831 -0.0481799431
  outer loop
   vertex 78264.9375 68750.4141 55801.5312
   vertex 78343.8359 68686.6641 55524.3516
   vertex 78429.5547 68581.6484 55733.4102
  endloop
 endfacet
facet normal 0.0381187685 -0.869581819 -0.492315352
  outer loop
   vertex 78264.0625 68452.2812 56239.8008
   vertex 78144.6875 68368.0703 56379.3047
   vertex 78121.8828 68412.9844 56298.1953
  endloop
 endfacet
facet normal -0.733127654 -0.657226801 0.174862131
  outer loop
   vertex 78369.3438 68633.3438 55279.7109
   vertex 78488.5156 68472.5391 55174.9648
   vertex 78486.6797 68543.25 55433.0664
  endloop
 endfacet
facet normal -0.29445079 -0.935415089 0.195697024
  outer loop
   vertex 78486.6797 68543.25 55433.0664
   vertex 78712.0703 68444.3984 55299.6992
   vertex 78665.0078 68519.0234 55585.582
  endloop
 endfacet
facet normal -0.250143617 -0.968138218 0.0116841448
  outer loop
   vertex 78578.6797 68543.7969 55790.1602
   vertex 78429.5547 68581.6484 55733.4102
   vertex 78665.0078 68519.0234 55585.582
  endloop
 endfacet
facet normal -0.205584705 -0.974895656 0.0855181739
  outer loop
   vertex 78429.5547 68581.6484 55733.4102
   vertex 78486.6797 68543.25 55433.0664
   vertex 78665.0078 68519.0234 55585.582
  endloop
 endfacet
facet normal 0.269650489 -0.962496042 0.0298329312
  outer loop
   vertex 78487.9688 68536.75 56002.8086
   vertex 78743.2656 68603.2578 55840.9688
   vertex 78646.0312 68583.6719 56087.9062
  endloop
 endfacet
facet normal 0.339277595 -0.795067728 0.502750516
  outer loop
   vertex 78833.5781 68534.6094 55496.4727
   vertex 78665.0078 68519.0234 55585.582
   vertex 78749.0938 68459.1562 55434.1562
  endloop
 endfacet
facet normal 0.749705493 -0.661323309 0.0243540872
  outer loop
   vertex 78545.6094 68578.1484 56593.4844
   vertex 78401.0703 68414.0234 56586.0117
   vertex 78500.1719 68516.8516 56327.5664
  endloop
 endfacet
facet normal 0.661484241 -0.747609496 0.0593181066
  outer loop
   vertex 78545.6094 68578.1484 56593.4844
   vertex 78500.1719 68516.8516 56327.5664
   vertex 78622.7578 68632.0625 56412.6289
  endloop
 endfacet
facet normal -0.359459758 -0.802776515 0.475750536
  outer loop
   vertex 78474.7578 68274.125 54778.5938
   vertex 78577.7656 68237.6797 54794.9258
   vertex 78488.1797 68354.4922 54924.3438
  endloop
 endfacet
facet normal -0.538977802 -0.827639222 -0.156576842
  outer loop
   vertex 78599.7812 68187.9609 54298.9766
   vertex 78468.8359 68285.7734 54232.6602
   vertex 78596.7266 68221.5391 54131.9922
  endloop
 endfacet
facet normal -0.00117586239 -0.971938014 -0.235234171
  outer loop
   vertex 78742.2812 68242.6641 54043.9648
   vertex 78596.7266 68221.5391 54131.9922
   vertex 78599.7422 68254.2969 53996.6094
  endloop
 endfacet
facet normal -0.588754058 -0.808279991 -0.00722239306
  outer loop
   vertex 78656.1016 68146.1953 54381.3047
   vertex 78571.4297 68206.9297 54486.5156
   vertex 78599.7812 68187.9609 54298.9766
  endloop
 endfacet
facet normal -0.553445518 -0.832885146 0.000604340108
  outer loop
   vertex 78571.4297 68206.9297 54486.5156
   vertex 78487.5234 68262.5938 54364.1875
   vertex 78599.7812 68187.9609 54298.9766
  endloop
 endfacet
facet normal -0.577169299 -0.814305544 -0.061498668
  outer loop
   vertex 78468.8359 68285.7734 54232.6602
   vertex 78599.7812 68187.9609 54298.9766
   vertex 78487.5234 68262.5938 54364.1875
  endloop
 endfacet
facet normal -0.529361784 -0.756444693 -0.38414523
  outer loop
   vertex 78405.5547 68367.0859 53967.5859
   vertex 78410.8203 68438.8359 53819.0352
   vertex 78518.3906 68319.9844 53904.8398
  endloop
 endfacet
facet normal -0.432143748 -0.836383939 -0.337214679
  outer loop
   vertex 78410.8203 68438.8359 53819.0352
   vertex 78487.3438 68470.0312 53643.5938
   vertex 78585.125 68375.8906 53751.7969
  endloop
 endfacet
facet normal -0.38024357 -0.89696753 -0.225530654
  outer loop
   vertex 78599.7422 68254.2969 53996.6094
   vertex 78596.7266 68221.5391 54131.9922
   vertex 78478.0312 68291.5156 54053.8047
  endloop
 endfacet
facet normal -0.481114894 -0.875065804 -0.0528040417
  outer loop
   vertex 78468.8359 68285.7734 54232.6602
   vertex 78478.0312 68291.5156 54053.8047
   vertex 78596.7266 68221.5391 54131.9922
  endloop
 endfacet
facet normal -0.414784938 -0.847348809 -0.331592351
  outer loop
   vertex 78410.8203 68438.8359 53819.0352
   vertex 78391.5625 68495.0938 53699.3711
   vertex 78487.3438 68470.0312 53643.5938
  endloop
 endfacet
facet normal -0.724788904 -0.391325444 -0.567049801
  outer loop
   vertex 78396.8984 68586.8281 53620.5469
   vertex 78426.7578 68721.25 53489.6094
   vertex 78546.3203 68568.4922 53442.207
  endloop
 endfacet
facet normal -0.396951973 -0.875697434 -0.274923861
  outer loop
   vertex 78599.7422 68254.2969 53996.6094
   vertex 78478.0312 68291.5156 54053.8047
   vertex 78518.3906 68319.9844 53904.8398
  endloop
 endfacet
facet normal -0.773510456 -0.475335956 -0.419210374
  outer loop
   vertex 78426.7578 68721.25 53489.6094
   vertex 78515.3516 68747.6406 53296.2227
   vertex 78546.3203 68568.4922 53442.207
  endloop
 endfacet
facet normal -0.455061316 -0.753935516 -0.473814785
  outer loop
   vertex 78518.3906 68319.9844 53904.8398
   vertex 78410.8203 68438.8359 53819.0352
   vertex 78585.125 68375.8906 53751.7969
  endloop
 endfacet
facet normal -0.854239047 -0.409098983 -0.320801556
  outer loop
   vertex 78546.3203 68568.4922 53442.207
   vertex 78515.3516 68747.6406 53296.2227
   vertex 78629.3281 68595.5156 53186.6992
  endloop
 endfacet
facet normal -0.141426533 -0.860036731 -0.490240067
  outer loop
   vertex 78518.3906 68319.9844 53904.8398
   vertex 78704.3516 68303.0938 53880.832
   vertex 78599.7422 68254.2969 53996.6094
  endloop
 endfacet
facet normal -0.399412215 -0.833980322 -0.380718708
  outer loop
   vertex 78686.6719 68705.5156 52745.6758
   vertex 78723.6953 68759.6172 52588.332
   vertex 78814.5234 68677.6719 52672.5547
  endloop
 endfacet
facet normal -0.933034599 -0.25948894 -0.249222666
  outer loop
   vertex 78583.25 68762.9922 53053.2773
   vertex 78648.4922 68658.5156 52917.8164
   vertex 78626.5 68621.9766 53038.1875
  endloop
 endfacet
facet normal -0.929837704 -0.29438591 -0.22076869
  outer loop
   vertex 78619.6328 68813.75 52832.3672
   vertex 78648.4922 68658.5156 52917.8164
   vertex 78583.25 68762.9922 53053.2773
  endloop
 endfacet
facet normal -0.956509054 -0.289784998 -0.0333934128
  outer loop
   vertex 78583.25 68762.9922 53053.2773
   vertex 78626.5 68621.9766 53038.1875
   vertex 78629.3281 68595.5156 53186.6992
  endloop
 endfacet
facet normal -0.933818221 0.222358912 -0.280250013
  outer loop
   vertex 78696.0234 68958.9766 52540.8125
   vertex 78652.0938 69001.8828 52721.2344
   vertex 78742.1328 69191.25 52571.4727
  endloop
 endfacet
facet normal -0.978748441 0.0516648367 -0.198449686
  outer loop
   vertex 78652.0938 69001.8828 52721.2344
   vertex 78656.5312 68832.2578 52655.207
   vertex 78619.6328 68813.75 52832.3672
  endloop
 endfacet
facet normal -0.96489501 0.0729841292 -0.252291292
  outer loop
   vertex 78656.5312 68832.2578 52655.207
   vertex 78652.0938 69001.8828 52721.2344
   vertex 78696.0234 68958.9766 52540.8125
  endloop
 endfacet
facet normal -0.922017097 0.346986204 -0.17171219
  outer loop
   vertex 78788.75 69364.4609 52671.1641
   vertex 78742.1328 69191.25 52571.4727
   vertex 78717.0859 69245.7188 52816.0234
  endloop
 endfacet
facet normal -0.908308625 0.379067332 -0.176871076
  outer loop
   vertex 78560.6406 68998.6875 53212.1172
   vertex 78689.6406 69246.8438 53081.5078
   vertex 78615.5781 69006.5078 52946.7773
  endloop
 endfacet
facet normal -0.823593616 0.560386837 -0.0875221938
  outer loop
   vertex 78822.0078 69421.4766 52954.0156
   vertex 78717.0859 69245.7188 52816.0234
   vertex 78689.6406 69246.8438 53081.5078
  endloop
 endfacet
facet normal -0.937086046 0.311235666 -0.158120573
  outer loop
   vertex 78615.5781 69006.5078 52946.7773
   vertex 78717.0859 69245.7188 52816.0234
   vertex 78652.0938 69001.8828 52721.2344
  endloop
 endfacet
facet normal -0.934251904 0.342871457 -0.098043859
  outer loop
   vertex 78615.5781 69006.5078 52946.7773
   vertex 78689.6406 69246.8438 53081.5078
   vertex 78717.0859 69245.7188 52816.0234
  endloop
 endfacet
facet normal -0.792812407 0.60935694 0.0115139056
  outer loop
   vertex 78822.0078 69421.4766 52954.0156
   vertex 78689.6406 69246.8438 53081.5078
   vertex 78829.9375 69428.6953 53117.8516
  endloop
 endfacet
facet normal -0.90816474 0.38215825 -0.170856163
  outer loop
   vertex 78560.6406 68998.6875 53212.1172
   vertex 78638.75 69214.5859 53279.8516
   vertex 78689.6406 69246.8438 53081.5078
  endloop
 endfacet
facet normal 0.361065984 0.859860241 0.360931695
  outer loop
   vertex 79078.0234 69146.3672 54325.7109
   vertex 78940.5547 69201.4062 54332.0977
   vertex 78899.8203 69134.7422 54531.668
  endloop
 endfacet
facet normal -0.892442465 0.441774547 -0.0915516838
  outer loop
   vertex 78492.875 69057.5703 53561.4609
   vertex 78421.5078 68934.2422 53662.0586
   vertex 78495.1328 69082.4531 53659.5273
  endloop
 endfacet
facet normal -0.847131789 0.531381786 -0.00106383883
  outer loop
   vertex 78421.5078 68934.2422 53662.0586
   vertex 78433.3047 68953.4844 53878.3906
   vertex 78519.7656 69091.1484 53792.6523
  endloop
 endfacet
facet normal -0.886450589 0.44266358 0.135108531
  outer loop
   vertex 78495.1328 69082.4531 53659.5273
   vertex 78421.5078 68934.2422 53662.0586
   vertex 78519.7656 69091.1484 53792.6523
  endloop
 endfacet
facet normal -0.577491164 0.815327585 0.0417718105
  outer loop
   vertex 78941.9141 69492.1875 53241.2773
   vertex 78768.0938 69368.0156 53261.9922
   vertex 78880.9688 69440.0859 53415.8438
  endloop
 endfacet
facet normal -0.76610893 0.641750038 -0.035127975
  outer loop
   vertex 78638.75 69214.5859 53279.8516
   vertex 78705.8359 69303.3281 53438.0586
   vertex 78768.0938 69368.0156 53261.9922
  endloop
 endfacet
facet normal -0.711231649 0.685097456 -0.157451853
  outer loop
   vertex 78495.1328 69082.4531 53659.5273
   vertex 78622.5312 69210.9531 53643.1953
   vertex 78492.875 69057.5703 53561.4609
  endloop
 endfacet
facet normal -0.744483531 0.66438669 -0.0658376738
  outer loop
   vertex 78561.7891 69121.2891 53425.1719
   vertex 78492.875 69057.5703 53561.4609
   vertex 78622.5312 69210.9531 53643.1953
  endloop
 endfacet
facet normal -0.587721169 0.763368428 0.268053234
  outer loop
   vertex 78799.7812 69202.8047 54205.0859
   vertex 78684.0703 69221.2109 53898.9844
   vertex 78555.6875 69075.4688 54032.543
  endloop
 endfacet
facet normal -0.70231545 0.706919849 0.0837696418
  outer loop
   vertex 78622.5312 69210.9531 53643.1953
   vertex 78495.1328 69082.4531 53659.5273
   vertex 78519.7656 69091.1484 53792.6523
  endloop
 endfacet
facet normal -0.345669508 0.899205923 0.268218845
  outer loop
   vertex 78997.1641 69467.8438 53538.4023
   vertex 78842.2344 69386.2188 53612.4023
   vertex 79024.5859 69434.6875 53684.918
  endloop
 endfacet
facet normal -0.427489489 0.900680482 -0.0776362196
  outer loop
   vertex 78348.0391 69069.3125 55870.1523
   vertex 78511.75 69136.4141 55747.1797
   vertex 78397.6016 69077.3516 55690.5352
  endloop
 endfacet
facet normal -0.753109336 0.648933291 -0.108221434
  outer loop
   vertex 78410.3672 68921.6797 54583.7539
   vertex 78499.8125 69014.5781 54518.3672
   vertex 78413.8516 68894.7578 54398.1016
  endloop
 endfacet
facet normal -0.670921206 0.726614594 0.147972748
  outer loop
   vertex 78519.7656 69091.1484 53792.6523
   vertex 78555.6875 69075.4688 54032.543
   vertex 78684.0703 69221.2109 53898.9844
  endloop
 endfacet
facet normal -0.716182053 0.683903396 -0.139137864
  outer loop
   vertex 78363.1641 68857.2578 54738.3555
   vertex 78405.0156 68929.7109 54879.0469
   vertex 78510.9609 69009.7031 54726.9102
  endloop
 endfacet
facet normal -0.742507935 0.6580863 -0.124917552
  outer loop
   vertex 78569.8359 69055.6875 54318.7188
   vertex 78413.8516 68894.7578 54398.1016
   vertex 78499.8125 69014.5781 54518.3672
  endloop
 endfacet
facet normal -0.738673568 0.666579425 -0.10016606
  outer loop
   vertex 78569.8359 69055.6875 54318.7188
   vertex 78402.2969 68837.875 54104.7148
   vertex 78413.8516 68894.7578 54398.1016
  endloop
 endfacet
facet normal 0.935738742 0.122979589 0.330558598
  outer loop
   vertex 78817.3594 68957.2578 56076.3828
   vertex 78733.3125 68995.5938 56300.0586
   vertex 78771.3047 68851.3359 56246.1719
  endloop
 endfacet
facet normal -0.29636839 0.950678647 0.0915198922
  outer loop
   vertex 78513.5156 69144.9297 56255.3711
   vertex 78493.6562 69151.3594 56124.2461
   vertex 78378.4219 69102.2266 56261.4766
  endloop
 endfacet
facet normal -0.331910461 0.941502094 0.0583888181
  outer loop
   vertex 78351.7422 69103.1562 56094.8438
   vertex 78378.4219 69102.2266 56261.4766
   vertex 78493.6562 69151.3594 56124.2461
  endloop
 endfacet
facet normal 0.0568882637 0.89765048 0.437021017
  outer loop
   vertex 79001.7266 69574.625 52708.3398
   vertex 79220.1562 69600.125 52627.5312
   vertex 79062.1406 69611.6406 52624.4453
  endloop
 endfacet
facet normal -0.120060399 0.992702365 -0.0112936664
  outer loop
   vertex 79105.4844 69588.9688 52866.3828
   vertex 79220.1562 69600.125 52627.5312
   vertex 79001.7266 69574.625 52708.3398
  endloop
 endfacet
facet normal -0.25426054 0.959391177 0.122147873
  outer loop
   vertex 79105.4844 69588.9688 52866.3828
   vertex 78989.6328 69535.6875 53043.7188
   vertex 79169.5156 69586.1484 53021.8398
  endloop
 endfacet
facet normal -0.608027399 0.79363668 0.0210604072
  outer loop
   vertex 78882.2109 69484.5 52653.957
   vertex 78844.9688 69452.5781 52781.7031
   vertex 79001.7266 69574.625 52708.3398
  endloop
 endfacet
facet normal -0.559606791 0.828704476 -0.00943863764
  outer loop
   vertex 78829.9375 69428.6953 53117.8516
   vertex 78989.6328 69535.6875 53043.7188
   vertex 78822.0078 69421.4766 52954.0156
  endloop
 endfacet
facet normal -0.311944157 0.946671903 0.0806423351
  outer loop
   vertex 79105.4844 69588.9688 52866.3828
   vertex 78944.0234 69535.0156 52875.2422
   vertex 78989.6328 69535.6875 53043.7188
  endloop
 endfacet
facet normal -0.613647163 0.77257067 0.163008273
  outer loop
   vertex 78822.0078 69421.4766 52954.0156
   vertex 78989.6328 69535.6875 53043.7188
   vertex 78944.0234 69535.0156 52875.2422
  endloop
 endfacet
facet normal -0.308987349 0.943820953 0.117169842
  outer loop
   vertex 78944.0234 69535.0156 52875.2422
   vertex 79105.4844 69588.9688 52866.3828
   vertex 79001.7266 69574.625 52708.3398
  endloop
 endfacet
facet normal -0.849648952 0.527216196 0.0118212672
  outer loop
   vertex 78788.75 69364.4609 52671.1641
   vertex 78717.0859 69245.7188 52816.0234
   vertex 78844.9688 69452.5781 52781.7031
  endloop
 endfacet
facet normal -0.622666717 0.781923056 -0.0297070667
  outer loop
   vertex 79001.7266 69574.625 52708.3398
   vertex 78844.9688 69452.5781 52781.7031
   vertex 78944.0234 69535.0156 52875.2422
  endloop
 endfacet
facet normal -0.664365888 0.745982647 0.0461290404
  outer loop
   vertex 78822.0078 69421.4766 52954.0156
   vertex 78944.0234 69535.0156 52875.2422
   vertex 78844.9688 69452.5781 52781.7031
  endloop
 endfacet
facet normal -0.5682019 0.816290438 -0.104002453
  outer loop
   vertex 79001.7266 69574.625 52708.3398
   vertex 78994.5469 69551.1094 52563.0508
   vertex 78882.2109 69484.5 52653.957
  endloop
 endfacet
facet normal -0.952054024 0.305920392 -0.00242430903
  outer loop
   vertex 79001.7266 69574.625 52708.3398
   vertex 79011.8984 69605.7109 52637.8359
   vertex 78994.5469 69551.1094 52563.0508
  endloop
 endfacet
facet normal -0.40443933 0.522163033 0.750849247
  outer loop
   vertex 78938.7969 69330.8984 52115.3867
   vertex 78928.4844 69258.6406 52160.0859
   vertex 78969.5703 69351.0625 52117.9453
  endloop
 endfacet
facet normal -0.477127105 0.616848886 -0.62597698
  outer loop
   vertex 79148.7422 69336.6953 51981.7109
   vertex 79171.0938 69212.0391 51841.8398
   vertex 79044.8828 69263.7109 51988.9609
  endloop
 endfacet
facet normal -0.514675379 0.680681288 -0.521327376
  outer loop
   vertex 79044.8828 69263.7109 51988.9609
   vertex 79099.0469 69416.625 52135.1406
   vertex 79148.7422 69336.6953 51981.7109
  endloop
 endfacet
facet normal -0.249641329 0.713884771 -0.654253602
  outer loop
   vertex 79044.8828 69263.7109 51988.9609
   vertex 78980.3906 69337.9844 52094.6055
   vertex 79099.0469 69416.625 52135.1406
  endloop
 endfacet
facet normal -0.309668571 0.761035502 -0.570026577
  outer loop
   vertex 78980.3906 69337.9844 52094.6055
   vertex 78969.5703 69351.0625 52117.9453
   vertex 79099.0469 69416.625 52135.1406
  endloop
 endfacet
facet normal -0.410717398 0.700892508 -0.583147466
  outer loop
   vertex 78969.5703 69351.0625 52117.9453
   vertex 78980.3906 69337.9844 52094.6055
   vertex 78938.7969 69330.8984 52115.3867
  endloop
 endfacet
facet normal -0.744717896 0.574279964 -0.339996725
  outer loop
   vertex 78963.4531 69423.4297 52361.8438
   vertex 78928.4844 69258.6406 52160.0859
   vertex 78837.0391 69277.0703 52391.5312
  endloop
 endfacet
facet normal -0.869663596 0.420898288 -0.257933885
  outer loop
   vertex 78837.0391 69277.0703 52391.5312
   vertex 78742.1328 69191.25 52571.4727
   vertex 78851.4062 69394.5391 52534.7578
  endloop
 endfacet
facet normal -0.665389061 0.668361902 -0.332490176
  outer loop
   vertex 78882.2109 69484.5 52653.957
   vertex 78994.5469 69551.1094 52563.0508
   vertex 78851.4062 69394.5391 52534.7578
  endloop
 endfacet
facet normal -0.332523316 -0.461336315 -0.822555184
  outer loop
   vertex 78938.7969 69330.8984 52115.3867
   vertex 78980.3906 69337.9844 52094.6055
   vertex 78928.4844 69258.6406 52160.0859
  endloop
 endfacet
facet normal -0.735943019 0.557842553 -0.38366589
  outer loop
   vertex 78963.4531 69423.4297 52361.8438
   vertex 78837.0391 69277.0703 52391.5312
   vertex 78851.4062 69394.5391 52534.7578
  endloop
 endfacet
facet normal -0.669175148 0.6698699 -0.321681499
  outer loop
   vertex 78994.5469 69551.1094 52563.0508
   vertex 78963.4531 69423.4297 52361.8438
   vertex 78851.4062 69394.5391 52534.7578
  endloop
 endfacet
facet normal -0.825384676 0.0785343796 -0.559081852
  outer loop
   vertex 78928.4844 69258.6406 52160.0859
   vertex 78980.3906 69337.9844 52094.6055
   vertex 79044.8828 69263.7109 51988.9609
  endloop
 endfacet
facet normal -0.793936431 0.359419376 -0.490390301
  outer loop
   vertex 79081.6641 69091.2422 51803
   vertex 78980.6484 69128.5078 51993.8555
   vertex 79044.8828 69263.7109 51988.9609
  endloop
 endfacet
facet normal -0.829708278 -0.315296412 -0.460621715
  outer loop
   vertex 78971.9141 68886.8906 52098.793
   vertex 78893.5625 68937.8047 52205.0781
   vertex 79010.1484 68953.7188 51984.1797
  endloop
 endfacet
facet normal -0.768939734 0.619732916 -0.157044098
  outer loop
   vertex 79171.0938 69212.0391 51841.8398
   vertex 79117.6797 69120.9062 51743.7227
   vertex 79081.6641 69091.2422 51803
  endloop
 endfacet
facet normal -0.506349027 0.580022514 -0.638110161
  outer loop
   vertex 79044.8828 69263.7109 51988.9609
   vertex 79171.0938 69212.0391 51841.8398
   vertex 79081.6641 69091.2422 51803
  endloop
 endfacet
facet normal 0.909941614 -0.240217701 -0.338085294
  outer loop
   vertex 79528.0156 69224.4141 52153.1641
   vertex 79463.1641 69226.2344 51977.3047
   vertex 79520.4141 69309.8125 52072.0156
  endloop
 endfacet
facet normal 0.933257282 0.106384508 -0.343093514
  outer loop
   vertex 79499.0625 69125.2734 52043.6523
   vertex 79463.1641 69226.2344 51977.3047
   vertex 79528.0156 69224.4141 52153.1641
  endloop
 endfacet
facet normal -0.860621512 0.407451242 -0.305473596
  outer loop
   vertex 78851.4062 69394.5391 52534.7578
   vertex 78742.1328 69191.25 52571.4727
   vertex 78788.75 69364.4609 52671.1641
  endloop
 endfacet
facet normal -0.798983932 0.0116442814 -0.601239622
  outer loop
   vertex 78696.0234 68958.9766 52540.8125
   vertex 78771.8281 68862.4062 52438.207
   vertex 78689.1875 68838.0938 52547.5625
  endloop
 endfacet
facet normal -0.173924536 0.810850143 -0.558813334
  outer loop
   vertex 79081.6641 69091.2422 51803
   vertex 79133.1016 69043.5547 51717.8008
   vertex 79105.0469 69040.1328 51721.5625
  endloop
 endfacet
facet normal 0.129952326 0.0239128768 0.991231859
  outer loop
   vertex 79119.9297 69066.9141 51718.9648
   vertex 79105.0469 69040.1328 51721.5625
   vertex 79133.1016 69043.5547 51717.8008
  endloop
 endfacet
facet normal -0.848409355 -0.465773255 -0.25150916
  outer loop
   vertex 79119.9297 69066.9141 51718.9648
   vertex 79133.1016 69043.5547 51717.8008
   vertex 79081.6641 69091.2422 51803
  endloop
 endfacet
facet normal -0.852380693 -0.235587835 -0.466846347
  outer loop
   vertex 78916.1719 69069.3281 52097.4297
   vertex 79010.1484 68953.7188 51984.1797
   vertex 78893.5625 68937.8047 52205.0781
  endloop
 endfacet
facet normal -0.878977895 0.200398326 -0.432710528
  outer loop
   vertex 78916.1719 69069.3281 52097.4297
   vertex 78928.4844 69258.6406 52160.0859
   vertex 78980.6484 69128.5078 51993.8555
  endloop
 endfacet
facet normal -0.574274957 -0.807794034 -0.132955253
  outer loop
   vertex 78626.5 68621.9766 53038.1875
   vertex 78713.3047 68561.2578 53032.1484
   vertex 78629.3281 68595.5156 53186.6992
  endloop
 endfacet
facet normal -0.839407444 0.219213754 -0.497333407
  outer loop
   vertex 78862.2969 69083.75 52194.7148
   vertex 78928.4844 69258.6406 52160.0859
   vertex 78916.1719 69069.3281 52097.4297
  endloop
 endfacet
facet normal -0.893124819 0.25150317 -0.372926563
  outer loop
   vertex 78837.0391 69277.0703 52391.5312
   vertex 78928.4844 69258.6406 52160.0859
   vertex 78798.1641 69078.8203 52350.9258
  endloop
 endfacet
facet normal -0.894312322 0.267437845 -0.358723402
  outer loop
   vertex 78862.2969 69083.75 52194.7148
   vertex 78798.1641 69078.8203 52350.9258
   vertex 78928.4844 69258.6406 52160.0859
  endloop
 endfacet
facet normal 0.902544022 -0.21971561 -0.37032336
  outer loop
   vertex 79120.3984 68986.3594 51767.8906
   vertex 79107.0156 69027 51711.1562
   vertex 79119.9297 69066.9141 51718.9648
  endloop
 endfacet
facet normal 0.907873452 -0.410432041 0.085506402
  outer loop
   vertex 79266.7969 68847.7891 53441.2344
   vertex 79346.2188 69002.5312 53340.7695
   vertex 79320.0469 69004.125 53626.2617
  endloop
 endfacet
facet normal -0.84548068 -0.108027242 -0.522965193
  outer loop
   vertex 78696.0234 68958.9766 52540.8125
   vertex 78798.1641 69078.8203 52350.9258
   vertex 78771.8281 68862.4062 52438.207
  endloop
 endfacet
facet normal -0.502207875 -0.692589998 -0.517789841
  outer loop
   vertex 78893.5625 68937.8047 52205.0781
   vertex 79051.5469 68845.8438 52174.8594
   vertex 78901.7031 68808.9141 52369.582
  endloop
 endfacet
facet normal 0.84654355 -0.504789889 0.168970898
  outer loop
   vertex 79465.5781 69134.1875 52917.8555
   vertex 79407.4453 68974.0781 52730.7891
   vertex 79510.2656 69138.6562 52707.2969
  endloop
 endfacet
facet normal 0.654157043 -0.644933462 -0.39514482
  outer loop
   vertex 79276.8906 68928.8828 51945.2539
   vertex 79401.8125 69038.0547 51973.8555
   vertex 79348.0078 68935.1641 52052.7305
  endloop
 endfacet
facet normal 0.895166636 0.388321966 0.218821228
  outer loop
   vertex 79480.3438 69318.5391 52982.9141
   vertex 79393.4141 69474.0781 53062.5117
   vertex 79431.2656 69321.6328 53178.2148
  endloop
 endfacet
facet normal 0.918439448 0.35712117 0.170098349
  outer loop
   vertex 79365.9609 69460.0703 53240.168
   vertex 79431.2656 69321.6328 53178.2148
   vertex 79393.4141 69474.0781 53062.5117
  endloop
 endfacet
facet normal 0.974519491 -0.188374102 0.121765971
  outer loop
   vertex 79555.4141 69315.25 52619.1641
   vertex 79510.2656 69138.6562 52707.2969
   vertex 79529.7891 69138.2031 52550.3867
  endloop
 endfacet
facet normal 0.930835485 -0.320968062 0.174713448
  outer loop
   vertex 79414.5703 69107.6406 53140.8672
   vertex 79465.5781 69134.1875 52917.8555
   vertex 79469.9766 69225 53061.2539
  endloop
 endfacet
facet normal 0.182360411 0.983172357 0.0108061619
  outer loop
   vertex 79169.5156 69586.1484 53021.8398
   vertex 79274.4453 69566.0391 53080.6055
   vertex 79308.1484 69561.9531 52883.6172
  endloop
 endfacet
facet normal 0.135185912 0.990101993 -0.0377209075
  outer loop
   vertex 79105.4844 69588.9688 52866.3828
   vertex 79169.5156 69586.1484 53021.8398
   vertex 79308.1484 69561.9531 52883.6172
  endloop
 endfacet
facet normal 0.893176973 -0.43544504 0.112349935
  outer loop
   vertex 79467.5391 69020 52587.1211
   vertex 79529.7891 69138.2031 52550.3867
   vertex 79510.2656 69138.6562 52707.2969
  endloop
 endfacet
facet normal 0.898498535 -0.142562881 0.415182143
  outer loop
   vertex 79431.2656 69321.6328 53178.2148
   vertex 79414.5703 69107.6406 53140.8672
   vertex 79469.9766 69225 53061.2539
  endloop
 endfacet
facet normal 0.995715082 -0.0888264328 0.0257176608
  outer loop
   vertex 79480.3438 69318.5391 52982.9141
   vertex 79469.9766 69225 53061.2539
   vertex 79465.5781 69134.1875 52917.8555
  endloop
 endfacet
facet normal 0.947186053 -0.171493307 0.270977199
  outer loop
   vertex 79480.3438 69318.5391 52982.9141
   vertex 79465.5781 69134.1875 52917.8555
   vertex 79519.8438 69272.6016 52815.7617
  endloop
 endfacet
facet normal -0.0952431932 0.455801725 -0.884970903
  outer loop
   vertex 79133.1016 69043.5547 51717.8008
   vertex 79216.8359 69082.2422 51728.7109
   vertex 79181.9062 69014.875 51697.7773
  endloop
 endfacet
facet normal 0.0844332948 0.096971266 -0.991699338
  outer loop
   vertex 79119.9297 69066.9141 51718.9648
   vertex 79216.8359 69082.2422 51728.7109
   vertex 79133.1016 69043.5547 51717.8008
  endloop
 endfacet
facet normal 0.800814688 -0.596112549 0.0578417629
  outer loop
   vertex 79456.2109 69032.8828 52175.2891
   vertex 79487.6016 69064.2656 52064.0508
   vertex 79514.1953 69103.5547 52100.8164
  endloop
 endfacet
facet normal 0.710860014 -0.699455082 0.0737607256
  outer loop
   vertex 79467.5391 69020 52587.1211
   vertex 79407.4453 68974.0781 52730.7891
   vertex 79343.7734 68886.9922 52518.582
  endloop
 endfacet
facet normal 0.124232136 -0.958874941 -0.255196512
  outer loop
   vertex 79051.5469 68845.8438 52174.8594
   vertex 79203.1562 68811.8516 52376.3906
   vertex 79029.6797 68742.5625 52552.2773
  endloop
 endfacet
facet normal -0.112964079 -0.956679046 -0.268336117
  outer loop
   vertex 79051.5469 68845.8438 52174.8594
   vertex 79029.6797 68742.5625 52552.2773
   vertex 78901.7031 68808.9141 52369.582
  endloop
 endfacet
facet normal 0.687965691 -0.211577639 -0.694217622
  outer loop
   vertex 79499.0625 69125.2734 52043.6523
   vertex 79401.8125 69038.0547 51973.8555
   vertex 79463.1641 69226.2344 51977.3047
  endloop
 endfacet
facet normal 0.993627012 -0.0671953857 -0.0904995576
  outer loop
   vertex 79550.6328 69221.125 52403.9062
   vertex 79528.0156 69224.4141 52153.1641
   vertex 79552.7891 69357.9062 52325.9805
  endloop
 endfacet
facet normal 0.372851819 0.680849612 -0.630416751
  outer loop
   vertex 79171.0938 69212.0391 51841.8398
   vertex 79216.8359 69082.2422 51728.7109
   vertex 79152.5781 69123.0938 51734.832
  endloop
 endfacet
facet normal -0.249964789 0.394984603 -0.8840276
  outer loop
   vertex 79117.6797 69120.9062 51743.7227
   vertex 79152.5781 69123.0938 51734.832
   vertex 79119.9297 69066.9141 51718.9648
  endloop
 endfacet
facet normal 0.765953839 0.593956649 -0.246028811
  outer loop
   vertex 79216.8359 69082.2422 51728.7109
   vertex 79258.5312 69022.8047 51715.0586
   vertex 79241.7422 69030.7422 51681.9375
  endloop
 endfacet
facet normal 0.000137075418 -0.0449076742 -0.998991132
  outer loop
   vertex 79484.8047 69313.2891 51973.3945
   vertex 79463.1641 69226.2344 51977.3047
   vertex 79431.0391 69342.5078 51972.0742
  endloop
 endfacet
facet normal 0.992059946 -0.0736796111 -0.101923682
  outer loop
   vertex 79550.6328 69221.125 52403.9062
   vertex 79552.7891 69357.9062 52325.9805
   vertex 79569.3672 69370.7422 52478.0898
  endloop
 endfacet
facet normal -0.202393532 0.770041168 -0.605040073
  outer loop
   vertex 79117.6797 69120.9062 51743.7227
   vertex 79171.0938 69212.0391 51841.8398
   vertex 79152.5781 69123.0938 51734.832
  endloop
 endfacet
facet normal 0.966699481 0.000308518182 -0.255914122
  outer loop
   vertex 79499.0625 69125.2734 52043.6523
   vertex 79528.0156 69224.4141 52153.1641
   vertex 79514.1953 69103.5547 52100.8164
  endloop
 endfacet
facet normal -0.592440903 0.365480542 -0.717939913
  outer loop
   vertex 79241.7422 69030.7422 51681.9375
   vertex 79229.8359 69012.4219 51682.4414
   vertex 79216.8359 69082.2422 51728.7109
  endloop
 endfacet
facet normal 0.0596896373 0.239093438 -0.969160199
  outer loop
   vertex 79119.9297 69066.9141 51718.9648
   vertex 79152.5781 69123.0938 51734.832
   vertex 79216.8359 69082.2422 51728.7109
  endloop
 endfacet
facet normal -0.0304695722 0.814267814 -0.579689205
  outer loop
   vertex 79270.4453 69519.1641 52193.9414
   vertex 79391.5078 69566.3672 52253.8789
   vertex 79407.0859 69498.2891 52157.4375
  endloop
 endfacet
facet normal 0.781557083 -0.577770412 0.235265672
  outer loop
   vertex 79550.6328 69221.125 52403.9062
   vertex 79585.1406 69308.7734 52504.5156
   vertex 79555.4141 69315.25 52619.1641
  endloop
 endfacet
facet normal 0.985644877 -0.161631688 0.0487789512
  outer loop
   vertex 79529.7891 69138.2031 52550.3867
   vertex 79550.6328 69221.125 52403.9062
   vertex 79555.4141 69315.25 52619.1641
  endloop
 endfacet
facet normal 0.1226243 0.98688817 0.104952566
  outer loop
   vertex 79220.1562 69600.125 52627.5312
   vertex 79105.4844 69588.9688 52866.3828
   vertex 79308.1484 69561.9531 52883.6172
  endloop
 endfacet
facet normal 0.922227383 0.0728060901 -0.379731387
  outer loop
   vertex 79585.1406 69308.7734 52504.5156
   vertex 79550.6328 69221.125 52403.9062
   vertex 79569.3672 69370.7422 52478.0898
  endloop
 endfacet
facet normal 0.970176935 -0.241917849 -0.0152471056
  outer loop
   vertex 79463.1641 69226.2344 51977.3047
   vertex 79484.8047 69313.2891 51973.3945
   vertex 79493.7734 69346.1016 52023.4219
  endloop
 endfacet
facet normal 0.677690506 0.651386321 -0.341220528
  outer loop
   vertex 79506.0547 69415.6406 52180.5508
   vertex 79493.7734 69346.1016 52023.4219
   vertex 79439.1094 69414.3906 52045.2188
  endloop
 endfacet
facet normal -0.179852277 0.951401412 -0.249977082
  outer loop
   vertex 79270.4453 69519.1641 52193.9414
   vertex 79145.4844 69550.4531 52402.9258
   vertex 79377.6484 69588.8281 52381.957
  endloop
 endfacet
facet normal 0.649530709 0.686134636 -0.327611268
  outer loop
   vertex 79506.0547 69415.6406 52180.5508
   vertex 79439.1094 69414.3906 52045.2188
   vertex 79407.0859 69498.2891 52157.4375
  endloop
 endfacet
facet normal 0.621477008 0.604960799 -0.49778384
  outer loop
   vertex 79458.2266 69562.1172 52298.8555
   vertex 79506.0547 69415.6406 52180.5508
   vertex 79407.0859 69498.2891 52157.4375
  endloop
 endfacet
facet normal 0.909293711 0.397189766 -0.124198273
  outer loop
   vertex 79506.0547 69415.6406 52180.5508
   vertex 79458.2266 69562.1172 52298.8555
   vertex 79496.5391 69512.8047 52421.6484
  endloop
 endfacet
facet normal 0.592695057 0.127950683 -0.795198858
  outer loop
   vertex 79327.2109 69230.1016 51876.6016
   vertex 79431.0391 69342.5078 51972.0742
   vertex 79463.1641 69226.2344 51977.3047
  endloop
 endfacet
facet normal 0.63791132 0.512899935 -0.574458659
  outer loop
   vertex 79439.1094 69414.3906 52045.2188
   vertex 79431.0391 69342.5078 51972.0742
   vertex 79404.7266 69401.0078 51995.082
  endloop
 endfacet
facet normal -0.271144778 0.942645907 -0.194677144
  outer loop
   vertex 79270.4453 69519.1641 52193.9414
   vertex 79377.6484 69588.8281 52381.957
   vertex 79391.5078 69566.3672 52253.8789
  endloop
 endfacet
facet normal -0.409432471 0.48492831 -0.772793353
  outer loop
   vertex 79099.0469 69416.625 52135.1406
   vertex 79215.9766 69478.0625 52111.7422
   vertex 79297.3438 69398.7266 52018.8516
  endloop
 endfacet
facet normal -0.221516743 0.833590269 -0.50602138
  outer loop
   vertex 79148.7422 69336.6953 51981.7109
   vertex 79099.0469 69416.625 52135.1406
   vertex 79297.3438 69398.7266 52018.8516
  endloop
 endfacet
facet normal -0.213414311 0.272932589 -0.938062966
  outer loop
   vertex 79404.7266 69401.0078 51995.082
   vertex 79431.0391 69342.5078 51972.0742
   vertex 79297.3438 69398.7266 52018.8516
  endloop
 endfacet
facet normal 0.488473415 0.594784677 -0.638455093
  outer loop
   vertex 79493.7734 69346.1016 52023.4219
   vertex 79431.0391 69342.5078 51972.0742
   vertex 79439.1094 69414.3906 52045.2188
  endloop
 endfacet
facet normal 0.4089728 0.727693379 -0.550639272
  outer loop
   vertex 79493.7734 69346.1016 52023.4219
   vertex 79484.8047 69313.2891 51973.3945
   vertex 79431.0391 69342.5078 51972.0742
  endloop
 endfacet
facet normal 0.381091356 0.783202708 -0.491287023
  outer loop
   vertex 79458.2266 69562.1172 52298.8555
   vertex 79407.0859 69498.2891 52157.4375
   vertex 79391.5078 69566.3672 52253.8789
  endloop
 endfacet
facet normal -0.136422798 0.728637159 -0.671175599
  outer loop
   vertex 79148.7422 69336.6953 51981.7109
   vertex 79297.3438 69398.7266 52018.8516
   vertex 79171.0938 69212.0391 51841.8398
  endloop
 endfacet
facet normal 0.00403026165 0.645209312 -0.76399523
  outer loop
   vertex 79431.0391 69342.5078 51972.0742
   vertex 79327.2109 69230.1016 51876.6016
   vertex 79297.3438 69398.7266 52018.8516
  endloop
 endfacet
facet normal 0.0763284788 0.87064898 -0.485946834
  outer loop
   vertex 79215.9766 69478.0625 52111.7422
   vertex 79194.2266 69494.5547 52137.8828
   vertex 79270.4453 69519.1641 52193.9414
  endloop
 endfacet
facet normal 0.0922640413 0.651545882 -0.75297761
  outer loop
   vertex 79171.0938 69212.0391 51841.8398
   vertex 79297.3438 69398.7266 52018.8516
   vertex 79327.2109 69230.1016 51876.6016
  endloop
 endfacet
facet normal 0.0861167088 0.671671331 -0.735827088
  outer loop
   vertex 79171.0938 69212.0391 51841.8398
   vertex 79327.2109 69230.1016 51876.6016
   vertex 79216.8359 69082.2422 51728.7109
  endloop
 endfacet
facet normal -0.0679583699 0.974548697 -0.213626966
  outer loop
   vertex 79404.7266 69401.0078 51995.082
   vertex 79297.3438 69398.7266 52018.8516
   vertex 79439.1094 69414.3906 52045.2188
  endloop
 endfacet
facet normal 0.0217899866 0.803690612 -0.594648302
  outer loop
   vertex 79407.0859 69498.2891 52157.4375
   vertex 79439.1094 69414.3906 52045.2188
   vertex 79297.3438 69398.7266 52018.8516
  endloop
 endfacet
facet normal -0.0265592318 0.821699917 -0.569301188
  outer loop
   vertex 79407.0859 69498.2891 52157.4375
   vertex 79297.3438 69398.7266 52018.8516
   vertex 79270.4453 69519.1641 52193.9414
  endloop
 endfacet
facet normal 0.189212546 0.822349191 -0.536600828
  outer loop
   vertex 79215.9766 69478.0625 52111.7422
   vertex 79270.4453 69519.1641 52193.9414
   vertex 79297.3438 69398.7266 52018.8516
  endloop
 endfacet
facet normal 0.644044459 0.712609053 0.278199643
  outer loop
   vertex 79479.4531 69431.8281 52820.3633
   vertex 79440.2891 69532.5625 52652.9883
   vertex 79308.1484 69561.9531 52883.6172
  endloop
 endfacet
facet normal 0.165244967 0.97430855 -0.153026
  outer loop
   vertex 79391.5078 69566.3672 52253.8789
   vertex 79377.6484 69588.8281 52381.957
   vertex 79458.2266 69562.1172 52298.8555
  endloop
 endfacet
facet normal -0.414756417 0.820044279 -0.394340634
  outer loop
   vertex 79103.0156 69603.9219 52558.7852
   vertex 79145.4844 69550.4531 52402.9258
   vertex 78994.5469 69551.1094 52563.0508
  endloop
 endfacet
facet normal -0.450350344 0.783722103 -0.427743226
  outer loop
   vertex 78963.4531 69423.4297 52361.8438
   vertex 78994.5469 69551.1094 52563.0508
   vertex 79145.4844 69550.4531 52402.9258
  endloop
 endfacet
facet normal 0.902428985 0.40980792 -0.132963821
  outer loop
   vertex 79552.7891 69357.9062 52325.9805
   vertex 79496.5391 69512.8047 52421.6484
   vertex 79569.3672 69370.7422 52478.0898
  endloop
 endfacet
facet normal 0.250907928 0.925036907 0.28522265
  outer loop
   vertex 79398.4609 69583.25 52525.4102
   vertex 79220.1562 69600.125 52627.5312
   vertex 79440.2891 69532.5625 52652.9883
  endloop
 endfacet
facet normal 0.904001594 0.407713979 -0.128648669
  outer loop
   vertex 79552.7891 69357.9062 52325.9805
   vertex 79506.0547 69415.6406 52180.5508
   vertex 79496.5391 69512.8047 52421.6484
  endloop
 endfacet
facet normal -0.465734422 0.604759514 -0.646031976
  outer loop
   vertex 79451.6562 69609.5312 52347.9844
   vertex 79458.2266 69562.1172 52298.8555
   vertex 79377.6484 69588.8281 52381.957
  endloop
 endfacet
facet normal 0.950533152 0.236230776 -0.201697052
  outer loop
   vertex 79458.2266 69562.1172 52298.8555
   vertex 79464.0391 69593.5469 52363.0664
   vertex 79496.5391 69512.8047 52421.6484
  endloop
 endfacet
facet normal 0.868519425 0.409584433 -0.2791318
  outer loop
   vertex 79458.2266 69562.1172 52298.8555
   vertex 79451.6562 69609.5312 52347.9844
   vertex 79464.0391 69593.5469 52363.0664
  endloop
 endfacet
facet normal 0.54927361 0.834308624 -0.0471974872
  outer loop
   vertex 79496.5391 69512.8047 52421.6484
   vertex 79377.6484 69588.8281 52381.957
   vertex 79398.4609 69583.25 52525.4102
  endloop
 endfacet
facet normal 0.135790929 0.61703676 0.775129974
  outer loop
   vertex 79464.0391 69593.5469 52363.0664
   vertex 79377.6484 69588.8281 52381.957
   vertex 79496.5391 69512.8047 52421.6484
  endloop
 endfacet
facet normal 0.108973302 0.725494385 0.679545939
  outer loop
   vertex 79451.6562 69609.5312 52347.9844
   vertex 79377.6484 69588.8281 52381.957
   vertex 79464.0391 69593.5469 52363.0664
  endloop
 endfacet
facet normal 0.680031538 0.724862874 0.110140286
  outer loop
   vertex 79440.2891 69532.5625 52652.9883
   vertex 79526.1562 69448.7734 52674.332
   vertex 79539.5469 69451.3203 52574.8281
  endloop
 endfacet
facet normal 0.978024065 0.158257112 0.135733634
  outer loop
   vertex 79539.5469 69451.3203 52574.8281
   vertex 79526.1562 69448.7734 52674.332
   vertex 79555.4141 69315.25 52619.1641
  endloop
 endfacet
facet normal 0.918904901 0.327600747 0.21975328
  outer loop
   vertex 79585.1406 69308.7734 52504.5156
   vertex 79569.3672 69370.7422 52478.0898
   vertex 79555.4141 69315.25 52619.1641
  endloop
 endfacet
facet normal 0.972796977 0.166052818 0.161531895
  outer loop
   vertex 79539.5469 69451.3203 52574.8281
   vertex 79555.4141 69315.25 52619.1641
   vertex 79569.3672 69370.7422 52478.0898
  endloop
 endfacet
facet normal 0.899594367 0.429283112 -0.0802869573
  outer loop
   vertex 79496.5391 69512.8047 52421.6484
   vertex 79539.5469 69451.3203 52574.8281
   vertex 79569.3672 69370.7422 52478.0898
  endloop
 endfacet
facet normal 0.973961413 -0.180609778 0.137037456
  outer loop
   vertex 79519.8438 69272.6016 52815.7617
   vertex 79510.2656 69138.6562 52707.2969
   vertex 79555.4141 69315.25 52619.1641
  endloop
 endfacet
facet normal 0.953390718 -0.22810927 0.197515294
  outer loop
   vertex 79465.5781 69134.1875 52917.8555
   vertex 79510.2656 69138.6562 52707.2969
   vertex 79519.8438 69272.6016 52815.7617
  endloop
 endfacet
facet normal -0.238405868 0.809880614 -0.535962701
  outer loop
   vertex 78994.5469 69551.1094 52563.0508
   vertex 79011.8984 69605.7109 52637.8359
   vertex 79062.1406 69611.6406 52624.4453
  endloop
 endfacet
facet normal -0.419885904 0.833406866 -0.359345049
  outer loop
   vertex 79103.0156 69603.9219 52558.7852
   vertex 78994.5469 69551.1094 52563.0508
   vertex 79062.1406 69611.6406 52624.4453
  endloop
 endfacet
facet normal 0.0738899037 0.99474144 -0.0709206685
  outer loop
   vertex 79103.0156 69603.9219 52558.7852
   vertex 79062.1406 69611.6406 52624.4453
   vertex 79220.1562 69600.125 52627.5312
  endloop
 endfacet
facet normal -0.000407044892 0.915012956 0.403424263
  outer loop
   vertex 79001.7266 69574.625 52708.3398
   vertex 79062.1406 69611.6406 52624.4453
   vertex 79011.8984 69605.7109 52637.8359
  endloop
 endfacet
facet normal 0.190133497 0.943375289 -0.271831334
  outer loop
   vertex 79145.4844 69550.4531 52402.9258
   vertex 79103.0156 69603.9219 52558.7852
   vertex 79220.1562 69600.125 52627.5312
  endloop
 endfacet
facet normal -0.174848363 0.972025871 -0.156823993
  outer loop
   vertex 79377.6484 69588.8281 52381.957
   vertex 79145.4844 69550.4531 52402.9258
   vertex 79220.1562 69600.125 52627.5312
  endloop
 endfacet
facet normal 0.107311495 0.993956506 0.0231235642
  outer loop
   vertex 79398.4609 69583.25 52525.4102
   vertex 79377.6484 69588.8281 52381.957
   vertex 79220.1562 69600.125 52627.5312
  endloop
 endfacet
facet normal 0.184160039 0.93416667 0.305643082
  outer loop
   vertex 78465.0391 69108.9688 56394.4883
   vertex 78615.625 69104.8281 56316.3945
   vertex 78513.5156 69144.9297 56255.3711
  endloop
 endfacet
facet normal 0.112814918 0.979708493 0.165662557
  outer loop
   vertex 78465.0391 69108.9688 56394.4883
   vertex 78554.8047 69082.0938 56492.2617
   vertex 78615.625 69104.8281 56316.3945
  endloop
 endfacet
facet normal 0.616882265 0.718440056 0.321403384
  outer loop
   vertex 79229.0547 69330.4844 53728.7344
   vertex 79167.625 69455.0703 53568.1328
   vertex 79131.9375 69418.6875 53717.9727
  endloop
 endfacet
facet normal 0.383455753 0.794985056 0.470064282
  outer loop
   vertex 79229.0547 69330.4844 53728.7344
   vertex 79272 69391.4531 53590.5859
   vertex 79167.625 69455.0703 53568.1328
  endloop
 endfacet
facet normal 0.622496843 0.777944267 0.0854425207
  outer loop
   vertex 79479.4531 69431.8281 52820.3633
   vertex 79308.1484 69561.9531 52883.6172
   vertex 79393.4141 69474.0781 53062.5117
  endloop
 endfacet
facet normal 0.893872082 0.370090157 0.253033459
  outer loop
   vertex 79393.4141 69474.0781 53062.5117
   vertex 79480.3438 69318.5391 52982.9141
   vertex 79479.4531 69431.8281 52820.3633
  endloop
 endfacet
facet normal 0.9468503 0.0786302686 0.311916381
  outer loop
   vertex 79555.4141 69315.25 52619.1641
   vertex 79526.1562 69448.7734 52674.332
   vertex 79479.4531 69431.8281 52820.3633
  endloop
 endfacet
facet normal 0.632014394 0.720374823 0.28568846
  outer loop
   vertex 79440.2891 69532.5625 52652.9883
   vertex 79479.4531 69431.8281 52820.3633
   vertex 79526.1562 69448.7734 52674.332
  endloop
 endfacet
facet normal 0.946626842 0.233733878 0.22195971
  outer loop
   vertex 79555.4141 69315.25 52619.1641
   vertex 79479.4531 69431.8281 52820.3633
   vertex 79519.8438 69272.6016 52815.7617
  endloop
 endfacet
facet normal 0.95777154 0.23832655 0.160854504
  outer loop
   vertex 79480.3438 69318.5391 52982.9141
   vertex 79519.8438 69272.6016 52815.7617
   vertex 79479.4531 69431.8281 52820.3633
  endloop
 endfacet
facet normal 0.617495537 0.78180337 0.0865027234
  outer loop
   vertex 79393.4141 69474.0781 53062.5117
   vertex 79274.4453 69566.0391 53080.6055
   vertex 79300.3672 69532.8281 53195.7695
  endloop
 endfacet
facet normal 0.985127866 -0.101107515 0.138925523
  outer loop
   vertex 79431.2656 69321.6328 53178.2148
   vertex 79396.2188 69210.8672 53346.1133
   vertex 79414.5703 69107.6406 53140.8672
  endloop
 endfacet
facet normal 0.681887507 0.71337539 0.161632404
  outer loop
   vertex 79393.4141 69474.0781 53062.5117
   vertex 79300.3672 69532.8281 53195.7695
   vertex 79365.9609 69460.0703 53240.168
  endloop
 endfacet
facet normal 0.435908884 0.834279776 0.337580711
  outer loop
   vertex 79272 69391.4531 53590.5859
   vertex 79294.125 69419.5234 53492.6406
   vertex 79167.625 69455.0703 53568.1328
  endloop
 endfacet
facet normal 0.131298035 0.955165923 0.265365601
  outer loop
   vertex 79255.2969 69494.2031 53357.1172
   vertex 79300.3672 69532.8281 53195.7695
   vertex 79147.2422 69553.5938 53196.7812
  endloop
 endfacet
facet normal 0.916265905 0.331755072 0.224489227
  outer loop
   vertex 79431.2656 69321.6328 53178.2148
   vertex 79365.9609 69460.0703 53240.168
   vertex 79363.9609 69379.7422 53367.0195
  endloop
 endfacet
facet normal 0.0357784629 0.976124465 0.214245006
  outer loop
   vertex 79024.5859 69434.6875 53684.918
   vertex 79167.625 69455.0703 53568.1328
   vertex 78997.1641 69467.8438 53538.4023
  endloop
 endfacet
facet normal 0.0668201521 0.965816796 0.250465512
  outer loop
   vertex 79024.5859 69434.6875 53684.918
   vertex 79131.9375 69418.6875 53717.9727
   vertex 79167.625 69455.0703 53568.1328
  endloop
 endfacet
facet normal 0.85619539 0.372496307 0.35801664
  outer loop
   vertex 79294.125 69419.5234 53492.6406
   vertex 79335.5625 69272.4844 53546.5391
   vertex 79363.9609 69379.7422 53367.0195
  endloop
 endfacet
facet normal 0.0257531218 0.963540912 0.266318709
  outer loop
   vertex 79167.625 69455.0703 53568.1328
   vertex 79067.4531 69506.6406 53391.2383
   vertex 78997.1641 69467.8438 53538.4023
  endloop
 endfacet
facet normal 0.882705092 0.359617084 0.302501678
  outer loop
   vertex 79335.5625 69272.4844 53546.5391
   vertex 79294.125 69419.5234 53492.6406
   vertex 79272 69391.4531 53590.5859
  endloop
 endfacet
facet normal 0.860464394 0.310031831 0.404328227
  outer loop
   vertex 79335.5625 69272.4844 53546.5391
   vertex 79272 69391.4531 53590.5859
   vertex 79229.0547 69330.4844 53728.7344
  endloop
 endfacet
facet normal 0.837854385 0.411369413 0.358852625
  outer loop
   vertex 79304.1875 69197.5781 53705.6602
   vertex 79335.5625 69272.4844 53546.5391
   vertex 79229.0547 69330.4844 53728.7344
  endloop
 endfacet
facet normal 0.758860648 0.614150226 0.216679603
  outer loop
   vertex 79085.3672 69043.3281 54592.0234
   vertex 79173.9297 68969.6953 54490.5547
   vertex 79078.0234 69146.3672 54325.7109
  endloop
 endfacet
facet normal 0.965813875 0.0949592441 0.241218314
  outer loop
   vertex 79469.9766 69225 53061.2539
   vertex 79480.3438 69318.5391 52982.9141
   vertex 79431.2656 69321.6328 53178.2148
  endloop
 endfacet
facet normal -0.402836591 0.87346822 0.273451984
  outer loop
   vertex 78782.3984 69324.3281 53776.582
   vertex 78874.3125 69314.6875 53942.7695
   vertex 78918.4531 69386.0078 53779.9883
  endloop
 endfacet
facet normal 0.748445988 0.566585064 0.344688177
  outer loop
   vertex 79210.7812 69056.5 54185.1445
   vertex 79145.5 69223.9375 54051.6836
   vertex 79078.0234 69146.3672 54325.7109
  endloop
 endfacet
facet normal 0.585984051 0.735633075 0.339803874
  outer loop
   vertex 79365.9609 69460.0703 53240.168
   vertex 79300.3672 69532.8281 53195.7695
   vertex 79255.2969 69494.2031 53357.1172
  endloop
 endfacet
facet normal -0.323704988 0.941516578 0.0936036855
  outer loop
   vertex 79067.4531 69506.6406 53391.2383
   vertex 78880.9688 69440.0859 53415.8438
   vertex 78997.1641 69467.8438 53538.4023
  endloop
 endfacet
facet normal -0.250664592 0.956978619 0.146147862
  outer loop
   vertex 78989.6328 69535.6875 53043.7188
   vertex 79147.2422 69553.5938 53196.7812
   vertex 79169.5156 69586.1484 53021.8398
  endloop
 endfacet
facet normal 0.435109079 0.835461855 0.335683793
  outer loop
   vertex 79167.625 69455.0703 53568.1328
   vertex 79294.125 69419.5234 53492.6406
   vertex 79255.2969 69494.2031 53357.1172
  endloop
 endfacet
facet normal 0.11352399 0.954149485 0.276967704
  outer loop
   vertex 79067.4531 69506.6406 53391.2383
   vertex 79255.2969 69494.2031 53357.1172
   vertex 79147.2422 69553.5938 53196.7812
  endloop
 endfacet
facet normal 0.131828606 0.95996356 0.247166231
  outer loop
   vertex 79274.4453 69566.0391 53080.6055
   vertex 79147.2422 69553.5938 53196.7812
   vertex 79300.3672 69532.8281 53195.7695
  endloop
 endfacet
facet normal 0.079820931 0.978111088 0.192164719
  outer loop
   vertex 79274.4453 69566.0391 53080.6055
   vertex 79169.5156 69586.1484 53021.8398
   vertex 79147.2422 69553.5938 53196.7812
  endloop
 endfacet
facet normal 0.640470147 0.64424336 0.418029219
  outer loop
   vertex 79365.9609 69460.0703 53240.168
   vertex 79255.2969 69494.2031 53357.1172
   vertex 79363.9609 69379.7422 53367.0195
  endloop
 endfacet
facet normal 0.706325471 0.685786664 0.175502062
  outer loop
   vertex 79363.9609 69379.7422 53367.0195
   vertex 79255.2969 69494.2031 53357.1172
   vertex 79294.125 69419.5234 53492.6406
  endloop
 endfacet
facet normal -0.394734025 0.902993023 0.169672087
  outer loop
   vertex 78997.1641 69467.8438 53538.4023
   vertex 78880.9688 69440.0859 53415.8438
   vertex 78842.2344 69386.2188 53612.4023
  endloop
 endfacet
facet normal -0.782331467 0.621717632 -0.0377443321
  outer loop
   vertex 78561.7891 69121.2891 53425.1719
   vertex 78622.5312 69210.9531 53643.1953
   vertex 78705.8359 69303.3281 53438.0586
  endloop
 endfacet
facet normal -0.783531845 0.621140957 -0.0161785558
  outer loop
   vertex 78561.7891 69121.2891 53425.1719
   vertex 78705.8359 69303.3281 53438.0586
   vertex 78638.75 69214.5859 53279.8516
  endloop
 endfacet
facet normal -0.782182515 0.618491232 -0.075226739
  outer loop
   vertex 78829.9375 69428.6953 53117.8516
   vertex 78689.6406 69246.8438 53081.5078
   vertex 78768.0938 69368.0156 53261.9922
  endloop
 endfacet
facet normal -0.311217308 0.93493104 0.170433968
  outer loop
   vertex 78880.9688 69440.0859 53415.8438
   vertex 79067.4531 69506.6406 53391.2383
   vertex 78941.9141 69492.1875 53241.2773
  endloop
 endfacet
facet normal -0.537919044 0.841181636 0.0552868061
  outer loop
   vertex 78989.6328 69535.6875 53043.7188
   vertex 78829.9375 69428.6953 53117.8516
   vertex 78941.9141 69492.1875 53241.2773
  endloop
 endfacet
facet normal -0.0336052477 0.918746948 0.393414259
  outer loop
   vertex 78874.3125 69314.6875 53942.7695
   vertex 79070.1406 69353.8594 53868.0234
   vertex 78918.4531 69386.0078 53779.9883
  endloop
 endfacet
facet normal -0.570692778 0.815251648 0.0983590931
  outer loop
   vertex 78829.9375 69428.6953 53117.8516
   vertex 78768.0938 69368.0156 53261.9922
   vertex 78941.9141 69492.1875 53241.2773
  endloop
 endfacet
facet normal -0.253498703 0.955758929 0.149208918
  outer loop
   vertex 79147.2422 69553.5938 53196.7812
   vertex 78989.6328 69535.6875 53043.7188
   vertex 78941.9141 69492.1875 53241.2773
  endloop
 endfacet
facet normal -0.259357274 0.957680643 0.124826141
  outer loop
   vertex 79067.4531 69506.6406 53391.2383
   vertex 79147.2422 69553.5938 53196.7812
   vertex 78941.9141 69492.1875 53241.2773
  endloop
 endfacet
facet normal -0.604806185 0.790392041 0.0974162072
  outer loop
   vertex 78842.2344 69386.2188 53612.4023
   vertex 78880.9688 69440.0859 53415.8438
   vertex 78705.8359 69303.3281 53438.0586
  endloop
 endfacet
facet normal -0.607709706 0.790557802 0.0755466297
  outer loop
   vertex 78768.0938 69368.0156 53261.9922
   vertex 78705.8359 69303.3281 53438.0586
   vertex 78880.9688 69440.0859 53415.8438
  endloop
 endfacet
facet normal -0.611097217 0.784544706 0.105117843
  outer loop
   vertex 78705.8359 69303.3281 53438.0586
   vertex 78622.5312 69210.9531 53643.1953
   vertex 78842.2344 69386.2188 53612.4023
  endloop
 endfacet
facet normal -0.615884602 0.784603775 0.0712954998
  outer loop
   vertex 78622.5312 69210.9531 53643.1953
   vertex 78782.3984 69324.3281 53776.582
   vertex 78842.2344 69386.2188 53612.4023
  endloop
 endfacet
facet normal -0.20489794 0.971985281 -0.115158327
  outer loop
   vertex 78563.1172 69062.25 55239.3438
   vertex 78740.4141 69108.3516 55313.0195
   vertex 78742.6797 69085.375 55115
  endloop
 endfacet
facet normal -0.306098312 0.941592574 0.140382588
  outer loop
   vertex 78842.2344 69386.2188 53612.4023
   vertex 78918.4531 69386.0078 53779.9883
   vertex 79024.5859 69434.6875 53684.918
  endloop
 endfacet
facet normal 0.104751535 0.969125092 0.223212153
  outer loop
   vertex 79255.2969 69494.2031 53357.1172
   vertex 79067.4531 69506.6406 53391.2383
   vertex 79167.625 69455.0703 53568.1328
  endloop
 endfacet
facet normal -0.789342821 0.593536675 0.15700978
  outer loop
   vertex 78433.3047 68953.4844 53878.3906
   vertex 78555.6875 69075.4688 54032.543
   vertex 78519.7656 69091.1484 53792.6523
  endloop
 endfacet
facet normal -0.0470252521 0.909451365 0.413142681
  outer loop
   vertex 79070.1406 69353.8594 53868.0234
   vertex 79024.5859 69434.6875 53684.918
   vertex 78918.4531 69386.0078 53779.9883
  endloop
 endfacet
facet normal -0.409479856 0.892877221 0.187340587
  outer loop
   vertex 78842.2344 69386.2188 53612.4023
   vertex 78782.3984 69324.3281 53776.582
   vertex 78918.4531 69386.0078 53779.9883
  endloop
 endfacet
facet normal -0.640649796 0.757793069 0.123763882
  outer loop
   vertex 78684.0703 69221.2109 53898.9844
   vertex 78782.3984 69324.3281 53776.582
   vertex 78622.5312 69210.9531 53643.1953
  endloop
 endfacet
facet normal -0.505560696 0.861745656 0.042459324
  outer loop
   vertex 78729.5469 69145.0781 54406.1328
   vertex 78569.8359 69055.6875 54318.7188
   vertex 78656.875 69095.0078 54557
  endloop
 endfacet
facet normal -0.294720888 0.926977098 -0.232062697
  outer loop
   vertex 78487.0781 69071.9766 55423.9727
   vertex 78508.6328 69116.4062 55574.0859
   vertex 78636.0781 69123.5234 55440.6445
  endloop
 endfacet
facet normal -0.514514387 0.854956448 0.0657604784
  outer loop
   vertex 78799.7812 69202.8047 54205.0859
   vertex 78569.8359 69055.6875 54318.7188
   vertex 78729.5469 69145.0781 54406.1328
  endloop
 endfacet
facet normal -0.218631208 0.942516804 0.252710164
  outer loop
   vertex 78799.7812 69202.8047 54205.0859
   vertex 78940.5547 69201.4062 54332.0977
   vertex 78959.0781 69228.2422 54248.0352
  endloop
 endfacet
facet normal 0.328169376 0.923147261 0.200259835
  outer loop
   vertex 78805.5469 69135.4219 55651.6562
   vertex 78689.8203 69143.6172 55803.5156
   vertex 78848.6172 69100.4141 55742.4336
  endloop
 endfacet
facet normal -0.55665648 0.78670156 -0.2668975
  outer loop
   vertex 78383.8516 69018.9766 55547.1445
   vertex 78397.6016 69077.3516 55690.5352
   vertex 78508.6328 69116.4062 55574.0859
  endloop
 endfacet
facet normal -0.58066231 0.81380415 0.0235386081
  outer loop
   vertex 78510.9609 69009.7031 54726.9102
   vertex 78405.0156 68929.7109 54879.0469
   vertex 78559.4531 69037.0391 54978.0508
  endloop
 endfacet
facet normal -0.507105947 0.857744992 0.0843625441
  outer loop
   vertex 78569.8359 69055.6875 54318.7188
   vertex 78799.7812 69202.8047 54205.0859
   vertex 78555.6875 69075.4688 54032.543
  endloop
 endfacet
facet normal -0.799826026 0.571805477 0.182529151
  outer loop
   vertex 78433.3047 68953.4844 53878.3906
   vertex 78402.2969 68837.875 54104.7148
   vertex 78555.6875 69075.4688 54032.543
  endloop
 endfacet
facet normal -0.826318979 0.557579041 0.0793887153
  outer loop
   vertex 78569.8359 69055.6875 54318.7188
   vertex 78555.6875 69075.4688 54032.543
   vertex 78402.2969 68837.875 54104.7148
  endloop
 endfacet
facet normal -0.598391414 0.79639411 -0.087659061
  outer loop
   vertex 78416.7891 68935.0547 55082.6094
   vertex 78388.0938 68941.3828 55335.9648
   vertex 78563.1172 69062.25 55239.3438
  endloop
 endfacet
facet normal -0.649302125 0.69707942 -0.304116756
  outer loop
   vertex 78487.0781 69071.9766 55423.9727
   vertex 78563.1172 69062.25 55239.3438
   vertex 78388.0938 68941.3828 55335.9648
  endloop
 endfacet
facet normal -0.459883541 0.887719214 0.0214877743
  outer loop
   vertex 78569.8359 69055.6875 54318.7188
   vertex 78499.8125 69014.5781 54518.3672
   vertex 78656.875 69095.0078 54557
  endloop
 endfacet
facet normal -0.700036824 0.712057233 0.0540644601
  outer loop
   vertex 78499.8125 69014.5781 54518.3672
   vertex 78410.3672 68921.6797 54583.7539
   vertex 78510.9609 69009.7031 54726.9102
  endloop
 endfacet
facet normal -0.150888085 0.959623694 -0.237392455
  outer loop
   vertex 78636.0781 69123.5234 55440.6445
   vertex 78740.4141 69108.3516 55313.0195
   vertex 78563.1172 69062.25 55239.3438
  endloop
 endfacet
facet normal -0.304397851 0.936391234 -0.174680933
  outer loop
   vertex 78487.0781 69071.9766 55423.9727
   vertex 78636.0781 69123.5234 55440.6445
   vertex 78563.1172 69062.25 55239.3438
  endloop
 endfacet
facet normal -0.464175552 0.884574652 0.0454829484
  outer loop
   vertex 78656.875 69095.0078 54557
   vertex 78499.8125 69014.5781 54518.3672
   vertex 78510.9609 69009.7031 54726.9102
  endloop
 endfacet
facet normal -0.672841609 0.68991828 -0.267014831
  outer loop
   vertex 78383.8516 69018.9766 55547.1445
   vertex 78487.0781 69071.9766 55423.9727
   vertex 78388.0938 68941.3828 55335.9648
  endloop
 endfacet
facet normal -0.612457335 0.78762424 -0.0674096718
  outer loop
   vertex 78563.1172 69062.25 55239.3438
   vertex 78559.4531 69037.0391 54978.0508
   vertex 78416.7891 68935.0547 55082.6094
  endloop
 endfacet
facet normal -0.587971032 0.794701338 -0.150797218
  outer loop
   vertex 78487.0781 69071.9766 55423.9727
   vertex 78383.8516 69018.9766 55547.1445
   vertex 78508.6328 69116.4062 55574.0859
  endloop
 endfacet
facet normal 0.818214238 0.0930164829 -0.567338884
  outer loop
   vertex 78956.6328 68828.3203 55730.5469
   vertex 78964.4609 68711.5234 55722.6797
   vertex 78922.7031 68666.3203 55655.0508
  endloop
 endfacet
facet normal 0.926327407 -0.300123394 0.227691561
  outer loop
   vertex 78956.6328 68828.3203 55730.5469
   vertex 78922.7031 68666.3203 55655.0508
   vertex 78991.6484 68789.2031 55536.5469
  endloop
 endfacet
facet normal 0.00109868043 0.979582608 0.201039091
  outer loop
   vertex 78554.8047 69082.0938 56492.2617
   vertex 78430.6953 69068.0547 56561.3555
   vertex 78516.3203 69060.1328 56599.5
  endloop
 endfacet
facet normal -0.0702229068 0.933521628 0.351576567
  outer loop
   vertex 78430.6953 69068.0547 56561.3555
   vertex 78449.8516 69013.9141 56708.9492
   vertex 78516.3203 69060.1328 56599.5
  endloop
 endfacet
facet normal -0.143461049 0.979931951 0.138392031
  outer loop
   vertex 78354.875 68989.4219 56783.918
   vertex 78449.8516 69013.9141 56708.9492
   vertex 78296.3125 68995.6328 56679.2344
  endloop
 endfacet
facet normal 0.493212342 0.42200014 -0.760695398
  outer loop
   vertex 78831.7578 69105.2188 55493.1445
   vertex 78925.8516 69070.4688 55534.8789
   vertex 78961.2969 68974.6328 55504.6953
  endloop
 endfacet
facet normal 0.480717629 0.832990766 0.273928791
  outer loop
   vertex 78554.8047 69082.0938 56492.2617
   vertex 78653.6953 69041.1953 56443.1055
   vertex 78615.625 69104.8281 56316.3945
  endloop
 endfacet
facet normal 0.0227689892 0.998202801 -0.0554325394
  outer loop
   vertex 78479.8203 69141.8047 55946.4453
   vertex 78493.6562 69151.3594 56124.2461
   vertex 78640.1562 69142 56015.793
  endloop
 endfacet
facet normal -0.165474489 0.980525315 -0.105774738
  outer loop
   vertex 78508.6328 69116.4062 55574.0859
   vertex 78670.1172 69148.1875 55616.0625
   vertex 78636.0781 69123.5234 55440.6445
  endloop
 endfacet
facet normal -0.164233774 0.980232358 -0.110325769
  outer loop
   vertex 78508.6328 69116.4062 55574.0859
   vertex 78511.75 69136.4141 55747.1797
   vertex 78670.1172 69148.1875 55616.0625
  endloop
 endfacet
facet normal 0.347616076 0.898430824 0.268300444
  outer loop
   vertex 78848.6172 69100.4141 55742.4336
   vertex 78689.8203 69143.6172 55803.5156
   vertex 78811.2344 69064.125 55912.3867
  endloop
 endfacet
facet normal 0.0487288721 0.998603702 -0.020399183
  outer loop
   vertex 78603.25 69146.9688 56171.0273
   vertex 78640.1562 69142 56015.793
   vertex 78493.6562 69151.3594 56124.2461
  endloop
 endfacet
facet normal 0.817824364 0.51826483 0.25012964
  outer loop
   vertex 79258.8906 69119.0859 53898.1836
   vertex 79145.5 69223.9375 54051.6836
   vertex 79210.7812 69056.5 54185.1445
  endloop
 endfacet
facet normal -0.00409639254 0.999969304 0.00667653605
  outer loop
   vertex 78689.8203 69143.6172 55803.5156
   vertex 78479.8203 69141.8047 55946.4453
   vertex 78640.1562 69142 56015.793
  endloop
 endfacet
facet normal -0.0303306039 0.999031365 -0.0318801515
  outer loop
   vertex 78689.8203 69143.6172 55803.5156
   vertex 78511.75 69136.4141 55747.1797
   vertex 78479.8203 69141.8047 55946.4453
  endloop
 endfacet
facet normal 0.351915807 0.93592447 -0.0141656604
  outer loop
   vertex 78831.7578 69105.2188 55493.1445
   vertex 78906.1719 69079 55609.8711
   vertex 78925.8516 69070.4688 55534.8789
  endloop
 endfacet
facet normal 0.135192141 0.977178276 -0.163846493
  outer loop
   vertex 78670.1172 69148.1875 55616.0625
   vertex 78805.5469 69135.4219 55651.6562
   vertex 78831.7578 69105.2188 55493.1445
  endloop
 endfacet
facet normal 0.135329127 0.977188885 -0.163670063
  outer loop
   vertex 78670.1172 69148.1875 55616.0625
   vertex 78831.7578 69105.2188 55493.1445
   vertex 78636.0781 69123.5234 55440.6445
  endloop
 endfacet
facet normal 0.0899910629 0.995832145 0.0148287164
  outer loop
   vertex 78670.1172 69148.1875 55616.0625
   vertex 78689.8203 69143.6172 55803.5156
   vertex 78805.5469 69135.4219 55651.6562
  endloop
 endfacet
facet normal -0.23039557 0.936126351 0.265679002
  outer loop
   vertex 78799.7812 69202.8047 54205.0859
   vertex 78899.8203 69134.7422 54531.668
   vertex 78940.5547 69201.4062 54332.0977
  endloop
 endfacet
facet normal -0.115843289 0.964690864 0.236541525
  outer loop
   vertex 78799.7812 69202.8047 54205.0859
   vertex 78729.5469 69145.0781 54406.1328
   vertex 78899.8203 69134.7422 54531.668
  endloop
 endfacet
facet normal 0.813471735 0.50071907 0.295878708
  outer loop
   vertex 78817.3594 68957.2578 56076.3828
   vertex 78811.2344 69064.125 55912.3867
   vertex 78717.7188 69084.8516 56134.418
  endloop
 endfacet
facet normal 0.468881398 0.875562131 0.116366602
  outer loop
   vertex 78640.1562 69142 56015.793
   vertex 78811.2344 69064.125 55912.3867
   vertex 78689.8203 69143.6172 55803.5156
  endloop
 endfacet
facet normal -0.475836217 0.822756886 0.310887367
  outer loop
   vertex 78684.0703 69221.2109 53898.9844
   vertex 78874.3125 69314.6875 53942.7695
   vertex 78782.3984 69324.3281 53776.582
  endloop
 endfacet
facet normal -0.35084638 0.922353745 0.161772713
  outer loop
   vertex 78656.875 69095.0078 54557
   vertex 78510.9609 69009.7031 54726.9102
   vertex 78754.2734 69084.7188 54826.9141
  endloop
 endfacet
facet normal -0.151349127 0.984176517 0.0921415016
  outer loop
   vertex 78899.8203 69134.7422 54531.668
   vertex 78656.875 69095.0078 54557
   vertex 78754.2734 69084.7188 54826.9141
  endloop
 endfacet
facet normal -0.274856597 0.960108638 -0.0514317229
  outer loop
   vertex 78510.9609 69009.7031 54726.9102
   vertex 78559.4531 69037.0391 54978.0508
   vertex 78754.2734 69084.7188 54826.9141
  endloop
 endfacet
facet normal -0.24655354 0.969053328 -0.0121258488
  outer loop
   vertex 78742.6797 69085.375 55115
   vertex 78754.2734 69084.7188 54826.9141
   vertex 78559.4531 69037.0391 54978.0508
  endloop
 endfacet
facet normal -0.134834006 0.924675941 0.356081665
  outer loop
   vertex 78874.3125 69314.6875 53942.7695
   vertex 78799.7812 69202.8047 54205.0859
   vertex 78993.6953 69267.2734 54111.0977
  endloop
 endfacet
facet normal -0.210986778 0.952810526 0.218258217
  outer loop
   vertex 78993.6953 69267.2734 54111.0977
   vertex 78799.7812 69202.8047 54205.0859
   vertex 78959.0781 69228.2422 54248.0352
  endloop
 endfacet
facet normal -0.471266866 0.851651728 0.229340106
  outer loop
   vertex 78799.7812 69202.8047 54205.0859
   vertex 78874.3125 69314.6875 53942.7695
   vertex 78684.0703 69221.2109 53898.9844
  endloop
 endfacet
facet normal 0.378129601 0.862167537 0.337172329
  outer loop
   vertex 78993.6953 69267.2734 54111.0977
   vertex 79078.0234 69146.3672 54325.7109
   vertex 79145.5 69223.9375 54051.6836
  endloop
 endfacet
facet normal 0.236353636 0.970709026 -0.0431384146
  outer loop
   vertex 78914.2656 69040.6641 55049.1289
   vertex 78742.6797 69085.375 55115
   vertex 78882.6562 69058.8516 55285.082
  endloop
 endfacet
facet normal 0.255019933 0.966902137 0.00806919299
  outer loop
   vertex 78754.2734 69084.7188 54826.9141
   vertex 78742.6797 69085.375 55115
   vertex 78914.2656 69040.6641 55049.1289
  endloop
 endfacet
facet normal 0.468539864 0.875848293 0.115586109
  outer loop
   vertex 78717.7188 69084.8516 56134.418
   vertex 78811.2344 69064.125 55912.3867
   vertex 78640.1562 69142 56015.793
  endloop
 endfacet
facet normal 0.545955479 0.663534403 0.511521935
  outer loop
   vertex 79229.0547 69330.4844 53728.7344
   vertex 79131.9375 69418.6875 53717.9727
   vertex 79070.1406 69353.8594 53868.0234
  endloop
 endfacet
facet normal 0.655715108 0.67380476 0.340624154
  outer loop
   vertex 79173.9297 68969.6953 54490.5547
   vertex 79191.3594 69025.8125 54345.9883
   vertex 79078.0234 69146.3672 54325.7109
  endloop
 endfacet
facet normal 0.372230977 0.863522828 0.340253502
  outer loop
   vertex 79078.0234 69146.3672 54325.7109
   vertex 78993.6953 69267.2734 54111.0977
   vertex 78959.0781 69228.2422 54248.0352
  endloop
 endfacet
facet normal 0.0130118784 0.915952325 0.401076138
  outer loop
   vertex 79131.9375 69418.6875 53717.9727
   vertex 79024.5859 69434.6875 53684.918
   vertex 79070.1406 69353.8594 53868.0234
  endloop
 endfacet
facet normal 0.396517128 0.818279862 0.416163743
  outer loop
   vertex 79070.1406 69353.8594 53868.0234
   vertex 78993.6953 69267.2734 54111.0977
   vertex 79145.5 69223.9375 54051.6836
  endloop
 endfacet
facet normal -0.0689027831 0.946437001 0.315451026
  outer loop
   vertex 78874.3125 69314.6875 53942.7695
   vertex 78993.6953 69267.2734 54111.0977
   vertex 79070.1406 69353.8594 53868.0234
  endloop
 endfacet
facet normal 0.836495399 0.409731418 0.363862067
  outer loop
   vertex 79229.0547 69330.4844 53728.7344
   vertex 79258.8906 69119.0859 53898.1836
   vertex 79304.1875 69197.5781 53705.6602
  endloop
 endfacet
facet normal 0.860765517 0.386750221 0.330918431
  outer loop
   vertex 79229.0547 69330.4844 53728.7344
   vertex 79189.3828 69278.9375 53892.1562
   vertex 79258.8906 69119.0859 53898.1836
  endloop
 endfacet
facet normal 0.848531246 0.382730782 0.365392804
  outer loop
   vertex 79258.8906 69119.0859 53898.1836
   vertex 79189.3828 69278.9375 53892.1562
   vertex 79145.5 69223.9375 54051.6836
  endloop
 endfacet
facet normal 0.429064572 0.811022878 0.397675157
  outer loop
   vertex 79070.1406 69353.8594 53868.0234
   vertex 79145.5 69223.9375 54051.6836
   vertex 79189.3828 69278.9375 53892.1562
  endloop
 endfacet
facet normal 0.440999806 0.819678843 0.36557591
  outer loop
   vertex 79070.1406 69353.8594 53868.0234
   vertex 79189.3828 69278.9375 53892.1562
   vertex 79229.0547 69330.4844 53728.7344
  endloop
 endfacet
facet normal 0.936189651 0.278895289 0.213930637
  outer loop
   vertex 78925.8516 69070.4688 55534.8789
   vertex 78906.1719 69079 55609.8711
   vertex 78961.2969 68974.6328 55504.6953
  endloop
 endfacet
facet normal 0.327302426 0.8842628 0.333095223
  outer loop
   vertex 79078.0234 69146.3672 54325.7109
   vertex 78899.8203 69134.7422 54531.668
   vertex 79085.3672 69043.3281 54592.0234
  endloop
 endfacet
facet normal 0.974443734 -0.0121785961 0.224301383
  outer loop
   vertex 79258.8906 69119.0859 53898.1836
   vertex 79320.0469 69004.125 53626.2617
   vertex 79304.1875 69197.5781 53705.6602
  endloop
 endfacet
facet normal 0.981033802 0.00086550077 0.193834856
  outer loop
   vertex 79335.5625 69272.4844 53546.5391
   vertex 79304.1875 69197.5781 53705.6602
   vertex 79320.0469 69004.125 53626.2617
  endloop
 endfacet
facet normal 0.940171778 0.0459337905 0.337590188
  outer loop
   vertex 79369.9141 69130.6094 53470.1719
   vertex 79335.5625 69272.4844 53546.5391
   vertex 79320.0469 69004.125 53626.2617
  endloop
 endfacet
facet normal 0.513969839 0.853560686 0.0852593258
  outer loop
   vertex 78805.5469 69135.4219 55651.6562
   vertex 78848.6172 69100.4141 55742.4336
   vertex 78906.1719 69079 55609.8711
  endloop
 endfacet
facet normal 0.770409584 0.591059446 0.238993376
  outer loop
   vertex 78906.1719 69079 55609.8711
   vertex 78848.6172 69100.4141 55742.4336
   vertex 78931.6484 68994.5703 55736.5508
  endloop
 endfacet
facet normal 0.246491343 0.945805192 0.211410746
  outer loop
   vertex 78899.8203 69134.7422 54531.668
   vertex 78967.8047 69052.9141 54818.4922
   vertex 79025.1875 69067.0625 54688.2852
  endloop
 endfacet
facet normal 0.152271718 0.959351599 0.237608492
  outer loop
   vertex 78899.8203 69134.7422 54531.668
   vertex 78754.2734 69084.7188 54826.9141
   vertex 78967.8047 69052.9141 54818.4922
  endloop
 endfacet
facet normal 0.457298458 0.884446323 -0.0929132104
  outer loop
   vertex 78831.7578 69105.2188 55493.1445
   vertex 78805.5469 69135.4219 55651.6562
   vertex 78906.1719 69079 55609.8711
  endloop
 endfacet
facet normal 0.789974272 0.533337414 0.302476227
  outer loop
   vertex 79155.3984 68882.5078 54692.6875
   vertex 79173.9297 68969.6953 54490.5547
   vertex 79085.3672 69043.3281 54592.0234
  endloop
 endfacet
facet normal 0.150128976 0.984818518 0.0871425718
  outer loop
   vertex 78754.2734 69084.7188 54826.9141
   vertex 78914.2656 69040.6641 55049.1289
   vertex 78967.8047 69052.9141 54818.4922
  endloop
 endfacet
facet normal 0.796145797 0.268932372 0.542058349
  outer loop
   vertex 78306.2344 68717.8906 57253.4609
   vertex 78269.625 68586.3516 57372.4961
   vertex 78361.3516 68666.0781 57198.2148
  endloop
 endfacet
facet normal 0.497212589 0.862885952 0.0905952528
  outer loop
   vertex 78640.1562 69142 56015.793
   vertex 78603.25 69146.9688 56171.0273
   vertex 78717.7188 69084.8516 56134.418
  endloop
 endfacet
facet normal 0.967564642 -0.0166629963 0.252073407
  outer loop
   vertex 78839.8203 68771.4531 55977.9062
   vertex 78817.3594 68957.2578 56076.3828
   vertex 78771.3047 68851.3359 56246.1719
  endloop
 endfacet
facet normal 0.68365103 0.713592291 0.152994558
  outer loop
   vertex 78615.625 69104.8281 56316.3945
   vertex 78653.6953 69041.1953 56443.1055
   vertex 78733.3125 68995.5938 56300.0586
  endloop
 endfacet
facet normal 0.682290792 0.726999581 0.0771422237
  outer loop
   vertex 79041.3594 68926.3594 55002.3008
   vertex 78914.2656 69040.6641 55049.1289
   vertex 79000.9219 68939.5234 55235.9023
  endloop
 endfacet
facet normal 0.670760155 0.677440047 0.301920205
  outer loop
   vertex 78717.7188 69084.8516 56134.418
   vertex 78615.625 69104.8281 56316.3945
   vertex 78733.3125 68995.5938 56300.0586
  endloop
 endfacet
facet normal 0.709107757 0.704909921 0.0163769666
  outer loop
   vertex 78882.6562 69058.8516 55285.082
   vertex 78831.7578 69105.2188 55493.1445
   vertex 78961.2969 68974.6328 55504.6953
  endloop
 endfacet
facet normal 0.718349814 0.694367945 0.0427408703
  outer loop
   vertex 78914.2656 69040.6641 55049.1289
   vertex 78882.6562 69058.8516 55285.082
   vertex 79000.9219 68939.5234 55235.9023
  endloop
 endfacet
facet normal 0.622078419 0.700244725 0.350250959
  outer loop
   vertex 79025.1875 69067.0625 54688.2852
   vertex 78967.8047 69052.9141 54818.4922
   vertex 79083.0391 68965.0078 54789.5664
  endloop
 endfacet
facet normal 0.429384768 0.901946545 0.0460561253
  outer loop
   vertex 79025.1875 69067.0625 54688.2852
   vertex 79085.3672 69043.3281 54592.0234
   vertex 78899.8203 69134.7422 54531.668
  endloop
 endfacet
facet normal 0.696388781 0.664295137 0.271578193
  outer loop
   vertex 79083.0391 68965.0078 54789.5664
   vertex 79085.3672 69043.3281 54592.0234
   vertex 79025.1875 69067.0625 54688.2852
  endloop
 endfacet
facet normal 0.626090944 0.736370802 0.256453007
  outer loop
   vertex 79083.0391 68965.0078 54789.5664
   vertex 78967.8047 69052.9141 54818.4922
   vertex 79041.3594 68926.3594 55002.3008
  endloop
 endfacet
facet normal 0.694808185 0.691403806 0.197995901
  outer loop
   vertex 78967.8047 69052.9141 54818.4922
   vertex 78914.2656 69040.6641 55049.1289
   vertex 79041.3594 68926.3594 55002.3008
  endloop
 endfacet
facet normal 0.511974573 0.762601972 0.395373613
  outer loop
   vertex 78653.6953 69041.1953 56443.1055
   vertex 78554.8047 69082.0938 56492.2617
   vertex 78594.6172 68995.8672 56607.0273
  endloop
 endfacet
facet normal 0.289294273 0.814121187 0.503503263
  outer loop
   vertex 78449.8516 69013.9141 56708.9492
   vertex 78389.25 68923.9219 56889.2695
   vertex 78522.7656 68939.3203 56787.6602
  endloop
 endfacet
facet normal 0.159404606 0.860882699 0.48318854
  outer loop
   vertex 78449.8516 69013.9141 56708.9492
   vertex 78354.875 68989.4219 56783.918
   vertex 78389.25 68923.9219 56889.2695
  endloop
 endfacet
facet normal 0.5719859 0.738697171 0.356593072
  outer loop
   vertex 78554.8047 69082.0938 56492.2617
   vertex 78516.3203 69060.1328 56599.5
   vertex 78594.6172 68995.8672 56607.0273
  endloop
 endfacet
facet normal 0.785828769 0.448276848 0.426052839
  outer loop
   vertex 78694.7031 68948.2578 56472.5195
   vertex 78594.6172 68995.8672 56607.0273
   vertex 78660.1094 68907.6797 56579.0234
  endloop
 endfacet
facet normal 0.77852881 0.473804682 0.411584765
  outer loop
   vertex 78653.6953 69041.1953 56443.1055
   vertex 78594.6172 68995.8672 56607.0273
   vertex 78694.7031 68948.2578 56472.5195
  endloop
 endfacet
facet normal 0.879528821 0.455910891 -0.136287808
  outer loop
   vertex 78306.6406 68776.375 57124.1641
   vertex 78326.8281 68764.2344 57213.8164
   vertex 78336.1562 68746.0234 57213.0781
  endloop
 endfacet
facet normal 0.279493809 0.789907336 0.545829296
  outer loop
   vertex 78486.8516 68882.6172 56899.0781
   vertex 78389.25 68923.9219 56889.2695
   vertex 78428.7578 68850.2188 56975.707
  endloop
 endfacet
facet normal 0.914898396 -0.389098197 -0.107533857
  outer loop
   vertex 79288.9688 68836.3125 53709.8633
   vertex 79249.3203 68747.9453 53692.25
   vertex 79264.5078 68808.4141 53602.6914
  endloop
 endfacet
facet normal 0.870723724 -0.486458153 -0.0721019283
  outer loop
   vertex 79288.9688 68836.3125 53709.8633
   vertex 79264.5078 68808.4141 53602.6914
   vertex 79312.1094 68886.5391 53650.4648
  endloop
 endfacet
facet normal 0.989981771 -0.13549754 0.0397049561
  outer loop
   vertex 79261.875 68864.7031 54099.4883
   vertex 79227.3281 68663.1016 54272.9531
   vertex 79234.2969 68666.9375 54112.2969
  endloop
 endfacet
facet normal 0.989944339 -0.0590504706 0.12854293
  outer loop
   vertex 79261.875 68864.7031 54099.4883
   vertex 79228.2188 68864.1562 54358.4297
   vertex 79227.3281 68663.1016 54272.9531
  endloop
 endfacet
facet normal 0.965487719 0.168497115 0.198600546
  outer loop
   vertex 79258.8906 69119.0859 53898.1836
   vertex 79210.7812 69056.5 54185.1445
   vertex 79261.875 68864.7031 54099.4883
  endloop
 endfacet
facet normal 0.693217754 0.687927663 0.214952886
  outer loop
   vertex 79210.7812 69056.5 54185.1445
   vertex 79078.0234 69146.3672 54325.7109
   vertex 79191.3594 69025.8125 54345.9883
  endloop
 endfacet
facet normal 0.992681265 0.0818928331 0.0887552276
  outer loop
   vertex 79258.8906 69119.0859 53898.1836
   vertex 79261.875 68864.7031 54099.4883
   vertex 79282.2109 68880.0078 53857.9258
  endloop
 endfacet
facet normal 0.979062498 0.0629098713 0.193594724
  outer loop
   vertex 79320.0469 69004.125 53626.2617
   vertex 79258.8906 69119.0859 53898.1836
   vertex 79282.2109 68880.0078 53857.9258
  endloop
 endfacet
facet normal 0.971134007 0.202133849 0.126651466
  outer loop
   vertex 79261.875 68864.7031 54099.4883
   vertex 79210.7812 69056.5 54185.1445
   vertex 79228.2188 68864.1562 54358.4297
  endloop
 endfacet
facet normal 0.959683716 0.231117144 0.159974918
  outer loop
   vertex 79228.2188 68864.1562 54358.4297
   vertex 79210.7812 69056.5 54185.1445
   vertex 79191.3594 69025.8125 54345.9883
  endloop
 endfacet
facet normal 0.950754225 0.232540563 0.204917639
  outer loop
   vertex 79191.3594 69025.8125 54345.9883
   vertex 79173.9297 68969.6953 54490.5547
   vertex 79228.2188 68864.1562 54358.4297
  endloop
 endfacet
facet normal 0.927565575 0.0142624276 0.373388201
  outer loop
   vertex 79320.0469 69004.125 53626.2617
   vertex 79288.9688 68836.3125 53709.8633
   vertex 79312.1094 68886.5391 53650.4648
  endloop
 endfacet
facet normal 0.986431718 -0.139688507 0.0862531289
  outer loop
   vertex 79282.2109 68880.0078 53857.9258
   vertex 79288.9688 68836.3125 53709.8633
   vertex 79320.0469 69004.125 53626.2617
  endloop
 endfacet
facet normal 0.962352157 -0.26689145 -0.0514512137
  outer loop
   vertex 79266.7969 68847.7891 53441.2344
   vertex 79320.0469 69004.125 53626.2617
   vertex 79264.5078 68808.4141 53602.6914
  endloop
 endfacet
facet normal 0.967050791 0.133600101 0.216711313
  outer loop
   vertex 79155.3984 68882.5078 54692.6875
   vertex 79163.9688 68740.3672 54742.0977
   vertex 79192.6484 68776.3984 54591.8867
  endloop
 endfacet
facet normal 0.934516788 0.165790334 0.314947516
  outer loop
   vertex 79155.3984 68882.5078 54692.6875
   vertex 79106.1406 68746.8203 54910.2734
   vertex 79163.9688 68740.3672 54742.0977
  endloop
 endfacet
facet normal 0.869136333 0.306682348 0.388005197
  outer loop
   vertex 79083.0391 68965.0078 54789.5664
   vertex 79106.1406 68746.8203 54910.2734
   vertex 79155.3984 68882.5078 54692.6875
  endloop
 endfacet
facet normal 0.947461605 0.225709781 0.226653039
  outer loop
   vertex 79041.3594 68926.3594 55002.3008
   vertex 79106.1406 68746.8203 54910.2734
   vertex 79083.0391 68965.0078 54789.5664
  endloop
 endfacet
facet normal 0.950613618 0.246045932 0.189195991
  outer loop
   vertex 79048.4141 68758.1953 55185.543
   vertex 79106.1406 68746.8203 54910.2734
   vertex 79041.3594 68926.3594 55002.3008
  endloop
 endfacet
facet normal 0.789015949 -0.590946376 0.168036342
  outer loop
   vertex 78935.5859 68336.2344 54806.7266
   vertex 79103.9375 68542.8281 54742.7578
   vertex 78979.3516 68426.1797 54917.5195
  endloop
 endfacet
facet normal 0.974661767 -0.201613918 0.0968826637
  outer loop
   vertex 79179.3906 68480.2578 54374.7109
   vertex 79227.3281 68663.1016 54272.9531
   vertex 79198.2188 68623.8906 54484.2031
  endloop
 endfacet
facet normal 0.990375578 -0.0578576028 0.125732735
  outer loop
   vertex 79228.2188 68864.1562 54358.4297
   vertex 79198.2188 68623.8906 54484.2031
   vertex 79227.3281 68663.1016 54272.9531
  endloop
 endfacet
facet normal 0.989961505 -0.0556032434 0.129940525
  outer loop
   vertex 79192.6484 68776.3984 54591.8867
   vertex 79198.2188 68623.8906 54484.2031
   vertex 79228.2188 68864.1562 54358.4297
  endloop
 endfacet
facet normal 0.590390265 -0.741732836 0.318232149
  outer loop
   vertex 78800.2734 68565.2578 55646.6289
   vertex 78922.7031 68666.3203 55655.0508
   vertex 78743.2656 68603.2578 55840.9688
  endloop
 endfacet
facet normal 0.81249404 0.379945457 0.44214806
  outer loop
   vertex 78594.6172 68995.8672 56607.0273
   vertex 78522.7656 68939.3203 56787.6602
   vertex 78596.4531 68862.0781 56718.6289
  endloop
 endfacet
facet normal 0.86626327 -0.422663182 0.266352743
  outer loop
   vertex 78622.7578 68632.0625 56412.6289
   vertex 78701.875 68677.7812 56227.8711
   vertex 78675.0391 68787.3516 56489.0195
  endloop
 endfacet
facet normal 0.219262972 0.789607167 0.573100567
  outer loop
   vertex 78389.25 68923.9219 56889.2695
   vertex 78306.6406 68776.375 57124.1641
   vertex 78428.7578 68850.2188 56975.707
  endloop
 endfacet
facet normal 0.651080251 0.305218458 0.694936097
  outer loop
   vertex 78326.8281 68764.2344 57213.8164
   vertex 78306.2344 68717.8906 57253.4609
   vertex 78336.1562 68746.0234 57213.0781
  endloop
 endfacet
facet normal 0.214810535 -0.946499109 0.240823299
  outer loop
   vertex 78665.0078 68519.0234 55585.582
   vertex 78833.5781 68534.6094 55496.4727
   vertex 78800.2734 68565.2578 55646.6289
  endloop
 endfacet
facet normal 0.768333972 0.416160285 0.486285448
  outer loop
   vertex 78660.1094 68907.6797 56579.0234
   vertex 78594.6172 68995.8672 56607.0273
   vertex 78596.4531 68862.0781 56718.6289
  endloop
 endfacet
facet normal 0.610000372 0.609221637 0.506703615
  outer loop
   vertex 78522.7656 68939.3203 56787.6602
   vertex 78486.8516 68882.6172 56899.0781
   vertex 78539.8359 68872.7266 56847.1758
  endloop
 endfacet
facet normal 0.739112258 0.197713345 0.643911839
  outer loop
   vertex 78486.8516 68882.6172 56899.0781
   vertex 78428.7578 68850.2188 56975.707
   vertex 78483.1328 68759.7031 56941.0859
  endloop
 endfacet
facet normal 0.703846633 0.210575387 0.678423107
  outer loop
   vertex 78539.8359 68872.7266 56847.1758
   vertex 78486.8516 68882.6172 56899.0781
   vertex 78483.1328 68759.7031 56941.0859
  endloop
 endfacet
facet normal 0.930074275 -0.104249686 0.35226953
  outer loop
   vertex 78675.0391 68787.3516 56489.0195
   vertex 78596.4531 68862.0781 56718.6289
   vertex 78577.9297 68714.3984 56723.8164
  endloop
 endfacet
facet normal 0.916829884 -0.159918234 0.365853935
  outer loop
   vertex 78675.0391 68787.3516 56489.0195
   vertex 78660.1094 68907.6797 56579.0234
   vertex 78596.4531 68862.0781 56718.6289
  endloop
 endfacet
facet normal 0.586159766 0.631502271 0.507564366
  outer loop
   vertex 78306.6406 68776.375 57124.1641
   vertex 78361.3516 68666.0781 57198.2148
   vertex 78483.1328 68759.7031 56941.0859
  endloop
 endfacet
facet normal 0.716963828 0.172336116 0.675472498
  outer loop
   vertex 78306.6406 68776.375 57124.1641
   vertex 78483.1328 68759.7031 56941.0859
   vertex 78428.7578 68850.2188 56975.707
  endloop
 endfacet
facet normal 0.924458981 0.327648431 -0.194992542
  outer loop
   vertex 78306.6406 68776.375 57124.1641
   vertex 78336.1562 68746.0234 57213.0781
   vertex 78361.3516 68666.0781 57198.2148
  endloop
 endfacet
facet normal 0.811494529 0.491083175 0.316723734
  outer loop
   vertex 78522.7656 68939.3203 56787.6602
   vertex 78539.8359 68872.7266 56847.1758
   vertex 78596.4531 68862.0781 56718.6289
  endloop
 endfacet
facet normal 0.964810312 -0.159640804 0.208939835
  outer loop
   vertex 79106.1406 68746.8203 54910.2734
   vertex 79048.4141 68758.1953 55185.543
   vertex 79043.9141 68616.7812 55098.2695
  endloop
 endfacet
facet normal 0.909575105 -0.0502342433 0.412492037
  outer loop
   vertex 78361.3516 68666.0781 57198.2148
   vertex 78421.4375 68569.6328 57053.9844
   vertex 78483.1328 68759.7031 56941.0859
  endloop
 endfacet
facet normal 0.899428546 -0.114808641 0.421719462
  outer loop
   vertex 78817.3594 68957.2578 56076.3828
   vertex 78839.8203 68771.4531 55977.9062
   vertex 78910.0703 68928.2812 55870.7656
  endloop
 endfacet
facet normal 0.813234925 0.500992894 0.296066016
  outer loop
   vertex 78811.2344 69064.125 55912.3867
   vertex 78817.3594 68957.2578 56076.3828
   vertex 78910.0703 68928.2812 55870.7656
  endloop
 endfacet
facet normal 0.630389631 -0.775845349 0.0259413347
  outer loop
   vertex 78297.0078 68335.3438 56761.8633
   vertex 78295.6172 68329.2188 56612.2227
   vertex 78401.0703 68414.0234 56586.0117
  endloop
 endfacet
facet normal 0.649162471 -0.759351015 0.0444311798
  outer loop
   vertex 78438.4453 68455.5547 56749.75
   vertex 78297.0078 68335.3438 56761.8633
   vertex 78401.0703 68414.0234 56586.0117
  endloop
 endfacet
facet normal 0.814707875 0.539025307 0.213782072
  outer loop
   vertex 78817.3594 68957.2578 56076.3828
   vertex 78717.7188 69084.8516 56134.418
   vertex 78733.3125 68995.5938 56300.0586
  endloop
 endfacet
facet normal 0.820602179 -0.56077981 0.110172756
  outer loop
   vertex 78743.2656 68603.2578 55840.9688
   vertex 78839.8203 68771.4531 55977.9062
   vertex 78748 68648.4688 56035.7969
  endloop
 endfacet
facet normal 0.956824124 0.193808481 0.216623679
  outer loop
   vertex 78961.2969 68974.6328 55504.6953
   vertex 78991.6484 68789.2031 55536.5469
   vertex 79020.5312 68825.7578 55376.2461
  endloop
 endfacet
facet normal 0.736143887 0.552351475 0.391152173
  outer loop
   vertex 78910.0703 68928.2812 55870.7656
   vertex 78962.4766 68922.1797 55780.7656
   vertex 78931.6484 68994.5703 55736.5508
  endloop
 endfacet
facet normal 0.609136879 -0.749027312 0.260596126
  outer loop
   vertex 78748 68648.4688 56035.7969
   vertex 78701.875 68677.7812 56227.8711
   vertex 78646.0312 68583.6719 56087.9062
  endloop
 endfacet
facet normal -0.07606107 -0.956327319 0.282228142
  outer loop
   vertex 78918.75 68702.4844 55776.5117
   vertex 78922.7031 68666.3203 55655.0508
   vertex 78960.9219 68682.5625 55720.3828
  endloop
 endfacet
facet normal 0.843340695 -0.502897322 0.1893958
  outer loop
   vertex 78378.7656 68431.1172 56950.5938
   vertex 78438.4453 68455.5547 56749.75
   vertex 78492.2969 68580.5234 56841.7891
  endloop
 endfacet
facet normal 0.909522891 0.150700614 -0.387372434
  outer loop
   vertex 78962.4766 68922.1797 55780.7656
   vertex 78956.6328 68828.3203 55730.5469
   vertex 78931.6484 68994.5703 55736.5508
  endloop
 endfacet
facet normal 0.983112216 0.143668458 0.113356628
  outer loop
   vertex 78961.2969 68974.6328 55504.6953
   vertex 78931.6484 68994.5703 55736.5508
   vertex 78956.6328 68828.3203 55730.5469
  endloop
 endfacet
facet normal 0.810930312 -0.314464658 0.493461251
  outer loop
   vertex 78956.6328 68828.3203 55730.5469
   vertex 78962.4766 68922.1797 55780.7656
   vertex 78910.0703 68928.2812 55870.7656
  endloop
 endfacet
facet normal 0.761632144 0.0073909685 0.647967458
  outer loop
   vertex 78964.4609 68711.5234 55722.6797
   vertex 78956.6328 68828.3203 55730.5469
   vertex 78918.75 68702.4844 55776.5117
  endloop
 endfacet
facet normal 0.907858312 -0.127406478 0.39945066
  outer loop
   vertex 78956.6328 68828.3203 55730.5469
   vertex 78839.8203 68771.4531 55977.9062
   vertex 78918.75 68702.4844 55776.5117
  endloop
 endfacet
facet normal 0.893627107 0.162292242 0.418439746
  outer loop
   vertex 78223.6875 68512.5469 57460.1641
   vertex 78226.0469 68490.2891 57463.75
   vertex 78254.6953 68494.8359 57400.8164
  endloop
 endfacet
facet normal 0.684898436 -0.517994642 0.51244092
  outer loop
   vertex 78249.9688 68533.0234 57445.7266
   vertex 78223.6875 68512.5469 57460.1641
   vertex 78254.6953 68494.8359 57400.8164
  endloop
 endfacet
facet normal 0.94320637 -0.122816809 0.308670938
  outer loop
   vertex 78492.2969 68580.5234 56841.7891
   vertex 78483.1328 68759.7031 56941.0859
   vertex 78421.4375 68569.6328 57053.9844
  endloop
 endfacet
facet normal 0.884543896 -0.190674409 0.425705701
  outer loop
   vertex 78483.1328 68759.7031 56941.0859
   vertex 78492.2969 68580.5234 56841.7891
   vertex 78577.9297 68714.3984 56723.8164
  endloop
 endfacet
facet normal 0.392751545 -0.825793803 0.404735446
  outer loop
   vertex 78949.5547 68433.6875 55018.6602
   vertex 78928.4922 68485.4531 55144.7148
   vertex 78796.0234 68352.1016 55001.1875
  endloop
 endfacet
facet normal 0.946007848 -0.250739664 0.205423281
  outer loop
   vertex 78994.1797 68597.5234 55239.1836
   vertex 79048.4141 68758.1953 55185.543
   vertex 78974.8359 68661.7188 55406.6172
  endloop
 endfacet
facet normal -0.351516634 -0.824122369 0.444137782
  outer loop
   vertex 78612.7266 68369.1562 55081.4453
   vertex 78712.0703 68444.3984 55299.6992
   vertex 78488.5156 68472.5391 55174.9648
  endloop
 endfacet
facet normal 0.951456666 0.290266693 0.102349676
  outer loop
   vertex 78961.2969 68974.6328 55504.6953
   vertex 79020.5312 68825.7578 55376.2461
   vertex 79000.9219 68939.5234 55235.9023
  endloop
 endfacet
facet normal 0.969569564 0.237982675 0.0574377961
  outer loop
   vertex 79000.9219 68939.5234 55235.9023
   vertex 79020.5312 68825.7578 55376.2461
   vertex 79048.4141 68758.1953 55185.543
  endloop
 endfacet
facet normal 0.927088022 -0.327257901 0.182784215
  outer loop
   vertex 79179.3906 68480.2578 54374.7109
   vertex 79123.2734 68407.7891 54529.6055
   vertex 79129.1953 68361.7656 54417.1406
  endloop
 endfacet
facet normal 0.93685478 -0.281249851 0.207850039
  outer loop
   vertex 79179.3906 68480.2578 54374.7109
   vertex 79198.2188 68623.8906 54484.2031
   vertex 79123.2734 68407.7891 54529.6055
  endloop
 endfacet
facet normal 0.766146064 -0.143322453 0.626481295
  outer loop
   vertex 78918.75 68702.4844 55776.5117
   vertex 78960.9219 68682.5625 55720.3828
   vertex 78964.4609 68711.5234 55722.6797
  endloop
 endfacet
facet normal 0.86840868 -0.0671403036 -0.491282552
  outer loop
   vertex 78964.4609 68711.5234 55722.6797
   vertex 78960.9219 68682.5625 55720.3828
   vertex 78922.7031 68666.3203 55655.0508
  endloop
 endfacet
facet normal 0.889112771 -0.382237911 0.251739353
  outer loop
   vertex 78675.0391 68787.3516 56489.0195
   vertex 78701.875 68677.7812 56227.8711
   vertex 78771.3047 68851.3359 56246.1719
  endloop
 endfacet
facet normal 0.922026932 -0.24279502 0.301524311
  outer loop
   vertex 78675.0391 68787.3516 56489.0195
   vertex 78771.3047 68851.3359 56246.1719
   vertex 78740.2578 68902.5 56382.2969
  endloop
 endfacet
facet normal 0.762222588 -0.548081994 0.344416738
  outer loop
   vertex 78928.4922 68485.4531 55144.7148
   vertex 79037.2031 68532.7344 54979.375
   vertex 79043.9141 68616.7812 55098.2695
  endloop
 endfacet
facet normal 0.49805662 -0.758978188 0.419394463
  outer loop
   vertex 78935.5859 68336.2344 54806.7266
   vertex 78979.3516 68426.1797 54917.5195
   vertex 78796.0234 68352.1016 55001.1875
  endloop
 endfacet
facet normal -0.34486419 -0.803003788 0.486059248
  outer loop
   vertex 78488.1797 68354.4922 54924.3438
   vertex 78577.7656 68237.6797 54794.9258
   vertex 78640.9844 68277.8125 54906.0859
  endloop
 endfacet
facet normal 0.928988576 -0.268721282 0.254497617
  outer loop
   vertex 79103.9375 68542.8281 54742.7578
   vertex 79123.2734 68407.7891 54529.6055
   vertex 79198.2188 68623.8906 54484.2031
  endloop
 endfacet
facet normal 0.941744626 -0.170367911 0.289985955
  outer loop
   vertex 79103.9375 68542.8281 54742.7578
   vertex 79198.2188 68623.8906 54484.2031
   vertex 79192.6484 68776.3984 54591.8867
  endloop
 endfacet
facet normal 0.707138062 -0.649686217 0.279040426
  outer loop
   vertex 78928.4922 68485.4531 55144.7148
   vertex 78994.1797 68597.5234 55239.1836
   vertex 78881.5391 68515.7578 55334.2734
  endloop
 endfacet
facet normal 0.445187956 -0.808221042 0.385469139
  outer loop
   vertex 78754.7578 68232.6172 54798.3203
   vertex 78935.5859 68336.2344 54806.7266
   vertex 78796.0234 68352.1016 55001.1875
  endloop
 endfacet
facet normal 0.400894344 -0.743117332 0.535780191
  outer loop
   vertex 78935.5859 68336.2344 54806.7266
   vertex 78754.7578 68232.6172 54798.3203
   vertex 78887.3828 68216.75 54677.0781
  endloop
 endfacet
facet normal 0.949790716 -0.224171773 0.218276486
  outer loop
   vertex 79020.5312 68825.7578 55376.2461
   vertex 78974.8359 68661.7188 55406.6172
   vertex 79048.4141 68758.1953 55185.543
  endloop
 endfacet
facet normal 0.96207881 -0.246308997 0.117201716
  outer loop
   vertex 79020.5312 68825.7578 55376.2461
   vertex 78991.6484 68789.2031 55536.5469
   vertex 78974.8359 68661.7188 55406.6172
  endloop
 endfacet
facet normal 0.941190243 -0.220445946 0.256055713
  outer loop
   vertex 79106.1406 68746.8203 54910.2734
   vertex 79037.2031 68532.7344 54979.375
   vertex 79103.9375 68542.8281 54742.7578
  endloop
 endfacet
facet normal 0.906116128 -0.274274439 0.322066814
  outer loop
   vertex 79106.1406 68746.8203 54910.2734
   vertex 79103.9375 68542.8281 54742.7578
   vertex 79163.9688 68740.3672 54742.0977
  endloop
 endfacet
facet normal 0.955122292 -0.264610618 0.133126289
  outer loop
   vertex 79037.2031 68532.7344 54979.375
   vertex 79106.1406 68746.8203 54910.2734
   vertex 79043.9141 68616.7812 55098.2695
  endloop
 endfacet
facet normal 0.80600971 -0.555773854 0.203626528
  outer loop
   vertex 79103.9375 68542.8281 54742.7578
   vertex 79037.2031 68532.7344 54979.375
   vertex 78979.3516 68426.1797 54917.5195
  endloop
 endfacet
facet normal 0.766131163 -0.539356649 0.349481612
  outer loop
   vertex 79037.2031 68532.7344 54979.375
   vertex 78928.4922 68485.4531 55144.7148
   vertex 78949.5547 68433.6875 55018.6602
  endloop
 endfacet
facet normal 0.771704376 -0.575758934 0.270137042
  outer loop
   vertex 78979.3516 68426.1797 54917.5195
   vertex 79037.2031 68532.7344 54979.375
   vertex 78949.5547 68433.6875 55018.6602
  endloop
 endfacet
facet normal 0.414227307 -0.888868749 -0.195775717
  outer loop
   vertex 78712.0703 68444.3984 55299.6992
   vertex 78881.5391 68515.7578 55334.2734
   vertex 78787 68458.8281 55392.7266
  endloop
 endfacet
facet normal 0.929939687 -0.214089125 0.29896152
  outer loop
   vertex 79048.4141 68758.1953 55185.543
   vertex 78994.1797 68597.5234 55239.1836
   vertex 79043.9141 68616.7812 55098.2695
  endloop
 endfacet
facet normal 0.769766092 -0.609915912 0.188315585
  outer loop
   vertex 78928.4922 68485.4531 55144.7148
   vertex 79043.9141 68616.7812 55098.2695
   vertex 78994.1797 68597.5234 55239.1836
  endloop
 endfacet
facet normal 0.598344445 -0.748642445 0.285514325
  outer loop
   vertex 78922.7031 68666.3203 55655.0508
   vertex 78800.2734 68565.2578 55646.6289
   vertex 78833.5781 68534.6094 55496.4727
  endloop
 endfacet
facet normal 0.7183972 -0.617742002 0.319844127
  outer loop
   vertex 78994.1797 68597.5234 55239.1836
   vertex 78974.8359 68661.7188 55406.6172
   vertex 78881.5391 68515.7578 55334.2734
  endloop
 endfacet
facet normal 0.735344231 -0.613130808 0.288685769
  outer loop
   vertex 78833.5781 68534.6094 55496.4727
   vertex 78881.5391 68515.7578 55334.2734
   vertex 78974.8359 68661.7188 55406.6172
  endloop
 endfacet
facet normal 0.683505893 -0.724021256 0.0928054899
  outer loop
   vertex 78192.9609 68287.0703 57141.043
   vertex 78219.3672 68292.8047 56991.2617
   vertex 78301.9297 68387.375 57120.9766
  endloop
 endfacet
facet normal 0.727479815 -0.678459883 0.102300391
  outer loop
   vertex 78192.9609 68287.0703 57141.043
   vertex 78148.4766 68230.7656 57083.9883
   vertex 78219.3672 68292.8047 56991.2617
  endloop
 endfacet
facet normal 0.667404711 -0.736231565 0.111955561
  outer loop
   vertex 78378.7656 68431.1172 56950.5938
   vertex 78301.9297 68387.375 57120.9766
   vertex 78219.3672 68292.8047 56991.2617
  endloop
 endfacet
facet normal 0.715153456 -0.679776251 0.162664592
  outer loop
   vertex 78922.7031 68666.3203 55655.0508
   vertex 78833.5781 68534.6094 55496.4727
   vertex 78974.8359 68661.7188 55406.6172
  endloop
 endfacet
facet normal 0.44276166 -0.87508136 0.19543469
  outer loop
   vertex 78949.5547 68433.6875 55018.6602
   vertex 78796.0234 68352.1016 55001.1875
   vertex 78979.3516 68426.1797 54917.5195
  endloop
 endfacet
facet normal 0.131703451 -0.873896599 0.467930526
  outer loop
   vertex 78796.0234 68352.1016 55001.1875
   vertex 78625.7031 68317.2109 54983.9609
   vertex 78640.9844 68277.8125 54906.0859
  endloop
 endfacet
facet normal 0.116628639 -0.865966916 0.486311674
  outer loop
   vertex 78754.7578 68232.6172 54798.3203
   vertex 78796.0234 68352.1016 55001.1875
   vertex 78640.9844 68277.8125 54906.0859
  endloop
 endfacet
facet normal 0.337558508 -0.912881196 0.22956942
  outer loop
   vertex 78928.4922 68485.4531 55144.7148
   vertex 78881.5391 68515.7578 55334.2734
   vertex 78712.0703 68444.3984 55299.6992
  endloop
 endfacet
facet normal 0.424425483 -0.824484289 0.374284208
  outer loop
   vertex 78928.4922 68485.4531 55144.7148
   vertex 78712.0703 68444.3984 55299.6992
   vertex 78796.0234 68352.1016 55001.1875
  endloop
 endfacet
facet normal -0.97146529 0.120314851 -0.20440051
  outer loop
   vertex 78249.9688 68533.0234 57445.7266
   vertex 78254.6953 68494.8359 57400.8164
   vertex 78247.3125 68506.6562 57442.8633
  endloop
 endfacet
facet normal -0.748651981 0.592234433 -0.297957361
  outer loop
   vertex 78226.0469 68490.2891 57463.75
   vertex 78247.3125 68506.6562 57442.8633
   vertex 78254.6953 68494.8359 57400.8164
  endloop
 endfacet
facet normal 0.72204411 -0.544776201 0.426463604
  outer loop
   vertex 78376.7656 68469.7266 57099.4805
   vertex 78332.7969 68518.6406 57236.3984
   vertex 78301.9297 68387.375 57120.9766
  endloop
 endfacet
facet normal 0.363794446 -0.866845846 -0.340927988
  outer loop
   vertex 78264.0625 68452.2812 56239.8008
   vertex 78500.1719 68516.8516 56327.5664
   vertex 78269.0781 68363.4922 56470.9102
  endloop
 endfacet
facet normal 0.287057519 -0.955401242 -0.0693289265
  outer loop
   vertex 78264.0625 68452.2812 56239.8008
   vertex 78487.9688 68536.75 56002.8086
   vertex 78500.1719 68516.8516 56327.5664
  endloop
 endfacet
facet normal 0.545251667 -0.798404694 0.255441904
  outer loop
   vertex 78922.7031 68666.3203 55655.0508
   vertex 78918.75 68702.4844 55776.5117
   vertex 78743.2656 68603.2578 55840.9688
  endloop
 endfacet
facet normal 0.559031308 -0.692356288 0.456209153
  outer loop
   vertex 78918.75 68702.4844 55776.5117
   vertex 78839.8203 68771.4531 55977.9062
   vertex 78743.2656 68603.2578 55840.9688
  endloop
 endfacet
facet normal 0.786990047 -0.541632354 0.29543364
  outer loop
   vertex 78332.7969 68518.6406 57236.3984
   vertex 78254.6953 68494.8359 57400.8164
   vertex 78235.3438 68392.3672 57264.5078
  endloop
 endfacet
facet normal 0.588714123 -0.790453255 0.169113293
  outer loop
   vertex 78646.0312 68583.6719 56087.9062
   vertex 78743.2656 68603.2578 55840.9688
   vertex 78748 68648.4688 56035.7969
  endloop
 endfacet
facet normal 0.895325482 -0.399943829 0.196054175
  outer loop
   vertex 78492.2969 68580.5234 56841.7891
   vertex 78545.6094 68578.1484 56593.4844
   vertex 78577.9297 68714.3984 56723.8164
  endloop
 endfacet
facet normal 0.84501034 -0.501278043 0.186220095
  outer loop
   vertex 78438.4453 68455.5547 56749.75
   vertex 78545.6094 68578.1484 56593.4844
   vertex 78492.2969 68580.5234 56841.7891
  endloop
 endfacet
facet normal 0.874823391 -0.42678979 0.229204044
  outer loop
   vertex 78577.9297 68714.3984 56723.8164
   vertex 78545.6094 68578.1484 56593.4844
   vertex 78675.0391 68787.3516 56489.0195
  endloop
 endfacet
facet normal 0.874334812 -0.416724145 0.24875617
  outer loop
   vertex 78545.6094 68578.1484 56593.4844
   vertex 78622.7578 68632.0625 56412.6289
   vertex 78675.0391 68787.3516 56489.0195
  endloop
 endfacet
facet normal 0.601028323 -0.706006587 -0.374592602
  outer loop
   vertex 78787 68458.8281 55392.7266
   vertex 78747.9062 68432.4141 55379.7852
   vertex 78712.0703 68444.3984 55299.6992
  endloop
 endfacet
facet normal 0.828032732 -0.489419818 0.273550719
  outer loop
   vertex 78839.8203 68771.4531 55977.9062
   vertex 78701.875 68677.7812 56227.8711
   vertex 78748 68648.4688 56035.7969
  endloop
 endfacet
facet normal 0.678311467 0.464369267 0.569433689
  outer loop
   vertex 78361.3516 68666.0781 57198.2148
   vertex 78269.625 68586.3516 57372.4961
   vertex 78336.1953 68595.375 57285.8398
  endloop
 endfacet
facet normal 0.211709499 -0.945601821 0.247014791
  outer loop
   vertex 78743.2656 68603.2578 55840.9688
   vertex 78665.0078 68519.0234 55585.582
   vertex 78800.2734 68565.2578 55646.6289
  endloop
 endfacet
facet normal 0.2683011 -0.936303139 0.226607487
  outer loop
   vertex 78743.2656 68603.2578 55840.9688
   vertex 78578.6797 68543.7969 55790.1602
   vertex 78665.0078 68519.0234 55585.582
  endloop
 endfacet
facet normal 0.772145152 -0.512229562 0.376048774
  outer loop
   vertex 78235.3438 68392.3672 57264.5078
   vertex 78301.9297 68387.375 57120.9766
   vertex 78332.7969 68518.6406 57236.3984
  endloop
 endfacet
facet normal 0.670860529 -0.661972404 0.334273309
  outer loop
   vertex 78235.3438 68392.3672 57264.5078
   vertex 78192.9609 68287.0703 57141.043
   vertex 78301.9297 68387.375 57120.9766
  endloop
 endfacet
facet normal 0.429238021 -0.810217857 0.399126232
  outer loop
   vertex 78833.5781 68534.6094 55496.4727
   vertex 78749.0938 68459.1562 55434.1562
   vertex 78787 68458.8281 55392.7266
  endloop
 endfacet
facet normal 0.752160549 -0.380137891 0.538284063
  outer loop
   vertex 78269.625 68586.3516 57372.4961
   vertex 78332.7969 68518.6406 57236.3984
   vertex 78336.1953 68595.375 57285.8398
  endloop
 endfacet
facet normal 0.904010355 -0.0152793014 0.427237391
  outer loop
   vertex 78269.625 68586.3516 57372.4961
   vertex 78254.6953 68494.8359 57400.8164
   vertex 78332.7969 68518.6406 57236.3984
  endloop
 endfacet
facet normal 0.975193262 -0.097609885 0.198671624
  outer loop
   vertex 78269.625 68586.3516 57372.4961
   vertex 78247.3125 68506.6562 57442.8633
   vertex 78254.6953 68494.8359 57400.8164
  endloop
 endfacet
facet normal 0.877624869 -0.430974066 -0.20984754
  outer loop
   vertex 78265.5703 68544.5312 57441.4531
   vertex 78247.3125 68506.6562 57442.8633
   vertex 78269.625 68586.3516 57372.4961
  endloop
 endfacet
facet normal 0.55389756 -0.779306769 -0.293050259
  outer loop
   vertex 78295.6172 68329.2188 56612.2227
   vertex 78269.0781 68363.4922 56470.9102
   vertex 78401.0703 68414.0234 56586.0117
  endloop
 endfacet
facet normal 0.318273723 -0.945419073 -0.0698902085
  outer loop
   vertex 78646.0312 68583.6719 56087.9062
   vertex 78500.1719 68516.8516 56327.5664
   vertex 78487.9688 68536.75 56002.8086
  endloop
 endfacet
facet normal -0.258759946 -0.932073474 0.253539711
  outer loop
   vertex 78712.0703 68444.3984 55299.6992
   vertex 78486.6797 68543.25 55433.0664
   vertex 78488.5156 68472.5391 55174.9648
  endloop
 endfacet
facet normal -0.800336182 -0.53089875 0.27858296
  outer loop
   vertex 78749.0938 68459.1562 55434.1562
   vertex 78712.0703 68444.3984 55299.6992
   vertex 78747.9062 68432.4141 55379.7852
  endloop
 endfacet
facet normal -0.319348872 -0.928439975 0.189777493
  outer loop
   vertex 78749.0938 68459.1562 55434.1562
   vertex 78665.0078 68519.0234 55585.582
   vertex 78712.0703 68444.3984 55299.6992
  endloop
 endfacet
facet normal -0.394752443 -0.831632257 0.390587091
  outer loop
   vertex 78488.1797 68354.4922 54924.3438
   vertex 78625.7031 68317.2109 54983.9609
   vertex 78612.7266 68369.1562 55081.4453
  endloop
 endfacet
facet normal 0.129286617 -0.86788404 0.479648083
  outer loop
   vertex 78796.0234 68352.1016 55001.1875
   vertex 78612.7266 68369.1562 55081.4453
   vertex 78625.7031 68317.2109 54983.9609
  endloop
 endfacet
facet normal -0.0335259251 -0.933796167 0.356231242
  outer loop
   vertex 78754.7578 68232.6172 54798.3203
   vertex 78640.9844 68277.8125 54906.0859
   vertex 78577.7656 68237.6797 54794.9258
  endloop
 endfacet
facet normal -0.384950787 -0.851771593 0.355384409
  outer loop
   vertex 78625.7031 68317.2109 54983.9609
   vertex 78488.1797 68354.4922 54924.3438
   vertex 78640.9844 68277.8125 54906.0859
  endloop
 endfacet
facet normal 0.163917273 -0.986461818 -0.00491488818
  outer loop
   vertex 78873.1094 68166.9219 54573.6641
   vertex 78794.3984 68153.5312 54635.8789
   vertex 78756.9766 68147.7656 54544.3633
  endloop
 endfacet
facet normal -0.329873592 -0.923034668 0.197965831
  outer loop
   vertex 78577.7656 68237.6797 54794.9258
   vertex 78507.5078 68236.3203 54671.5273
   vertex 78670.9531 68176.5 54664.9375
  endloop
 endfacet
facet normal -0.342462271 -0.939025044 0.0308466461
  outer loop
   vertex 78507.5078 68236.3203 54671.5273
   vertex 78571.4297 68206.9297 54486.5156
   vertex 78670.9531 68176.5 54664.9375
  endloop
 endfacet
facet normal -0.0338902622 -0.913411975 0.405622959
  outer loop
   vertex 78754.7578 68232.6172 54798.3203
   vertex 78577.7656 68237.6797 54794.9258
   vertex 78670.9531 68176.5 54664.9375
  endloop
 endfacet
facet normal -0.306151628 -0.951945782 0.00838849414
  outer loop
   vertex 78670.9531 68176.5 54664.9375
   vertex 78571.4297 68206.9297 54486.5156
   vertex 78756.9766 68147.7656 54544.3633
  endloop
 endfacet
facet normal -0.32660988 -0.941342294 0.084856838
  outer loop
   vertex 78756.9766 68147.7656 54544.3633
   vertex 78571.4297 68206.9297 54486.5156
   vertex 78744.3828 68141.5938 54427.4414
  endloop
 endfacet
facet normal -0.226950139 -0.91133672 0.34345156
  outer loop
   vertex 78571.4297 68206.9297 54486.5156
   vertex 78656.1016 68146.1953 54381.3047
   vertex 78744.3828 68141.5938 54427.4414
  endloop
 endfacet
facet normal -0.153114453 -0.980355144 0.124337301
  outer loop
   vertex 78756.9766 68147.7656 54544.3633
   vertex 78794.3984 68153.5312 54635.8789
   vertex 78670.9531 68176.5 54664.9375
  endloop
 endfacet
facet normal -0.0207159817 -0.997994721 -0.059811458
  outer loop
   vertex 78744.3828 68141.5938 54427.4414
   vertex 78656.1016 68146.1953 54381.3047
   vertex 78742.8359 68147.9766 54321.5156
  endloop
 endfacet
facet normal 0.155273303 -0.985944986 -0.0616655461
  outer loop
   vertex 78857.8516 68163.1016 54369.2617
   vertex 78744.3828 68141.5938 54427.4414
   vertex 78742.8359 68147.9766 54321.5156
  endloop
 endfacet
facet normal -0.122080252 -0.962542593 0.242091343
  outer loop
   vertex 78794.3984 68153.5312 54635.8789
   vertex 78777.4531 68171.6172 54699.25
   vertex 78670.9531 68176.5 54664.9375
  endloop
 endfacet
facet normal -0.194315568 -0.854549944 0.481649071
  outer loop
   vertex 78670.9531 68176.5 54664.9375
   vertex 78777.4531 68171.6172 54699.25
   vertex 78754.7578 68232.6172 54798.3203
  endloop
 endfacet
facet normal 0.582585096 -0.760716796 0.286189646
  outer loop
   vertex 78873.1094 68166.9219 54573.6641
   vertex 78999.875 68246.5703 54527.3398
   vertex 78887.3828 68216.75 54677.0781
  endloop
 endfacet
facet normal 0.417242825 -0.839878917 0.34714818
  outer loop
   vertex 78873.1094 68166.9219 54573.6641
   vertex 78887.3828 68216.75 54677.0781
   vertex 78794.3984 68153.5312 54635.8789
  endloop
 endfacet
facet normal 0.195749044 -0.98046416 0.0192956291
  outer loop
   vertex 78897.1719 68172.875 54466.9219
   vertex 78744.3828 68141.5938 54427.4414
   vertex 78857.8516 68163.1016 54369.2617
  endloop
 endfacet
facet normal 0.550636351 -0.831119299 0.0777196288
  outer loop
   vertex 78873.1094 68166.9219 54573.6641
   vertex 78897.1719 68172.875 54466.9219
   vertex 78999.875 68246.5703 54527.3398
  endloop
 endfacet
facet normal 0.40474993 -0.846874654 0.344935894
  outer loop
   vertex 78985.0859 68209.9141 54454.6836
   vertex 78999.875 68246.5703 54527.3398
   vertex 78897.1719 68172.875 54466.9219
  endloop
 endfacet
facet normal 0.767692506 -0.591069818 0.247557431
  outer loop
   vertex 79026.1484 68337.4609 54662.8633
   vertex 78999.875 68246.5703 54527.3398
   vertex 79123.2734 68407.7891 54529.6055
  endloop
 endfacet
facet normal 0.410217315 -0.731621206 0.544474244
  outer loop
   vertex 78754.7578 68232.6172 54798.3203
   vertex 78777.4531 68171.6172 54699.25
   vertex 78887.3828 68216.75 54677.0781
  endloop
 endfacet
facet normal 0.626978576 -0.674996018 0.388944954
  outer loop
   vertex 78935.5859 68336.2344 54806.7266
   vertex 78887.3828 68216.75 54677.0781
   vertex 79026.1484 68337.4609 54662.8633
  endloop
 endfacet
facet normal 0.750359356 -0.466436625 0.468399137
  outer loop
   vertex 78935.5859 68336.2344 54806.7266
   vertex 79026.1484 68337.4609 54662.8633
   vertex 79103.9375 68542.8281 54742.7578
  endloop
 endfacet
facet normal 0.818002462 -0.449477524 0.358945549
  outer loop
   vertex 79123.2734 68407.7891 54529.6055
   vertex 79103.9375 68542.8281 54742.7578
   vertex 79026.1484 68337.4609 54662.8633
  endloop
 endfacet
facet normal 0.636684358 -0.691853464 0.34054634
  outer loop
   vertex 78887.3828 68216.75 54677.0781
   vertex 78999.875 68246.5703 54527.3398
   vertex 79026.1484 68337.4609 54662.8633
  endloop
 endfacet
facet normal 0.415357262 -0.839370012 0.350622773
  outer loop
   vertex 78887.3828 68216.75 54677.0781
   vertex 78777.4531 68171.6172 54699.25
   vertex 78794.3984 68153.5312 54635.8789
  endloop
 endfacet
facet normal 0.300316513 -0.85361582 -0.425617278
  outer loop
   vertex 78985.0859 68209.9141 54454.6836
   vertex 78897.1719 68172.875 54466.9219
   vertex 79016.125 68266.4375 54363.2148
  endloop
 endfacet
facet normal 0.715175927 -0.553395033 0.426939458
  outer loop
   vertex 78999.875 68246.5703 54527.3398
   vertex 79086.8281 68309.3828 54463.0938
   vertex 79123.2734 68407.7891 54529.6055
  endloop
 endfacet
facet normal 0.84679836 -0.475159079 0.239074022
  outer loop
   vertex 79129.1953 68361.7656 54417.1406
   vertex 79123.2734 68407.7891 54529.6055
   vertex 79086.8281 68309.3828 54463.0938
  endloop
 endfacet
facet normal 0.899667203 -0.435055315 0.0364110582
  outer loop
   vertex 78999.875 68246.5703 54527.3398
   vertex 78985.0859 68209.9141 54454.6836
   vertex 79016.125 68266.4375 54363.2148
  endloop
 endfacet
facet normal 0.563385606 -0.825017512 -0.0440768227
  outer loop
   vertex 79086.8281 68309.3828 54463.0938
   vertex 78999.875 68246.5703 54527.3398
   vertex 79016.125 68266.4375 54363.2148
  endloop
 endfacet
facet normal 0.234679312 -0.933997452 -0.269396424
  outer loop
   vertex 78866.5469 68192.9297 54273.4336
   vertex 78857.8516 68163.1016 54369.2617
   vertex 78742.8359 68147.9766 54321.5156
  endloop
 endfacet
facet normal 0.538199067 -0.832188785 -0.13342984
  outer loop
   vertex 79016.125 68266.4375 54363.2148
   vertex 78897.1719 68172.875 54466.9219
   vertex 78857.8516 68163.1016 54369.2617
  endloop
 endfacet
facet normal 0.529125452 -0.822654724 -0.208003566
  outer loop
   vertex 79016.125 68266.4375 54363.2148
   vertex 78857.8516 68163.1016 54369.2617
   vertex 78866.5469 68192.9297 54273.4336
  endloop
 endfacet
facet normal 0.291573405 -0.842316151 -0.453308314
  outer loop
   vertex 78866.5469 68192.9297 54273.4336
   vertex 78747.1016 68193.3438 54195.8398
   vertex 78942.2109 68296.2578 54130.1055
  endloop
 endfacet
facet normal -0.203425527 -0.918707311 -0.338518798
  outer loop
   vertex 78599.7812 68187.9609 54298.9766
   vertex 78747.1016 68193.3438 54195.8398
   vertex 78742.8359 68147.9766 54321.5156
  endloop
 endfacet
facet normal -0.100432321 -0.975770414 -0.194384858
  outer loop
   vertex 78596.7266 68221.5391 54131.9922
   vertex 78747.1016 68193.3438 54195.8398
   vertex 78599.7812 68187.9609 54298.9766
  endloop
 endfacet
facet normal 0.241515547 -0.891646266 -0.382932365
  outer loop
   vertex 78872.5078 68372.3125 53825.707
   vertex 78866.3984 68312.2969 53961.6094
   vertex 78704.3516 68303.0938 53880.832
  endloop
 endfacet
facet normal 0.208466589 -0.922173321 -0.325788289
  outer loop
   vertex 78747.1016 68193.3438 54195.8398
   vertex 78866.5469 68192.9297 54273.4336
   vertex 78742.8359 68147.9766 54321.5156
  endloop
 endfacet
facet normal 0.554063141 -0.770431638 -0.315355539
  outer loop
   vertex 78872.5078 68372.3125 53825.707
   vertex 79039.6484 68440.375 53953.0898
   vertex 78866.3984 68312.2969 53961.6094
  endloop
 endfacet
facet normal 0.827180326 -0.481464088 -0.289767176
  outer loop
   vertex 79130.8438 68458.5078 54183.293
   vertex 79054.8203 68385.7578 54087.1562
   vertex 79039.6484 68440.375 53953.0898
  endloop
 endfacet
facet normal 0.637907982 -0.766401291 0.0755148381
  outer loop
   vertex 79054.8203 68385.7578 54087.1562
   vertex 79130.8438 68458.5078 54183.293
   vertex 78942.2109 68296.2578 54130.1055
  endloop
 endfacet
facet normal 0.67806673 -0.719594061 -0.149699226
  outer loop
   vertex 79016.125 68266.4375 54363.2148
   vertex 79135.4688 68384.2812 54337.2969
   vertex 79129.1953 68361.7656 54417.1406
  endloop
 endfacet
facet normal 0.682588279 -0.708670914 -0.178490311
  outer loop
   vertex 79016.125 68266.4375 54363.2148
   vertex 79129.1953 68361.7656 54417.1406
   vertex 79086.8281 68309.3828 54463.0938
  endloop
 endfacet
facet normal 0.91739136 -0.347994864 -0.193113148
  outer loop
   vertex 79227.3281 68663.1016 54272.9531
   vertex 79179.3906 68480.2578 54374.7109
   vertex 79130.8438 68458.5078 54183.293
  endloop
 endfacet
facet normal 0.918464243 -0.344796896 -0.193748713
  outer loop
   vertex 79135.4688 68384.2812 54337.2969
   vertex 79130.8438 68458.5078 54183.293
   vertex 79179.3906 68480.2578 54374.7109
  endloop
 endfacet
facet normal 0.615954041 -0.702272952 -0.356950074
  outer loop
   vertex 79135.4688 68384.2812 54337.2969
   vertex 79016.125 68266.4375 54363.2148
   vertex 79130.8438 68458.5078 54183.293
  endloop
 endfacet
facet normal 0.669310212 -0.68006587 -0.299222678
  outer loop
   vertex 79016.125 68266.4375 54363.2148
   vertex 78942.2109 68296.2578 54130.1055
   vertex 79130.8438 68458.5078 54183.293
  endloop
 endfacet
facet normal 0.886711538 -0.458985627 -0.0554514229
  outer loop
   vertex 79234.2969 68666.9375 54112.2969
   vertex 79130.8438 68458.5078 54183.293
   vertex 79190.3438 68594.4688 54009.3711
  endloop
 endfacet
facet normal 0.736397862 -0.631799042 -0.241967291
  outer loop
   vertex 79130.8438 68458.5078 54183.293
   vertex 79039.6484 68440.375 53953.0898
   vertex 79190.3438 68594.4688 54009.3711
  endloop
 endfacet
facet normal 0.753902793 -0.654367507 -0.0585985295
  outer loop
   vertex 79464.5625 69020.375 52422.3164
   vertex 79346.8594 68895.3047 52304.6953
   vertex 79456.2109 69032.8828 52175.2891
  endloop
 endfacet
facet normal 0.892329216 -0.428616852 0.141549245
  outer loop
   vertex 79196.1875 68676.3125 53810.293
   vertex 79249.3203 68747.9453 53692.25
   vertex 79288.9688 68836.3125 53709.8633
  endloop
 endfacet
facet normal 0.791351318 -0.586165547 -0.173703864
  outer loop
   vertex 79264.5078 68808.4141 53602.6914
   vertex 79174.3672 68676.5234 53637.1094
   vertex 79126.2109 68668.1797 53445.8594
  endloop
 endfacet
facet normal 0.760839343 -0.590319455 -0.269530028
  outer loop
   vertex 79249.3203 68747.9453 53692.25
   vertex 79174.3672 68676.5234 53637.1094
   vertex 79264.5078 68808.4141 53602.6914
  endloop
 endfacet
facet normal 0.920610249 -0.346871108 -0.17932418
  outer loop
   vertex 79196.1875 68676.3125 53810.293
   vertex 79282.2109 68880.0078 53857.9258
   vertex 79253.5391 68740.3203 53980.9336
  endloop
 endfacet
facet normal 0.8945086 -0.416039497 0.163601682
  outer loop
   vertex 79196.1875 68676.3125 53810.293
   vertex 79288.9688 68836.3125 53709.8633
   vertex 79282.2109 68880.0078 53857.9258
  endloop
 endfacet
facet normal 0.736420691 -0.633034825 -0.238645166
  outer loop
   vertex 79190.3438 68594.4688 54009.3711
   vertex 79039.6484 68440.375 53953.0898
   vertex 79196.1875 68676.3125 53810.293
  endloop
 endfacet
facet normal 0.608190179 -0.784834325 -0.118910894
  outer loop
   vertex 79126.2109 68668.1797 53445.8594
   vertex 79174.3672 68676.5234 53637.1094
   vertex 78962.5625 68513.0234 53632.8789
  endloop
 endfacet
facet normal 0.821697474 -0.167563885 -0.544734418
  outer loop
   vertex 79320.0469 69004.125 53626.2617
   vertex 79312.1094 68886.5391 53650.4648
   vertex 79264.5078 68808.4141 53602.6914
  endloop
 endfacet
facet normal 0.721497238 -0.686314821 -0.0917265639
  outer loop
   vertex 79174.3672 68676.5234 53637.1094
   vertex 79249.3203 68747.9453 53692.25
   vertex 79196.1875 68676.3125 53810.293
  endloop
 endfacet
facet normal 0.987745345 -0.137166947 0.0744607598
  outer loop
   vertex 79261.875 68864.7031 54099.4883
   vertex 79253.5391 68740.3203 53980.9336
   vertex 79282.2109 68880.0078 53857.9258
  endloop
 endfacet
facet normal 0.988572836 -0.13331534 0.0703615472
  outer loop
   vertex 79261.875 68864.7031 54099.4883
   vertex 79234.2969 68666.9375 54112.2969
   vertex 79253.5391 68740.3203 53980.9336
  endloop
 endfacet
facet normal 0.906181335 -0.411579549 -0.0971475393
  outer loop
   vertex 79234.2969 68666.9375 54112.2969
   vertex 79190.3438 68594.4688 54009.3711
   vertex 79253.5391 68740.3203 53980.9336
  endloop
 endfacet
facet normal 0.778152168 -0.612639189 -0.138392359
  outer loop
   vertex 79264.5078 68808.4141 53602.6914
   vertex 79126.2109 68668.1797 53445.8594
   vertex 79266.7969 68847.7891 53441.2344
  endloop
 endfacet
facet normal 0.951061606 -0.233453557 0.20243828
  outer loop
   vertex 79414.5703 69107.6406 53140.8672
   vertex 79396.2188 69210.8672 53346.1133
   vertex 79346.2188 69002.5312 53340.7695
  endloop
 endfacet
facet normal 0.041938059 -0.933695376 -0.355603904
  outer loop
   vertex 78742.2812 68242.6641 54043.9648
   vertex 78599.7422 68254.2969 53996.6094
   vertex 78704.3516 68303.0938 53880.832
  endloop
 endfacet
facet normal -0.0477984548 -0.950454116 -0.307168126
  outer loop
   vertex 78747.1016 68193.3438 54195.8398
   vertex 78596.7266 68221.5391 54131.9922
   vertex 78742.2812 68242.6641 54043.9648
  endloop
 endfacet
facet normal -0.0261678249 -0.88082087 -0.472725928
  outer loop
   vertex 78760.9844 68383.6406 53727.6172
   vertex 78704.3516 68303.0938 53880.832
   vertex 78585.125 68375.8906 53751.7969
  endloop
 endfacet
facet normal -0.133194998 -0.91080749 -0.390754223
  outer loop
   vertex 78518.3906 68319.9844 53904.8398
   vertex 78585.125 68375.8906 53751.7969
   vertex 78704.3516 68303.0938 53880.832
  endloop
 endfacet
facet normal 0.243095934 -0.892707467 -0.379444063
  outer loop
   vertex 78760.9844 68383.6406 53727.6172
   vertex 78872.5078 68372.3125 53825.707
   vertex 78704.3516 68303.0938 53880.832
  endloop
 endfacet
facet normal 0.243002504 -0.88986665 -0.386118084
  outer loop
   vertex 78866.3984 68312.2969 53961.6094
   vertex 78742.2812 68242.6641 54043.9648
   vertex 78704.3516 68303.0938 53880.832
  endloop
 endfacet
facet normal -0.339335471 -0.85990864 -0.381324768
  outer loop
   vertex 78546.3203 68568.4922 53442.207
   vertex 78785.7734 68519.2578 53340.1562
   vertex 78682.2031 68452.8984 53581.9609
  endloop
 endfacet
facet normal -0.0179732535 -0.906688571 -0.421417594
  outer loop
   vertex 78760.9844 68383.6406 53727.6172
   vertex 78585.125 68375.8906 53751.7969
   vertex 78682.2031 68452.8984 53581.9609
  endloop
 endfacet
facet normal 0.477454841 -0.84430182 -0.243292555
  outer loop
   vertex 79124.5703 68731.0078 52867.6484
   vertex 78999.0469 68615.1328 53023.4492
   vertex 78925.2578 68631.9844 52820.1523
  endloop
 endfacet
facet normal -0.226489648 -0.847215354 -0.480550259
  outer loop
   vertex 78487.3438 68470.0312 53643.5938
   vertex 78546.3203 68568.4922 53442.207
   vertex 78682.2031 68452.8984 53581.9609
  endloop
 endfacet
facet normal 0.604814231 -0.790236294 -0.0986225083
  outer loop
   vertex 78976.0156 68580.5781 53226.6797
   vertex 79126.2109 68668.1797 53445.8594
   vertex 78967.625 68551.6641 53406.8984
  endloop
 endfacet
facet normal -0.548413157 -0.822590768 0.150291026
  outer loop
   vertex 78629.3281 68595.5156 53186.6992
   vertex 78728.9844 68525.0234 53164.4727
   vertex 78785.7734 68519.2578 53340.1562
  endloop
 endfacet
facet normal -0.274375439 -0.942894042 -0.188862354
  outer loop
   vertex 78546.3203 68568.4922 53442.207
   vertex 78629.3281 68595.5156 53186.6992
   vertex 78785.7734 68519.2578 53340.1562
  endloop
 endfacet
facet normal -0.0949773788 -0.962938607 -0.252445102
  outer loop
   vertex 78823.4219 68524.1094 53132.4219
   vertex 78728.9844 68525.0234 53164.4727
   vertex 78713.3047 68561.2578 53032.1484
  endloop
 endfacet
facet normal -0.592871904 -0.791841209 -0.146596208
  outer loop
   vertex 78629.3281 68595.5156 53186.6992
   vertex 78713.3047 68561.2578 53032.1484
   vertex 78728.9844 68525.0234 53164.4727
  endloop
 endfacet
facet normal 0.0416428894 -0.908548832 -0.415698111
  outer loop
   vertex 78814.5234 68677.6719 52672.5547
   vertex 78833.4922 68749.8281 52516.7383
   vertex 79029.6797 68742.5625 52552.2773
  endloop
 endfacet
facet normal 0.421430051 -0.833318114 -0.357739687
  outer loop
   vertex 78911.3125 68543.9375 53085.9375
   vertex 78850.6016 68556.5391 52985.0547
   vertex 78999.0469 68615.1328 53023.4492
  endloop
 endfacet
facet normal 0.117851987 -0.974166393 -0.192641586
  outer loop
   vertex 78911.3125 68543.9375 53085.9375
   vertex 78823.4219 68524.1094 53132.4219
   vertex 78850.6016 68556.5391 52985.0547
  endloop
 endfacet
facet normal -0.956814945 0.0380528308 -0.288196474
  outer loop
   vertex 78696.0234 68958.9766 52540.8125
   vertex 78689.1875 68838.0938 52547.5625
   vertex 78656.5312 68832.2578 52655.207
  endloop
 endfacet
facet normal -0.555931509 -0.761696875 -0.332803339
  outer loop
   vertex 78626.5 68621.9766 53038.1875
   vertex 78648.4922 68658.5156 52917.8164
   vertex 78713.3047 68561.2578 53032.1484
  endloop
 endfacet
facet normal -0.418094844 -0.802693665 -0.425299346
  outer loop
   vertex 78761.6875 68608.6172 52854.8164
   vertex 78686.6719 68705.5156 52745.6758
   vertex 78814.5234 68677.6719 52672.5547
  endloop
 endfacet
facet normal -0.113250323 -0.965757728 -0.233423099
  outer loop
   vertex 78850.6016 68556.5391 52985.0547
   vertex 78823.4219 68524.1094 53132.4219
   vertex 78713.3047 68561.2578 53032.1484
  endloop
 endfacet
facet normal -0.131772995 -0.948159575 -0.289187342
  outer loop
   vertex 78761.6875 68608.6172 52854.8164
   vertex 78850.6016 68556.5391 52985.0547
   vertex 78713.3047 68561.2578 53032.1484
  endloop
 endfacet
facet normal -0.90010494 -0.326265007 -0.288725168
  outer loop
   vertex 78648.4922 68658.5156 52917.8164
   vertex 78619.6328 68813.75 52832.3672
   vertex 78686.6719 68705.5156 52745.6758
  endloop
 endfacet
facet normal -0.898797333 -0.375374883 -0.226400137
  outer loop
   vertex 78619.6328 68813.75 52832.3672
   vertex 78656.5312 68832.2578 52655.207
   vertex 78686.6719 68705.5156 52745.6758
  endloop
 endfacet
facet normal -0.528668165 -0.781756163 -0.330707282
  outer loop
   vertex 78761.6875 68608.6172 52854.8164
   vertex 78648.4922 68658.5156 52917.8164
   vertex 78686.6719 68705.5156 52745.6758
  endloop
 endfacet
facet normal -0.353343546 -0.83173269 -0.42821613
  outer loop
   vertex 78814.5234 68677.6719 52672.5547
   vertex 78723.6953 68759.6172 52588.332
   vertex 78833.4922 68749.8281 52516.7383
  endloop
 endfacet
facet normal -0.900052249 -0.219547778 -0.3764368
  outer loop
   vertex 78798.1641 69078.8203 52350.9258
   vertex 78862.2969 69083.75 52194.7148
   vertex 78893.5625 68937.8047 52205.0781
  endloop
 endfacet
facet normal -0.818915546 -0.503329456 -0.275747657
  outer loop
   vertex 78723.6953 68759.6172 52588.332
   vertex 78656.5312 68832.2578 52655.207
   vertex 78689.1875 68838.0938 52547.5625
  endloop
 endfacet
facet normal -0.867174864 -0.217583567 -0.447956622
  outer loop
   vertex 78862.2969 69083.75 52194.7148
   vertex 78916.1719 69069.3281 52097.4297
   vertex 78893.5625 68937.8047 52205.0781
  endloop
 endfacet
facet normal -0.595859706 -0.560689926 -0.574959099
  outer loop
   vertex 78689.1875 68838.0938 52547.5625
   vertex 78771.8281 68862.4062 52438.207
   vertex 78723.6953 68759.6172 52588.332
  endloop
 endfacet
facet normal -0.542515218 -0.674079418 -0.501292467
  outer loop
   vertex 78901.7031 68808.9141 52369.582
   vertex 78771.8281 68862.4062 52438.207
   vertex 78893.5625 68937.8047 52205.0781
  endloop
 endfacet
facet normal -0.870803475 -0.0890308321 -0.483502626
  outer loop
   vertex 78798.1641 69078.8203 52350.9258
   vertex 78893.5625 68937.8047 52205.0781
   vertex 78771.8281 68862.4062 52438.207
  endloop
 endfacet
facet normal -0.815768063 -0.106205955 -0.568544447
  outer loop
   vertex 78916.1719 69069.3281 52097.4297
   vertex 78980.6484 69128.5078 51993.8555
   vertex 79010.1484 68953.7188 51984.1797
  endloop
 endfacet
facet normal -0.886789262 -0.125032872 -0.444939941
  outer loop
   vertex 78980.6484 69128.5078 51993.8555
   vertex 79081.6641 69091.2422 51803
   vertex 79010.1484 68953.7188 51984.1797
  endloop
 endfacet
facet normal 0.959299862 -0.267855525 0.0894271359
  outer loop
   vertex 79369.9141 69130.6094 53470.1719
   vertex 79320.0469 69004.125 53626.2617
   vertex 79346.2188 69002.5312 53340.7695
  endloop
 endfacet
facet normal -0.428722203 -0.902623355 -0.038318716
  outer loop
   vertex 79051.5469 68845.8438 52174.8594
   vertex 78971.9141 68886.8906 52098.793
   vertex 78995.5391 68876.7188 52074.0781
  endloop
 endfacet
facet normal -0.729464471 -0.456430048 -0.509463608
  outer loop
   vertex 79010.1484 68953.7188 51984.1797
   vertex 78995.5391 68876.7188 52074.0781
   vertex 78971.9141 68886.8906 52098.793
  endloop
 endfacet
facet normal 0.471036017 -0.864900589 -0.173413008
  outer loop
   vertex 79029.6797 68742.5625 52552.2773
   vertex 79124.5703 68731.0078 52867.6484
   vertex 78925.2578 68631.9844 52820.1523
  endloop
 endfacet
facet normal 0.970640481 -0.234351352 0.0541899577
  outer loop
   vertex 79396.2188 69210.8672 53346.1133
   vertex 79369.9141 69130.6094 53470.1719
   vertex 79346.2188 69002.5312 53340.7695
  endloop
 endfacet
facet normal 0.906972945 -0.421167254 0.00427081389
  outer loop
   vertex 79414.5703 69107.6406 53140.8672
   vertex 79338.1328 68943.2031 53156.9062
   vertex 79326.3438 68915.7734 52956.0352
  endloop
 endfacet
facet normal -0.86858803 -0.16424875 -0.467522383
  outer loop
   vertex 79010.1484 68953.7188 51984.1797
   vertex 79081.6641 69091.2422 51803
   vertex 79120.3984 68986.3594 51767.8906
  endloop
 endfacet
facet normal -0.943013728 -0.326135069 -0.0660381466
  outer loop
   vertex 79105.0469 69040.1328 51721.5625
   vertex 79120.3984 68986.3594 51767.8906
   vertex 79081.6641 69091.2422 51803
  endloop
 endfacet
facet normal -0.974561095 -0.209385931 0.0799262896
  outer loop
   vertex 79105.0469 69040.1328 51721.5625
   vertex 79107.0156 69027 51711.1562
   vertex 79120.3984 68986.3594 51767.8906
  endloop
 endfacet
facet normal -0.842760384 -0.115116753 -0.525835633
  outer loop
   vertex 79120.3984 68986.3594 51767.8906
   vertex 79097.9844 68906.8125 51821.2266
   vertex 79081.3359 68912.9844 51846.5508
  endloop
 endfacet
facet normal -0.889918864 -0.0150106093 -0.455871791
  outer loop
   vertex 79120.3984 68986.3594 51767.8906
   vertex 79081.3359 68912.9844 51846.5508
   vertex 79010.1484 68953.7188 51984.1797
  endloop
 endfacet
facet normal 0.867767155 -0.277746052 0.41211319
  outer loop
   vertex 79514.1953 69103.5547 52100.8164
   vertex 79528.0156 69224.4141 52153.1641
   vertex 79456.2109 69032.8828 52175.2891
  endloop
 endfacet
facet normal 0.92927444 -0.35862878 -0.0885121226
  outer loop
   vertex 79550.6328 69221.125 52403.9062
   vertex 79456.2109 69032.8828 52175.2891
   vertex 79528.0156 69224.4141 52153.1641
  endloop
 endfacet
facet normal 0.742732525 -0.664885521 -0.0792187005
  outer loop
   vertex 79456.2109 69032.8828 52175.2891
   vertex 79346.8594 68895.3047 52304.6953
   vertex 79330.1797 68894.6641 52153.6719
  endloop
 endfacet
facet normal 0.894978881 -0.283239871 -0.344656259
  outer loop
   vertex 79499.0625 69125.2734 52043.6523
   vertex 79514.1953 69103.5547 52100.8164
   vertex 79487.6016 69064.2656 52064.0508
  endloop
 endfacet
facet normal 0.617682636 0.275592774 -0.736557364
  outer loop
   vertex 79327.2109 69230.1016 51876.6016
   vertex 79329.6562 69091.8125 51826.9062
   vertex 79216.8359 69082.2422 51728.7109
  endloop
 endfacet
facet normal 0.575696945 0.28550446 -0.766198516
  outer loop
   vertex 79327.2109 69230.1016 51876.6016
   vertex 79463.1641 69226.2344 51977.3047
   vertex 79329.6562 69091.8125 51826.9062
  endloop
 endfacet
facet normal -0.0548463389 -0.670141101 -0.740204513
  outer loop
   vertex 79207.8281 68986.3594 51707.668
   vertex 79229.8359 69012.4219 51682.4414
   vertex 79242.875 68989.1172 51702.5703
  endloop
 endfacet
facet normal -0.239464328 0.504986167 -0.829244137
  outer loop
   vertex 79229.8359 69012.4219 51682.4414
   vertex 79181.9062 69014.875 51697.7773
   vertex 79216.8359 69082.2422 51728.7109
  endloop
 endfacet
facet normal 0.882489026 -0.470024556 -0.0170296356
  outer loop
   vertex 79529.7891 69138.2031 52550.3867
   vertex 79467.5391 69020 52587.1211
   vertex 79464.5625 69020.375 52422.3164
  endloop
 endfacet
facet normal 0.861293375 -0.5001598 -0.0895202905
  outer loop
   vertex 79266.7969 68847.7891 53441.2344
   vertex 79198.1016 68775.9531 53181.6797
   vertex 79346.2188 69002.5312 53340.7695
  endloop
 endfacet
facet normal 0.599152029 -0.797766447 -0.067716822
  outer loop
   vertex 78999.0469 68615.1328 53023.4492
   vertex 78976.0156 68580.5781 53226.6797
   vertex 78911.3125 68543.9375 53085.9375
  endloop
 endfacet
facet normal 0.653304219 -0.755143464 -0.0543319508
  outer loop
   vertex 78999.0469 68615.1328 53023.4492
   vertex 79198.1016 68775.9531 53181.6797
   vertex 78976.0156 68580.5781 53226.6797
  endloop
 endfacet
facet normal 0.846144319 -0.51632601 0.132088169
  outer loop
   vertex 79465.5781 69134.1875 52917.8555
   vertex 79414.5703 69107.6406 53140.8672
   vertex 79326.3438 68915.7734 52956.0352
  endloop
 endfacet
facet normal 0.843984246 -0.507897496 0.17242609
  outer loop
   vertex 79407.4453 68974.0781 52730.7891
   vertex 79465.5781 69134.1875 52917.8555
   vertex 79326.3438 68915.7734 52956.0352
  endloop
 endfacet
facet normal 0.768082738 -0.618509412 0.165816218
  outer loop
   vertex 79198.1016 68775.9531 53181.6797
   vertex 79338.1328 68943.2031 53156.9062
   vertex 79346.2188 69002.5312 53340.7695
  endloop
 endfacet
facet normal 0.426694214 -0.889951885 -0.160989657
  outer loop
   vertex 79029.6797 68742.5625 52552.2773
   vertex 79246.3203 68821.4062 52690.6016
   vertex 79124.5703 68731.0078 52867.6484
  endloop
 endfacet
facet normal 0.475991637 -0.876912415 -0.0667573214
  outer loop
   vertex 79203.1562 68811.8516 52376.3906
   vertex 79233.6172 68841.2266 52207.6758
   vertex 79346.8594 68895.3047 52304.6953
  endloop
 endfacet
facet normal 0.911549985 -0.399697363 -0.0965331793
  outer loop
   vertex 79550.6328 69221.125 52403.9062
   vertex 79529.7891 69138.2031 52550.3867
   vertex 79464.5625 69020.375 52422.3164
  endloop
 endfacet
facet normal 0.916173816 -0.397512197 -0.0510842539
  outer loop
   vertex 79550.6328 69221.125 52403.9062
   vertex 79464.5625 69020.375 52422.3164
   vertex 79456.2109 69032.8828 52175.2891
  endloop
 endfacet
facet normal 0.729219317 -0.33615908 -0.596017003
  outer loop
   vertex 79499.0625 69125.2734 52043.6523
   vertex 79487.6016 69064.2656 52064.0508
   vertex 79401.8125 69038.0547 51973.8555
  endloop
 endfacet
facet normal 0.825722575 -0.260041028 -0.500560641
  outer loop
   vertex 79329.6562 69091.8125 51826.9062
   vertex 79463.1641 69226.2344 51977.3047
   vertex 79401.8125 69038.0547 51973.8555
  endloop
 endfacet
facet normal -0.55779177 -0.473218083 -0.68185991
  outer loop
   vertex 79120.3984 68986.3594 51767.8906
   vertex 79133.1016 69043.5547 51717.8008
   vertex 79181.9062 69014.875 51697.7773
  endloop
 endfacet
facet normal -0.708354056 -0.369393021 -0.601484239
  outer loop
   vertex 79120.3984 68986.3594 51767.8906
   vertex 79119.9297 69066.9141 51718.9648
   vertex 79133.1016 69043.5547 51717.8008
  endloop
 endfacet
facet normal 0.532527149 0.525994778 -0.66313225
  outer loop
   vertex 79329.6562 69091.8125 51826.9062
   vertex 79258.5312 69022.8047 51715.0586
   vertex 79216.8359 69082.2422 51728.7109
  endloop
 endfacet
facet normal -0.282504827 -0.533249378 -0.797393322
  outer loop
   vertex 79207.8281 68986.3594 51707.668
   vertex 79181.9062 69014.875 51697.7773
   vertex 79229.8359 69012.4219 51682.4414
  endloop
 endfacet
facet normal -0.442713886 -0.625222564 -0.642729461
  outer loop
   vertex 79207.8281 68986.3594 51707.668
   vertex 79120.3984 68986.3594 51767.8906
   vertex 79181.9062 69014.875 51697.7773
  endloop
 endfacet
facet normal 0.742638886 -0.656512916 -0.132205337
  outer loop
   vertex 79456.2109 69032.8828 52175.2891
   vertex 79330.1797 68894.6641 52153.6719
   vertex 79348.0078 68935.1641 52052.7305
  endloop
 endfacet
facet normal 0.727135122 -0.485894531 -0.484954625
  outer loop
   vertex 79258.5312 69022.8047 51715.0586
   vertex 79229.8359 69012.4219 51682.4414
   vertex 79241.7422 69030.7422 51681.9375
  endloop
 endfacet
facet normal 0.781339228 -0.581758797 -0.225977346
  outer loop
   vertex 79401.8125 69038.0547 51973.8555
   vertex 79456.2109 69032.8828 52175.2891
   vertex 79348.0078 68935.1641 52052.7305
  endloop
 endfacet
facet normal 0.417189598 -0.898619771 -0.135776818
  outer loop
   vertex 79401.8125 69038.0547 51973.8555
   vertex 79487.6016 69064.2656 52064.0508
   vertex 79456.2109 69032.8828 52175.2891
  endloop
 endfacet
facet normal 0.277244806 -0.954496503 0.109871499
  outer loop
   vertex 79246.3203 68821.4062 52690.6016
   vertex 79029.6797 68742.5625 52552.2773
   vertex 79208.4375 68791.9844 52530.5586
  endloop
 endfacet
facet normal 0.463258892 -0.884953797 -0.0474125072
  outer loop
   vertex 79330.1797 68894.6641 52153.6719
   vertex 79346.8594 68895.3047 52304.6953
   vertex 79233.6172 68841.2266 52207.6758
  endloop
 endfacet
facet normal 0.492040843 -0.870161653 -0.0267306454
  outer loop
   vertex 79346.8594 68895.3047 52304.6953
   vertex 79343.7734 68886.9922 52518.582
   vertex 79203.1562 68811.8516 52376.3906
  endloop
 endfacet
facet normal 0.844240785 -0.499870181 0.19335787
  outer loop
   vertex 79467.5391 69020 52587.1211
   vertex 79510.2656 69138.6562 52707.2969
   vertex 79407.4453 68974.0781 52730.7891
  endloop
 endfacet
facet normal 0.575344384 -0.817788661 0.0141611556
  outer loop
   vertex 79246.3203 68821.4062 52690.6016
   vertex 79208.4375 68791.9844 52530.5586
   vertex 79343.7734 68886.9922 52518.582
  endloop
 endfacet
facet normal 0.906320453 -0.412194818 0.093159467
  outer loop
   vertex 79346.2188 69002.5312 53340.7695
   vertex 79338.1328 68943.2031 53156.9062
   vertex 79414.5703 69107.6406 53140.8672
  endloop
 endfacet
facet normal 0.735817194 -0.67701745 -0.0148473363
  outer loop
   vertex 79343.7734 68886.9922 52518.582
   vertex 79464.5625 69020.375 52422.3164
   vertex 79467.5391 69020 52587.1211
  endloop
 endfacet
facet normal 0.735488176 -0.677354991 -0.0157277882
  outer loop
   vertex 79343.7734 68886.9922 52518.582
   vertex 79346.8594 68895.3047 52304.6953
   vertex 79464.5625 69020.375 52422.3164
  endloop
 endfacet
facet normal 0.769118249 -0.637729466 0.041932065
  outer loop
   vertex 79198.1016 68775.9531 53181.6797
   vertex 79326.3438 68915.7734 52956.0352
   vertex 79338.1328 68943.2031 53156.9062
  endloop
 endfacet
facet normal 0.638878763 -0.757350147 -0.135109782
  outer loop
   vertex 79126.2109 68668.1797 53445.8594
   vertex 78976.0156 68580.5781 53226.6797
   vertex 79198.1016 68775.9531 53181.6797
  endloop
 endfacet
facet normal 0.648342967 -0.760131955 -0.0430206731
  outer loop
   vertex 79198.1016 68775.9531 53181.6797
   vertex 78999.0469 68615.1328 53023.4492
   vertex 79124.5703 68731.0078 52867.6484
  endloop
 endfacet
facet normal 0.687810779 -0.723609865 -0.0574902259
  outer loop
   vertex 79326.3438 68915.7734 52956.0352
   vertex 79198.1016 68775.9531 53181.6797
   vertex 79124.5703 68731.0078 52867.6484
  endloop
 endfacet
facet normal 0.657212675 -0.750566721 0.068710573
  outer loop
   vertex 79326.3438 68915.7734 52956.0352
   vertex 79124.5703 68731.0078 52867.6484
   vertex 79246.3203 68821.4062 52690.6016
  endloop
 endfacet
facet normal 0.671078146 -0.734595656 0.100116991
  outer loop
   vertex 79343.7734 68886.9922 52518.582
   vertex 79407.4453 68974.0781 52730.7891
   vertex 79246.3203 68821.4062 52690.6016
  endloop
 endfacet
facet normal 0.679455101 -0.731632113 0.0552740023
  outer loop
   vertex 79407.4453 68974.0781 52730.7891
   vertex 79326.3438 68915.7734 52956.0352
   vertex 79246.3203 68821.4062 52690.6016
  endloop
 endfacet
facet normal 0.326570451 -0.944443703 0.0371193029
  outer loop
   vertex 78785.7734 68519.2578 53340.1562
   vertex 78823.4219 68524.1094 53132.4219
   vertex 78976.0156 68580.5781 53226.6797
  endloop
 endfacet
facet normal -0.0187189318 -0.999467194 -0.0267372821
  outer loop
   vertex 78728.9844 68525.0234 53164.4727
   vertex 78823.4219 68524.1094 53132.4219
   vertex 78785.7734 68519.2578 53340.1562
  endloop
 endfacet
facet normal 0.278446734 -0.952913165 0.120099477
  outer loop
   vertex 78823.4219 68524.1094 53132.4219
   vertex 78911.3125 68543.9375 53085.9375
   vertex 78976.0156 68580.5781 53226.6797
  endloop
 endfacet
facet normal 0.224654883 -0.963716805 -0.144153178
  outer loop
   vertex 78785.7734 68519.2578 53340.1562
   vertex 78976.0156 68580.5781 53226.6797
   vertex 78967.625 68551.6641 53406.8984
  endloop
 endfacet
facet normal 0.550914943 -0.775426269 -0.30855599
  outer loop
   vertex 79039.6484 68440.375 53953.0898
   vertex 78872.5078 68372.3125 53825.707
   vertex 78962.5625 68513.0234 53632.8789
  endloop
 endfacet
facet normal 0.692454815 -0.649514139 -0.314066499
  outer loop
   vertex 79196.1875 68676.3125 53810.293
   vertex 79039.6484 68440.375 53953.0898
   vertex 78962.5625 68513.0234 53632.8789
  endloop
 endfacet
facet normal 0.229497761 -0.960227072 -0.159043163
  outer loop
   vertex 78785.7734 68519.2578 53340.1562
   vertex 78967.625 68551.6641 53406.8984
   vertex 78962.5625 68513.0234 53632.8789
  endloop
 endfacet
facet normal 0.318027109 -0.830421507 -0.457448184
  outer loop
   vertex 78760.9844 68383.6406 53727.6172
   vertex 78962.5625 68513.0234 53632.8789
   vertex 78872.5078 68372.3125 53825.707
  endloop
 endfacet
facet normal 0.235009134 -0.958341897 -0.162331551
  outer loop
   vertex 78785.7734 68519.2578 53340.1562
   vertex 78962.5625 68513.0234 53632.8789
   vertex 78682.2031 68452.8984 53581.9609
  endloop
 endfacet
facet normal 0.268681526 -0.805424452 -0.528300762
  outer loop
   vertex 78682.2031 68452.8984 53581.9609
   vertex 78962.5625 68513.0234 53632.8789
   vertex 78760.9844 68383.6406 53727.6172
  endloop
 endfacet
facet normal -0.495227695 -0.867302001 0.0503665581
  outer loop
   vertex 78971.9141 68886.8906 52098.793
   vertex 79051.5469 68845.8438 52174.8594
   vertex 78893.5625 68937.8047 52205.0781
  endloop
 endfacet
facet normal 0.0306973401 -0.932389379 -0.360149533
  outer loop
   vertex 78833.4922 68749.8281 52516.7383
   vertex 78901.7031 68808.9141 52369.582
   vertex 79029.6797 68742.5625 52552.2773
  endloop
 endfacet
facet normal 0.046496518 -0.916162491 -0.398101002
  outer loop
   vertex 78761.6875 68608.6172 52854.8164
   vertex 78925.2578 68631.9844 52820.1523
   vertex 78850.6016 68556.5391 52985.0547
  endloop
 endfacet
facet normal 0.0625936463 -0.939185023 -0.337658852
  outer loop
   vertex 78761.6875 68608.6172 52854.8164
   vertex 78814.5234 68677.6719 52672.5547
   vertex 78925.2578 68631.9844 52820.1523
  endloop
 endfacet
facet normal 0.0844467804 -0.932220876 -0.351899117
  outer loop
   vertex 78814.5234 68677.6719 52672.5547
   vertex 79029.6797 68742.5625 52552.2773
   vertex 78925.2578 68631.9844 52820.1523
  endloop
 endfacet
facet normal -0.684310734 -0.513760269 0.517464161
  outer loop
   vertex 79093.6641 68888.7891 51838.832
   vertex 79129.7734 68904.3281 51902.0117
   vertex 79081.3359 68912.9844 51846.5508
  endloop
 endfacet
facet normal -0.541631758 -0.776595652 -0.321767449
  outer loop
   vertex 79051.5469 68845.8438 52174.8594
   vertex 79010.1484 68953.7188 51984.1797
   vertex 79129.7734 68904.3281 51902.0117
  endloop
 endfacet
facet normal 0.525699556 -0.686423779 -0.502456307
  outer loop
   vertex 78995.5391 68876.7188 52074.0781
   vertex 79010.1484 68953.7188 51984.1797
   vertex 79051.5469 68845.8438 52174.8594
  endloop
 endfacet
facet normal -0.306848645 -0.944074214 0.12069723
  outer loop
   vertex 79010.1484 68953.7188 51984.1797
   vertex 79081.3359 68912.9844 51846.5508
   vertex 79129.7734 68904.3281 51902.0117
  endloop
 endfacet
facet normal -0.83342129 -0.270781994 -0.481753111
  outer loop
   vertex 79081.3359 68912.9844 51846.5508
   vertex 79097.9844 68906.8125 51821.2266
   vertex 79093.6641 68888.7891 51838.832
  endloop
 endfacet
facet normal 0.794278443 -0.511249125 -0.328247011
  outer loop
   vertex 79093.6641 68888.7891 51838.832
   vertex 79097.9844 68906.8125 51821.2266
   vertex 79129.7734 68904.3281 51902.0117
  endloop
 endfacet
facet normal 0.822290957 -0.458080262 -0.337638855
  outer loop
   vertex 79097.9844 68906.8125 51821.2266
   vertex 79120.3984 68986.3594 51767.8906
   vertex 79129.7734 68904.3281 51902.0117
  endloop
 endfacet
facet normal 0.00575015182 -0.985336483 -0.170525506
  outer loop
   vertex 79203.1562 68811.8516 52376.3906
   vertex 79051.5469 68845.8438 52174.8594
   vertex 79233.6172 68841.2266 52207.6758
  endloop
 endfacet
facet normal 0.249192595 -0.959395111 -0.132151902
  outer loop
   vertex 79203.1562 68811.8516 52376.3906
   vertex 79208.4375 68791.9844 52530.5586
   vertex 79029.6797 68742.5625 52552.2773
  endloop
 endfacet
facet normal 0.562681854 -0.817235291 -0.124561593
  outer loop
   vertex 79203.1562 68811.8516 52376.3906
   vertex 79343.7734 68886.9922 52518.582
   vertex 79208.4375 68791.9844 52530.5586
  endloop
 endfacet
facet normal 0.438135713 -0.858349741 -0.266969681
  outer loop
   vertex 79330.1797 68894.6641 52153.6719
   vertex 79229.4766 68871.4297 52063.1133
   vertex 79348.0078 68935.1641 52052.7305
  endloop
 endfacet
facet normal 0.442855746 -0.863154888 -0.242574587
  outer loop
   vertex 79276.8906 68928.8828 51945.2539
   vertex 79348.0078 68935.1641 52052.7305
   vertex 79229.4766 68871.4297 52063.1133
  endloop
 endfacet
facet normal 0.251285166 -0.906025887 -0.340547979
  outer loop
   vertex 79129.7734 68904.3281 51902.0117
   vertex 79276.8906 68928.8828 51945.2539
   vertex 79229.4766 68871.4297 52063.1133
  endloop
 endfacet
facet normal 0.0121027585 -0.978720963 -0.204838365
  outer loop
   vertex 79051.5469 68845.8438 52174.8594
   vertex 79229.4766 68871.4297 52063.1133
   vertex 79233.6172 68841.2266 52207.6758
  endloop
 endfacet
facet normal 0.0109531628 -0.978366792 -0.206587702
  outer loop
   vertex 79051.5469 68845.8438 52174.8594
   vertex 79129.7734 68904.3281 51902.0117
   vertex 79229.4766 68871.4297 52063.1133
  endloop
 endfacet
facet normal 0.386886865 -0.900354087 -0.199201003
  outer loop
   vertex 79233.6172 68841.2266 52207.6758
   vertex 79229.4766 68871.4297 52063.1133
   vertex 79330.1797 68894.6641 52153.6719
  endloop
 endfacet
facet normal 0.0670116022 -0.99470222 -0.0779547989
  outer loop
   vertex 79207.8281 68986.3594 51707.668
   vertex 79242.875 68989.1172 51702.5703
   vertex 79250.4531 68981.9922 51799.9844
  endloop
 endfacet
facet normal -0.0246811509 -0.999053299 -0.0358231477
  outer loop
   vertex 79120.3984 68986.3594 51767.8906
   vertex 79207.8281 68986.3594 51707.668
   vertex 79250.4531 68981.9922 51799.9844
  endloop
 endfacet
facet normal 0.258310139 -0.891207933 -0.372859597
  outer loop
   vertex 79276.8906 68928.8828 51945.2539
   vertex 79129.7734 68904.3281 51902.0117
   vertex 79250.4531 68981.9922 51799.9844
  endloop
 endfacet
facet normal 0.764029741 -0.120108359 -0.633902609
  outer loop
   vertex 79229.8359 69012.4219 51682.4414
   vertex 79258.5312 69022.8047 51715.0586
   vertex 79242.875 68989.1172 51702.5703
  endloop
 endfacet
facet normal 0.915939927 -0.388736784 -0.0996882096
  outer loop
   vertex 79258.5312 69022.8047 51715.0586
   vertex 79250.4531 68981.9922 51799.9844
   vertex 79242.875 68989.1172 51702.5703
  endloop
 endfacet
facet normal 0.100992784 -0.845580041 -0.524208844
  outer loop
   vertex 79120.3984 68986.3594 51767.8906
   vertex 79250.4531 68981.9922 51799.9844
   vertex 79129.7734 68904.3281 51902.0117
  endloop
 endfacet
facet normal 0.748724163 -0.412824661 -0.518640459
  outer loop
   vertex 79329.6562 69091.8125 51826.9062
   vertex 79401.8125 69038.0547 51973.8555
   vertex 79250.4531 68981.9922 51799.9844
  endloop
 endfacet
facet normal 0.81807977 -0.54486537 -0.184030578
  outer loop
   vertex 79258.5312 69022.8047 51715.0586
   vertex 79329.6562 69091.8125 51826.9062
   vertex 79250.4531 68981.9922 51799.9844
  endloop
 endfacet
facet normal 0.659182549 -0.659595191 -0.361126691
  outer loop
   vertex 79276.8906 68928.8828 51945.2539
   vertex 79250.4531 68981.9922 51799.9844
   vertex 79401.8125 69038.0547 51973.8555
  endloop
 endfacet
endsolid MATLAB_1
