solid MATLAB_1
facet normal 0.226586655 -0.817625999 0.529288352
  outer loop
   vertex 43531.0898 28491.5156 29326.918
   vertex 43513.8008 28571.3887 29457.7031
   vertex 43339.2578 28479.1582 29389.9492
  endloop
 endfacet
facet normal -0.0340811796 -0.521275938 0.852707386
  outer loop
   vertex 42771.7891 28615.2441 29734.623
   vertex 42913.8945 28659.2871 29767.2285
   vertex 42928.5078 28781.1055 29842.2812
  endloop
 endfacet
facet normal -0.429381222 0.844767451 -0.319373846
  outer loop
   vertex 41736.5469 28942.5117 29896.2969
   vertex 41749.6641 28993.7578 30014.2168
   vertex 41837.7617 29004.4727 29924.1094
  endloop
 endfacet
facet normal 0.524261117 -0.614715934 0.589300036
  outer loop
   vertex 37912.4766 28657.0059 32666.7422
   vertex 37899.8398 28730.6309 32754.7852
   vertex 37819.9805 28631.627 32722.5547
  endloop
 endfacet
facet normal -0.767245233 0.379474133 -0.51704371
  outer loop
   vertex 43305.7539 28806.7207 28587.5625
   vertex 43213.2617 28799.3184 28719.377
   vertex 43325.1914 28877.0664 28610.3457
  endloop
 endfacet
facet normal 0.118101642 0.788816869 -0.603174925
  outer loop
   vertex 48466.043 28373.623 28083.4375
   vertex 48290.9922 28380.0723 28057.5957
   vertex 48367.4492 28458.8926 28175.6445
  endloop
 endfacet
facet normal -0.281150222 0.959203184 0.0297287572
  outer loop
   vertex 41188.3555 28955.2793 30403.7051
   vertex 41079.2539 28922.6328 30425.2637
   vertex 41172.8359 28945.0957 30585.498
  endloop
 endfacet
facet normal -0.153247803 0.986978948 -0.048864197
  outer loop
   vertex 41039.7383 28921.8086 30532.5508
   vertex 41172.8359 28945.0957 30585.498
   vertex 41079.2539 28922.6328 30425.2637
  endloop
 endfacet
facet normal 0.257799208 -0.887722015 0.381430417
  outer loop
   vertex 35136.6289 27539.6758 34633.8945
   vertex 35007.0742 27498.5039 34625.6367
   vertex 35087.8398 27473.002 34511.6992
  endloop
 endfacet
facet normal -0.149889216 -0.907160878 0.393182427
  outer loop
   vertex 37885.3086 28217.4141 32022.6582
   vertex 38021.7031 28234.2539 32113.5078
   vertex 37823.5938 28325.1855 32247.7852
  endloop
 endfacet
facet normal -0.0152732925 -0.993079424 0.11644727
  outer loop
   vertex 38251.3672 28105.5801 31651.9219
   vertex 38396.5586 28112.8477 31732.9355
   vertex 38254.5781 28129.0566 31852.5488
  endloop
 endfacet
facet normal -0.325729638 -0.940347791 0.0982152075
  outer loop
   vertex 37885.3086 28217.4141 32022.6582
   vertex 37813.6836 28229.1328 31897.3164
   vertex 37938.5703 28182.1328 31861.5098
  endloop
 endfacet
facet normal -0.343896925 -0.934592366 0.0909505635
  outer loop
   vertex 37978.7578 28179.1504 31982.8125
   vertex 37885.3086 28217.4141 32022.6582
   vertex 37938.5703 28182.1328 31861.5098
  endloop
 endfacet
facet normal 0.187526286 -0.752870858 0.630887806
  outer loop
   vertex 39543.9648 28078.207 31329.6172
   vertex 39733.4805 28170.5254 31383.4551
   vertex 39517.3945 28222.2676 31509.4297
  endloop
 endfacet
facet normal 0.0930147767 -0.637135148 0.765119016
  outer loop
   vertex 39692.7695 28051.2656 31289.0938
   vertex 39733.4805 28170.5254 31383.4551
   vertex 39543.9648 28078.207 31329.6172
  endloop
 endfacet
facet normal -0.78813839 -0.234705731 -0.568991244
  outer loop
   vertex 36638.4023 28748.1309 32667.6758
   vertex 36719.5898 28694.7129 32577.2578
   vertex 36667.8828 28601.5137 32687.3203
  endloop
 endfacet
facet normal 0.0715198144 -0.942671359 -0.325968772
  outer loop
   vertex 46638.0234 27906.3125 27982.1641
   vertex 46584.7422 27945.084 27858.3496
   vertex 46760.5312 27955.6133 27866.4688
  endloop
 endfacet
facet normal 0.827989101 -0.559291899 0.0403311066
  outer loop
   vertex 49439.918 27941.8008 28505.3672
   vertex 49522.0508 28072.6074 28633.1191
   vertex 49426.1875 27930.5312 28630.9805
  endloop
 endfacet
facet normal -0.505086005 0.687265456 -0.522067368
  outer loop
   vertex 40989.4648 28809.6426 30272.7656
   vertex 41143.8633 28873.3516 30207.2559
   vertex 41116.6523 28794.3164 30129.5391
  endloop
 endfacet
facet normal -0.592970729 -0.390348077 -0.704282701
  outer loop
   vertex 42956.9727 28506.2129 29061.1426
   vertex 42922.9453 28522.4082 29080.8145
   vertex 42955.3242 28549.3906 29038.5996
  endloop
 endfacet
facet normal -0.0684361756 -0.951696932 -0.299314946
  outer loop
   vertex 42595.8984 28572.9238 29641.3242
   vertex 42394.7383 28579.5566 29666.2266
   vertex 42581.7539 28628.2129 29468.7598
  endloop
 endfacet
facet normal -0.169010833 -0.907835066 -0.383758873
  outer loop
   vertex 42343.2852 28648.7129 29525.291
   vertex 42581.7539 28628.2129 29468.7598
   vertex 42394.7383 28579.5566 29666.2266
  endloop
 endfacet
facet normal -0.272802204 -0.401616007 -0.874233127
  outer loop
   vertex 41136.8047 28390.8789 30010.5195
   vertex 41165.1836 28474.3086 29963.3379
   vertex 41277.7578 28434.7148 29946.3965
  endloop
 endfacet
facet normal 0.834917903 -0.348050177 0.426348656
  outer loop
   vertex 37099.207 28651.3867 33826.6133
   vertex 36985.6602 28596.0684 34003.8164
   vertex 37009.0078 28497.8203 33877.8867
  endloop
 endfacet
facet normal 0.40436694 0.914591908 -0.00299517252
  outer loop
   vertex 37683.1875 29226.7441 32791.6797
   vertex 37539.5352 29290.0645 32733.0977
   vertex 37562.4883 29280.3105 32853.9961
  endloop
 endfacet
facet normal 0.21891813 -0.800391138 0.558076084
  outer loop
   vertex 43941.1055 28399.6387 28932.9023
   vertex 44125.6289 28453.9414 28938.4023
   vertex 43907.3711 28494.082 29081.5879
  endloop
 endfacet
facet normal 0.431475371 0.0735493973 0.899121523
  outer loop
   vertex 42789.8281 28936.5938 29975.1328
   vertex 42908.7539 29073.9141 29906.8281
   vertex 42799.8438 29064.8809 29959.832
  endloop
 endfacet
facet normal -0.260509938 0.669308841 -0.695816278
  outer loop
   vertex 42409.6016 28977.0156 29504.1953
   vertex 42318.3906 29055.0664 29613.4219
   vertex 42469.5039 29090.1699 29590.6113
  endloop
 endfacet
facet normal 0.309455156 -0.698628426 0.645101368
  outer loop
   vertex 43545.0586 28737.6328 29619.4258
   vertex 43375.1445 28623.416 29577.2383
   vertex 43628.1523 28704.3418 29543.5117
  endloop
 endfacet
facet normal 0.307764679 -0.688520372 0.656673849
  outer loop
   vertex 43513.8008 28571.3887 29457.7031
   vertex 43628.1523 28704.3418 29543.5117
   vertex 43375.1445 28623.416 29577.2383
  endloop
 endfacet
facet normal 0.151115194 0.382308185 0.91159457
  outer loop
   vertex 41162.2695 28641.2266 30932.2969
   vertex 41255.5898 28771.3594 30862.252
   vertex 41166.0117 28817.8105 30857.6191
  endloop
 endfacet
facet normal -0.103495747 -0.895400405 -0.433066726
  outer loop
   vertex 39992.4688 28049.7109 30742.5508
   vertex 40154.1445 27995.6074 30815.7793
   vertex 39947.1055 27979.0293 30899.5332
  endloop
 endfacet
facet normal 0.834289074 -0.414649665 0.363355756
  outer loop
   vertex 37899.8398 28730.6309 32754.7852
   vertex 37968.1992 28834.2852 32716.1133
   vertex 37910.8125 28774.9023 32780.1133
  endloop
 endfacet
facet normal 0.702112198 -0.667837024 0.247046903
  outer loop
   vertex 37159.3438 28489.4688 33436.0977
   vertex 37410.5195 28681.6133 33241.6797
   vertex 37269.1914 28603.9531 33433.3984
  endloop
 endfacet
facet normal 0.704356611 -0.662302136 0.255416632
  outer loop
   vertex 37159.3438 28489.4688 33436.0977
   vertex 37261.6445 28491.959 33160.4453
   vertex 37410.5195 28681.6133 33241.6797
  endloop
 endfacet
facet normal -0.225550324 0.791843235 -0.567548513
  outer loop
   vertex 38692.0234 28825.2207 31439.5312
   vertex 38730.25 28770.4688 31347.9492
   vertex 38550.6055 28714.498 31341.252
  endloop
 endfacet
facet normal -0.350607455 0.925990462 -0.140057325
  outer loop
   vertex 37071.2695 29271.2012 32886.2656
   vertex 37209.8516 29323.9688 32888.2344
   vertex 37214.5469 29316.3945 32826.4023
  endloop
 endfacet
facet normal -0.215001881 0.954618812 0.206099883
  outer loop
   vertex 37160.6055 29305.0195 32822.8242
   vertex 37071.2695 29271.2012 32886.2656
   vertex 37214.5469 29316.3945 32826.4023
  endloop
 endfacet
facet normal 0.0526559986 0.965659261 -0.254420102
  outer loop
   vertex 35123.0938 28093.9121 34580.3125
   vertex 35035.8203 28071.0156 34475.3516
   vertex 35052.1992 28094.4707 34567.7617
  endloop
 endfacet
facet normal -0.697463453 0.549414754 0.460095763
  outer loop
   vertex 35123.0938 28093.9121 34580.3125
   vertex 35102.5156 28120.4668 34517.4062
   vertex 35035.8203 28071.0156 34475.3516
  endloop
 endfacet
facet normal 0.111135244 0.819018781 -0.562900722
  outer loop
   vertex 47461.8242 28449.2695 28034.084
   vertex 47828.8281 28375.3379 27998.9727
   vertex 47563.5469 28310.4883 27852.2422
  endloop
 endfacet
facet normal 0.0752537549 0.900772095 0.427722514
  outer loop
   vertex 48815.8125 28485.4062 28619.5215
   vertex 48938.2109 28428.6895 28717.4297
   vertex 48947.582 28485.2832 28596.5957
  endloop
 endfacet
facet normal 0.173048571 0.00742708798 0.984885275
  outer loop
   vertex 43234.1055 29090.6211 29756.3242
   vertex 43325.6914 29005.3359 29740.877
   vertex 43321.0703 29081.0918 29741.1172
  endloop
 endfacet
facet normal 0.311678052 0.165203646 0.935716093
  outer loop
   vertex 43234.1055 29090.6211 29756.3242
   vertex 43222.2891 28935.625 29787.627
   vertex 43325.6914 29005.3359 29740.877
  endloop
 endfacet
facet normal 0.519491255 0.568157136 -0.638221145
  outer loop
   vertex 49176.4336 28298.4043 28382.1406
   vertex 49220.7969 28383.1406 28493.6855
   vertex 49325.8047 28252.8203 28463.1445
  endloop
 endfacet
facet normal 0.314080387 0.592699349 -0.741660953
  outer loop
   vertex 48466.043 28373.623 28083.4375
   vertex 48670.5508 28325.1094 28131.2715
   vertex 48521.4023 28264.8711 28019.9707
  endloop
 endfacet
facet normal 0.192851931 -0.627476871 0.754374564
  outer loop
   vertex 46423.6719 28166.4043 28478.0859
   vertex 46558.8945 28007.041 28310.9629
   vertex 46758.8828 28187.5645 28409.9941
  endloop
 endfacet
facet normal 0.285820991 -0.941341341 0.179395884
  outer loop
   vertex 46794.793 27929.123 28134.4688
   vertex 46750.1406 27901.873 28062.625
   vertex 46949.8555 27951.6367 28005.5566
  endloop
 endfacet
facet normal 0.788136184 -0.571090996 -0.229557112
  outer loop
   vertex 49667.4844 28215.8906 28780.2539
   vertex 49651.9844 28164.9473 28853.7832
   vertex 49547.6914 28042.4805 28800.3867
  endloop
 endfacet
facet normal -0.306941807 -0.385763556 0.870042086
  outer loop
   vertex 47923.1172 27986.1016 28315.3184
   vertex 47847.0312 28148.9805 28360.6934
   vertex 47778.4492 27986.418 28264.4219
  endloop
 endfacet
facet normal -0.47947973 0.603922367 -0.636692226
  outer loop
   vertex 35579.7969 28153.6016 34045.0391
   vertex 35539.1172 28006.3594 33936.0117
   vertex 35387.5703 28042.9844 34084.875
  endloop
 endfacet
facet normal 0.778483093 0.526174545 0.342205226
  outer loop
   vertex 37574.5977 29232.0176 32960.4531
   vertex 37556.668 29201.75 33047.7812
   vertex 37611.582 29130.7988 33031.9531
  endloop
 endfacet
facet normal 0.642696142 -0.535472095 0.547915399
  outer loop
   vertex 35328.0508 27719.8535 34655.6797
   vertex 35226.8867 27712.7324 34767.3867
   vertex 35210.8633 27627.1582 34702.5508
  endloop
 endfacet
facet normal -0.621434391 -0.284134209 -0.730128109
  outer loop
   vertex 34911.0664 27658.6348 34172.8906
   vertex 34959.3555 27550.2539 34173.9688
   vertex 34866.4727 27520.2832 34264.6875
  endloop
 endfacet
facet normal 0.175122187 -0.935297787 -0.307490289
  outer loop
   vertex 35779.6992 27759.8301 34164.5078
   vertex 35515.7109 27686.2715 34237.9023
   vertex 35696.0742 27799 33997.7305
  endloop
 endfacet
facet normal -0.181007564 0.773948491 0.606827796
  outer loop
   vertex 35099.8594 28004.7754 34719.9062
   vertex 34971.4492 27957.5195 34741.8711
   vertex 35035.5547 27893.4727 34842.6797
  endloop
 endfacet
facet normal 0.213490337 -0.78768903 0.577899516
  outer loop
   vertex 35103.0547 27610.5566 34742.9102
   vertex 35007.0742 27498.5039 34625.6367
   vertex 35136.6289 27539.6758 34633.8945
  endloop
 endfacet
facet normal -0.52306056 -0.839960337 0.144479185
  outer loop
   vertex 34733.1914 27504.2539 34613.8906
   vertex 34771.3984 27466.3984 34532.1211
   vertex 34798.7148 27464.1797 34618.125
  endloop
 endfacet
facet normal -0.427011788 0.90290761 -0.0491815582
  outer loop
   vertex 40569.9492 28535.4902 30423.2383
   vertex 40741.3516 28610.4336 30310.916
   vertex 40641.4805 28564.3789 30332.5156
  endloop
 endfacet
facet normal -0.484420836 -0.501092732 -0.717107058
  outer loop
   vertex 39068.0664 28130.5059 31089.707
   vertex 39002.6367 28242.1309 31055.9082
   vertex 39198.5547 28139.9629 30994.9531
  endloop
 endfacet
facet normal 0.183209121 -0.940598071 0.285849154
  outer loop
   vertex 39960.3672 28012.875 31151.8652
   vertex 39844.6055 27999.6074 31182.4023
   vertex 39871.7852 27969.0098 31064.2988
  endloop
 endfacet
facet normal 0.279655725 -0.753166676 0.59542644
  outer loop
   vertex 38315.4258 28313.541 32169.0879
   vertex 38510.3047 28294.5352 32053.5176
   vertex 38426.1719 28356.2285 32171.0684
  endloop
 endfacet
facet normal 0.161973968 -0.4495911 0.878426015
  outer loop
   vertex 35686.1016 27787.416 34440.4297
   vertex 35795.7031 27855.5605 34455.0977
   vertex 35698.2266 27923.9043 34508.0508
  endloop
 endfacet
facet normal -0.761503398 0.635141492 -0.129258886
  outer loop
   vertex 35864.9141 28344.1484 33772.5391
   vertex 36028.3672 28552.7559 33834.6211
   vertex 36039.2188 28511.418 33567.5625
  endloop
 endfacet
facet normal -0.373245686 -0.751354992 -0.544199765
  outer loop
   vertex 36364.0703 28405.7598 33081.4102
   vertex 36430.9922 28439.543 32988.8711
   vertex 36525.6562 28431.8125 32934.6211
  endloop
 endfacet
facet normal -0.586662233 -0.382706046 -0.713697076
  outer loop
   vertex 36364.0703 28405.7598 33081.4102
   vertex 36525.6562 28431.8125 32934.6211
   vertex 36458.9336 28346.2227 33035.3594
  endloop
 endfacet
facet normal 0.395755053 -0.902267873 0.171145022
  outer loop
   vertex 36176.6758 27874.6211 34113.0938
   vertex 36018.0195 27820.7344 34195.8906
   vertex 36043.8047 27808.1641 34069.9922
  endloop
 endfacet
facet normal -0.126942679 -0.759762347 -0.637688577
  outer loop
   vertex 35613.0781 27892.7617 33902.543
   vertex 35843.2031 27961.8184 33774.457
   vertex 35696.0742 27799 33997.7305
  endloop
 endfacet
facet normal -0.692206383 0.0704324022 0.718254566
  outer loop
   vertex 34600.2891 27582.3672 34658.1719
   vertex 34601.1914 27565.8672 34660.6562
   vertex 34616.0781 27588.8828 34672.7461
  endloop
 endfacet
facet normal 0.0927299634 -0.825850248 -0.556212664
  outer loop
   vertex 36394.4062 27999.4316 34084.9961
   vertex 36572.1953 28086.9395 33984.707
   vertex 36483.3242 28019.9473 34069.3594
  endloop
 endfacet
facet normal -0.227051735 -0.607825637 0.760917544
  outer loop
   vertex 34772.3047 27573.4785 34730.9297
   vertex 34776.2188 27495.2891 34669.6406
   vertex 34828.8867 27510.5879 34697.5781
  endloop
 endfacet
facet normal -0.767497182 0.639789581 0.0402164496
  outer loop
   vertex 34855.625 27913.7578 34630.7773
   vertex 34917.7852 27995.5859 34515.2734
   vertex 34819.9375 27882.3555 34449.2656
  endloop
 endfacet
facet normal 0.503351212 -0.854996979 0.124970622
  outer loop
   vertex 35232.2539 27566.3359 34533.0117
   vertex 35286.1836 27569.2832 34335.9609
   vertex 35413.7539 27663.6035 34467.4336
  endloop
 endfacet
facet normal 0.332633644 -0.740528107 0.583928943
  outer loop
   vertex 35210.8633 27627.1582 34702.5508
   vertex 35103.0547 27610.5566 34742.9102
   vertex 35136.6289 27539.6758 34633.8945
  endloop
 endfacet
facet normal -0.0405003652 -0.82005161 -0.570854664
  outer loop
   vertex 41688.3516 28514.2422 29922.8184
   vertex 41599.0781 28449.5059 30022.1504
   vertex 41482.875 28531.4414 29912.6895
  endloop
 endfacet
facet normal -0.731179416 -0.647621214 -0.214390799
  outer loop
   vertex 37491.6758 28367.2461 32193.1836
   vertex 37426.1758 28401.8887 32311.9238
   vertex 37483.3867 28410.6875 32090.2207
  endloop
 endfacet
facet normal 0.644017935 -0.494252682 0.583913684
  outer loop
   vertex 41082.3242 28404.0332 30962.9648
   vertex 41104.5117 28343.0586 30886.8828
   vertex 41165.8047 28454.6836 30913.7656
  endloop
 endfacet
facet normal 0.00377528509 -0.825322509 0.564648986
  outer loop
   vertex 38034.2891 28349.0098 32281.1992
   vertex 37960.9453 28436.0508 32408.9141
   vertex 37823.5938 28325.1855 32247.7852
  endloop
 endfacet
facet normal -0.599389374 0.306470603 -0.73946476
  outer loop
   vertex 40741.3516 28610.4336 30310.916
   vertex 40860.8086 28707.498 30254.3125
   vertex 40917.7109 28632.9785 30177.3047
  endloop
 endfacet
facet normal -0.609222889 0.140702322 -0.780416787
  outer loop
   vertex 40741.3516 28610.4336 30310.916
   vertex 40917.7109 28632.9785 30177.3047
   vertex 40868.9609 28418.8066 30176.75
  endloop
 endfacet
facet normal 0.176967919 -0.977981746 0.11060743
  outer loop
   vertex 37308.0156 28421.0586 32658.8945
   vertex 37322.6562 28447.7617 32871.5703
   vertex 37028.4492 28390.2031 32833.3633
  endloop
 endfacet
facet normal 0.922961533 -0.384635687 0.0140491007
  outer loop
   vertex 37159.3438 28489.4688 33436.0977
   vertex 37227.1836 28656.9023 33563.418
   vertex 37178.2109 28540.2734 33587.5352
  endloop
 endfacet
facet normal 0.488675654 -0.64486438 0.587661505
  outer loop
   vertex 37159.3438 28489.4688 33436.0977
   vertex 37230.9922 28584.1621 33480.4336
   vertex 37227.1836 28656.9023 33563.418
  endloop
 endfacet
facet normal 0.515254617 -0.249196202 0.820008516
  outer loop
   vertex 36615.5273 28428.5664 34268.5195
   vertex 36840.5469 28543.4258 34162.0312
   vertex 36754.6133 28625.6348 34241.0117
  endloop
 endfacet
facet normal 0.338948458 0.19019641 0.92137903
  outer loop
   vertex 36759.9688 28429.9844 34215.0898
   vertex 36840.5469 28543.4258 34162.0312
   vertex 36615.5273 28428.5664 34268.5195
  endloop
 endfacet
facet normal -0.571574152 0.465972036 -0.67540586
  outer loop
   vertex 35986.4883 28395.8105 33532.4258
   vertex 36039.2188 28511.418 33567.5625
   vertex 36029.8164 28364.293 33474.0156
  endloop
 endfacet
facet normal -0.500408113 -0.691571772 -0.520884037
  outer loop
   vertex 36821.8477 28617.6582 32517.9746
   vertex 36871.5859 28504.8789 32619.9258
   vertex 36667.8828 28601.5137 32687.3203
  endloop
 endfacet
facet normal -0.160415396 -0.95646292 0.243814677
  outer loop
   vertex 37586.0469 28343.1797 32186.7969
   vertex 37630.707 28382.3223 32369.7344
   vertex 37426.1758 28401.8887 32311.9238
  endloop
 endfacet
facet normal -0.234704301 -0.960313678 0.150703505
  outer loop
   vertex 37491.6758 28367.2461 32193.1836
   vertex 37586.0469 28343.1797 32186.7969
   vertex 37426.1758 28401.8887 32311.9238
  endloop
 endfacet
facet normal 0.607436717 -0.791098833 0.071994856
  outer loop
   vertex 36975.2422 28323.0176 33396.7461
   vertex 37007.1992 28355.9453 33488.9336
   vertex 36897.8711 28275.9766 33532.6172
  endloop
 endfacet
facet normal -0.562605023 -0.323461592 -0.760820746
  outer loop
   vertex 34810.1641 27644.8711 34253.3555
   vertex 34911.0664 27658.6348 34172.8906
   vertex 34866.4727 27520.2832 34264.6875
  endloop
 endfacet
facet normal 0.351958066 -0.933961689 0.0619768016
  outer loop
   vertex 36253.8672 27877.9062 33967.3086
   vertex 36308.7812 27903.6309 34043.1055
   vertex 36282.2031 27894.6211 34058.2812
  endloop
 endfacet
facet normal 0.236937925 -0.965976298 0.103683174
  outer loop
   vertex 36253.8672 27877.9062 33967.3086
   vertex 36282.2031 27894.6211 34058.2812
   vertex 36176.6758 27874.6211 34113.0938
  endloop
 endfacet
facet normal 0.35481286 -0.181350023 0.917180479
  outer loop
   vertex 35795.7031 27855.5605 34455.0977
   vertex 35844.6016 27858.0391 34436.6719
   vertex 35848.8242 27917.9785 34446.8906
  endloop
 endfacet
facet normal 0.363100141 -0.189035624 0.912372649
  outer loop
   vertex 35698.2266 27923.9043 34508.0508
   vertex 35795.7031 27855.5605 34455.0977
   vertex 35848.8242 27917.9785 34446.8906
  endloop
 endfacet
facet normal -0.408163786 -0.37090984 -0.834163189
  outer loop
   vertex 35830.4609 28155.4727 33694.5859
   vertex 35843.2031 27961.8184 33774.457
   vertex 35696.4648 28028.1973 33816.7422
  endloop
 endfacet
facet normal -0.281130552 0.719014347 0.635597348
  outer loop
   vertex 35035.5547 27893.4727 34842.6797
   vertex 34971.4492 27957.5195 34741.8711
   vertex 34865.8438 27844.9355 34822.5234
  endloop
 endfacet
facet normal -0.557238877 0.590670347 -0.58360374
  outer loop
   vertex 34975.7383 27960.6348 34269.1875
   vertex 35086.3594 27988.582 34191.8516
   vertex 35035.4297 27889.6738 34140.3711
  endloop
 endfacet
facet normal -0.675866604 0.723635614 -0.139842242
  outer loop
   vertex 35905.918 28420.752 33970.7695
   vertex 35864.9141 28344.1484 33772.5391
   vertex 35756.207 28285.8223 33996.1055
  endloop
 endfacet
facet normal 0.47878775 -0.873340011 -0.089663431
  outer loop
   vertex 36492.2734 28019.5684 33821.5117
   vertex 36340.4766 27932.6211 33857.832
   vertex 36364.832 27964.2422 33679.9102
  endloop
 endfacet
facet normal 0.604300141 -0.791201651 0.0939220041
  outer loop
   vertex 36897.8711 28275.9766 33532.6172
   vertex 36986.2773 28351.0684 33596.4023
   vertex 36851.4414 28261.8965 33712.7617
  endloop
 endfacet
facet normal -0.665014565 -0.216427878 -0.714782894
  outer loop
   vertex 36744.5 28824.4395 32543.8652
   vertex 36782.0547 28875.6641 32493.416
   vertex 36831.2695 28868.8945 32449.6777
  endloop
 endfacet
facet normal -0.849863589 0.50284797 0.157720685
  outer loop
   vertex 36154.7148 28764.7422 33649.3828
   vertex 36126.8906 28701.5469 33700.9297
   vertex 36191.2266 28807.3535 33710.2539
  endloop
 endfacet
facet normal 0.107844576 -0.854592562 -0.507977486
  outer loop
   vertex 36460.9805 28005.5547 34088.8281
   vertex 36394.4062 27999.4316 34084.9961
   vertex 36483.3242 28019.9473 34069.3594
  endloop
 endfacet
facet normal 0.372235924 -0.675864637 0.636119008
  outer loop
   vertex 43907.3711 28494.082 29081.5879
   vertex 44193.6719 28618.082 29045.8008
   vertex 43979 28653.1328 29208.6621
  endloop
 endfacet
facet normal -0.663536072 -0.23151724 -0.711420834
  outer loop
   vertex 42883.7891 28610.041 29085.582
   vertex 43039.2227 28677.5508 28918.6406
   vertex 42955.3242 28549.3906 29038.5996
  endloop
 endfacet
facet normal -0.676053226 -0.264672458 -0.687677622
  outer loop
   vertex 42922.9453 28522.4082 29080.8145
   vertex 42883.7891 28610.041 29085.582
   vertex 42955.3242 28549.3906 29038.5996
  endloop
 endfacet
facet normal -0.792035103 -0.591683447 -0.150303245
  outer loop
   vertex 45010.6836 28233.1484 28137.2383
   vertex 45088.3398 28125.8789 28150.2949
   vertex 45077.1133 28111.5078 28266.0391
  endloop
 endfacet
facet normal -0.158002377 -0.757275343 -0.633694947
  outer loop
   vertex 45010.6836 28233.1484 28137.2383
   vertex 45077.1133 28111.5078 28266.0391
   vertex 44622.2188 28204.8027 28267.9707
  endloop
 endfacet
facet normal -0.250831306 -0.94240725 -0.221251607
  outer loop
   vertex 43630.2578 28416.5059 28596.3516
   vertex 43860.1523 28344.9316 28640.5859
   vertex 43619.457 28383.707 28748.3027
  endloop
 endfacet
facet normal 0.0216882378 -0.977574706 -0.20946911
  outer loop
   vertex 43630.2578 28416.5059 28596.3516
   vertex 43619.457 28383.707 28748.3027
   vertex 43552.293 28395.1289 28688.0449
  endloop
 endfacet
facet normal -0.396393836 -0.598933995 -0.695808887
  outer loop
   vertex 43706.6094 28541.25 28380.9941
   vertex 43823.0469 28420.5215 28418.5801
   vertex 43658.7852 28472.0801 28467.7773
  endloop
 endfacet
facet normal -0.243664801 -0.968316019 0.0546952188
  outer loop
   vertex 44622.2188 28204.8027 28267.9707
   vertex 44271.4648 28291.6445 28242.8184
   vertex 44440.8867 28246.7441 28202.6387
  endloop
 endfacet
facet normal -0.216342375 -0.965684056 -0.143701941
  outer loop
   vertex 43024.1211 28496.4785 29085.7695
   vertex 43193.9297 28437.6914 29225.1758
   vertex 43008.1406 28470.4551 29284.7051
  endloop
 endfacet
facet normal -0.417750239 -0.888619304 -0.189315826
  outer loop
   vertex 42886.7617 28523.252 29156.6992
   vertex 42886.9414 28535.457 29099.0176
   vertex 42922.9453 28522.4082 29080.8145
  endloop
 endfacet
facet normal 0.130995125 -0.827178776 0.546457231
  outer loop
   vertex 43033.4023 28627.5293 29690.5059
   vertex 42913.8945 28659.2871 29767.2285
   vertex 42771.7891 28615.2441 29734.623
  endloop
 endfacet
facet normal -0.104658045 -0.698020101 0.708388805
  outer loop
   vertex 44801.8789 28139.457 28557.4316
   vertex 44633.8555 28249.043 28640.5898
   vertex 44743.6328 28140.2559 28549.6133
  endloop
 endfacet
facet normal -0.0640113205 -0.799527287 -0.597209036
  outer loop
   vertex 45195.5117 28115.4121 28138.8633
   vertex 45480.1055 28150.3809 28061.5449
   vertex 45453.5781 28062.248 28182.377
  endloop
 endfacet
facet normal -0.0375373028 0.564934015 -0.824281812
  outer loop
   vertex 44011.3242 28727.3633 28203.6504
   vertex 44000.9688 28828.5527 28273.4746
   vertex 44086.25 28716.9707 28193.1152
  endloop
 endfacet
facet normal -0.103731431 0.42103821 -0.901091874
  outer loop
   vertex 48521.4023 28264.8711 28019.9707
   vertex 48536.4414 28213.6172 27994.291
   vertex 48473.2344 28177.1562 27984.5312
  endloop
 endfacet
facet normal 0.226659551 0.255290031 -0.939921498
  outer loop
   vertex 48521.4023 28264.8711 28019.9707
   vertex 48473.2344 28177.1562 27984.5312
   vertex 48350.543 28269.8223 27980.1133
  endloop
 endfacet
facet normal -0.0942131951 -0.985072553 0.144069344
  outer loop
   vertex 43860.1523 28344.9316 28640.5859
   vertex 43753.6602 28402 28961.1426
   vertex 43619.457 28383.707 28748.3027
  endloop
 endfacet
facet normal -0.11697752 -0.956896842 0.265828282
  outer loop
   vertex 44633.8555 28249.043 28640.5898
   vertex 44178.7344 28330.4785 28733.457
   vertex 44312.2188 28237.0547 28455.9023
  endloop
 endfacet
facet normal -0.0450528152 -0.954943776 0.293347299
  outer loop
   vertex 43351.7656 28417.0996 29189.8496
   vertex 43432.1172 28441.7266 29282.3613
   vertex 43339.2578 28479.1582 29389.9492
  endloop
 endfacet
facet normal -0.440576166 -0.788988411 -0.428240538
  outer loop
   vertex 44191.9609 28363.1914 28147.2344
   vertex 44205.8984 28346.4531 28163.7344
   vertex 44179.2812 28355.1328 28175.1309
  endloop
 endfacet
facet normal -0.290600359 -0.567504287 -0.770383239
  outer loop
   vertex 44058.3281 28406.0605 28246.8066
   vertex 44077.2969 28476.3418 28187.8789
   vertex 44230.6953 28422.4805 28169.6914
  endloop
 endfacet
facet normal -0.415251255 0.246296287 -0.875730872
  outer loop
   vertex 44058.3281 28406.0605 28246.8066
   vertex 44230.6953 28422.4805 28169.6914
   vertex 44179.2812 28355.1328 28175.1309
  endloop
 endfacet
facet normal 0.0404009633 0.611345828 -0.790331602
  outer loop
   vertex 44757.5898 28595.0195 28153.7969
   vertex 44776.5352 28699.0645 28235.248
   vertex 44854.1836 28565.4805 28135.8848
  endloop
 endfacet
facet normal -0.0425192229 -0.998075545 0.0451360755
  outer loop
   vertex 43485.2656 28397.8066 29040.7402
   vertex 43403.0508 28395.2266 28906.2383
   vertex 43533.5 28388.4395 28879.0332
  endloop
 endfacet
facet normal -0.257009566 -0.957026184 -0.13433902
  outer loop
   vertex 43533.5 28388.4395 28879.0332
   vertex 43446.6758 28432.4785 28731.3965
   vertex 43619.457 28383.707 28748.3027
  endloop
 endfacet
facet normal -0.170664936 -0.061057888 -0.983435512
  outer loop
   vertex 45031.5273 28483.2812 28118.0918
   vertex 45387.5547 28338.1387 28065.3184
   vertex 45010.6836 28233.1484 28137.2383
  endloop
 endfacet
facet normal -0.0614715926 -0.951186717 0.302431941
  outer loop
   vertex 45415.5664 28068.541 28370.1191
   vertex 45798.1953 28005.8281 28250.6543
   vertex 45701.3633 28078.3789 28459.1523
  endloop
 endfacet
facet normal -0.759037197 -0.584419966 -0.286907315
  outer loop
   vertex 45010.6836 28233.1484 28137.2383
   vertex 45092.125 28134.1074 28123.5254
   vertex 45088.3398 28125.8789 28150.2949
  endloop
 endfacet
facet normal -0.196292147 -0.0871683508 -0.976663232
  outer loop
   vertex 46682.1875 28144.1465 27715.5527
   vertex 46501.4336 28133.9961 27752.7871
   vertex 46615.0625 28215.7598 27722.6523
  endloop
 endfacet
facet normal -0.139512554 -0.616454184 -0.774932563
  outer loop
   vertex 46408.6328 28013.2754 27835.8105
   vertex 46671.8594 28035.1348 27771.0312
   vertex 46584.7422 27945.084 27858.3496
  endloop
 endfacet
facet normal -0.175415918 -0.462753117 -0.868958473
  outer loop
   vertex 46501.4336 28133.9961 27752.7871
   vertex 46671.8594 28035.1348 27771.0312
   vertex 46408.6328 28013.2754 27835.8105
  endloop
 endfacet
facet normal 0.269811779 -0.845641077 0.460535318
  outer loop
   vertex 46725.4766 27950.166 28213.7188
   vertex 46794.793 27929.123 28134.4688
   vertex 46923.0781 28027.3691 28239.7129
  endloop
 endfacet
facet normal 0.225071087 -0.177250355 0.958084166
  outer loop
   vertex 46758.8828 28187.5645 28409.9941
   vertex 47078.9141 28185.6992 28334.4668
   vertex 46886.0469 28356.5586 28411.3848
  endloop
 endfacet
facet normal -0.25161621 -0.754801154 -0.605775952
  outer loop
   vertex 45775.5898 28047.832 28066.5879
   vertex 45453.5781 28062.248 28182.377
   vertex 45480.1055 28150.3809 28061.5449
  endloop
 endfacet
facet normal -0.117816649 0.204040095 -0.971847117
  outer loop
   vertex 44854.1836 28565.4805 28135.8848
   vertex 44659.8281 28518.8203 28149.6504
   vertex 44757.5898 28595.0195 28153.7969
  endloop
 endfacet
facet normal -0.0805609003 0.0417638421 -0.995874345
  outer loop
   vertex 44854.1836 28565.4805 28135.8848
   vertex 45031.5273 28483.2812 28118.0918
   vertex 44659.8281 28518.8203 28149.6504
  endloop
 endfacet
facet normal 0.074137181 0.868196249 -0.490651608
  outer loop
   vertex 44384.2422 29088.2949 28549.0801
   vertex 44394.4648 29020.707 28431.0273
   vertex 44178.7305 29092.5762 28525.5996
  endloop
 endfacet
facet normal 0.0482121818 0.968196929 -0.245500192
  outer loop
   vertex 44384.2422 29088.2949 28549.0801
   vertex 44178.7305 29092.5762 28525.5996
   vertex 44293.2227 29111.627 28623.2207
  endloop
 endfacet
facet normal 0.55908978 -0.528027594 0.639222622
  outer loop
   vertex 42530.6562 28828.918 30103.6055
   vertex 42461.4766 28743.3301 30093.416
   vertex 42521.707 28680.3711 29988.7266
  endloop
 endfacet
facet normal -0.371044993 -0.625429153 -0.686413884
  outer loop
   vertex 42247.3672 28729.1133 29503.8809
   vertex 42343.2852 28648.7129 29525.291
   vertex 42189.9375 28653.0273 29604.252
  endloop
 endfacet
facet normal -0.214047983 -0.905579269 -0.366209865
  outer loop
   vertex 42394.7383 28579.5566 29666.2266
   vertex 42189.9375 28653.0273 29604.252
   vertex 42343.2852 28648.7129 29525.291
  endloop
 endfacet
facet normal -0.12891525 -0.90208298 -0.411858201
  outer loop
   vertex 42036.4531 28622.1699 29703.5547
   vertex 42221.9258 28570.9414 29757.7051
   vertex 42042.4297 28558.5762 29840.9707
  endloop
 endfacet
facet normal 0.237476304 -0.566285074 0.789256752
  outer loop
   vertex 41015.4414 28324.0957 30925.7344
   vertex 41082.3242 28404.0332 30962.9648
   vertex 40983.1953 28414.8633 31000.5625
  endloop
 endfacet
facet normal 0.266959786 -0.850778639 0.452667862
  outer loop
   vertex 40729.3945 28126.1016 30738.1758
   vertex 41008.75 28224.9375 30759.1855
   vertex 40845.1445 28266.8906 30934.5215
  endloop
 endfacet
facet normal 0.301662177 -0.824493408 0.478759408
  outer loop
   vertex 41015.4414 28324.0957 30925.7344
   vertex 40845.1445 28266.8906 30934.5215
   vertex 41008.75 28224.9375 30759.1855
  endloop
 endfacet
facet normal 0.17034243 -0.939692497 0.296583027
  outer loop
   vertex 38396.5586 28112.8477 31732.9355
   vertex 38484.5039 28102.1777 31648.6191
   vertex 38617.582 28172.6699 31795.5312
  endloop
 endfacet
facet normal 0.694097459 -0.606536806 0.387739331
  outer loop
   vertex 41533.6094 28506.293 30545.9414
   vertex 41462.0117 28354.5762 30436.7812
   vertex 41524.9297 28374.6191 30355.5039
  endloop
 endfacet
facet normal 0.319120288 -0.941043496 0.112247057
  outer loop
   vertex 41235.207 28216.3262 30418.3184
   vertex 41243.2812 28233.5234 30539.5371
   vertex 41103.7891 28187.7578 30552.4277
  endloop
 endfacet
facet normal 0.265138954 -0.615499139 -0.742200911
  outer loop
   vertex 41471.1016 28379.4277 30034.5469
   vertex 41482.875 28531.4414 29912.6895
   vertex 41599.0781 28449.5059 30022.1504
  endloop
 endfacet
facet normal -0.0086771287 -0.317620724 -0.948178113
  outer loop
   vertex 41373.957 28384.8535 29962.2188
   vertex 41308.2227 28341.8477 29977.2266
   vertex 41277.7578 28434.7148 29946.3965
  endloop
 endfacet
facet normal 0.32133463 -0.883158624 0.341723502
  outer loop
   vertex 41243.2812 28233.5234 30539.5371
   vertex 41236.6055 28270.9648 30642.5781
   vertex 41103.7891 28187.7578 30552.4277
  endloop
 endfacet
facet normal 0.401486456 -0.887194812 0.227363035
  outer loop
   vertex 41146.4453 28243.7129 30695.4492
   vertex 41103.7891 28187.7578 30552.4277
   vertex 41236.6055 28270.9648 30642.5781
  endloop
 endfacet
facet normal 0.504310608 -0.835640073 0.217661366
  outer loop
   vertex 41358.3164 28314.5801 30523.4805
   vertex 41386.8789 28272.8359 30297.0488
   vertex 41462.0117 28354.5762 30436.7812
  endloop
 endfacet
facet normal 0.696088076 -0.685280144 0.214132026
  outer loop
   vertex 41358.3164 28314.5801 30523.4805
   vertex 41326.3594 28241.3398 30392.9746
   vertex 41386.8789 28272.8359 30297.0488
  endloop
 endfacet
facet normal 0.247768477 -0.922398567 0.296296567
  outer loop
   vertex 38309.9219 28199.6973 32026.1816
   vertex 38209.082 28156.5449 31976.166
   vertex 38254.5781 28129.0566 31852.5488
  endloop
 endfacet
facet normal 0.0840179175 -0.944369316 -0.31797412
  outer loop
   vertex 40287.8633 27987.459 30875.3105
   vertex 40154.1445 27995.6074 30815.7793
   vertex 40358.3242 28031.5449 30762.9902
  endloop
 endfacet
facet normal -0.665812373 -0.346866935 -0.660588562
  outer loop
   vertex 40671.4297 28195.4941 30351.3301
   vertex 40622.0547 28169.5215 30414.7363
   vertex 40616.1992 28286.5098 30359.207
  endloop
 endfacet
facet normal -0.0991636664 -0.971378088 -0.215849966
  outer loop
   vertex 39564.3672 28005.1738 30921.4238
   vertex 39738.7773 27976.084 30972.2129
   vertex 39614.8086 27974.0977 31038.1035
  endloop
 endfacet
facet normal 0.0695113465 -0.946965635 -0.313726395
  outer loop
   vertex 39579.1094 28037.3125 30827.6816
   vertex 39752.9219 28059.8574 30798.1426
   vertex 39564.3672 28005.1738 30921.4238
  endloop
 endfacet
facet normal 0.117114685 -0.930316031 0.347557604
  outer loop
   vertex 40042.668 27980.5176 31037.5234
   vertex 39960.3672 28012.875 31151.8652
   vertex 39871.7852 27969.0098 31064.2988
  endloop
 endfacet
facet normal 0.0621287711 -0.997546613 -0.0322614498
  outer loop
   vertex 39947.1055 27979.0293 30899.5332
   vertex 40042.668 27980.5176 31037.5234
   vertex 39871.7852 27969.0098 31064.2988
  endloop
 endfacet
facet normal -0.00125868013 -0.998575509 0.0533421598
  outer loop
   vertex 38375.8594 28096.7422 31544.3008
   vertex 38559.9883 28095.2422 31520.5742
   vertex 38484.5039 28102.1777 31648.6191
  endloop
 endfacet
facet normal 0.029455306 -0.956855834 0.289066315
  outer loop
   vertex 38375.8594 28096.7422 31544.3008
   vertex 38460.5195 28080.8789 31483.166
   vertex 38559.9883 28095.2422 31520.5742
  endloop
 endfacet
facet normal -0.400471568 -0.862873256 -0.308337897
  outer loop
   vertex 38488.043 28137.2578 31277.7812
   vertex 38460.5742 28106.3086 31400.0703
   vertex 38395.6367 28171.416 31302.209
  endloop
 endfacet
facet normal 0.158568531 -0.921415746 0.354752004
  outer loop
   vertex 38617.582 28172.6699 31795.5312
   vertex 38762.5273 28109.2656 31566.0605
   vertex 38919.9688 28193.8828 31715.4707
  endloop
 endfacet
facet normal -0.474305183 -0.865040064 -0.163524613
  outer loop
   vertex 38033.168 28147.3184 31771.3047
   vertex 37938.5703 28182.1328 31861.5098
   vertex 37957.7539 28202.9434 31695.7852
  endloop
 endfacet
facet normal 0.378837675 -0.204841018 -0.902508855
  outer loop
   vertex 38642.7305 28129.8008 31302.959
   vertex 38543.582 28142.8242 31258.3867
   vertex 38518.2227 28205.3262 31233.5547
  endloop
 endfacet
facet normal -0.020266654 -0.694416046 -0.71928829
  outer loop
   vertex 38642.7305 28129.8008 31302.959
   vertex 38518.2227 28205.3262 31233.5547
   vertex 38717.5273 28268.8906 31166.5703
  endloop
 endfacet
facet normal -0.195596948 -0.979839146 0.0407075435
  outer loop
   vertex 38091.1445 28154.3008 31924.6797
   vertex 37978.7578 28179.1504 31982.8125
   vertex 37938.5703 28182.1328 31861.5098
  endloop
 endfacet
facet normal 0.107579708 -0.909432888 0.401694387
  outer loop
   vertex 38919.9688 28193.8828 31715.4707
   vertex 38762.5273 28109.2656 31566.0605
   vertex 38946.582 28109.5312 31517.3691
  endloop
 endfacet
facet normal 0.432645261 -0.436407596 0.788902104
  outer loop
   vertex 39052.1523 28406.7617 31844.1875
   vertex 39011.4258 28288.0332 31800.8438
   vertex 39147.3828 28279.3848 31721.5
  endloop
 endfacet
facet normal -0.172734693 -0.837747812 0.518016696
  outer loop
   vertex 38488.043 28137.2578 31277.7812
   vertex 38395.6367 28171.416 31302.209
   vertex 38439.3047 28139.8887 31265.7852
  endloop
 endfacet
facet normal -0.471897483 -0.866376758 -0.163413778
  outer loop
   vertex 37938.5703 28182.1328 31861.5098
   vertex 37859.9727 28245.9688 31750.0391
   vertex 37957.7539 28202.9434 31695.7852
  endloop
 endfacet
facet normal -0.565922141 -0.780013919 -0.267040163
  outer loop
   vertex 37859.9727 28245.9688 31750.0391
   vertex 37813.6836 28229.1328 31897.3164
   vertex 37739.8867 28308.1914 31822.7812
  endloop
 endfacet
facet normal -0.407819629 -0.798371673 -0.443041503
  outer loop
   vertex 37739.5352 28253.7812 31921.1543
   vertex 37739.8867 28308.1914 31822.7812
   vertex 37813.6836 28229.1328 31897.3164
  endloop
 endfacet
facet normal -0.400697589 -0.912021041 -0.0875159726
  outer loop
   vertex 38161.0625 28119.793 31633.8184
   vertex 38138.0703 28119.2832 31744.418
   vertex 38081.2969 28153.5176 31647.584
  endloop
 endfacet
facet normal -0.119402573 0.700268626 -0.70382303
  outer loop
   vertex 39327.8594 28669.2422 31189.1641
   vertex 39083.4648 28551.1895 31113.1699
   vertex 39076.5664 28727.0156 31289.2773
  endloop
 endfacet
facet normal -0.584143043 -0.39889589 -0.706865549
  outer loop
   vertex 37988.625 28370.4609 31537.791
   vertex 38159.4805 28343.7305 31411.6836
   vertex 38041.7773 28245.8496 31564.1855
  endloop
 endfacet
facet normal 0.142072752 -0.489817798 0.860170841
  outer loop
   vertex 40329.5 28181.1738 31194.4844
   vertex 40294.4453 28300.2188 31268.0645
   vertex 40124.5977 28126.9727 31197.4629
  endloop
 endfacet
facet normal 0.624811053 0.0748494267 0.777179956
  outer loop
   vertex 39269.6992 28405.6797 31728.9746
   vertex 39259.2578 28639.1855 31714.877
   vertex 39148.3438 28521.1289 31815.418
  endloop
 endfacet
facet normal -0.63135618 -0.450416952 -0.631279588
  outer loop
   vertex 37739.8867 28308.1914 31822.7812
   vertex 37631.6875 28355.1348 31897.5
   vertex 37691.9688 28430.1973 31783.6543
  endloop
 endfacet
facet normal 0.325742751 -0.728434324 0.602723122
  outer loop
   vertex 40455.0469 28195.248 31144.0703
   vertex 40314.8359 28063.793 31060.9766
   vertex 40479.0859 28119.2012 31039.1699
  endloop
 endfacet
facet normal 0.265363276 -0.709332049 0.653016388
  outer loop
   vertex 39317.4648 28257.0078 31628.0762
   vertex 39254.8789 28307.4453 31708.2969
   vertex 39147.3828 28279.3848 31721.5
  endloop
 endfacet
facet normal 0.214542076 -0.786594331 0.579000056
  outer loop
   vertex 39317.4648 28257.0078 31628.0762
   vertex 39147.3828 28279.3848 31721.5
   vertex 39155.2695 28148.8945 31541.2988
  endloop
 endfacet
facet normal 0.485770971 -0.0135312462 0.873981416
  outer loop
   vertex 40465.5898 28470.8301 31221.0996
   vertex 40511.2109 28339.0312 31193.7012
   vertex 40631.4844 28483.2676 31129.084
  endloop
 endfacet
facet normal 0.0905492008 -0.995533526 0.0267178938
  outer loop
   vertex 40729.3945 28126.1016 30738.1758
   vertex 40720.9766 28119.7656 30530.6348
   vertex 40879.1992 28136.7051 30625.5762
  endloop
 endfacet
facet normal -0.779371977 -0.396409661 -0.485220224
  outer loop
   vertex 40795.5586 28282.6426 30239.4629
   vertex 40846.0469 28196.2695 30228.9277
   vertex 40790.9297 28181.457 30329.5586
  endloop
 endfacet
facet normal -0.354498744 0.214492992 -0.910122752
  outer loop
   vertex 38607.0938 28556.666 31216.5059
   vertex 38654.1797 28418.8809 31165.6934
   vertex 38515.6484 28370.9023 31208.3457
  endloop
 endfacet
facet normal -0.480461925 -0.662406683 -0.574781477
  outer loop
   vertex 43539.7188 28546 28522.7969
   vertex 43630.2578 28416.5059 28596.3516
   vertex 43446.6758 28432.4785 28731.3965
  endloop
 endfacet
facet normal -0.470873266 -0.682156861 -0.559410751
  outer loop
   vertex 43552.293 28395.1289 28688.0449
   vertex 43446.6758 28432.4785 28731.3965
   vertex 43630.2578 28416.5059 28596.3516
  endloop
 endfacet
facet normal -0.661669135 0.257646918 -0.704139233
  outer loop
   vertex 43010.6055 28896.9863 28945.0645
   vertex 43050.1836 28828.5098 28882.8164
   vertex 42988.1523 28805.2871 28932.6094
  endloop
 endfacet
facet normal -0.655417323 -0.365568668 -0.660899162
  outer loop
   vertex 43345.7031 28583.3828 28632.7109
   vertex 43223.4766 28590.6484 28749.9043
   vertex 43303.5234 28708.4492 28605.3633
  endloop
 endfacet
facet normal -0.719851673 -0.0960808322 -0.687446058
  outer loop
   vertex 43213.2617 28799.3184 28719.377
   vertex 43039.2227 28677.5508 28918.6406
   vertex 43105.3281 28814.1016 28830.3359
  endloop
 endfacet
facet normal -0.703290164 -0.136493668 -0.69767642
  outer loop
   vertex 43213.2617 28799.3184 28719.377
   vertex 43223.4766 28590.6484 28749.9043
   vertex 43039.2227 28677.5508 28918.6406
  endloop
 endfacet
facet normal -0.585204422 -0.146763057 -0.797493815
  outer loop
   vertex 43039.2227 28677.5508 28918.6406
   vertex 42988.1523 28805.2871 28932.6094
   vertex 43050.1836 28828.5098 28882.8164
  endloop
 endfacet
facet normal 0.301199943 0.30972442 0.901858866
  outer loop
   vertex 45136.7773 28376.9395 28723.1328
   vertex 45254.8867 28279.4121 28717.1797
   vertex 45339.1484 28265.7285 28693.7383
  endloop
 endfacet
facet normal -0.502324998 -0.289609939 -0.814736545
  outer loop
   vertex 43653.6914 28689.0469 28401.6797
   vertex 43539.7188 28546 28522.7969
   vertex 43433.7461 28730.7422 28522.4668
  endloop
 endfacet
facet normal -0.644479752 -0.125180796 -0.754304707
  outer loop
   vertex 43539.7188 28546 28522.7969
   vertex 43653.6914 28689.0469 28401.6797
   vertex 43706.6094 28541.25 28380.9941
  endloop
 endfacet
facet normal -0.637129128 0.512759387 -0.575451374
  outer loop
   vertex 43351.3047 28780.8301 28538.5645
   vertex 43405.7031 28845.6172 28536.0645
   vertex 43380.6484 28791.4648 28515.5508
  endloop
 endfacet
facet normal -0.379403621 0.633674383 -0.674173355
  outer loop
   vertex 43800.9453 29072.709 28549.9199
   vertex 43840.1719 29060.9961 28516.834
   vertex 43696.2695 28945.8652 28489.6035
  endloop
 endfacet
facet normal 0.629053593 -0.382667184 0.676651597
  outer loop
   vertex 44069.707 28803.2129 29209.207
   vertex 43877.5352 28743.1172 29353.877
   vertex 43979 28653.1328 29208.6621
  endloop
 endfacet
facet normal 0.339038908 -0.761676788 0.552178502
  outer loop
   vertex 43701.9141 28480.2637 29188.6777
   vertex 43907.3711 28494.082 29081.5879
   vertex 43827.1914 28604.2656 29282.8066
  endloop
 endfacet
facet normal 0.309190422 -0.816328764 0.487861305
  outer loop
   vertex 43701.9141 28480.2637 29188.6777
   vertex 43786.3438 28452.0625 29087.9824
   vertex 43907.3711 28494.082 29081.5879
  endloop
 endfacet
facet normal 0.521578789 -0.20600532 0.827959776
  outer loop
   vertex 42611.9844 28966.8457 30086.6914
   vertex 42530.6562 28828.918 30103.6055
   vertex 42642.1328 28824.4941 30032.2793
  endloop
 endfacet
facet normal -0.700504243 -0.116229787 -0.704119623
  outer loop
   vertex 43039.2227 28677.5508 28918.6406
   vertex 43050.1836 28828.5098 28882.8164
   vertex 43105.3281 28814.1016 28830.3359
  endloop
 endfacet
facet normal 0.354590029 -0.788606822 0.502359629
  outer loop
   vertex 43681.8242 28601.0586 29392.4844
   vertex 43531.0898 28491.5156 29326.918
   vertex 43701.9141 28480.2637 29188.6777
  endloop
 endfacet
facet normal 0.461341083 -0.679743052 0.570187509
  outer loop
   vertex 42618.8047 28622.4766 29867.0254
   vertex 42771.7891 28615.2441 29734.623
   vertex 42717.3125 28733.252 29919.3848
  endloop
 endfacet
facet normal 0.524821401 0.627497137 0.575160742
  outer loop
   vertex 44085.4336 29034.3906 29149.4141
   vertex 44168.1875 29094.5098 29008.3145
   vertex 43991.6758 29145.2539 29114.0156
  endloop
 endfacet
facet normal 0.565307319 0.585525811 0.581022561
  outer loop
   vertex 44085.4336 29034.3906 29149.4141
   vertex 44260.7422 28973.2461 29040.4668
   vertex 44168.1875 29094.5098 29008.3145
  endloop
 endfacet
facet normal 0.0152702751 0.943807602 -0.330142379
  outer loop
   vertex 42383.5352 29193.5938 29830.7988
   vertex 42578.043 29163.0996 29752.6211
   vertex 42402.5234 29149.5664 29705.8145
  endloop
 endfacet
facet normal -0.455049276 0.692680299 -0.559574962
  outer loop
   vertex 43329.1328 28958.584 28693.6074
   vertex 43486.3359 29026.6191 28649.9863
   vertex 43437.0312 28940.459 28583.4258
  endloop
 endfacet
facet normal -0.322170585 -0.501713216 -0.802801311
  outer loop
   vertex 42036.4531 28622.1699 29703.5547
   vertex 41893.4766 28593.5312 29778.8301
   vertex 41907.4258 28695.9961 29709.1953
  endloop
 endfacet
facet normal 0.423921794 -0.366071612 0.828421295
  outer loop
   vertex 42928.5078 28781.1055 29842.2812
   vertex 43082.9844 28966.4336 29845.127
   vertex 42951.4375 28963.4844 29911.1387
  endloop
 endfacet
facet normal -0.52388978 -0.507248878 -0.684279263
  outer loop
   vertex 42247.3672 28729.1133 29503.8809
   vertex 42189.9375 28653.0273 29604.252
   vertex 42138.125 28772.123 29555.6348
  endloop
 endfacet
facet normal -0.151646957 0.853201389 -0.499049664
  outer loop
   vertex 41269.0586 28838.5215 30108.4395
   vertex 41245.6523 28930.791 30273.3008
   vertex 41438.1992 28931.5449 30216.0801
  endloop
 endfacet
facet normal 0.330239862 0.483008057 0.810953081
  outer loop
   vertex 41324.7969 28871.6211 30760.9082
   vertex 41214.5586 28897.7227 30790.2539
   vertex 41166.0117 28817.8105 30857.6191
  endloop
 endfacet
facet normal -0.559082687 0.650036216 -0.514664412
  outer loop
   vertex 41736.5469 28942.5117 29896.2969
   vertex 41688.8711 28870.1855 29856.7402
   vertex 41583.5391 28887.8379 29993.459
  endloop
 endfacet
facet normal 0.286344796 -0.252865106 0.924156845
  outer loop
   vertex 43082.9844 28966.4336 29845.127
   vertex 42928.5078 28781.1055 29842.2812
   vertex 43129.4883 28800.0059 29785.1797
  endloop
 endfacet
facet normal -0.492111892 0.713857174 -0.498230696
  outer loop
   vertex 40314.5508 28577.6855 30639.7344
   vertex 40239.8594 28685.8516 30868.4902
   vertex 40402.5859 28721.5664 30758.9297
  endloop
 endfacet
facet normal -0.488865435 -0.123662628 -0.863549709
  outer loop
   vertex 40357.2227 28350.6816 30496.627
   vertex 40616.1992 28286.5098 30359.207
   vertex 40473.3008 28210.7969 30450.9473
  endloop
 endfacet
facet normal 0.137288421 0.889528513 0.43576476
  outer loop
   vertex 41428.6641 28869.6699 30732.166
   vertex 41456.8203 28897.6934 30666.0938
   vertex 41324.7969 28871.6211 30760.9082
  endloop
 endfacet
facet normal -0.400681406 0.148754865 -0.904061079
  outer loop
   vertex 42040.9688 28899.2988 29619.6211
   vertex 42257.7891 28864.8438 29517.8555
   vertex 42138.125 28772.123 29555.6348
  endloop
 endfacet
facet normal 0.222976029 -0.924835622 0.308157116
  outer loop
   vertex 42771.7891 28615.2441 29734.623
   vertex 42618.8047 28622.4766 29867.0254
   vertex 42548.0742 28575.3027 29776.6289
  endloop
 endfacet
facet normal -0.56569469 -0.0173723847 -0.824431777
  outer loop
   vertex 42138.125 28772.123 29555.6348
   vertex 42018.4922 28748.5957 29638.2188
   vertex 42040.9688 28899.2988 29619.6211
  endloop
 endfacet
facet normal -0.42579028 -0.494546771 -0.757711112
  outer loop
   vertex 42138.125 28772.123 29555.6348
   vertex 42189.9375 28653.0273 29604.252
   vertex 42018.4922 28748.5957 29638.2188
  endloop
 endfacet
facet normal -0.438177317 -0.0669697523 -0.896390378
  outer loop
   vertex 41657.3477 28591.9453 29835.75
   vertex 41607.75 28724.9863 29850.0547
   vertex 41774.8828 28669.6523 29772.4922
  endloop
 endfacet
facet normal -0.0240802653 0.875598311 0.482439309
  outer loop
   vertex 40416.0938 28636.5176 31125.6738
   vertex 40594.4883 28761.1699 30908.3438
   vertex 40404.457 28736.0703 30944.4141
  endloop
 endfacet
facet normal 0.360900939 -0.435100734 0.82488656
  outer loop
   vertex 42124.9062 28801.1934 30251.6191
   vertex 42202.7734 28704.084 30166.3301
   vertex 42280.3789 28822.3066 30194.7363
  endloop
 endfacet
facet normal 0.554389358 0.633358479 0.539916158
  outer loop
   vertex 38605.6523 28817.0215 32095.4707
   vertex 38823.9062 28704.5723 32003.2754
   vertex 38830.5586 28793.9785 31891.5645
  endloop
 endfacet
facet normal -0.768614709 -0.123902023 -0.627598345
  outer loop
   vertex 36502.2344 28699.4785 32848.9062
   vertex 36530.2539 28571.3145 32839.8945
   vertex 36407.9648 28625.3223 32978.9961
  endloop
 endfacet
facet normal -0.257145822 0.751748562 -0.607247949
  outer loop
   vertex 39334.2383 28518.5781 30999.9492
   vertex 39327.8594 28669.2422 31189.1641
   vertex 39526.9766 28598.0059 31016.6582
  endloop
 endfacet
facet normal -0.202901736 0.561452746 -0.802247882
  outer loop
   vertex 38607.0938 28556.666 31216.5059
   vertex 38428.418 28560.3066 31264.2441
   vertex 38550.6055 28714.498 31341.252
  endloop
 endfacet
facet normal -0.316043407 0.870535493 -0.377206206
  outer loop
   vertex 38394.1914 28871.4785 31586.6074
   vertex 38378.8633 28898.3164 31661.3906
   vertex 38440.7578 28904.8926 31624.709
  endloop
 endfacet
facet normal -0.438678771 -0.101274908 -0.892919004
  outer loop
   vertex 37244.6289 28774.3398 32143.3672
   vertex 37076.5508 28748.7031 32228.8496
   vertex 37158.9102 28844.3652 32177.5371
  endloop
 endfacet
facet normal -0.295652539 0.782177567 -0.548441231
  outer loop
   vertex 38304.2109 28896.248 31698.6836
   vertex 38378.8633 28898.3164 31661.3906
   vertex 38253.4023 28794.4375 31580.873
  endloop
 endfacet
facet normal -0.352534205 0.572282255 -0.740413845
  outer loop
   vertex 41269.0586 28838.5215 30108.4395
   vertex 41413.7188 28854.1113 30051.6113
   vertex 41389.8945 28703.748 29946.7363
  endloop
 endfacet
facet normal -0.523428619 0.851993799 -0.0113609703
  outer loop
   vertex 40860.7539 28809.4824 30437.6875
   vertex 40939.0586 28860.4395 30651.4297
   vertex 40977.2148 28881.3418 30461.0488
  endloop
 endfacet
facet normal 0.0120373685 0.772065103 0.635429442
  outer loop
   vertex 40879.6406 28670.6816 31017.0469
   vertex 41023.4648 28720.0879 30954.291
   vertex 40844.2344 28771.8008 30894.8535
  endloop
 endfacet
facet normal 0.279421091 0.918375731 0.280196041
  outer loop
   vertex 39322.0625 28736.5527 31544.9473
   vertex 39394.0078 28687.752 31633.1504
   vertex 39523.1875 28670.9668 31559.3457
  endloop
 endfacet
facet normal -0.24958083 -0.00510822283 -0.968340516
  outer loop
   vertex 38870.0898 28343.0508 31089.5371
   vertex 38981.5234 28395.4512 31060.5391
   vertex 39002.6367 28242.1309 31055.9082
  endloop
 endfacet
facet normal -0.384986579 0.413007706 -0.825354457
  outer loop
   vertex 37121.1211 28925.5488 32235.7891
   vertex 37158.9102 28844.3652 32177.5371
   vertex 37087.1484 28837.0449 32207.3477
  endloop
 endfacet
facet normal -0.0759352669 0.936328828 0.342815101
  outer loop
   vertex 36484.1445 28870.8672 34151.9492
   vertex 36543.8555 28863.6934 34184.7695
   vertex 36473.2812 28917.1074 34023.2461
  endloop
 endfacet
facet normal -0.832247078 0.337636501 -0.439734519
  outer loop
   vertex 36267.3086 28736.0977 33217.4023
   vertex 36336.9453 28829.8867 33157.6211
   vertex 36337.8984 28746.1094 33091.4883
  endloop
 endfacet
facet normal 0.255196184 0.764146924 0.592414021
  outer loop
   vertex 36887.4219 29017.959 33944.3672
   vertex 36897.0977 28936.4082 34045.3906
   vertex 36940.1172 28969 33984.8164
  endloop
 endfacet
facet normal 0.774621487 -0.457546324 0.43659243
  outer loop
   vertex 37230.9922 28584.1621 33480.4336
   vertex 37269.1914 28603.9531 33433.3984
   vertex 37227.1836 28656.9023 33563.418
  endloop
 endfacet
facet normal 0.337098002 -0.261598885 0.904395342
  outer loop
   vertex 36759.9688 28429.9844 34215.0898
   vertex 36615.5273 28428.5664 34268.5195
   vertex 36732.7734 28369.6328 34207.7695
  endloop
 endfacet
facet normal -0.871221662 0.47852692 -0.109475046
  outer loop
   vertex 36039.2188 28511.418 33567.5625
   vertex 36028.3672 28552.7559 33834.6211
   vertex 36126.8906 28701.5469 33700.9297
  endloop
 endfacet
facet normal -0.796264589 0.0255111624 -0.60441041
  outer loop
   vertex 36029.8164 28364.293 33474.0156
   vertex 35938.4141 28312.1074 33592.2305
   vertex 35986.4883 28395.8105 33532.4258
  endloop
 endfacet
facet normal -0.728428125 -0.205018446 -0.65372771
  outer loop
   vertex 36067.1641 28168.7305 33493.7305
   vertex 35938.4141 28312.1074 33592.2305
   vertex 36029.8164 28364.293 33474.0156
  endloop
 endfacet
facet normal 0.671999931 -0.707029223 0.22028552
  outer loop
   vertex 37188.4727 28544.6445 33626.5547
   vertex 37191.6875 28550.0039 33633.957
   vertex 37169.1289 28531.0449 33641.9219
  endloop
 endfacet
facet normal 0.117141604 0.665971756 0.736722112
  outer loop
   vertex 37184.6445 28538.1719 33633.0117
   vertex 37188.4727 28544.6445 33626.5547
   vertex 37169.1289 28531.0449 33641.9219
  endloop
 endfacet
facet normal -0.923534632 0.301057577 0.237588108
  outer loop
   vertex 36191.2266 28807.3535 33710.2539
   vertex 36231.4688 28774.416 33908.4219
   vertex 36224.082 28844.4688 33790.9453
  endloop
 endfacet
facet normal 0.577640474 -0.659480512 0.481058151
  outer loop
   vertex 37261.6445 28491.959 33160.4453
   vertex 37404.75 28566.627 33090.9688
   vertex 37410.5195 28681.6133 33241.6797
  endloop
 endfacet
facet normal 0.813823998 -0.0753311738 0.576208055
  outer loop
   vertex 37017.6445 28823.459 33996.7422
   vertex 36976.1289 28797.4277 34051.9766
   vertex 37036.4062 28756.1523 33961.4453
  endloop
 endfacet
facet normal 0.716093659 -0.689098418 -0.111145146
  outer loop
   vertex 37169.1992 28524.6816 33626.1367
   vertex 37178.2109 28540.2734 33587.5352
   vertex 37188.4727 28544.6445 33626.5547
  endloop
 endfacet
facet normal 0.447702497 0.837038517 0.314529836
  outer loop
   vertex 38462.2695 28935.3223 31984.7363
   vertex 38605.6523 28817.0215 32095.4707
   vertex 38658.4062 28891.4512 31822.2988
  endloop
 endfacet
facet normal -0.200867817 0.958884835 0.200479403
  outer loop
   vertex 40404.457 28736.0703 30944.4141
   vertex 40476.2695 28772.6367 30841.4668
   vertex 40378.7305 28748.666 30858.3887
  endloop
 endfacet
facet normal -0.277601421 0.907938838 -0.313981742
  outer loop
   vertex 40402.5859 28721.5664 30758.9297
   vertex 40378.7305 28748.666 30858.3887
   vertex 40476.2695 28772.6367 30841.4668
  endloop
 endfacet
facet normal -0.306911767 0.951044261 0.0363308974
  outer loop
   vertex 40317.1211 28705.3242 31011.4434
   vertex 40404.457 28736.0703 30944.4141
   vertex 40239.8594 28685.8516 30868.4902
  endloop
 endfacet
facet normal -0.384650618 0.88986218 0.245334804
  outer loop
   vertex 40378.7305 28748.666 30858.3887
   vertex 40239.8594 28685.8516 30868.4902
   vertex 40404.457 28736.0703 30944.4141
  endloop
 endfacet
facet normal -0.270937622 0.711321294 0.648548186
  outer loop
   vertex 41214.5586 28897.7227 30790.2539
   vertex 41125.207 28897.6445 30753.0117
   vertex 41166.0117 28817.8105 30857.6191
  endloop
 endfacet
facet normal 0.548444867 0.0538774617 0.834449172
  outer loop
   vertex 41770.7656 28733.9512 30495.0508
   vertex 41753.8867 28854.4453 30498.3652
   vertex 41634.2383 28744.584 30584.0996
  endloop
 endfacet
facet normal 0.151663631 0.844735682 0.513244331
  outer loop
   vertex 40246.9492 28579.7715 31311.332
   vertex 40298.4922 28601.4766 31260.375
   vertex 40183.0312 28638.293 31233.8984
  endloop
 endfacet
facet normal -0.653473675 0.18993102 -0.732733488
  outer loop
   vertex 38159.4805 28343.7305 31411.6836
   vertex 38203.4805 28588.4746 31435.8809
   vertex 38303.0195 28420.5332 31303.5762
  endloop
 endfacet
facet normal -0.685994565 0.153684109 -0.711190999
  outer loop
   vertex 38328.543 28590.0137 31315.582
   vertex 38303.0195 28420.5332 31303.5762
   vertex 38203.4805 28588.4746 31435.8809
  endloop
 endfacet
facet normal -0.431657195 0.81725955 -0.381783783
  outer loop
   vertex 38394.1914 28871.4785 31586.6074
   vertex 38253.4023 28794.4375 31580.873
   vertex 38378.8633 28898.3164 31661.3906
  endloop
 endfacet
facet normal -0.0711463168 0.95455265 0.289426059
  outer loop
   vertex 40594.4883 28761.1699 30908.3438
   vertex 40476.2695 28772.6367 30841.4668
   vertex 40404.457 28736.0703 30944.4141
  endloop
 endfacet
facet normal 0.56165415 0.553272426 0.615170062
  outer loop
   vertex 38522.7109 28896.2246 32189.6582
   vertex 38469.0352 28933.9922 32204.6973
   vertex 38458.1133 28890.6562 32253.6465
  endloop
 endfacet
facet normal -0.69794333 0.614916265 -0.367087334
  outer loop
   vertex 36399.2109 28940.4121 33246.8672
   vertex 36510.0977 29024.4805 33176.8633
   vertex 36456.8516 28864.4082 33009.9648
  endloop
 endfacet
facet normal -0.0681550875 -0.743386388 -0.665380716
  outer loop
   vertex 36991.8477 28318.3887 33007.0938
   vertex 36937.1367 28283.2266 33051.9805
   vertex 36807.6797 28261.666 33089.332
  endloop
 endfacet
facet normal -0.591629386 -0.126062542 -0.796293259
  outer loop
   vertex 37076.5508 28748.7031 32228.8496
   vertex 36966.707 28787.9141 32304.2539
   vertex 37038.3047 28837.3262 32243.2363
  endloop
 endfacet
facet normal -0.606183767 -0.239985734 -0.758253276
  outer loop
   vertex 37076.5508 28748.7031 32228.8496
   vertex 36986.7148 28672.0098 32324.9434
   vertex 36966.707 28787.9141 32304.2539
  endloop
 endfacet
facet normal -0.418699741 0.585629106 -0.694067061
  outer loop
   vertex 37804.9648 28711.2949 31797.6543
   vertex 38039.2188 28844.6289 31768.8398
   vertex 38008.707 28633.3574 31608.9824
  endloop
 endfacet
facet normal -0.697697401 0.125889808 -0.70524472
  outer loop
   vertex 37613.0312 28476.8125 31850.418
   vertex 37627.2812 28626.6602 31863.0664
   vertex 37693.0547 28536.2715 31781.8633
  endloop
 endfacet
facet normal -0.749908924 0.419788241 -0.511287034
  outer loop
   vertex 37613.0312 28476.8125 31850.418
   vertex 37693.0547 28536.2715 31781.8633
   vertex 37655.3711 28479.0254 31790.1328
  endloop
 endfacet
facet normal -0.262518674 0.612715662 -0.745428383
  outer loop
   vertex 37058.6836 29042.9551 32356.584
   vertex 37262.2422 29111.291 32341.0664
   vertex 37056.7188 28999.9824 32321.9551
  endloop
 endfacet
facet normal 0.49201408 -0.155332282 0.856617749
  outer loop
   vertex 43304.4609 28809.4746 29717.5547
   vertex 43325.6914 29005.3359 29740.877
   vertex 43222.2891 28935.625 29787.627
  endloop
 endfacet
facet normal 0.290738672 0.955961883 -0.0400987528
  outer loop
   vertex 44008.8047 29189.8184 28990.3867
   vertex 44159.9297 29140.4219 28908.498
   vertex 44125.1406 29144.8066 28760.7656
  endloop
 endfacet
facet normal -0.2942895 0.518779814 -0.802658796
  outer loop
   vertex 42257.7891 28864.8438 29517.8555
   vertex 42040.9688 28899.2988 29619.6211
   vertex 42134.4492 29025.25 29666.7539
  endloop
 endfacet
facet normal 0.28137517 0.146079004 -0.948413908
  outer loop
   vertex 42045.6094 28974.4629 29632.5742
   vertex 42134.4492 29025.25 29666.7539
   vertex 42040.9688 28899.2988 29619.6211
  endloop
 endfacet
facet normal -0.182023078 0.971244156 -0.153467983
  outer loop
   vertex 43208.3594 29249.5586 29533.5488
   vertex 43058.9219 29210.1953 29461.6797
   vertex 43098.6406 29237.9883 29590.459
  endloop
 endfacet
facet normal 0.267330319 0.768243909 0.58166635
  outer loop
   vertex 42699.0273 29067.0527 30003.2988
   vertex 42799.8438 29064.8809 29959.832
   vertex 42768.6445 29137.748 29877.9297
  endloop
 endfacet
facet normal 0.65747124 0.210160628 0.723577261
  outer loop
   vertex 43082.9844 28966.4336 29845.127
   vertex 43059.4531 29130.9922 29818.7129
   vertex 43008.6953 29042.0078 29890.6777
  endloop
 endfacet
facet normal 0.370084852 0.198589921 0.907523692
  outer loop
   vertex 43234.1055 29090.6211 29756.3242
   vertex 43059.4531 29130.9922 29818.7129
   vertex 43082.9844 28966.4336 29845.127
  endloop
 endfacet
facet normal 0.181599393 0.00958475564 0.983325899
  outer loop
   vertex 42194.5039 28975.8203 30229.5859
   vertex 42354.7578 28957.2109 30200.1719
   vertex 42310.082 29038.7773 30207.627
  endloop
 endfacet
facet normal 0.16437088 -0.13002567 0.977791131
  outer loop
   vertex 42280.3789 28822.3066 30194.7363
   vertex 42354.7578 28957.2109 30200.1719
   vertex 42194.5039 28975.8203 30229.5859
  endloop
 endfacet
facet normal 0.638916075 0.394901097 0.660181344
  outer loop
   vertex 42522.4492 29034.166 30133.0742
   vertex 42611.9844 28966.8457 30086.6914
   vertex 42559.1719 29089.6289 30064.3574
  endloop
 endfacet
facet normal 0.662271619 -0.114405088 0.740478098
  outer loop
   vertex 36861.6836 28746.6973 34174.5352
   vertex 36840.5469 28543.4258 34162.0312
   vertex 36954.0352 28685.9512 34082.5508
  endloop
 endfacet
facet normal 0.753011882 -0.263303399 0.60302937
  outer loop
   vertex 36985.6602 28596.0684 34003.8164
   vertex 36954.0352 28685.9512 34082.5508
   vertex 36840.5469 28543.4258 34162.0312
  endloop
 endfacet
facet normal 0.720277131 0.0470544174 0.692088664
  outer loop
   vertex 36976.1289 28797.4277 34051.9766
   vertex 36861.6836 28746.6973 34174.5352
   vertex 36954.0352 28685.9512 34082.5508
  endloop
 endfacet
facet normal 0.0377749316 0.962534368 0.268515587
  outer loop
   vertex 43131.4766 29206.5293 29698.6094
   vertex 43208.3594 29249.5586 29533.5488
   vertex 43098.6406 29237.9883 29590.459
  endloop
 endfacet
facet normal 0.116987184 0.946359456 0.301193953
  outer loop
   vertex 43131.4766 29206.5293 29698.6094
   vertex 43300.8945 29208.8184 29625.6133
   vertex 43208.3594 29249.5586 29533.5488
  endloop
 endfacet
facet normal -0.19061321 0.932270408 -0.307471126
  outer loop
   vertex 41696.2773 28982.7109 30211.2227
   vertex 41583.5391 28887.8379 29993.459
   vertex 41438.1992 28931.5449 30216.0801
  endloop
 endfacet
facet normal -0.526666105 0.844708622 -0.095342271
  outer loop
   vertex 41696.2773 28982.7109 30211.2227
   vertex 41749.6641 28993.7578 30014.2168
   vertex 41583.5391 28887.8379 29993.459
  endloop
 endfacet
facet normal -0.352637291 0.919651806 0.172880143
  outer loop
   vertex 37209.8516 29323.9688 32888.2344
   vertex 37071.2695 29271.2012 32886.2656
   vertex 37247.125 29323.9785 32964.2148
  endloop
 endfacet
facet normal -0.0694754347 0.912896037 -0.402236283
  outer loop
   vertex 37533.0664 29272.7383 32469.957
   vertex 37565.4219 29233.9277 32376.2852
   vertex 37441.4805 29239.7266 32410.8535
  endloop
 endfacet
facet normal -0.554643512 0.777203798 -0.297194988
  outer loop
   vertex 36809.8867 29129.0859 32829.0859
   vertex 36686.8438 29016.5586 32764.4375
   vertex 36632.0547 29069.4531 33005.0156
  endloop
 endfacet
facet normal 0.681959927 0.341933817 0.646538436
  outer loop
   vertex 37936.8359 29050.3027 32725.8301
   vertex 37790.3789 29081.8145 32863.6484
   vertex 37893.0352 28984.2949 32806.9414
  endloop
 endfacet
facet normal 0.28953585 0.911823511 -0.291113198
  outer loop
   vertex 37565.4219 29233.9277 32376.2852
   vertex 37711.2812 29233.4668 32519.9141
   vertex 37693.8867 29155.6914 32259.002
  endloop
 endfacet
facet normal -0.256133258 -0.11379528 -0.959919989
  outer loop
   vertex 38515.6484 28370.9023 31208.3457
   vertex 38654.1797 28418.8809 31165.6934
   vertex 38717.5273 28268.8906 31166.5703
  endloop
 endfacet
facet normal -0.118568428 0.166231796 -0.978932321
  outer loop
   vertex 38515.6484 28370.9023 31208.3457
   vertex 38717.5273 28268.8906 31166.5703
   vertex 38574.9297 28273.5781 31184.6387
  endloop
 endfacet
facet normal 0.418135643 0.553438842 0.720324934
  outer loop
   vertex 38091.4883 28972.502 32582.4922
   vertex 38099.7422 29056.7695 32512.9551
   vertex 37998.8789 29121.8516 32521.5039
  endloop
 endfacet
facet normal 0.405538619 0.151137009 0.90149653
  outer loop
   vertex 43222.2891 28935.625 29787.627
   vertex 43234.1055 29090.6211 29756.3242
   vertex 43082.9844 28966.4336 29845.127
  endloop
 endfacet
facet normal 0.43281284 -0.466874003 0.771169066
  outer loop
   vertex 43174.1406 28712.8574 29732.2012
   vertex 43212.8125 28654.3379 29675.0684
   vertex 43304.4609 28809.4746 29717.5547
  endloop
 endfacet
facet normal 0.0249175485 0.270779938 -0.962318718
  outer loop
   vertex 44449.0312 28704.8359 28196.5332
   vertex 44659.8281 28518.8203 28149.6504
   vertex 44264.4336 28624.5098 28169.1523
  endloop
 endfacet
facet normal 0.35298273 -0.61033386 0.709151447
  outer loop
   vertex 44125.6289 28453.9414 28938.4023
   vertex 44193.6719 28618.082 29045.8008
   vertex 43907.3711 28494.082 29081.5879
  endloop
 endfacet
facet normal 0.461633325 0.858592808 0.222964242
  outer loop
   vertex 44473.8867 29040.5273 28658.082
   vertex 44795.7305 28864.7656 28668.5508
   vertex 44644.6445 28961.9199 28607.2441
  endloop
 endfacet
facet normal -0.169850037 -0.0639536157 -0.983392537
  outer loop
   vertex 45387.5547 28338.1387 28065.3184
   vertex 45480.1055 28150.3809 28061.5449
   vertex 45010.6836 28233.1484 28137.2383
  endloop
 endfacet
facet normal 0.0165298376 -0.710210621 0.703795195
  outer loop
   vertex 44633.8555 28249.043 28640.5898
   vertex 44418.4531 28451.7051 28850.1602
   vertex 44178.7344 28330.4785 28733.457
  endloop
 endfacet
facet normal 0.0457108617 -0.694212317 0.71831733
  outer loop
   vertex 44633.8555 28249.043 28640.5898
   vertex 44655.3945 28396.7637 28781.9844
   vertex 44418.4531 28451.7051 28850.1602
  endloop
 endfacet
facet normal 0.085243769 0.695293128 -0.713653266
  outer loop
   vertex 44776.5352 28699.0645 28235.248
   vertex 45233.5195 28677.0879 28268.4219
   vertex 45073.9414 28595.9883 28170.3477
  endloop
 endfacet
facet normal 0.479756445 -0.582648456 0.656014144
  outer loop
   vertex 43705.5781 28774.8887 29549.5449
   vertex 43628.1523 28704.3418 29543.5117
   vertex 43718.0586 28762.7559 29529.6426
  endloop
 endfacet
facet normal -0.0294972714 0.949347377 -0.312840909
  outer loop
   vertex 46731.9258 28557.2559 28017.1289
   vertex 46543.5898 28567.5918 28066.248
   vertex 46605.8125 28608.0078 28183.0273
  endloop
 endfacet
facet normal 0.760643601 0.476516485 -0.440855294
  outer loop
   vertex 49648.6172 28357.2129 28761.2344
   vertex 49628.7695 28341.2812 28709.7676
   vertex 49612.3242 28371.4863 28714.0449
  endloop
 endfacet
facet normal 0.780989349 -0.213704586 -0.586844087
  outer loop
   vertex 49713.3359 28283.7578 28816.5605
   vertex 49667.4844 28215.8906 28780.2539
   vertex 49693.4141 28315.5488 28778.4727
  endloop
 endfacet
facet normal 0.838627219 -0.33813405 -0.4270477
  outer loop
   vertex 49713.3359 28283.7578 28816.5605
   vertex 49715.0117 28265.3828 28834.4043
   vertex 49667.4844 28215.8906 28780.2539
  endloop
 endfacet
facet normal 0.86711514 -0.233490884 -0.439992458
  outer loop
   vertex 49667.4844 28215.8906 28780.2539
   vertex 49658.2734 28294.4805 28720.4004
   vertex 49693.4141 28315.5488 28778.4727
  endloop
 endfacet
facet normal 0.632161617 0.724687517 0.274225593
  outer loop
   vertex 49713.3359 28283.7578 28816.5605
   vertex 49693.4141 28315.5488 28778.4727
   vertex 49666.1875 28312.0391 28850.5137
  endloop
 endfacet
facet normal 0.680401087 0.541516721 0.493775249
  outer loop
   vertex 49715.0117 28265.3828 28834.4043
   vertex 49713.3359 28283.7578 28816.5605
   vertex 49666.1875 28312.0391 28850.5137
  endloop
 endfacet
facet normal 0.328419626 -0.59833312 0.730847478
  outer loop
   vertex 49547.6914 28042.4805 28800.3867
   vertex 49651.9844 28164.9473 28853.7832
   vertex 49504.625 28115.5312 28879.5449
  endloop
 endfacet
facet normal 0.502572834 0.138642877 -0.853345573
  outer loop
   vertex 49391.2109 28066.5098 28471.3965
   vertex 49101.9336 28120.125 28309.7383
   vertex 49325.8047 28252.8203 28463.1445
  endloop
 endfacet
facet normal 0.883378148 0.0131608322 0.468476057
  outer loop
   vertex 49522.5273 28010.0566 28848.7539
   vertex 49547.6914 28042.4805 28800.3867
   vertex 49504.625 28115.5312 28879.5449
  endloop
 endfacet
facet normal 0.348479062 0.6845752 0.640249312
  outer loop
   vertex 49522.5273 28010.0566 28848.7539
   vertex 49547.7383 27998.7168 28847.1562
   vertex 49547.6914 28042.4805 28800.3867
  endloop
 endfacet
facet normal 0.346568823 -0.72004813 0.601182759
  outer loop
   vertex 49656.9219 28198.3848 28890.9844
   vertex 49504.625 28115.5312 28879.5449
   vertex 49651.9844 28164.9473 28853.7832
  endloop
 endfacet
facet normal 0.504404306 -0.442423046 0.741510689
  outer loop
   vertex 49703.0117 28203.1758 28841.8809
   vertex 49702.4297 28231.0918 28858.9316
   vertex 49651.9844 28164.9473 28853.7832
  endloop
 endfacet
facet normal 0.705755353 -0.570912004 0.419486374
  outer loop
   vertex 49702.4297 28231.0918 28858.9316
   vertex 49656.9219 28198.3848 28890.9844
   vertex 49651.9844 28164.9473 28853.7832
  endloop
 endfacet
facet normal 0.374724329 0.782818198 -0.496766895
  outer loop
   vertex 48820.6484 28489.0801 28359.9102
   vertex 48973.5156 28426.9785 28377.3594
   vertex 48820.957 28447.1387 28294.0488
  endloop
 endfacet
facet normal 0.149490282 0.871294975 -0.467437416
  outer loop
   vertex 48665.2266 28441.9043 28208.2207
   vertex 48559.0742 28453.002 28194.9609
   vertex 48667.7852 28496.2578 28310.3535
  endloop
 endfacet
facet normal -0.22921288 -0.424833417 0.875772834
  outer loop
   vertex 48970.7891 28100.7559 28847.3438
   vertex 48812.9688 27994.1328 28754.3145
   vertex 49060.9336 27967.3672 28806.2305
  endloop
 endfacet
facet normal -0.0512259901 0.96601975 0.253341228
  outer loop
   vertex 48646.9688 28461.5664 28580.7832
   vertex 48803.7266 28497.9551 28473.7266
   vertex 48518.3594 28497.709 28416.9609
  endloop
 endfacet
facet normal 0.00144490087 0.999931753 -0.0115937535
  outer loop
   vertex 48667.7852 28496.2578 28310.3535
   vertex 48518.3594 28497.709 28416.9609
   vertex 48803.7266 28497.9551 28473.7266
  endloop
 endfacet
facet normal 0.208821908 0.825332284 -0.524614155
  outer loop
   vertex 48820.6484 28489.0801 28359.9102
   vertex 48820.957 28447.1387 28294.0488
   vertex 48667.7852 28496.2578 28310.3535
  endloop
 endfacet
facet normal -0.463051736 -0.351722687 0.813556552
  outer loop
   vertex 48395.5039 27959.7637 28563.6387
   vertex 48485.3125 28102.498 28676.4629
   vertex 48343.582 28093.6465 28591.9668
  endloop
 endfacet
facet normal -0.365873873 -0.340199828 0.866256535
  outer loop
   vertex 48168.7305 28093.8203 28474.9023
   vertex 47847.0312 28148.9805 28360.6934
   vertex 48004.6094 28029.0449 28380.1465
  endloop
 endfacet
facet normal -0.307690829 -0.792094111 0.527174771
  outer loop
   vertex 48196.2266 27819.0664 28227.6113
   vertex 48361.9961 27816.207 28320.0664
   vertex 48105.5078 27913.3379 28316.3086
  endloop
 endfacet
facet normal 0.356543839 0.0594950467 -0.932382345
  outer loop
   vertex 48798.332 27986.2969 28131.248
   vertex 48724.2031 27989.4551 28103.1035
   vertex 48781.418 28126.5293 28133.7285
  endloop
 endfacet
facet normal -0.29865244 -0.0859199837 0.950486422
  outer loop
   vertex 48681.1445 28236.4512 28788.373
   vertex 48598.5859 28104 28750.459
   vertex 48687.9531 28094.7422 28777.7031
  endloop
 endfacet
facet normal 0.269402534 -0.881364226 0.388097048
  outer loop
   vertex 49099.4961 27839.3027 28708.1445
   vertex 49225.8359 27857.5762 28661.9375
   vertex 49164.9922 27886.0645 28768.875
  endloop
 endfacet
facet normal 0.202492163 0.568436086 -0.797419131
  outer loop
   vertex 48466.043 28373.623 28083.4375
   vertex 48521.4023 28264.8711 28019.9707
   vertex 48350.543 28269.8223 27980.1133
  endloop
 endfacet
facet normal -0.733687282 0.508900404 -0.450248092
  outer loop
   vertex 48719.1406 28316.4199 28816.8457
   vertex 48763.6328 28351.4434 28783.9316
   vertex 48681.1445 28236.4512 28788.373
  endloop
 endfacet
facet normal 0.228870094 -0.673895359 -0.702483833
  outer loop
   vertex 49031.8672 27842.3262 28308.3359
   vertex 48782.3086 27790.7383 28276.5195
   vertex 48762.7383 27896.4824 28168.7031
  endloop
 endfacet
facet normal 0.373753071 -0.353568077 -0.857495368
  outer loop
   vertex 48902.1133 27982.8965 28193.8223
   vertex 49031.8672 27842.3262 28308.3359
   vertex 48762.7383 27896.4824 28168.7031
  endloop
 endfacet
facet normal 0.145378664 -0.471445471 -0.869830012
  outer loop
   vertex 48130.8203 27911.6738 27936.6738
   vertex 48034.1719 27963.4941 27892.4336
   vertex 48151.5234 28008.9961 27887.3848
  endloop
 endfacet
facet normal 0.179537147 -0.313123614 -0.932587802
  outer loop
   vertex 47832.8867 28150.998 27804.502
   vertex 48010.2852 28096.2598 27857.0312
   vertex 47739.0312 28078.5762 27810.75
  endloop
 endfacet
facet normal 0.157297164 -0.957570136 -0.241489127
  outer loop
   vertex 46949.8555 27951.6367 28005.5566
   vertex 46638.0234 27906.3125 27982.1641
   vertex 46760.5312 27955.6133 27866.4688
  endloop
 endfacet
facet normal 0.00560915191 -0.999320626 0.0364250541
  outer loop
   vertex 46607.7383 27912.0117 28143.2012
   vertex 46357.7656 27908.1855 28076.7305
   vertex 46638.0234 27906.3125 27982.1641
  endloop
 endfacet
facet normal -0.0508097522 -0.990084529 -0.130961716
  outer loop
   vertex 46451.1523 27923.2461 27926.6465
   vertex 46638.0234 27906.3125 27982.1641
   vertex 46357.7656 27908.1855 28076.7305
  endloop
 endfacet
facet normal -0.195061058 -0.958284199 -0.208908141
  outer loop
   vertex 47771.0156 27905.6523 28074.9434
   vertex 47532.0938 27952.4961 28083.1523
   vertex 47602.5742 27972.4023 27926.0293
  endloop
 endfacet
facet normal -0.102813855 -0.668050826 -0.73697859
  outer loop
   vertex 47739.0312 28078.5762 27810.75
   vertex 47868.168 27973.5566 27887.9316
   vertex 47602.5742 27972.4023 27926.0293
  endloop
 endfacet
facet normal 0.276200026 -0.480347127 -0.832454324
  outer loop
   vertex 48274.6445 27938.0781 27969.1582
   vertex 48130.8203 27911.6738 27936.6738
   vertex 48151.5234 28008.9961 27887.3848
  endloop
 endfacet
facet normal -0.405999243 0.547065973 0.732040584
  outer loop
   vertex 48214.3047 28310.5391 28489.0566
   vertex 48430.6484 28395.1211 28545.834
   vertex 48285.1641 28435.3086 28435.1133
  endloop
 endfacet
facet normal -0.215578824 -0.764108539 0.607999921
  outer loop
   vertex 47778.4492 27986.418 28264.4219
   vertex 47905.418 27901.1016 28202.2188
   vertex 47923.1172 27986.1016 28315.3184
  endloop
 endfacet
facet normal -0.0810659602 0.749174476 0.657393277
  outer loop
   vertex 48937.0781 28344.0137 28813.7891
   vertex 48938.2109 28428.6895 28717.4297
   vertex 48763.6328 28351.4434 28783.9316
  endloop
 endfacet
facet normal -0.0827765763 0.751030385 0.655058324
  outer loop
   vertex 48745.9297 28432.6758 28688.5605
   vertex 48763.6328 28351.4434 28783.9316
   vertex 48938.2109 28428.6895 28717.4297
  endloop
 endfacet
facet normal 0.217010275 0.46655786 -0.85745573
  outer loop
   vertex 47832.8867 28150.998 27804.502
   vertex 47691.8516 28184.6758 27787.1309
   vertex 47851.2969 28240.1816 27857.6875
  endloop
 endfacet
facet normal 0.26975438 0.779099047 -0.56589514
  outer loop
   vertex 47232.6914 28401.0742 27858.5059
   vertex 47148.5391 28519.9336 27982.0312
   vertex 47461.8242 28449.2695 28034.084
  endloop
 endfacet
facet normal 0.474285096 0.740645409 -0.475918055
  outer loop
   vertex 49590.5664 28352.793 28909.9082
   vertex 49526.3242 28360.9492 28858.5742
   vertex 49570.2109 28373.3789 28921.6582
  endloop
 endfacet
facet normal 0.277284235 0.703299463 0.654586375
  outer loop
   vertex 41885.9727 28984.9707 30280.1973
   vertex 41876.7578 28882.459 30394.2402
   vertex 42018.2383 28912.2773 30302.2715
  endloop
 endfacet
facet normal 0.10762348 0.844647944 0.524392068
  outer loop
   vertex 35123.0938 28093.9121 34580.3125
   vertex 35252.8828 28027.1465 34661.2148
   vertex 35282.0547 28108.3145 34524.4883
  endloop
 endfacet
facet normal 0.43006435 0.674712837 0.59983933
  outer loop
   vertex 37094.9648 29145.3516 33604.6758
   vertex 37043.5703 29208.8086 33570.1445
   vertex 36941.4727 29143.5625 33716.7383
  endloop
 endfacet
facet normal 0.181727871 -0.506981611 0.842582107
  outer loop
   vertex 36673.9219 28288.4004 34171.5859
   vertex 36732.7734 28369.6328 34207.7695
   vertex 36615.5273 28428.5664 34268.5195
  endloop
 endfacet
facet normal 0.454811245 -0.370561689 0.809833765
  outer loop
   vertex 36524.7383 28202.4004 34216.0156
   vertex 36673.9219 28288.4004 34171.5859
   vertex 36615.5273 28428.5664 34268.5195
  endloop
 endfacet
facet normal 0.0177303813 0.999800563 -0.00918990746
  outer loop
   vertex 39649.8008 28686.3711 31216.4082
   vertex 39840.5859 28683.4082 31262.0625
   vertex 39954.9961 28680.1738 31130.9844
  endloop
 endfacet
facet normal -0.217563853 0.955601931 -0.198723108
  outer loop
   vertex 43455.0039 29254.502 29078.0547
   vertex 43327.4844 29245.1191 29172.5391
   vertex 43450.7344 29279.084 29200.9316
  endloop
 endfacet
facet normal 0.454040915 0.676043093 0.580355585
  outer loop
   vertex 43545.5039 29090.4707 29569.1543
   vertex 43421.4375 29227.5117 29506.584
   vertex 43378.1719 29119.1895 29666.6113
  endloop
 endfacet
facet normal 0.213142827 -0.371300757 0.903717816
  outer loop
   vertex 36394.4062 27999.4316 34084.9961
   vertex 36499.9141 28038.9785 34076.3594
   vertex 36579.4336 28142.4648 34100.125
  endloop
 endfacet
facet normal 0.472636521 -0.671722889 0.570441127
  outer loop
   vertex 36394.4062 27999.4316 34084.9961
   vertex 36579.4336 28142.4648 34100.125
   vertex 36524.7383 28202.4004 34216.0156
  endloop
 endfacet
facet normal -0.771366417 0.635912597 -0.0246783234
  outer loop
   vertex 35052.1992 28094.4707 34567.7617
   vertex 35035.8203 28071.0156 34475.3516
   vertex 35005.2852 28039.3809 34614.5547
  endloop
 endfacet
facet normal -0.0921791941 -0.360950708 0.928018093
  outer loop
   vertex 34884.168 27799.1836 34885.5547
   vertex 34846.2305 27801.9141 34882.8477
   vertex 34839.4141 27707.2051 34845.332
  endloop
 endfacet
facet normal -0.481873006 0.872303069 0.0829807371
  outer loop
   vertex 35035.5547 27893.4727 34842.6797
   vertex 34972.3711 27853.5078 34895.8945
   vertex 35016.7109 27877.127 34905.0859
  endloop
 endfacet
facet normal -0.152132258 -0.566422999 0.809951067
  outer loop
   vertex 34931.8867 27620.4277 34793.7383
   vertex 34772.3047 27573.4785 34730.9297
   vertex 34828.8867 27510.5879 34697.5781
  endloop
 endfacet
facet normal -0.494840801 -0.618763149 0.610135019
  outer loop
   vertex 34766.3047 27631.2949 34784.6992
   vertex 34709.375 27630.8066 34738.0312
   vertex 34772.3047 27573.4785 34730.9297
  endloop
 endfacet
facet normal 0.970230043 0.226917043 0.0846302062
  outer loop
   vertex 34911.7344 27679.0312 34867.625
   vertex 34919.4141 27648.6035 34861.1797
   vertex 34931.8867 27620.4277 34793.7383
  endloop
 endfacet
facet normal -0.0451617427 -0.28749904 0.956715584
  outer loop
   vertex 34972.3711 27853.5078 34895.8945
   vertex 35022.8828 27840.2773 34894.3047
   vertex 35016.7109 27877.127 34905.0859
  endloop
 endfacet
facet normal -0.0919106528 0.440252393 0.893157482
  outer loop
   vertex 36394.4062 27999.4316 34084.9961
   vertex 36460.9805 28005.5547 34088.8281
   vertex 36499.9141 28038.9785 34076.3594
  endloop
 endfacet
facet normal 0.140352502 -0.0126770809 0.990020454
  outer loop
   vertex 36015.3594 28007.9199 34372.7539
   vertex 36215.4375 28173.1387 34346.5078
   vertex 36025.0977 28207.0391 34373.9258
  endloop
 endfacet
facet normal 0.145944282 0.0194639415 0.989101291
  outer loop
   vertex 36241.8242 28377.5156 34338.5898
   vertex 36025.0977 28207.0391 34373.9258
   vertex 36215.4375 28173.1387 34346.5078
  endloop
 endfacet
facet normal -0.528360784 -0.397770077 0.750075877
  outer loop
   vertex 34598.8008 27596.3613 34664.543
   vertex 34600.2891 27582.3672 34658.1719
   vertex 34616.0781 27588.8828 34672.7461
  endloop
 endfacet
facet normal 0.196913511 -0.749681175 0.631825328
  outer loop
   vertex 34883.2617 27478.918 34640.9844
   vertex 35007.0742 27498.5039 34625.6367
   vertex 34931.8867 27620.4277 34793.7383
  endloop
 endfacet
facet normal 0.72659272 -0.427904487 0.537550688
  outer loop
   vertex 34951.8789 27766.0137 34882.6016
   vertex 34911.7344 27679.0312 34867.625
   vertex 34931.8867 27620.4277 34793.7383
  endloop
 endfacet
facet normal 0.279583722 -0.527909279 0.801963031
  outer loop
   vertex 35107.3047 27760.4043 34824.7227
   vertex 34951.8789 27766.0137 34882.6016
   vertex 34931.8867 27620.4277 34793.7383
  endloop
 endfacet
facet normal 0.711203933 0.654016852 0.257780761
  outer loop
   vertex 37676.3242 29184.9043 32916.7578
   vertex 37790.3789 29081.8145 32863.6484
   vertex 37683.1875 29226.7441 32791.6797
  endloop
 endfacet
facet normal -0.000282981928 0.873233736 -0.487301469
  outer loop
   vertex 37458.3906 29280.6387 32484.1602
   vertex 37533.0664 29272.7383 32469.957
   vertex 37441.4805 29239.7266 32410.8535
  endloop
 endfacet
facet normal -0.549803019 -0.134066597 -0.824465156
  outer loop
   vertex 38515.6484 28370.9023 31208.3457
   vertex 38574.9297 28273.5781 31184.6387
   vertex 38518.2227 28205.3262 31233.5547
  endloop
 endfacet
facet normal -0.211131632 0.876322508 0.432992309
  outer loop
   vertex 36700.7422 29049.0312 33919.1523
   vertex 36785.5312 29139.4355 33777.5273
   vertex 36662.9219 29131.7305 33733.3359
  endloop
 endfacet
facet normal -0.0601707399 0.865006804 0.498139292
  outer loop
   vertex 36443.8828 28983.6836 33904.0898
   vertex 36473.2812 28917.1074 34023.2461
   vertex 36504.1484 29040.7305 33812.3086
  endloop
 endfacet
facet normal 0.220782518 0.972020984 -0.080189243
  outer loop
   vertex 37711.2812 29233.4668 32519.9141
   vertex 37478.3711 29290.8555 32574.2832
   vertex 37539.5352 29290.0645 32733.0977
  endloop
 endfacet
facet normal 0.190902382 0.86047405 0.472377717
  outer loop
   vertex 41562.0469 28866.5293 30614.1523
   vertex 41646.1172 28882.7305 30550.666
   vertex 41550.0508 28944.7285 30476.5527
  endloop
 endfacet
facet normal -0.0507954359 0.881218374 -0.469972342
  outer loop
   vertex 43924.7109 29116.5332 28597.9746
   vertex 44178.7305 29092.5762 28525.5996
   vertex 43961.9531 29044.5039 28458.8945
  endloop
 endfacet
facet normal 0.424652308 0.723899424 0.543727875
  outer loop
   vertex 43421.4375 29227.5117 29506.584
   vertex 43325.8945 29263.9102 29532.7402
   vertex 43300.8945 29208.8184 29625.6133
  endloop
 endfacet
facet normal -0.0976494476 0.911659479 -0.399176121
  outer loop
   vertex 37938.582 29127.041 32306.5762
   vertex 38014.7969 29071.8906 32161.9746
   vertex 37834.8906 28994.9902 32030.3555
  endloop
 endfacet
facet normal 0.473020852 0.712538838 -0.518208146
  outer loop
   vertex 37938.582 29127.041 32306.5762
   vertex 37834.8906 28994.9902 32030.3555
   vertex 37825.5078 29129.1836 32206.3066
  endloop
 endfacet
facet normal -0.0849602148 0.975759149 0.201682389
  outer loop
   vertex 41885.9727 28984.9707 30280.1973
   vertex 41696.2773 28982.7109 30211.2227
   vertex 41746.6758 28946.8281 30406.0566
  endloop
 endfacet
facet normal 0.301616549 0.625405848 0.719649196
  outer loop
   vertex 43300.8945 29208.8184 29625.6133
   vertex 43131.4766 29206.5293 29698.6094
   vertex 43234.1055 29090.6211 29756.3242
  endloop
 endfacet
facet normal 0.247099325 0.905058086 0.346138418
  outer loop
   vertex 41550.0508 28944.7285 30476.5527
   vertex 41354.6797 28946.6445 30611.0137
   vertex 41456.8203 28897.6934 30666.0938
  endloop
 endfacet
facet normal 0.0617285445 0.995232701 0.075507611
  outer loop
   vertex 41550.0508 28944.7285 30476.5527
   vertex 41325.6484 28962.1562 30430.3008
   vertex 41354.6797 28946.6445 30611.0137
  endloop
 endfacet
facet normal 0.481897742 0.476919115 0.735066473
  outer loop
   vertex 41646.1172 28882.7305 30550.666
   vertex 41753.8867 28854.4453 30498.3652
   vertex 41682.6133 28925.8867 30498.7402
  endloop
 endfacet
facet normal -0.614998043 0.271619409 -0.740270436
  outer loop
   vertex 34598.8008 27596.3613 34664.543
   vertex 34637.1875 27647.7559 34651.5117
   vertex 34600.2891 27582.3672 34658.1719
  endloop
 endfacet
facet normal -0.424086422 -0.742952645 -0.51785332
  outer loop
   vertex 39351.2305 28119.166 30899.7598
   vertex 39371.7422 28050.8535 30980.9648
   vertex 39198.5547 28139.9629 30994.9531
  endloop
 endfacet
facet normal -0.409916401 -0.40300861 -0.818261921
  outer loop
   vertex 39158.9609 28233.5078 30968.7148
   vertex 39289.1953 28227.7676 30906.3008
   vertex 39198.5547 28139.9629 30994.9531
  endloop
 endfacet
facet normal 0.0244750269 -0.908010006 0.418232888
  outer loop
   vertex 39299.4062 28072.1855 31330.8574
   vertex 39543.9648 28078.207 31329.6172
   vertex 39372.4609 28140.957 31475.8887
  endloop
 endfacet
facet normal 0.377199143 -0.426392943 0.822137356
  outer loop
   vertex 39638.3125 28392.5996 31542.293
   vertex 39517.3945 28222.2676 31509.4297
   vertex 39733.4805 28170.5254 31383.4551
  endloop
 endfacet
facet normal -0.460542053 -0.4150078 -0.784646094
  outer loop
   vertex 39002.6367 28242.1309 31055.9082
   vertex 39158.9609 28233.5078 30968.7148
   vertex 39198.5547 28139.9629 30994.9531
  endloop
 endfacet
facet normal 0.0250302963 -0.95758009 0.287078083
  outer loop
   vertex 39299.4062 28072.1855 31330.8574
   vertex 39467.8555 28015.1211 31125.8203
   vertex 39543.9648 28078.207 31329.6172
  endloop
 endfacet
facet normal 0.3292059 -0.865827858 0.376783162
  outer loop
   vertex 40166.0703 28000.9746 31046.6016
   vertex 40208.0898 27974.2539 30948.4824
   vertex 40314.8359 28063.793 31060.9766
  endloop
 endfacet
facet normal 0.169302151 -0.843094766 0.510419428
  outer loop
   vertex 40307.3594 27995.8164 30951.1719
   vertex 40314.8359 28063.793 31060.9766
   vertex 40208.0898 27974.2539 30948.4824
  endloop
 endfacet
facet normal 0.211785167 -0.725396156 -0.654940784
  outer loop
   vertex 35143.5508 27627.2578 34119.8555
   vertex 35281.6562 27602.3535 34192.1016
   vertex 35143.3594 27532.0195 34225.2773
  endloop
 endfacet
facet normal -0.363856524 -0.890615582 -0.27278626
  outer loop
   vertex 38375.8594 28096.7422 31544.3008
   vertex 38460.5742 28106.3086 31400.0703
   vertex 38460.5195 28080.8789 31483.166
  endloop
 endfacet
facet normal 0.000394971226 -0.990551829 0.137138426
  outer loop
   vertex 39054.6484 28087.1387 31355.3223
   vertex 38946.582 28109.5312 31517.3691
   vertex 38832.9844 28092.6016 31395.4141
  endloop
 endfacet
facet normal 0.0355418399 -0.988571525 0.146502808
  outer loop
   vertex 38559.9883 28095.2422 31520.5742
   vertex 38697.3711 28088.6523 31442.7773
   vertex 38762.5273 28109.2656 31566.0605
  endloop
 endfacet
facet normal 0.437601447 -0.898998559 0.0175076295
  outer loop
   vertex 36272.3203 27918.0918 33622.5156
   vertex 36364.832 27964.2422 33679.9102
   vertex 36214.8555 27892.3438 33736.7344
  endloop
 endfacet
facet normal 0.396259218 -0.911788821 -0.10779494
  outer loop
   vertex 36340.4766 27932.6211 33857.832
   vertex 36214.8555 27892.3438 33736.7344
   vertex 36364.832 27964.2422 33679.9102
  endloop
 endfacet
facet normal 0.344355196 -0.860012889 0.376559824
  outer loop
   vertex 36394.4062 27999.4316 34084.9961
   vertex 36333.5664 28034.8438 34221.5117
   vertex 36226.2852 28006.7441 34255.4453
  endloop
 endfacet
facet normal -0.265452951 -0.902036548 -0.340389132
  outer loop
   vertex 36214.8555 27892.3438 33736.7344
   vertex 36094.5156 27955.6562 33662.8008
   vertex 36202.0352 27941.6895 33615.9648
  endloop
 endfacet
facet normal 0.595597923 -0.696712554 -0.399818391
  outer loop
   vertex 36364.832 27964.2422 33679.9102
   vertex 36272.3203 27918.0918 33622.5156
   vertex 36318.7461 28039.1289 33480.7578
  endloop
 endfacet
facet normal 0.321879953 -0.85925144 -0.397593051
  outer loop
   vertex 36364.832 27964.2422 33679.9102
   vertex 36318.7461 28039.1289 33480.7578
   vertex 36580.2891 28085.8867 33591.4453
  endloop
 endfacet
facet normal 0.522759736 -0.725247681 -0.448037982
  outer loop
   vertex 36254.7383 27911.9023 33612.0195
   vertex 36318.7461 28039.1289 33480.7578
   vertex 36272.3203 27918.0918 33622.5156
  endloop
 endfacet
facet normal 0.466541052 -0.881267548 -0.0755441859
  outer loop
   vertex 36364.832 27964.2422 33679.9102
   vertex 36580.2891 28085.8867 33591.4453
   vertex 36492.2734 28019.5684 33821.5117
  endloop
 endfacet
facet normal 0.348668903 -0.92761749 -0.133999139
  outer loop
   vertex 36590.4805 28069.5508 33731.0547
   vertex 36492.2734 28019.5684 33821.5117
   vertex 36580.2891 28085.8867 33591.4453
  endloop
 endfacet
facet normal -0.0538374484 -0.789591372 -0.611266673
  outer loop
   vertex 35843.2031 27961.8184 33774.457
   vertex 35963.7578 27830.375 33933.6289
   vertex 35696.0742 27799 33997.7305
  endloop
 endfacet
facet normal 0.509349227 -0.758919358 -0.405715168
  outer loop
   vertex 36239.9023 27883.2461 33646.9961
   vertex 36254.7383 27911.9023 33612.0195
   vertex 36272.3203 27918.0918 33622.5156
  endloop
 endfacet
facet normal 0.792715371 -0.543362796 0.276331693
  outer loop
   vertex 36239.9023 27883.2461 33646.9961
   vertex 36272.3203 27918.0918 33622.5156
   vertex 36214.8555 27892.3438 33736.7344
  endloop
 endfacet
facet normal 0.446695685 -0.638079584 0.627150238
  outer loop
   vertex 36176.6758 27874.6211 34113.0938
   vertex 36282.2031 27894.6211 34058.2812
   vertex 36394.4062 27999.4316 34084.9961
  endloop
 endfacet
facet normal 0.477902353 -0.720622957 0.502306581
  outer loop
   vertex 36176.6758 27874.6211 34113.0938
   vertex 36394.4062 27999.4316 34084.9961
   vertex 36226.2852 28006.7441 34255.4453
  endloop
 endfacet
facet normal -0.239515692 -0.909233809 -0.340479285
  outer loop
   vertex 36214.8555 27892.3438 33736.7344
   vertex 36196.9609 27842.8926 33881.3789
   vertex 36137.8398 27833.0059 33949.3711
  endloop
 endfacet
facet normal 0.0309927668 -0.983474314 -0.178375155
  outer loop
   vertex 36043.8047 27808.1641 34069.9922
   vertex 35963.7578 27830.375 33933.6289
   vertex 36137.8398 27833.0059 33949.3711
  endloop
 endfacet
facet normal 0.411021024 -0.902865827 -0.126075417
  outer loop
   vertex 36340.4766 27932.6211 33857.832
   vertex 36253.8672 27877.9062 33967.3086
   vertex 36214.8555 27892.3438 33736.7344
  endloop
 endfacet
facet normal 0.68114686 -0.714453876 -0.159983084
  outer loop
   vertex 36196.9609 27842.8926 33881.3789
   vertex 36214.8555 27892.3438 33736.7344
   vertex 36253.8672 27877.9062 33967.3086
  endloop
 endfacet
facet normal 0.527912259 -0.706324518 0.471608222
  outer loop
   vertex 36176.6758 27874.6211 34113.0938
   vertex 36226.2852 28006.7441 34255.4453
   vertex 36063.1953 27894.0723 34269.25
  endloop
 endfacet
facet normal 0.766147137 -0.51909256 -0.378895044
  outer loop
   vertex 36394.4062 27999.4316 34084.9961
   vertex 36308.7812 27903.6309 34043.1055
   vertex 36253.8672 27877.9062 33967.3086
  endloop
 endfacet
facet normal 0.608683527 -0.788582802 0.0874160454
  outer loop
   vertex 36394.4062 27999.4316 34084.9961
   vertex 36253.8672 27877.9062 33967.3086
   vertex 36340.4766 27932.6211 33857.832
  endloop
 endfacet
facet normal 0.521588326 -0.687267184 0.505578339
  outer loop
   vertex 36282.2031 27894.6211 34058.2812
   vertex 36308.7812 27903.6309 34043.1055
   vertex 36394.4062 27999.4316 34084.9961
  endloop
 endfacet
facet normal 0.52130425 -0.196410775 0.830460489
  outer loop
   vertex 35533.2617 27958.7988 34583.2773
   vertex 35366.4219 27901.7148 34674.5078
   vertex 35520.0234 27805.5781 34555.3477
  endloop
 endfacet
facet normal -0.630018294 0.758103073 0.168394372
  outer loop
   vertex 36028.3672 28552.7559 33834.6211
   vertex 35905.918 28420.752 33970.7695
   vertex 36071.2969 28532.5176 34086.3516
  endloop
 endfacet
facet normal 0.484002471 -0.422619641 0.766246855
  outer loop
   vertex 35698.2266 27923.9043 34508.0508
   vertex 35520.0234 27805.5781 34555.3477
   vertex 35686.1016 27787.416 34440.4297
  endloop
 endfacet
facet normal 0.37186271 -0.197457835 0.907043815
  outer loop
   vertex 35533.2617 27958.7988 34583.2773
   vertex 35520.0234 27805.5781 34555.3477
   vertex 35698.2266 27923.9043 34508.0508
  endloop
 endfacet
facet normal 0.428879589 -0.785737216 0.44573462
  outer loop
   vertex 35871.4102 27830.5996 34338.25
   vertex 35795.7031 27855.5605 34455.0977
   vertex 35686.1016 27787.416 34440.4297
  endloop
 endfacet
facet normal 0.401766717 -0.835129023 0.375690132
  outer loop
   vertex 35698.1641 27738.6738 34319.1758
   vertex 35871.4102 27830.5996 34338.25
   vertex 35686.1016 27787.416 34440.4297
  endloop
 endfacet
facet normal 0.0195078645 -0.421848238 -0.90645659
  outer loop
   vertex 35194.5312 27762.5938 34057.9727
   vertex 35323.5156 27694.5312 34092.4219
   vertex 35143.5508 27627.2578 34119.8555
  endloop
 endfacet
facet normal 0.282400429 -0.877161443 -0.388378412
  outer loop
   vertex 36214.8555 27892.3438 33736.7344
   vertex 36202.0352 27941.6895 33615.9648
   vertex 36318.7461 28039.1289 33480.7578
  endloop
 endfacet
facet normal -0.942695975 0.194700778 -0.270953774
  outer loop
   vertex 36214.8555 27892.3438 33736.7344
   vertex 36318.7461 28039.1289 33480.7578
   vertex 36254.7383 27911.9023 33612.0195
  endloop
 endfacet
facet normal -0.389898449 -0.309410125 -0.867320359
  outer loop
   vertex 35843.2031 27961.8184 33774.457
   vertex 35613.0781 27892.7617 33902.543
   vertex 35696.4648 28028.1973 33816.7422
  endloop
 endfacet
facet normal -0.948328674 0.149546087 -0.279836863
  outer loop
   vertex 36214.8555 27892.3438 33736.7344
   vertex 36254.7383 27911.9023 33612.0195
   vertex 36239.9023 27883.2461 33646.9961
  endloop
 endfacet
facet normal 0.214549243 -0.938888192 0.269179523
  outer loop
   vertex 35779.6992 27759.8301 34164.5078
   vertex 35934.4414 27789.6406 34145.1484
   vertex 35871.4102 27830.5996 34338.25
  endloop
 endfacet
facet normal 0.191958547 -0.945451677 0.26319778
  outer loop
   vertex 36018.0195 27820.7344 34195.8906
   vertex 35871.4102 27830.5996 34338.25
   vertex 35934.4414 27789.6406 34145.1484
  endloop
 endfacet
facet normal 0.428084344 -0.757212758 0.493328124
  outer loop
   vertex 36018.0195 27820.7344 34195.8906
   vertex 36063.1953 27894.0723 34269.25
   vertex 35871.4102 27830.5996 34338.25
  endloop
 endfacet
facet normal 0.488189012 -0.748947561 0.448050231
  outer loop
   vertex 36018.0195 27820.7344 34195.8906
   vertex 36176.6758 27874.6211 34113.0938
   vertex 36063.1953 27894.0723 34269.25
  endloop
 endfacet
facet normal -0.189181864 -0.585729241 -0.788118958
  outer loop
   vertex 35613.0781 27892.7617 33902.543
   vertex 35487.5273 27775.416 34019.8945
   vertex 35465.4805 27869.25 33955.4492
  endloop
 endfacet
facet normal -0.0758255124 -0.560963809 -0.82436043
  outer loop
   vertex 35323.5156 27694.5312 34092.4219
   vertex 35194.5312 27762.5938 34057.9727
   vertex 35343.1602 27810.5547 34011.6641
  endloop
 endfacet
facet normal 0.0377381481 -0.965967953 -0.255893946
  outer loop
   vertex 36214.8555 27892.3438 33736.7344
   vertex 36137.8398 27833.0059 33949.3711
   vertex 35963.7578 27830.375 33933.6289
  endloop
 endfacet
facet normal -0.161161736 -0.863787174 -0.47738722
  outer loop
   vertex 36214.8555 27892.3438 33736.7344
   vertex 35963.7578 27830.375 33933.6289
   vertex 36094.5156 27955.6562 33662.8008
  endloop
 endfacet
facet normal 0.335332811 -0.929014564 0.156473175
  outer loop
   vertex 36253.8672 27877.9062 33967.3086
   vertex 36137.8398 27833.0059 33949.3711
   vertex 36196.9609 27842.8926 33881.3789
  endloop
 endfacet
facet normal -0.243164554 -0.83029151 -0.501484811
  outer loop
   vertex 35843.2031 27961.8184 33774.457
   vertex 36094.5156 27955.6562 33662.8008
   vertex 35963.7578 27830.375 33933.6289
  endloop
 endfacet
facet normal 0.40863049 -0.903015733 0.132603437
  outer loop
   vertex 36176.6758 27874.6211 34113.0938
   vertex 36043.8047 27808.1641 34069.9922
   vertex 36137.8398 27833.0059 33949.3711
  endloop
 endfacet
facet normal 0.335307956 -0.929001808 0.15660201
  outer loop
   vertex 36253.8672 27877.9062 33967.3086
   vertex 36176.6758 27874.6211 34113.0938
   vertex 36137.8398 27833.0059 33949.3711
  endloop
 endfacet
facet normal 0.0054707299 -0.71002835 -0.704151809
  outer loop
   vertex 35613.0781 27892.7617 33902.543
   vertex 35696.0742 27799 33997.7305
   vertex 35487.5273 27775.416 34019.8945
  endloop
 endfacet
facet normal 0.263948262 -0.952926219 0.149207756
  outer loop
   vertex 36043.8047 27808.1641 34069.9922
   vertex 36018.0195 27820.7344 34195.8906
   vertex 35934.4414 27789.6406 34145.1484
  endloop
 endfacet
facet normal 0.0525715873 -0.96597302 -0.253243595
  outer loop
   vertex 35963.7578 27830.375 33933.6289
   vertex 35779.6992 27759.8301 34164.5078
   vertex 35696.0742 27799 33997.7305
  endloop
 endfacet
facet normal 0.166767895 -0.972241104 -0.164120957
  outer loop
   vertex 35963.7578 27830.375 33933.6289
   vertex 35934.4414 27789.6406 34145.1484
   vertex 35779.6992 27759.8301 34164.5078
  endloop
 endfacet
facet normal 0.0402104892 -0.982182801 -0.183575645
  outer loop
   vertex 35963.7578 27830.375 33933.6289
   vertex 36043.8047 27808.1641 34069.9922
   vertex 35934.4414 27789.6406 34145.1484
  endloop
 endfacet
facet normal 0.375753015 -0.753706336 -0.539199829
  outer loop
   vertex 35281.6562 27602.3535 34192.1016
   vertex 35323.5156 27694.5312 34092.4219
   vertex 35515.7109 27686.2715 34237.9023
  endloop
 endfacet
facet normal 0.367037863 -0.903973699 -0.219350681
  outer loop
   vertex 35286.1836 27569.2832 34335.9609
   vertex 35281.6562 27602.3535 34192.1016
   vertex 35515.7109 27686.2715 34237.9023
  endloop
 endfacet
facet normal 0.271336406 -0.962417185 0.0113912588
  outer loop
   vertex 35779.6992 27759.8301 34164.5078
   vertex 35698.1641 27738.6738 34319.1758
   vertex 35515.7109 27686.2715 34237.9023
  endloop
 endfacet
facet normal 0.280563265 -0.95977217 -0.0110285291
  outer loop
   vertex 35698.1641 27738.6738 34319.1758
   vertex 35619.7422 27715.1992 34366.918
   vertex 35515.7109 27686.2715 34237.9023
  endloop
 endfacet
facet normal 0.390642077 -0.807973683 0.44110921
  outer loop
   vertex 35619.7422 27715.1992 34366.918
   vertex 35686.1016 27787.416 34440.4297
   vertex 35557.5977 27717.4766 34426.125
  endloop
 endfacet
facet normal 0.0632568449 -0.92086184 -0.384723365
  outer loop
   vertex 35696.0742 27799 33997.7305
   vertex 35515.7109 27686.2715 34237.9023
   vertex 35487.5273 27775.416 34019.8945
  endloop
 endfacet
facet normal 0.26041469 -0.881411374 -0.39407891
  outer loop
   vertex 35323.5156 27694.5312 34092.4219
   vertex 35487.5273 27775.416 34019.8945
   vertex 35515.7109 27686.2715 34237.9023
  endloop
 endfacet
facet normal 0.162797123 -0.938051164 0.305871069
  outer loop
   vertex 35871.4102 27830.5996 34338.25
   vertex 35844.6016 27858.0391 34436.6719
   vertex 35795.7031 27855.5605 34455.0977
  endloop
 endfacet
facet normal 0.455101788 -0.882424057 0.11920619
  outer loop
   vertex 35871.4102 27830.5996 34338.25
   vertex 35698.1641 27738.6738 34319.1758
   vertex 35779.6992 27759.8301 34164.5078
  endloop
 endfacet
facet normal 0.331950992 -0.731684327 0.59535414
  outer loop
   vertex 35520.0234 27805.5781 34555.3477
   vertex 35557.5977 27717.4766 34426.125
   vertex 35686.1016 27787.416 34440.4297
  endloop
 endfacet
facet normal 0.0985877961 -0.985034823 0.141375005
  outer loop
   vertex 35619.7422 27715.1992 34366.918
   vertex 35557.5977 27717.4766 34426.125
   vertex 35515.7109 27686.2715 34237.9023
  endloop
 endfacet
facet normal 0.367866576 -0.927099109 0.0718430653
  outer loop
   vertex 35413.7539 27663.6035 34467.4336
   vertex 35515.7109 27686.2715 34237.9023
   vertex 35557.5977 27717.4766 34426.125
  endloop
 endfacet
facet normal 0.495182425 -0.858204961 0.135198608
  outer loop
   vertex 35413.7539 27663.6035 34467.4336
   vertex 35286.1836 27569.2832 34335.9609
   vertex 35515.7109 27686.2715 34237.9023
  endloop
 endfacet
facet normal 0.465668917 -0.804094553 0.369573325
  outer loop
   vertex 35619.7422 27715.1992 34366.918
   vertex 35698.1641 27738.6738 34319.1758
   vertex 35686.1016 27787.416 34440.4297
  endloop
 endfacet
facet normal -0.702270567 0.416514993 0.57734853
  outer loop
   vertex 34846.2305 27801.9141 34882.8477
   vertex 34827.6523 27792.2461 34867.2227
   vertex 34834.2422 27777.041 34886.2109
  endloop
 endfacet
facet normal 0.426235706 -0.684948564 0.590904832
  outer loop
   vertex 35557.5977 27717.4766 34426.125
   vertex 35520.0234 27805.5781 34555.3477
   vertex 35413.7539 27663.6035 34467.4336
  endloop
 endfacet
facet normal -0.350309521 -0.170582369 0.920969546
  outer loop
   vertex 34911.7344 27679.0312 34867.625
   vertex 34839.4141 27707.2051 34845.332
   vertex 34903.0312 27660.6543 34860.9102
  endloop
 endfacet
facet normal 0.498434395 -0.829080462 0.253354967
  outer loop
   vertex 35232.2539 27566.3359 34533.0117
   vertex 35136.6289 27539.6758 34633.8945
   vertex 35087.8398 27473.002 34511.6992
  endloop
 endfacet
facet normal 0.568077207 -0.749246538 0.340467244
  outer loop
   vertex 35136.6289 27539.6758 34633.8945
   vertex 35232.2539 27566.3359 34533.0117
   vertex 35210.8633 27627.1582 34702.5508
  endloop
 endfacet
facet normal 0.336871982 -0.698969722 -0.630839586
  outer loop
   vertex 35046.3555 27544.5566 34159.5898
   vertex 35143.5508 27627.2578 34119.8555
   vertex 35143.3594 27532.0195 34225.2773
  endloop
 endfacet
facet normal 0.181252226 -0.924476683 0.335395992
  outer loop
   vertex 35087.8398 27473.002 34511.6992
   vertex 35007.0742 27498.5039 34625.6367
   vertex 34974.5742 27437.0117 34473.7031
  endloop
 endfacet
facet normal -0.0498478077 -0.99871707 0.00891045947
  outer loop
   vertex 35037.0703 27433.4258 34421.5117
   vertex 34974.5742 27437.0117 34473.7031
   vertex 34966.6641 27436.2969 34349.3516
  endloop
 endfacet
facet normal -0.490691543 -0.814226151 -0.310254037
  outer loop
   vertex 34610.2031 27597.2715 34611.4766
   vertex 34643.2344 27566.3301 34640.4414
   vertex 34604.8008 27588.8574 34642.1055
  endloop
 endfacet
facet normal -0.468031436 -0.765916288 -0.440816015
  outer loop
   vertex 34600.2891 27582.3672 34658.1719
   vertex 34604.8008 27588.8574 34642.1055
   vertex 34643.2344 27566.3301 34640.4414
  endloop
 endfacet
facet normal 0.521526873 -0.196001649 0.830417395
  outer loop
   vertex 35520.0234 27805.5781 34555.3477
   vertex 35366.4219 27901.7148 34674.5078
   vertex 35328.0508 27719.8535 34655.6797
  endloop
 endfacet
facet normal 0.76877737 0.341569692 0.540658355
  outer loop
   vertex 35107.3047 27760.4043 34824.7227
   vertex 35035.5547 27893.4727 34842.6797
   vertex 35022.8828 27840.2773 34894.3047
  endloop
 endfacet
facet normal 0.949761689 0.0698492303 0.305079967
  outer loop
   vertex 35016.7109 27877.127 34905.0859
   vertex 35022.8828 27840.2773 34894.3047
   vertex 35035.5547 27893.4727 34842.6797
  endloop
 endfacet
facet normal -0.168131709 -0.985219479 0.0327769741
  outer loop
   vertex 34966.6641 27436.2969 34349.3516
   vertex 34838.8789 27460.2344 34413.4023
   vertex 34893.6914 27447.4961 34311.6445
  endloop
 endfacet
facet normal -0.175935134 -0.984257519 0.0168498382
  outer loop
   vertex 34974.5742 27437.0117 34473.7031
   vertex 34838.8789 27460.2344 34413.4023
   vertex 34966.6641 27436.2969 34349.3516
  endloop
 endfacet
facet normal -0.00772265019 -0.148434594 0.988892078
  outer loop
   vertex 34951.8789 27766.0137 34882.6016
   vertex 35022.8828 27840.2773 34894.3047
   vertex 34972.3711 27853.5078 34895.8945
  endloop
 endfacet
facet normal -0.872003675 0.487146646 -0.0479350016
  outer loop
   vertex 34637.1875 27647.7559 34651.5117
   vertex 34604.8008 27588.8574 34642.1055
   vertex 34600.2891 27582.3672 34658.1719
  endloop
 endfacet
facet normal -0.874627709 0.484328955 -0.0212551001
  outer loop
   vertex 34637.1875 27647.7559 34651.5117
   vertex 34610.2031 27597.2715 34611.4766
   vertex 34604.8008 27588.8574 34642.1055
  endloop
 endfacet
facet normal 0.663243234 -0.67393434 0.32545501
  outer loop
   vertex 35232.2539 27566.3359 34533.0117
   vertex 35328.0508 27719.8535 34655.6797
   vertex 35210.8633 27627.1582 34702.5508
  endloop
 endfacet
facet normal -0.243152842 0.405070245 0.881359637
  outer loop
   vertex 34637.1875 27647.7559 34651.5117
   vertex 34598.8008 27596.3613 34664.543
   vertex 34616.0781 27588.8828 34672.7461
  endloop
 endfacet
facet normal 0.350956112 -0.603288174 0.716151655
  outer loop
   vertex 34616.0781 27588.8828 34672.7461
   vertex 34601.1914 27565.8672 34660.6562
   vertex 34643.2344 27566.3301 34640.4414
  endloop
 endfacet
facet normal -0.42650649 -0.157318994 -0.890698016
  outer loop
   vertex 34600.2891 27582.3672 34658.1719
   vertex 34643.2344 27566.3301 34640.4414
   vertex 34601.1914 27565.8672 34660.6562
  endloop
 endfacet
facet normal 0.0757229999 -0.941914976 0.327203542
  outer loop
   vertex 34834.6992 27442.166 34546.4258
   vertex 34883.2617 27478.918 34640.9844
   vertex 34798.7148 27464.1797 34618.125
  endloop
 endfacet
facet normal -0.609935105 -0.767428577 0.197566554
  outer loop
   vertex 34839.4141 27707.2051 34845.332
   vertex 34931.8867 27620.4277 34793.7383
   vertex 34903.0312 27660.6543 34860.9102
  endloop
 endfacet
facet normal -0.130635455 -0.605834961 0.784791946
  outer loop
   vertex 34839.4141 27707.2051 34845.332
   vertex 34772.3047 27573.4785 34730.9297
   vertex 34931.8867 27620.4277 34793.7383
  endloop
 endfacet
facet normal -0.626662612 -0.710871398 -0.319305122
  outer loop
   vertex 34771.3984 27466.3984 34532.1211
   vertex 34695.9102 27552.291 34489.0469
   vertex 34838.8789 27460.2344 34413.4023
  endloop
 endfacet
facet normal -0.326918036 -0.935027957 -0.137285382
  outer loop
   vertex 34834.6992 27442.166 34546.4258
   vertex 34771.3984 27466.3984 34532.1211
   vertex 34838.8789 27460.2344 34413.4023
  endloop
 endfacet
facet normal -0.745696306 -0.433767527 0.505749702
  outer loop
   vertex 34772.3047 27573.4785 34730.9297
   vertex 34733.1914 27504.2539 34613.8906
   vertex 34776.2188 27495.2891 34669.6406
  endloop
 endfacet
facet normal -0.351684004 -0.749517143 0.560840786
  outer loop
   vertex 34643.2344 27566.3301 34640.4414
   vertex 34733.1914 27504.2539 34613.8906
   vertex 34772.3047 27573.4785 34730.9297
  endloop
 endfacet
facet normal -0.0208406448 -0.859830737 0.510153651
  outer loop
   vertex 34776.2188 27495.2891 34669.6406
   vertex 34798.7148 27464.1797 34618.125
   vertex 34828.8867 27510.5879 34697.5781
  endloop
 endfacet
facet normal -0.515339136 -0.814410567 0.26676017
  outer loop
   vertex 34776.2188 27495.2891 34669.6406
   vertex 34733.1914 27504.2539 34613.8906
   vertex 34798.7148 27464.1797 34618.125
  endloop
 endfacet
facet normal -0.541106403 -0.840953827 0.000702957739
  outer loop
   vertex 34754.6094 27514.4316 34380.8398
   vertex 34838.8789 27460.2344 34413.4023
   vertex 34695.9102 27552.291 34489.0469
  endloop
 endfacet
facet normal 0.227059096 -0.918670237 0.32324779
  outer loop
   vertex 35007.0742 27498.5039 34625.6367
   vertex 34906.2188 27443.0449 34538.8672
   vertex 34974.5742 27437.0117 34473.7031
  endloop
 endfacet
facet normal -0.374575019 -0.922296882 0.0951945558
  outer loop
   vertex 34771.3984 27466.3984 34532.1211
   vertex 34834.6992 27442.166 34546.4258
   vertex 34798.7148 27464.1797 34618.125
  endloop
 endfacet
facet normal 0.189330027 -0.912331462 0.363050252
  outer loop
   vertex 35007.0742 27498.5039 34625.6367
   vertex 34883.2617 27478.918 34640.9844
   vertex 34906.2188 27443.0449 34538.8672
  endloop
 endfacet
facet normal 0.0475415774 -0.939022601 0.340552986
  outer loop
   vertex 34906.2188 27443.0449 34538.8672
   vertex 34883.2617 27478.918 34640.9844
   vertex 34834.6992 27442.166 34546.4258
  endloop
 endfacet
facet normal 0.0158209298 -0.865982533 0.499823898
  outer loop
   vertex 34828.8867 27510.5879 34697.5781
   vertex 34798.7148 27464.1797 34618.125
   vertex 34883.2617 27478.918 34640.9844
  endloop
 endfacet
facet normal -0.741540968 -0.669923723 -0.0363205336
  outer loop
   vertex 34733.1914 27504.2539 34613.8906
   vertex 34695.9102 27552.291 34489.0469
   vertex 34771.3984 27466.3984 34532.1211
  endloop
 endfacet
facet normal -0.694897413 -0.718685031 0.0246862061
  outer loop
   vertex 34643.2344 27566.3301 34640.4414
   vertex 34610.2031 27597.2715 34611.4766
   vertex 34626.2461 27580.3652 34570.8164
  endloop
 endfacet
facet normal -0.444057554 -0.893126428 -0.0716802403
  outer loop
   vertex 34643.2344 27566.3301 34640.4414
   vertex 34626.2461 27580.3652 34570.8164
   vertex 34695.9102 27552.291 34489.0469
  endloop
 endfacet
facet normal -0.588958681 -0.797480345 -0.13096866
  outer loop
   vertex 34643.2344 27566.3301 34640.4414
   vertex 34695.9102 27552.291 34489.0469
   vertex 34733.1914 27504.2539 34613.8906
  endloop
 endfacet
facet normal -0.937512338 -0.0696516633 -0.340909421
  outer loop
   vertex 34626.2461 27580.3652 34570.8164
   vertex 34610.2031 27597.2715 34611.4766
   vertex 34627.2383 27641.5605 34555.5859
  endloop
 endfacet
facet normal -0.900748849 0.429344356 0.0656885207
  outer loop
   vertex 34637.1875 27647.7559 34651.5117
   vertex 34627.2383 27641.5605 34555.5859
   vertex 34610.2031 27597.2715 34611.4766
  endloop
 endfacet
facet normal -0.978015482 -0.175412104 0.112766586
  outer loop
   vertex 34637.1875 27647.7559 34651.5117
   vertex 34619.5586 27691.0059 34565.8828
   vertex 34627.2383 27641.5605 34555.5859
  endloop
 endfacet
facet normal -0.988627076 -0.146476924 -0.0340739638
  outer loop
   vertex 34619.5586 27691.0059 34565.8828
   vertex 34618.793 27700.25 34548.3594
   vertex 34627.2383 27641.5605 34555.5859
  endloop
 endfacet
facet normal -0.776925206 -0.140179038 -0.613789082
  outer loop
   vertex 34695.9102 27552.291 34489.0469
   vertex 34626.2461 27580.3652 34570.8164
   vertex 34627.2383 27641.5605 34555.5859
  endloop
 endfacet
facet normal -0.290932149 -0.779122114 -0.555272162
  outer loop
   vertex 34999.1172 27484.2344 34245.7734
   vertex 34866.4727 27520.2832 34264.6875
   vertex 34959.3555 27550.2539 34173.9688
  endloop
 endfacet
facet normal -0.143056184 -0.98797971 -0.058574792
  outer loop
   vertex 34974.5742 27437.0117 34473.7031
   vertex 34906.2188 27443.0449 34538.8672
   vertex 34838.8789 27460.2344 34413.4023
  endloop
 endfacet
facet normal -0.00203530886 -0.99088949 -0.134661973
  outer loop
   vertex 34906.2188 27443.0449 34538.8672
   vertex 34834.6992 27442.166 34546.4258
   vertex 34838.8789 27460.2344 34413.4023
  endloop
 endfacet
facet normal 0.558391631 -0.828126192 0.0490485728
  outer loop
   vertex 35109.7656 27479.3828 34369.8164
   vertex 35087.8398 27473.002 34511.6992
   vertex 35037.0703 27433.4258 34421.5117
  endloop
 endfacet
facet normal -0.308048248 0.395056874 -0.86546886
  outer loop
   vertex 35245.707 27906.9688 34057.2188
   vertex 35118.9648 27847.1289 34075.0156
   vertex 35130.9414 27938.498 34112.4609
  endloop
 endfacet
facet normal -0.768599927 -0.365119219 -0.525301933
  outer loop
   vertex 34746.2461 27589.9609 34340.5742
   vertex 34789.6875 27507.498 34334.332
   vertex 34754.6094 27514.4316 34380.8398
  endloop
 endfacet
facet normal -0.621346295 -0.271671593 -0.734930813
  outer loop
   vertex 34746.2461 27589.9609 34340.5742
   vertex 34866.4727 27520.2832 34264.6875
   vertex 34789.6875 27507.498 34334.332
  endloop
 endfacet
facet normal -0.464899957 -0.85683614 -0.222934619
  outer loop
   vertex 34754.6094 27514.4316 34380.8398
   vertex 34789.6875 27507.498 34334.332
   vertex 34838.8789 27460.2344 34413.4023
  endloop
 endfacet
facet normal -0.214042872 -0.891340256 -0.399622619
  outer loop
   vertex 34838.8789 27460.2344 34413.4023
   vertex 34789.6875 27507.498 34334.332
   vertex 34866.4727 27520.2832 34264.6875
  endloop
 endfacet
facet normal -0.777878344 -0.519233406 -0.353980184
  outer loop
   vertex 34838.8789 27460.2344 34413.4023
   vertex 34866.4727 27520.2832 34264.6875
   vertex 34893.6914 27447.4961 34311.6445
  endloop
 endfacet
facet normal -0.199544162 0.0640311539 -0.977794528
  outer loop
   vertex 34746.2461 27589.9609 34340.5742
   vertex 34713.1836 27653.9492 34351.5117
   vertex 34756.8086 27725.1895 34347.2773
  endloop
 endfacet
facet normal -0.636642396 -0.350212932 -0.687049747
  outer loop
   vertex 34866.4727 27520.2832 34264.6875
   vertex 34746.2461 27589.9609 34340.5742
   vertex 34810.1641 27644.8711 34253.3555
  endloop
 endfacet
facet normal -0.837183535 0.499390483 -0.223008573
  outer loop
   vertex 34756.8086 27725.1895 34347.2773
   vertex 34713.1836 27653.9492 34351.5117
   vertex 34693.0352 27649.3379 34416.8281
  endloop
 endfacet
facet normal -0.875949085 -0.304436386 -0.374208152
  outer loop
   vertex 34695.9102 27552.291 34489.0469
   vertex 34693.0352 27649.3379 34416.8281
   vertex 34746.2461 27589.9609 34340.5742
  endloop
 endfacet
facet normal -0.879153252 -0.296293795 -0.37322849
  outer loop
   vertex 34695.9102 27552.291 34489.0469
   vertex 34746.2461 27589.9609 34340.5742
   vertex 34754.6094 27514.4316 34380.8398
  endloop
 endfacet
facet normal -0.82991302 0.0920855179 -0.550240517
  outer loop
   vertex 34810.1641 27644.8711 34253.3555
   vertex 34746.2461 27589.9609 34340.5742
   vertex 34756.8086 27725.1895 34347.2773
  endloop
 endfacet
facet normal -0.842286766 -0.330645919 -0.425706774
  outer loop
   vertex 34695.9102 27552.291 34489.0469
   vertex 34627.2383 27641.5605 34555.5859
   vertex 34657.6484 27643.5586 34493.8672
  endloop
 endfacet
facet normal -0.84704113 -0.333252817 -0.414081931
  outer loop
   vertex 34693.0352 27649.3379 34416.8281
   vertex 34695.9102 27552.291 34489.0469
   vertex 34657.6484 27643.5586 34493.8672
  endloop
 endfacet
facet normal -0.816984057 0.11743702 -0.564575613
  outer loop
   vertex 34810.1641 27644.8711 34253.3555
   vertex 34756.8086 27725.1895 34347.2773
   vertex 34839.3828 27748.1543 34232.5625
  endloop
 endfacet
facet normal -0.964902163 -0.18213968 0.189179763
  outer loop
   vertex 34827.6523 27792.2461 34867.2227
   vertex 34839.4141 27707.2051 34845.332
   vertex 34834.2422 27777.041 34886.2109
  endloop
 endfacet
facet normal -0.826083362 0.444752872 -0.346094191
  outer loop
   vertex 34693.0352 27649.3379 34416.8281
   vertex 34657.6484 27643.5586 34493.8672
   vertex 34686.8516 27738.666 34546.3789
  endloop
 endfacet
facet normal -0.849353194 0.414725572 -0.326499343
  outer loop
   vertex 34756.8086 27725.1895 34347.2773
   vertex 34693.0352 27649.3379 34416.8281
   vertex 34686.8516 27738.666 34546.3789
  endloop
 endfacet
facet normal -0.868303597 -0.398054779 -0.295975119
  outer loop
   vertex 34693.0352 27649.3379 34416.8281
   vertex 34713.1836 27653.9492 34351.5117
   vertex 34746.2461 27589.9609 34340.5742
  endloop
 endfacet
facet normal -0.625005126 0.0196783487 -0.78037256
  outer loop
   vertex 34911.0664 27658.6348 34172.8906
   vertex 34810.1641 27644.8711 34253.3555
   vertex 34839.3828 27748.1543 34232.5625
  endloop
 endfacet
facet normal -0.297787338 0.723020315 -0.623349309
  outer loop
   vertex 35086.3594 27988.582 34191.8516
   vertex 35219.1719 28032.5938 34179.4531
   vertex 35130.9414 27938.498 34112.4609
  endloop
 endfacet
facet normal -0.533366084 0.130026236 -0.835831225
  outer loop
   vertex 34911.0664 27658.6348 34172.8906
   vertex 34839.3828 27748.1543 34232.5625
   vertex 34926.6875 27828.9785 34189.4219
  endloop
 endfacet
facet normal -0.497729242 -0.230074644 -0.836260259
  outer loop
   vertex 35011.8164 27612.8594 34125.5195
   vertex 34959.3555 27550.2539 34173.9688
   vertex 34911.0664 27658.6348 34172.8906
  endloop
 endfacet
facet normal -0.783291936 0.387240708 -0.486310959
  outer loop
   vertex 34839.3828 27748.1543 34232.5625
   vertex 34756.8086 27725.1895 34347.2773
   vertex 34863.8789 27869.5625 34289.7812
  endloop
 endfacet
facet normal -0.344284236 0.0519980937 -0.937424421
  outer loop
   vertex 35613.0781 27892.7617 33902.543
   vertex 35465.4805 27869.25 33955.4492
   vertex 35539.1172 28006.3594 33936.0117
  endloop
 endfacet
facet normal -0.440133721 -0.0404253192 -0.89702177
  outer loop
   vertex 34911.0664 27658.6348 34172.8906
   vertex 35039.3164 27742.2598 34106.1953
   vertex 35011.8164 27612.8594 34125.5195
  endloop
 endfacet
facet normal -0.522744656 0.129705757 -0.842564166
  outer loop
   vertex 34911.0664 27658.6348 34172.8906
   vertex 34926.6875 27828.9785 34189.4219
   vertex 35039.3164 27742.2598 34106.1953
  endloop
 endfacet
facet normal -0.584709525 -0.145596147 -0.79807049
  outer loop
   vertex 35696.4648 28028.1973 33816.7422
   vertex 35613.0781 27892.7617 33902.543
   vertex 35539.1172 28006.3594 33936.0117
  endloop
 endfacet
facet normal -0.393068641 0.558492064 -0.730468094
  outer loop
   vertex 35387.0273 27921.5547 33992.3281
   vertex 35245.707 27906.9688 34057.2188
   vertex 35387.5703 28042.9844 34084.875
  endloop
 endfacet
facet normal -0.48799172 0.184897646 -0.853039801
  outer loop
   vertex 35039.3164 27742.2598 34106.1953
   vertex 34926.6875 27828.9785 34189.4219
   vertex 35035.4297 27889.6738 34140.3711
  endloop
 endfacet
facet normal 0.188870087 -0.75924027 -0.62280196
  outer loop
   vertex 35143.5508 27627.2578 34119.8555
   vertex 35323.5156 27694.5312 34092.4219
   vertex 35281.6562 27602.3535 34192.1016
  endloop
 endfacet
facet normal -0.163231984 0.0527238995 -0.985177934
  outer loop
   vertex 35245.707 27906.9688 34057.2188
   vertex 35194.5312 27762.5938 34057.9727
   vertex 35118.9648 27847.1289 34075.0156
  endloop
 endfacet
facet normal -0.328216225 0.111450955 -0.938004673
  outer loop
   vertex 35343.1602 27810.5547 34011.6641
   vertex 35194.5312 27762.5938 34057.9727
   vertex 35245.707 27906.9688 34057.2188
  endloop
 endfacet
facet normal -0.0946544632 -0.578610778 -0.810092688
  outer loop
   vertex 35465.4805 27869.25 33955.4492
   vertex 35487.5273 27775.416 34019.8945
   vertex 35343.1602 27810.5547 34011.6641
  endloop
 endfacet
facet normal -0.0890174955 -0.558823824 -0.824494898
  outer loop
   vertex 35487.5273 27775.416 34019.8945
   vertex 35323.5156 27694.5312 34092.4219
   vertex 35343.1602 27810.5547 34011.6641
  endloop
 endfacet
facet normal -0.288284898 -0.0650759563 -0.955330789
  outer loop
   vertex 35039.3164 27742.2598 34106.1953
   vertex 35118.9648 27847.1289 34075.0156
   vertex 35194.5312 27762.5938 34057.9727
  endloop
 endfacet
facet normal 0.252277821 -0.905877292 -0.340209037
  outer loop
   vertex 34926.3672 27452.1738 34277.1953
   vertex 34999.1172 27484.2344 34245.7734
   vertex 34966.6641 27436.2969 34349.3516
  endloop
 endfacet
facet normal 0.468463302 -0.875952065 0.115109168
  outer loop
   vertex 35286.1836 27569.2832 34335.9609
   vertex 35232.2539 27566.3359 34533.0117
   vertex 35109.7656 27479.3828 34369.8164
  endloop
 endfacet
facet normal 0.196332872 -0.933761954 0.299235821
  outer loop
   vertex 35087.8398 27473.002 34511.6992
   vertex 34974.5742 27437.0117 34473.7031
   vertex 35037.0703 27433.4258 34421.5117
  endloop
 endfacet
facet normal 0.00980131142 -0.442349344 -0.896789253
  outer loop
   vertex 35143.5508 27627.2578 34119.8555
   vertex 35046.3555 27544.5566 34159.5898
   vertex 35011.8164 27612.8594 34125.5195
  endloop
 endfacet
facet normal -0.0270083416 -0.142034501 -0.989493191
  outer loop
   vertex 35143.5508 27627.2578 34119.8555
   vertex 35011.8164 27612.8594 34125.5195
   vertex 35039.3164 27742.2598 34106.1953
  endloop
 endfacet
facet normal 0.537528157 -0.842033565 0.0451992154
  outer loop
   vertex 35087.8398 27473.002 34511.6992
   vertex 35109.7656 27479.3828 34369.8164
   vertex 35232.2539 27566.3359 34533.0117
  endloop
 endfacet
facet normal -0.0548434891 -0.981157362 -0.185263023
  outer loop
   vertex 34893.6914 27447.4961 34311.6445
   vertex 34926.3672 27452.1738 34277.1953
   vertex 34966.6641 27436.2969 34349.3516
  endloop
 endfacet
facet normal -0.544932961 -0.588847399 -0.596914411
  outer loop
   vertex 34866.4727 27520.2832 34264.6875
   vertex 34926.3672 27452.1738 34277.1953
   vertex 34893.6914 27447.4961 34311.6445
  endloop
 endfacet
facet normal -0.241049483 -0.32703194 -0.91375339
  outer loop
   vertex 35143.5508 27627.2578 34119.8555
   vertex 35039.3164 27742.2598 34106.1953
   vertex 35194.5312 27762.5938 34057.9727
  endloop
 endfacet
facet normal -0.172752514 -0.50819689 -0.843737245
  outer loop
   vertex 34959.3555 27550.2539 34173.9688
   vertex 35011.8164 27612.8594 34125.5195
   vertex 35046.3555 27544.5566 34159.5898
  endloop
 endfacet
facet normal -0.153064683 -0.768231273 -0.621604323
  outer loop
   vertex 35046.3555 27544.5566 34159.5898
   vertex 34999.1172 27484.2344 34245.7734
   vertex 34959.3555 27550.2539 34173.9688
  endloop
 endfacet
facet normal 0.314668357 -0.895162404 -0.315702587
  outer loop
   vertex 35109.7656 27479.3828 34369.8164
   vertex 34966.6641 27436.2969 34349.3516
   vertex 34999.1172 27484.2344 34245.7734
  endloop
 endfacet
facet normal 0.315446734 -0.884798229 -0.342965752
  outer loop
   vertex 35037.0703 27433.4258 34421.5117
   vertex 34966.6641 27436.2969 34349.3516
   vertex 35109.7656 27479.3828 34369.8164
  endloop
 endfacet
facet normal -0.228204221 -0.366352767 -0.902057886
  outer loop
   vertex 34926.3672 27452.1738 34277.1953
   vertex 34866.4727 27520.2832 34264.6875
   vertex 34999.1172 27484.2344 34245.7734
  endloop
 endfacet
facet normal 0.267064989 -0.923798263 -0.274359286
  outer loop
   vertex 35109.7656 27479.3828 34369.8164
   vertex 34999.1172 27484.2344 34245.7734
   vertex 35143.3594 27532.0195 34225.2773
  endloop
 endfacet
facet normal 0.400576323 -0.890141129 -0.21722655
  outer loop
   vertex 35281.6562 27602.3535 34192.1016
   vertex 35286.1836 27569.2832 34335.9609
   vertex 35143.3594 27532.0195 34225.2773
  endloop
 endfacet
facet normal 0.407111704 -0.884584665 -0.227530271
  outer loop
   vertex 35109.7656 27479.3828 34369.8164
   vertex 35143.3594 27532.0195 34225.2773
   vertex 35286.1836 27569.2832 34335.9609
  endloop
 endfacet
facet normal 0.214091092 -0.851508021 -0.478643
  outer loop
   vertex 34999.1172 27484.2344 34245.7734
   vertex 35046.3555 27544.5566 34159.5898
   vertex 35143.3594 27532.0195 34225.2773
  endloop
 endfacet
facet normal -0.644266546 -0.0544691235 -0.762858927
  outer loop
   vertex 35938.4141 28312.1074 33592.2305
   vertex 36067.1641 28168.7305 33493.7305
   vertex 35830.4609 28155.4727 33694.5859
  endloop
 endfacet
facet normal -0.372309119 -0.825019121 -0.425122738
  outer loop
   vertex 36219.1641 28132.2598 33387.2305
   vertex 36273.9453 28128.8223 33345.9258
   vertex 36318.7461 28039.1289 33480.7578
  endloop
 endfacet
facet normal 0.00605640374 -0.962876499 0.269874364
  outer loop
   vertex 38762.5273 28109.2656 31566.0605
   vertex 38617.582 28172.6699 31795.5312
   vertex 38559.9883 28095.2422 31520.5742
  endloop
 endfacet
facet normal 0.431631029 -0.80015409 0.416470975
  outer loop
   vertex 41008.75 28224.9375 30759.1855
   vertex 41192.9883 28338.8184 30787.0391
   vertex 41104.5117 28343.0586 30886.8828
  endloop
 endfacet
facet normal 0.365765899 -0.732244611 0.574485064
  outer loop
   vertex 41008.75 28224.9375 30759.1855
   vertex 41146.4453 28243.7129 30695.4492
   vertex 41192.9883 28338.8184 30787.0391
  endloop
 endfacet
facet normal 0.174336195 -0.942492604 0.285157114
  outer loop
   vertex 38416.6289 28166.4863 31897.9531
   vertex 38396.5586 28112.8477 31732.9355
   vertex 38617.582 28172.6699 31795.5312
  endloop
 endfacet
facet normal 0.237098098 -0.712579131 0.66031462
  outer loop
   vertex 40314.8359 28063.793 31060.9766
   vertex 40124.5977 28126.9727 31197.4629
   vertex 40166.0703 28000.9746 31046.6016
  endloop
 endfacet
facet normal -0.203656107 -0.62698698 -0.751938462
  outer loop
   vertex 37912.4531 28285.6133 31639.1211
   vertex 37957.7539 28202.9434 31695.7852
   vertex 37899.2969 28234.5879 31685.2324
  endloop
 endfacet
facet normal -0.148435906 -0.988287568 -0.0354190581
  outer loop
   vertex 38161.0625 28119.793 31633.8184
   vertex 38251.3672 28105.5801 31651.9219
   vertex 38138.0703 28119.2832 31744.418
  endloop
 endfacet
facet normal -0.0249012019 -0.992869496 0.116576731
  outer loop
   vertex 38254.5781 28129.0566 31852.5488
   vertex 38138.0703 28119.2832 31744.418
   vertex 38251.3672 28105.5801 31651.9219
  endloop
 endfacet
facet normal -0.299926847 -0.952545464 0.0519717708
  outer loop
   vertex 37813.6836 28229.1328 31897.3164
   vertex 37764.0703 28251.5449 32021.7891
   vertex 37739.5352 28253.7812 31921.1543
  endloop
 endfacet
facet normal -0.270852834 -0.960425198 0.064978607
  outer loop
   vertex 37885.3086 28217.4141 32022.6582
   vertex 37764.0703 28251.5449 32021.7891
   vertex 37813.6836 28229.1328 31897.3164
  endloop
 endfacet
facet normal -0.154799059 -0.931912482 0.327988356
  outer loop
   vertex 37823.5938 28325.1855 32247.7852
   vertex 37586.0469 28343.1797 32186.7969
   vertex 37683.0586 28291.2715 32085.0957
  endloop
 endfacet
facet normal -0.400848776 -0.914134622 0.0606482364
  outer loop
   vertex 37683.0586 28291.2715 32085.0957
   vertex 37674.5391 28286.4023 31955.4102
   vertex 37764.0703 28251.5449 32021.7891
  endloop
 endfacet
facet normal -0.0462665409 -0.925864756 0.375011891
  outer loop
   vertex 38091.1445 28154.3008 31924.6797
   vertex 38195.4141 28212.8359 32082.0586
   vertex 38021.7031 28234.2539 32113.5078
  endloop
 endfacet
facet normal 0.323311716 -0.885511339 0.333675355
  outer loop
   vertex 37960.9453 28436.0508 32408.9141
   vertex 37867.7812 28400.9902 32406.1426
   vertex 37823.5938 28325.1855 32247.7852
  endloop
 endfacet
facet normal -0.920463562 -0.213208646 -0.327549875
  outer loop
   vertex 37596.082 28330.6641 32013.4824
   vertex 37631.6875 28355.1348 31897.5
   vertex 37623.7188 28308.9375 31949.959
  endloop
 endfacet
facet normal -0.684097111 -0.642350912 -0.345537931
  outer loop
   vertex 37596.082 28330.6641 32013.4824
   vertex 37546.4883 28412.9473 31958.7051
   vertex 37631.6875 28355.1348 31897.5
  endloop
 endfacet
facet normal -0.243550718 -0.709231913 -0.661568701
  outer loop
   vertex 37623.7188 28308.9375 31949.959
   vertex 37631.6875 28355.1348 31897.5
   vertex 37674.5391 28286.4023 31955.4102
  endloop
 endfacet
facet normal -0.412776679 -0.794543862 -0.445326209
  outer loop
   vertex 38208.8438 28162.3242 31513.6484
   vertex 38161.0625 28119.793 31633.8184
   vertex 38081.2969 28153.5176 31647.584
  endloop
 endfacet
facet normal 0.176536575 -0.884191871 0.432480723
  outer loop
   vertex 38617.582 28172.6699 31795.5312
   vertex 38919.9688 28193.8828 31715.4707
   vertex 38790.5156 28232.541 31847.3457
  endloop
 endfacet
facet normal -0.399375051 -0.888224602 -0.227060854
  outer loop
   vertex 37813.6836 28229.1328 31897.3164
   vertex 37859.9727 28245.9688 31750.0391
   vertex 37938.5703 28182.1328 31861.5098
  endloop
 endfacet
facet normal 0.330107003 -0.683007061 0.651560187
  outer loop
   vertex 38790.5156 28232.541 31847.3457
   vertex 38897.1914 28304.752 31868.9961
   vertex 38709.3281 28305.4844 31964.9434
  endloop
 endfacet
facet normal 0.10761153 -0.809876084 0.576645911
  outer loop
   vertex 38790.5156 28232.541 31847.3457
   vertex 38709.3281 28305.4844 31964.9434
   vertex 38617.582 28172.6699 31795.5312
  endloop
 endfacet
facet normal 0.366582394 -0.52156502 0.770446181
  outer loop
   vertex 39517.3945 28222.2676 31509.4297
   vertex 39449.8516 28350.8535 31628.6152
   vertex 39317.4648 28257.0078 31628.0762
  endloop
 endfacet
facet normal -0.178166226 -0.884386182 0.431413829
  outer loop
   vertex 37885.3086 28217.4141 32022.6582
   vertex 37978.7578 28179.1504 31982.8125
   vertex 38021.7031 28234.2539 32113.5078
  endloop
 endfacet
facet normal -0.00237971894 -0.921166182 0.389162153
  outer loop
   vertex 37978.7578 28179.1504 31982.8125
   vertex 38091.1445 28154.3008 31924.6797
   vertex 38021.7031 28234.2539 32113.5078
  endloop
 endfacet
facet normal 0.464987308 -0.801316202 0.376402944
  outer loop
   vertex 38617.582 28172.6699 31795.5312
   vertex 38709.3281 28305.4844 31964.9434
   vertex 38616.1758 28244.377 31949.9258
  endloop
 endfacet
facet normal 0.407009095 -0.440337986 0.800278723
  outer loop
   vertex 38709.3281 28305.4844 31964.9434
   vertex 38897.1914 28304.752 31868.9961
   vertex 38862.043 28447.5215 31965.4297
  endloop
 endfacet
facet normal 0.0628147498 -0.935166478 0.348594218
  outer loop
   vertex 38195.4141 28212.8359 32082.0586
   vertex 38309.9219 28199.6973 32026.1816
   vertex 38273.625 28225.627 32102.2793
  endloop
 endfacet
facet normal -0.177138135 -0.878324628 0.444035918
  outer loop
   vertex 38209.082 28156.5449 31976.166
   vertex 38195.4141 28212.8359 32082.0586
   vertex 38091.1445 28154.3008 31924.6797
  endloop
 endfacet
facet normal 0.133978516 -0.867761672 0.478580654
  outer loop
   vertex 38209.082 28156.5449 31976.166
   vertex 38309.9219 28199.6973 32026.1816
   vertex 38195.4141 28212.8359 32082.0586
  endloop
 endfacet
facet normal 0.575266182 -0.650424719 0.496000528
  outer loop
   vertex 38273.625 28225.627 32102.2793
   vertex 38309.9219 28199.6973 32026.1816
   vertex 38315.4258 28313.541 32169.0879
  endloop
 endfacet
facet normal 0.277338356 -0.756645203 0.592090786
  outer loop
   vertex 38510.3047 28294.5352 32053.5176
   vertex 38315.4258 28313.541 32169.0879
   vertex 38309.9219 28199.6973 32026.1816
  endloop
 endfacet
facet normal 0.321300298 -0.81692344 0.478959501
  outer loop
   vertex 38309.9219 28199.6973 32026.1816
   vertex 38416.6289 28166.4863 31897.9531
   vertex 38510.3047 28294.5352 32053.5176
  endloop
 endfacet
facet normal 0.311684698 -0.728248715 0.610333085
  outer loop
   vertex 38709.3281 28305.4844 31964.9434
   vertex 38634.7031 28362.8984 32071.5586
   vertex 38510.3047 28294.5352 32053.5176
  endloop
 endfacet
facet normal 0.332351625 -0.669816136 0.663994551
  outer loop
   vertex 38616.1758 28244.377 31949.9258
   vertex 38709.3281 28305.4844 31964.9434
   vertex 38510.3047 28294.5352 32053.5176
  endloop
 endfacet
facet normal -0.118930861 -0.564281583 0.816971064
  outer loop
   vertex 38195.4141 28212.8359 32082.0586
   vertex 38273.625 28225.627 32102.2793
   vertex 38315.4258 28313.541 32169.0879
  endloop
 endfacet
facet normal 0.19036828 -0.761882246 0.619108558
  outer loop
   vertex 38154.5664 28309.6719 32213.7871
   vertex 38195.4141 28212.8359 32082.0586
   vertex 38315.4258 28313.541 32169.0879
  endloop
 endfacet
facet normal -0.255251318 -0.897488534 0.359668076
  outer loop
   vertex 37764.0703 28251.5449 32021.7891
   vertex 37885.3086 28217.4141 32022.6582
   vertex 37823.5938 28325.1855 32247.7852
  endloop
 endfacet
facet normal 0.203797624 -0.642599165 0.738601923
  outer loop
   vertex 38154.5664 28309.6719 32213.7871
   vertex 38193.9414 28505.6016 32373.3848
   vertex 38034.2891 28349.0098 32281.1992
  endloop
 endfacet
facet normal -0.194880575 -0.862404585 0.467204332
  outer loop
   vertex 37867.7812 28400.9902 32406.1426
   vertex 37801.0703 28483.6895 32530.9688
   vertex 37823.5938 28325.1855 32247.7852
  endloop
 endfacet
facet normal 0.00379817048 -0.825388789 0.56455195
  outer loop
   vertex 38021.7031 28234.2539 32113.5078
   vertex 38034.2891 28349.0098 32281.1992
   vertex 37823.5938 28325.1855 32247.7852
  endloop
 endfacet
facet normal 0.00834085699 -0.804452837 0.593957961
  outer loop
   vertex 38154.5664 28309.6719 32213.7871
   vertex 38021.7031 28234.2539 32113.5078
   vertex 38195.4141 28212.8359 32082.0586
  endloop
 endfacet
facet normal 0.0447725467 -0.82599771 0.561892509
  outer loop
   vertex 38154.5664 28309.6719 32213.7871
   vertex 38034.2891 28349.0098 32281.1992
   vertex 38021.7031 28234.2539 32113.5078
  endloop
 endfacet
facet normal -0.141788587 -0.974896848 0.17167455
  outer loop
   vertex 37630.707 28382.3223 32369.7344
   vertex 37513.9297 28431.9004 32554.8262
   vertex 37426.1758 28401.8887 32311.9238
  endloop
 endfacet
facet normal -0.134099931 -0.961829782 0.238538548
  outer loop
   vertex 37823.5938 28325.1855 32247.7852
   vertex 37630.707 28382.3223 32369.7344
   vertex 37586.0469 28343.1797 32186.7969
  endloop
 endfacet
facet normal -0.559583604 -0.59642148 -0.575454235
  outer loop
   vertex 37366.3516 28457.3594 32175.8535
   vertex 37293.1914 28534.4297 32167.1152
   vertex 37394.8477 28529.5469 32073.3242
  endloop
 endfacet
facet normal -0.460957766 -0.874020576 -0.153642327
  outer loop
   vertex 37483.3867 28410.6875 32090.2207
   vertex 37426.1758 28401.8887 32311.9238
   vertex 37366.3516 28457.3594 32175.8535
  endloop
 endfacet
facet normal -0.413503796 -0.901404798 0.128390014
  outer loop
   vertex 37596.082 28330.6641 32013.4824
   vertex 37623.7188 28308.9375 31949.959
   vertex 37674.5391 28286.4023 31955.4102
  endloop
 endfacet
facet normal 0.222661376 -0.915285885 -0.335669011
  outer loop
   vertex 37322.6562 28447.7617 32871.5703
   vertex 37178.9531 28403.9355 32895.75
   vertex 37028.4492 28390.2031 32833.3633
  endloop
 endfacet
facet normal -0.179916576 -0.920342803 0.347273856
  outer loop
   vertex 37823.5938 28325.1855 32247.7852
   vertex 37683.0586 28291.2715 32085.0957
   vertex 37764.0703 28251.5449 32021.7891
  endloop
 endfacet
facet normal -0.438998282 -0.897623718 0.0393983014
  outer loop
   vertex 37586.0469 28343.1797 32186.7969
   vertex 37596.082 28330.6641 32013.4824
   vertex 37683.0586 28291.2715 32085.0957
  endloop
 endfacet
facet normal -0.454476684 -0.888513207 0.0632081628
  outer loop
   vertex 37596.082 28330.6641 32013.4824
   vertex 37674.5391 28286.4023 31955.4102
   vertex 37683.0586 28291.2715 32085.0957
  endloop
 endfacet
facet normal -0.412887067 -0.907216072 0.0805187821
  outer loop
   vertex 37739.5352 28253.7812 31921.1543
   vertex 37764.0703 28251.5449 32021.7891
   vertex 37674.5391 28286.4023 31955.4102
  endloop
 endfacet
facet normal -0.403128654 -0.895648897 -0.187883735
  outer loop
   vertex 37426.1758 28401.8887 32311.9238
   vertex 37273.6211 28478.7148 32273.0176
   vertex 37366.3516 28457.3594 32175.8535
  endloop
 endfacet
facet normal 0.219515353 -0.642294765 0.734350383
  outer loop
   vertex 38193.9414 28505.6016 32373.3848
   vertex 38154.5664 28309.6719 32213.7871
   vertex 38315.4258 28313.541 32169.0879
  endloop
 endfacet
facet normal 0.306670755 -0.695315719 0.649991632
  outer loop
   vertex 37960.9453 28436.0508 32408.9141
   vertex 38034.2891 28349.0098 32281.1992
   vertex 38193.9414 28505.6016 32373.3848
  endloop
 endfacet
facet normal 0.299847096 -0.64580977 0.702154815
  outer loop
   vertex 38193.9414 28505.6016 32373.3848
   vertex 38007.3281 28614.2598 32553.0156
   vertex 37960.9453 28436.0508 32408.9141
  endloop
 endfacet
facet normal 0.333891869 -0.643704355 0.688593447
  outer loop
   vertex 37801.0703 28483.6895 32530.9688
   vertex 37960.9453 28436.0508 32408.9141
   vertex 38007.3281 28614.2598 32553.0156
  endloop
 endfacet
facet normal 0.25837177 -0.736027598 0.625705481
  outer loop
   vertex 37801.0703 28483.6895 32530.9688
   vertex 37867.7812 28400.9902 32406.1426
   vertex 37960.9453 28436.0508 32408.9141
  endloop
 endfacet
facet normal 0.41576153 -0.862796545 0.287618607
  outer loop
   vertex 37444.9492 28452.8906 32717.5059
   vertex 37513.9297 28431.9004 32554.8262
   vertex 37609.4453 28552.5801 32778.7734
  endloop
 endfacet
facet normal 0.194763675 -0.895746946 0.399630487
  outer loop
   vertex 37801.0703 28483.6895 32530.9688
   vertex 37609.4453 28552.5801 32778.7734
   vertex 37513.9297 28431.9004 32554.8262
  endloop
 endfacet
facet normal 0.411227047 -0.861535132 0.297740668
  outer loop
   vertex 37322.6562 28447.7617 32871.5703
   vertex 37444.9492 28452.8906 32717.5059
   vertex 37609.4453 28552.5801 32778.7734
  endloop
 endfacet
facet normal 0.19455424 -0.909865856 0.366459757
  outer loop
   vertex 37801.0703 28483.6895 32530.9688
   vertex 37513.9297 28431.9004 32554.8262
   vertex 37630.707 28382.3223 32369.7344
  endloop
 endfacet
facet normal 0.627157509 -0.408428907 0.663218915
  outer loop
   vertex 38510.3047 28294.5352 32053.5176
   vertex 38435.7695 28495.3262 32247.6523
   vertex 38426.1719 28356.2285 32171.0684
  endloop
 endfacet
facet normal 0.487732708 -0.387270778 0.782392561
  outer loop
   vertex 38586.5938 28432.2676 32135.8867
   vertex 38634.7031 28362.8984 32071.5586
   vertex 38706.1328 28453.7773 32072.0156
  endloop
 endfacet
facet normal 0.347594768 -0.603231609 0.717836678
  outer loop
   vertex 38339.1836 28595.6094 32378.6934
   vertex 38193.9414 28505.6016 32373.3848
   vertex 38435.7695 28495.3262 32247.6523
  endloop
 endfacet
facet normal 0.362789184 -0.561568737 0.743656218
  outer loop
   vertex 38193.9414 28505.6016 32373.3848
   vertex 38315.4258 28313.541 32169.0879
   vertex 38435.7695 28495.3262 32247.6523
  endloop
 endfacet
facet normal 0.171296597 -0.484221488 0.858013391
  outer loop
   vertex 38315.4258 28313.541 32169.0879
   vertex 38426.1719 28356.2285 32171.0684
   vertex 38435.7695 28495.3262 32247.6523
  endloop
 endfacet
facet normal 0.207164004 -0.584097564 0.784801304
  outer loop
   vertex 38510.3047 28294.5352 32053.5176
   vertex 38634.7031 28362.8984 32071.5586
   vertex 38586.5938 28432.2676 32135.8867
  endloop
 endfacet
facet normal 0.294740617 -0.605411172 0.73932755
  outer loop
   vertex 38435.7695 28495.3262 32247.6523
   vertex 38510.3047 28294.5352 32053.5176
   vertex 38586.5938 28432.2676 32135.8867
  endloop
 endfacet
facet normal 0.587720871 -0.465254337 0.661908269
  outer loop
   vertex 38634.7031 28362.8984 32071.5586
   vertex 38709.3281 28305.4844 31964.9434
   vertex 38706.1328 28453.7773 32072.0156
  endloop
 endfacet
facet normal 0.471593022 -0.509502053 0.719727516
  outer loop
   vertex 38706.1328 28453.7773 32072.0156
   vertex 38709.3281 28305.4844 31964.9434
   vertex 38862.043 28447.5215 31965.4297
  endloop
 endfacet
facet normal 0.530821443 -0.227700531 0.816321671
  outer loop
   vertex 38478.4531 28732.4629 32286.041
   vertex 38435.7695 28495.3262 32247.6523
   vertex 38609.1797 28589.0293 32161.0254
  endloop
 endfacet
facet normal 0.524736226 -0.207984805 0.825466037
  outer loop
   vertex 38586.5938 28432.2676 32135.8867
   vertex 38609.1797 28589.0293 32161.0254
   vertex 38435.7695 28495.3262 32247.6523
  endloop
 endfacet
facet normal 0.489748567 -0.206409544 0.847078145
  outer loop
   vertex 38706.1328 28453.7773 32072.0156
   vertex 38609.1797 28589.0293 32161.0254
   vertex 38586.5938 28432.2676 32135.8867
  endloop
 endfacet
facet normal 0.580972433 -0.38058418 0.719462812
  outer loop
   vertex 38435.7695 28495.3262 32247.6523
   vertex 38396.1797 28693.2695 32384.3301
   vertex 38339.1836 28595.6094 32378.6934
  endloop
 endfacet
facet normal 0.789422989 -0.233972922 0.567510307
  outer loop
   vertex 38435.7695 28495.3262 32247.6523
   vertex 38478.4531 28732.4629 32286.041
   vertex 38396.1797 28693.2695 32384.3301
  endloop
 endfacet
facet normal 0.789342999 -0.212528139 0.575994253
  outer loop
   vertex 38417.6602 28768.4941 32382.6504
   vertex 38396.1797 28693.2695 32384.3301
   vertex 38478.4531 28732.4629 32286.041
  endloop
 endfacet
facet normal 0.650131702 0.57386452 0.498004287
  outer loop
   vertex 38823.9062 28704.5723 32003.2754
   vertex 38970.8633 28618.459 31910.6543
   vertex 38830.5586 28793.9785 31891.5645
  endloop
 endfacet
facet normal 0.553857327 -0.142812699 0.820272267
  outer loop
   vertex 38609.1797 28589.0293 32161.0254
   vertex 38706.1328 28453.7773 32072.0156
   vertex 38788.0039 28613.2051 32044.4922
  endloop
 endfacet
facet normal 0.539929569 -0.434946984 0.720622778
  outer loop
   vertex 38788.0039 28613.2051 32044.4922
   vertex 38970.8633 28618.459 31910.6543
   vertex 38872.582 28650.1523 32003.4238
  endloop
 endfacet
facet normal 0.588668406 -0.118528441 0.799637735
  outer loop
   vertex 38970.8633 28618.459 31910.6543
   vertex 38788.0039 28613.2051 32044.4922
   vertex 38862.043 28447.5215 31965.4297
  endloop
 endfacet
facet normal 0.554616332 -0.143305898 0.819673181
  outer loop
   vertex 38788.0039 28613.2051 32044.4922
   vertex 38706.1328 28453.7773 32072.0156
   vertex 38862.043 28447.5215 31965.4297
  endloop
 endfacet
facet normal 0.415272117 -0.436758876 0.797991693
  outer loop
   vertex 38862.043 28447.5215 31965.4297
   vertex 38897.1914 28304.752 31868.9961
   vertex 39052.1523 28406.7617 31844.1875
  endloop
 endfacet
facet normal 0.526844442 -0.0638136342 0.84756285
  outer loop
   vertex 38970.8633 28618.459 31910.6543
   vertex 38862.043 28447.5215 31965.4297
   vertex 39052.1523 28406.7617 31844.1875
  endloop
 endfacet
facet normal 0.267741382 -0.940596938 0.208786979
  outer loop
   vertex 38484.5039 28102.1777 31648.6191
   vertex 38559.9883 28095.2422 31520.5742
   vertex 38617.582 28172.6699 31795.5312
  endloop
 endfacet
facet normal 0.415936649 -0.123182349 0.901012123
  outer loop
   vertex 38970.8633 28618.459 31910.6543
   vertex 39052.1523 28406.7617 31844.1875
   vertex 39148.3438 28521.1289 31815.418
  endloop
 endfacet
facet normal 0.542394519 0.18778497 0.818868101
  outer loop
   vertex 39259.2578 28639.1855 31714.877
   vertex 38970.8633 28618.459 31910.6543
   vertex 39148.3438 28521.1289 31815.418
  endloop
 endfacet
facet normal -0.616581857 -0.644052207 -0.452795297
  outer loop
   vertex 37293.1914 28534.4297 32167.1152
   vertex 37273.6211 28478.7148 32273.0176
   vertex 37147.1562 28608.6309 32260.4336
  endloop
 endfacet
facet normal 0.422471613 -0.836456418 0.349082232
  outer loop
   vertex 37294.7852 28437.1543 32946.6055
   vertex 37325.0781 28447.8223 32935.5039
   vertex 37330.1836 28475.1406 32994.7891
  endloop
 endfacet
facet normal 0.179990053 -0.97746098 0.110333964
  outer loop
   vertex 37444.9492 28452.8906 32717.5059
   vertex 37322.6562 28447.7617 32871.5703
   vertex 37308.0156 28421.0586 32658.8945
  endloop
 endfacet
facet normal -0.706612825 0.178256035 -0.684779584
  outer loop
   vertex 36996.3516 28898.6426 32302.4883
   vertex 37038.3047 28837.3262 32243.2363
   vertex 36966.707 28787.9141 32304.2539
  endloop
 endfacet
facet normal -0.490964949 -0.599232316 -0.632355988
  outer loop
   vertex 37147.1562 28608.6309 32260.4336
   vertex 36961.7812 28568.0039 32442.8594
   vertex 36986.7148 28672.0098 32324.9434
  endloop
 endfacet
facet normal -0.482980132 -0.729116619 -0.484890848
  outer loop
   vertex 37059.7969 28666.8789 32259.8633
   vertex 37147.1562 28608.6309 32260.4336
   vertex 36986.7148 28672.0098 32324.9434
  endloop
 endfacet
facet normal -0.0201510526 -0.978482306 -0.20534429
  outer loop
   vertex 37168.5156 28460.8047 32483.1895
   vertex 37308.0156 28421.0586 32658.8945
   vertex 37028.4492 28390.2031 32833.3633
  endloop
 endfacet
facet normal -0.198171511 -0.886967599 -0.417152911
  outer loop
   vertex 36871.5859 28504.8789 32619.9258
   vertex 36879.2109 28550.0762 32520.2051
   vertex 36961.7812 28568.0039 32442.8594
  endloop
 endfacet
facet normal -0.335083961 -0.820473433 -0.46318689
  outer loop
   vertex 36871.5859 28504.8789 32619.9258
   vertex 36961.7812 28568.0039 32442.8594
   vertex 37168.5156 28460.8047 32483.1895
  endloop
 endfacet
facet normal 0.99384594 -0.104219213 -0.0375316069
  outer loop
   vertex 37330.1836 28475.1406 32994.7891
   vertex 37325.0781 28447.8223 32935.5039
   vertex 37322.6562 28447.7617 32871.5703
  endloop
 endfacet
facet normal 0.525973499 -0.836487591 0.153754249
  outer loop
   vertex 37330.1836 28475.1406 32994.7891
   vertex 37322.6562 28447.7617 32871.5703
   vertex 37472.6016 28560.166 32970.168
  endloop
 endfacet
facet normal 0.328362584 -0.944481194 -0.011544778
  outer loop
   vertex 37294.7852 28437.1543 32946.6055
   vertex 37322.6562 28447.7617 32871.5703
   vertex 37325.0781 28447.8223 32935.5039
  endloop
 endfacet
facet normal 0.416636914 -0.846497416 0.331445038
  outer loop
   vertex 37609.4453 28552.5801 32778.7734
   vertex 37472.6016 28560.166 32970.168
   vertex 37322.6562 28447.7617 32871.5703
  endloop
 endfacet
facet normal -0.318614066 -0.803586006 -0.502727151
  outer loop
   vertex 36961.7812 28568.0039 32442.8594
   vertex 37147.1562 28608.6309 32260.4336
   vertex 37168.5156 28460.8047 32483.1895
  endloop
 endfacet
facet normal -0.644522369 -0.664093137 -0.378908008
  outer loop
   vertex 37273.6211 28478.7148 32273.0176
   vertex 37168.5156 28460.8047 32483.1895
   vertex 37147.1562 28608.6309 32260.4336
  endloop
 endfacet
facet normal -0.625631332 -0.545338869 -0.557844937
  outer loop
   vertex 37483.3867 28410.6875 32090.2207
   vertex 37366.3516 28457.3594 32175.8535
   vertex 37394.8477 28529.5469 32073.3242
  endloop
 endfacet
facet normal 0.0892904848 -0.993312359 0.0731971264
  outer loop
   vertex 37308.0156 28421.0586 32658.8945
   vertex 37353.9336 28413.5391 32500.8242
   vertex 37513.9297 28431.9004 32554.8262
  endloop
 endfacet
facet normal 0.14572303 -0.971465528 0.187135145
  outer loop
   vertex 37308.0156 28421.0586 32658.8945
   vertex 37513.9297 28431.9004 32554.8262
   vertex 37444.9492 28452.8906 32717.5059
  endloop
 endfacet
facet normal -0.378921777 -0.886660278 -0.265050709
  outer loop
   vertex 37426.1758 28401.8887 32311.9238
   vertex 37168.5156 28460.8047 32483.1895
   vertex 37273.6211 28478.7148 32273.0176
  endloop
 endfacet
facet normal -0.243889123 -0.969224334 -0.0335007496
  outer loop
   vertex 37426.1758 28401.8887 32311.9238
   vertex 37353.9336 28413.5391 32500.8242
   vertex 37168.5156 28460.8047 32483.1895
  endloop
 endfacet
facet normal 0.0825646594 -0.992258847 0.0927657932
  outer loop
   vertex 37353.9336 28413.5391 32500.8242
   vertex 37426.1758 28401.8887 32311.9238
   vertex 37513.9297 28431.9004 32554.8262
  endloop
 endfacet
facet normal -0.982756078 0.0170025434 -0.184123293
  outer loop
   vertex 37509.5586 28524.4492 31961.0293
   vertex 37502.1523 28438.0664 31992.5977
   vertex 37483.3867 28410.6875 32090.2207
  endloop
 endfacet
facet normal -0.603542686 -0.533782125 -0.592294574
  outer loop
   vertex 37394.8477 28529.5469 32073.3242
   vertex 37509.5586 28524.4492 31961.0293
   vertex 37483.3867 28410.6875 32090.2207
  endloop
 endfacet
facet normal -0.253390551 -0.898418725 -0.358659983
  outer loop
   vertex 37586.0469 28343.1797 32186.7969
   vertex 37491.6758 28367.2461 32193.1836
   vertex 37483.3867 28410.6875 32090.2207
  endloop
 endfacet
facet normal -0.566631556 -0.823539972 0.0266575217
  outer loop
   vertex 37596.082 28330.6641 32013.4824
   vertex 37586.0469 28343.1797 32186.7969
   vertex 37483.3867 28410.6875 32090.2207
  endloop
 endfacet
facet normal -0.687457144 -0.641261995 -0.340860277
  outer loop
   vertex 37546.4883 28412.9473 31958.7051
   vertex 37596.082 28330.6641 32013.4824
   vertex 37483.3867 28410.6875 32090.2207
  endloop
 endfacet
facet normal -0.63993454 -0.699063659 -0.319051325
  outer loop
   vertex 37502.1523 28438.0664 31992.5977
   vertex 37546.4883 28412.9473 31958.7051
   vertex 37483.3867 28410.6875 32090.2207
  endloop
 endfacet
facet normal -0.620902658 -0.640604854 -0.45178017
  outer loop
   vertex 37273.6211 28478.7148 32273.0176
   vertex 37293.1914 28534.4297 32167.1152
   vertex 37366.3516 28457.3594 32175.8535
  endloop
 endfacet
facet normal -0.271142036 -0.916765451 -0.293296963
  outer loop
   vertex 36871.5859 28504.8789 32619.9258
   vertex 37168.5156 28460.8047 32483.1895
   vertex 37028.4492 28390.2031 32833.3633
  endloop
 endfacet
facet normal -0.244712755 -0.969273925 -0.0249735471
  outer loop
   vertex 37353.9336 28413.5391 32500.8242
   vertex 37308.0156 28421.0586 32658.8945
   vertex 37168.5156 28460.8047 32483.1895
  endloop
 endfacet
facet normal -0.392465681 -0.77057153 -0.502185464
  outer loop
   vertex 36746.8203 28434.8379 32802.0273
   vertex 36635.0859 28500.3242 32788.8672
   vertex 36726.3984 28500.252 32717.6152
  endloop
 endfacet
facet normal -0.0972679853 -0.90477252 -0.414639145
  outer loop
   vertex 37028.4492 28390.2031 32833.3633
   vertex 36746.8203 28434.8379 32802.0273
   vertex 36871.5859 28504.8789 32619.9258
  endloop
 endfacet
facet normal 0.531922579 -0.807029545 -0.256440341
  outer loop
   vertex 36983.8047 28295.4629 33060.957
   vertex 36974.6992 28293.3398 33048.75
   vertex 37021.3984 28319.627 33062.8867
  endloop
 endfacet
facet normal -0.0715247691 -0.834643722 -0.546126425
  outer loop
   vertex 36746.8203 28434.8379 32802.0273
   vertex 37028.4492 28390.2031 32833.3633
   vertex 36703.5469 28336.7422 32957.6133
  endloop
 endfacet
facet normal 0.508491397 -0.854519308 0.10598705
  outer loop
   vertex 37021.3984 28319.627 33062.8867
   vertex 37168.9023 28398.9043 32994.3711
   vertex 37044.1602 28351.1406 33207.7617
  endloop
 endfacet
facet normal 0.197020441 -0.873897433 -0.444394231
  outer loop
   vertex 36937.1367 28283.2266 33051.9805
   vertex 36991.8477 28318.3887 33007.0938
   vertex 36974.6992 28293.3398 33048.75
  endloop
 endfacet
facet normal 0.155135542 -0.77294302 -0.61521709
  outer loop
   vertex 36955.2188 28282.9238 33056.9219
   vertex 36937.1367 28283.2266 33051.9805
   vertex 36974.6992 28293.3398 33048.75
  endloop
 endfacet
facet normal -0.329728007 -0.783195734 -0.527146935
  outer loop
   vertex 36871.5859 28504.8789 32619.9258
   vertex 36746.8203 28434.8379 32802.0273
   vertex 36726.3984 28500.252 32717.6152
  endloop
 endfacet
facet normal -0.350352585 -0.718537033 -0.600797474
  outer loop
   vertex 36635.0859 28500.3242 32788.8672
   vertex 36746.8203 28434.8379 32802.0273
   vertex 36525.6562 28431.8125 32934.6211
  endloop
 endfacet
facet normal -0.0361211114 -0.880232394 -0.473166168
  outer loop
   vertex 37028.4492 28390.2031 32833.3633
   vertex 36807.6797 28261.666 33089.332
   vertex 36703.5469 28336.7422 32957.6133
  endloop
 endfacet
facet normal -0.227493078 -0.609395921 -0.759528458
  outer loop
   vertex 36525.6562 28431.8125 32934.6211
   vertex 36703.5469 28336.7422 32957.6133
   vertex 36536.0742 28314.4688 33025.6445
  endloop
 endfacet
facet normal -0.336973608 -0.595587134 -0.729194582
  outer loop
   vertex 36458.9336 28346.2227 33035.3594
   vertex 36525.6562 28431.8125 32934.6211
   vertex 36536.0742 28314.4688 33025.6445
  endloop
 endfacet
facet normal -0.329855233 -0.754467845 -0.567427337
  outer loop
   vertex 36525.6562 28431.8125 32934.6211
   vertex 36746.8203 28434.8379 32802.0273
   vertex 36703.5469 28336.7422 32957.6133
  endloop
 endfacet
facet normal -0.504985869 -0.476464778 -0.719701767
  outer loop
   vertex 36246.2383 28231.918 33279.1797
   vertex 36364.0703 28405.7598 33081.4102
   vertex 36419.9492 28257.0605 33140.6484
  endloop
 endfacet
facet normal -0.498264819 -0.224670708 -0.837409854
  outer loop
   vertex 36418.8477 28490.7227 32982.3672
   vertex 36525.6562 28431.8125 32934.6211
   vertex 36430.9922 28439.543 32988.8711
  endloop
 endfacet
facet normal -0.713184536 -0.616356015 -0.333875746
  outer loop
   vertex 36821.8477 28617.6582 32517.9746
   vertex 36879.2109 28550.0762 32520.2051
   vertex 36871.5859 28504.8789 32619.9258
  endloop
 endfacet
facet normal -0.663289249 -0.387845904 -0.640017927
  outer loop
   vertex 36719.5898 28694.7129 32577.2578
   vertex 36821.8477 28617.6582 32517.9746
   vertex 36667.8828 28601.5137 32687.3203
  endloop
 endfacet
facet normal -0.474948108 -0.492611766 -0.72921735
  outer loop
   vertex 36726.3984 28500.252 32717.6152
   vertex 36667.8828 28601.5137 32687.3203
   vertex 36871.5859 28504.8789 32619.9258
  endloop
 endfacet
facet normal -0.525595427 -0.648848116 -0.550223231
  outer loop
   vertex 36961.7812 28568.0039 32442.8594
   vertex 36821.8477 28617.6582 32517.9746
   vertex 36898.4414 28639.5781 32418.9609
  endloop
 endfacet
facet normal -0.540994763 -0.481933057 -0.689249754
  outer loop
   vertex 36879.2109 28550.0762 32520.2051
   vertex 36821.8477 28617.6582 32517.9746
   vertex 36961.7812 28568.0039 32442.8594
  endloop
 endfacet
facet normal -0.455876052 -0.617469549 -0.641021371
  outer loop
   vertex 36986.7148 28672.0098 32324.9434
   vertex 36961.7812 28568.0039 32442.8594
   vertex 36898.4414 28639.5781 32418.9609
  endloop
 endfacet
facet normal -0.617914081 -0.448072821 -0.64607501
  outer loop
   vertex 36667.8828 28601.5137 32687.3203
   vertex 36635.0859 28500.3242 32788.8672
   vertex 36530.2539 28571.3145 32839.8945
  endloop
 endfacet
facet normal -0.529753447 -0.509072185 -0.678385437
  outer loop
   vertex 36667.8828 28601.5137 32687.3203
   vertex 36726.3984 28500.252 32717.6152
   vertex 36635.0859 28500.3242 32788.8672
  endloop
 endfacet
facet normal -0.613488793 -0.429676145 -0.662578225
  outer loop
   vertex 36525.6562 28431.8125 32934.6211
   vertex 36530.2539 28571.3145 32839.8945
   vertex 36635.0859 28500.3242 32788.8672
  endloop
 endfacet
facet normal -0.665856242 -0.398286849 -0.630874813
  outer loop
   vertex 36775.1875 28712.7441 32507.1895
   vertex 36821.8477 28617.6582 32517.9746
   vertex 36719.5898 28694.7129 32577.2578
  endloop
 endfacet
facet normal -0.578137636 -0.445225924 -0.683762193
  outer loop
   vertex 36463.8867 28527.4355 32924.582
   vertex 36530.2539 28571.3145 32839.8945
   vertex 36525.6562 28431.8125 32934.6211
  endloop
 endfacet
facet normal -0.556123793 -0.433654696 -0.708992183
  outer loop
   vertex 36525.6562 28431.8125 32934.6211
   vertex 36418.8477 28490.7227 32982.3672
   vertex 36463.8867 28527.4355 32924.582
  endloop
 endfacet
facet normal -0.829724193 0.267454565 -0.489924282
  outer loop
   vertex 36124.5234 28472.9863 33355.293
   vertex 36181.875 28670.1602 33365.8008
   vertex 36269.707 28572.3301 33163.6406
  endloop
 endfacet
facet normal -0.247484088 -0.715013444 -0.653840542
  outer loop
   vertex 36439.4414 28158.8281 33240.6914
   vertex 36335.4688 28153.3223 33286.0664
   vertex 36419.9492 28257.0605 33140.6484
  endloop
 endfacet
facet normal 0.666082442 -0.745046318 0.0352169201
  outer loop
   vertex 37159.3438 28489.4688 33436.0977
   vertex 37007.1992 28355.9453 33488.9336
   vertex 36975.2422 28323.0176 33396.7461
  endloop
 endfacet
facet normal -0.464784086 0.725926816 0.506957591
  outer loop
   vertex 35866.2148 28354.8555 34152.7266
   vertex 36032.0664 28376.5449 34273.7227
   vertex 36071.2969 28532.5176 34086.3516
  endloop
 endfacet
facet normal -0.333629578 -0.61187005 -0.717151523
  outer loop
   vertex 35843.2031 27961.8184 33774.457
   vertex 36067.1641 28168.7305 33493.7305
   vertex 36094.5156 27955.6562 33662.8008
  endloop
 endfacet
facet normal -0.597575486 -0.339016616 -0.726616323
  outer loop
   vertex 35843.2031 27961.8184 33774.457
   vertex 35830.4609 28155.4727 33694.5859
   vertex 36067.1641 28168.7305 33493.7305
  endloop
 endfacet
facet normal -0.456334144 -0.577414572 -0.677016675
  outer loop
   vertex 36335.4688 28153.3223 33286.0664
   vertex 36246.2383 28231.918 33279.1797
   vertex 36419.9492 28257.0605 33140.6484
  endloop
 endfacet
facet normal -0.350573152 -0.609328926 -0.711207926
  outer loop
   vertex 36318.7461 28039.1289 33480.7578
   vertex 36094.5156 27955.6562 33662.8008
   vertex 36067.1641 28168.7305 33493.7305
  endloop
 endfacet
facet normal -0.392306328 -0.551560104 -0.736123085
  outer loop
   vertex 36202.0352 27941.6895 33615.9648
   vertex 36094.5156 27955.6562 33662.8008
   vertex 36318.7461 28039.1289 33480.7578
  endloop
 endfacet
facet normal -0.564008474 -0.535627961 -0.628487945
  outer loop
   vertex 36246.2383 28231.918 33279.1797
   vertex 36067.1641 28168.7305 33493.7305
   vertex 36142.8086 28274.3906 33335.8008
  endloop
 endfacet
facet normal -0.568455517 -0.528863728 -0.630207479
  outer loop
   vertex 36246.2383 28231.918 33279.1797
   vertex 36219.1641 28132.2598 33387.2305
   vertex 36067.1641 28168.7305 33493.7305
  endloop
 endfacet
facet normal -0.443201631 -0.825303197 -0.349924177
  outer loop
   vertex 36067.1641 28168.7305 33493.7305
   vertex 36219.1641 28132.2598 33387.2305
   vertex 36318.7461 28039.1289 33480.7578
  endloop
 endfacet
facet normal 0.0125853065 -0.897364736 -0.441110075
  outer loop
   vertex 36557.7695 28160.0957 33241.4922
   vertex 36318.7461 28039.1289 33480.7578
   vertex 36439.4414 28158.8281 33240.6914
  endloop
 endfacet
facet normal -0.446692199 -0.567735195 -0.691478729
  outer loop
   vertex 36273.9453 28128.8223 33345.9258
   vertex 36246.2383 28231.918 33279.1797
   vertex 36335.4688 28153.3223 33286.0664
  endloop
 endfacet
facet normal -0.521628201 -0.558028281 -0.645374596
  outer loop
   vertex 36273.9453 28128.8223 33345.9258
   vertex 36219.1641 28132.2598 33387.2305
   vertex 36246.2383 28231.918 33279.1797
  endloop
 endfacet
facet normal -0.159105435 -0.845558405 -0.509623885
  outer loop
   vertex 36318.7461 28039.1289 33480.7578
   vertex 36273.9453 28128.8223 33345.9258
   vertex 36335.4688 28153.3223 33286.0664
  endloop
 endfacet
facet normal -0.177629679 -0.842119515 -0.509197891
  outer loop
   vertex 36439.4414 28158.8281 33240.6914
   vertex 36318.7461 28039.1289 33480.7578
   vertex 36335.4688 28153.3223 33286.0664
  endloop
 endfacet
facet normal -0.608233035 -0.480306089 -0.631948292
  outer loop
   vertex 36364.0703 28405.7598 33081.4102
   vertex 36458.9336 28346.2227 33035.3594
   vertex 36419.9492 28257.0605 33140.6484
  endloop
 endfacet
facet normal 0.377800792 -0.923522234 -0.0661305785
  outer loop
   vertex 36807.1562 28214.8008 33423.2539
   vertex 36654.1562 28158.4121 33336.6445
   vertex 36864.9766 28251.75 33237.5664
  endloop
 endfacet
facet normal 0.047542125 -0.865078926 -0.499377787
  outer loop
   vertex 36557.7695 28160.0957 33241.4922
   vertex 36576.9453 28238.9238 33106.7617
   vertex 36807.6797 28261.666 33089.332
  endloop
 endfacet
facet normal 0.230179742 -0.940544188 -0.249787763
  outer loop
   vertex 36654.1562 28158.4121 33336.6445
   vertex 36557.7695 28160.0957 33241.4922
   vertex 36807.6797 28261.666 33089.332
  endloop
 endfacet
facet normal 0.126133502 -0.92587775 -0.356147021
  outer loop
   vertex 37028.4492 28390.2031 32833.3633
   vertex 36991.8477 28318.3887 33007.0938
   vertex 36807.6797 28261.666 33089.332
  endloop
 endfacet
facet normal 0.228311017 -0.941495538 -0.247911647
  outer loop
   vertex 36557.7695 28160.0957 33241.4922
   vertex 36654.1562 28158.4121 33336.6445
   vertex 36318.7461 28039.1289 33480.7578
  endloop
 endfacet
facet normal 0.59839046 -0.782926083 0.170163497
  outer loop
   vertex 36709.6406 28169.3887 33860.0977
   vertex 36624.0547 28093.9629 33814.0312
   vertex 36714.1484 28154.0703 33773.7578
  endloop
 endfacet
facet normal 0.650410056 -0.749107778 0.125715181
  outer loop
   vertex 37044.1602 28351.1406 33207.7617
   vertex 37159.3438 28489.4688 33436.0977
   vertex 36975.2422 28323.0176 33396.7461
  endloop
 endfacet
facet normal 0.565707028 -0.82029283 0.0842330903
  outer loop
   vertex 37044.1602 28351.1406 33207.7617
   vertex 36975.2422 28323.0176 33396.7461
   vertex 36923.9688 28278.8438 33310.9219
  endloop
 endfacet
facet normal 0.410208315 -0.901537597 -0.137691885
  outer loop
   vertex 36654.1562 28158.4121 33336.6445
   vertex 36807.1562 28214.8008 33423.2539
   vertex 36580.2891 28085.8867 33591.4453
  endloop
 endfacet
facet normal 0.252526283 -0.947433829 -0.196467891
  outer loop
   vertex 36654.1562 28158.4121 33336.6445
   vertex 36580.2891 28085.8867 33591.4453
   vertex 36318.7461 28039.1289 33480.7578
  endloop
 endfacet
facet normal 0.227181241 -0.973852456 -0.000176059853
  outer loop
   vertex 36950.0039 28287.5703 33095.375
   vertex 36974.6992 28293.3398 33048.75
   vertex 36983.8047 28295.4629 33060.957
  endloop
 endfacet
facet normal 0.519494414 -0.837071359 0.171572432
  outer loop
   vertex 36950.0039 28287.5703 33095.375
   vertex 36955.2188 28282.9238 33056.9219
   vertex 36974.6992 28293.3398 33048.75
  endloop
 endfacet
facet normal 0.0126489848 -0.863835275 -0.503615558
  outer loop
   vertex 36557.7695 28160.0957 33241.4922
   vertex 36439.4414 28158.8281 33240.6914
   vertex 36576.9453 28238.9238 33106.7617
  endloop
 endfacet
facet normal -0.225246772 -0.716784596 -0.659911931
  outer loop
   vertex 36419.9492 28257.0605 33140.6484
   vertex 36576.9453 28238.9238 33106.7617
   vertex 36439.4414 28158.8281 33240.6914
  endloop
 endfacet
facet normal -0.218864679 -0.766589403 -0.603687823
  outer loop
   vertex 36419.9492 28257.0605 33140.6484
   vertex 36536.0742 28314.4688 33025.6445
   vertex 36576.9453 28238.9238 33106.7617
  endloop
 endfacet
facet normal -0.351326317 -0.646301031 -0.677395582
  outer loop
   vertex 36419.9492 28257.0605 33140.6484
   vertex 36458.9336 28346.2227 33035.3594
   vertex 36536.0742 28314.4688 33025.6445
  endloop
 endfacet
facet normal 0.0446431004 -0.852321267 -0.521109819
  outer loop
   vertex 36576.9453 28238.9238 33106.7617
   vertex 36703.5469 28336.7422 32957.6133
   vertex 36807.6797 28261.666 33089.332
  endloop
 endfacet
facet normal -0.154914796 -0.760664225 -0.630389869
  outer loop
   vertex 36576.9453 28238.9238 33106.7617
   vertex 36536.0742 28314.4688 33025.6445
   vertex 36703.5469 28336.7422 32957.6133
  endloop
 endfacet
facet normal 0.17699486 -0.983139575 0.0459275506
  outer loop
   vertex 36937.1367 28283.2266 33051.9805
   vertex 36950.0039 28287.5703 33095.375
   vertex 36807.6797 28261.666 33089.332
  endloop
 endfacet
facet normal -0.0475913472 -0.992402256 0.113458648
  outer loop
   vertex 36950.0039 28287.5703 33095.375
   vertex 36937.1367 28283.2266 33051.9805
   vertex 36955.2188 28282.9238 33056.9219
  endloop
 endfacet
facet normal 0.543326199 -0.839311242 0.0187956747
  outer loop
   vertex 36807.1562 28214.8008 33423.2539
   vertex 36975.2422 28323.0176 33396.7461
   vertex 36897.8711 28275.9766 33532.6172
  endloop
 endfacet
facet normal 0.54963702 -0.829563737 0.0986058265
  outer loop
   vertex 36807.1562 28214.8008 33423.2539
   vertex 36923.9688 28278.8438 33310.9219
   vertex 36975.2422 28323.0176 33396.7461
  endloop
 endfacet
facet normal 0.453643918 -0.890458286 -0.0359342135
  outer loop
   vertex 36923.9688 28278.8438 33310.9219
   vertex 36807.1562 28214.8008 33423.2539
   vertex 36864.9766 28251.75 33237.5664
  endloop
 endfacet
facet normal 0.18299365 -0.973682046 -0.13585487
  outer loop
   vertex 36807.6797 28261.666 33089.332
   vertex 36950.0039 28287.5703 33095.375
   vertex 36864.9766 28251.75 33237.5664
  endloop
 endfacet
facet normal 0.322943091 -0.927785039 -0.186876044
  outer loop
   vertex 36654.1562 28158.4121 33336.6445
   vertex 36807.6797 28261.666 33089.332
   vertex 36864.9766 28251.75 33237.5664
  endloop
 endfacet
facet normal 0.653527021 -0.738657594 0.165188923
  outer loop
   vertex 36709.6406 28169.3887 33860.0977
   vertex 36714.1484 28154.0703 33773.7578
   vertex 36851.4414 28261.8965 33712.7617
  endloop
 endfacet
facet normal 0.577585399 -0.811848521 0.0854225978
  outer loop
   vertex 36761.3672 28184.8711 33589.75
   vertex 36897.8711 28275.9766 33532.6172
   vertex 36851.4414 28261.8965 33712.7617
  endloop
 endfacet
facet normal 0.451970667 -0.883756936 0.121227756
  outer loop
   vertex 37044.1602 28351.1406 33207.7617
   vertex 36950.0039 28287.5703 33095.375
   vertex 37021.3984 28319.627 33062.8867
  endloop
 endfacet
facet normal 0.493358791 -0.866432846 0.0767545775
  outer loop
   vertex 37044.1602 28351.1406 33207.7617
   vertex 36864.9766 28251.75 33237.5664
   vertex 36950.0039 28287.5703 33095.375
  endloop
 endfacet
facet normal 0.503010929 -0.807172537 0.308953941
  outer loop
   vertex 36950.0039 28287.5703 33095.375
   vertex 36983.8047 28295.4629 33060.957
   vertex 37021.3984 28319.627 33062.8867
  endloop
 endfacet
facet normal 0.476632595 -0.877096415 -0.059356939
  outer loop
   vertex 37044.1602 28351.1406 33207.7617
   vertex 36923.9688 28278.8438 33310.9219
   vertex 36864.9766 28251.75 33237.5664
  endloop
 endfacet
facet normal 0.412210554 -0.873435378 0.259216398
  outer loop
   vertex 37330.1836 28475.1406 32994.7891
   vertex 37261.6445 28491.959 33160.4453
   vertex 37168.9023 28398.9043 32994.3711
  endloop
 endfacet
facet normal 0.27951315 -0.959614158 -0.0318290778
  outer loop
   vertex 37294.7852 28437.1543 32946.6055
   vertex 37168.9023 28398.9043 32994.3711
   vertex 37322.6562 28447.7617 32871.5703
  endloop
 endfacet
facet normal 0.396051198 -0.839864194 0.371175945
  outer loop
   vertex 37294.7852 28437.1543 32946.6055
   vertex 37330.1836 28475.1406 32994.7891
   vertex 37168.9023 28398.9043 32994.3711
  endloop
 endfacet
facet normal 0.379948705 -0.880373836 -0.283867836
  outer loop
   vertex 36991.8477 28318.3887 33007.0938
   vertex 37028.4492 28390.2031 32833.3633
   vertex 37168.9023 28398.9043 32994.3711
  endloop
 endfacet
facet normal 0.107131205 -0.993449271 -0.0397668369
  outer loop
   vertex 37178.9531 28403.9355 32895.75
   vertex 37168.9023 28398.9043 32994.3711
   vertex 37028.4492 28390.2031 32833.3633
  endloop
 endfacet
facet normal 0.28866747 -0.957232475 -0.0194196664
  outer loop
   vertex 37178.9531 28403.9355 32895.75
   vertex 37322.6562 28447.7617 32871.5703
   vertex 37168.9023 28398.9043 32994.3711
  endloop
 endfacet
facet normal 0.395160139 -0.898887455 -0.189340487
  outer loop
   vertex 37021.3984 28319.627 33062.8867
   vertex 36991.8477 28318.3887 33007.0938
   vertex 37168.9023 28398.9043 32994.3711
  endloop
 endfacet
facet normal 0.532609642 -0.804055214 -0.264238924
  outer loop
   vertex 37021.3984 28319.627 33062.8867
   vertex 36974.6992 28293.3398 33048.75
   vertex 36991.8477 28318.3887 33007.0938
  endloop
 endfacet
facet normal 0.562875152 -0.801565945 0.20165205
  outer loop
   vertex 37261.6445 28491.959 33160.4453
   vertex 37159.3438 28489.4688 33436.0977
   vertex 37044.1602 28351.1406 33207.7617
  endloop
 endfacet
facet normal 0.559766948 -0.815936565 0.144597575
  outer loop
   vertex 37044.1602 28351.1406 33207.7617
   vertex 37168.9023 28398.9043 32994.3711
   vertex 37261.6445 28491.959 33160.4453
  endloop
 endfacet
facet normal -0.834647954 0.371857256 -0.406306535
  outer loop
   vertex 35864.9141 28344.1484 33772.5391
   vertex 36039.2188 28511.418 33567.5625
   vertex 35938.4141 28312.1074 33592.2305
  endloop
 endfacet
facet normal -0.71799618 0.573406816 -0.394570738
  outer loop
   vertex 35864.9141 28344.1484 33772.5391
   vertex 35938.4141 28312.1074 33592.2305
   vertex 35842.9961 28257.8398 33686.9961
  endloop
 endfacet
facet normal -0.38279286 0.0750388578 -0.920781612
  outer loop
   vertex 35465.4805 27869.25 33955.4492
   vertex 35387.0273 27921.5547 33992.3281
   vertex 35539.1172 28006.3594 33936.0117
  endloop
 endfacet
facet normal -0.892657876 0.438659698 -0.103631794
  outer loop
   vertex 35986.4883 28395.8105 33532.4258
   vertex 35938.4141 28312.1074 33592.2305
   vertex 36039.2188 28511.418 33567.5625
  endloop
 endfacet
facet normal -0.772136629 0.629918516 -0.0837124139
  outer loop
   vertex 36028.3672 28552.7559 33834.6211
   vertex 35864.9141 28344.1484 33772.5391
   vertex 35905.918 28420.752 33970.7695
  endloop
 endfacet
facet normal -0.727220297 0.526775301 -0.440066427
  outer loop
   vertex 35539.1172 28006.3594 33936.0117
   vertex 35579.7969 28153.6016 34045.0391
   vertex 35711.7969 28170.5117 33847.1406
  endloop
 endfacet
facet normal 0.448780417 0.33950296 0.826640129
  outer loop
   vertex 35533.2617 27958.7988 34583.2773
   vertex 35698.2266 27923.9043 34508.0508
   vertex 35623.5625 28085.1836 34482.3477
  endloop
 endfacet
facet normal -0.608335078 0.791879117 -0.0534402058
  outer loop
   vertex 35756.207 28285.8223 33996.1055
   vertex 35579.7969 28153.6016 34045.0391
   vertex 35672.7227 28235.041 34193.9883
  endloop
 endfacet
facet normal -0.207855791 0.853305876 -0.478189319
  outer loop
   vertex 35466.9648 28149.1738 34239.8555
   vertex 35387.5703 28042.9844 34084.875
   vertex 35332.7812 28098.7969 34208.2852
  endloop
 endfacet
facet normal -0.714369178 0.0356674083 -0.698859394
  outer loop
   vertex 35938.4141 28312.1074 33592.2305
   vertex 35830.4609 28155.4727 33694.5859
   vertex 35842.9961 28257.8398 33686.9961
  endloop
 endfacet
facet normal -0.580387473 0.569116831 -0.582457185
  outer loop
   vertex 35035.4297 27889.6738 34140.3711
   vertex 34926.6875 27828.9785 34189.4219
   vertex 34975.7383 27960.6348 34269.1875
  endloop
 endfacet
facet normal -0.608050168 0.227952793 -0.760468602
  outer loop
   vertex 35696.4648 28028.1973 33816.7422
   vertex 35539.1172 28006.3594 33936.0117
   vertex 35711.7969 28170.5117 33847.1406
  endloop
 endfacet
facet normal -0.725476861 0.681782901 -0.0941030532
  outer loop
   vertex 34819.9375 27882.3555 34449.2656
   vertex 34917.7852 27995.5859 34515.2734
   vertex 34912.1602 27972.9922 34394.9336
  endloop
 endfacet
facet normal -0.788529932 0.0150126498 -0.614813089
  outer loop
   vertex 35830.4609 28155.4727 33694.5859
   vertex 35711.7969 28170.5117 33847.1406
   vertex 35797.9336 28229.5977 33738.1094
  endloop
 endfacet
facet normal -0.760958672 0.212900549 -0.612874568
  outer loop
   vertex 35830.4609 28155.4727 33694.5859
   vertex 35696.4648 28028.1973 33816.7422
   vertex 35711.7969 28170.5117 33847.1406
  endloop
 endfacet
facet normal -0.753696263 0.549199402 -0.361001372
  outer loop
   vertex 35864.9141 28344.1484 33772.5391
   vertex 35842.9961 28257.8398 33686.9961
   vertex 35797.9336 28229.5977 33738.1094
  endloop
 endfacet
facet normal -0.77489239 0.547850549 -0.31528008
  outer loop
   vertex 35711.7969 28170.5117 33847.1406
   vertex 35864.9141 28344.1484 33772.5391
   vertex 35797.9336 28229.5977 33738.1094
  endloop
 endfacet
facet normal -0.776716828 0.588634372 -0.224099472
  outer loop
   vertex 35756.207 28285.8223 33996.1055
   vertex 35864.9141 28344.1484 33772.5391
   vertex 35711.7969 28170.5117 33847.1406
  endloop
 endfacet
facet normal -0.549920619 0.174842104 -0.816711426
  outer loop
   vertex 35039.3164 27742.2598 34106.1953
   vertex 35035.4297 27889.6738 34140.3711
   vertex 35118.9648 27847.1289 34075.0156
  endloop
 endfacet
facet normal -0.41787526 0.00687340647 -0.908478439
  outer loop
   vertex 35245.707 27906.9688 34057.2188
   vertex 35387.0273 27921.5547 33992.3281
   vertex 35343.1602 27810.5547 34011.6641
  endloop
 endfacet
facet normal -0.420856416 0.00829354394 -0.907089353
  outer loop
   vertex 35343.1602 27810.5547 34011.6641
   vertex 35387.0273 27921.5547 33992.3281
   vertex 35465.4805 27869.25 33955.4492
  endloop
 endfacet
facet normal -0.436193436 0.389591694 -0.811143398
  outer loop
   vertex 35035.4297 27889.6738 34140.3711
   vertex 35130.9414 27938.498 34112.4609
   vertex 35118.9648 27847.1289 34075.0156
  endloop
 endfacet
facet normal -0.424694777 0.583671391 -0.692070842
  outer loop
   vertex 35219.1719 28032.5938 34179.4531
   vertex 35387.5703 28042.9844 34084.875
   vertex 35245.707 27906.9688 34057.2188
  endloop
 endfacet
facet normal -0.534848213 0.513697326 -0.670859516
  outer loop
   vertex 35387.0273 27921.5547 33992.3281
   vertex 35387.5703 28042.9844 34084.875
   vertex 35539.1172 28006.3594 33936.0117
  endloop
 endfacet
facet normal -0.986510396 0.123020671 0.107996233
  outer loop
   vertex 34618.793 27700.25 34548.3594
   vertex 34619.5586 27691.0059 34565.8828
   vertex 34620.6016 27715.4199 34547.6055
  endloop
 endfacet
facet normal -0.193667978 0.593248665 0.781376183
  outer loop
   vertex 34620.6016 27715.4199 34547.6055
   vertex 34619.5586 27691.0059 34565.8828
   vertex 34686.8516 27738.666 34546.3789
  endloop
 endfacet
facet normal -0.411703974 0.77652663 0.476976126
  outer loop
   vertex 34619.5586 27691.0059 34565.8828
   vertex 34637.1875 27647.7559 34651.5117
   vertex 34686.8516 27738.666 34546.3789
  endloop
 endfacet
facet normal -0.00113895722 -0.049545534 -0.998771191
  outer loop
   vertex 34620.6016 27715.4199 34547.6055
   vertex 34686.8516 27738.666 34546.3789
   vertex 34618.793 27700.25 34548.3594
  endloop
 endfacet
facet normal -0.803571105 0.457182199 -0.381127208
  outer loop
   vertex 34627.2383 27641.5605 34555.5859
   vertex 34686.8516 27738.666 34546.3789
   vertex 34657.6484 27643.5586 34493.8672
  endloop
 endfacet
facet normal 0.0370292626 -0.11683964 -0.992460251
  outer loop
   vertex 34627.2383 27641.5605 34555.5859
   vertex 34618.793 27700.25 34548.3594
   vertex 34686.8516 27738.666 34546.3789
  endloop
 endfacet
facet normal -0.818127692 0.122954063 -0.561737776
  outer loop
   vertex 34907.3242 27898.4941 34232.8398
   vertex 34926.6875 27828.9785 34189.4219
   vertex 34863.8789 27869.5625 34289.7812
  endloop
 endfacet
facet normal -0.683503687 0.419457495 -0.597392738
  outer loop
   vertex 34926.6875 27828.9785 34189.4219
   vertex 34839.3828 27748.1543 34232.5625
   vertex 34863.8789 27869.5625 34289.7812
  endloop
 endfacet
facet normal -0.164520159 0.669789255 -0.724096298
  outer loop
   vertex 35245.707 27906.9688 34057.2188
   vertex 35130.9414 27938.498 34112.4609
   vertex 35219.1719 28032.5938 34179.4531
  endloop
 endfacet
facet normal -0.750057161 0.609988034 -0.255595058
  outer loop
   vertex 34863.8789 27869.5625 34289.7812
   vertex 34819.9375 27882.3555 34449.2656
   vertex 34912.1602 27972.9922 34394.9336
  endloop
 endfacet
facet normal -0.821896076 0.503278494 -0.266828775
  outer loop
   vertex 34756.8086 27725.1895 34347.2773
   vertex 34819.9375 27882.3555 34449.2656
   vertex 34863.8789 27869.5625 34289.7812
  endloop
 endfacet
facet normal -0.792921901 0.522217572 -0.313948572
  outer loop
   vertex 34686.8516 27738.666 34546.3789
   vertex 34819.9375 27882.3555 34449.2656
   vertex 34756.8086 27725.1895 34347.2773
  endloop
 endfacet
facet normal -0.488768607 0.587391615 -0.645039797
  outer loop
   vertex 35130.9414 27938.498 34112.4609
   vertex 35035.4297 27889.6738 34140.3711
   vertex 35086.3594 27988.582 34191.8516
  endloop
 endfacet
facet normal -0.0244396944 0.524658382 -0.850961983
  outer loop
   vertex 34926.6875 27828.9785 34189.4219
   vertex 34907.3242 27898.4941 34232.8398
   vertex 34975.7383 27960.6348 34269.1875
  endloop
 endfacet
facet normal -0.624655664 0.680687606 -0.382713586
  outer loop
   vertex 34863.8789 27869.5625 34289.7812
   vertex 34912.1602 27972.9922 34394.9336
   vertex 34975.7383 27960.6348 34269.1875
  endloop
 endfacet
facet normal -0.639232993 0.762443841 -0.100302465
  outer loop
   vertex 34907.3242 27898.4941 34232.8398
   vertex 34863.8789 27869.5625 34289.7812
   vertex 34975.7383 27960.6348 34269.1875
  endloop
 endfacet
facet normal -0.527122974 0.849778056 -0.00431895955
  outer loop
   vertex 35866.2148 28354.8555 34152.7266
   vertex 35756.207 28285.8223 33996.1055
   vertex 35672.7227 28235.041 34193.9883
  endloop
 endfacet
facet normal -0.651865423 0.747380674 0.128427327
  outer loop
   vertex 35866.2148 28354.8555 34152.7266
   vertex 35905.918 28420.752 33970.7695
   vertex 35756.207 28285.8223 33996.1055
  endloop
 endfacet
facet normal -0.621731579 0.698126435 -0.355062425
  outer loop
   vertex 35711.7969 28170.5117 33847.1406
   vertex 35579.7969 28153.6016 34045.0391
   vertex 35756.207 28285.8223 33996.1055
  endloop
 endfacet
facet normal -0.761654437 0.0453489572 -0.64639461
  outer loop
   vertex 35830.4609 28155.4727 33694.5859
   vertex 35797.9336 28229.5977 33738.1094
   vertex 35842.9961 28257.8398 33686.9961
  endloop
 endfacet
facet normal -0.417217255 0.881374061 -0.221606687
  outer loop
   vertex 35672.7227 28235.041 34193.9883
   vertex 35579.7969 28153.6016 34045.0391
   vertex 35466.9648 28149.1738 34239.8555
  endloop
 endfacet
facet normal -0.521771133 0.804456055 -0.283910781
  outer loop
   vertex 35466.9648 28149.1738 34239.8555
   vertex 35579.7969 28153.6016 34045.0391
   vertex 35387.5703 28042.9844 34084.875
  endloop
 endfacet
facet normal -0.432751745 0.860172987 -0.269867361
  outer loop
   vertex 35219.1719 28032.5938 34179.4531
   vertex 35285.2461 28116.8867 34342.1719
   vertex 35332.7812 28098.7969 34208.2852
  endloop
 endfacet
facet normal -0.320192903 0.846309662 -0.425718814
  outer loop
   vertex 35219.1719 28032.5938 34179.4531
   vertex 35086.3594 27988.582 34191.8516
   vertex 35119.7305 28064.707 34318.082
  endloop
 endfacet
facet normal -0.460258693 0.808799565 -0.366067261
  outer loop
   vertex 35086.3594 27988.582 34191.8516
   vertex 34975.7383 27960.6348 34269.1875
   vertex 35119.7305 28064.707 34318.082
  endloop
 endfacet
facet normal -0.351915807 0.834776223 -0.42344293
  outer loop
   vertex 35035.8203 28071.0156 34475.3516
   vertex 35102.5156 28120.4668 34517.4062
   vertex 35155.6602 28117.2402 34466.875
  endloop
 endfacet
facet normal -0.364315212 0.902277708 -0.230584949
  outer loop
   vertex 35119.7305 28064.707 34318.082
   vertex 35035.8203 28071.0156 34475.3516
   vertex 35155.6602 28117.2402 34466.875
  endloop
 endfacet
facet normal 0.0843294412 0.864420831 0.495646238
  outer loop
   vertex 35446.6914 28130.5391 34433.3398
   vertex 35422.2695 28048.7949 34580.0586
   vertex 35623.5625 28085.1836 34482.3477
  endloop
 endfacet
facet normal -0.51736784 0.852001965 0.0801446587
  outer loop
   vertex 35035.8203 28071.0156 34475.3516
   vertex 34917.7852 27995.5859 34515.2734
   vertex 35005.2852 28039.3809 34614.5547
  endloop
 endfacet
facet normal -0.243389472 0.835353911 0.492894888
  outer loop
   vertex 35005.2852 28039.3809 34614.5547
   vertex 35099.8594 28004.7754 34719.9062
   vertex 35123.0938 28093.9121 34580.3125
  endloop
 endfacet
facet normal -0.119169146 0.699780166 0.704348207
  outer loop
   vertex 35005.2852 28039.3809 34614.5547
   vertex 35123.0938 28093.9121 34580.3125
   vertex 35052.1992 28094.4707 34567.7617
  endloop
 endfacet
facet normal -0.615678847 0.760251522 0.207261235
  outer loop
   vertex 35005.2852 28039.3809 34614.5547
   vertex 34917.7852 27995.5859 34515.2734
   vertex 34855.625 27913.7578 34630.7773
  endloop
 endfacet
facet normal 0.328364819 0.434963405 0.838441074
  outer loop
   vertex 35422.2695 28048.7949 34580.0586
   vertex 35533.2617 27958.7988 34583.2773
   vertex 35623.5625 28085.1836 34482.3477
  endloop
 endfacet
facet normal -0.0200440064 0.980423808 0.195875883
  outer loop
   vertex 35155.6602 28117.2402 34466.875
   vertex 35123.0938 28093.9121 34580.3125
   vertex 35282.0547 28108.3145 34524.4883
  endloop
 endfacet
facet normal 0.319329411 0.905951262 0.277994722
  outer loop
   vertex 35155.6602 28117.2402 34466.875
   vertex 35102.5156 28120.4668 34517.4062
   vertex 35123.0938 28093.9121 34580.3125
  endloop
 endfacet
facet normal -0.588264167 0.742266774 0.320913315
  outer loop
   vertex 34971.4492 27957.5195 34741.8711
   vertex 35005.2852 28039.3809 34614.5547
   vertex 34855.625 27913.7578 34630.7773
  endloop
 endfacet
facet normal -0.228504956 0.845378697 0.482825339
  outer loop
   vertex 35005.2852 28039.3809 34614.5547
   vertex 34971.4492 27957.5195 34741.8711
   vertex 35099.8594 28004.7754 34719.9062
  endloop
 endfacet
facet normal -0.782381952 0.441811055 0.438955009
  outer loop
   vertex 34637.1875 27647.7559 34651.5117
   vertex 34760.9492 27736.0586 34783.2266
   vertex 34733.9609 27766.6484 34704.332
  endloop
 endfacet
facet normal -0.722638726 0.691134274 0.0112537295
  outer loop
   vertex 34855.625 27913.7578 34630.7773
   vertex 34686.8516 27738.666 34546.3789
   vertex 34775.0586 27828.6699 34683
  endloop
 endfacet
facet normal -0.803394735 0.579485774 0.136941969
  outer loop
   vertex 34686.8516 27738.666 34546.3789
   vertex 34733.9609 27766.6484 34704.332
   vertex 34775.0586 27828.6699 34683
  endloop
 endfacet
facet normal -0.796800196 0.58937335 0.133223683
  outer loop
   vertex 34637.1875 27647.7559 34651.5117
   vertex 34733.9609 27766.6484 34704.332
   vertex 34686.8516 27738.666 34546.3789
  endloop
 endfacet
facet normal -0.72544539 0.687874019 0.0236297045
  outer loop
   vertex 34855.625 27913.7578 34630.7773
   vertex 34819.9375 27882.3555 34449.2656
   vertex 34686.8516 27738.666 34546.3789
  endloop
 endfacet
facet normal -0.491773486 0.819135308 -0.295256138
  outer loop
   vertex 34975.7383 27960.6348 34269.1875
   vertex 35035.8203 28071.0156 34475.3516
   vertex 35119.7305 28064.707 34318.082
  endloop
 endfacet
facet normal -0.456760436 0.83279264 -0.312772036
  outer loop
   vertex 34975.7383 27960.6348 34269.1875
   vertex 34912.1602 27972.9922 34394.9336
   vertex 35035.8203 28071.0156 34475.3516
  endloop
 endfacet
facet normal -0.564241588 0.815814197 -0.126801357
  outer loop
   vertex 34917.7852 27995.5859 34515.2734
   vertex 35035.8203 28071.0156 34475.3516
   vertex 34912.1602 27972.9922 34394.9336
  endloop
 endfacet
facet normal -0.577130973 0.75837642 0.302960366
  outer loop
   vertex 34855.625 27913.7578 34630.7773
   vertex 34865.8438 27844.9355 34822.5234
   vertex 34971.4492 27957.5195 34741.8711
  endloop
 endfacet
facet normal 0.331590474 -0.744438171 0.579533935
  outer loop
   vertex 35103.0547 27610.5566 34742.9102
   vertex 35210.8633 27627.1582 34702.5508
   vertex 35173.8828 27671.9102 34781.1953
  endloop
 endfacet
facet normal -0.58034724 -0.784028828 0.220217705
  outer loop
   vertex 34931.8867 27620.4277 34793.7383
   vertex 34919.4141 27648.6035 34861.1797
   vertex 34903.0312 27660.6543 34860.9102
  endloop
 endfacet
facet normal -0.594170213 0.746462464 0.299592227
  outer loop
   vertex 34855.625 27913.7578 34630.7773
   vertex 34775.0586 27828.6699 34683
   vertex 34865.8438 27844.9355 34822.5234
  endloop
 endfacet
facet normal 0.434821397 -0.498873889 0.749703407
  outer loop
   vertex 35871.4102 27830.5996 34338.25
   vertex 36063.1953 27894.0723 34269.25
   vertex 36015.3594 28007.9199 34372.7539
  endloop
 endfacet
facet normal 0.571432829 -0.577372551 0.583185673
  outer loop
   vertex 35848.8242 27917.9785 34446.8906
   vertex 35871.4102 27830.5996 34338.25
   vertex 36015.3594 28007.9199 34372.7539
  endloop
 endfacet
facet normal 0.949557006 -0.116536796 0.29113692
  outer loop
   vertex 35848.8242 27917.9785 34446.8906
   vertex 35844.6016 27858.0391 34436.6719
   vertex 35871.4102 27830.5996 34338.25
  endloop
 endfacet
facet normal 0.377539784 0.0530085377 0.924474895
  outer loop
   vertex 35848.8242 27917.9785 34446.8906
   vertex 35838.9062 28063.6914 34442.582
   vertex 35698.2266 27923.9043 34508.0508
  endloop
 endfacet
facet normal 0.318778902 0.423481435 0.847964287
  outer loop
   vertex 35533.2617 27958.7988 34583.2773
   vertex 35422.2695 28048.7949 34580.0586
   vertex 35366.4219 27901.7148 34674.5078
  endloop
 endfacet
facet normal -0.334034592 0.794265091 -0.507507503
  outer loop
   vertex 35387.5703 28042.9844 34084.875
   vertex 35219.1719 28032.5938 34179.4531
   vertex 35332.7812 28098.7969 34208.2852
  endloop
 endfacet
facet normal -0.621039033 0.770524621 0.143535346
  outer loop
   vertex 35905.918 28420.752 33970.7695
   vertex 35866.2148 28354.8555 34152.7266
   vertex 36071.2969 28532.5176 34086.3516
  endloop
 endfacet
facet normal -0.143823057 0.793717623 0.591039121
  outer loop
   vertex 35806.2188 28223.7305 34340.7383
   vertex 35600.8633 28178.6738 34351.2734
   vertex 35623.5625 28085.1836 34482.3477
  endloop
 endfacet
facet normal 0.0486818887 0.997671366 0.0477689765
  outer loop
   vertex 35155.6602 28117.2402 34466.875
   vertex 35282.0547 28108.3145 34524.4883
   vertex 35285.2461 28116.8867 34342.1719
  endloop
 endfacet
facet normal -0.254236668 0.92960912 -0.266815573
  outer loop
   vertex 35119.7305 28064.707 34318.082
   vertex 35155.6602 28117.2402 34466.875
   vertex 35285.2461 28116.8867 34342.1719
  endloop
 endfacet
facet normal -0.229230687 0.899184585 -0.372720301
  outer loop
   vertex 35119.7305 28064.707 34318.082
   vertex 35285.2461 28116.8867 34342.1719
   vertex 35219.1719 28032.5938 34179.4531
  endloop
 endfacet
facet normal -0.265809357 0.961846411 0.0647835061
  outer loop
   vertex 35466.9648 28149.1738 34239.8555
   vertex 35446.6914 28130.5391 34433.3398
   vertex 35600.8633 28178.6738 34351.2734
  endloop
 endfacet
facet normal -0.0888502747 0.521782696 0.848438859
  outer loop
   vertex 35838.9062 28063.6914 34442.582
   vertex 36025.0977 28207.0391 34373.9258
   vertex 35806.2188 28223.7305 34340.7383
  endloop
 endfacet
facet normal -0.129636049 0.988199234 0.0815891773
  outer loop
   vertex 35285.2461 28116.8867 34342.1719
   vertex 35446.6914 28130.5391 34433.3398
   vertex 35466.9648 28149.1738 34239.8555
  endloop
 endfacet
facet normal -0.294222921 0.927696526 -0.229808718
  outer loop
   vertex 35285.2461 28116.8867 34342.1719
   vertex 35466.9648 28149.1738 34239.8555
   vertex 35332.7812 28098.7969 34208.2852
  endloop
 endfacet
facet normal -0.109259725 0.993003786 0.0447854698
  outer loop
   vertex 35285.2461 28116.8867 34342.1719
   vertex 35282.0547 28108.3145 34524.4883
   vertex 35446.6914 28130.5391 34433.3398
  endloop
 endfacet
facet normal 0.162453145 0.850218773 0.500736475
  outer loop
   vertex 35282.0547 28108.3145 34524.4883
   vertex 35422.2695 28048.7949 34580.0586
   vertex 35446.6914 28130.5391 34433.3398
  endloop
 endfacet
facet normal -0.327919751 0.602928519 0.727286637
  outer loop
   vertex 36285.0078 28675.875 34149.3359
   vertex 36207.5859 28517.4961 34245.7227
   vertex 36430.7344 28587.9453 34287.9336
  endloop
 endfacet
facet normal 0.199572369 0.243654639 0.949106574
  outer loop
   vertex 35698.2266 27923.9043 34508.0508
   vertex 35838.9062 28063.6914 34442.582
   vertex 35623.5625 28085.1836 34482.3477
  endloop
 endfacet
facet normal 0.20429197 0.554926217 0.806425214
  outer loop
   vertex 35806.2188 28223.7305 34340.7383
   vertex 35623.5625 28085.1836 34482.3477
   vertex 35838.9062 28063.6914 34442.582
  endloop
 endfacet
facet normal 0.0504706763 0.817199767 0.574140489
  outer loop
   vertex 35446.6914 28130.5391 34433.3398
   vertex 35623.5625 28085.1836 34482.3477
   vertex 35600.8633 28178.6738 34351.2734
  endloop
 endfacet
facet normal -0.346440345 0.922131538 0.1721991
  outer loop
   vertex 35466.9648 28149.1738 34239.8555
   vertex 35600.8633 28178.6738 34351.2734
   vertex 35672.7227 28235.041 34193.9883
  endloop
 endfacet
facet normal 0.192845747 0.13880837 0.971361279
  outer loop
   vertex 36767.832 28748.6328 34236.8125
   vertex 36686.7344 28787.1523 34247.4062
   vertex 36639.0781 28661.5469 34274.8164
  endloop
 endfacet
facet normal -0.0908766761 0.509529293 0.855640888
  outer loop
   vertex 35806.2188 28223.7305 34340.7383
   vertex 36025.0977 28207.0391 34373.9258
   vertex 36032.0664 28376.5449 34273.7227
  endloop
 endfacet
facet normal -0.259783447 0.488922656 0.832746804
  outer loop
   vertex 36207.5859 28517.4961 34245.7227
   vertex 36032.0664 28376.5449 34273.7227
   vertex 36241.8242 28377.5156 34338.5898
  endloop
 endfacet
facet normal 0.556150734 -0.83107388 0.00354986195
  outer loop
   vertex 36807.1562 28214.8008 33423.2539
   vertex 36897.8711 28275.9766 33532.6172
   vertex 36761.3672 28184.8711 33589.75
  endloop
 endfacet
facet normal 0.479304641 -0.877266705 -0.0258878842
  outer loop
   vertex 36580.2891 28085.8867 33591.4453
   vertex 36807.1562 28214.8008 33423.2539
   vertex 36761.3672 28184.8711 33589.75
  endloop
 endfacet
facet normal 0.737835467 -0.496228635 0.457554311
  outer loop
   vertex 36333.5664 28034.8438 34221.5117
   vertex 36394.4062 27999.4316 34084.9961
   vertex 36371.582 28135.9316 34269.8398
  endloop
 endfacet
facet normal 0.702391028 -0.684329331 0.195806548
  outer loop
   vertex 36499.9141 28038.9785 34076.3594
   vertex 36483.3242 28019.9473 34069.3594
   vertex 36572.1953 28086.9395 33984.707
  endloop
 endfacet
facet normal 0.36153838 -0.0231522806 0.932069719
  outer loop
   vertex 36025.0977 28207.0391 34373.9258
   vertex 35838.9062 28063.6914 34442.582
   vertex 36015.3594 28007.9199 34372.7539
  endloop
 endfacet
facet normal 0.381958425 0.0532551631 0.92264384
  outer loop
   vertex 35848.8242 27917.9785 34446.8906
   vertex 36015.3594 28007.9199 34372.7539
   vertex 35838.9062 28063.6914 34442.582
  endloop
 endfacet
facet normal 0.478852451 -0.54797405 0.685875177
  outer loop
   vertex 36483.5391 28266.5156 34296.0078
   vertex 36371.582 28135.9316 34269.8398
   vertex 36524.7383 28202.4004 34216.0156
  endloop
 endfacet
facet normal 0.415975153 -0.509815991 0.75302875
  outer loop
   vertex 36063.1953 27894.0723 34269.25
   vertex 36226.2852 28006.7441 34255.4453
   vertex 36015.3594 28007.9199 34372.7539
  endloop
 endfacet
facet normal 0.675510824 -0.687197685 0.267291069
  outer loop
   vertex 36499.9141 28038.9785 34076.3594
   vertex 36460.9805 28005.5547 34088.8281
   vertex 36483.3242 28019.9473 34069.3594
  endloop
 endfacet
facet normal 0.441956401 -0.40830335 0.798725784
  outer loop
   vertex 36226.2852 28006.7441 34255.4453
   vertex 36215.4375 28173.1387 34346.5078
   vertex 36015.3594 28007.9199 34372.7539
  endloop
 endfacet
facet normal -0.0389604419 -0.118832536 0.992149651
  outer loop
   vertex 36384.8789 28435.1582 34351.1133
   vertex 36241.8242 28377.5156 34338.5898
   vertex 36399.6328 28321.3652 34338.0625
  endloop
 endfacet
facet normal 0.0163640734 0.0365858451 0.999196529
  outer loop
   vertex 36215.4375 28173.1387 34346.5078
   vertex 36399.6328 28321.3652 34338.0625
   vertex 36241.8242 28377.5156 34338.5898
  endloop
 endfacet
facet normal 0.378023505 -0.511186242 0.771872282
  outer loop
   vertex 36333.5664 28034.8438 34221.5117
   vertex 36371.582 28135.9316 34269.8398
   vertex 36226.2852 28006.7441 34255.4453
  endloop
 endfacet
facet normal 0.675195634 0.458583057 0.577765048
  outer loop
   vertex 36897.0977 28936.4082 34045.3906
   vertex 36914.5 28854.5957 34089.9883
   vertex 36994.8555 28914.5723 33948.4805
  endloop
 endfacet
facet normal 0.636698663 -0.407542288 0.654617548
  outer loop
   vertex 36524.7383 28202.4004 34216.0156
   vertex 36615.5273 28428.5664 34268.5195
   vertex 36483.5391 28266.5156 34296.0078
  endloop
 endfacet
facet normal 0.308664352 -0.441071063 0.84272331
  outer loop
   vertex 36215.4375 28173.1387 34346.5078
   vertex 36226.2852 28006.7441 34255.4453
   vertex 36371.582 28135.9316 34269.8398
  endloop
 endfacet
facet normal 0.558208108 -0.829501629 0.0181849003
  outer loop
   vertex 36624.0547 28093.9629 33814.0312
   vertex 36590.4805 28069.5508 33731.0547
   vertex 36683.3281 28131.3809 33701.3398
  endloop
 endfacet
facet normal 0.66211462 -0.71619767 0.220601797
  outer loop
   vertex 36974.4453 28357.0938 33687.2461
   vertex 36948.1094 28324.6758 33661.043
   vertex 37000.4453 28368.418 33645.9766
  endloop
 endfacet
facet normal 0.796435952 -0.54050684 0.27118656
  outer loop
   vertex 36788.9414 28296.8965 33991.5195
   vertex 36806.625 28399.541 34144.1641
   vertex 36759.8125 28331.4277 34145.8867
  endloop
 endfacet
facet normal 0.73927635 -0.595350564 0.314687401
  outer loop
   vertex 36788.9414 28296.8965 33991.5195
   vertex 36897.1992 28461.5 34048.6055
   vertex 36806.625 28399.541 34144.1641
  endloop
 endfacet
facet normal 0.723754883 -0.596391678 0.347125113
  outer loop
   vertex 37009.0078 28497.8203 33877.8867
   vertex 36897.1992 28461.5 34048.6055
   vertex 36788.9414 28296.8965 33991.5195
  endloop
 endfacet
facet normal 0.808222413 -0.382171303 0.448019624
  outer loop
   vertex 37009.0078 28497.8203 33877.8867
   vertex 36985.6602 28596.0684 34003.8164
   vertex 36897.1992 28461.5 34048.6055
  endloop
 endfacet
facet normal 0.723683536 -0.592451036 0.353954613
  outer loop
   vertex 36976.8438 28395.1895 33771.8672
   vertex 37009.0078 28497.8203 33877.8867
   vertex 36788.9414 28296.8965 33991.5195
  endloop
 endfacet
facet normal 0.530639887 -0.624305487 0.573292196
  outer loop
   vertex 36579.4336 28142.4648 34100.125
   vertex 36673.9219 28288.4004 34171.5859
   vertex 36524.7383 28202.4004 34216.0156
  endloop
 endfacet
facet normal 0.664824486 -0.695195913 0.273333192
  outer loop
   vertex 36709.6406 28169.3887 33860.0977
   vertex 36788.9414 28296.8965 33991.5195
   vertex 36572.1953 28086.9395 33984.707
  endloop
 endfacet
facet normal 0.195940807 -0.0866128355 0.976783216
  outer loop
   vertex 36399.6328 28321.3652 34338.0625
   vertex 36460.9766 28444.2031 34336.6484
   vertex 36384.8789 28435.1582 34351.1133
  endloop
 endfacet
facet normal 0.214864865 -0.36567843 0.905600548
  outer loop
   vertex 36371.582 28135.9316 34269.8398
   vertex 36483.5391 28266.5156 34296.0078
   vertex 36399.6328 28321.3652 34338.0625
  endloop
 endfacet
facet normal 0.337087452 -0.369562298 0.86590749
  outer loop
   vertex 36371.582 28135.9316 34269.8398
   vertex 36399.6328 28321.3652 34338.0625
   vertex 36215.4375 28173.1387 34346.5078
  endloop
 endfacet
facet normal 0.487543255 -0.672500134 0.556816936
  outer loop
   vertex 36394.4062 27999.4316 34084.9961
   vertex 36524.7383 28202.4004 34216.0156
   vertex 36371.582 28135.9316 34269.8398
  endloop
 endfacet
facet normal 0.606153786 -0.780676603 0.152057901
  outer loop
   vertex 36572.1953 28086.9395 33984.707
   vertex 36624.0547 28093.9629 33814.0312
   vertex 36709.6406 28169.3887 33860.0977
  endloop
 endfacet
facet normal 0.669000447 -0.627909124 0.397704065
  outer loop
   vertex 36788.9414 28296.8965 33991.5195
   vertex 36673.9219 28288.4004 34171.5859
   vertex 36579.4336 28142.4648 34100.125
  endloop
 endfacet
facet normal 0.49539113 -0.823119223 0.277601033
  outer loop
   vertex 36759.8125 28331.4277 34145.8867
   vertex 36673.9219 28288.4004 34171.5859
   vertex 36788.9414 28296.8965 33991.5195
  endloop
 endfacet
facet normal 0.490630448 -0.863581121 0.11622978
  outer loop
   vertex 36394.4062 27999.4316 34084.9961
   vertex 36492.2734 28019.5684 33821.5117
   vertex 36572.1953 28086.9395 33984.707
  endloop
 endfacet
facet normal 0.515687346 -0.847345293 0.126777351
  outer loop
   vertex 36394.4062 27999.4316 34084.9961
   vertex 36340.4766 27932.6211 33857.832
   vertex 36492.2734 28019.5684 33821.5117
  endloop
 endfacet
facet normal 0.737708986 -0.625290453 0.25455305
  outer loop
   vertex 36579.4336 28142.4648 34100.125
   vertex 36499.9141 28038.9785 34076.3594
   vertex 36572.1953 28086.9395 33984.707
  endloop
 endfacet
facet normal 0.660850108 -0.691676319 0.291309088
  outer loop
   vertex 36788.9414 28296.8965 33991.5195
   vertex 36579.4336 28142.4648 34100.125
   vertex 36572.1953 28086.9395 33984.707
  endloop
 endfacet
facet normal 0.493287355 -0.862310469 0.114404023
  outer loop
   vertex 36624.0547 28093.9629 33814.0312
   vertex 36572.1953 28086.9395 33984.707
   vertex 36492.2734 28019.5684 33821.5117
  endloop
 endfacet
facet normal 0.623333216 -0.730938792 0.277820468
  outer loop
   vertex 36948.1094 28324.6758 33661.043
   vertex 36974.4453 28357.0938 33687.2461
   vertex 36851.4414 28261.8965 33712.7617
  endloop
 endfacet
facet normal 0.561160266 -0.827455342 0.0204171352
  outer loop
   vertex 36714.1484 28154.0703 33773.7578
   vertex 36624.0547 28093.9629 33814.0312
   vertex 36683.3281 28131.3809 33701.3398
  endloop
 endfacet
facet normal 0.685351133 -0.718295038 0.119774774
  outer loop
   vertex 37159.3438 28489.4688 33436.0977
   vertex 37086.6797 28453.1816 33634.2695
   vertex 36986.2773 28351.0684 33596.4023
  endloop
 endfacet
facet normal 0.718939602 -0.68105036 0.13891086
  outer loop
   vertex 37159.3438 28489.4688 33436.0977
   vertex 37178.2109 28540.2734 33587.5352
   vertex 37086.6797 28453.1816 33634.2695
  endloop
 endfacet
facet normal 0.621511996 -0.720796347 0.306880206
  outer loop
   vertex 36976.8438 28395.1895 33771.8672
   vertex 36851.4414 28261.8965 33712.7617
   vertex 36974.4453 28357.0938 33687.2461
  endloop
 endfacet
facet normal 0.693275213 -0.679280102 0.240724072
  outer loop
   vertex 36788.9414 28296.8965 33991.5195
   vertex 36709.6406 28169.3887 33860.0977
   vertex 36851.4414 28261.8965 33712.7617
  endloop
 endfacet
facet normal 0.653048456 -0.719362915 0.236737669
  outer loop
   vertex 36976.8438 28395.1895 33771.8672
   vertex 36788.9414 28296.8965 33991.5195
   vertex 36851.4414 28261.8965 33712.7617
  endloop
 endfacet
facet normal 0.493232518 -0.868103921 0.0558329634
  outer loop
   vertex 36624.0547 28093.9629 33814.0312
   vertex 36492.2734 28019.5684 33821.5117
   vertex 36590.4805 28069.5508 33731.0547
  endloop
 endfacet
facet normal 0.610502183 -0.790559411 0.0479892641
  outer loop
   vertex 36851.4414 28261.8965 33712.7617
   vertex 36683.3281 28131.3809 33701.3398
   vertex 36761.3672 28184.8711 33589.75
  endloop
 endfacet
facet normal 0.613774955 -0.789358437 -0.0139145814
  outer loop
   vertex 36714.1484 28154.0703 33773.7578
   vertex 36683.3281 28131.3809 33701.3398
   vertex 36851.4414 28261.8965 33712.7617
  endloop
 endfacet
facet normal 0.609729707 -0.788258791 0.0829324946
  outer loop
   vertex 36897.8711 28275.9766 33532.6172
   vertex 37007.1992 28355.9453 33488.9336
   vertex 36986.2773 28351.0684 33596.4023
  endloop
 endfacet
facet normal 0.477281272 -0.874586046 -0.0854509547
  outer loop
   vertex 36683.3281 28131.3809 33701.3398
   vertex 36580.2891 28085.8867 33591.4453
   vertex 36761.3672 28184.8711 33589.75
  endloop
 endfacet
facet normal 0.518418193 -0.844142497 -0.13662377
  outer loop
   vertex 36683.3281 28131.3809 33701.3398
   vertex 36590.4805 28069.5508 33731.0547
   vertex 36580.2891 28085.8867 33591.4453
  endloop
 endfacet
facet normal 0.194876745 -0.874426007 -0.444299668
  outer loop
   vertex 36851.4414 28261.8965 33712.7617
   vertex 36986.2773 28351.0684 33596.4023
   vertex 36928.0195 28306.9844 33657.6133
  endloop
 endfacet
facet normal 0.616845071 -0.747979283 0.245008394
  outer loop
   vertex 36948.1094 28324.6758 33661.043
   vertex 36851.4414 28261.8965 33712.7617
   vertex 36928.0195 28306.9844 33657.6133
  endloop
 endfacet
facet normal 0.675487101 -0.730784476 0.0983424857
  outer loop
   vertex 37159.3438 28489.4688 33436.0977
   vertex 36986.2773 28351.0684 33596.4023
   vertex 37007.1992 28355.9453 33488.9336
  endloop
 endfacet
facet normal 0.539997816 -0.77978164 0.31676963
  outer loop
   vertex 37184.6445 28538.1719 33633.0117
   vertex 37169.1289 28531.0449 33641.9219
   vertex 37169.1992 28524.6816 33626.1367
  endloop
 endfacet
facet normal 0.703457534 -0.709170997 0.0471587144
  outer loop
   vertex 37000.4453 28368.418 33645.9766
   vertex 36986.2773 28351.0684 33596.4023
   vertex 37086.6797 28453.1816 33634.2695
  endloop
 endfacet
facet normal 0.638058484 -0.754097998 -0.155620143
  outer loop
   vertex 37178.2109 28540.2734 33587.5352
   vertex 37169.1992 28524.6816 33626.1367
   vertex 37086.6797 28453.1816 33634.2695
  endloop
 endfacet
facet normal 0.695367277 -0.672436953 0.253560454
  outer loop
   vertex 36974.4453 28357.0938 33687.2461
   vertex 37000.4453 28368.418 33645.9766
   vertex 37086.6797 28453.1816 33634.2695
  endloop
 endfacet
facet normal 0.697043478 -0.661016226 0.277827203
  outer loop
   vertex 36976.8438 28395.1895 33771.8672
   vertex 36974.4453 28357.0938 33687.2461
   vertex 37086.6797 28453.1816 33634.2695
  endloop
 endfacet
facet normal 0.651555181 -0.754726827 0.0765718147
  outer loop
   vertex 36986.2773 28351.0684 33596.4023
   vertex 36948.1094 28324.6758 33661.043
   vertex 36928.0195 28306.9844 33657.6133
  endloop
 endfacet
facet normal 0.652405441 -0.753906488 0.0774088278
  outer loop
   vertex 36948.1094 28324.6758 33661.043
   vertex 36986.2773 28351.0684 33596.4023
   vertex 37000.4453 28368.418 33645.9766
  endloop
 endfacet
facet normal 0.698040605 -0.668637216 -0.25624916
  outer loop
   vertex 37184.6445 28538.1719 33633.0117
   vertex 37169.1992 28524.6816 33626.1367
   vertex 37188.4727 28544.6445 33626.5547
  endloop
 endfacet
facet normal 0.788354218 -0.446333855 0.423419058
  outer loop
   vertex 37009.0078 28497.8203 33877.8867
   vertex 37120.4844 28525.1191 33699.1094
   vertex 37126.082 28581.5703 33748.1914
  endloop
 endfacet
facet normal 0.826769233 0.279212385 0.488357544
  outer loop
   vertex 37134.7812 28828.5703 33760.7578
   vertex 37098.5977 29023.1758 33710.7539
   vertex 36994.8555 28914.5723 33948.4805
  endloop
 endfacet
facet normal 0.381468266 -0.180070832 0.906673312
  outer loop
   vertex 36615.5273 28428.5664 34268.5195
   vertex 36460.9766 28444.2031 34336.6484
   vertex 36399.6328 28321.3652 34338.0625
  endloop
 endfacet
facet normal 0.367119253 -0.1431133 0.919098496
  outer loop
   vertex 36615.5273 28428.5664 34268.5195
   vertex 36399.6328 28321.3652 34338.0625
   vertex 36483.5391 28266.5156 34296.0078
  endloop
 endfacet
facet normal 0.265279174 -0.0528444499 0.962722421
  outer loop
   vertex 36754.6133 28625.6348 34241.0117
   vertex 36639.0781 28661.5469 34274.8164
   vertex 36615.5273 28428.5664 34268.5195
  endloop
 endfacet
facet normal 0.494186372 -0.626502752 0.602722228
  outer loop
   vertex 36673.9219 28288.4004 34171.5859
   vertex 36759.8125 28331.4277 34145.8867
   vertex 36732.7734 28369.6328 34207.7695
  endloop
 endfacet
facet normal 0.680022061 -0.452783346 0.57667774
  outer loop
   vertex 36759.8125 28331.4277 34145.8867
   vertex 36806.625 28399.541 34144.1641
   vertex 36732.7734 28369.6328 34207.7695
  endloop
 endfacet
facet normal 0.686882973 -0.384344339 0.616823494
  outer loop
   vertex 36759.9688 28429.9844 34215.0898
   vertex 36732.7734 28369.6328 34207.7695
   vertex 36806.625 28399.541 34144.1641
  endloop
 endfacet
facet normal 0.0749401301 -0.0345168337 0.996590495
  outer loop
   vertex 36639.0781 28661.5469 34274.8164
   vertex 36430.7344 28587.9453 34287.9336
   vertex 36615.5273 28428.5664 34268.5195
  endloop
 endfacet
facet normal 0.750869572 -0.297296554 0.589753926
  outer loop
   vertex 36897.1992 28461.5 34048.6055
   vertex 36985.6602 28596.0684 34003.8164
   vertex 36840.5469 28543.4258 34162.0312
  endloop
 endfacet
facet normal 0.778901994 -0.254792511 0.573055387
  outer loop
   vertex 36806.625 28399.541 34144.1641
   vertex 36897.1992 28461.5 34048.6055
   vertex 36840.5469 28543.4258 34162.0312
  endloop
 endfacet
facet normal 0.754797578 -0.253096431 0.605163515
  outer loop
   vertex 36759.9688 28429.9844 34215.0898
   vertex 36806.625 28399.541 34144.1641
   vertex 36840.5469 28543.4258 34162.0312
  endloop
 endfacet
facet normal 0.137277663 -0.649864197 0.747550249
  outer loop
   vertex 46233.2539 28041.6191 28404.5762
   vertex 46423.6719 28166.4043 28478.0859
   vertex 46164.3789 28175.377 28533.502
  endloop
 endfacet
facet normal 0.154114917 -0.325129211 0.933027089
  outer loop
   vertex 46164.3789 28175.377 28533.502
   vertex 46248.4297 28324.8535 28571.707
   vertex 45925.9219 28261.6211 28602.9434
  endloop
 endfacet
facet normal 0.102517091 -0.0317311101 0.994225025
  outer loop
   vertex 45925.9219 28261.6211 28602.9434
   vertex 46248.4297 28324.8535 28571.707
   vertex 45923.5273 28432.6973 28608.6504
  endloop
 endfacet
facet normal 0.568790197 -0.700687349 0.430714488
  outer loop
   vertex 43375.1445 28623.416 29577.2383
   vertex 43281.7383 28495.6445 29492.7285
   vertex 43339.2578 28479.1582 29389.9492
  endloop
 endfacet
facet normal 0.196947888 -0.794601023 0.57430023
  outer loop
   vertex 43513.8008 28571.3887 29457.7031
   vertex 43375.1445 28623.416 29577.2383
   vertex 43339.2578 28479.1582 29389.9492
  endloop
 endfacet
facet normal -0.0321904048 -0.999462545 0.00619928073
  outer loop
   vertex 42548.0742 28575.3027 29776.6289
   vertex 42394.7383 28579.5566 29666.2266
   vertex 42595.8984 28572.9238 29641.3242
  endloop
 endfacet
facet normal 0.0537646301 -0.97677964 0.207390696
  outer loop
   vertex 42390.3945 28585.8809 29867.3262
   vertex 42548.0742 28575.3027 29776.6289
   vertex 42521.7812 28595.7969 29879.9707
  endloop
 endfacet
facet normal 0.0779990256 0.422628492 -0.902940392
  outer loop
   vertex 42257.7891 28864.8438 29517.8555
   vertex 42355.5664 28735.2266 29465.6328
   vertex 42272.6016 28766.1055 29472.9199
  endloop
 endfacet
facet normal 0.39711234 -0.846772552 0.353946358
  outer loop
   vertex 42053.9375 28646.1914 30180.3848
   vertex 41895.4727 28605.8125 30261.5723
   vertex 41931.4258 28553.8789 30096.9902
  endloop
 endfacet
facet normal -0.685792804 -0.47519505 -0.551251173
  outer loop
   vertex 42814.5195 28595.7676 29184.0605
   vertex 42883.7891 28610.041 29085.582
   vertex 42886.7617 28523.252 29156.6992
  endloop
 endfacet
facet normal -0.240152791 -0.955016315 0.1739842
  outer loop
   vertex 43008.1406 28470.4551 29284.7051
   vertex 42883.6758 28537.916 29483.2012
   vertex 42895.2266 28497.7754 29278.8047
  endloop
 endfacet
facet normal 0.280149877 -0.678324878 0.679257989
  outer loop
   vertex 43375.1445 28623.416 29577.2383
   vertex 43212.8125 28654.3379 29675.0684
   vertex 43163.7539 28554.748 29595.8477
  endloop
 endfacet
facet normal 0.275106281 -0.656546593 0.702326953
  outer loop
   vertex 43236.3945 28510.207 29525.7578
   vertex 43375.1445 28623.416 29577.2383
   vertex 43163.7539 28554.748 29595.8477
  endloop
 endfacet
facet normal 0.407184124 -0.558604479 0.722607851
  outer loop
   vertex 42642.1328 28824.4941 30032.2793
   vertex 42521.707 28680.3711 29988.7266
   vertex 42717.3125 28733.252 29919.3848
  endloop
 endfacet
facet normal 0.130653769 -0.94710654 0.293119073
  outer loop
   vertex 43060.4531 28533.8574 29574.3945
   vertex 43163.7539 28554.748 29595.8477
   vertex 43084.9648 28553.8672 29628.125
  endloop
 endfacet
facet normal 0.392284244 -0.773818493 0.497310787
  outer loop
   vertex 43827.1914 28604.2656 29282.8066
   vertex 43681.8242 28601.0586 29392.4844
   vertex 43701.9141 28480.2637 29188.6777
  endloop
 endfacet
facet normal 0.434928149 -0.708512127 0.555741012
  outer loop
   vertex 43790.7773 28665.9277 29389.9141
   vertex 43681.8242 28601.0586 29392.4844
   vertex 43827.1914 28604.2656 29282.8066
  endloop
 endfacet
facet normal 0.266768098 -0.784980059 0.559143186
  outer loop
   vertex 43941.1055 28399.6387 28932.9023
   vertex 43907.3711 28494.082 29081.5879
   vertex 43859.6016 28417.2363 28996.4922
  endloop
 endfacet
facet normal 0.227199197 -0.597405255 0.769082248
  outer loop
   vertex 44418.4531 28451.7051 28850.1602
   vertex 44193.6719 28618.082 29045.8008
   vertex 44125.6289 28453.9414 28938.4023
  endloop
 endfacet
facet normal 0.361405432 -0.704810977 0.610432327
  outer loop
   vertex 43513.8008 28571.3887 29457.7031
   vertex 43681.8242 28601.0586 29392.4844
   vertex 43628.1523 28704.3418 29543.5117
  endloop
 endfacet
facet normal -0.998933494 -0.0444456227 -0.0125086429
  outer loop
   vertex 42886.7617 28523.252 29156.6992
   vertex 42883.7891 28610.041 29085.582
   vertex 42886.9414 28535.457 29099.0176
  endloop
 endfacet
facet normal -0.0641726255 -0.901299953 -0.428416014
  outer loop
   vertex 44155.0078 28243.5059 28465.8789
   vertex 44312.2188 28237.0547 28455.9023
   vertex 44174.3828 28232.9766 28485.1289
  endloop
 endfacet
facet normal 0.211779162 0.965673208 -0.150415599
  outer loop
   vertex 45322.0703 28707.4297 28301.7051
   vertex 45320.207 28713.2656 28336.543
   vertex 45387.5312 28693.8555 28306.7168
  endloop
 endfacet
facet normal -0.0207855608 -0.950527012 0.309945792
  outer loop
   vertex 44099.8164 28271.8184 28548.2656
   vertex 44312.2188 28237.0547 28455.9023
   vertex 44178.7344 28330.4785 28733.457
  endloop
 endfacet
facet normal -0.493846774 -0.174328387 -0.851894915
  outer loop
   vertex 42886.9414 28535.457 29099.0176
   vertex 42883.7891 28610.041 29085.582
   vertex 42922.9453 28522.4082 29080.8145
  endloop
 endfacet
facet normal 0.221784368 -0.808775902 0.544695556
  outer loop
   vertex 43941.1055 28399.6387 28932.9023
   vertex 44178.7344 28330.4785 28733.457
   vertex 44125.6289 28453.9414 28938.4023
  endloop
 endfacet
facet normal 0.253666699 -0.886013627 0.388114691
  outer loop
   vertex 43516.4102 28430.1895 29195.6074
   vertex 43611.1641 28417.2246 29104.0801
   vertex 43701.9141 28480.2637 29188.6777
  endloop
 endfacet
facet normal 0.489361286 -0.60378176 0.629263937
  outer loop
   vertex 43749.0703 28721.0742 29465.5312
   vertex 43718.0586 28762.7559 29529.6426
   vertex 43628.1523 28704.3418 29543.5117
  endloop
 endfacet
facet normal 0.478335947 -0.636361122 0.605176985
  outer loop
   vertex 43749.0703 28721.0742 29465.5312
   vertex 43628.1523 28704.3418 29543.5117
   vertex 43681.8242 28601.0586 29392.4844
  endloop
 endfacet
facet normal 0.303697616 -0.855757475 0.418863863
  outer loop
   vertex 43244.3906 28465.4609 29458.1406
   vertex 43281.7383 28495.6445 29492.7285
   vertex 43223.8203 28471.3984 29485.1875
  endloop
 endfacet
facet normal -0.688697875 0.0638692528 -0.722229898
  outer loop
   vertex 43275.2656 28544.7988 28696.4668
   vertex 43223.4766 28590.6484 28749.9043
   vertex 43345.7031 28583.3828 28632.7109
  endloop
 endfacet
facet normal -0.281309098 -0.950297952 0.133412883
  outer loop
   vertex 43552.293 28395.1289 28688.0449
   vertex 43619.457 28383.707 28748.3027
   vertex 43446.6758 28432.4785 28731.3965
  endloop
 endfacet
facet normal -0.385887265 -0.812562943 -0.436843812
  outer loop
   vertex 43823.0469 28420.5215 28418.5801
   vertex 43630.2578 28416.5059 28596.3516
   vertex 43658.7852 28472.0801 28467.7773
  endloop
 endfacet
facet normal 0.653896689 0.178908214 0.735126495
  outer loop
   vertex 44260.7422 28973.2461 29040.4668
   vertex 44152.3203 28923.9062 29148.9141
   vertex 44294.5352 28816.0762 29048.6562
  endloop
 endfacet
facet normal -0.0698614642 -0.816751659 -0.57274431
  outer loop
   vertex 44089.2734 28297.498 28396.9043
   vertex 44312.2188 28237.0547 28455.9023
   vertex 44155.0078 28243.5059 28465.8789
  endloop
 endfacet
facet normal -0.280269772 -0.956662416 0.0790311694
  outer loop
   vertex 44089.2734 28297.498 28396.9043
   vertex 44210.375 28258.4512 28353.7246
   vertex 44312.2188 28237.0547 28455.9023
  endloop
 endfacet
facet normal -0.583861113 -0.801884353 -0.126837105
  outer loop
   vertex 42791.4688 28570.8711 29294.2949
   vertex 42886.7617 28523.252 29156.6992
   vertex 42895.2266 28497.7754 29278.8047
  endloop
 endfacet
facet normal -0.730393231 -0.617385566 -0.292165786
  outer loop
   vertex 42791.4688 28570.8711 29294.2949
   vertex 42814.5195 28595.7676 29184.0605
   vertex 42886.7617 28523.252 29156.6992
  endloop
 endfacet
facet normal -0.0963917896 -0.882278562 0.460752815
  outer loop
   vertex 43236.3945 28510.207 29525.7578
   vertex 43163.7539 28554.748 29595.8477
   vertex 43146.8711 28480.1855 29449.541
  endloop
 endfacet
facet normal -0.391344815 -0.601382136 0.696554899
  outer loop
   vertex 43223.8203 28471.3984 29485.1875
   vertex 43236.3945 28510.207 29525.7578
   vertex 43146.8711 28480.1855 29449.541
  endloop
 endfacet
facet normal 0.226138413 -0.73796922 0.635816693
  outer loop
   vertex 43236.3945 28510.207 29525.7578
   vertex 43223.8203 28471.3984 29485.1875
   vertex 43281.7383 28495.6445 29492.7285
  endloop
 endfacet
facet normal 0.580772102 0.00911843963 0.81401509
  outer loop
   vertex 44152.3203 28923.9062 29148.9141
   vertex 44069.707 28803.2129 29209.207
   vertex 44294.5352 28816.0762 29048.6562
  endloop
 endfacet
facet normal 0.0976906866 -0.934056401 0.34350425
  outer loop
   vertex 43701.9141 28480.2637 29188.6777
   vertex 43753.6602 28402 28961.1426
   vertex 43786.3438 28452.0625 29087.9824
  endloop
 endfacet
facet normal 0.373695046 -0.860153437 0.347113907
  outer loop
   vertex 43244.3906 28465.4609 29458.1406
   vertex 43339.2578 28479.1582 29389.9492
   vertex 43281.7383 28495.6445 29492.7285
  endloop
 endfacet
facet normal 0.0711859018 -0.97911948 0.19041419
  outer loop
   vertex 43485.2656 28397.8066 29040.7402
   vertex 43516.4102 28430.1895 29195.6074
   vertex 43351.7656 28417.0996 29189.8496
  endloop
 endfacet
facet normal 0.252879322 0.884313941 0.392480403
  outer loop
   vertex 45239.4141 28663.4434 28720.1328
   vertex 45244.4688 28698.1289 28638.7227
   vertex 45171.2148 28676.1953 28735.3418
  endloop
 endfacet
facet normal 0.0534374639 -0.979531288 0.194069386
  outer loop
   vertex 43485.2656 28397.8066 29040.7402
   vertex 43611.1641 28417.2246 29104.0801
   vertex 43516.4102 28430.1895 29195.6074
  endloop
 endfacet
facet normal 0.272285759 -0.883134246 0.382013559
  outer loop
   vertex 43531.0898 28491.5156 29326.918
   vertex 43432.1172 28441.7266 29282.3613
   vertex 43516.4102 28430.1895 29195.6074
  endloop
 endfacet
facet normal 0.212420151 -0.851415932 0.479550391
  outer loop
   vertex 43339.2578 28479.1582 29389.9492
   vertex 43432.1172 28441.7266 29282.3613
   vertex 43531.0898 28491.5156 29326.918
  endloop
 endfacet
facet normal 0.231045291 -0.820330024 0.523141265
  outer loop
   vertex 43847.625 28398.7598 28972.8105
   vertex 43941.1055 28399.6387 28932.9023
   vertex 43859.6016 28417.2363 28996.4922
  endloop
 endfacet
facet normal 0.340802312 -0.781631887 0.522403479
  outer loop
   vertex 43531.0898 28491.5156 29326.918
   vertex 43681.8242 28601.0586 29392.4844
   vertex 43513.8008 28571.3887 29457.7031
  endloop
 endfacet
facet normal 0.253835231 -0.886950314 0.385858595
  outer loop
   vertex 43701.9141 28480.2637 29188.6777
   vertex 43531.0898 28491.5156 29326.918
   vertex 43516.4102 28430.1895 29195.6074
  endloop
 endfacet
facet normal 0.341637164 -0.456542015 0.821494639
  outer loop
   vertex 43084.9648 28553.8672 29628.125
   vertex 43163.7539 28554.748 29595.8477
   vertex 43033.4023 28627.5293 29690.5059
  endloop
 endfacet
facet normal 0.100175485 -0.937607467 0.332952112
  outer loop
   vertex 43033.4023 28627.5293 29690.5059
   vertex 42771.7891 28615.2441 29734.623
   vertex 42883.6758 28537.916 29483.2012
  endloop
 endfacet
facet normal -0.270742476 -0.939109206 -0.211594939
  outer loop
   vertex 42581.7539 28628.2129 29468.7598
   vertex 42883.6758 28537.916 29483.2012
   vertex 42703.6133 28568.2207 29579.0938
  endloop
 endfacet
facet normal -0.285195887 -0.958062291 -0.0279279817
  outer loop
   vertex 42791.4688 28570.8711 29294.2949
   vertex 42883.6758 28537.916 29483.2012
   vertex 42581.7539 28628.2129 29468.7598
  endloop
 endfacet
facet normal 0.10074944 -0.963711321 0.247204378
  outer loop
   vertex 42703.6133 28568.2207 29579.0938
   vertex 42771.7891 28615.2441 29734.623
   vertex 42595.8984 28572.9238 29641.3242
  endloop
 endfacet
facet normal -0.465512067 -0.738686621 0.487483919
  outer loop
   vertex 43084.9648 28553.8672 29628.125
   vertex 43033.4023 28627.5293 29690.5059
   vertex 43060.4531 28533.8574 29574.3945
  endloop
 endfacet
facet normal 0.339839727 -0.729628801 0.59342289
  outer loop
   vertex 42202.7734 28704.084 30166.3301
   vertex 42053.9375 28646.1914 30180.3848
   vertex 42175.4336 28618.4453 30076.6914
  endloop
 endfacet
facet normal 0.301856101 -0.733628273 0.608828723
  outer loop
   vertex 42202.7734 28704.084 30166.3301
   vertex 42175.4336 28618.4453 30076.6914
   vertex 42346.5547 28675.584 30060.7012
  endloop
 endfacet
facet normal 0.190486282 -0.978043854 0.0845289975
  outer loop
   vertex 42771.7891 28615.2441 29734.623
   vertex 42548.0742 28575.3027 29776.6289
   vertex 42595.8984 28572.9238 29641.3242
  endloop
 endfacet
facet normal -0.204634994 -0.936910689 -0.283412933
  outer loop
   vertex 42703.6133 28568.2207 29579.0938
   vertex 42595.8984 28572.9238 29641.3242
   vertex 42581.7539 28628.2129 29468.7598
  endloop
 endfacet
facet normal -0.0495282076 -0.998312294 0.0303241536
  outer loop
   vertex 42390.3945 28585.8809 29867.3262
   vertex 42394.7383 28579.5566 29666.2266
   vertex 42548.0742 28575.3027 29776.6289
  endloop
 endfacet
facet normal -0.238592759 -0.528102577 -0.814973116
  outer loop
   vertex 42343.2852 28648.7129 29525.291
   vertex 42355.5664 28735.2266 29465.6328
   vertex 42581.7539 28628.2129 29468.7598
  endloop
 endfacet
facet normal -0.257521361 -0.523490846 -0.812182307
  outer loop
   vertex 42355.5664 28735.2266 29465.6328
   vertex 42343.2852 28648.7129 29525.291
   vertex 42247.3672 28729.1133 29503.8809
  endloop
 endfacet
facet normal -0.261306465 -0.508450091 -0.820486069
  outer loop
   vertex 42355.5664 28735.2266 29465.6328
   vertex 42247.3672 28729.1133 29503.8809
   vertex 42272.6016 28766.1055 29472.9199
  endloop
 endfacet
facet normal -0.121469505 -0.979605436 0.160057142
  outer loop
   vertex 43146.8711 28480.1855 29449.541
   vertex 43008.1406 28470.4551 29284.7051
   vertex 43193.9297 28437.6914 29225.1758
  endloop
 endfacet
facet normal 0.0613517649 -0.997247994 0.0416219421
  outer loop
   vertex 42221.9258 28570.9414 29757.7051
   vertex 42390.3945 28585.8809 29867.3262
   vertex 42204.3242 28577.2246 29934.1934
  endloop
 endfacet
facet normal -0.136055872 -0.931946635 0.336101562
  outer loop
   vertex 42331.0508 28554.3164 29755.7812
   vertex 42390.3945 28585.8809 29867.3262
   vertex 42221.9258 28570.9414 29757.7051
  endloop
 endfacet
facet normal 0.0880480036 -0.891584694 0.44421193
  outer loop
   vertex 43163.7539 28554.748 29595.8477
   vertex 43060.4531 28533.8574 29574.3945
   vertex 43146.8711 28480.1855 29449.541
  endloop
 endfacet
facet normal 0.413348019 -0.909799159 0.0375357382
  outer loop
   vertex 42390.3945 28585.8809 29867.3262
   vertex 42331.0508 28554.3164 29755.7812
   vertex 42394.7383 28579.5566 29666.2266
  endloop
 endfacet
facet normal -0.303765982 -0.774867535 0.554352403
  outer loop
   vertex 43033.4023 28627.5293 29690.5059
   vertex 42883.6758 28537.916 29483.2012
   vertex 43060.4531 28533.8574 29574.3945
  endloop
 endfacet
facet normal -0.00565510429 -0.956502974 0.291667819
  outer loop
   vertex 42883.6758 28537.916 29483.2012
   vertex 42771.7891 28615.2441 29734.623
   vertex 42703.6133 28568.2207 29579.0938
  endloop
 endfacet
facet normal 0.0514534824 -0.990762115 -0.125471234
  outer loop
   vertex 43024.1211 28496.4785 29085.7695
   vertex 43008.1406 28470.4551 29284.7051
   vertex 42944.8984 28478.2969 29196.8535
  endloop
 endfacet
facet normal -0.0984333828 -0.747465193 0.656967759
  outer loop
   vertex 44771.8945 28115.9082 28526.1484
   vertex 44801.8789 28139.457 28557.4316
   vertex 44743.6328 28140.2559 28549.6133
  endloop
 endfacet
facet normal -0.123034075 -0.987925649 0.0941570476
  outer loop
   vertex 43265.1719 28423.5156 29022.8965
   vertex 43403.0508 28395.2266 28906.2383
   vertex 43485.2656 28397.8066 29040.7402
  endloop
 endfacet
facet normal -0.183574796 -0.960055232 0.211173385
  outer loop
   vertex 42883.6758 28537.916 29483.2012
   vertex 43008.1406 28470.4551 29284.7051
   vertex 43146.8711 28480.1855 29449.541
  endloop
 endfacet
facet normal -0.169973001 -0.942567527 0.28753376
  outer loop
   vertex 42883.6758 28537.916 29483.2012
   vertex 43146.8711 28480.1855 29449.541
   vertex 43060.4531 28533.8574 29574.3945
  endloop
 endfacet
facet normal -0.642326057 -0.42506972 -0.637756169
  outer loop
   vertex 42738.2188 28737.5254 29238.3164
   vertex 42581.7539 28628.2129 29468.7598
   vertex 42499.6055 28838.8848 29411.084
  endloop
 endfacet
facet normal -0.370512128 -0.837640882 -0.401345879
  outer loop
   vertex 42886.7617 28523.252 29156.6992
   vertex 43024.1211 28496.4785 29085.7695
   vertex 42944.8984 28478.2969 29196.8535
  endloop
 endfacet
facet normal -0.238512263 -0.967381299 0.085354358
  outer loop
   vertex 42944.8984 28478.2969 29196.8535
   vertex 43008.1406 28470.4551 29284.7051
   vertex 42895.2266 28497.7754 29278.8047
  endloop
 endfacet
facet normal -0.269739419 -0.662409067 -0.698895454
  outer loop
   vertex 43275.2656 28544.7988 28696.4668
   vertex 43345.7031 28583.3828 28632.7109
   vertex 43299.2461 28495.6895 28733.7559
  endloop
 endfacet
facet normal 0.0707645789 -0.977490485 0.198757857
  outer loop
   vertex 43516.4102 28430.1895 29195.6074
   vertex 43432.1172 28441.7266 29282.3613
   vertex 43351.7656 28417.0996 29189.8496
  endloop
 endfacet
facet normal -0.356770784 -0.855696142 -0.374831617
  outer loop
   vertex 43265.1719 28423.5156 29022.8965
   vertex 43024.1211 28496.4785 29085.7695
   vertex 43150.7305 28517.209 28917.9375
  endloop
 endfacet
facet normal -0.530427158 -0.82430315 -0.19791767
  outer loop
   vertex 43320.5039 28434.5371 28786.8125
   vertex 43327.9258 28413.2012 28855.7754
   vertex 43254.1133 28464.3359 28840.6328
  endloop
 endfacet
facet normal -0.117827781 -0.992768705 0.0229557175
  outer loop
   vertex 43485.2656 28397.8066 29040.7402
   vertex 43351.7656 28417.0996 29189.8496
   vertex 43265.1719 28423.5156 29022.8965
  endloop
 endfacet
facet normal -0.506107152 -0.854307413 -0.118382528
  outer loop
   vertex 43193.9297 28437.6914 29225.1758
   vertex 43265.1719 28423.5156 29022.8965
   vertex 43262.9805 28407.5332 29147.625
  endloop
 endfacet
facet normal -0.298641056 -0.953594446 -0.038355805
  outer loop
   vertex 43193.9297 28437.6914 29225.1758
   vertex 43024.1211 28496.4785 29085.7695
   vertex 43265.1719 28423.5156 29022.8965
  endloop
 endfacet
facet normal -0.0590983443 -0.954490125 0.292328566
  outer loop
   vertex 43351.7656 28417.0996 29189.8496
   vertex 43339.2578 28479.1582 29389.9492
   vertex 43193.9297 28437.6914 29225.1758
  endloop
 endfacet
facet normal -0.242077962 -0.964590907 -0.104702584
  outer loop
   vertex 43024.1211 28496.4785 29085.7695
   vertex 42886.7617 28523.252 29156.6992
   vertex 42922.9453 28522.4082 29080.8145
  endloop
 endfacet
facet normal 0.252237082 -0.440248996 -0.861717641
  outer loop
   vertex 43024.1211 28496.4785 29085.7695
   vertex 42956.9727 28506.2129 29061.1426
   vertex 42955.3242 28549.3906 29038.5996
  endloop
 endfacet
facet normal -0.676694274 -0.468103081 -0.568299532
  outer loop
   vertex 43024.1211 28496.4785 29085.7695
   vertex 43039.2227 28677.5508 28918.6406
   vertex 43150.7305 28517.209 28917.9375
  endloop
 endfacet
facet normal -0.0167413615 -0.677397788 -0.735426426
  outer loop
   vertex 43024.1211 28496.4785 29085.7695
   vertex 42955.3242 28549.3906 29038.5996
   vertex 43039.2227 28677.5508 28918.6406
  endloop
 endfacet
facet normal -0.249877021 -0.913847566 0.320068896
  outer loop
   vertex 42956.9727 28506.2129 29061.1426
   vertex 43024.1211 28496.4785 29085.7695
   vertex 42922.9453 28522.4082 29080.8145
  endloop
 endfacet
facet normal -0.703585923 -0.487027347 -0.517466187
  outer loop
   vertex 43150.7305 28517.209 28917.9375
   vertex 43039.2227 28677.5508 28918.6406
   vertex 43223.4766 28590.6484 28749.9043
  endloop
 endfacet
facet normal 0.0558205061 -0.978795052 0.197089493
  outer loop
   vertex 43146.8711 28480.1855 29449.541
   vertex 43193.9297 28437.6914 29225.1758
   vertex 43339.2578 28479.1582 29389.9492
  endloop
 endfacet
facet normal -0.110800512 -0.933281541 -0.341626674
  outer loop
   vertex 43146.8711 28480.1855 29449.541
   vertex 43339.2578 28479.1582 29389.9492
   vertex 43244.3906 28465.4609 29458.1406
  endloop
 endfacet
facet normal -0.156926423 -0.982885242 0.0964917317
  outer loop
   vertex 43146.8711 28480.1855 29449.541
   vertex 43244.3906 28465.4609 29458.1406
   vertex 43223.8203 28471.3984 29485.1875
  endloop
 endfacet
facet normal 0.163749933 -0.978859603 -0.122555643
  outer loop
   vertex 43265.1719 28423.5156 29022.8965
   vertex 43351.7656 28417.0996 29189.8496
   vertex 43262.9805 28407.5332 29147.625
  endloop
 endfacet
facet normal -0.051268328 -0.945354939 0.321986914
  outer loop
   vertex 43193.9297 28437.6914 29225.1758
   vertex 43262.9805 28407.5332 29147.625
   vertex 43351.7656 28417.0996 29189.8496
  endloop
 endfacet
facet normal -0.55809629 -0.819620192 0.129426718
  outer loop
   vertex 42883.6758 28537.916 29483.2012
   vertex 42791.4688 28570.8711 29294.2949
   vertex 42895.2266 28497.7754 29278.8047
  endloop
 endfacet
facet normal -0.546282947 -0.826711357 -0.134622708
  outer loop
   vertex 42944.8984 28478.2969 29196.8535
   vertex 42895.2266 28497.7754 29278.8047
   vertex 42886.7617 28523.252 29156.6992
  endloop
 endfacet
facet normal -0.587810814 -0.442942142 -0.676964283
  outer loop
   vertex 43539.7188 28546 28522.7969
   vertex 43706.6094 28541.25 28380.9941
   vertex 43658.7852 28472.0801 28467.7773
  endloop
 endfacet
facet normal -0.610988379 -0.668256819 -0.424412549
  outer loop
   vertex 43630.2578 28416.5059 28596.3516
   vertex 43539.7188 28546 28522.7969
   vertex 43658.7852 28472.0801 28467.7773
  endloop
 endfacet
facet normal -0.423679054 -0.876725912 -0.227700993
  outer loop
   vertex 44089.2734 28297.498 28396.9043
   vertex 43860.1523 28344.9316 28640.5859
   vertex 43823.0469 28420.5215 28418.5801
  endloop
 endfacet
facet normal -0.236502051 -0.931155622 -0.277517617
  outer loop
   vertex 43630.2578 28416.5059 28596.3516
   vertex 43823.0469 28420.5215 28418.5801
   vertex 43860.1523 28344.9316 28640.5859
  endloop
 endfacet
facet normal -0.466076493 -0.639773488 -0.611115873
  outer loop
   vertex 43857.8008 28528.4355 28279.0996
   vertex 43823.0469 28420.5215 28418.5801
   vertex 43706.6094 28541.25 28380.9941
  endloop
 endfacet
facet normal -0.138091221 -0.950273633 -0.279125035
  outer loop
   vertex 43320.5039 28434.5371 28786.8125
   vertex 43446.6758 28432.4785 28731.3965
   vertex 43327.9258 28413.2012 28855.7754
  endloop
 endfacet
facet normal -0.183068737 -0.976579726 0.113039427
  outer loop
   vertex 43753.6602 28402 28961.1426
   vertex 43860.1523 28344.9316 28640.5859
   vertex 43940.9492 28347.4707 28793.3691
  endloop
 endfacet
facet normal -0.776045203 -0.575266778 -0.258499473
  outer loop
   vertex 43299.2461 28495.6895 28733.7559
   vertex 43223.4766 28590.6484 28749.9043
   vertex 43275.2656 28544.7988 28696.4668
  endloop
 endfacet
facet normal -0.303233296 -0.682434559 -0.665080965
  outer loop
   vertex 43299.2461 28495.6895 28733.7559
   vertex 43446.6758 28432.4785 28731.3965
   vertex 43320.5039 28434.5371 28786.8125
  endloop
 endfacet
facet normal -0.290887684 -0.652341902 -0.699881732
  outer loop
   vertex 43446.6758 28432.4785 28731.3965
   vertex 43299.2461 28495.6895 28733.7559
   vertex 43345.7031 28583.3828 28632.7109
  endloop
 endfacet
facet normal -0.45609206 -0.680349469 -0.573676407
  outer loop
   vertex 43539.7188 28546 28522.7969
   vertex 43446.6758 28432.4785 28731.3965
   vertex 43345.7031 28583.3828 28632.7109
  endloop
 endfacet
facet normal -0.731431484 -0.505860984 -0.457288325
  outer loop
   vertex 43223.4766 28590.6484 28749.9043
   vertex 43299.2461 28495.6895 28733.7559
   vertex 43254.1133 28464.3359 28840.6328
  endloop
 endfacet
facet normal -0.643902123 -0.616704345 -0.452841938
  outer loop
   vertex 43320.5039 28434.5371 28786.8125
   vertex 43254.1133 28464.3359 28840.6328
   vertex 43299.2461 28495.6895 28733.7559
  endloop
 endfacet
facet normal -0.0799331367 -0.970665216 -0.226759255
  outer loop
   vertex 43446.6758 28432.4785 28731.3965
   vertex 43403.0508 28395.2266 28906.2383
   vertex 43327.9258 28413.2012 28855.7754
  endloop
 endfacet
facet normal -0.0985035822 -0.967996418 -0.230824515
  outer loop
   vertex 43446.6758 28432.4785 28731.3965
   vertex 43533.5 28388.4395 28879.0332
   vertex 43403.0508 28395.2266 28906.2383
  endloop
 endfacet
facet normal -0.664020658 -0.53571707 -0.521616518
  outer loop
   vertex 43150.7305 28517.209 28917.9375
   vertex 43223.4766 28590.6484 28749.9043
   vertex 43254.1133 28464.3359 28840.6328
  endloop
 endfacet
facet normal -0.538237989 -0.82879746 -0.152953103
  outer loop
   vertex 43265.1719 28423.5156 29022.8965
   vertex 43150.7305 28517.209 28917.9375
   vertex 43254.1133 28464.3359 28840.6328
  endloop
 endfacet
facet normal -0.541505456 -0.826786101 -0.152304351
  outer loop
   vertex 43327.9258 28413.2012 28855.7754
   vertex 43265.1719 28423.5156 29022.8965
   vertex 43254.1133 28464.3359 28840.6328
  endloop
 endfacet
facet normal -0.218701467 -0.975545764 -0.0219108425
  outer loop
   vertex 43327.9258 28413.2012 28855.7754
   vertex 43403.0508 28395.2266 28906.2383
   vertex 43265.1719 28423.5156 29022.8965
  endloop
 endfacet
facet normal -0.22170493 -0.953962982 -0.201993972
  outer loop
   vertex 44312.2188 28237.0547 28455.9023
   vertex 44271.4648 28291.6445 28242.8184
   vertex 44622.2188 28204.8027 28267.9707
  endloop
 endfacet
facet normal -0.482624769 -0.63040942 -0.607994437
  outer loop
   vertex 44058.3281 28406.0605 28246.8066
   vertex 43823.0469 28420.5215 28418.5801
   vertex 43857.8008 28528.4355 28279.0996
  endloop
 endfacet
facet normal -0.211571664 -0.879847944 0.425564349
  outer loop
   vertex 44783.1797 28133.4629 28475.8691
   vertex 44633.8555 28249.043 28640.5898
   vertex 44312.2188 28237.0547 28455.9023
  endloop
 endfacet
facet normal -0.790658891 -0.480221033 -0.379797667
  outer loop
   vertex 44743.6328 28140.2559 28549.6133
   vertex 44633.8555 28249.043 28640.5898
   vertex 44783.1797 28133.4629 28475.8691
  endloop
 endfacet
facet normal -0.469180405 -0.883035302 -0.0108820638
  outer loop
   vertex 44155.0078 28243.5059 28465.8789
   vertex 44174.3828 28232.9766 28485.1289
   vertex 44099.8164 28271.8184 28548.2656
  endloop
 endfacet
facet normal -0.248603329 -0.961611331 0.116189457
  outer loop
   vertex 44009.375 28311.1074 28679.9219
   vertex 43860.1523 28344.9316 28640.5859
   vertex 44099.8164 28271.8184 28548.2656
  endloop
 endfacet
facet normal -0.336246669 -0.932088912 -0.134715959
  outer loop
   vertex 44099.8164 28271.8184 28548.2656
   vertex 43860.1523 28344.9316 28640.5859
   vertex 44089.2734 28297.498 28396.9043
  endloop
 endfacet
facet normal -0.567349374 -0.817483366 -0.0991745442
  outer loop
   vertex 44099.8164 28271.8184 28548.2656
   vertex 44089.2734 28297.498 28396.9043
   vertex 44155.0078 28243.5059 28465.8789
  endloop
 endfacet
facet normal 0.274172336 -0.88849777 0.367969096
  outer loop
   vertex 43611.1641 28417.2246 29104.0801
   vertex 43753.6602 28402 28961.1426
   vertex 43701.9141 28480.2637 29188.6777
  endloop
 endfacet
facet normal -0.160986647 -0.630195558 0.759563565
  outer loop
   vertex 45532.5508 28197.3184 28647.5742
   vertex 45482.4805 28234.9062 28668.1465
   vertex 45387.3242 28163.7754 28588.9648
  endloop
 endfacet
facet normal -0.762163222 -0.538635969 -0.359135747
  outer loop
   vertex 44743.6328 28140.2559 28549.6133
   vertex 44783.1797 28133.4629 28475.8691
   vertex 44771.8945 28115.9082 28526.1484
  endloop
 endfacet
facet normal 0.159232825 -0.745789766 0.646871328
  outer loop
   vertex 44099.8164 28271.8184 28548.2656
   vertex 44174.3828 28232.9766 28485.1289
   vertex 44312.2188 28237.0547 28455.9023
  endloop
 endfacet
facet normal -0.204643905 -0.963569999 -0.172202647
  outer loop
   vertex 44312.2188 28237.0547 28455.9023
   vertex 44622.2188 28204.8027 28267.9707
   vertex 44783.1797 28133.4629 28475.8691
  endloop
 endfacet
facet normal -0.198455289 -0.9639709 -0.177131653
  outer loop
   vertex 44622.2188 28204.8027 28267.9707
   vertex 45077.1133 28111.5078 28266.0391
   vertex 44783.1797 28133.4629 28475.8691
  endloop
 endfacet
facet normal 0.678057671 -0.72790283 -0.101957299
  outer loop
   vertex 44783.1797 28133.4629 28475.8691
   vertex 44801.8789 28139.457 28557.4316
   vertex 44771.8945 28115.9082 28526.1484
  endloop
 endfacet
facet normal -0.239244163 -0.96280247 0.12559323
  outer loop
   vertex 44896.6055 28113.3027 28537.3828
   vertex 44801.8789 28139.457 28557.4316
   vertex 44783.1797 28133.4629 28475.8691
  endloop
 endfacet
facet normal -0.199453816 0.306538731 -0.930726707
  outer loop
   vertex 44757.5898 28595.0195 28153.7969
   vertex 44659.8281 28518.8203 28149.6504
   vertex 44732.8008 28603.0742 28161.7617
  endloop
 endfacet
facet normal 0.0560338385 -0.964563787 -0.257831186
  outer loop
   vertex 44312.2188 28237.0547 28455.9023
   vertex 44210.375 28258.4512 28353.7246
   vertex 44271.4648 28291.6445 28242.8184
  endloop
 endfacet
facet normal -0.41732648 -0.781506479 -0.463773966
  outer loop
   vertex 44089.2734 28297.498 28396.9043
   vertex 44271.4648 28291.6445 28242.8184
   vertex 44210.375 28258.4512 28353.7246
  endloop
 endfacet
facet normal -0.223950922 -0.947357178 -0.228823915
  outer loop
   vertex 44089.2734 28297.498 28396.9043
   vertex 44124.4922 28317.5352 28279.4785
   vertex 44271.4648 28291.6445 28242.8184
  endloop
 endfacet
facet normal -0.279099047 -0.953837812 -0.110892393
  outer loop
   vertex 44271.4648 28291.6445 28242.8184
   vertex 44397.1992 28261.1113 28189.002
   vertex 44440.8867 28246.7441 28202.6387
  endloop
 endfacet
facet normal -0.238996968 0.491677761 -0.837337136
  outer loop
   vertex 44397.1992 28261.1113 28189.002
   vertex 44271.4648 28291.6445 28242.8184
   vertex 44511.3711 28297.8359 28177.9785
  endloop
 endfacet
facet normal -0.399620175 -0.779906034 -0.481716007
  outer loop
   vertex 43823.0469 28420.5215 28418.5801
   vertex 44058.3281 28406.0605 28246.8066
   vertex 44089.2734 28297.498 28396.9043
  endloop
 endfacet
facet normal -0.291766107 -0.51542753 -0.8057338
  outer loop
   vertex 44271.4648 28291.6445 28242.8184
   vertex 44124.4922 28317.5352 28279.4785
   vertex 44058.3281 28406.0605 28246.8066
  endloop
 endfacet
facet normal -0.698996723 -0.640095055 -0.318875998
  outer loop
   vertex 44089.2734 28297.498 28396.9043
   vertex 44058.3281 28406.0605 28246.8066
   vertex 44124.4922 28317.5352 28279.4785
  endloop
 endfacet
facet normal -0.401776463 -0.874180794 -0.272733688
  outer loop
   vertex 44205.8984 28346.4531 28163.7344
   vertex 44271.4648 28291.6445 28242.8184
   vertex 44179.2812 28355.1328 28175.1309
  endloop
 endfacet
facet normal -0.468242556 -0.866159678 -0.174689159
  outer loop
   vertex 44271.4648 28291.6445 28242.8184
   vertex 44058.3281 28406.0605 28246.8066
   vertex 44179.2812 28355.1328 28175.1309
  endloop
 endfacet
facet normal 0.667591274 -0.160787538 -0.726958871
  outer loop
   vertex 44205.8984 28346.4531 28163.7344
   vertex 44191.9609 28363.1914 28147.2344
   vertex 44230.6953 28422.4805 28169.6914
  endloop
 endfacet
facet normal 0.696234405 -0.172494635 -0.696780622
  outer loop
   vertex 44271.4648 28291.6445 28242.8184
   vertex 44205.8984 28346.4531 28163.7344
   vertex 44230.6953 28422.4805 28169.6914
  endloop
 endfacet
facet normal -0.209233195 -0.525960982 -0.824370384
  outer loop
   vertex 44271.4648 28291.6445 28242.8184
   vertex 44230.6953 28422.4805 28169.6914
   vertex 44511.3711 28297.8359 28177.9785
  endloop
 endfacet
facet normal -0.0209643506 -0.113253579 -0.993344903
  outer loop
   vertex 44230.6953 28422.4805 28169.6914
   vertex 44659.8281 28518.8203 28149.6504
   vertex 44511.3711 28297.8359 28177.9785
  endloop
 endfacet
facet normal -0.0478411317 0.00532140722 -0.998840809
  outer loop
   vertex 44230.6953 28422.4805 28169.6914
   vertex 44264.4336 28624.5098 28169.1523
   vertex 44659.8281 28518.8203 28149.6504
  endloop
 endfacet
facet normal -0.787845433 0.5862239 -0.188788533
  outer loop
   vertex 44230.6953 28422.4805 28169.6914
   vertex 44191.9609 28363.1914 28147.2344
   vertex 44179.2812 28355.1328 28175.1309
  endloop
 endfacet
facet normal -0.134989962 -0.696491957 0.704752922
  outer loop
   vertex 43859.6016 28417.2363 28996.4922
   vertex 43907.3711 28494.082 29081.5879
   vertex 43753.6602 28402 28961.1426
  endloop
 endfacet
facet normal 0.328390121 -0.904420435 0.272366583
  outer loop
   vertex 43786.3438 28452.0625 29087.9824
   vertex 43753.6602 28402 28961.1426
   vertex 43907.3711 28494.082 29081.5879
  endloop
 endfacet
facet normal -0.25631237 -0.954661667 0.151410118
  outer loop
   vertex 44009.375 28311.1074 28679.9219
   vertex 43940.9492 28347.4707 28793.3691
   vertex 43860.1523 28344.9316 28640.5859
  endloop
 endfacet
facet normal 0.0104246363 -0.950380147 0.310916305
  outer loop
   vertex 44178.7344 28330.4785 28733.457
   vertex 43940.9492 28347.4707 28793.3691
   vertex 44009.375 28311.1074 28679.9219
  endloop
 endfacet
facet normal 0.0157329701 -0.955109537 0.295834869
  outer loop
   vertex 44178.7344 28330.4785 28733.457
   vertex 44009.375 28311.1074 28679.9219
   vertex 44099.8164 28271.8184 28548.2656
  endloop
 endfacet
facet normal 0.038515605 -0.99736774 0.0614335909
  outer loop
   vertex 43533.5 28388.4395 28879.0332
   vertex 43619.457 28383.707 28748.3027
   vertex 43753.6602 28402 28961.1426
  endloop
 endfacet
facet normal 0.0358741507 -0.99700886 0.0684569925
  outer loop
   vertex 43533.5 28388.4395 28879.0332
   vertex 43753.6602 28402 28961.1426
   vertex 43485.2656 28397.8066 29040.7402
  endloop
 endfacet
facet normal 0.0658963323 -0.983165801 0.170419216
  outer loop
   vertex 43611.1641 28417.2246 29104.0801
   vertex 43485.2656 28397.8066 29040.7402
   vertex 43753.6602 28402 28961.1426
  endloop
 endfacet
facet normal 0.0409179032 -0.935907841 0.34986034
  outer loop
   vertex 43941.1055 28399.6387 28932.9023
   vertex 43753.6602 28402 28961.1426
   vertex 43940.9492 28347.4707 28793.3691
  endloop
 endfacet
facet normal -0.0245083328 -0.996545792 -0.0793458819
  outer loop
   vertex 43941.1055 28399.6387 28932.9023
   vertex 43847.625 28398.7598 28972.8105
   vertex 43753.6602 28402 28961.1426
  endloop
 endfacet
facet normal -0.106131755 -0.757243752 0.644451618
  outer loop
   vertex 43859.6016 28417.2363 28996.4922
   vertex 43753.6602 28402 28961.1426
   vertex 43847.625 28398.7598 28972.8105
  endloop
 endfacet
facet normal 0.0212891549 -0.936472893 0.350093186
  outer loop
   vertex 43941.1055 28399.6387 28932.9023
   vertex 43940.9492 28347.4707 28793.3691
   vertex 44178.7344 28330.4785 28733.457
  endloop
 endfacet
facet normal 0.156125396 -0.827668726 0.539063394
  outer loop
   vertex 44418.4531 28451.7051 28850.1602
   vertex 44125.6289 28453.9414 28938.4023
   vertex 44178.7344 28330.4785 28733.457
  endloop
 endfacet
facet normal 0.132574037 -0.494320065 0.859111071
  outer loop
   vertex 44418.4531 28451.7051 28850.1602
   vertex 44655.3945 28396.7637 28781.9844
   vertex 44602.375 28494.3242 28846.2988
  endloop
 endfacet
facet normal -0.00383357378 -0.691168487 0.722683489
  outer loop
   vertex 44655.3945 28396.7637 28781.9844
   vertex 44633.8555 28249.043 28640.5898
   vertex 44842.3438 28332.123 28721.1523
  endloop
 endfacet
facet normal -0.0302583613 -0.67483288 0.737350047
  outer loop
   vertex 44801.8789 28139.457 28557.4316
   vertex 44896.6055 28113.3027 28537.3828
   vertex 44999.5195 28190.5527 28612.3047
  endloop
 endfacet
facet normal -0.0444442704 -0.646250784 0.761829793
  outer loop
   vertex 44633.8555 28249.043 28640.5898
   vertex 44801.8789 28139.457 28557.4316
   vertex 44999.5195 28190.5527 28612.3047
  endloop
 endfacet
facet normal -0.0370435603 -0.669870317 0.741553426
  outer loop
   vertex 44896.6055 28113.3027 28537.3828
   vertex 44976.0586 28105.6543 28534.4434
   vertex 44999.5195 28190.5527 28612.3047
  endloop
 endfacet
facet normal -0.0426477864 -0.638297379 0.768607616
  outer loop
   vertex 44633.8555 28249.043 28640.5898
   vertex 44999.5195 28190.5527 28612.3047
   vertex 44842.3438 28332.123 28721.1523
  endloop
 endfacet
facet normal -0.0146844005 -0.769378483 0.63862437
  outer loop
   vertex 45237.8477 28246.8926 28685.6602
   vertex 44999.5195 28190.5527 28612.3047
   vertex 45387.3242 28163.7754 28588.9648
  endloop
 endfacet
facet normal 0.165983021 -0.0666482076 0.983873785
  outer loop
   vertex 46248.4297 28324.8535 28571.707
   vertex 46528.9609 28296.373 28522.4512
   vertex 46479.8164 28437.3477 28540.291
  endloop
 endfacet
facet normal -0.22525163 0.265625477 -0.937392533
  outer loop
   vertex 45961.3984 28191.7305 27907.0762
   vertex 45786.9453 28247.7129 27964.8613
   vertex 46034.4609 28255.0898 27907.4746
  endloop
 endfacet
facet normal 0.143485263 -0.655655742 0.741301239
  outer loop
   vertex 46233.2539 28041.6191 28404.5762
   vertex 46558.8945 28007.041 28310.9629
   vertex 46423.6719 28166.4043 28478.0859
  endloop
 endfacet
facet normal 0.291922867 0.192679301 0.936832845
  outer loop
   vertex 45283.4453 28255.8164 28713.1348
   vertex 45339.1484 28265.7285 28693.7383
   vertex 45254.8867 28279.4121 28717.1797
  endloop
 endfacet
facet normal 0.121333964 -0.966020465 0.228215948
  outer loop
   vertex 45080.3984 28105.6543 28478.9668
   vertex 44976.0586 28105.6543 28534.4434
   vertex 44931.9766 28093.3379 28505.7422
  endloop
 endfacet
facet normal -0.126306966 -0.953636765 0.273172915
  outer loop
   vertex 45798.1953 28005.8281 28250.6543
   vertex 45974.9141 28019.3203 28379.4629
   vertex 45701.3633 28078.3789 28459.1523
  endloop
 endfacet
facet normal -0.394917369 -0.524298131 0.754421473
  outer loop
   vertex 45136.7773 28376.9395 28723.1328
   vertex 45237.8477 28246.8926 28685.6602
   vertex 45254.8867 28279.4121 28717.1797
  endloop
 endfacet
facet normal -0.181868032 -0.400154263 0.898220778
  outer loop
   vertex 45136.7773 28376.9395 28723.1328
   vertex 44999.5195 28190.5527 28612.3047
   vertex 45237.8477 28246.8926 28685.6602
  endloop
 endfacet
facet normal -0.298351616 -0.921655416 0.248067766
  outer loop
   vertex 44931.9766 28093.3379 28505.7422
   vertex 44896.6055 28113.3027 28537.3828
   vertex 44783.1797 28133.4629 28475.8691
  endloop
 endfacet
facet normal -0.369406492 -0.654108405 -0.660061419
  outer loop
   vertex 45031.5273 28483.2812 28118.0918
   vertex 44854.1836 28565.4805 28135.8848
   vertex 44945.625 28536.9375 28112.9941
  endloop
 endfacet
facet normal 0.0663677081 0.661710382 -0.746816337
  outer loop
   vertex 44939.9023 28574.6074 28139.4922
   vertex 44776.5352 28699.0645 28235.248
   vertex 45073.9414 28595.9883 28170.3477
  endloop
 endfacet
facet normal 0.191173866 0.287157416 -0.938612342
  outer loop
   vertex 45010.6836 28233.1484 28137.2383
   vertex 45195.5117 28115.4121 28138.8633
   vertex 45092.125 28134.1074 28123.5254
  endloop
 endfacet
facet normal -0.0897680894 -0.0670761764 -0.993701398
  outer loop
   vertex 44511.3711 28297.8359 28177.9785
   vertex 44659.8281 28518.8203 28149.6504
   vertex 45010.6836 28233.1484 28137.2383
  endloop
 endfacet
facet normal -0.150459349 -0.774096489 -0.614928126
  outer loop
   vertex 44511.3711 28297.8359 28177.9785
   vertex 45010.6836 28233.1484 28137.2383
   vertex 44622.2188 28204.8027 28267.9707
  endloop
 endfacet
facet normal 0.149633974 -0.58952564 -0.793769002
  outer loop
   vertex 44511.3711 28297.8359 28177.9785
   vertex 44622.2188 28204.8027 28267.9707
   vertex 44440.8867 28246.7441 28202.6387
  endloop
 endfacet
facet normal -0.207699478 -0.338719755 -0.91767633
  outer loop
   vertex 45195.5117 28115.4121 28138.8633
   vertex 45010.6836 28233.1484 28137.2383
   vertex 45480.1055 28150.3809 28061.5449
  endloop
 endfacet
facet normal 0.0889960304 -0.529836178 -0.843417645
  outer loop
   vertex 44397.1992 28261.1113 28189.002
   vertex 44511.3711 28297.8359 28177.9785
   vertex 44440.8867 28246.7441 28202.6387
  endloop
 endfacet
facet normal -0.263886005 -0.118910201 -0.957196176
  outer loop
   vertex 45786.9453 28247.7129 27964.8613
   vertex 45775.1211 28120.8398 27983.8809
   vertex 45480.1055 28150.3809 28061.5449
  endloop
 endfacet
facet normal -0.117959082 -0.971175671 -0.207131624
  outer loop
   vertex 45775.5898 28047.832 28066.5879
   vertex 45798.1953 28005.8281 28250.6543
   vertex 45453.5781 28062.248 28182.377
  endloop
 endfacet
facet normal -0.16803658 -0.9680444 -0.186155275
  outer loop
   vertex 45077.1133 28111.5078 28266.0391
   vertex 45195.5117 28115.4121 28138.8633
   vertex 45453.5781 28062.248 28182.377
  endloop
 endfacet
facet normal -0.407713294 -0.714010477 -0.569173932
  outer loop
   vertex 46073.3359 28103.2676 27917.1328
   vertex 46274.3477 27960.0137 27952.8516
   vertex 46093.3789 27961.6543 28080.4258
  endloop
 endfacet
facet normal -0.339251727 -0.646429479 -0.683401167
  outer loop
   vertex 46274.3477 27960.0137 27952.8516
   vertex 46073.3359 28103.2676 27917.1328
   vertex 46408.6328 28013.2754 27835.8105
  endloop
 endfacet
facet normal -0.223696202 -0.124083839 -0.966728091
  outer loop
   vertex 45786.9453 28247.7129 27964.8613
   vertex 46073.3359 28103.2676 27917.1328
   vertex 45775.1211 28120.8398 27983.8809
  endloop
 endfacet
facet normal -0.41853866 -0.606445849 -0.676053822
  outer loop
   vertex 45786.9453 28247.7129 27964.8613
   vertex 45961.3984 28191.7305 27907.0762
   vertex 46073.3359 28103.2676 27917.1328
  endloop
 endfacet
facet normal -0.239287153 -0.12253917 -0.963185251
  outer loop
   vertex 46034.4609 28255.0898 27907.4746
   vertex 46331.168 28252 27834.1562
   vertex 46073.3359 28103.2676 27917.1328
  endloop
 endfacet
facet normal 0.0494691432 -0.0507837385 -0.99748373
  outer loop
   vertex 45961.3984 28191.7305 27907.0762
   vertex 46034.4609 28255.0898 27907.4746
   vertex 46073.3359 28103.2676 27917.1328
  endloop
 endfacet
facet normal -0.389586747 0.170418233 -0.905085504
  outer loop
   vertex 46331.168 28252 27834.1562
   vertex 46324.2969 28113.1582 27810.9707
   vertex 46073.3359 28103.2676 27917.1328
  endloop
 endfacet
facet normal -0.124943554 -0.943277538 -0.307598084
  outer loop
   vertex 45092.125 28134.1074 28123.5254
   vertex 45195.5117 28115.4121 28138.8633
   vertex 45088.3398 28125.8789 28150.2949
  endloop
 endfacet
facet normal -0.188742086 -0.736752331 -0.649286091
  outer loop
   vertex 46073.3359 28103.2676 27917.1328
   vertex 45775.5898 28047.832 28066.5879
   vertex 45775.1211 28120.8398 27983.8809
  endloop
 endfacet
facet normal -0.326121807 -0.478156537 -0.81548202
  outer loop
   vertex 46073.3359 28103.2676 27917.1328
   vertex 46324.2969 28113.1582 27810.9707
   vertex 46408.6328 28013.2754 27835.8105
  endloop
 endfacet
facet normal -0.246737331 -0.743574977 -0.621463537
  outer loop
   vertex 46451.1523 27923.2461 27926.6465
   vertex 46274.3477 27960.0137 27952.8516
   vertex 46408.6328 28013.2754 27835.8105
  endloop
 endfacet
facet normal -0.178376317 -0.847479999 -0.499959528
  outer loop
   vertex 46093.3789 27961.6543 28080.4258
   vertex 46357.7656 27908.1855 28076.7305
   vertex 46208.918 27911.2168 28124.6992
  endloop
 endfacet
facet normal -0.176989511 -0.754198909 -0.632343829
  outer loop
   vertex 46073.3359 28103.2676 27917.1328
   vertex 46093.3789 27961.6543 28080.4258
   vertex 45775.5898 28047.832 28066.5879
  endloop
 endfacet
facet normal -0.241754323 -0.728136897 -0.641382515
  outer loop
   vertex 45480.1055 28150.3809 28061.5449
   vertex 45775.1211 28120.8398 27983.8809
   vertex 45775.5898 28047.832 28066.5879
  endloop
 endfacet
facet normal -0.110393412 -0.984947741 -0.133008286
  outer loop
   vertex 45195.5117 28115.4121 28138.8633
   vertex 45077.1133 28111.5078 28266.0391
   vertex 45088.3398 28125.8789 28150.2949
  endloop
 endfacet
facet normal 0.108110182 -0.660499513 0.743002415
  outer loop
   vertex 46164.3789 28175.377 28533.502
   vertex 45949.9414 28116.4863 28512.3535
   vertex 46233.2539 28041.6191 28404.5762
  endloop
 endfacet
facet normal -0.128145352 -0.991728544 0.00729505252
  outer loop
   vertex 45415.5664 28068.541 28370.1191
   vertex 45077.1133 28111.5078 28266.0391
   vertex 45453.5781 28062.248 28182.377
  endloop
 endfacet
facet normal -0.249587506 -0.950282514 -0.186196774
  outer loop
   vertex 45775.5898 28047.832 28066.5879
   vertex 46093.3789 27961.6543 28080.4258
   vertex 45798.1953 28005.8281 28250.6543
  endloop
 endfacet
facet normal -0.161632448 -0.986850977 0.000351558934
  outer loop
   vertex 45798.1953 28005.8281 28250.6543
   vertex 45415.5664 28068.541 28370.1191
   vertex 45453.5781 28062.248 28182.377
  endloop
 endfacet
facet normal -0.118188687 -0.992664516 -0.0254686512
  outer loop
   vertex 45077.1133 28111.5078 28266.0391
   vertex 45415.5664 28068.541 28370.1191
   vertex 45080.3984 28105.6543 28478.9668
  endloop
 endfacet
facet normal -0.0666097552 -0.875747085 0.478152871
  outer loop
   vertex 44976.0586 28105.6543 28534.4434
   vertex 44896.6055 28113.3027 28537.3828
   vertex 44931.9766 28093.3379 28505.7422
  endloop
 endfacet
facet normal -0.0271224845 -0.850589037 0.525131047
  outer loop
   vertex 45080.3984 28105.6543 28478.9668
   vertex 45387.3242 28163.7754 28588.9648
   vertex 44999.5195 28190.5527 28612.3047
  endloop
 endfacet
facet normal 0.342138618 -0.684724927 0.643500507
  outer loop
   vertex 45080.3984 28105.6543 28478.9668
   vertex 44999.5195 28190.5527 28612.3047
   vertex 44976.0586 28105.6543 28534.4434
  endloop
 endfacet
facet normal -0.0614859536 -0.732637763 -0.677835822
  outer loop
   vertex 44783.1797 28133.4629 28475.8691
   vertex 45080.3984 28105.6543 28478.9668
   vertex 44931.9766 28093.3379 28505.7422
  endloop
 endfacet
facet normal -0.0928616747 -0.995341241 -0.0259328615
  outer loop
   vertex 44783.1797 28133.4629 28475.8691
   vertex 45077.1133 28111.5078 28266.0391
   vertex 45080.3984 28105.6543 28478.9668
  endloop
 endfacet
facet normal 0.0705331564 -0.93102926 0.358063638
  outer loop
   vertex 45665.7227 28191.7656 28606.9023
   vertex 45532.5508 28197.3184 28647.5742
   vertex 45387.3242 28163.7754 28588.9648
  endloop
 endfacet
facet normal 0.0396466888 -0.788050473 0.614332616
  outer loop
   vertex 45701.3633 28078.3789 28459.1523
   vertex 45665.7227 28191.7656 28606.9023
   vertex 45387.3242 28163.7754 28588.9648
  endloop
 endfacet
facet normal -0.0892072618 -0.917443514 0.38773632
  outer loop
   vertex 45415.5664 28068.541 28370.1191
   vertex 45701.3633 28078.3789 28459.1523
   vertex 45387.3242 28163.7754 28588.9648
  endloop
 endfacet
facet normal 0.029224176 -0.915161967 0.402025551
  outer loop
   vertex 45080.3984 28105.6543 28478.9668
   vertex 45415.5664 28068.541 28370.1191
   vertex 45387.3242 28163.7754 28588.9648
  endloop
 endfacet
facet normal 0.148714781 -0.505784154 0.849744856
  outer loop
   vertex 45949.9414 28116.4863 28512.3535
   vertex 45925.9219 28261.6211 28602.9434
   vertex 45665.7227 28191.7656 28606.9023
  endloop
 endfacet
facet normal 0.0592647046 -0.521493316 0.85119468
  outer loop
   vertex 45925.9219 28261.6211 28602.9434
   vertex 45949.9414 28116.4863 28512.3535
   vertex 46164.3789 28175.377 28533.502
  endloop
 endfacet
facet normal -0.134574488 -0.949314475 0.284062833
  outer loop
   vertex 45974.9141 28019.3203 28379.4629
   vertex 45798.1953 28005.8281 28250.6543
   vertex 46179.1875 27945.8887 28230.832
  endloop
 endfacet
facet normal -0.00247221231 -0.807454109 0.58992523
  outer loop
   vertex 45974.9141 28019.3203 28379.4629
   vertex 45949.9414 28116.4863 28512.3535
   vertex 45701.3633 28078.3789 28459.1523
  endloop
 endfacet
facet normal -0.00826501101 -0.794250667 0.607533991
  outer loop
   vertex 45701.3633 28078.3789 28459.1523
   vertex 45949.9414 28116.4863 28512.3535
   vertex 45665.7227 28191.7656 28606.9023
  endloop
 endfacet
facet normal 0.0120636122 -0.806095064 0.591663063
  outer loop
   vertex 45949.9414 28116.4863 28512.3535
   vertex 45974.9141 28019.3203 28379.4629
   vertex 46233.2539 28041.6191 28404.5762
  endloop
 endfacet
facet normal -0.136854053 -0.848992109 0.510375738
  outer loop
   vertex 46349.1484 27959.7012 28299.3848
   vertex 46233.2539 28041.6191 28404.5762
   vertex 46179.1875 27945.8887 28230.832
  endloop
 endfacet
facet normal -0.194729194 -0.944638491 -0.264080703
  outer loop
   vertex 46357.7656 27908.1855 28076.7305
   vertex 46093.3789 27961.6543 28080.4258
   vertex 46274.3477 27960.0137 27952.8516
  endloop
 endfacet
facet normal 0.0297013428 -0.879339397 0.475268394
  outer loop
   vertex 46233.2539 28041.6191 28404.5762
   vertex 45974.9141 28019.3203 28379.4629
   vertex 46179.1875 27945.8887 28230.832
  endloop
 endfacet
facet normal -0.0621631369 -0.937282979 0.342981577
  outer loop
   vertex 46412.5586 27925.0098 28216.0742
   vertex 46349.1484 27959.7012 28299.3848
   vertex 46179.1875 27945.8887 28230.832
  endloop
 endfacet
facet normal -0.156132996 -0.987630308 -0.0144526279
  outer loop
   vertex 45798.1953 28005.8281 28250.6543
   vertex 46093.3789 27961.6543 28080.4258
   vertex 46179.1875 27945.8887 28230.832
  endloop
 endfacet
facet normal -0.446381599 -0.879978836 0.162421584
  outer loop
   vertex 46179.1875 27945.8887 28230.832
   vertex 46093.3789 27961.6543 28080.4258
   vertex 46208.918 27911.2168 28124.6992
  endloop
 endfacet
facet normal -0.238432288 -0.419178456 -0.876036227
  outer loop
   vertex 46324.2969 28113.1582 27810.9707
   vertex 46501.4336 28133.9961 27752.7871
   vertex 46408.6328 28013.2754 27835.8105
  endloop
 endfacet
facet normal -0.0786912292 -0.985559821 0.14993161
  outer loop
   vertex 46412.5586 27925.0098 28216.0742
   vertex 46179.1875 27945.8887 28230.832
   vertex 46357.7656 27908.1855 28076.7305
  endloop
 endfacet
facet normal 0.0876929462 -0.939390302 0.331445068
  outer loop
   vertex 46208.918 27911.2168 28124.6992
   vertex 46357.7656 27908.1855 28076.7305
   vertex 46179.1875 27945.8887 28230.832
  endloop
 endfacet
facet normal -0.0186044965 -0.991722226 0.127046958
  outer loop
   vertex 46607.7383 27912.0117 28143.2012
   vertex 46412.5586 27925.0098 28216.0742
   vertex 46357.7656 27908.1855 28076.7305
  endloop
 endfacet
facet normal -0.019773161 -0.451984465 -0.891806602
  outer loop
   vertex 46821.7852 28118.3457 27725.5352
   vertex 46671.8594 28035.1348 27771.0312
   vertex 46682.1875 28144.1465 27715.5527
  endloop
 endfacet
facet normal 0.137247831 -0.844199836 0.518159866
  outer loop
   vertex 46412.5586 27925.0098 28216.0742
   vertex 46607.7383 27912.0117 28143.2012
   vertex 46558.8945 28007.041 28310.9629
  endloop
 endfacet
facet normal -0.446107179 -0.0268375594 -0.894577086
  outer loop
   vertex 46331.168 28252 27834.1562
   vertex 46504.7461 28229.5938 27748.2676
   vertex 46501.4336 28133.9961 27752.7871
  endloop
 endfacet
facet normal -0.325582772 0.171387985 -0.929850519
  outer loop
   vertex 46331.168 28252 27834.1562
   vertex 46501.4336 28133.9961 27752.7871
   vertex 46324.2969 28113.1582 27810.9707
  endloop
 endfacet
facet normal 0.393740028 -0.860480905 0.323328674
  outer loop
   vertex 46794.793 27929.123 28134.4688
   vertex 46949.8555 27951.6367 28005.5566
   vertex 46923.0781 28027.3691 28239.7129
  endloop
 endfacet
facet normal -0.118255727 -0.698152721 0.706114948
  outer loop
   vertex 47609.957 28058.4434 28278.0293
   vertex 47336.8398 28031.3203 28205.4707
   vertex 47632.7305 27962.9648 28187.4395
  endloop
 endfacet
facet normal -0.0519632623 -0.951912105 0.301932365
  outer loop
   vertex 46923.0781 28027.3691 28239.7129
   vertex 46949.8555 27951.6367 28005.5566
   vertex 47132.9023 27978.5645 28121.957
  endloop
 endfacet
facet normal 0.100727268 -0.949395299 0.297493786
  outer loop
   vertex 46750.1406 27901.873 28062.625
   vertex 46794.793 27929.123 28134.4688
   vertex 46607.7383 27912.0117 28143.2012
  endloop
 endfacet
facet normal 0.211818025 -0.36506775 0.906564176
  outer loop
   vertex 47078.9141 28185.6992 28334.4668
   vertex 46758.8828 28187.5645 28409.9941
   vertex 46928.2617 28127.5684 28346.2578
  endloop
 endfacet
facet normal 0.073438026 -0.564362884 0.822253823
  outer loop
   vertex 47078.9141 28185.6992 28334.4668
   vertex 46923.0781 28027.3691 28239.7129
   vertex 47336.8398 28031.3203 28205.4707
  endloop
 endfacet
facet normal 0.0458446927 -0.891299665 0.451091051
  outer loop
   vertex 47132.9023 27978.5645 28121.957
   vertex 47336.8398 28031.3203 28205.4707
   vertex 46923.0781 28027.3691 28239.7129
  endloop
 endfacet
facet normal 0.111077622 -0.940006673 0.322566688
  outer loop
   vertex 47132.9023 27978.5645 28121.957
   vertex 47306.1992 27967.6895 28030.5898
   vertex 47336.8398 28031.3203 28205.4707
  endloop
 endfacet
facet normal 0.167036787 -0.858600199 0.484669447
  outer loop
   vertex 46349.1484 27959.7012 28299.3848
   vertex 46412.5586 27925.0098 28216.0742
   vertex 46558.8945 28007.041 28310.9629
  endloop
 endfacet
facet normal 0.122788727 -0.712886393 0.690446198
  outer loop
   vertex 46233.2539 28041.6191 28404.5762
   vertex 46349.1484 27959.7012 28299.3848
   vertex 46558.8945 28007.041 28310.9629
  endloop
 endfacet
facet normal -0.0112949628 -0.871452332 0.490350157
  outer loop
   vertex 46607.7383 27912.0117 28143.2012
   vertex 46725.4766 27950.166 28213.7188
   vertex 46558.8945 28007.041 28310.9629
  endloop
 endfacet
facet normal 0.101351783 -0.935969591 0.337177545
  outer loop
   vertex 46607.7383 27912.0117 28143.2012
   vertex 46794.793 27929.123 28134.4688
   vertex 46725.4766 27950.166 28213.7188
  endloop
 endfacet
facet normal 0.176147252 -0.687909126 0.70409745
  outer loop
   vertex 46923.0781 28027.3691 28239.7129
   vertex 46558.8945 28007.041 28310.9629
   vertex 46725.4766 27950.166 28213.7188
  endloop
 endfacet
facet normal 0.0629425347 -0.957322836 -0.28208378
  outer loop
   vertex 47306.1992 27967.6895 28030.5898
   vertex 46949.8555 27951.6367 28005.5566
   vertex 47262.4766 28011.9121 27870.75
  endloop
 endfacet
facet normal 0.0318434127 -0.98361063 0.177471355
  outer loop
   vertex 47306.1992 27967.6895 28030.5898
   vertex 47132.9023 27978.5645 28121.957
   vertex 46949.8555 27951.6367 28005.5566
  endloop
 endfacet
facet normal 0.00723080477 -0.919016659 -0.394152403
  outer loop
   vertex 46957.0273 28040.2207 27799.1426
   vertex 47262.4766 28011.9121 27870.75
   vertex 46949.8555 27951.6367 28005.5566
  endloop
 endfacet
facet normal -0.0571640246 -0.998062313 0.0245744567
  outer loop
   vertex 46607.7383 27912.0117 28143.2012
   vertex 46638.0234 27906.3125 27982.1641
   vertex 46750.1406 27901.873 28062.625
  endloop
 endfacet
facet normal 0.158401266 -0.948860347 -0.273080796
  outer loop
   vertex 46949.8555 27951.6367 28005.5566
   vertex 46750.1406 27901.873 28062.625
   vertex 46638.0234 27906.3125 27982.1641
  endloop
 endfacet
facet normal -0.231497124 -0.943102002 -0.238678992
  outer loop
   vertex 46357.7656 27908.1855 28076.7305
   vertex 46274.3477 27960.0137 27952.8516
   vertex 46451.1523 27923.2461 27926.6465
  endloop
 endfacet
facet normal -0.20535332 -0.741488755 -0.638767958
  outer loop
   vertex 46451.1523 27923.2461 27926.6465
   vertex 46408.6328 28013.2754 27835.8105
   vertex 46584.7422 27945.084 27858.3496
  endloop
 endfacet
facet normal 0.0751056597 -0.730662525 -0.678595185
  outer loop
   vertex 46584.7422 27945.084 27858.3496
   vertex 46671.8594 28035.1348 27771.0312
   vertex 46760.5312 27955.6133 27866.4688
  endloop
 endfacet
facet normal 0.00264150812 -0.953976989 -0.299868226
  outer loop
   vertex 46584.7422 27945.084 27858.3496
   vertex 46638.0234 27906.3125 27982.1641
   vertex 46451.1523 27923.2461 27926.6465
  endloop
 endfacet
facet normal 0.0801105201 -0.727923095 -0.680962801
  outer loop
   vertex 46671.8594 28035.1348 27771.0312
   vertex 46957.0273 28040.2207 27799.1426
   vertex 46760.5312 27955.6133 27866.4688
  endloop
 endfacet
facet normal 0.255836844 -0.89155668 -0.373730093
  outer loop
   vertex 46957.0273 28040.2207 27799.1426
   vertex 46949.8555 27951.6367 28005.5566
   vertex 46760.5312 27955.6133 27866.4688
  endloop
 endfacet
facet normal 0.0892504528 -0.596803904 -0.797407925
  outer loop
   vertex 46957.0273 28040.2207 27799.1426
   vertex 46671.8594 28035.1348 27771.0312
   vertex 46821.7852 28118.3457 27725.5352
  endloop
 endfacet
facet normal 0.123316258 -0.623112798 -0.772349358
  outer loop
   vertex 46957.0273 28040.2207 27799.1426
   vertex 47237.4531 28140.3691 27763.1191
   vertex 47262.4766 28011.9121 27870.75
  endloop
 endfacet
facet normal -0.158030972 -0.435928285 -0.885998189
  outer loop
   vertex 46671.8594 28035.1348 27771.0312
   vertex 46501.4336 28133.9961 27752.7871
   vertex 46682.1875 28144.1465 27715.5527
  endloop
 endfacet
facet normal 0.161605597 -0.513979614 -0.842442036
  outer loop
   vertex 46821.7852 28118.3457 27725.5352
   vertex 46987.5742 28160.5879 27731.5664
   vertex 46957.0273 28040.2207 27799.1426
  endloop
 endfacet
facet normal 0.0683229342 -0.501531959 -0.862437069
  outer loop
   vertex 47237.4531 28140.3691 27763.1191
   vertex 46957.0273 28040.2207 27799.1426
   vertex 46987.5742 28160.5879 27731.5664
  endloop
 endfacet
facet normal 0.0514019094 0.168187588 -0.984413922
  outer loop
   vertex 46817.25 28259.6211 27739.5918
   vertex 47100.9609 28272.666 27756.6348
   vertex 46987.5742 28160.5879 27731.5664
  endloop
 endfacet
facet normal 0.319491357 -0.697995484 0.640880287
  outer loop
   vertex 46923.0781 28027.3691 28239.7129
   vertex 47078.9141 28185.6992 28334.4668
   vertex 46928.2617 28127.5684 28346.2578
  endloop
 endfacet
facet normal 0.183700442 -0.621352911 0.761691988
  outer loop
   vertex 46923.0781 28027.3691 28239.7129
   vertex 46758.8828 28187.5645 28409.9941
   vertex 46558.8945 28007.041 28310.9629
  endloop
 endfacet
facet normal -0.000237794113 -0.728459537 0.685088813
  outer loop
   vertex 46923.0781 28027.3691 28239.7129
   vertex 46928.2617 28127.5684 28346.2578
   vertex 46758.8828 28187.5645 28409.9941
  endloop
 endfacet
facet normal -0.127958208 -0.464854896 0.876091659
  outer loop
   vertex 47778.4492 27986.418 28264.4219
   vertex 47847.0312 28148.9805 28360.6934
   vertex 47609.957 28058.4434 28278.0293
  endloop
 endfacet
facet normal 0.289653689 -0.320179194 0.901990056
  outer loop
   vertex 46758.8828 28187.5645 28409.9941
   vertex 46680 28353.7285 28494.3086
   vertex 46528.9609 28296.373 28522.4512
  endloop
 endfacet
facet normal 0.204531953 -0.460534662 0.863756061
  outer loop
   vertex 46423.6719 28166.4043 28478.0859
   vertex 46758.8828 28187.5645 28409.9941
   vertex 46528.9609 28296.373 28522.4512
  endloop
 endfacet
facet normal 0.361763775 -0.279543817 0.889371812
  outer loop
   vertex 46680 28353.7285 28494.3086
   vertex 46758.8828 28187.5645 28409.9941
   vertex 46886.0469 28356.5586 28411.3848
  endloop
 endfacet
facet normal -0.085516423 0.894948065 -0.437898308
  outer loop
   vertex 46504.8789 28455.8457 27928.7754
   vertex 46765.5195 28444.7227 27855.1465
   vertex 46617.9219 28422.1113 27837.7578
  endloop
 endfacet
facet normal 0.0591039695 -0.580084801 0.812408984
  outer loop
   vertex 47078.9141 28185.6992 28334.4668
   vertex 47336.8398 28031.3203 28205.4707
   vertex 47457.457 28194.3535 28313.1074
  endloop
 endfacet
facet normal 0.35983932 0.535379171 -0.764123559
  outer loop
   vertex 47047.4844 28555.6973 27959.502
   vertex 47148.5391 28519.9336 27982.0312
   vertex 47006.3867 28506.0117 27905.3359
  endloop
 endfacet
facet normal 0.115813814 0.896466553 -0.427708894
  outer loop
   vertex 46871.5859 28539.2578 27938.5156
   vertex 46973.6172 28562.1602 28014.1465
   vertex 47006.3867 28506.0117 27905.3359
  endloop
 endfacet
facet normal 0.185298607 -0.339856297 0.92204237
  outer loop
   vertex 46423.6719 28166.4043 28478.0859
   vertex 46248.4297 28324.8535 28571.707
   vertex 46164.3789 28175.377 28533.502
  endloop
 endfacet
facet normal 0.470983505 0.487387627 0.735273957
  outer loop
   vertex 46833.6758 28524.3555 28333.7051
   vertex 46690.9727 28456.9961 28469.7637
   vertex 46886.0469 28356.5586 28411.3848
  endloop
 endfacet
facet normal 0.2024014 -0.053191524 0.977856994
  outer loop
   vertex 46528.9609 28296.373 28522.4512
   vertex 46680 28353.7285 28494.3086
   vertex 46479.8164 28437.3477 28540.291
  endloop
 endfacet
facet normal 0.118055016 -0.405110151 0.906613886
  outer loop
   vertex 46528.9609 28296.373 28522.4512
   vertex 46248.4297 28324.8535 28571.707
   vertex 46423.6719 28166.4043 28478.0859
  endloop
 endfacet
facet normal -0.0465413034 0.746688545 -0.663543582
  outer loop
   vertex 45869.3867 28449.8379 28036.291
   vertex 45999.3945 28535.4766 28123.543
   vertex 46141.1406 28415.0957 27978.1348
  endloop
 endfacet
facet normal -0.101547815 0.57024157 -0.815176427
  outer loop
   vertex 45927.4688 28347.2109 27957.2637
   vertex 45869.3867 28449.8379 28036.291
   vertex 46141.1406 28415.0957 27978.1348
  endloop
 endfacet
facet normal 0.0159719475 0.609074712 0.792952001
  outer loop
   vertex 46285.8516 28565.3086 28505.3828
   vertex 45937.2383 28582.4199 28499.2617
   vertex 46222.0078 28488.8555 28565.3945
  endloop
 endfacet
facet normal 0.565579414 0.163728982 0.808277607
  outer loop
   vertex 44520.8086 28888.4609 28875.6641
   vertex 44260.7422 28973.2461 29040.4668
   vertex 44294.5352 28816.0762 29048.6562
  endloop
 endfacet
facet normal 0.575351417 0.485791504 0.658010125
  outer loop
   vertex 44520.8086 28888.4609 28875.6641
   vertex 44321.9453 29018.0293 28953.8906
   vertex 44260.7422 28973.2461 29040.4668
  endloop
 endfacet
facet normal 0.14396663 -0.424737126 0.893796384
  outer loop
   vertex 44842.3438 28332.123 28721.1523
   vertex 44785.1367 28487.7559 28804.3242
   vertex 44655.3945 28396.7637 28781.9844
  endloop
 endfacet
facet normal 0.503715694 -0.531292975 0.681174159
  outer loop
   vertex 43979 28653.1328 29208.6621
   vertex 43877.5352 28743.1172 29353.877
   vertex 43827.1914 28604.2656 29282.8066
  endloop
 endfacet
facet normal -0.348575294 -0.55173862 0.757680535
  outer loop
   vertex 45283.4453 28255.8164 28713.1348
   vertex 45254.8867 28279.4121 28717.1797
   vertex 45237.8477 28246.8926 28685.6602
  endloop
 endfacet
facet normal 0.0783662274 -0.551512957 0.830477059
  outer loop
   vertex 44999.5195 28190.5527 28612.3047
   vertex 45136.7773 28376.9395 28723.1328
   vertex 44842.3438 28332.123 28721.1523
  endloop
 endfacet
facet normal -0.0325676277 -0.723754287 0.689288795
  outer loop
   vertex 45387.3242 28163.7754 28588.9648
   vertex 45482.4805 28234.9062 28668.1465
   vertex 45339.1484 28265.7285 28693.7383
  endloop
 endfacet
facet normal 0.181365237 -0.983244181 0.0183727965
  outer loop
   vertex 45283.4453 28255.8164 28713.1348
   vertex 45237.8477 28246.8926 28685.6602
   vertex 45339.1484 28265.7285 28693.7383
  endloop
 endfacet
facet normal 0.0729368776 -0.697811902 0.712557912
  outer loop
   vertex 45387.3242 28163.7754 28588.9648
   vertex 45339.1484 28265.7285 28693.7383
   vertex 45237.8477 28246.8926 28685.6602
  endloop
 endfacet
facet normal 0.1675165 -0.0777821168 0.982796073
  outer loop
   vertex 45136.7773 28376.9395 28723.1328
   vertex 45268.6914 28588.1973 28717.3672
   vertex 44913.4805 28685.6582 28785.627
  endloop
 endfacet
facet normal 0.0628700629 -0.452323437 0.889635265
  outer loop
   vertex 45136.7773 28376.9395 28723.1328
   vertex 44785.1367 28487.7559 28804.3242
   vertex 44842.3438 28332.123 28721.1523
  endloop
 endfacet
facet normal 0.118814819 -0.0459468514 0.99185276
  outer loop
   vertex 45339.1484 28265.7285 28693.7383
   vertex 45552.3086 28348.0137 28672.0156
   vertex 45136.7773 28376.9395 28723.1328
  endloop
 endfacet
facet normal 0.148257315 -0.125080541 0.98100692
  outer loop
   vertex 45339.1484 28265.7285 28693.7383
   vertex 45482.4805 28234.9062 28668.1465
   vertex 45552.3086 28348.0137 28672.0156
  endloop
 endfacet
facet normal 0.174913883 -0.0303813312 0.984114885
  outer loop
   vertex 45552.3086 28348.0137 28672.0156
   vertex 45925.9219 28261.6211 28602.9434
   vertex 45923.5273 28432.6973 28608.6504
  endloop
 endfacet
facet normal 0.511162758 0.0129030403 0.8593871
  outer loop
   vertex 45665.7227 28191.7656 28606.9023
   vertex 45552.3086 28348.0137 28672.0156
   vertex 45566.3086 28236.1543 28665.3672
  endloop
 endfacet
facet normal 0.100211166 -0.319879949 0.942143559
  outer loop
   vertex 45925.9219 28261.6211 28602.9434
   vertex 45552.3086 28348.0137 28672.0156
   vertex 45665.7227 28191.7656 28606.9023
  endloop
 endfacet
facet normal 0.220921203 -0.558412135 0.799605966
  outer loop
   vertex 45665.7227 28191.7656 28606.9023
   vertex 45566.3086 28236.1543 28665.3672
   vertex 45532.5508 28197.3184 28647.5742
  endloop
 endfacet
facet normal 0.0339047015 -0.0550593361 0.997907281
  outer loop
   vertex 45552.3086 28348.0137 28672.0156
   vertex 45482.4805 28234.9062 28668.1465
   vertex 45566.3086 28236.1543 28665.3672
  endloop
 endfacet
facet normal 0.0362904817 -0.44217512 0.896194279
  outer loop
   vertex 45482.4805 28234.9062 28668.1465
   vertex 45532.5508 28197.3184 28647.5742
   vertex 45566.3086 28236.1543 28665.3672
  endloop
 endfacet
facet normal -0.230532855 -0.0379823223 -0.972322941
  outer loop
   vertex 46615.0625 28215.7598 27722.6523
   vertex 46501.4336 28133.9961 27752.7871
   vertex 46504.7461 28229.5938 27748.2676
  endloop
 endfacet
facet normal -0.266159892 -0.111950181 -0.957405925
  outer loop
   vertex 45786.9453 28247.7129 27964.8613
   vertex 45480.1055 28150.3809 28061.5449
   vertex 45387.5547 28338.1387 28065.3184
  endloop
 endfacet
facet normal -0.0908999443 -0.0684749037 -0.993503094
  outer loop
   vertex 45031.5273 28483.2812 28118.0918
   vertex 45010.6836 28233.1484 28137.2383
   vertex 44659.8281 28518.8203 28149.6504
  endloop
 endfacet
facet normal -0.0487460867 0.430512965 -0.901267111
  outer loop
   vertex 46034.4609 28255.0898 27907.4746
   vertex 45927.4688 28347.2109 27957.2637
   vertex 46141.1406 28415.0957 27978.1348
  endloop
 endfacet
facet normal -0.202061385 0.50523144 -0.838994861
  outer loop
   vertex 46034.4609 28255.0898 27907.4746
   vertex 46141.1406 28415.0957 27978.1348
   vertex 46331.168 28252 27834.1562
  endloop
 endfacet
facet normal -0.10132508 0.570337355 -0.815137148
  outer loop
   vertex 45808.8633 28366.5117 27985.5117
   vertex 45869.3867 28449.8379 28036.291
   vertex 45927.4688 28347.2109 27957.2637
  endloop
 endfacet
facet normal -0.19550769 0.202863172 -0.959491134
  outer loop
   vertex 45808.8633 28366.5117 27985.5117
   vertex 45927.4688 28347.2109 27957.2637
   vertex 45786.9453 28247.7129 27964.8613
  endloop
 endfacet
facet normal -0.225840941 0.247014716 -0.942326725
  outer loop
   vertex 46034.4609 28255.0898 27907.4746
   vertex 45786.9453 28247.7129 27964.8613
   vertex 45927.4688 28347.2109 27957.2637
  endloop
 endfacet
facet normal -0.153735861 0.348269552 -0.924701929
  outer loop
   vertex 45786.9453 28247.7129 27964.8613
   vertex 45387.5547 28338.1387 28065.3184
   vertex 45651.1992 28420.832 28052.6309
  endloop
 endfacet
facet normal -0.0409698486 0.742909849 -0.668136477
  outer loop
   vertex 45869.3867 28449.8379 28036.291
   vertex 45677.6445 28580.8301 28193.7012
   vertex 45999.3945 28535.4766 28123.543
  endloop
 endfacet
facet normal -0.143471956 0.667739391 -0.730438173
  outer loop
   vertex 45651.1992 28420.832 28052.6309
   vertex 45677.6445 28580.8301 28193.7012
   vertex 45869.3867 28449.8379 28036.291
  endloop
 endfacet
facet normal -0.317357391 0.218947262 -0.922684312
  outer loop
   vertex 45808.8633 28366.5117 27985.5117
   vertex 45786.9453 28247.7129 27964.8613
   vertex 45651.1992 28420.832 28052.6309
  endloop
 endfacet
facet normal -0.137739867 0.586455822 -0.798183799
  outer loop
   vertex 45869.3867 28449.8379 28036.291
   vertex 45808.8633 28366.5117 27985.5117
   vertex 45651.1992 28420.832 28052.6309
  endloop
 endfacet
facet normal -0.142325088 0.473985016 -0.86895442
  outer loop
   vertex 46615.0625 28215.7598 27722.6523
   vertex 46504.7461 28229.5938 27748.2676
   vertex 46590.7539 28329.6855 27788.7773
  endloop
 endfacet
facet normal -0.304043055 0.570151746 -0.763206959
  outer loop
   vertex 46504.7461 28229.5938 27748.2676
   vertex 46331.168 28252 27834.1562
   vertex 46590.7539 28329.6855 27788.7773
  endloop
 endfacet
facet normal 0.0108812507 0.0993549079 -0.994992554
  outer loop
   vertex 46821.7852 28118.3457 27725.5352
   vertex 46817.25 28259.6211 27739.5918
   vertex 46987.5742 28160.5879 27731.5664
  endloop
 endfacet
facet normal 0.0895961076 0.101464555 -0.990796387
  outer loop
   vertex 46821.7852 28118.3457 27725.5352
   vertex 46682.1875 28144.1465 27715.5527
   vertex 46817.25 28259.6211 27739.5918
  endloop
 endfacet
facet normal 0.051132232 0.145866573 -0.987981975
  outer loop
   vertex 46682.1875 28144.1465 27715.5527
   vertex 46615.0625 28215.7598 27722.6523
   vertex 46817.25 28259.6211 27739.5918
  endloop
 endfacet
facet normal -0.0349356756 0.496094316 -0.867565513
  outer loop
   vertex 46615.0625 28215.7598 27722.6523
   vertex 46590.7539 28329.6855 27788.7773
   vertex 46817.25 28259.6211 27739.5918
  endloop
 endfacet
facet normal 0.131767064 0.0875516087 -0.98740679
  outer loop
   vertex 47237.4531 28140.3691 27763.1191
   vertex 46987.5742 28160.5879 27731.5664
   vertex 47100.9609 28272.666 27756.6348
  endloop
 endfacet
facet normal 0.0104485387 0.0361051373 0.999293387
  outer loop
   vertex 47457.457 28194.3535 28313.1074
   vertex 47638.1289 28347.2969 28305.6914
   vertex 47219.6289 28380.1055 28308.8828
  endloop
 endfacet
facet normal -0.100462288 0.166235954 0.980955124
  outer loop
   vertex 47457.457 28194.3535 28313.1074
   vertex 47847.0312 28148.9805 28360.6934
   vertex 47638.1289 28347.2969 28305.6914
  endloop
 endfacet
facet normal 0.0910639167 0.0451948717 -0.994818985
  outer loop
   vertex 47237.4531 28140.3691 27763.1191
   vertex 47100.9609 28272.666 27756.6348
   vertex 47331.6953 28267.0098 27777.498
  endloop
 endfacet
facet normal -0.645446539 -0.420436323 -0.637677073
  outer loop
   vertex 42581.7539 28628.2129 29468.7598
   vertex 42738.2188 28737.5254 29238.3164
   vertex 42791.4688 28570.8711 29294.2949
  endloop
 endfacet
facet normal -0.887175024 -0.37418136 -0.270016223
  outer loop
   vertex 42814.5195 28595.7676 29184.0605
   vertex 42791.4688 28570.8711 29294.2949
   vertex 42738.2188 28737.5254 29238.3164
  endloop
 endfacet
facet normal -0.787359178 -0.200698182 -0.582911491
  outer loop
   vertex 42883.7891 28610.041 29085.582
   vertex 42814.5195 28595.7676 29184.0605
   vertex 42738.2188 28737.5254 29238.3164
  endloop
 endfacet
facet normal -0.742440104 0.287679225 -0.604998589
  outer loop
   vertex 42906.2422 28828.0059 29040.3359
   vertex 42953.7461 28948.4922 29039.332
   vertex 43010.6055 28896.9863 28945.0645
  endloop
 endfacet
facet normal -0.739779651 0.265129864 -0.618411005
  outer loop
   vertex 42906.2422 28828.0059 29040.3359
   vertex 43010.6055 28896.9863 28945.0645
   vertex 42988.1523 28805.2871 28932.6094
  endloop
 endfacet
facet normal -0.113203682 -0.885724247 -0.45019713
  outer loop
   vertex 42221.9258 28570.9414 29757.7051
   vertex 42036.4531 28622.1699 29703.5547
   vertex 42189.9375 28653.0273 29604.252
  endloop
 endfacet
facet normal 0.056961216 -0.929264188 -0.364997953
  outer loop
   vertex 41875.082 28533.3184 29929.2598
   vertex 41771.0664 28566.6309 29828.2129
   vertex 41893.4766 28593.5312 29778.8301
  endloop
 endfacet
facet normal -0.546787083 -0.419856548 -0.724392354
  outer loop
   vertex 41249.0195 28302.2793 30044.8477
   vertex 41277.7578 28434.7148 29946.3965
   vertex 41308.2227 28341.8477 29977.2266
  endloop
 endfacet
facet normal -0.193613037 -0.55790323 -0.807005584
  outer loop
   vertex 41249.0195 28302.2793 30044.8477
   vertex 41136.8047 28390.8789 30010.5195
   vertex 41277.7578 28434.7148 29946.3965
  endloop
 endfacet
facet normal -0.0522852726 -0.227942139 -0.972269833
  outer loop
   vertex 41482.875 28531.4414 29912.6895
   vertex 41277.7578 28434.7148 29946.3965
   vertex 41335.2617 28554.5957 29915.1992
  endloop
 endfacet
facet normal -0.00730103068 -0.315223217 -0.948989451
  outer loop
   vertex 41482.875 28531.4414 29912.6895
   vertex 41373.957 28384.8535 29962.2188
   vertex 41277.7578 28434.7148 29946.3965
  endloop
 endfacet
facet normal -0.0303599313 -0.751102567 -0.659487128
  outer loop
   vertex 41688.3516 28514.2422 29922.8184
   vertex 41482.875 28531.4414 29912.6895
   vertex 41657.3477 28591.9453 29835.75
  endloop
 endfacet
facet normal -0.210681006 -0.765425444 -0.60806042
  outer loop
   vertex 41657.3477 28591.9453 29835.75
   vertex 41771.0664 28566.6309 29828.2129
   vertex 41688.3516 28514.2422 29922.8184
  endloop
 endfacet
facet normal 0.378617018 -0.893369973 -0.241948962
  outer loop
   vertex 41688.3516 28514.2422 29922.8184
   vertex 41764.332 28497.8496 30102.2422
   vertex 41599.0781 28449.5059 30022.1504
  endloop
 endfacet
facet normal 0.467890501 -0.574557662 -0.671537042
  outer loop
   vertex 41373.957 28384.8535 29962.2188
   vertex 41482.875 28531.4414 29912.6895
   vertex 41471.1016 28379.4277 30034.5469
  endloop
 endfacet
facet normal 0.534038961 -0.821710825 0.198981568
  outer loop
   vertex 41748.0859 28530.8164 30308.4043
   vertex 41631.4141 28473.0488 30382.9844
   vertex 41588.4727 28400.5508 30198.8457
  endloop
 endfacet
facet normal -0.0799537078 -0.925917685 -0.369166434
  outer loop
   vertex 41201.8828 28232.9434 30228.957
   vertex 41249.0195 28302.2793 30044.8477
   vertex 41332.3086 28260.0508 30132.7246
  endloop
 endfacet
facet normal -0.370619774 -0.183351681 -0.910507083
  outer loop
   vertex 38870.0898 28343.0508 31089.5371
   vertex 39002.6367 28242.1309 31055.9082
   vertex 38717.5273 28268.8906 31166.5703
  endloop
 endfacet
facet normal -0.185334668 -0.882041335 -0.433190644
  outer loop
   vertex 42394.7383 28579.5566 29666.2266
   vertex 42221.9258 28570.9414 29757.7051
   vertex 42189.9375 28653.0273 29604.252
  endloop
 endfacet
facet normal -0.146565437 -0.919982672 -0.363524973
  outer loop
   vertex 42394.7383 28579.5566 29666.2266
   vertex 42331.0508 28554.3164 29755.7812
   vertex 42221.9258 28570.9414 29757.7051
  endloop
 endfacet
facet normal 0.369570136 -0.843191504 0.390443295
  outer loop
   vertex 42053.9375 28646.1914 30180.3848
   vertex 41931.4258 28553.8789 30096.9902
   vertex 42048.5156 28564.1875 30008.4199
  endloop
 endfacet
facet normal 0.226171732 -0.922524512 0.312721789
  outer loop
   vertex 42175.4336 28618.4453 30076.6914
   vertex 42048.5156 28564.1875 30008.4199
   vertex 42204.3242 28577.2246 29934.1934
  endloop
 endfacet
facet normal 0.155428573 -0.893547833 0.42120564
  outer loop
   vertex 42053.9375 28646.1914 30180.3848
   vertex 42048.5156 28564.1875 30008.4199
   vertex 42175.4336 28618.4453 30076.6914
  endloop
 endfacet
facet normal 0.106691651 -0.906428635 -0.408661187
  outer loop
   vertex 41688.3516 28514.2422 29922.8184
   vertex 41771.0664 28566.6309 29828.2129
   vertex 41875.082 28533.3184 29929.2598
  endloop
 endfacet
facet normal 0.142276719 -0.987115622 0.0732128322
  outer loop
   vertex 41931.4258 28553.8789 30096.9902
   vertex 41875.082 28533.3184 29929.2598
   vertex 42048.5156 28564.1875 30008.4199
  endloop
 endfacet
facet normal 0.105294347 -0.985289037 -0.134605527
  outer loop
   vertex 41764.332 28497.8496 30102.2422
   vertex 41688.3516 28514.2422 29922.8184
   vertex 41875.082 28533.3184 29929.2598
  endloop
 endfacet
facet normal 0.318165839 -0.947989106 0.00933301263
  outer loop
   vertex 41931.4258 28553.8789 30096.9902
   vertex 41764.332 28497.8496 30102.2422
   vertex 41875.082 28533.3184 29929.2598
  endloop
 endfacet
facet normal 0.0974316224 -0.994796276 0.0297890939
  outer loop
   vertex 42048.5156 28564.1875 30008.4199
   vertex 42042.4297 28558.5762 29840.9707
   vertex 42204.3242 28577.2246 29934.1934
  endloop
 endfacet
facet normal 0.0890973955 -0.995036781 0.0443106033
  outer loop
   vertex 42204.3242 28577.2246 29934.1934
   vertex 42042.4297 28558.5762 29840.9707
   vertex 42221.9258 28570.9414 29757.7051
  endloop
 endfacet
facet normal 0.163159996 -0.986227036 0.0271124933
  outer loop
   vertex 41875.082 28533.3184 29929.2598
   vertex 42042.4297 28558.5762 29840.9707
   vertex 42048.5156 28564.1875 30008.4199
  endloop
 endfacet
facet normal -0.0595177896 -0.924210966 -0.377215743
  outer loop
   vertex 41875.082 28533.3184 29929.2598
   vertex 41893.4766 28593.5312 29778.8301
   vertex 42042.4297 28558.5762 29840.9707
  endloop
 endfacet
facet normal -0.0384566374 -0.907495439 -0.418297827
  outer loop
   vertex 41893.4766 28593.5312 29778.8301
   vertex 42036.4531 28622.1699 29703.5547
   vertex 42042.4297 28558.5762 29840.9707
  endloop
 endfacet
facet normal -0.413689673 -0.463674486 -0.783496559
  outer loop
   vertex 42018.4922 28748.5957 29638.2188
   vertex 42189.9375 28653.0273 29604.252
   vertex 42036.4531 28622.1699 29703.5547
  endloop
 endfacet
facet normal 0.548195124 -0.818049312 0.174004063
  outer loop
   vertex 41764.332 28497.8496 30102.2422
   vertex 41748.0859 28530.8164 30308.4043
   vertex 41588.4727 28400.5508 30198.8457
  endloop
 endfacet
facet normal 0.307964623 -0.885928512 0.346826285
  outer loop
   vertex 41895.4727 28605.8125 30261.5723
   vertex 41764.332 28497.8496 30102.2422
   vertex 41931.4258 28553.8789 30096.9902
  endloop
 endfacet
facet normal -0.581111193 -0.352740109 -0.733405888
  outer loop
   vertex 40932.5352 28234.4668 30215.0371
   vertex 40868.9609 28418.8066 30176.75
   vertex 41012.4102 28364.0215 30089.4375
  endloop
 endfacet
facet normal 0.201590016 -0.132057443 -0.970526814
  outer loop
   vertex 40932.5352 28234.4668 30215.0371
   vertex 40858.2617 28299.1543 30190.8086
   vertex 40868.9609 28418.8066 30176.75
  endloop
 endfacet
facet normal -0.308923364 0.604251564 -0.734470129
  outer loop
   vertex 41269.0586 28838.5215 30108.4395
   vertex 41389.8945 28703.748 29946.7363
   vertex 41175.3945 28693.7617 30028.7402
  endloop
 endfacet
facet normal -0.606088042 -0.0391635485 -0.794432819
  outer loop
   vertex 40858.2617 28299.1543 30190.8086
   vertex 40795.5586 28282.6426 30239.4629
   vertex 40868.9609 28418.8066 30176.75
  endloop
 endfacet
facet normal -0.244517952 -0.603693962 -0.758791566
  outer loop
   vertex 41101.7227 28292.0215 30100.4766
   vertex 41136.8047 28390.8789 30010.5195
   vertex 41249.0195 28302.2793 30044.8477
  endloop
 endfacet
facet normal -0.0744682178 -0.926801324 -0.368094742
  outer loop
   vertex 41101.7227 28292.0215 30100.4766
   vertex 41249.0195 28302.2793 30044.8477
   vertex 41201.8828 28232.9434 30228.957
  endloop
 endfacet
facet normal 0.227500916 -0.129355714 0.965147913
  outer loop
   vertex 41086.4531 28499.8613 30987.6133
   vertex 40987.3281 28579.9355 31021.7109
   vertex 40983.1953 28414.8633 31000.5625
  endloop
 endfacet
facet normal 0.219428584 -0.898372889 0.380496055
  outer loop
   vertex 40985.9297 28155.6758 30608.8145
   vertex 41008.75 28224.9375 30759.1855
   vertex 40879.1992 28136.7051 30625.5762
  endloop
 endfacet
facet normal 0.656818926 -0.225324586 0.719595551
  outer loop
   vertex 40511.2109 28339.0312 31193.7012
   vertex 40628.9688 28254.8438 31059.8574
   vertex 40631.4844 28483.2676 31129.084
  endloop
 endfacet
facet normal 0.319561213 -0.248939887 0.914280891
  outer loop
   vertex 41082.3242 28404.0332 30962.9648
   vertex 41086.4531 28499.8613 30987.6133
   vertex 40983.1953 28414.8633 31000.5625
  endloop
 endfacet
facet normal 0.699166059 0.24100098 0.673116148
  outer loop
   vertex 40298.4922 28601.4766 31260.375
   vertex 40304.5 28499.1543 31290.7676
   vertex 40416.0938 28636.5176 31125.6738
  endloop
 endfacet
facet normal 0.490138888 -0.853864193 0.175156504
  outer loop
   vertex 41764.332 28497.8496 30102.2422
   vertex 41895.4727 28605.8125 30261.5723
   vertex 41748.0859 28530.8164 30308.4043
  endloop
 endfacet
facet normal 0.627629519 -0.0651723444 0.775779426
  outer loop
   vertex 41162.2695 28641.2266 30932.2969
   vertex 41165.8047 28454.6836 30913.7656
   vertex 41299.2383 28510.707 30810.5215
  endloop
 endfacet
facet normal 0.653561234 -0.483532101 0.582283795
  outer loop
   vertex 41192.9883 28338.8184 30787.0391
   vertex 41299.2383 28510.707 30810.5215
   vertex 41165.8047 28454.6836 30913.7656
  endloop
 endfacet
facet normal 0.581403852 -0.810039461 0.076194346
  outer loop
   vertex 41243.2812 28233.5234 30539.5371
   vertex 41235.207 28216.3262 30418.3184
   vertex 41358.3164 28314.5801 30523.4805
  endloop
 endfacet
facet normal 0.343513399 -0.852389038 0.394247919
  outer loop
   vertex 41326.3594 28241.3398 30392.9746
   vertex 41358.3164 28314.5801 30523.4805
   vertex 41235.207 28216.3262 30418.3184
  endloop
 endfacet
facet normal 0.612326443 -0.455333918 0.646318316
  outer loop
   vertex 41402 28457.7344 30675.8438
   vertex 41299.2383 28510.707 30810.5215
   vertex 41310.4414 28371.5703 30701.8848
  endloop
 endfacet
facet normal 0.659532011 -0.375735909 0.651030004
  outer loop
   vertex 41402 28457.7344 30675.8438
   vertex 41442.7734 28608.0234 30721.2773
   vertex 41299.2383 28510.707 30810.5215
  endloop
 endfacet
facet normal 0.660893917 -0.0617753118 0.747932553
  outer loop
   vertex 41086.4531 28499.8613 30987.6133
   vertex 41165.8047 28454.6836 30913.7656
   vertex 41162.2695 28641.2266 30932.2969
  endloop
 endfacet
facet normal 0.543127 -0.68491739 0.485696614
  outer loop
   vertex 41192.9883 28338.8184 30787.0391
   vertex 41236.6055 28270.9648 30642.5781
   vertex 41310.4414 28371.5703 30701.8848
  endloop
 endfacet
facet normal 0.601550341 -0.460964233 0.652417958
  outer loop
   vertex 41299.2383 28510.707 30810.5215
   vertex 41192.9883 28338.8184 30787.0391
   vertex 41310.4414 28371.5703 30701.8848
  endloop
 endfacet
facet normal 0.501746953 -0.71475172 0.487216562
  outer loop
   vertex 41192.9883 28338.8184 30787.0391
   vertex 41146.4453 28243.7129 30695.4492
   vertex 41236.6055 28270.9648 30642.5781
  endloop
 endfacet
facet normal 0.592293203 -0.224551663 0.773799241
  outer loop
   vertex 41165.8047 28454.6836 30913.7656
   vertex 41086.4531 28499.8613 30987.6133
   vertex 41082.3242 28404.0332 30962.9648
  endloop
 endfacet
facet normal 0.537261844 -0.697894514 0.473595738
  outer loop
   vertex 41845.3125 28664.0508 30394.4453
   vertex 41706.207 28605.4395 30465.8789
   vertex 41748.0859 28530.8164 30308.4043
  endloop
 endfacet
facet normal 0.61342442 -0.638002694 0.465470791
  outer loop
   vertex 41631.4141 28473.0488 30382.9844
   vertex 41748.0859 28530.8164 30308.4043
   vertex 41706.207 28605.4395 30465.8789
  endloop
 endfacet
facet normal 0.533539951 -0.706857741 0.464421421
  outer loop
   vertex 41631.4141 28473.0488 30382.9844
   vertex 41533.6094 28506.293 30545.9414
   vertex 41524.9297 28374.6191 30355.5039
  endloop
 endfacet
facet normal 0.59381932 -0.640438437 0.487049431
  outer loop
   vertex 41631.4141 28473.0488 30382.9844
   vertex 41706.207 28605.4395 30465.8789
   vertex 41533.6094 28506.293 30545.9414
  endloop
 endfacet
facet normal 0.231687278 -0.568466961 0.789408863
  outer loop
   vertex 40983.1953 28414.8633 31000.5625
   vertex 40845.1445 28266.8906 30934.5215
   vertex 41015.4414 28324.0957 30925.7344
  endloop
 endfacet
facet normal 0.167075977 -0.946426868 -0.276336432
  outer loop
   vertex 41016.8789 28148.6836 30435.8105
   vertex 40948.6797 28159.502 30357.5215
   vertex 41075.7227 28180.5547 30362.2344
  endloop
 endfacet
facet normal 0.393250853 -0.856327474 0.334749222
  outer loop
   vertex 41103.7891 28187.7578 30552.4277
   vertex 41008.75 28224.9375 30759.1855
   vertex 40985.9297 28155.6758 30608.8145
  endloop
 endfacet
facet normal 0.0169679504 -0.988333583 -0.151356667
  outer loop
   vertex 41016.8789 28148.6836 30435.8105
   vertex 40924.0938 28139.1289 30487.8027
   vertex 40948.6797 28159.502 30357.5215
  endloop
 endfacet
facet normal -0.105605036 -0.979232728 -0.173063233
  outer loop
   vertex 40790.9297 28181.457 30329.5586
   vertex 40948.6797 28159.502 30357.5215
   vertex 40924.0938 28139.1289 30487.8027
  endloop
 endfacet
facet normal 0.257588625 -0.923434317 0.284459502
  outer loop
   vertex 41146.4453 28243.7129 30695.4492
   vertex 41008.75 28224.9375 30759.1855
   vertex 41103.7891 28187.7578 30552.4277
  endloop
 endfacet
facet normal 0.640470862 -0.493411452 0.588508427
  outer loop
   vertex 41192.9883 28338.8184 30787.0391
   vertex 41165.8047 28454.6836 30913.7656
   vertex 41104.5117 28343.0586 30886.8828
  endloop
 endfacet
facet normal 0.57596761 -0.755637407 0.311886966
  outer loop
   vertex 41236.6055 28270.9648 30642.5781
   vertex 41243.2812 28233.5234 30539.5371
   vertex 41358.3164 28314.5801 30523.4805
  endloop
 endfacet
facet normal 0.621167779 -0.682707012 0.384787858
  outer loop
   vertex 41310.4414 28371.5703 30701.8848
   vertex 41236.6055 28270.9648 30642.5781
   vertex 41358.3164 28314.5801 30523.4805
  endloop
 endfacet
facet normal 0.688680589 -0.616438687 0.381735951
  outer loop
   vertex 41402 28457.7344 30675.8438
   vertex 41310.4414 28371.5703 30701.8848
   vertex 41358.3164 28314.5801 30523.4805
  endloop
 endfacet
facet normal 0.64641422 -0.639757216 0.415763557
  outer loop
   vertex 41533.6094 28506.293 30545.9414
   vertex 41402 28457.7344 30675.8438
   vertex 41358.3164 28314.5801 30523.4805
  endloop
 endfacet
facet normal 0.627417505 -0.627669334 0.460845381
  outer loop
   vertex 41462.0117 28354.5762 30436.7812
   vertex 41533.6094 28506.293 30545.9414
   vertex 41358.3164 28314.5801 30523.4805
  endloop
 endfacet
facet normal 0.373265505 -0.803655207 0.463477284
  outer loop
   vertex 41008.75 28224.9375 30759.1855
   vertex 41104.5117 28343.0586 30886.8828
   vertex 41015.4414 28324.0957 30925.7344
  endloop
 endfacet
facet normal 0.416497856 -0.646283209 0.639411867
  outer loop
   vertex 41104.5117 28343.0586 30886.8828
   vertex 41082.3242 28404.0332 30962.9648
   vertex 41015.4414 28324.0957 30925.7344
  endloop
 endfacet
facet normal 0.161038637 -0.865802586 -0.473764151
  outer loop
   vertex 40948.6797 28159.502 30357.5215
   vertex 40932.5352 28234.4668 30215.0371
   vertex 41075.7227 28180.5547 30362.2344
  endloop
 endfacet
facet normal 0.289602131 -0.100295179 0.951877892
  outer loop
   vertex 40987.3281 28579.9355 31021.7109
   vertex 40812.5156 28570.5273 31073.9062
   vertex 40823.6875 28427.7207 31055.459
  endloop
 endfacet
facet normal 0.313473791 -0.128397778 0.940876305
  outer loop
   vertex 40983.1953 28414.8633 31000.5625
   vertex 40987.3281 28579.9355 31021.7109
   vertex 40823.6875 28427.7207 31055.459
  endloop
 endfacet
facet normal 0.22720857 -0.565740705 0.792662442
  outer loop
   vertex 40983.1953 28414.8633 31000.5625
   vertex 40823.6875 28427.7207 31055.459
   vertex 40845.1445 28266.8906 30934.5215
  endloop
 endfacet
facet normal 0.19777517 -0.964368582 0.175722092
  outer loop
   vertex 41103.7891 28187.7578 30552.4277
   vertex 40924.0938 28139.1289 30487.8027
   vertex 41016.8789 28148.6836 30435.8105
  endloop
 endfacet
facet normal 0.261830926 -0.965112031 -0.00182913383
  outer loop
   vertex 41103.7891 28187.7578 30552.4277
   vertex 40985.9297 28155.6758 30608.8145
   vertex 40924.0938 28139.1289 30487.8027
  endloop
 endfacet
facet normal 0.00502228411 -0.814827621 -0.579681635
  outer loop
   vertex 40206.4648 28117.1602 30622.2773
   vertex 40233.6289 28174.1758 30542.3672
   vertex 40318.8125 28192.1348 30517.8613
  endloop
 endfacet
facet normal 0.260237902 -0.956785202 -0.12976262
  outer loop
   vertex 41201.8828 28232.9434 30228.957
   vertex 41235.207 28216.3262 30418.3184
   vertex 41075.7227 28180.5547 30362.2344
  endloop
 endfacet
facet normal 0.217213213 -0.976111829 0.00491198106
  outer loop
   vertex 41103.7891 28187.7578 30552.4277
   vertex 41075.7227 28180.5547 30362.2344
   vertex 41235.207 28216.3262 30418.3184
  endloop
 endfacet
facet normal 0.445001125 -0.894966185 -0.0317723863
  outer loop
   vertex 41016.8789 28148.6836 30435.8105
   vertex 41075.7227 28180.5547 30362.2344
   vertex 41103.7891 28187.7578 30552.4277
  endloop
 endfacet
facet normal 0.587279499 -0.735930264 0.336911589
  outer loop
   vertex 40932.5352 28234.4668 30215.0371
   vertex 40857.2461 28181.1094 30229.7207
   vertex 40874.4023 28184.6348 30207.5156
  endloop
 endfacet
facet normal -0.0415171161 -0.886156857 -0.461521775
  outer loop
   vertex 40790.9297 28181.457 30329.5586
   vertex 40932.5352 28234.4668 30215.0371
   vertex 40948.6797 28159.502 30357.5215
  endloop
 endfacet
facet normal 0.581977427 -0.714100242 0.389054179
  outer loop
   vertex 40790.9297 28181.457 30329.5586
   vertex 40857.2461 28181.1094 30229.7207
   vertex 40932.5352 28234.4668 30215.0371
  endloop
 endfacet
facet normal 0.0170455351 -0.903316021 -0.428636909
  outer loop
   vertex 41201.8828 28232.9434 30228.957
   vertex 40932.5352 28234.4668 30215.0371
   vertex 41101.7227 28292.0215 30100.4766
  endloop
 endfacet
facet normal 0.0130659509 -0.934748113 -0.35507071
  outer loop
   vertex 41201.8828 28232.9434 30228.957
   vertex 41075.7227 28180.5547 30362.2344
   vertex 40932.5352 28234.4668 30215.0371
  endloop
 endfacet
facet normal -0.355996132 -0.556668878 -0.750590742
  outer loop
   vertex 41101.7227 28292.0215 30100.4766
   vertex 41012.4102 28364.0215 30089.4375
   vertex 41136.8047 28390.8789 30010.5195
  endloop
 endfacet
facet normal -0.338980973 -0.538733304 -0.771270573
  outer loop
   vertex 40932.5352 28234.4668 30215.0371
   vertex 41012.4102 28364.0215 30089.4375
   vertex 41101.7227 28292.0215 30100.4766
  endloop
 endfacet
facet normal -0.478473365 -0.877526045 0.0318007097
  outer loop
   vertex 41309.0469 28269.8984 30054.498
   vertex 41332.3086 28260.0508 30132.7246
   vertex 41249.0195 28302.2793 30044.8477
  endloop
 endfacet
facet normal 0.290952802 -0.950589299 0.108288571
  outer loop
   vertex 41326.3594 28241.3398 30392.9746
   vertex 41235.207 28216.3262 30418.3184
   vertex 41293.3672 28224.1992 30331.1641
  endloop
 endfacet
facet normal 0.0030372974 -0.996120393 -0.0879485682
  outer loop
   vertex 41235.207 28216.3262 30418.3184
   vertex 41201.8828 28232.9434 30228.957
   vertex 41293.3672 28224.1992 30331.1641
  endloop
 endfacet
facet normal -0.193801984 -0.971012115 0.139915228
  outer loop
   vertex 41386.8789 28272.8359 30297.0488
   vertex 41332.3086 28260.0508 30132.7246
   vertex 41388.1445 28256.6582 30186.5312
  endloop
 endfacet
facet normal 0.580508888 -0.797320843 -0.165193677
  outer loop
   vertex 41490.5195 28318.8008 30249.2012
   vertex 41433.043 28296.5664 30154.5391
   vertex 41588.4727 28400.5508 30198.8457
  endloop
 endfacet
facet normal 0.461362869 -0.887211502 -0.000251706486
  outer loop
   vertex 41293.3672 28224.1992 30331.1641
   vertex 41386.8789 28272.8359 30297.0488
   vertex 41326.3594 28241.3398 30392.9746
  endloop
 endfacet
facet normal 0.703225911 -0.702269197 0.1108661
  outer loop
   vertex 41386.8789 28272.8359 30297.0488
   vertex 41388.1445 28256.6582 30186.5312
   vertex 41433.043 28296.5664 30154.5391
  endloop
 endfacet
facet normal 0.395751297 -0.918026388 -0.0246658381
  outer loop
   vertex 41386.8789 28272.8359 30297.0488
   vertex 41433.043 28296.5664 30154.5391
   vertex 41490.5195 28318.8008 30249.2012
  endloop
 endfacet
facet normal 0.492803305 -0.825836122 0.274116069
  outer loop
   vertex 41490.5195 28318.8008 30249.2012
   vertex 41524.9297 28374.6191 30355.5039
   vertex 41386.8789 28272.8359 30297.0488
  endloop
 endfacet
facet normal 0.524370372 -0.827198386 0.201937005
  outer loop
   vertex 41524.9297 28374.6191 30355.5039
   vertex 41462.0117 28354.5762 30436.7812
   vertex 41386.8789 28272.8359 30297.0488
  endloop
 endfacet
facet normal 0.322196096 -0.874231398 -0.363192916
  outer loop
   vertex 41201.8828 28232.9434 30228.957
   vertex 41386.8789 28272.8359 30297.0488
   vertex 41293.3672 28224.1992 30331.1641
  endloop
 endfacet
facet normal 0.208356753 -0.978028476 0.00691215508
  outer loop
   vertex 41201.8828 28232.9434 30228.957
   vertex 41332.3086 28260.0508 30132.7246
   vertex 41386.8789 28272.8359 30297.0488
  endloop
 endfacet
facet normal 0.383054644 -0.868121564 -0.315648615
  outer loop
   vertex 41433.043 28296.5664 30154.5391
   vertex 41332.3086 28260.0508 30132.7246
   vertex 41352.0859 28303.6758 30036.7422
  endloop
 endfacet
facet normal 0.388916135 -0.801573753 -0.454118699
  outer loop
   vertex 41388.1445 28256.6582 30186.5312
   vertex 41332.3086 28260.0508 30132.7246
   vertex 41433.043 28296.5664 30154.5391
  endloop
 endfacet
facet normal 0.588118851 -0.740638554 -0.324916542
  outer loop
   vertex 41471.1016 28379.4277 30034.5469
   vertex 41588.4727 28400.5508 30198.8457
   vertex 41433.043 28296.5664 30154.5391
  endloop
 endfacet
facet normal 0.453386456 -0.865586758 -0.212603688
  outer loop
   vertex 41471.1016 28379.4277 30034.5469
   vertex 41599.0781 28449.5059 30022.1504
   vertex 41588.4727 28400.5508 30198.8457
  endloop
 endfacet
facet normal 0.373127073 -0.899619699 -0.226849362
  outer loop
   vertex 41599.0781 28449.5059 30022.1504
   vertex 41764.332 28497.8496 30102.2422
   vertex 41588.4727 28400.5508 30198.8457
  endloop
 endfacet
facet normal 0.679078996 -0.717137098 0.156735763
  outer loop
   vertex 41524.9297 28374.6191 30355.5039
   vertex 41490.5195 28318.8008 30249.2012
   vertex 41588.4727 28400.5508 30198.8457
  endloop
 endfacet
facet normal 0.652094245 -0.744873047 0.141199261
  outer loop
   vertex 41631.4141 28473.0488 30382.9844
   vertex 41524.9297 28374.6191 30355.5039
   vertex 41588.4727 28400.5508 30198.8457
  endloop
 endfacet
facet normal -0.0666365921 -0.39640528 -0.915654063
  outer loop
   vertex 41249.0195 28302.2793 30044.8477
   vertex 41352.0859 28303.6758 30036.7422
   vertex 41309.0469 28269.8984 30054.498
  endloop
 endfacet
facet normal -0.0296738073 -0.851170063 -0.524050534
  outer loop
   vertex 41249.0195 28302.2793 30044.8477
   vertex 41308.2227 28341.8477 29977.2266
   vertex 41352.0859 28303.6758 30036.7422
  endloop
 endfacet
facet normal 0.527983129 -0.808847308 -0.258843243
  outer loop
   vertex 41309.0469 28269.8984 30054.498
   vertex 41352.0859 28303.6758 30036.7422
   vertex 41332.3086 28260.0508 30132.7246
  endloop
 endfacet
facet normal 0.298965216 -0.687796593 -0.66147989
  outer loop
   vertex 41373.957 28384.8535 29962.2188
   vertex 41352.0859 28303.6758 30036.7422
   vertex 41308.2227 28341.8477 29977.2266
  endloop
 endfacet
facet normal 0.49064362 -0.781992495 -0.384391129
  outer loop
   vertex 41352.0859 28303.6758 30036.7422
   vertex 41471.1016 28379.4277 30034.5469
   vertex 41433.043 28296.5664 30154.5391
  endloop
 endfacet
facet normal 0.417126 -0.673051953 -0.610742986
  outer loop
   vertex 41471.1016 28379.4277 30034.5469
   vertex 41352.0859 28303.6758 30036.7422
   vertex 41373.957 28384.8535 29962.2188
  endloop
 endfacet
facet normal -0.000483753422 -0.93890214 -0.344183803
  outer loop
   vertex 40614.0078 28087.7969 30617.9941
   vertex 40480.6719 28113.6016 30547.7871
   vertex 40720.9766 28119.7656 30530.6348
  endloop
 endfacet
facet normal -0.00433084881 -0.920223594 -0.391369134
  outer loop
   vertex 40622.0547 28169.5215 30414.7363
   vertex 40720.9766 28119.7656 30530.6348
   vertex 40480.6719 28113.6016 30547.7871
  endloop
 endfacet
facet normal 0.415399551 -0.904714525 -0.0945243388
  outer loop
   vertex 40287.8633 27987.459 30875.3105
   vertex 40358.3242 28031.5449 30762.9902
   vertex 40409.4531 28037.9531 30926.3574
  endloop
 endfacet
facet normal -0.0960276574 -0.941741407 -0.322338104
  outer loop
   vertex 40622.0547 28169.5215 30414.7363
   vertex 40790.9297 28181.457 30329.5586
   vertex 40720.9766 28119.7656 30530.6348
  endloop
 endfacet
facet normal 0.0316886455 -0.958575308 -0.283071131
  outer loop
   vertex 40924.0938 28139.1289 30487.8027
   vertex 40720.9766 28119.7656 30530.6348
   vertex 40790.9297 28181.457 30329.5586
  endloop
 endfacet
facet normal -0.647425175 -0.319661885 -0.691850364
  outer loop
   vertex 37885.9375 28393.1797 31614.2363
   vertex 37912.4531 28285.6133 31639.1211
   vertex 37819.4805 28347.7051 31697.4375
  endloop
 endfacet
facet normal 0.0836248249 -0.967027366 -0.240551382
  outer loop
   vertex 40389.293 28064.459 30641.4453
   vertex 40520 28065.3789 30683.1836
   vertex 40358.3242 28031.5449 30762.9902
  endloop
 endfacet
facet normal 0.208819464 -0.977917671 0.00845287461
  outer loop
   vertex 40543.0898 28071.5859 30830.7246
   vertex 40358.3242 28031.5449 30762.9902
   vertex 40520 28065.3789 30683.1836
  endloop
 endfacet
facet normal 0.222692296 -0.974380374 -0.0314815082
  outer loop
   vertex 40543.0898 28071.5859 30830.7246
   vertex 40409.4531 28037.9531 30926.3574
   vertex 40358.3242 28031.5449 30762.9902
  endloop
 endfacet
facet normal 0.0128899151 -0.98638308 -0.163958281
  outer loop
   vertex 40208.0898 27974.2539 30948.4824
   vertex 40154.1445 27995.6074 30815.7793
   vertex 40287.8633 27987.459 30875.3105
  endloop
 endfacet
facet normal 0.122879423 -0.923077703 -0.364456028
  outer loop
   vertex 40389.293 28064.459 30641.4453
   vertex 40480.6719 28113.6016 30547.7871
   vertex 40520 28065.3789 30683.1836
  endloop
 endfacet
facet normal -0.0375841893 -0.841579616 -0.538823843
  outer loop
   vertex 40206.4648 28117.1602 30622.2773
   vertex 40154.1445 27995.6074 30815.7793
   vertex 39992.4688 28049.7109 30742.5508
  endloop
 endfacet
facet normal -0.0234315731 -0.900084436 -0.435084999
  outer loop
   vertex 39752.9219 28059.8574 30798.1426
   vertex 39738.7773 27976.084 30972.2129
   vertex 39564.3672 28005.1738 30921.4238
  endloop
 endfacet
facet normal -0.0926223174 -0.449815184 -0.888305902
  outer loop
   vertex 39752.9219 28059.8574 30798.1426
   vertex 39579.1094 28037.3125 30827.6816
   vertex 39585.5312 28129.7969 30780.1797
  endloop
 endfacet
facet normal 0.0978976786 -0.995092392 0.01439285
  outer loop
   vertex 40720.9766 28119.7656 30530.6348
   vertex 40924.0938 28139.1289 30487.8027
   vertex 40879.1992 28136.7051 30625.5762
  endloop
 endfacet
facet normal 0.382251024 -0.924051642 0.00355804688
  outer loop
   vertex 40307.3594 27995.8164 30951.1719
   vertex 40287.8633 27987.459 30875.3105
   vertex 40409.4531 28037.9531 30926.3574
  endloop
 endfacet
facet normal 0.299024731 -0.954093933 0.0169993397
  outer loop
   vertex 40720.9766 28119.7656 30530.6348
   vertex 40729.3945 28126.1016 30738.1758
   vertex 40614.0078 28087.7969 30617.9941
  endloop
 endfacet
facet normal -0.189799815 -0.847851098 -0.495100528
  outer loop
   vertex 40671.4297 28195.4941 30351.3301
   vertex 40790.9297 28181.457 30329.5586
   vertex 40622.0547 28169.5215 30414.7363
  endloop
 endfacet
facet normal 0.279317975 -0.960192919 -0.00332645513
  outer loop
   vertex 40729.3945 28126.1016 30738.1758
   vertex 40543.0898 28071.5859 30830.7246
   vertex 40520 28065.3789 30683.1836
  endloop
 endfacet
facet normal 0.265544593 -0.962701261 0.0518874377
  outer loop
   vertex 40614.0078 28087.7969 30617.9941
   vertex 40729.3945 28126.1016 30738.1758
   vertex 40520 28065.3789 30683.1836
  endloop
 endfacet
facet normal 0.210578412 -0.976116717 0.0534126684
  outer loop
   vertex 40208.0898 27974.2539 30948.4824
   vertex 40287.8633 27987.459 30875.3105
   vertex 40307.3594 27995.8164 30951.1719
  endloop
 endfacet
facet normal -0.345937312 -0.675268888 -0.651413262
  outer loop
   vertex 40622.0547 28169.5215 30414.7363
   vertex 40480.6719 28113.6016 30547.7871
   vertex 40473.3008 28210.7969 30450.9473
  endloop
 endfacet
facet normal -0.21206373 -0.697781444 -0.684200287
  outer loop
   vertex 40480.6719 28113.6016 30547.7871
   vertex 40318.8125 28192.1348 30517.8613
   vertex 40473.3008 28210.7969 30450.9473
  endloop
 endfacet
facet normal 0.181199446 -0.982559383 0.0417585708
  outer loop
   vertex 40879.1992 28136.7051 30625.5762
   vertex 40924.0938 28139.1289 30487.8027
   vertex 40985.9297 28155.6758 30608.8145
  endloop
 endfacet
facet normal -0.168372855 -0.795718372 -0.581792772
  outer loop
   vertex 40480.6719 28113.6016 30547.7871
   vertex 40389.293 28064.459 30641.4453
   vertex 40206.4648 28117.1602 30622.2773
  endloop
 endfacet
facet normal -0.180130363 -0.376909941 -0.908565879
  outer loop
   vertex 40059.043 28246.25 30597.9531
   vertex 40206.4648 28117.1602 30622.2773
   vertex 39926.8789 28173.0312 30654.5293
  endloop
 endfacet
facet normal -0.200188756 -0.681000054 -0.704388678
  outer loop
   vertex 40480.6719 28113.6016 30547.7871
   vertex 40206.4648 28117.1602 30622.2773
   vertex 40318.8125 28192.1348 30517.8613
  endloop
 endfacet
facet normal -0.233349547 -0.921954155 -0.309109271
  outer loop
   vertex 40389.293 28064.459 30641.4453
   vertex 40358.3242 28031.5449 30762.9902
   vertex 40206.4648 28117.1602 30622.2773
  endloop
 endfacet
facet normal 0.0124125509 -0.848229706 -0.52948302
  outer loop
   vertex 40358.3242 28031.5449 30762.9902
   vertex 40154.1445 27995.6074 30815.7793
   vertex 40206.4648 28117.1602 30622.2773
  endloop
 endfacet
facet normal -0.00667993771 -0.942625642 -0.333784848
  outer loop
   vertex 40520 28065.3789 30683.1836
   vertex 40480.6719 28113.6016 30547.7871
   vertex 40614.0078 28087.7969 30617.9941
  endloop
 endfacet
facet normal -0.700874209 -0.542027891 -0.463660538
  outer loop
   vertex 40790.9297 28181.457 30329.5586
   vertex 40846.0469 28196.2695 30228.9277
   vertex 40857.2461 28181.1094 30229.7207
  endloop
 endfacet
facet normal -0.322839886 -0.418981522 -0.848662972
  outer loop
   vertex 40616.1992 28286.5098 30359.207
   vertex 40622.0547 28169.5215 30414.7363
   vertex 40473.3008 28210.7969 30450.9473
  endloop
 endfacet
facet normal -0.168000177 0.0219908338 -0.985541642
  outer loop
   vertex 40795.5586 28282.6426 30239.4629
   vertex 40932.5352 28234.4668 30215.0371
   vertex 40846.0469 28196.2695 30228.9277
  endloop
 endfacet
facet normal -0.461689055 -0.578013182 -0.67286253
  outer loop
   vertex 40616.1992 28286.5098 30359.207
   vertex 40795.5586 28282.6426 30239.4629
   vertex 40790.9297 28181.457 30329.5586
  endloop
 endfacet
facet normal -0.182068542 -0.0254201479 -0.982957184
  outer loop
   vertex 40616.1992 28286.5098 30359.207
   vertex 40790.9297 28181.457 30329.5586
   vertex 40671.4297 28195.4941 30351.3301
  endloop
 endfacet
facet normal -0.349464834 -0.652931035 -0.671978712
  outer loop
   vertex 40858.2617 28299.1543 30190.8086
   vertex 40932.5352 28234.4668 30215.0371
   vertex 40795.5586 28282.6426 30239.4629
  endloop
 endfacet
facet normal -0.358857006 0.534165859 -0.76543355
  outer loop
   vertex 40932.5352 28234.4668 30215.0371
   vertex 40874.4023 28184.6348 30207.5156
   vertex 40846.0469 28196.2695 30228.9277
  endloop
 endfacet
facet normal -0.642507613 -0.504808724 -0.576499879
  outer loop
   vertex 40874.4023 28184.6348 30207.5156
   vertex 40857.2461 28181.1094 30229.7207
   vertex 40846.0469 28196.2695 30228.9277
  endloop
 endfacet
facet normal 0.296428382 -0.903590679 0.309279919
  outer loop
   vertex 41008.75 28224.9375 30759.1855
   vertex 40729.3945 28126.1016 30738.1758
   vertex 40879.1992 28136.7051 30625.5762
  endloop
 endfacet
facet normal 0.402740389 -0.879514515 0.253484458
  outer loop
   vertex 40543.0898 28071.5859 30830.7246
   vertex 40551.8672 28112.9844 30960.4258
   vertex 40409.4531 28037.9531 30926.3574
  endloop
 endfacet
facet normal -0.0333122313 -0.894729197 0.445364922
  outer loop
   vertex 39844.6055 27999.6074 31182.4023
   vertex 39778.3438 28041.1602 31260.9238
   vertex 39695.457 27992.9004 31157.7715
  endloop
 endfacet
facet normal 0.4121584 -0.875677764 0.251622617
  outer loop
   vertex 40543.0898 28071.5859 30830.7246
   vertex 40666.7188 28153.2695 30912.4961
   vertex 40551.8672 28112.9844 30960.4258
  endloop
 endfacet
facet normal -0.470381618 -0.730242252 -0.495466799
  outer loop
   vertex 39351.2305 28119.166 30899.7598
   vertex 39484.8711 28062.041 30857.0762
   vertex 39371.7422 28050.8535 30980.9648
  endloop
 endfacet
facet normal -0.731417298 0.416982472 -0.5395872
  outer loop
   vertex 38200.3867 28321.0332 31338.6953
   vertex 38159.4805 28343.7305 31411.6836
   vertex 38219.0352 28340.9902 31328.8359
  endloop
 endfacet
facet normal -0.124703981 -0.507446766 -0.852611721
  outer loop
   vertex 38574.9297 28273.5781 31184.6387
   vertex 38717.5273 28268.8906 31166.5703
   vertex 38518.2227 28205.3262 31233.5547
  endloop
 endfacet
facet normal -0.242138475 -0.280602366 -0.928779483
  outer loop
   vertex 39941.1367 28288.3906 30615.9609
   vertex 40059.043 28246.25 30597.9531
   vertex 39926.8789 28173.0312 30654.5293
  endloop
 endfacet
facet normal -0.770732939 -0.166273415 -0.615080416
  outer loop
   vertex 40651.1094 28539.1816 30320.541
   vertex 40698.0508 28441.8555 30288.0312
   vertex 40569.9492 28535.4902 30423.2383
  endloop
 endfacet
facet normal -0.707560241 0.049841702 -0.704893172
  outer loop
   vertex 40616.1992 28286.5098 30359.207
   vertex 40569.9492 28535.4902 30423.2383
   vertex 40698.0508 28441.8555 30288.0312
  endloop
 endfacet
facet normal -0.389225721 0.0912658796 -0.916610003
  outer loop
   vertex 38515.6484 28370.9023 31208.3457
   vertex 38303.0195 28420.5332 31303.5762
   vertex 38428.418 28560.3066 31264.2441
  endloop
 endfacet
facet normal -0.213073716 -0.640157223 -0.738104582
  outer loop
   vertex 39992.4688 28049.7109 30742.5508
   vertex 39926.8789 28173.0312 30654.5293
   vertex 40206.4648 28117.1602 30622.2773
  endloop
 endfacet
facet normal 0.176816672 -0.978264153 -0.108328961
  outer loop
   vertex 40094.7109 27955.7617 30930.4082
   vertex 40208.0898 27974.2539 30948.4824
   vertex 40127.9766 27955.5645 30986.4824
  endloop
 endfacet
facet normal -0.424837857 -0.326900959 -0.844185114
  outer loop
   vertex 39585.5312 28129.7969 30780.1797
   vertex 39484.8711 28062.041 30857.0762
   vertex 39445.8789 28186.25 30828.6016
  endloop
 endfacet
facet normal -0.367385447 -0.404610455 -0.837447524
  outer loop
   vertex 39585.5312 28129.7969 30780.1797
   vertex 39579.1094 28037.3125 30827.6816
   vertex 39484.8711 28062.041 30857.0762
  endloop
 endfacet
facet normal -0.479871362 -0.223007455 -0.848522902
  outer loop
   vertex 39445.8789 28186.25 30828.6016
   vertex 39351.2305 28119.166 30899.7598
   vertex 39289.1953 28227.7676 30906.3008
  endloop
 endfacet
facet normal -0.358492225 -0.32665205 -0.874518037
  outer loop
   vertex 39536.707 28014.1133 30853.7305
   vertex 39484.8711 28062.041 30857.0762
   vertex 39579.1094 28037.3125 30827.6816
  endloop
 endfacet
facet normal -0.536237776 -0.257903785 -0.803700626
  outer loop
   vertex 39289.1953 28227.7676 30906.3008
   vertex 39351.2305 28119.166 30899.7598
   vertex 39198.5547 28139.9629 30994.9531
  endloop
 endfacet
facet normal 0.095059596 -0.8223809 0.56093967
  outer loop
   vertex 40166.0703 28000.9746 31046.6016
   vertex 40042.668 27980.5176 31037.5234
   vertex 40127.9766 27955.5645 30986.4824
  endloop
 endfacet
facet normal 0.381012231 -0.83768189 0.391303927
  outer loop
   vertex 40208.0898 27974.2539 30948.4824
   vertex 40166.0703 28000.9746 31046.6016
   vertex 40127.9766 27955.5645 30986.4824
  endloop
 endfacet
facet normal -0.210883632 -0.969905019 0.121706024
  outer loop
   vertex 40042.668 27980.5176 31037.5234
   vertex 40094.7109 27955.7617 30930.4082
   vertex 40127.9766 27955.5645 30986.4824
  endloop
 endfacet
facet normal 0.337319523 -0.905517936 -0.257396162
  outer loop
   vertex 39536.707 28014.1133 30853.7305
   vertex 39579.1094 28037.3125 30827.6816
   vertex 39564.3672 28005.1738 30921.4238
  endloop
 endfacet
facet normal 0.192451164 -0.953567266 -0.231672272
  outer loop
   vertex 40154.1445 27995.6074 30815.7793
   vertex 40208.0898 27974.2539 30948.4824
   vertex 40094.7109 27955.7617 30930.4082
  endloop
 endfacet
facet normal -0.13964422 -0.887169361 -0.439806789
  outer loop
   vertex 39752.9219 28059.8574 30798.1426
   vertex 39992.4688 28049.7109 30742.5508
   vertex 39947.1055 27979.0293 30899.5332
  endloop
 endfacet
facet normal -0.0712620914 -0.930126607 -0.360258609
  outer loop
   vertex 40154.1445 27995.6074 30815.7793
   vertex 40094.7109 27955.7617 30930.4082
   vertex 39947.1055 27979.0293 30899.5332
  endloop
 endfacet
facet normal -0.140466198 -0.887635052 -0.438603789
  outer loop
   vertex 39947.1055 27979.0293 30899.5332
   vertex 39738.7773 27976.084 30972.2129
   vertex 39752.9219 28059.8574 30798.1426
  endloop
 endfacet
facet normal -0.182068259 -0.973751962 0.136595339
  outer loop
   vertex 40094.7109 27955.7617 30930.4082
   vertex 40042.668 27980.5176 31037.5234
   vertex 39947.1055 27979.0293 30899.5332
  endloop
 endfacet
facet normal -0.662389278 -0.728563547 0.174458042
  outer loop
   vertex 39564.3672 28005.1738 30921.4238
   vertex 39484.8711 28062.041 30857.0762
   vertex 39536.707 28014.1133 30853.7305
  endloop
 endfacet
facet normal -0.321532786 -0.870668173 -0.372227907
  outer loop
   vertex 39484.8711 28062.041 30857.0762
   vertex 39564.3672 28005.1738 30921.4238
   vertex 39371.7422 28050.8535 30980.9648
  endloop
 endfacet
facet normal -0.410773814 -0.324302942 -0.852110624
  outer loop
   vertex 39351.2305 28119.166 30899.7598
   vertex 39445.8789 28186.25 30828.6016
   vertex 39484.8711 28062.041 30857.0762
  endloop
 endfacet
facet normal 0.0726727769 -0.991618037 0.106828421
  outer loop
   vertex 39614.8086 27974.0977 31038.1035
   vertex 39738.7773 27976.084 30972.2129
   vertex 39695.457 27992.9004 31157.7715
  endloop
 endfacet
facet normal -0.0990816206 -0.992831767 0.0668424368
  outer loop
   vertex 39871.7852 27969.0098 31064.2988
   vertex 39695.457 27992.9004 31157.7715
   vertex 39738.7773 27976.084 30972.2129
  endloop
 endfacet
facet normal -0.251042843 -0.965327024 -0.0715631172
  outer loop
   vertex 39564.3672 28005.1738 30921.4238
   vertex 39467.8555 28015.1211 31125.8203
   vertex 39371.7422 28050.8535 30980.9648
  endloop
 endfacet
facet normal -0.326941192 -0.938773394 -0.108692154
  outer loop
   vertex 39564.3672 28005.1738 30921.4238
   vertex 39614.8086 27974.0977 31038.1035
   vertex 39467.8555 28015.1211 31125.8203
  endloop
 endfacet
facet normal -0.505160213 -0.507480085 -0.698052347
  outer loop
   vertex 38903.0859 28133.6055 31206.8477
   vertex 39002.6367 28242.1309 31055.9082
   vertex 39068.0664 28130.5059 31089.707
  endloop
 endfacet
facet normal -0.00840221532 -0.997880816 -0.0645232871
  outer loop
   vertex 39738.7773 27976.084 30972.2129
   vertex 39947.1055 27979.0293 30899.5332
   vertex 39871.7852 27969.0098 31064.2988
  endloop
 endfacet
facet normal 0.485163271 -0.820499957 0.302318364
  outer loop
   vertex 40845.1445 28266.8906 30934.5215
   vertex 40666.7188 28153.2695 30912.4961
   vertex 40729.3945 28126.1016 30738.1758
  endloop
 endfacet
facet normal -0.127313942 -0.963100433 0.237125948
  outer loop
   vertex 39467.8555 28015.1211 31125.8203
   vertex 39614.8086 27974.0977 31038.1035
   vertex 39695.457 27992.9004 31157.7715
  endloop
 endfacet
facet normal 0.00203993567 -0.967924833 0.251231581
  outer loop
   vertex 39871.7852 27969.0098 31064.2988
   vertex 39844.6055 27999.6074 31182.4023
   vertex 39695.457 27992.9004 31157.7715
  endloop
 endfacet
facet normal 0.0771745741 -0.754694164 0.651521862
  outer loop
   vertex 40042.668 27980.5176 31037.5234
   vertex 40166.0703 28000.9746 31046.6016
   vertex 40124.5977 28126.9727 31197.4629
  endloop
 endfacet
facet normal 0.395077467 -0.769314051 0.50206548
  outer loop
   vertex 39960.3672 28012.875 31151.8652
   vertex 40042.668 27980.5176 31037.5234
   vertex 40124.5977 28126.9727 31197.4629
  endloop
 endfacet
facet normal -0.108300574 -0.417184412 -0.902345896
  outer loop
   vertex 38717.5273 28268.8906 31166.5703
   vertex 38903.0859 28133.6055 31206.8477
   vertex 38748.2891 28162.1465 31212.2305
  endloop
 endfacet
facet normal -0.675519645 -0.532550514 -0.50996387
  outer loop
   vertex 37859.9727 28245.9688 31750.0391
   vertex 37819.4805 28347.7051 31697.4375
   vertex 37912.4531 28285.6133 31639.1211
  endloop
 endfacet
facet normal -0.851411402 -0.213409007 -0.479119211
  outer loop
   vertex 37859.9727 28245.9688 31750.0391
   vertex 37912.4531 28285.6133 31639.1211
   vertex 37899.2969 28234.5879 31685.2324
  endloop
 endfacet
facet normal -0.494359076 -0.458379209 -0.738578081
  outer loop
   vertex 38642.7305 28129.8008 31302.959
   vertex 38717.5273 28268.8906 31166.5703
   vertex 38748.2891 28162.1465 31212.2305
  endloop
 endfacet
facet normal 0.223627537 -0.598833144 -0.76901859
  outer loop
   vertex 38518.2227 28205.3262 31233.5547
   vertex 38488.043 28137.2578 31277.7812
   vertex 38453.9453 28151.2656 31256.959
  endloop
 endfacet
facet normal -0.255244553 -0.444687963 -0.858546913
  outer loop
   vertex 38518.2227 28205.3262 31233.5547
   vertex 38543.582 28142.8242 31258.3867
   vertex 38488.043 28137.2578 31277.7812
  endloop
 endfacet
facet normal 0.0549615733 -0.989157557 -0.136185572
  outer loop
   vertex 38460.5742 28106.3086 31400.0703
   vertex 38642.7305 28129.8008 31302.959
   vertex 38559.9883 28095.2422 31520.5742
  endloop
 endfacet
facet normal -0.168966919 -0.961453736 -0.216925964
  outer loop
   vertex 38697.3711 28088.6523 31442.7773
   vertex 38559.9883 28095.2422 31520.5742
   vertex 38642.7305 28129.8008 31302.959
  endloop
 endfacet
facet normal -0.52682507 0.278717548 -0.802976906
  outer loop
   vertex 38395.6367 28171.416 31302.209
   vertex 38518.2227 28205.3262 31233.5547
   vertex 38453.9453 28151.2656 31256.959
  endloop
 endfacet
facet normal 0.132434994 -0.708321571 -0.693355262
  outer loop
   vertex 38453.9453 28151.2656 31256.959
   vertex 38488.043 28137.2578 31277.7812
   vertex 38439.3047 28139.8887 31265.7852
  endloop
 endfacet
facet normal -0.326781899 -0.651922643 -0.684259057
  outer loop
   vertex 38903.0859 28133.6055 31206.8477
   vertex 38717.5273 28268.8906 31166.5703
   vertex 39002.6367 28242.1309 31055.9082
  endloop
 endfacet
facet normal -0.00656326767 -0.969061852 -0.246730775
  outer loop
   vertex 38460.5742 28106.3086 31400.0703
   vertex 38488.043 28137.2578 31277.7812
   vertex 38642.7305 28129.8008 31302.959
  endloop
 endfacet
facet normal -0.173555076 -0.846302748 -0.503637016
  outer loop
   vertex 38642.7305 28129.8008 31302.959
   vertex 38748.2891 28162.1465 31212.2305
   vertex 38903.0859 28133.6055 31206.8477
  endloop
 endfacet
facet normal -0.0737054944 -0.968466461 -0.237992004
  outer loop
   vertex 38832.9844 28092.6016 31395.4141
   vertex 38642.7305 28129.8008 31302.959
   vertex 38903.0859 28133.6055 31206.8477
  endloop
 endfacet
facet normal -0.0664964244 -0.969583511 -0.235554859
  outer loop
   vertex 38832.9844 28092.6016 31395.4141
   vertex 38903.0859 28133.6055 31206.8477
   vertex 39054.6484 28087.1387 31355.3223
  endloop
 endfacet
facet normal -0.222768784 -0.971846402 -0.0767376572
  outer loop
   vertex 38903.0859 28133.6055 31206.8477
   vertex 39191.7773 28072.0508 31148.3164
   vertex 39054.6484 28087.1387 31355.3223
  endloop
 endfacet
facet normal -0.262152553 -0.901100755 -0.3453888
  outer loop
   vertex 38903.0859 28133.6055 31206.8477
   vertex 39068.0664 28130.5059 31089.707
   vertex 39191.7773 28072.0508 31148.3164
  endloop
 endfacet
facet normal -0.228128508 -0.886482358 -0.402624369
  outer loop
   vertex 39068.0664 28130.5059 31089.707
   vertex 39198.5547 28139.9629 30994.9531
   vertex 39191.7773 28072.0508 31148.3164
  endloop
 endfacet
facet normal -0.44745478 -0.810235739 -0.378552914
  outer loop
   vertex 39198.5547 28139.9629 30994.9531
   vertex 39371.7422 28050.8535 30980.9648
   vertex 39191.7773 28072.0508 31148.3164
  endloop
 endfacet
facet normal -0.208840832 -0.972680748 -0.10137891
  outer loop
   vertex 39371.7422 28050.8535 30980.9648
   vertex 39467.8555 28015.1211 31125.8203
   vertex 39191.7773 28072.0508 31148.3164
  endloop
 endfacet
facet normal 0.500992298 -0.64208591 0.580286503
  outer loop
   vertex 40455.0469 28195.248 31144.0703
   vertex 40479.0859 28119.2012 31039.1699
   vertex 40628.9688 28254.8438 31059.8574
  endloop
 endfacet
facet normal 0.324246287 -0.727817774 0.604272842
  outer loop
   vertex 40329.5 28181.1738 31194.4844
   vertex 40314.8359 28063.793 31060.9766
   vertex 40455.0469 28195.248 31144.0703
  endloop
 endfacet
facet normal 0.394518703 -0.875719965 0.278333426
  outer loop
   vertex 40543.0898 28071.5859 30830.7246
   vertex 40729.3945 28126.1016 30738.1758
   vertex 40666.7188 28153.2695 30912.4961
  endloop
 endfacet
facet normal 0.340135753 -0.850010335 0.402231425
  outer loop
   vertex 40314.8359 28063.793 31060.9766
   vertex 40409.4531 28037.9531 30926.3574
   vertex 40479.0859 28119.2012 31039.1699
  endloop
 endfacet
facet normal 0.35312137 -0.84885484 0.393383712
  outer loop
   vertex 40409.4531 28037.9531 30926.3574
   vertex 40551.8672 28112.9844 30960.4258
   vertex 40479.0859 28119.2012 31039.1699
  endloop
 endfacet
facet normal 0.431978345 -0.779696405 0.453286022
  outer loop
   vertex 40307.3594 27995.8164 30951.1719
   vertex 40409.4531 28037.9531 30926.3574
   vertex 40314.8359 28063.793 31060.9766
  endloop
 endfacet
facet normal -0.0574908033 -0.997745037 0.0346364565
  outer loop
   vertex 39054.6484 28087.1387 31355.3223
   vertex 39191.7773 28072.0508 31148.3164
   vertex 39299.4062 28072.1855 31330.8574
  endloop
 endfacet
facet normal -0.691259384 -0.452238768 -0.56359607
  outer loop
   vertex 37739.8867 28308.1914 31822.7812
   vertex 37691.9688 28430.1973 31783.6543
   vertex 37757.2422 28390.1055 31735.7656
  endloop
 endfacet
facet normal -0.191750705 -0.974825799 0.113781936
  outer loop
   vertex 39467.8555 28015.1211 31125.8203
   vertex 39299.4062 28072.1855 31330.8574
   vertex 39191.7773 28072.0508 31148.3164
  endloop
 endfacet
facet normal -0.138509557 -0.930278122 0.339702338
  outer loop
   vertex 39695.457 27992.9004 31157.7715
   vertex 39543.9648 28078.207 31329.6172
   vertex 39467.8555 28015.1211 31125.8203
  endloop
 endfacet
facet normal -0.000984221464 -0.960448503 -0.278455973
  outer loop
   vertex 38488.043 28137.2578 31277.7812
   vertex 38543.582 28142.8242 31258.3867
   vertex 38642.7305 28129.8008 31302.959
  endloop
 endfacet
facet normal -0.0624693669 -0.963792384 -0.259233207
  outer loop
   vertex 38642.7305 28129.8008 31302.959
   vertex 38832.9844 28092.6016 31395.4141
   vertex 38697.3711 28088.6523 31442.7773
  endloop
 endfacet
facet normal 0.0304232575 -0.993512452 0.109578267
  outer loop
   vertex 38762.5273 28109.2656 31566.0605
   vertex 38832.9844 28092.6016 31395.4141
   vertex 38946.582 28109.5312 31517.3691
  endloop
 endfacet
facet normal -0.0550886914 -0.912839413 0.40458557
  outer loop
   vertex 39695.457 27992.9004 31157.7715
   vertex 39692.7695 28051.2656 31289.0938
   vertex 39543.9648 28078.207 31329.6172
  endloop
 endfacet
facet normal 0.0259332974 -0.913304627 0.406450599
  outer loop
   vertex 39695.457 27992.9004 31157.7715
   vertex 39778.3438 28041.1602 31260.9238
   vertex 39692.7695 28051.2656 31289.0938
  endloop
 endfacet
facet normal 0.24022992 -0.769701481 0.591480553
  outer loop
   vertex 38919.9688 28193.8828 31715.4707
   vertex 39011.4258 28288.0332 31800.8438
   vertex 38897.1914 28304.752 31868.9961
  endloop
 endfacet
facet normal 0.373248369 -0.724954963 0.578900635
  outer loop
   vertex 38919.9688 28193.8828 31715.4707
   vertex 38897.1914 28304.752 31868.9961
   vertex 38790.5156 28232.541 31847.3457
  endloop
 endfacet
facet normal 0.0730814189 -0.989235878 0.126773313
  outer loop
   vertex 38762.5273 28109.2656 31566.0605
   vertex 38697.3711 28088.6523 31442.7773
   vertex 38832.9844 28092.6016 31395.4141
  endloop
 endfacet
facet normal 0.321796447 -0.458719879 0.828265131
  outer loop
   vertex 39449.8516 28350.8535 31628.6152
   vertex 39269.6992 28405.6797 31728.9746
   vertex 39317.4648 28257.0078 31628.0762
  endloop
 endfacet
facet normal 0.249036059 -0.742989302 0.621247053
  outer loop
   vertex 39960.3672 28012.875 31151.8652
   vertex 39901.7266 28085.7188 31262.4902
   vertex 39844.6055 27999.6074 31182.4023
  endloop
 endfacet
facet normal 0.261102021 -0.744579673 0.614350796
  outer loop
   vertex 39778.3438 28041.1602 31260.9238
   vertex 39844.6055 27999.6074 31182.4023
   vertex 39901.7266 28085.7188 31262.4902
  endloop
 endfacet
facet normal 0.206526831 -0.745962143 0.633156478
  outer loop
   vertex 40314.8359 28063.793 31060.9766
   vertex 40329.5 28181.1738 31194.4844
   vertex 40124.5977 28126.9727 31197.4629
  endloop
 endfacet
facet normal 0.315526038 -0.707073987 0.632842541
  outer loop
   vertex 39901.7266 28085.7188 31262.4902
   vertex 39960.3672 28012.875 31151.8652
   vertex 40124.5977 28126.9727 31197.4629
  endloop
 endfacet
facet normal 0.00255665509 -0.996395588 0.0847897604
  outer loop
   vertex 38396.5586 28112.8477 31732.9355
   vertex 38251.3672 28105.5801 31651.9219
   vertex 38375.8594 28096.7422 31544.3008
  endloop
 endfacet
facet normal 0.168625966 -0.646363676 0.744163454
  outer loop
   vertex 39778.3438 28041.1602 31260.9238
   vertex 39733.4805 28170.5254 31383.4551
   vertex 39692.7695 28051.2656 31289.0938
  endloop
 endfacet
facet normal 0.218124434 -0.63016963 0.745189905
  outer loop
   vertex 39778.3438 28041.1602 31260.9238
   vertex 39901.7266 28085.7188 31262.4902
   vertex 39733.4805 28170.5254 31383.4551
  endloop
 endfacet
facet normal 0.451637745 -0.467260003 0.760060132
  outer loop
   vertex 39449.8516 28350.8535 31628.6152
   vertex 39517.3945 28222.2676 31509.4297
   vertex 39638.3125 28392.5996 31542.293
  endloop
 endfacet
facet normal 0.32256794 -0.455315053 0.82984221
  outer loop
   vertex 39803.3008 28325.2871 31441.2285
   vertex 39638.3125 28392.5996 31542.293
   vertex 39733.4805 28170.5254 31383.4551
  endloop
 endfacet
facet normal 0.154027343 -0.959635019 0.235321462
  outer loop
   vertex 38946.582 28109.5312 31517.3691
   vertex 39054.6484 28087.1387 31355.3223
   vertex 39155.2695 28148.8945 31541.2988
  endloop
 endfacet
facet normal -0.0250033066 -0.944624305 0.327199936
  outer loop
   vertex 39054.6484 28087.1387 31355.3223
   vertex 39299.4062 28072.1855 31330.8574
   vertex 39155.2695 28148.8945 31541.2988
  endloop
 endfacet
facet normal 0.177159712 -0.228237972 0.957351506
  outer loop
   vertex 39147.3828 28279.3848 31721.5
   vertex 39254.8789 28307.4453 31708.2969
   vertex 39269.6992 28405.6797 31728.9746
  endloop
 endfacet
facet normal 0.413860649 -0.434081942 0.800182641
  outer loop
   vertex 38897.1914 28304.752 31868.9961
   vertex 39011.4258 28288.0332 31800.8438
   vertex 39052.1523 28406.7617 31844.1875
  endloop
 endfacet
facet normal 0.163618684 -0.755067527 0.634903133
  outer loop
   vertex 39317.4648 28257.0078 31628.0762
   vertex 39155.2695 28148.8945 31541.2988
   vertex 39372.4609 28140.957 31475.8887
  endloop
 endfacet
facet normal 0.0845282525 -0.916142464 0.391839176
  outer loop
   vertex 39299.4062 28072.1855 31330.8574
   vertex 39372.4609 28140.957 31475.8887
   vertex 39155.2695 28148.8945 31541.2988
  endloop
 endfacet
facet normal 0.137133136 -0.94681716 0.29108727
  outer loop
   vertex 38396.5586 28112.8477 31732.9355
   vertex 38416.6289 28166.4863 31897.9531
   vertex 38254.5781 28129.0566 31852.5488
  endloop
 endfacet
facet normal 0.119766064 -0.932349563 0.341145635
  outer loop
   vertex 38309.9219 28199.6973 32026.1816
   vertex 38254.5781 28129.0566 31852.5488
   vertex 38416.6289 28166.4863 31897.9531
  endloop
 endfacet
facet normal -0.0772657469 -0.996982336 -0.00749784987
  outer loop
   vertex 38375.8594 28096.7422 31544.3008
   vertex 38251.3672 28105.5801 31651.9219
   vertex 38270.5625 28104.7539 31564.0156
  endloop
 endfacet
facet normal -0.413137227 -0.779762626 -0.470412463
  outer loop
   vertex 38274.4688 28188.6016 31380.1367
   vertex 38395.6367 28171.416 31302.209
   vertex 38336.0039 28132.2988 31419.4219
  endloop
 endfacet
facet normal -0.433291942 -0.875856519 -0.212446392
  outer loop
   vertex 38033.168 28147.3184 31771.3047
   vertex 37957.7539 28202.9434 31695.7852
   vertex 38081.2969 28153.5176 31647.584
  endloop
 endfacet
facet normal -0.293185472 -0.942354858 -0.161274865
  outer loop
   vertex 38138.0703 28119.2832 31744.418
   vertex 38033.168 28147.3184 31771.3047
   vertex 38081.2969 28153.5176 31647.584
  endloop
 endfacet
facet normal -0.225036427 -0.965768576 0.129033446
  outer loop
   vertex 38091.1445 28154.3008 31924.6797
   vertex 38033.168 28147.3184 31771.3047
   vertex 38138.0703 28119.2832 31744.418
  endloop
 endfacet
facet normal -0.0762725621 -0.982318878 0.170973942
  outer loop
   vertex 38254.5781 28129.0566 31852.5488
   vertex 38091.1445 28154.3008 31924.6797
   vertex 38138.0703 28119.2832 31744.418
  endloop
 endfacet
facet normal -0.0658252686 -0.978899717 0.193448782
  outer loop
   vertex 38254.5781 28129.0566 31852.5488
   vertex 38209.082 28156.5449 31976.166
   vertex 38091.1445 28154.3008 31924.6797
  endloop
 endfacet
facet normal 0.240781546 -0.928134382 -0.283885121
  outer loop
   vertex 38460.5742 28106.3086 31400.0703
   vertex 38559.9883 28095.2422 31520.5742
   vertex 38460.5195 28080.8789 31483.166
  endloop
 endfacet
facet normal -0.230102152 -0.964325011 0.130882651
  outer loop
   vertex 38091.1445 28154.3008 31924.6797
   vertex 37938.5703 28182.1328 31861.5098
   vertex 38033.168 28147.3184 31771.3047
  endloop
 endfacet
facet normal -0.176628903 -0.748536646 -0.639136255
  outer loop
   vertex 38375.8594 28096.7422 31544.3008
   vertex 38270.5625 28104.7539 31564.0156
   vertex 38208.8438 28162.3242 31513.6484
  endloop
 endfacet
facet normal -0.335812241 -0.928708673 -0.157259002
  outer loop
   vertex 38336.0039 28132.2988 31419.4219
   vertex 38375.8594 28096.7422 31544.3008
   vertex 38208.8438 28162.3242 31513.6484
  endloop
 endfacet
facet normal -0.0355473943 -0.995407224 0.0888868123
  outer loop
   vertex 38396.5586 28112.8477 31732.9355
   vertex 38375.8594 28096.7422 31544.3008
   vertex 38484.5039 28102.1777 31648.6191
  endloop
 endfacet
facet normal -0.229586184 -0.952923775 -0.198056594
  outer loop
   vertex 38375.8594 28096.7422 31544.3008
   vertex 38336.0039 28132.2988 31419.4219
   vertex 38460.5742 28106.3086 31400.0703
  endloop
 endfacet
facet normal -0.247296274 -0.874331236 -0.417599589
  outer loop
   vertex 38395.6367 28171.416 31302.209
   vertex 38460.5742 28106.3086 31400.0703
   vertex 38336.0039 28132.2988 31419.4219
  endloop
 endfacet
facet normal -0.0744762197 -0.930397928 -0.358905226
  outer loop
   vertex 38251.3672 28105.5801 31651.9219
   vertex 38161.0625 28119.793 31633.8184
   vertex 38208.8438 28162.3242 31513.6484
  endloop
 endfacet
facet normal -0.618710816 -0.775150836 -0.127820715
  outer loop
   vertex 38270.5625 28104.7539 31564.0156
   vertex 38251.3672 28105.5801 31651.9219
   vertex 38208.8438 28162.3242 31513.6484
  endloop
 endfacet
facet normal -0.474496067 -0.789796829 -0.388683021
  outer loop
   vertex 38274.4688 28188.6016 31380.1367
   vertex 38336.0039 28132.2988 31419.4219
   vertex 38208.8438 28162.3242 31513.6484
  endloop
 endfacet
facet normal -0.640082598 -0.630700767 -0.438760489
  outer loop
   vertex 38274.4688 28188.6016 31380.1367
   vertex 38208.8438 28162.3242 31513.6484
   vertex 38215.4453 28238.0137 31395.2129
  endloop
 endfacet
facet normal -0.455470175 -0.881924093 -0.121477872
  outer loop
   vertex 37957.7539 28202.9434 31695.7852
   vertex 37859.9727 28245.9688 31750.0391
   vertex 37899.2969 28234.5879 31685.2324
  endloop
 endfacet
facet normal -0.672118843 -0.467528403 -0.57417202
  outer loop
   vertex 37819.4805 28347.7051 31697.4375
   vertex 37739.8867 28308.1914 31822.7812
   vertex 37757.2422 28390.1055 31735.7656
  endloop
 endfacet
facet normal -0.622750521 -0.540416777 -0.56580168
  outer loop
   vertex 37819.4805 28347.7051 31697.4375
   vertex 37859.9727 28245.9688 31750.0391
   vertex 37739.8867 28308.1914 31822.7812
  endloop
 endfacet
facet normal 0.27541548 -0.772847533 0.571710587
  outer loop
   vertex 39155.2695 28148.8945 31541.2988
   vertex 39147.3828 28279.3848 31721.5
   vertex 38919.9688 28193.8828 31715.4707
  endloop
 endfacet
facet normal 0.124833308 -0.9067114 0.402853608
  outer loop
   vertex 39155.2695 28148.8945 31541.2988
   vertex 38919.9688 28193.8828 31715.4707
   vertex 38946.582 28109.5312 31517.3691
  endloop
 endfacet
facet normal -0.570568502 -0.717782438 -0.399048865
  outer loop
   vertex 37739.5352 28253.7812 31921.1543
   vertex 37674.5391 28286.4023 31955.4102
   vertex 37739.8867 28308.1914 31822.7812
  endloop
 endfacet
facet normal -0.584184945 -0.704197884 -0.403526098
  outer loop
   vertex 37739.8867 28308.1914 31822.7812
   vertex 37674.5391 28286.4023 31955.4102
   vertex 37631.6875 28355.1348 31897.5
  endloop
 endfacet
facet normal 0.416235477 -0.449886084 0.79015857
  outer loop
   vertex 39269.6992 28405.6797 31728.9746
   vertex 39052.1523 28406.7617 31844.1875
   vertex 39147.3828 28279.3848 31721.5
  endloop
 endfacet
facet normal 0.460695267 -0.168260261 0.871463358
  outer loop
   vertex 39269.6992 28405.6797 31728.9746
   vertex 39148.3438 28521.1289 31815.418
   vertex 39052.1523 28406.7617 31844.1875
  endloop
 endfacet
facet normal 0.682156205 -0.247722507 0.687965453
  outer loop
   vertex 39269.6992 28405.6797 31728.9746
   vertex 39254.8789 28307.4453 31708.2969
   vertex 39317.4648 28257.0078 31628.0762
  endloop
 endfacet
facet normal 0.278123796 -0.779331505 0.56150651
  outer loop
   vertex 39147.3828 28279.3848 31721.5
   vertex 39011.4258 28288.0332 31800.8438
   vertex 38919.9688 28193.8828 31715.4707
  endloop
 endfacet
facet normal -0.0176894739 -0.906873822 0.42103076
  outer loop
   vertex 38510.3047 28294.5352 32053.5176
   vertex 38617.582 28172.6699 31795.5312
   vertex 38616.1758 28244.377 31949.9258
  endloop
 endfacet
facet normal 0.281537682 -0.817110658 0.503057361
  outer loop
   vertex 38416.6289 28166.4863 31897.9531
   vertex 38617.582 28172.6699 31795.5312
   vertex 38510.3047 28294.5352 32053.5176
  endloop
 endfacet
facet normal 0.332798541 -0.489447773 0.806031048
  outer loop
   vertex 39733.4805 28170.5254 31383.4551
   vertex 39901.7266 28085.7188 31262.4902
   vertex 39933.8828 28255.9316 31352.5723
  endloop
 endfacet
facet normal 0.326522529 -0.489577085 0.808515489
  outer loop
   vertex 39933.8828 28255.9316 31352.5723
   vertex 39901.7266 28085.7188 31262.4902
   vertex 40124.5977 28126.9727 31197.4629
  endloop
 endfacet
facet normal 0.52424103 -0.661131322 0.536727786
  outer loop
   vertex 40479.0859 28119.2012 31039.1699
   vertex 40551.8672 28112.9844 30960.4258
   vertex 40628.9688 28254.8438 31059.8574
  endloop
 endfacet
facet normal 0.509426355 -0.451797724 0.732368469
  outer loop
   vertex 40628.9688 28254.8438 31059.8574
   vertex 40511.2109 28339.0312 31193.7012
   vertex 40455.0469 28195.248 31144.0703
  endloop
 endfacet
facet normal -0.385066777 -0.342815369 -0.856855392
  outer loop
   vertex 38395.6367 28171.416 31302.209
   vertex 38389.4688 28285.0977 31259.498
   vertex 38518.2227 28205.3262 31233.5547
  endloop
 endfacet
facet normal -0.476098776 -0.525769711 -0.704908609
  outer loop
   vertex 38208.8438 28162.3242 31513.6484
   vertex 38041.7773 28245.8496 31564.1855
   vertex 38159.4805 28343.7305 31411.6836
  endloop
 endfacet
facet normal -0.859796643 -0.407170147 -0.308159381
  outer loop
   vertex 38208.8438 28162.3242 31513.6484
   vertex 38159.4805 28343.7305 31411.6836
   vertex 38215.4453 28238.0137 31395.2129
  endloop
 endfacet
facet normal -0.502393842 -0.688023269 -0.523664415
  outer loop
   vertex 38081.2969 28153.5176 31647.584
   vertex 38041.7773 28245.8496 31564.1855
   vertex 38208.8438 28162.3242 31513.6484
  endloop
 endfacet
facet normal -0.485402137 -0.691259742 -0.535298765
  outer loop
   vertex 38081.2969 28153.5176 31647.584
   vertex 37957.7539 28202.9434 31695.7852
   vertex 38041.7773 28245.8496 31564.1855
  endloop
 endfacet
facet normal -0.518595338 -0.658217132 -0.545718849
  outer loop
   vertex 37912.4531 28285.6133 31639.1211
   vertex 38041.7773 28245.8496 31564.1855
   vertex 37957.7539 28202.9434 31695.7852
  endloop
 endfacet
facet normal -0.581211329 0.124141194 -0.804227769
  outer loop
   vertex 38439.3047 28139.8887 31265.7852
   vertex 38395.6367 28171.416 31302.209
   vertex 38453.9453 28151.2656 31256.959
  endloop
 endfacet
facet normal -0.563975096 -0.465553284 -0.682050049
  outer loop
   vertex 38215.4453 28238.0137 31395.2129
   vertex 38260.0859 28284.6543 31326.4648
   vertex 38274.4688 28188.6016 31380.1367
  endloop
 endfacet
facet normal -0.524499416 -0.850904822 -0.029349342
  outer loop
   vertex 38159.4805 28343.7305 31411.6836
   vertex 38200.3867 28321.0332 31338.6953
   vertex 38260.0859 28284.6543 31326.4648
  endloop
 endfacet
facet normal -0.710325003 -0.275116861 -0.647880495
  outer loop
   vertex 38215.4453 28238.0137 31395.2129
   vertex 38159.4805 28343.7305 31411.6836
   vertex 38260.0859 28284.6543 31326.4648
  endloop
 endfacet
facet normal -0.431751102 -0.337665439 -0.8364048
  outer loop
   vertex 38260.0859 28284.6543 31326.4648
   vertex 38389.4688 28285.0977 31259.498
   vertex 38395.6367 28171.416 31302.209
  endloop
 endfacet
facet normal -0.423231572 0.127281874 -0.897036433
  outer loop
   vertex 38328.543 28590.0137 31315.582
   vertex 38428.418 28560.3066 31264.2441
   vertex 38303.0195 28420.5332 31303.5762
  endloop
 endfacet
facet normal -0.506870925 -0.532004237 -0.678272307
  outer loop
   vertex 38370.1875 28602.4668 31274.6934
   vertex 38428.418 28560.3066 31264.2441
   vertex 38328.543 28590.0137 31315.582
  endloop
 endfacet
facet normal -0.522845566 -0.47412315 -0.708406508
  outer loop
   vertex 38395.6367 28171.416 31302.209
   vertex 38274.4688 28188.6016 31380.1367
   vertex 38260.0859 28284.6543 31326.4648
  endloop
 endfacet
facet normal -0.548492074 -0.390565425 -0.739334226
  outer loop
   vertex 38041.7773 28245.8496 31564.1855
   vertex 37912.4531 28285.6133 31639.1211
   vertex 37988.625 28370.4609 31537.791
  endloop
 endfacet
facet normal 0.549202085 0.448080361 0.705408394
  outer loop
   vertex 39636.6914 28563.0645 31558.7012
   vertex 39864.6602 28492.873 31425.8027
   vertex 39681.4648 28632.5 31479.7383
  endloop
 endfacet
facet normal 0.600376487 0.571698666 0.559203625
  outer loop
   vertex 39768.8164 28655.2578 31362.6895
   vertex 39681.4648 28632.5 31479.7383
   vertex 39864.6602 28492.873 31425.8027
  endloop
 endfacet
facet normal -0.076706484 0.715186954 -0.694711268
  outer loop
   vertex 38910.5195 28647.5195 31212.6504
   vertex 38724.4062 28664.0039 31250.1719
   vertex 38878.7227 28754.6133 31326.4121
  endloop
 endfacet
facet normal 0.256138325 -0.721795142 0.642965734
  outer loop
   vertex 39517.3945 28222.2676 31509.4297
   vertex 39317.4648 28257.0078 31628.0762
   vertex 39372.4609 28140.957 31475.8887
  endloop
 endfacet
facet normal 0.266109109 -0.732713878 0.626351595
  outer loop
   vertex 39517.3945 28222.2676 31509.4297
   vertex 39372.4609 28140.957 31475.8887
   vertex 39543.9648 28078.207 31329.6172
  endloop
 endfacet
facet normal 0.331963003 -0.0952485502 0.938471258
  outer loop
   vertex 40823.6875 28427.7207 31055.459
   vertex 40812.5156 28570.5273 31073.9062
   vertex 40631.4844 28483.2676 31129.084
  endloop
 endfacet
facet normal 0.456270099 -0.495113075 0.739378572
  outer loop
   vertex 40845.1445 28266.8906 30934.5215
   vertex 40823.6875 28427.7207 31055.459
   vertex 40628.9688 28254.8438 31059.8574
  endloop
 endfacet
facet normal 0.381142616 -0.712698519 0.588889718
  outer loop
   vertex 40666.7188 28153.2695 30912.4961
   vertex 40845.1445 28266.8906 30934.5215
   vertex 40628.9688 28254.8438 31059.8574
  endloop
 endfacet
facet normal 0.271075547 -0.281913161 0.920349419
  outer loop
   vertex 40628.9688 28254.8438 31059.8574
   vertex 40823.6875 28427.7207 31055.459
   vertex 40631.4844 28483.2676 31129.084
  endloop
 endfacet
facet normal 0.474234015 -0.663420737 0.57877028
  outer loop
   vertex 40551.8672 28112.9844 30960.4258
   vertex 40666.7188 28153.2695 30912.4961
   vertex 40628.9688 28254.8438 31059.8574
  endloop
 endfacet
facet normal 0.565833151 -0.45775184 0.68578136
  outer loop
   vertex 40411.5039 28272.1582 31231.332
   vertex 40455.0469 28195.248 31144.0703
   vertex 40511.2109 28339.0312 31193.7012
  endloop
 endfacet
facet normal 0.353790283 -0.607047379 0.711565793
  outer loop
   vertex 40329.5 28181.1738 31194.4844
   vertex 40455.0469 28195.248 31144.0703
   vertex 40411.5039 28272.1582 31231.332
  endloop
 endfacet
facet normal 0.129363671 -0.118892148 0.984443843
  outer loop
   vertex 40294.4453 28300.2188 31268.0645
   vertex 40409.6992 28375.6348 31262.0273
   vertex 40304.5 28499.1543 31290.7676
  endloop
 endfacet
facet normal 0.564073384 0.0236769449 0.825385094
  outer loop
   vertex 40511.2109 28339.0312 31193.7012
   vertex 40465.5898 28470.8301 31221.0996
   vertex 40409.6992 28375.6348 31262.0273
  endloop
 endfacet
facet normal 0.480323344 -0.241709873 0.843128562
  outer loop
   vertex 40511.2109 28339.0312 31193.7012
   vertex 40409.6992 28375.6348 31262.0273
   vertex 40411.5039 28272.1582 31231.332
  endloop
 endfacet
facet normal 0.22775799 -0.273252219 0.934590578
  outer loop
   vertex 40411.5039 28272.1582 31231.332
   vertex 40409.6992 28375.6348 31262.0273
   vertex 40294.4453 28300.2188 31268.0645
  endloop
 endfacet
facet normal 0.321903467 -0.455146164 0.830192804
  outer loop
   vertex 39733.4805 28170.5254 31383.4551
   vertex 39933.8828 28255.9316 31352.5723
   vertex 39803.3008 28325.2871 31441.2285
  endloop
 endfacet
facet normal 0.280041963 -0.122816458 0.952099085
  outer loop
   vertex 40121.5703 28370.6621 31327.998
   vertex 40294.4453 28300.2188 31268.0645
   vertex 40304.5 28499.1543 31290.7676
  endloop
 endfacet
facet normal 0.153279215 -0.486494422 0.860132933
  outer loop
   vertex 40329.5 28181.1738 31194.4844
   vertex 40411.5039 28272.1582 31231.332
   vertex 40294.4453 28300.2188 31268.0645
  endloop
 endfacet
facet normal 0.113124095 -0.468060791 0.876425743
  outer loop
   vertex 40124.5977 28126.9727 31197.4629
   vertex 40294.4453 28300.2188 31268.0645
   vertex 40121.5703 28370.6621 31327.998
  endloop
 endfacet
facet normal 0.372950286 -0.434513569 0.819820762
  outer loop
   vertex 39933.8828 28255.9316 31352.5723
   vertex 40124.5977 28126.9727 31197.4629
   vertex 40121.5703 28370.6621 31327.998
  endloop
 endfacet
facet normal 0.255703896 -0.216498882 0.942201555
  outer loop
   vertex 39864.6602 28492.873 31425.8027
   vertex 39933.8828 28255.9316 31352.5723
   vertex 40121.5703 28370.6621 31327.998
  endloop
 endfacet
facet normal -0.716479361 -0.344575703 -0.606568098
  outer loop
   vertex 37631.6875 28355.1348 31897.5
   vertex 37613.0312 28476.8125 31850.418
   vertex 37691.9688 28430.1973 31783.6543
  endloop
 endfacet
facet normal -0.69154501 -0.350448459 -0.63162601
  outer loop
   vertex 37631.6875 28355.1348 31897.5
   vertex 37546.4883 28412.9473 31958.7051
   vertex 37613.0312 28476.8125 31850.418
  endloop
 endfacet
facet normal -0.58806622 0.0497789159 -0.807279468
  outer loop
   vertex 38159.4805 28343.7305 31411.6836
   vertex 37988.625 28370.4609 31537.791
   vertex 38050.4961 28485.3223 31499.8027
  endloop
 endfacet
facet normal -0.758339763 -0.238517687 -0.606654823
  outer loop
   vertex 37546.4883 28412.9473 31958.7051
   vertex 37509.5586 28524.4492 31961.0293
   vertex 37613.0312 28476.8125 31850.418
  endloop
 endfacet
facet normal -0.665126026 -0.205324814 -0.717947841
  outer loop
   vertex 37502.1523 28438.0664 31992.5977
   vertex 37509.5586 28524.4492 31961.0293
   vertex 37546.4883 28412.9473 31958.7051
  endloop
 endfacet
facet normal -0.715345263 -0.467244446 -0.519580424
  outer loop
   vertex 37691.9688 28430.1973 31783.6543
   vertex 37613.0312 28476.8125 31850.418
   vertex 37655.3711 28479.0254 31790.1328
  endloop
 endfacet
facet normal 0.204595387 0.692519426 0.691778541
  outer loop
   vertex 39967.1133 28631.6914 31304.3652
   vertex 40144.1328 28547.7773 31336.0176
   vertex 40183.0312 28638.293 31233.8984
  endloop
 endfacet
facet normal -0.301611036 0.931644678 -0.202654868
  outer loop
   vertex 40535.2656 28766.873 30727.166
   vertex 40476.2695 28772.6367 30841.4668
   vertex 40553.7383 28792.1328 30815.7969
  endloop
 endfacet
facet normal -0.810723841 0.455446035 -0.367825657
  outer loop
   vertex 38203.4805 28588.4746 31435.8809
   vertex 38253.4023 28794.4375 31580.873
   vertex 38256.0195 28702.9297 31461.7988
  endloop
 endfacet
facet normal -0.619136453 0.338464409 -0.708598495
  outer loop
   vertex 38619.4531 28654.3887 31252.3867
   vertex 38607.0938 28556.666 31216.5059
   vertex 38550.6055 28714.498 31341.252
  endloop
 endfacet
facet normal -0.389099449 0.488529354 -0.780987024
  outer loop
   vertex 39334.2383 28518.5781 30999.9492
   vertex 39447.4531 28374.1289 30853.1875
   vertex 39178.1445 28361.9336 30979.7305
  endloop
 endfacet
facet normal -0.213813737 0.852110624 -0.477693558
  outer loop
   vertex 39977.543 28593.5059 30821.1758
   vertex 40239.8594 28685.8516 30868.4902
   vertex 40121.4453 28578.2715 30729.5898
  endloop
 endfacet
facet normal -0.569592118 0.0352323279 -0.821172059
  outer loop
   vertex 37988.625 28370.4609 31537.791
   vertex 37940.7734 28476.9355 31575.5527
   vertex 38050.4961 28485.3223 31499.8027
  endloop
 endfacet
facet normal -0.59449631 0.017914176 -0.803898752
  outer loop
   vertex 37940.7734 28476.9355 31575.5527
   vertex 37988.625 28370.4609 31537.791
   vertex 37885.9375 28393.1797 31614.2363
  endloop
 endfacet
facet normal -0.610394537 -0.318280101 -0.725338697
  outer loop
   vertex 37988.625 28370.4609 31537.791
   vertex 37912.4531 28285.6133 31639.1211
   vertex 37885.9375 28393.1797 31614.2363
  endloop
 endfacet
facet normal -0.152438283 0.443594784 -0.88316828
  outer loop
   vertex 38607.0938 28556.666 31216.5059
   vertex 38724.4062 28664.0039 31250.1719
   vertex 38811.7227 28483.2148 31144.293
  endloop
 endfacet
facet normal -0.669462442 -0.201003671 -0.71513468
  outer loop
   vertex 37293.1914 28534.4297 32167.1152
   vertex 37327.5352 28654.5918 32101.1914
   vertex 37394.8477 28529.5469 32073.3242
  endloop
 endfacet
facet normal -0.763606489 -0.0602490306 -0.642864823
  outer loop
   vertex 37885.9375 28393.1797 31614.2363
   vertex 37819.4805 28347.7051 31697.4375
   vertex 37816.9883 28490.75 31686.9902
  endloop
 endfacet
facet normal -0.557300568 -0.0701308623 -0.827343762
  outer loop
   vertex 37757.2422 28390.1055 31735.7656
   vertex 37816.9883 28490.75 31686.9902
   vertex 37819.4805 28347.7051 31697.4375
  endloop
 endfacet
facet normal -0.602689028 -0.0287034661 -0.797459722
  outer loop
   vertex 37757.2422 28390.1055 31735.7656
   vertex 37691.9688 28430.1973 31783.6543
   vertex 37816.9883 28490.75 31686.9902
  endloop
 endfacet
facet normal -0.660969198 0.0885604694 -0.745168984
  outer loop
   vertex 37940.7734 28476.9355 31575.5527
   vertex 37885.9375 28393.1797 31614.2363
   vertex 37816.9883 28490.75 31686.9902
  endloop
 endfacet
facet normal -0.475715548 0.170838743 -0.862849236
  outer loop
   vertex 38050.4961 28485.3223 31499.8027
   vertex 38203.4805 28588.4746 31435.8809
   vertex 38159.4805 28343.7305 31411.6836
  endloop
 endfacet
facet normal -0.670076609 0.548769593 -0.49984923
  outer loop
   vertex 38159.4805 28343.7305 31411.6836
   vertex 38303.0195 28420.5332 31303.5762
   vertex 38219.0352 28340.9902 31328.8359
  endloop
 endfacet
facet normal -0.301734954 -0.180449709 -0.936159134
  outer loop
   vertex 38260.0859 28284.6543 31326.4648
   vertex 38200.3867 28321.0332 31338.6953
   vertex 38219.0352 28340.9902 31328.8359
  endloop
 endfacet
facet normal -0.348565966 0.550236464 -0.758776367
  outer loop
   vertex 39630.0039 28375.248 30755.1074
   vertex 39619.6055 28498.3574 30849.1582
   vertex 39802.6641 28457.1074 30735.1523
  endloop
 endfacet
facet normal -0.459643632 -0.00436035637 -0.888092756
  outer loop
   vertex 38389.4688 28285.0977 31259.498
   vertex 38260.0859 28284.6543 31326.4648
   vertex 38303.0195 28420.5332 31303.5762
  endloop
 endfacet
facet normal -0.196547121 -0.102157362 -0.975157976
  outer loop
   vertex 38219.0352 28340.9902 31328.8359
   vertex 38303.0195 28420.5332 31303.5762
   vertex 38260.0859 28284.6543 31326.4648
  endloop
 endfacet
facet normal -0.400089711 0.042567838 -0.915486872
  outer loop
   vertex 38303.0195 28420.5332 31303.5762
   vertex 38515.6484 28370.9023 31208.3457
   vertex 38389.4688 28285.0977 31259.498
  endloop
 endfacet
facet normal -0.339800835 0.216086924 -0.915337026
  outer loop
   vertex 38870.0898 28343.0508 31089.5371
   vertex 38811.7227 28483.2148 31144.293
   vertex 38981.5234 28395.4512 31060.5391
  endloop
 endfacet
facet normal -0.251407743 0.165653676 -0.953600049
  outer loop
   vertex 38428.418 28560.3066 31264.2441
   vertex 38607.0938 28556.666 31216.5059
   vertex 38515.6484 28370.9023 31208.3457
  endloop
 endfacet
facet normal -0.283039719 -0.14865607 -0.947517753
  outer loop
   vertex 38518.2227 28205.3262 31233.5547
   vertex 38389.4688 28285.0977 31259.498
   vertex 38515.6484 28370.9023 31208.3457
  endloop
 endfacet
facet normal -0.475802004 0.145486981 -0.867436469
  outer loop
   vertex 39178.1445 28361.9336 30979.7305
   vertex 39158.9609 28233.5078 30968.7148
   vertex 39002.6367 28242.1309 31055.9082
  endloop
 endfacet
facet normal -0.405480653 0.139286026 -0.903429508
  outer loop
   vertex 40357.2227 28350.6816 30496.627
   vertex 40198.6406 28245.6367 30551.6074
   vertex 40059.6875 28426.9023 30641.9199
  endloop
 endfacet
facet normal -0.254398555 0.184414819 -0.949353755
  outer loop
   vertex 39941.1367 28288.3906 30615.9609
   vertex 39853.0273 28258.6699 30633.7969
   vertex 39847.3477 28340.1758 30651.1523
  endloop
 endfacet
facet normal -0.0886918157 -0.305961728 -0.947903574
  outer loop
   vertex 39926.8789 28173.0312 30654.5293
   vertex 39853.0273 28258.6699 30633.7969
   vertex 39941.1367 28288.3906 30615.9609
  endloop
 endfacet
facet normal -0.293264598 -0.0567690693 -0.954344332
  outer loop
   vertex 40357.2227 28350.6816 30496.627
   vertex 40318.8125 28192.1348 30517.8613
   vertex 40198.6406 28245.6367 30551.6074
  endloop
 endfacet
facet normal -0.274491966 -0.0100655267 -0.961536705
  outer loop
   vertex 40233.6289 28174.1758 30542.3672
   vertex 40198.6406 28245.6367 30551.6074
   vertex 40318.8125 28192.1348 30517.8613
  endloop
 endfacet
facet normal -0.784471989 -0.00503193401 -0.620143831
  outer loop
   vertex 40641.4805 28564.3789 30332.5156
   vertex 40651.1094 28539.1816 30320.541
   vertex 40569.9492 28535.4902 30423.2383
  endloop
 endfacet
facet normal -0.518570423 0.80373919 -0.291698635
  outer loop
   vertex 40772.7031 28737.8379 30396.8164
   vertex 40690.5469 28744.4883 30561.1992
   vertex 40860.7539 28809.4824 30437.6875
  endloop
 endfacet
facet normal -0.540586412 -0.0809048861 -0.837389231
  outer loop
   vertex 41012.4102 28364.0215 30089.4375
   vertex 40868.9609 28418.8066 30176.75
   vertex 41059.3008 28528.3789 30043.2871
  endloop
 endfacet
facet normal -0.519526243 -0.0903596282 -0.849663258
  outer loop
   vertex 41012.4102 28364.0215 30089.4375
   vertex 41059.3008 28528.3789 30043.2871
   vertex 41136.8047 28390.8789 30010.5195
  endloop
 endfacet
facet normal -0.554443717 -0.0870809183 -0.827652752
  outer loop
   vertex 40795.5586 28282.6426 30239.4629
   vertex 40616.1992 28286.5098 30359.207
   vertex 40698.0508 28441.8555 30288.0312
  endloop
 endfacet
facet normal -0.551681161 -0.0847529694 -0.829737842
  outer loop
   vertex 40795.5586 28282.6426 30239.4629
   vertex 40698.0508 28441.8555 30288.0312
   vertex 40868.9609 28418.8066 30176.75
  endloop
 endfacet
facet normal -0.347395241 -0.484676629 -0.802748501
  outer loop
   vertex 39752.9219 28059.8574 30798.1426
   vertex 39730.3594 28240.4746 30698.8555
   vertex 39926.8789 28173.0312 30654.5293
  endloop
 endfacet
facet normal -0.11166963 -0.4893879 -0.86488694
  outer loop
   vertex 39752.9219 28059.8574 30798.1426
   vertex 39585.5312 28129.7969 30780.1797
   vertex 39730.3594 28240.4746 30698.8555
  endloop
 endfacet
facet normal -0.199704513 -0.637400031 -0.744203806
  outer loop
   vertex 39926.8789 28173.0312 30654.5293
   vertex 39992.4688 28049.7109 30742.5508
   vertex 39752.9219 28059.8574 30798.1426
  endloop
 endfacet
facet normal -0.376921922 -0.175106823 -0.909542441
  outer loop
   vertex 39730.3594 28240.4746 30698.8555
   vertex 39585.5312 28129.7969 30780.1797
   vertex 39560.1406 28257.4395 30766.1289
  endloop
 endfacet
facet normal -0.385337472 -0.176365018 -0.905765116
  outer loop
   vertex 39585.5312 28129.7969 30780.1797
   vertex 39445.8789 28186.25 30828.6016
   vertex 39560.1406 28257.4395 30766.1289
  endloop
 endfacet
facet normal -0.383649707 -0.024934506 -0.923142016
  outer loop
   vertex 39178.1445 28361.9336 30979.7305
   vertex 39002.6367 28242.1309 31055.9082
   vertex 38981.5234 28395.4512 31060.5391
  endloop
 endfacet
facet normal -0.349109709 -0.493853927 -0.796386063
  outer loop
   vertex 39926.8789 28173.0312 30654.5293
   vertex 39730.3594 28240.4746 30698.8555
   vertex 39853.0273 28258.6699 30633.7969
  endloop
 endfacet
facet normal -0.530482709 0.114356704 -0.839946806
  outer loop
   vertex 39445.8789 28186.25 30828.6016
   vertex 39447.4531 28374.1289 30853.1875
   vertex 39560.1406 28257.4395 30766.1289
  endloop
 endfacet
facet normal -0.414960802 0.121470086 -0.901694238
  outer loop
   vertex 39445.8789 28186.25 30828.6016
   vertex 39289.1953 28227.7676 30906.3008
   vertex 39447.4531 28374.1289 30853.1875
  endloop
 endfacet
facet normal -0.112919606 -0.0534990877 -0.992162824
  outer loop
   vertex 38811.7227 28483.2148 31144.293
   vertex 38717.5273 28268.8906 31166.5703
   vertex 38654.1797 28418.8809 31165.6934
  endloop
 endfacet
facet normal -0.496163875 0.128819138 -0.858619273
  outer loop
   vertex 38811.7227 28483.2148 31144.293
   vertex 38870.0898 28343.0508 31089.5371
   vertex 38717.5273 28268.8906 31166.5703
  endloop
 endfacet
facet normal -0.364792109 -0.0173658319 -0.930927038
  outer loop
   vertex 39730.3594 28240.4746 30698.8555
   vertex 39744.2891 28356.373 30691.2344
   vertex 39847.3477 28340.1758 30651.1523
  endloop
 endfacet
facet normal -0.480529219 0.150472984 -0.863973141
  outer loop
   vertex 39853.0273 28258.6699 30633.7969
   vertex 39730.3594 28240.4746 30698.8555
   vertex 39847.3477 28340.1758 30651.1523
  endloop
 endfacet
facet normal -0.306025207 0.226159051 -0.924770594
  outer loop
   vertex 40198.6406 28245.6367 30551.6074
   vertex 40059.043 28246.25 30597.9531
   vertex 40059.6875 28426.9023 30641.9199
  endloop
 endfacet
facet normal -0.799442589 -0.326173067 -0.504482627
  outer loop
   vertex 40233.6289 28174.1758 30542.3672
   vertex 40206.4648 28117.1602 30622.2773
   vertex 40198.6406 28245.6367 30551.6074
  endloop
 endfacet
facet normal -0.279016882 -0.475811213 -0.834118247
  outer loop
   vertex 40059.043 28246.25 30597.9531
   vertex 40198.6406 28245.6367 30551.6074
   vertex 40206.4648 28117.1602 30622.2773
  endloop
 endfacet
facet normal -0.465118945 0.195047751 -0.863493323
  outer loop
   vertex 39447.4531 28374.1289 30853.1875
   vertex 39630.0039 28375.248 30755.1074
   vertex 39560.1406 28257.4395 30766.1289
  endloop
 endfacet
facet normal -0.468773752 0.147992194 -0.870832622
  outer loop
   vertex 39447.4531 28374.1289 30853.1875
   vertex 39557.1914 28421.6211 30802.1836
   vertex 39630.0039 28375.248 30755.1074
  endloop
 endfacet
facet normal -0.354101926 0.123267628 -0.927047431
  outer loop
   vertex 39730.3594 28240.4746 30698.8555
   vertex 39560.1406 28257.4395 30766.1289
   vertex 39630.0039 28375.248 30755.1074
  endloop
 endfacet
facet normal -0.487716079 0.00121758285 -0.873001456
  outer loop
   vertex 39744.2891 28356.373 30691.2344
   vertex 39730.3594 28240.4746 30698.8555
   vertex 39630.0039 28375.248 30755.1074
  endloop
 endfacet
facet normal -0.419607401 0.463855118 -0.780235887
  outer loop
   vertex 39447.4531 28374.1289 30853.1875
   vertex 39334.2383 28518.5781 30999.9492
   vertex 39475.4375 28506.6895 30916.9453
  endloop
 endfacet
facet normal -0.42290014 0.139974296 -0.895300329
  outer loop
   vertex 39289.1953 28227.7676 30906.3008
   vertex 39158.9609 28233.5078 30968.7148
   vertex 39178.1445 28361.9336 30979.7305
  endloop
 endfacet
facet normal -0.426354587 0.136510685 -0.894196033
  outer loop
   vertex 39289.1953 28227.7676 30906.3008
   vertex 39178.1445 28361.9336 30979.7305
   vertex 39447.4531 28374.1289 30853.1875
  endloop
 endfacet
facet normal -0.235082418 0.26457715 -0.935272813
  outer loop
   vertex 38607.0938 28556.666 31216.5059
   vertex 38811.7227 28483.2148 31144.293
   vertex 38654.1797 28418.8809 31165.6934
  endloop
 endfacet
facet normal -0.289728999 0.651656568 -0.700999856
  outer loop
   vertex 39619.6055 28498.3574 30849.1582
   vertex 39788.3281 28557.2598 30834.1816
   vertex 39802.6641 28457.1074 30735.1523
  endloop
 endfacet
facet normal -0.342999309 0.535299659 -0.771884561
  outer loop
   vertex 39744.2891 28356.373 30691.2344
   vertex 39630.0039 28375.248 30755.1074
   vertex 39802.6641 28457.1074 30735.1523
  endloop
 endfacet
facet normal -0.394517243 -0.0274353661 -0.918478847
  outer loop
   vertex 40357.2227 28350.6816 30496.627
   vertex 40473.3008 28210.7969 30450.9473
   vertex 40318.8125 28192.1348 30517.8613
  endloop
 endfacet
facet normal -0.434783041 0.147691965 -0.888341606
  outer loop
   vertex 40616.1992 28286.5098 30359.207
   vertex 40357.2227 28350.6816 30496.627
   vertex 40569.9492 28535.4902 30423.2383
  endloop
 endfacet
facet normal -0.324811161 0.548322439 -0.770610273
  outer loop
   vertex 40917.7109 28632.9785 30177.3047
   vertex 40860.8086 28707.498 30254.3125
   vertex 40989.4648 28809.6426 30272.7656
  endloop
 endfacet
facet normal -0.063655369 0.236206248 -0.969615698
  outer loop
   vertex 40059.043 28246.25 30597.9531
   vertex 39941.1367 28288.3906 30615.9609
   vertex 40059.6875 28426.9023 30641.9199
  endloop
 endfacet
facet normal -0.171833828 0.321587473 -0.931157708
  outer loop
   vertex 39847.3477 28340.1758 30651.1523
   vertex 40059.6875 28426.9023 30641.9199
   vertex 39941.1367 28288.3906 30615.9609
  endloop
 endfacet
facet normal -0.823075354 -0.121454261 -0.554793477
  outer loop
   vertex 43223.4766 28590.6484 28749.9043
   vertex 43213.2617 28799.3184 28719.377
   vertex 43303.5234 28708.4492 28605.3633
  endloop
 endfacet
facet normal -0.569703221 0.102632523 -0.815416992
  outer loop
   vertex 42018.4922 28748.5957 29638.2188
   vertex 41907.4258 28695.9961 29709.1953
   vertex 41869.0312 28885.748 29759.9043
  endloop
 endfacet
facet normal -0.305700094 -0.471045464 -0.827444017
  outer loop
   vertex 42036.4531 28622.1699 29703.5547
   vertex 41907.4258 28695.9961 29709.1953
   vertex 42018.4922 28748.5957 29638.2188
  endloop
 endfacet
facet normal 0.00186051079 -0.0090697296 -0.999957144
  outer loop
   vertex 42907.5547 28907.2852 29039.6191
   vertex 42953.7461 28948.4922 29039.332
   vertex 42906.2422 28828.0059 29040.3359
  endloop
 endfacet
facet normal -0.537235558 0.677627742 -0.502193809
  outer loop
   vertex 43170.332 28951.3828 28853.332
   vertex 43261.3477 29153.5918 29028.8105
   vertex 43405.8906 29108.1133 28812.8145
  endloop
 endfacet
facet normal -0.422358125 0.695036888 -0.581839621
  outer loop
   vertex 43170.332 28951.3828 28853.332
   vertex 43067.7812 29013.2793 29001.7109
   vertex 43261.3477 29153.5918 29028.8105
  endloop
 endfacet
facet normal -0.777299702 0.23906076 -0.58194083
  outer loop
   vertex 42906.7188 28945.2949 29087.8809
   vertex 42906.2422 28828.0059 29040.3359
   vertex 42832.4961 28947.5078 29187.9277
  endloop
 endfacet
facet normal -0.752316952 -0.372546673 -0.543349028
  outer loop
   vertex 43345.7031 28583.3828 28632.7109
   vertex 43303.5234 28708.4492 28605.3633
   vertex 43345.082 28671.9922 28572.8203
  endloop
 endfacet
facet normal -0.578198135 0.259001464 -0.773695767
  outer loop
   vertex 44000.9688 28828.5527 28273.4746
   vertex 43938.5352 28959.7852 28364.0645
   vertex 43996.3359 28936.2812 28313.002
  endloop
 endfacet
facet normal -0.658712685 0.11741288 -0.743176818
  outer loop
   vertex 42738.2188 28737.5254 29238.3164
   vertex 42677 28945.2734 29325.3984
   vertex 42832.4961 28947.5078 29187.9277
  endloop
 endfacet
facet normal -0.530234694 0.567520857 -0.629897833
  outer loop
   vertex 42953.7461 28948.4922 29039.332
   vertex 43067.7812 29013.2793 29001.7109
   vertex 43010.6055 28896.9863 28945.0645
  endloop
 endfacet
facet normal -0.999412537 0.0162895415 -0.0301544629
  outer loop
   vertex 42907.5547 28907.2852 29039.6191
   vertex 42906.2422 28828.0059 29040.3359
   vertex 42906.7188 28945.2949 29087.8809
  endloop
 endfacet
facet normal -0.794570744 -0.257552296 -0.549840152
  outer loop
   vertex 43039.2227 28677.5508 28918.6406
   vertex 42906.2422 28828.0059 29040.3359
   vertex 42988.1523 28805.2871 28932.6094
  endloop
 endfacet
facet normal -0.715677857 -0.0705218762 -0.694861054
  outer loop
   vertex 43039.2227 28677.5508 28918.6406
   vertex 42883.7891 28610.041 29085.582
   vertex 42906.2422 28828.0059 29040.3359
  endloop
 endfacet
facet normal -0.747254193 -0.0604040623 -0.661787391
  outer loop
   vertex 42738.2188 28737.5254 29238.3164
   vertex 42906.2422 28828.0059 29040.3359
   vertex 42883.7891 28610.041 29085.582
  endloop
 endfacet
facet normal -0.790990293 0.21795325 -0.571691096
  outer loop
   vertex 42906.2422 28828.0059 29040.3359
   vertex 42738.2188 28737.5254 29238.3164
   vertex 42832.4961 28947.5078 29187.9277
  endloop
 endfacet
facet normal -0.532786489 0.703904927 -0.469740748
  outer loop
   vertex 42953.7461 28948.4922 29039.332
   vertex 42906.7188 28945.2949 29087.8809
   vertex 42994.9492 29087.1934 29200.4395
  endloop
 endfacet
facet normal -0.573158026 0.638899505 -0.513125062
  outer loop
   vertex 42953.7461 28948.4922 29039.332
   vertex 42907.5547 28907.2852 29039.6191
   vertex 42906.7188 28945.2949 29087.8809
  endloop
 endfacet
facet normal -0.537180424 0.390562713 -0.747594774
  outer loop
   vertex 43405.7031 28845.6172 28536.0645
   vertex 43305.7539 28806.7207 28587.5625
   vertex 43325.1914 28877.0664 28610.3457
  endloop
 endfacet
facet normal -0.54670316 0.568321705 -0.614919603
  outer loop
   vertex 43010.6055 28896.9863 28945.0645
   vertex 43067.7812 29013.2793 29001.7109
   vertex 43170.332 28951.3828 28853.332
  endloop
 endfacet
facet normal -0.553870201 0.361619532 -0.749972761
  outer loop
   vertex 43010.6055 28896.9863 28945.0645
   vertex 43170.332 28951.3828 28853.332
   vertex 43050.1836 28828.5098 28882.8164
  endloop
 endfacet
facet normal -0.536989391 0.67695576 -0.50336194
  outer loop
   vertex 43405.8906 29108.1133 28812.8145
   vertex 43329.1328 28958.584 28693.6074
   vertex 43170.332 28951.3828 28853.332
  endloop
 endfacet
facet normal -0.577806234 0.393389165 -0.715111792
  outer loop
   vertex 43050.1836 28828.5098 28882.8164
   vertex 43170.332 28951.3828 28853.332
   vertex 43105.3281 28814.1016 28830.3359
  endloop
 endfacet
facet normal -0.0854195654 0.957162917 -0.276663452
  outer loop
   vertex 43543.9922 29282.6133 29147.834
   vertex 43455.0039 29254.502 29078.0547
   vertex 43507.6602 29286.2988 29171.8027
  endloop
 endfacet
facet normal -0.664635301 0.379380107 -0.643685222
  outer loop
   vertex 43170.332 28951.3828 28853.332
   vertex 43329.1328 28958.584 28693.6074
   vertex 43213.2617 28799.3184 28719.377
  endloop
 endfacet
facet normal -0.626674414 0.407960534 -0.663963377
  outer loop
   vertex 43170.332 28951.3828 28853.332
   vertex 43213.2617 28799.3184 28719.377
   vertex 43105.3281 28814.1016 28830.3359
  endloop
 endfacet
facet normal -0.500221312 0.63043803 -0.593571007
  outer loop
   vertex 43329.1328 28958.584 28693.6074
   vertex 43437.0312 28940.459 28583.4258
   vertex 43325.1914 28877.0664 28610.3457
  endloop
 endfacet
facet normal -0.813300908 -0.0857840404 -0.575484812
  outer loop
   vertex 43213.2617 28799.3184 28719.377
   vertex 43305.7539 28806.7207 28587.5625
   vertex 43303.5234 28708.4492 28605.3633
  endloop
 endfacet
facet normal -0.464755476 0.513664603 -0.72121495
  outer loop
   vertex 43405.7031 28845.6172 28536.0645
   vertex 43325.1914 28877.0664 28610.3457
   vertex 43437.0312 28940.459 28583.4258
  endloop
 endfacet
facet normal -0.754573941 -0.100342877 -0.64849788
  outer loop
   vertex 43303.5234 28708.4492 28605.3633
   vertex 43305.7539 28806.7207 28587.5625
   vertex 43351.3047 28780.8301 28538.5645
  endloop
 endfacet
facet normal -0.657252014 -0.131459415 -0.742117345
  outer loop
   vertex 43801.1445 28618.2266 28283.6348
   vertex 43706.6094 28541.25 28380.9941
   vertex 43653.6914 28689.0469 28401.6797
  endloop
 endfacet
facet normal -0.513370395 -0.295929432 -0.80552876
  outer loop
   vertex 43345.7031 28583.3828 28632.7109
   vertex 43433.7461 28730.7422 28522.4668
   vertex 43539.7188 28546 28522.7969
  endloop
 endfacet
facet normal -0.539798498 0.425204396 -0.726511419
  outer loop
   vertex 43305.7539 28806.7207 28587.5625
   vertex 43405.7031 28845.6172 28536.0645
   vertex 43351.3047 28780.8301 28538.5645
  endloop
 endfacet
facet normal -0.759786069 0.482183605 -0.436146915
  outer loop
   vertex 43213.2617 28799.3184 28719.377
   vertex 43329.1328 28958.584 28693.6074
   vertex 43325.1914 28877.0664 28610.3457
  endloop
 endfacet
facet normal -0.262186527 0.679433346 -0.685294509
  outer loop
   vertex 43696.2695 28945.8652 28489.6035
   vertex 43437.0312 28940.459 28583.4258
   vertex 43486.3359 29026.6191 28649.9863
  endloop
 endfacet
facet normal -0.303200781 0.504008472 -0.808730304
  outer loop
   vertex 43405.7031 28845.6172 28536.0645
   vertex 43437.0312 28940.459 28583.4258
   vertex 43696.2695 28945.8652 28489.6035
  endloop
 endfacet
facet normal -0.30632621 0.782046556 -0.542740703
  outer loop
   vertex 43405.8906 29108.1133 28812.8145
   vertex 43607.0898 29121.9941 28719.2598
   vertex 43486.3359 29026.6191 28649.9863
  endloop
 endfacet
facet normal -0.454550117 0.686143577 -0.56797111
  outer loop
   vertex 43329.1328 28958.584 28693.6074
   vertex 43405.8906 29108.1133 28812.8145
   vertex 43486.3359 29026.6191 28649.9863
  endloop
 endfacet
facet normal -0.498827368 0.746819198 -0.439809442
  outer loop
   vertex 43405.8906 29108.1133 28812.8145
   vertex 43436.6484 29198.8418 28931.9922
   vertex 43484.793 29189.623 28861.7344
  endloop
 endfacet
facet normal -0.352941602 0.662466347 -0.660734832
  outer loop
   vertex 43607.0898 29121.9941 28719.2598
   vertex 43405.8906 29108.1133 28812.8145
   vertex 43518.5977 29174.3359 28819.0098
  endloop
 endfacet
facet normal -0.393009722 0.722106218 -0.569303036
  outer loop
   vertex 43484.793 29189.623 28861.7344
   vertex 43518.5977 29174.3359 28819.0098
   vertex 43405.8906 29108.1133 28812.8145
  endloop
 endfacet
facet normal -0.210201427 0.734656751 -0.645054102
  outer loop
   vertex 43607.0898 29121.9941 28719.2598
   vertex 43696.2695 28945.8652 28489.6035
   vertex 43486.3359 29026.6191 28649.9863
  endloop
 endfacet
facet normal -0.295504898 0.553516448 -0.778650403
  outer loop
   vertex 43696.2695 28945.8652 28489.6035
   vertex 43840.1719 29060.9961 28516.834
   vertex 43961.9531 29044.5039 28458.8945
  endloop
 endfacet
facet normal -0.341945887 0.741165519 -0.577708125
  outer loop
   vertex 43696.2695 28945.8652 28489.6035
   vertex 43961.9531 29044.5039 28458.8945
   vertex 43938.5352 28959.7852 28364.0645
  endloop
 endfacet
facet normal -0.504546702 0.673340321 -0.540412307
  outer loop
   vertex 43800.9453 29072.709 28549.9199
   vertex 43696.2695 28945.8652 28489.6035
   vertex 43764.9961 29103.4238 28621.752
  endloop
 endfacet
facet normal -0.321645498 0.686898232 -0.65170157
  outer loop
   vertex 43764.9961 29103.4238 28621.752
   vertex 43696.2695 28945.8652 28489.6035
   vertex 43607.0898 29121.9941 28719.2598
  endloop
 endfacet
facet normal -0.0171144102 0.70264709 -0.711332679
  outer loop
   vertex 44110.5508 29052.373 28423.1504
   vertex 44236.1133 29023.502 28391.6113
   vertex 44078.0508 28977.4512 28349.9258
  endloop
 endfacet
facet normal 0.603527725 0.721860349 0.338632435
  outer loop
   vertex 44520.8086 28888.4609 28875.6641
   vertex 44324.0898 29061.8359 28856.6816
   vertex 44321.9453 29018.0293 28953.8906
  endloop
 endfacet
facet normal 0.346846968 0.927424133 0.139934301
  outer loop
   vertex 43631.4219 29260.0801 29080.4648
   vertex 43543.9922 29282.6133 29147.834
   vertex 43569.7969 29255.6738 29262.4082
  endloop
 endfacet
facet normal 0.22425814 0.969444036 0.0994310081
  outer loop
   vertex 43829.0898 29209.4414 29128.3555
   vertex 43631.4219 29260.0801 29080.4648
   vertex 43569.7969 29255.6738 29262.4082
  endloop
 endfacet
facet normal 0.514686704 0.777357161 0.361681461
  outer loop
   vertex 44321.9453 29018.0293 28953.8906
   vertex 44324.0898 29061.8359 28856.6816
   vertex 44168.1875 29094.5098 29008.3145
  endloop
 endfacet
facet normal -0.446130216 0.354898512 -0.821592867
  outer loop
   vertex 43696.2695 28945.8652 28489.6035
   vertex 43938.5352 28959.7852 28364.0645
   vertex 44000.9688 28828.5527 28273.4746
  endloop
 endfacet
facet normal 0.237438023 0.343604118 -0.908603013
  outer loop
   vertex 44078.0508 28977.4512 28349.9258
   vertex 44000.9688 28828.5527 28273.4746
   vertex 43996.3359 28936.2812 28313.002
  endloop
 endfacet
facet normal -0.16004838 0.755434573 -0.635376334
  outer loop
   vertex 43938.5352 28959.7852 28364.0645
   vertex 43961.9531 29044.5039 28458.8945
   vertex 44078.0508 28977.4512 28349.9258
  endloop
 endfacet
facet normal -0.15963918 0.815621912 -0.556126118
  outer loop
   vertex 43996.3359 28936.2812 28313.002
   vertex 43938.5352 28959.7852 28364.0645
   vertex 44078.0508 28977.4512 28349.9258
  endloop
 endfacet
facet normal -0.19661051 0.727611423 -0.657210708
  outer loop
   vertex 44110.5508 29052.373 28423.1504
   vertex 44078.0508 28977.4512 28349.9258
   vertex 43961.9531 29044.5039 28458.8945
  endloop
 endfacet
facet normal -0.147114664 -0.0598020442 -0.987309992
  outer loop
   vertex 44011.3242 28727.3633 28203.6504
   vertex 44086.25 28716.9707 28193.1152
   vertex 43988.2539 28618.6602 28213.6719
  endloop
 endfacet
facet normal -0.36660555 0.49691245 -0.786561131
  outer loop
   vertex 44000.9688 28828.5527 28273.4746
   vertex 43830.8555 28744.3906 28299.5918
   vertex 43696.2695 28945.8652 28489.6035
  endloop
 endfacet
facet normal -0.66745019 -0.389094174 -0.6349141
  outer loop
   vertex 43863.9961 28587.7109 28236.2637
   vertex 43857.8008 28528.4355 28279.0996
   vertex 43801.1445 28618.2266 28283.6348
  endloop
 endfacet
facet normal -0.549568236 -0.307547063 -0.776781559
  outer loop
   vertex 43801.1445 28618.2266 28283.6348
   vertex 43857.8008 28528.4355 28279.0996
   vertex 43706.6094 28541.25 28380.9941
  endloop
 endfacet
facet normal -0.397416174 0.583496809 -0.708231509
  outer loop
   vertex 43830.8555 28744.3906 28299.5918
   vertex 44000.9688 28828.5527 28273.4746
   vertex 43925.0312 28736.6152 28240.3418
  endloop
 endfacet
facet normal -0.0812726468 0.540816009 -0.83720535
  outer loop
   vertex 44086.25 28716.9707 28193.1152
   vertex 44000.9688 28828.5527 28273.4746
   vertex 44220.9492 28761.5645 28208.8457
  endloop
 endfacet
facet normal 0.298479646 0.789744437 0.535923183
  outer loop
   vertex 45008.9844 28727.0391 28764.918
   vertex 45077.6211 28716.6289 28742.0332
   vertex 45014.6406 28748.5684 28730.041
  endloop
 endfacet
facet normal -0.651021302 0.625644505 -0.42981413
  outer loop
   vertex 44659.8281 28518.8203 28149.6504
   vertex 44776.5352 28699.0645 28235.248
   vertex 44732.8008 28603.0742 28161.7617
  endloop
 endfacet
facet normal 0.115661308 0.364003211 -0.924188375
  outer loop
   vertex 44449.0312 28704.8359 28196.5332
   vertex 44776.5352 28699.0645 28235.248
   vertex 44659.8281 28518.8203 28149.6504
  endloop
 endfacet
facet normal -0.284238935 0.588949859 -0.756535709
  outer loop
   vertex 43801.1445 28618.2266 28283.6348
   vertex 43988.2539 28618.6602 28213.6719
   vertex 43863.9961 28587.7109 28236.2637
  endloop
 endfacet
facet normal -0.343756795 0.197090819 -0.918142974
  outer loop
   vertex 43801.1445 28618.2266 28283.6348
   vertex 43830.8555 28744.3906 28299.5918
   vertex 43988.2539 28618.6602 28213.6719
  endloop
 endfacet
facet normal 0.0945373997 0.267484725 -0.958913267
  outer loop
   vertex 43925.0312 28736.6152 28240.3418
   vertex 44000.9688 28828.5527 28273.4746
   vertex 43988.2539 28618.6602 28213.6719
  endloop
 endfacet
facet normal -0.915776372 0.160406828 -0.368270606
  outer loop
   vertex 44011.3242 28727.3633 28203.6504
   vertex 43988.2539 28618.6602 28213.6719
   vertex 44000.9688 28828.5527 28273.4746
  endloop
 endfacet
facet normal -0.15959394 0.0240164064 -0.986890554
  outer loop
   vertex 44264.4336 28624.5098 28169.1523
   vertex 44230.6953 28422.4805 28169.6914
   vertex 43988.2539 28618.6602 28213.6719
  endloop
 endfacet
facet normal -0.157947302 -0.0487808548 -0.986241877
  outer loop
   vertex 44086.25 28716.9707 28193.1152
   vertex 44264.4336 28624.5098 28169.1523
   vertex 43988.2539 28618.6602 28213.6719
  endloop
 endfacet
facet normal -0.535740137 -0.0975177512 -0.838732839
  outer loop
   vertex 43925.0312 28736.6152 28240.3418
   vertex 43988.2539 28618.6602 28213.6719
   vertex 43830.8555 28744.3906 28299.5918
  endloop
 endfacet
facet normal -0.00150845188 -0.585622549 -0.810582519
  outer loop
   vertex 43857.8008 28528.4355 28279.0996
   vertex 43863.9961 28587.7109 28236.2637
   vertex 43988.2539 28618.6602 28213.6719
  endloop
 endfacet
facet normal -0.0695696399 0.135589719 -0.988319516
  outer loop
   vertex 44077.2969 28476.3418 28187.8789
   vertex 43988.2539 28618.6602 28213.6719
   vertex 44230.6953 28422.4805 28169.6914
  endloop
 endfacet
facet normal -0.709071398 -0.330773771 -0.622741103
  outer loop
   vertex 44077.2969 28476.3418 28187.8789
   vertex 44058.3281 28406.0605 28246.8066
   vertex 43988.2539 28618.6602 28213.6719
  endloop
 endfacet
facet normal -0.296287656 -0.241669983 -0.924017966
  outer loop
   vertex 44058.3281 28406.0605 28246.8066
   vertex 43857.8008 28528.4355 28279.0996
   vertex 43988.2539 28618.6602 28213.6719
  endloop
 endfacet
facet normal -0.0984705314 -0.557745516 -0.824150145
  outer loop
   vertex 43345.082 28671.9922 28572.8203
   vertex 43433.7461 28730.7422 28522.4668
   vertex 43345.7031 28583.3828 28632.7109
  endloop
 endfacet
facet normal -0.538765192 0.229414448 -0.810617685
  outer loop
   vertex 43830.8555 28744.3906 28299.5918
   vertex 43801.1445 28618.2266 28283.6348
   vertex 43653.6914 28689.0469 28401.6797
  endloop
 endfacet
facet normal -0.547402382 0.35086754 -0.75976485
  outer loop
   vertex 43830.8555 28744.3906 28299.5918
   vertex 43653.6914 28689.0469 28401.6797
   vertex 43696.2695 28945.8652 28489.6035
  endloop
 endfacet
facet normal -0.547429502 0.115817234 -0.828798711
  outer loop
   vertex 43345.082 28671.9922 28572.8203
   vertex 43303.5234 28708.4492 28605.3633
   vertex 43433.7461 28730.7422 28522.4668
  endloop
 endfacet
facet normal -0.397231281 0.355514884 -0.846059382
  outer loop
   vertex 43653.6914 28689.0469 28401.6797
   vertex 43433.7461 28730.7422 28522.4668
   vertex 43696.2695 28945.8652 28489.6035
  endloop
 endfacet
facet normal 0.339306772 0.191826582 -0.920909047
  outer loop
   vertex 43405.7031 28845.6172 28536.0645
   vertex 43433.7461 28730.7422 28522.4668
   vertex 43380.6484 28791.4648 28515.5508
  endloop
 endfacet
facet normal -0.181578219 0.0717677623 -0.980754197
  outer loop
   vertex 43405.7031 28845.6172 28536.0645
   vertex 43696.2695 28945.8652 28489.6035
   vertex 43433.7461 28730.7422 28522.4668
  endloop
 endfacet
facet normal -0.424947709 -0.446286142 -0.787558317
  outer loop
   vertex 43351.3047 28780.8301 28538.5645
   vertex 43433.7461 28730.7422 28522.4668
   vertex 43303.5234 28708.4492 28605.3633
  endloop
 endfacet
facet normal -0.434387535 -0.467496097 -0.769905746
  outer loop
   vertex 43351.3047 28780.8301 28538.5645
   vertex 43380.6484 28791.4648 28515.5508
   vertex 43433.7461 28730.7422 28522.4668
  endloop
 endfacet
facet normal 0.211327493 -0.0447960272 0.976388216
  outer loop
   vertex 44785.1367 28487.7559 28804.3242
   vertex 45136.7773 28376.9395 28723.1328
   vertex 44913.4805 28685.6582 28785.627
  endloop
 endfacet
facet normal 0.488960952 -0.668202698 0.560733795
  outer loop
   vertex 43827.1914 28604.2656 29282.8066
   vertex 43907.3711 28494.082 29081.5879
   vertex 43979 28653.1328 29208.6621
  endloop
 endfacet
facet normal 0.627515793 -0.599591076 0.496703595
  outer loop
   vertex 43564.6406 28777.6348 29642.9727
   vertex 43545.0586 28737.6328 29619.4258
   vertex 43619.8828 28801 29601.3867
  endloop
 endfacet
facet normal 0.637031019 -0.411738962 0.651661336
  outer loop
   vertex 43749.0703 28721.0742 29465.5312
   vertex 43790.7773 28665.9277 29389.9141
   vertex 43877.5352 28743.1172 29353.877
  endloop
 endfacet
facet normal -0.480033785 0.750086486 -0.454904169
  outer loop
   vertex 43261.3477 29153.5918 29028.8105
   vertex 43067.7812 29013.2793 29001.7109
   vertex 42994.9492 29087.1934 29200.4395
  endloop
 endfacet
facet normal -0.548451304 0.697907805 -0.460571259
  outer loop
   vertex 42953.7461 28948.4922 29039.332
   vertex 42994.9492 29087.1934 29200.4395
   vertex 43067.7812 29013.2793 29001.7109
  endloop
 endfacet
facet normal -0.443917245 0.511167467 -0.73596555
  outer loop
   vertex 42409.6016 28977.0156 29504.1953
   vertex 42257.7891 28864.8438 29517.8555
   vertex 42318.3906 29055.0664 29613.4219
  endloop
 endfacet
facet normal 0.273143709 -0.575347424 0.770952582
  outer loop
   vertex 42928.5078 28781.1055 29842.2812
   vertex 43033.4023 28627.5293 29690.5059
   vertex 43129.4883 28800.0059 29785.1797
  endloop
 endfacet
facet normal 0.359080821 -0.520405293 0.774751127
  outer loop
   vertex 42928.5078 28781.1055 29842.2812
   vertex 42913.8945 28659.2871 29767.2285
   vertex 43033.4023 28627.5293 29690.5059
  endloop
 endfacet
facet normal 0.287719429 -0.665718913 0.68850261
  outer loop
   vertex 43281.7383 28495.6445 29492.7285
   vertex 43375.1445 28623.416 29577.2383
   vertex 43236.3945 28510.207 29525.7578
  endloop
 endfacet
facet normal 0.36018765 -0.262606829 0.895155013
  outer loop
   vertex 43129.4883 28800.0059 29785.1797
   vertex 43304.4609 28809.4746 29717.5547
   vertex 43222.2891 28935.625 29787.627
  endloop
 endfacet
facet normal 0.40325585 -0.658786297 0.635126233
  outer loop
   vertex 42521.707 28680.3711 29988.7266
   vertex 42618.8047 28622.4766 29867.0254
   vertex 42717.3125 28733.252 29919.3848
  endloop
 endfacet
facet normal 0.374719024 -0.727287173 0.575012147
  outer loop
   vertex 42717.3125 28733.252 29919.3848
   vertex 42771.7891 28615.2441 29734.623
   vertex 42928.5078 28781.1055 29842.2812
  endloop
 endfacet
facet normal 0.0476763956 -0.500915408 0.864182115
  outer loop
   vertex 43129.4883 28800.0059 29785.1797
   vertex 43033.4023 28627.5293 29690.5059
   vertex 43174.1406 28712.8574 29732.2012
  endloop
 endfacet
facet normal 0.15980576 -0.633509934 0.757051706
  outer loop
   vertex 43174.1406 28712.8574 29732.2012
   vertex 43033.4023 28627.5293 29690.5059
   vertex 43212.8125 28654.3379 29675.0684
  endloop
 endfacet
facet normal 0.161886111 -0.66192627 0.731878757
  outer loop
   vertex 43163.7539 28554.748 29595.8477
   vertex 43212.8125 28654.3379 29675.0684
   vertex 43033.4023 28627.5293 29690.5059
  endloop
 endfacet
facet normal 0.389915556 -0.628250897 0.673250794
  outer loop
   vertex 43681.8242 28601.0586 29392.4844
   vertex 43790.7773 28665.9277 29389.9141
   vertex 43749.0703 28721.0742 29465.5312
  endloop
 endfacet
facet normal 0.193514585 0.112847008 0.974585891
  outer loop
   vertex 42951.4375 28963.4844 29911.1387
   vertex 43008.6953 29042.0078 29890.6777
   vertex 42908.7539 29073.9141 29906.8281
  endloop
 endfacet
facet normal 0.395486504 -0.452516764 0.79926151
  outer loop
   vertex 43212.8125 28654.3379 29675.0684
   vertex 43375.1445 28623.416 29577.2383
   vertex 43304.4609 28809.4746 29717.5547
  endloop
 endfacet
facet normal 0.354439199 -0.346400201 0.86855036
  outer loop
   vertex 43129.4883 28800.0059 29785.1797
   vertex 43174.1406 28712.8574 29732.2012
   vertex 43304.4609 28809.4746 29717.5547
  endloop
 endfacet
facet normal 0.324907452 -0.238825426 0.915094316
  outer loop
   vertex 43129.4883 28800.0059 29785.1797
   vertex 43222.2891 28935.625 29787.627
   vertex 43082.9844 28966.4336 29845.127
  endloop
 endfacet
facet normal 0.627289891 0.192365915 0.75465405
  outer loop
   vertex 43685.875 28782.4512 29563.9941
   vertex 43705.5781 28774.8887 29549.5449
   vertex 43753.2695 28857.1836 29488.9238
  endloop
 endfacet
facet normal 0.52328223 -0.404378176 0.750102639
  outer loop
   vertex 43628.1523 28704.3418 29543.5117
   vertex 43619.8828 28801 29601.3867
   vertex 43545.0586 28737.6328 29619.4258
  endloop
 endfacet
facet normal 0.676683903 -0.514786184 0.526397228
  outer loop
   vertex 43790.7773 28665.9277 29389.9141
   vertex 43827.1914 28604.2656 29282.8066
   vertex 43877.5352 28743.1172 29353.877
  endloop
 endfacet
facet normal 0.334976554 -0.462784082 0.820744514
  outer loop
   vertex 43685.875 28782.4512 29563.9941
   vertex 43619.8828 28801 29601.3867
   vertex 43628.1523 28704.3418 29543.5117
  endloop
 endfacet
facet normal 0.385438621 -0.489900917 0.781942546
  outer loop
   vertex 43685.875 28782.4512 29563.9941
   vertex 43628.1523 28704.3418 29543.5117
   vertex 43705.5781 28774.8887 29549.5449
  endloop
 endfacet
facet normal 0.0121371774 -0.36229074 0.931986094
  outer loop
   vertex 43375.1445 28623.416 29577.2383
   vertex 43545.0586 28737.6328 29619.4258
   vertex 43501.8516 28807.4102 29647.1113
  endloop
 endfacet
facet normal -0.152730703 -0.444759518 0.882531762
  outer loop
   vertex 43564.6406 28777.6348 29642.9727
   vertex 43501.8516 28807.4102 29647.1113
   vertex 43545.0586 28737.6328 29619.4258
  endloop
 endfacet
facet normal 0.285274327 -0.505656004 0.814205468
  outer loop
   vertex 43304.4609 28809.4746 29717.5547
   vertex 43375.1445 28623.416 29577.2383
   vertex 43501.8516 28807.4102 29647.1113
  endloop
 endfacet
facet normal 0.322417498 0.575448692 0.751602173
  outer loop
   vertex 43564.6406 28777.6348 29642.9727
   vertex 43619.8828 28801 29601.3867
   vertex 43501.8516 28807.4102 29647.1113
  endloop
 endfacet
facet normal 0.335628301 -0.0324657299 0.94143486
  outer loop
   vertex 43304.4609 28809.4746 29717.5547
   vertex 43501.8516 28807.4102 29647.1113
   vertex 43450.8281 28967.9219 29670.8379
  endloop
 endfacet
facet normal 0.617223322 -0.0929679647 0.781276107
  outer loop
   vertex 43877.5352 28743.1172 29353.877
   vertex 44069.707 28803.2129 29209.207
   vertex 43929.3438 28886.6855 29330.0312
  endloop
 endfacet
facet normal 0.826410949 -0.0671095327 0.559053898
  outer loop
   vertex 43705.5781 28774.8887 29549.5449
   vertex 43718.0586 28762.7559 29529.6426
   vertex 43753.2695 28857.1836 29488.9238
  endloop
 endfacet
facet normal 0.864466727 -0.110951841 0.490292788
  outer loop
   vertex 43718.0586 28762.7559 29529.6426
   vertex 43749.0703 28721.0742 29465.5312
   vertex 43753.2695 28857.1836 29488.9238
  endloop
 endfacet
facet normal 0.67615515 -0.123355366 0.726359189
  outer loop
   vertex 43877.5352 28743.1172 29353.877
   vertex 43929.3438 28886.6855 29330.0312
   vertex 43753.2695 28857.1836 29488.9238
  endloop
 endfacet
facet normal 0.663115859 -0.146624699 0.734015405
  outer loop
   vertex 43749.0703 28721.0742 29465.5312
   vertex 43877.5352 28743.1172 29353.877
   vertex 43753.2695 28857.1836 29488.9238
  endloop
 endfacet
facet normal 0.447301269 -0.153404623 0.881129146
  outer loop
   vertex 43450.8281 28967.9219 29670.8379
   vertex 43325.6914 29005.3359 29740.877
   vertex 43304.4609 28809.4746 29717.5547
  endloop
 endfacet
facet normal 0.476452053 0.313467354 0.821420491
  outer loop
   vertex 43545.5039 29090.4707 29569.1543
   vertex 43450.8281 28967.9219 29670.8379
   vertex 43604.4492 28953.5508 29587.2148
  endloop
 endfacet
facet normal 0.479615033 0.0228018817 0.877182722
  outer loop
   vertex 43450.8281 28967.9219 29670.8379
   vertex 43501.8516 28807.4102 29647.1113
   vertex 43604.4492 28953.5508 29587.2148
  endloop
 endfacet
facet normal 0.364290833 0.122617692 0.923177719
  outer loop
   vertex 43619.8828 28801 29601.3867
   vertex 43604.4492 28953.5508 29587.2148
   vertex 43501.8516 28807.4102 29647.1113
  endloop
 endfacet
facet normal 0.605141044 0.134120494 0.784739435
  outer loop
   vertex 43753.2695 28857.1836 29488.9238
   vertex 43604.4492 28953.5508 29587.2148
   vertex 43619.8828 28801 29601.3867
  endloop
 endfacet
facet normal 0.533150792 0.309952468 0.787197411
  outer loop
   vertex 43753.2695 28857.1836 29488.9238
   vertex 43619.8828 28801 29601.3867
   vertex 43685.875 28782.4512 29563.9941
  endloop
 endfacet
facet normal 0.599209189 0.336444646 0.726466358
  outer loop
   vertex 43753.2695 28857.1836 29488.9238
   vertex 43929.3438 28886.6855 29330.0312
   vertex 43883.0234 29050.8887 29292.1914
  endloop
 endfacet
facet normal 0.032614965 0.953413129 0.299899369
  outer loop
   vertex 43450.7344 29279.084 29200.9316
   vertex 43569.7969 29255.6738 29262.4082
   vertex 43507.6602 29286.2988 29171.8027
  endloop
 endfacet
facet normal 0.274405688 0.24093096 0.930942416
  outer loop
   vertex 43604.4492 28953.5508 29587.2148
   vertex 43620.4844 29048.6289 29557.8828
   vertex 43545.5039 29090.4707 29569.1543
  endloop
 endfacet
facet normal 0.664398193 0.036731299 0.746475637
  outer loop
   vertex 44069.707 28803.2129 29209.207
   vertex 44029.4883 28948.6836 29237.8477
   vertex 43929.3438 28886.6855 29330.0312
  endloop
 endfacet
facet normal 0.586819053 0.00283036823 0.809713125
  outer loop
   vertex 44069.707 28803.2129 29209.207
   vertex 44152.3203 28923.9062 29148.9141
   vertex 44029.4883 28948.6836 29237.8477
  endloop
 endfacet
facet normal -0.102571085 0.867394567 0.486935139
  outer loop
   vertex 43325.8945 29263.9102 29532.7402
   vertex 43208.3594 29249.5586 29533.5488
   vertex 43300.8945 29208.8184 29625.6133
  endloop
 endfacet
facet normal 0.510026276 0.561946034 0.651221871
  outer loop
   vertex 44321.9453 29018.0293 28953.8906
   vertex 44168.1875 29094.5098 29008.3145
   vertex 44260.7422 28973.2461 29040.4668
  endloop
 endfacet
facet normal -0.222640082 0.954443574 -0.198667616
  outer loop
   vertex 43455.0039 29254.502 29078.0547
   vertex 43450.7344 29279.084 29200.9316
   vertex 43507.6602 29286.2988 29171.8027
  endloop
 endfacet
facet normal 0.594039023 0.356371105 0.721191525
  outer loop
   vertex 44029.4883 28948.6836 29237.8477
   vertex 44152.3203 28923.9062 29148.9141
   vertex 44085.4336 29034.3906 29149.4141
  endloop
 endfacet
facet normal 0.579382777 0.347424954 0.737300098
  outer loop
   vertex 44260.7422 28973.2461 29040.4668
   vertex 44085.4336 29034.3906 29149.4141
   vertex 44152.3203 28923.9062 29148.9141
  endloop
 endfacet
facet normal -0.392466873 0.865453005 -0.311385423
  outer loop
   vertex 43211.1289 29232.3262 29331.3496
   vertex 42994.9492 29087.1934 29200.4395
   vertex 43058.9219 29210.1953 29461.6797
  endloop
 endfacet
facet normal -0.477658749 0.862453759 -0.167378634
  outer loop
   vertex 43193.9375 29192.959 29177.5586
   vertex 42994.9492 29087.1934 29200.4395
   vertex 43211.1289 29232.3262 29331.3496
  endloop
 endfacet
facet normal 0.342578113 0.938968539 -0.0312787294
  outer loop
   vertex 43891.4453 29232.873 28997.4902
   vertex 44008.8047 29189.8184 28990.3867
   vertex 43928.1016 29216.2305 28899.3457
  endloop
 endfacet
facet normal 0.64413774 0.261621833 0.71877712
  outer loop
   vertex 43753.2695 28857.1836 29488.9238
   vertex 43683.3125 29072.3203 29473.3105
   vertex 43604.4492 28953.5508 29587.2148
  endloop
 endfacet
facet normal 0.794482648 0.0526752919 0.604998052
  outer loop
   vertex 43620.4844 29048.6289 29557.8828
   vertex 43604.4492 28953.5508 29587.2148
   vertex 43683.3125 29072.3203 29473.3105
  endloop
 endfacet
facet normal 0.469807535 0.695358634 0.54383564
  outer loop
   vertex 43620.4844 29048.6289 29557.8828
   vertex 43683.3125 29072.3203 29473.3105
   vertex 43545.5039 29090.4707 29569.1543
  endloop
 endfacet
facet normal 0.449393004 0.818725586 0.357399374
  outer loop
   vertex 43991.6758 29145.2539 29114.0156
   vertex 44168.1875 29094.5098 29008.3145
   vertex 44008.8047 29189.8184 28990.3867
  endloop
 endfacet
facet normal 0.63845402 0.691587269 0.337762594
  outer loop
   vertex 43948.2227 29201.1504 29081.6973
   vertex 43991.6758 29145.2539 29114.0156
   vertex 44008.8047 29189.8184 28990.3867
  endloop
 endfacet
facet normal 0.518741906 0.271796614 0.810575962
  outer loop
   vertex 43545.5039 29090.4707 29569.1543
   vertex 43378.1719 29119.1895 29666.6113
   vertex 43450.8281 28967.9219 29670.8379
  endloop
 endfacet
facet normal 0.531059444 0.277434736 0.800628424
  outer loop
   vertex 43450.8281 28967.9219 29670.8379
   vertex 43378.1719 29119.1895 29666.6113
   vertex 43325.6914 29005.3359 29740.877
  endloop
 endfacet
facet normal 0.663046241 0.26637727 0.699580491
  outer loop
   vertex 43683.3125 29072.3203 29473.3105
   vertex 43753.2695 28857.1836 29488.9238
   vertex 43883.0234 29050.8887 29292.1914
  endloop
 endfacet
facet normal 0.521464467 0.328573316 0.787473381
  outer loop
   vertex 44029.4883 28948.6836 29237.8477
   vertex 43883.0234 29050.8887 29292.1914
   vertex 43929.3438 28886.6855 29330.0312
  endloop
 endfacet
facet normal 0.550196528 0.398187548 0.733982623
  outer loop
   vertex 44029.4883 28948.6836 29237.8477
   vertex 44085.4336 29034.3906 29149.4141
   vertex 43883.0234 29050.8887 29292.1914
  endloop
 endfacet
facet normal 0.488625854 0.611844301 0.62200588
  outer loop
   vertex 43991.6758 29145.2539 29114.0156
   vertex 43883.0234 29050.8887 29292.1914
   vertex 44085.4336 29034.3906 29149.4141
  endloop
 endfacet
facet normal 0.0842218027 0.987131953 -0.135930717
  outer loop
   vertex 43891.4453 29232.873 28997.4902
   vertex 43928.1016 29216.2305 28899.3457
   vertex 43783.918 29237.5195 28964.6074
  endloop
 endfacet
facet normal 0.18606241 0.809658468 0.556627333
  outer loop
   vertex 43378.1719 29119.1895 29666.6113
   vertex 43234.1055 29090.6211 29756.3242
   vertex 43321.0703 29081.0918 29741.1172
  endloop
 endfacet
facet normal 0.0181932133 0.992717147 0.11908678
  outer loop
   vertex 43084.1445 29198.2578 29774.7969
   vertex 43131.4766 29206.5293 29698.6094
   vertex 43044.5664 29200.873 29759.0332
  endloop
 endfacet
facet normal -0.00415343232 0.996176183 0.0872682482
  outer loop
   vertex 42991.7969 29210.7441 29643.8516
   vertex 43044.5664 29200.873 29759.0332
   vertex 43131.4766 29206.5293 29698.6094
  endloop
 endfacet
facet normal 0.781462431 0.0456696898 0.62227869
  outer loop
   vertex 43325.6914 29005.3359 29740.877
   vertex 43378.1719 29119.1895 29666.6113
   vertex 43321.0703 29081.0918 29741.1172
  endloop
 endfacet
facet normal 0.383274645 0.66073215 0.645394087
  outer loop
   vertex 43131.4766 29206.5293 29698.6094
   vertex 43059.4531 29130.9922 29818.7129
   vertex 43234.1055 29090.6211 29756.3242
  endloop
 endfacet
facet normal 0.327248782 0.611629844 0.720289648
  outer loop
   vertex 43378.1719 29119.1895 29666.6113
   vertex 43300.8945 29208.8184 29625.6133
   vertex 43234.1055 29090.6211 29756.3242
  endloop
 endfacet
facet normal 0.847181737 0.0351375304 0.530140042
  outer loop
   vertex 43059.4531 29130.9922 29818.7129
   vertex 43131.4766 29206.5293 29698.6094
   vertex 43084.1445 29198.2578 29774.7969
  endloop
 endfacet
facet normal 0.290572107 0.496010989 0.818254828
  outer loop
   vertex 43008.6953 29042.0078 29890.6777
   vertex 43059.4531 29130.9922 29818.7129
   vertex 42908.7539 29073.9141 29906.8281
  endloop
 endfacet
facet normal 0.0709252134 0.656478345 0.751003146
  outer loop
   vertex 43059.4531 29130.9922 29818.7129
   vertex 43044.5664 29200.873 29759.0332
   vertex 42934.2969 29171.6152 29795.0234
  endloop
 endfacet
facet normal -0.298002988 0.94789362 -0.11265815
  outer loop
   vertex 43098.6406 29237.9883 29590.459
   vertex 43058.9219 29210.1953 29461.6797
   vertex 42991.7969 29210.7441 29643.8516
  endloop
 endfacet
facet normal -0.103063427 0.971749246 0.212323561
  outer loop
   vertex 42934.2969 29171.6152 29795.0234
   vertex 42991.7969 29210.7441 29643.8516
   vertex 42806.6328 29180.8555 29690.7578
  endloop
 endfacet
facet normal -0.19914414 0.964420497 0.173881397
  outer loop
   vertex 42934.2969 29171.6152 29795.0234
   vertex 43044.5664 29200.873 29759.0332
   vertex 42991.7969 29210.7441 29643.8516
  endloop
 endfacet
facet normal -0.385635883 0.835947871 -0.390481949
  outer loop
   vertex 42994.9492 29087.1934 29200.4395
   vertex 42811.7383 29046.9492 29295.2246
   vertex 42861.1719 29151.0195 29469.1973
  endloop
 endfacet
facet normal -0.395126253 0.819031417 -0.416008174
  outer loop
   vertex 42867.9961 29033.0664 29214.459
   vertex 42811.7383 29046.9492 29295.2246
   vertex 42994.9492 29087.1934 29200.4395
  endloop
 endfacet
facet normal -0.280613214 0.89303869 -0.351764381
  outer loop
   vertex 43058.9219 29210.1953 29461.6797
   vertex 42994.9492 29087.1934 29200.4395
   vertex 42861.1719 29151.0195 29469.1973
  endloop
 endfacet
facet normal -0.29558441 0.737573564 -0.607136846
  outer loop
   vertex 42278.3555 29158.3809 29758.4238
   vertex 42318.3906 29055.0664 29613.4219
   vertex 42134.4492 29025.25 29666.7539
  endloop
 endfacet
facet normal -0.363266051 0.911533117 -0.192730874
  outer loop
   vertex 43193.9375 29192.959 29177.5586
   vertex 43211.1289 29232.3262 29331.3496
   vertex 43327.4844 29245.1191 29172.5391
  endloop
 endfacet
facet normal -0.463515371 0.781845987 -0.416977674
  outer loop
   vertex 43261.3477 29153.5918 29028.8105
   vertex 42994.9492 29087.1934 29200.4395
   vertex 43193.9375 29192.959 29177.5586
  endloop
 endfacet
facet normal 0.214553997 0.960448325 0.177498221
  outer loop
   vertex 43569.7969 29255.6738 29262.4082
   vertex 43543.9922 29282.6133 29147.834
   vertex 43507.6602 29286.2988 29171.8027
  endloop
 endfacet
facet normal -0.110663593 0.870119333 -0.48025614
  outer loop
   vertex 43961.9531 29044.5039 28458.8945
   vertex 43840.1719 29060.9961 28516.834
   vertex 43924.7109 29116.5332 28597.9746
  endloop
 endfacet
facet normal -0.55626446 0.553086579 -0.620213747
  outer loop
   vertex 42677 28945.2734 29325.3984
   vertex 42811.7383 29046.9492 29295.2246
   vertex 42832.4961 28947.5078 29187.9277
  endloop
 endfacet
facet normal -0.567133307 0.698643625 -0.436184466
  outer loop
   vertex 42832.4961 28947.5078 29187.9277
   vertex 42994.9492 29087.1934 29200.4395
   vertex 42906.7188 28945.2949 29087.8809
  endloop
 endfacet
facet normal -0.261164248 0.383095711 -0.886019707
  outer loop
   vertex 42832.4961 28947.5078 29187.9277
   vertex 42867.9961 29033.0664 29214.459
   vertex 42994.9492 29087.1934 29200.4395
  endloop
 endfacet
facet normal -0.689742148 0.459652483 -0.559442043
  outer loop
   vertex 42811.7383 29046.9492 29295.2246
   vertex 42867.9961 29033.0664 29214.459
   vertex 42832.4961 28947.5078 29187.9277
  endloop
 endfacet
facet normal -0.58250922 0.779997706 -0.228662521
  outer loop
   vertex 43261.3477 29153.5918 29028.8105
   vertex 43327.4844 29245.1191 29172.5391
   vertex 43345.3594 29233.7793 29088.3203
  endloop
 endfacet
facet normal -0.348385245 0.855012298 -0.384163678
  outer loop
   vertex 43261.3477 29153.5918 29028.8105
   vertex 43193.9375 29192.959 29177.5586
   vertex 43327.4844 29245.1191 29172.5391
  endloop
 endfacet
facet normal -0.452546686 0.761955619 -0.463276535
  outer loop
   vertex 43261.3477 29153.5918 29028.8105
   vertex 43436.6484 29198.8418 28931.9922
   vertex 43405.8906 29108.1133 28812.8145
  endloop
 endfacet
facet normal 0.338820934 0.167109728 0.92589134
  outer loop
   vertex 42908.7539 29073.9141 29906.8281
   vertex 42789.8281 28936.5938 29975.1328
   vertex 42951.4375 28963.4844 29911.1387
  endloop
 endfacet
facet normal -0.332355976 0.904706478 -0.266544044
  outer loop
   vertex 42027.9805 29049.5098 29792.9277
   vertex 41948.2812 29056.0352 29914.4551
   vertex 42087.9336 29124.2539 29971.8672
  endloop
 endfacet
facet normal 0.391461402 -0.370528668 0.842298329
  outer loop
   vertex 42789.8281 28936.5938 29975.1328
   vertex 42717.3125 28733.252 29919.3848
   vertex 42928.5078 28781.1055 29842.2812
  endloop
 endfacet
facet normal 0.46924907 0.0157730579 0.882924974
  outer loop
   vertex 42611.9844 28966.8457 30086.6914
   vertex 42522.4492 29034.166 30133.0742
   vertex 42481.3789 28954.5801 30156.3242
  endloop
 endfacet
facet normal 0.47594896 -0.174938008 0.861898661
  outer loop
   vertex 42611.9844 28966.8457 30086.6914
   vertex 42481.3789 28954.5801 30156.3242
   vertex 42530.6562 28828.918 30103.6055
  endloop
 endfacet
facet normal 0.448179215 -0.095193699 0.888860822
  outer loop
   vertex 42951.4375 28963.4844 29911.1387
   vertex 43082.9844 28966.4336 29845.127
   vertex 43008.6953 29042.0078 29890.6777
  endloop
 endfacet
facet normal 0.394621491 -0.367561132 0.842123926
  outer loop
   vertex 42789.8281 28936.5938 29975.1328
   vertex 42928.5078 28781.1055 29842.2812
   vertex 42951.4375 28963.4844 29911.1387
  endloop
 endfacet
facet normal 0.579077005 -0.40110448 0.70977819
  outer loop
   vertex 42717.3125 28733.252 29919.3848
   vertex 42789.8281 28936.5938 29975.1328
   vertex 42642.1328 28824.4941 30032.2793
  endloop
 endfacet
facet normal 0.491711706 -0.218082324 0.843006372
  outer loop
   vertex 42789.8281 28936.5938 29975.1328
   vertex 42611.9844 28966.8457 30086.6914
   vertex 42642.1328 28824.4941 30032.2793
  endloop
 endfacet
facet normal 0.544884026 0.203624547 0.813411593
  outer loop
   vertex 42789.8281 28936.5938 29975.1328
   vertex 42699.0273 29067.0527 30003.2988
   vertex 42611.9844 28966.8457 30086.6914
  endloop
 endfacet
facet normal 0.396123707 0.0781873465 0.914862156
  outer loop
   vertex 42789.8281 28936.5938 29975.1328
   vertex 42799.8438 29064.8809 29959.832
   vertex 42699.0273 29067.0527 30003.2988
  endloop
 endfacet
facet normal 0.253691107 -0.587531686 0.768405735
  outer loop
   vertex 42280.3789 28822.3066 30194.7363
   vertex 42346.5547 28675.584 30060.7012
   vertex 42416.8867 28827.3496 30153.5215
  endloop
 endfacet
facet normal 0.287913412 -0.922735929 0.256250381
  outer loop
   vertex 42548.0742 28575.3027 29776.6289
   vertex 42618.8047 28622.4766 29867.0254
   vertex 42521.7812 28595.7969 29879.9707
  endloop
 endfacet
facet normal -0.369715303 0.341568291 -0.864084303
  outer loop
   vertex 42548.4414 29013.0293 29459.0254
   vertex 42499.6055 28838.8848 29411.084
   vertex 42409.6016 28977.0156 29504.1953
  endloop
 endfacet
facet normal -0.572706521 0.362967074 -0.735025227
  outer loop
   vertex 42548.4414 29013.0293 29459.0254
   vertex 42677 28945.2734 29325.3984
   vertex 42499.6055 28838.8848 29411.084
  endloop
 endfacet
facet normal -0.519214213 0.195721447 -0.831931293
  outer loop
   vertex 42738.2188 28737.5254 29238.3164
   vertex 42499.6055 28838.8848 29411.084
   vertex 42677 28945.2734 29325.3984
  endloop
 endfacet
facet normal -0.0902930796 0.948592603 0.303346634
  outer loop
   vertex 43098.6406 29237.9883 29590.459
   vertex 42991.7969 29210.7441 29643.8516
   vertex 43131.4766 29206.5293 29698.6094
  endloop
 endfacet
facet normal -0.293615609 0.747233689 -0.596180916
  outer loop
   vertex 41837.7617 29004.4727 29924.1094
   vertex 41869.0312 28885.748 29759.9043
   vertex 41736.5469 28942.5117 29896.2969
  endloop
 endfacet
facet normal -0.562880933 0.56760937 -0.600819945
  outer loop
   vertex 42811.7383 29046.9492 29295.2246
   vertex 42677 28945.2734 29325.3984
   vertex 42691.7734 29079.3398 29438.2148
  endloop
 endfacet
facet normal -0.385580242 0.618581235 -0.684605837
  outer loop
   vertex 42677 28945.2734 29325.3984
   vertex 42548.4414 29013.0293 29459.0254
   vertex 42691.7734 29079.3398 29438.2148
  endloop
 endfacet
facet normal 0.195812628 0.856621385 0.477343976
  outer loop
   vertex 42618.1445 29141.1016 29947.7969
   vertex 42457.7539 29165.4395 29969.9121
   vertex 42559.1719 29089.6289 30064.3574
  endloop
 endfacet
facet normal 0.160082296 0.984015465 0.0780209452
  outer loop
   vertex 42578.043 29163.0996 29752.6211
   vertex 42457.7539 29165.4395 29969.9121
   vertex 42618.1445 29141.1016 29947.7969
  endloop
 endfacet
facet normal 0.191524848 0.976830184 0.095504269
  outer loop
   vertex 42578.043 29163.0996 29752.6211
   vertex 42383.5352 29193.5938 29830.7988
   vertex 42457.7539 29165.4395 29969.9121
  endloop
 endfacet
facet normal 0.190773785 0.97192347 -0.137732282
  outer loop
   vertex 38225.4492 29007.3105 32023.2539
   vertex 38070.2461 29047.7168 32093.4062
   vertex 38191.5 29042.627 32225.4492
  endloop
 endfacet
facet normal 0.141749114 0.960468709 -0.239597589
  outer loop
   vertex 38225.4492 29007.3105 32023.2539
   vertex 38054.4492 29034.8574 32032.5117
   vertex 38070.2461 29047.7168 32093.4062
  endloop
 endfacet
facet normal -0.0124051888 0.981742203 -0.189811453
  outer loop
   vertex 41188.3555 28955.2793 30403.7051
   vertex 41325.6484 28962.1562 30430.3008
   vertex 41245.6523 28930.791 30273.3008
  endloop
 endfacet
facet normal -0.490872115 0.769453466 -0.408639073
  outer loop
   vertex 41143.8633 28873.3516 30207.2559
   vertex 40989.4648 28809.6426 30272.7656
   vertex 41125.5234 28916.0859 30309.7559
  endloop
 endfacet
facet normal 0.440396816 0.79650712 0.414278895
  outer loop
   vertex 41456.8203 28897.6934 30666.0938
   vertex 41562.0469 28866.5293 30614.1523
   vertex 41550.0508 28944.7285 30476.5527
  endloop
 endfacet
facet normal -0.246261448 0.890489757 -0.382600754
  outer loop
   vertex 41269.0586 28838.5215 30108.4395
   vertex 41438.1992 28931.5449 30216.0801
   vertex 41413.7188 28854.1113 30051.6113
  endloop
 endfacet
facet normal -0.652097404 -0.192845076 -0.733198285
  outer loop
   vertex 41165.1836 28474.3086 29963.3379
   vertex 41136.8047 28390.8789 30010.5195
   vertex 41059.3008 28528.3789 30043.2871
  endloop
 endfacet
facet normal -0.377612531 0.871357739 -0.313280195
  outer loop
   vertex 42001.0781 28969.3301 29671.9707
   vertex 42134.4492 29025.25 29666.7539
   vertex 42045.6094 28974.4629 29632.5742
  endloop
 endfacet
facet normal -0.233727723 0.956590891 0.174084023
  outer loop
   vertex 42257.7852 29199.8613 29842.1504
   vertex 42284.3008 29189.8496 29932.7695
   vertex 42300.3477 29209.8945 29844.1699
  endloop
 endfacet
facet normal -0.485251009 0.820361555 -0.302553177
  outer loop
   vertex 41749.6641 28993.7578 30014.2168
   vertex 41736.5469 28942.5117 29896.2969
   vertex 41583.5391 28887.8379 29993.459
  endloop
 endfacet
facet normal -0.295700192 0.719611049 -0.62826854
  outer loop
   vertex 41269.0586 28838.5215 30108.4395
   vertex 41116.6523 28794.3164 30129.5391
   vertex 41143.8633 28873.3516 30207.2559
  endloop
 endfacet
facet normal -0.156967193 0.852143168 -0.499212742
  outer loop
   vertex 41269.0586 28838.5215 30108.4395
   vertex 41143.8633 28873.3516 30207.2559
   vertex 41245.6523 28930.791 30273.3008
  endloop
 endfacet
facet normal -0.0540896021 0.984122515 -0.169047803
  outer loop
   vertex 41245.6523 28930.791 30273.3008
   vertex 41325.6484 28962.1562 30430.3008
   vertex 41438.1992 28931.5449 30216.0801
  endloop
 endfacet
facet normal -0.664047897 0.166612849 -0.728889942
  outer loop
   vertex 42040.9688 28899.2988 29619.6211
   vertex 42001.0781 28969.3301 29671.9707
   vertex 42045.6094 28974.4629 29632.5742
  endloop
 endfacet
facet normal -0.267446488 0.474546045 -0.838616967
  outer loop
   vertex 42001.0781 28969.3301 29671.9707
   vertex 42040.9688 28899.2988 29619.6211
   vertex 41956.2695 28926.0625 29661.7773
  endloop
 endfacet
facet normal -0.383619994 0.712144792 -0.58795023
  outer loop
   vertex 41948.2812 29056.0352 29914.4551
   vertex 41869.0312 28885.748 29759.9043
   vertex 41837.7617 29004.4727 29924.1094
  endloop
 endfacet
facet normal -0.648469388 0.692955375 -0.315119505
  outer loop
   vertex 42027.9805 29049.5098 29792.9277
   vertex 42001.0781 28969.3301 29671.9707
   vertex 41869.0312 28885.748 29759.9043
  endloop
 endfacet
facet normal -0.636628628 0.722712994 -0.269053727
  outer loop
   vertex 41956.2695 28926.0625 29661.7773
   vertex 41869.0312 28885.748 29759.9043
   vertex 42001.0781 28969.3301 29671.9707
  endloop
 endfacet
facet normal -0.602441669 0.671683311 -0.431167662
  outer loop
   vertex 41948.2812 29056.0352 29914.4551
   vertex 42027.9805 29049.5098 29792.9277
   vertex 41869.0312 28885.748 29759.9043
  endloop
 endfacet
facet normal -0.409043133 0.630457938 -0.659701824
  outer loop
   vertex 41869.0312 28885.748 29759.9043
   vertex 41688.8711 28870.1855 29856.7402
   vertex 41736.5469 28942.5117 29896.2969
  endloop
 endfacet
facet normal -0.384651393 0.123717725 -0.91473341
  outer loop
   vertex 42247.3672 28729.1133 29503.8809
   vertex 42138.125 28772.123 29555.6348
   vertex 42257.7891 28864.8438 29517.8555
  endloop
 endfacet
facet normal -0.834683239 0.119450554 -0.537620187
  outer loop
   vertex 42247.3672 28729.1133 29503.8809
   vertex 42257.7891 28864.8438 29517.8555
   vertex 42272.6016 28766.1055 29472.9199
  endloop
 endfacet
facet normal -0.232250467 0.882295012 -0.409408391
  outer loop
   vertex 41245.6523 28930.791 30273.3008
   vertex 41143.8633 28873.3516 30207.2559
   vertex 41125.5234 28916.0859 30309.7559
  endloop
 endfacet
facet normal 0.80472815 0.339560181 0.48694101
  outer loop
   vertex 41475.1523 28788.9766 30711.6133
   vertex 41456.8203 28897.6934 30666.0938
   vertex 41428.6641 28869.6699 30732.166
  endloop
 endfacet
facet normal -0.195554733 0.944680214 -0.263320386
  outer loop
   vertex 41245.6523 28930.791 30273.3008
   vertex 41125.5234 28916.0859 30309.7559
   vertex 41188.3555 28955.2793 30403.7051
  endloop
 endfacet
facet normal 0.726495326 0.139343336 0.672895193
  outer loop
   vertex 41851.7578 28781.5273 30442.1328
   vertex 41956.1133 28745.0176 30337.0234
   vertex 41876.7578 28882.459 30394.2402
  endloop
 endfacet
facet normal -0.395771176 0.65396595 -0.644743145
  outer loop
   vertex 40690.5469 28744.4883 30561.1992
   vertex 40569.9492 28535.4902 30423.2383
   vertex 40495.8008 28681.4688 30616.8203
  endloop
 endfacet
facet normal -0.493436813 0.800502241 -0.340170979
  outer loop
   vertex 40772.7031 28737.8379 30396.8164
   vertex 40860.7539 28809.4824 30437.6875
   vertex 40835.6953 28744.6992 30321.5879
  endloop
 endfacet
facet normal -0.714091003 0.318602294 -0.623351097
  outer loop
   vertex 40059.6875 28426.9023 30641.9199
   vertex 39977.543 28593.5059 30821.1758
   vertex 40045.5352 28545.6758 30718.8398
  endloop
 endfacet
facet normal -0.344676703 0.571806371 -0.744469941
  outer loop
   vertex 40314.5508 28577.6855 30639.7344
   vertex 40059.6875 28426.9023 30641.9199
   vertex 40121.4453 28578.2715 30729.5898
  endloop
 endfacet
facet normal -0.567995548 0.359858543 -0.740191102
  outer loop
   vertex 40357.2227 28350.6816 30496.627
   vertex 40314.5508 28577.6855 30639.7344
   vertex 40569.9492 28535.4902 30423.2383
  endloop
 endfacet
facet normal -0.440504104 0.627562761 -0.641966581
  outer loop
   vertex 40569.9492 28535.4902 30423.2383
   vertex 40314.5508 28577.6855 30639.7344
   vertex 40495.8008 28681.4688 30616.8203
  endloop
 endfacet
facet normal -0.286319703 0.471871763 -0.833881319
  outer loop
   vertex 40059.6875 28426.9023 30641.9199
   vertex 40314.5508 28577.6855 30639.7344
   vertex 40357.2227 28350.6816 30496.627
  endloop
 endfacet
facet normal 0.345874488 -0.0194813851 0.938078523
  outer loop
   vertex 42124.9062 28801.1934 30251.6191
   vertex 42280.3789 28822.3066 30194.7363
   vertex 42194.5039 28975.8203 30229.5859
  endloop
 endfacet
facet normal 0.45587641 -0.479422957 0.74988687
  outer loop
   vertex 42280.3789 28822.3066 30194.7363
   vertex 42202.7734 28704.084 30166.3301
   vertex 42346.5547 28675.584 30060.7012
  endloop
 endfacet
facet normal 0.318386436 -0.181873918 0.930350423
  outer loop
   vertex 42481.3789 28954.5801 30156.3242
   vertex 42354.7578 28957.2109 30200.1719
   vertex 42416.8867 28827.3496 30153.5215
  endloop
 endfacet
facet normal 0.427001804 -0.56913954 0.702673256
  outer loop
   vertex 42642.1328 28824.4941 30032.2793
   vertex 42530.6562 28828.918 30103.6055
   vertex 42521.707 28680.3711 29988.7266
  endloop
 endfacet
facet normal 0.290004104 -0.197625831 0.936398208
  outer loop
   vertex 42354.7578 28957.2109 30200.1719
   vertex 42280.3789 28822.3066 30194.7363
   vertex 42416.8867 28827.3496 30153.5215
  endloop
 endfacet
facet normal 0.0868024081 -0.548755467 0.831464231
  outer loop
   vertex 42346.5547 28675.584 30060.7012
   vertex 42461.4766 28743.3301 30093.416
   vertex 42416.8867 28827.3496 30153.5215
  endloop
 endfacet
facet normal 0.394505173 -0.219616964 0.892263472
  outer loop
   vertex 42530.6562 28828.918 30103.6055
   vertex 42481.3789 28954.5801 30156.3242
   vertex 42416.8867 28827.3496 30153.5215
  endloop
 endfacet
facet normal -0.345781446 0.379188776 -0.858283818
  outer loop
   vertex 41389.8945 28703.748 29946.7363
   vertex 41224.9492 28563.7012 29951.3164
   vertex 41175.3945 28693.7617 30028.7402
  endloop
 endfacet
facet normal -0.632114649 -0.00135009969 -0.774873734
  outer loop
   vertex 42040.9688 28899.2988 29619.6211
   vertex 42018.4922 28748.5957 29638.2188
   vertex 41869.0312 28885.748 29759.9043
  endloop
 endfacet
facet normal -0.505470812 -0.541437507 -0.671821892
  outer loop
   vertex 42040.9688 28899.2988 29619.6211
   vertex 41869.0312 28885.748 29759.9043
   vertex 41956.2695 28926.0625 29661.7773
  endloop
 endfacet
facet normal -0.457240731 0.814959466 -0.356050491
  outer loop
   vertex 40860.7539 28809.4824 30437.6875
   vertex 40989.4648 28809.6426 30272.7656
   vertex 40835.6953 28744.6992 30321.5879
  endloop
 endfacet
facet normal -0.694097817 0.414860487 -0.588318765
  outer loop
   vertex 41583.5391 28887.8379 29993.459
   vertex 41688.8711 28870.1855 29856.7402
   vertex 41607.75 28724.9863 29850.0547
  endloop
 endfacet
facet normal -0.285236597 -0.511860788 -0.810332417
  outer loop
   vertex 41893.4766 28593.5312 29778.8301
   vertex 41774.8828 28669.6523 29772.4922
   vertex 41907.4258 28695.9961 29709.1953
  endloop
 endfacet
facet normal -0.245702937 -0.454104811 -0.856398821
  outer loop
   vertex 41893.4766 28593.5312 29778.8301
   vertex 41771.0664 28566.6309 29828.2129
   vertex 41774.8828 28669.6523 29772.4922
  endloop
 endfacet
facet normal -0.161185294 -0.46489808 -0.870568275
  outer loop
   vertex 41771.0664 28566.6309 29828.2129
   vertex 41657.3477 28591.9453 29835.75
   vertex 41774.8828 28669.6523 29772.4922
  endloop
 endfacet
facet normal -0.449654102 0.14456366 -0.881426454
  outer loop
   vertex 41907.4258 28695.9961 29709.1953
   vertex 41774.8828 28669.6523 29772.4922
   vertex 41869.0312 28885.748 29759.9043
  endloop
 endfacet
facet normal -0.471478224 0.301552892 -0.828718364
  outer loop
   vertex 41688.8711 28870.1855 29856.7402
   vertex 41869.0312 28885.748 29759.9043
   vertex 41607.75 28724.9863 29850.0547
  endloop
 endfacet
facet normal -0.386554658 0.115112886 -0.915054381
  outer loop
   vertex 41774.8828 28669.6523 29772.4922
   vertex 41607.75 28724.9863 29850.0547
   vertex 41869.0312 28885.748 29759.9043
  endloop
 endfacet
facet normal -0.201498821 0.770568728 -0.604666889
  outer loop
   vertex 42402.5234 29149.5664 29705.8145
   vertex 42318.3906 29055.0664 29613.4219
   vertex 42278.3555 29158.3809 29758.4238
  endloop
 endfacet
facet normal -0.266743779 0.784632742 -0.559642017
  outer loop
   vertex 42402.5234 29149.5664 29705.8145
   vertex 42469.5039 29090.1699 29590.6113
   vertex 42318.3906 29055.0664 29613.4219
  endloop
 endfacet
facet normal -0.275329471 0.294349581 -0.915178657
  outer loop
   vertex 41389.8945 28703.748 29946.7363
   vertex 41335.2617 28554.5957 29915.1992
   vertex 41224.9492 28563.7012 29951.3164
  endloop
 endfacet
facet normal 0.0149681885 0.201588184 -0.979355991
  outer loop
   vertex 41482.875 28531.4414 29912.6895
   vertex 41335.2617 28554.5957 29915.1992
   vertex 41389.8945 28703.748 29946.7363
  endloop
 endfacet
facet normal -0.645557106 -0.202883124 -0.736270607
  outer loop
   vertex 41484.1484 28652.043 29878.3438
   vertex 41482.875 28531.4414 29912.6895
   vertex 41389.8945 28703.748 29946.7363
  endloop
 endfacet
facet normal -0.553732574 0.262812376 -0.790132821
  outer loop
   vertex 41059.3008 28528.3789 30043.2871
   vertex 40917.7109 28632.9785 30177.3047
   vertex 41042.7578 28698.8184 30111.5723
  endloop
 endfacet
facet normal -0.316751391 -0.0936892256 -0.943870187
  outer loop
   vertex 41335.2617 28554.5957 29915.1992
   vertex 41277.7578 28434.7148 29946.3965
   vertex 41224.9492 28563.7012 29951.3164
  endloop
 endfacet
facet normal -0.622260332 0.143641844 -0.769518793
  outer loop
   vertex 40868.9609 28418.8066 30176.75
   vertex 40917.7109 28632.9785 30177.3047
   vertex 41059.3008 28528.3789 30043.2871
  endloop
 endfacet
facet normal -0.276979983 0.59472537 -0.754707754
  outer loop
   vertex 41116.6523 28794.3164 30129.5391
   vertex 41269.0586 28838.5215 30108.4395
   vertex 41175.3945 28693.7617 30028.7402
  endloop
 endfacet
facet normal -0.0587326549 -0.272861272 -0.960258901
  outer loop
   vertex 41607.75 28724.9863 29850.0547
   vertex 41482.875 28531.4414 29912.6895
   vertex 41484.1484 28652.043 29878.3438
  endloop
 endfacet
facet normal -0.389565259 -0.0463263057 -0.919833004
  outer loop
   vertex 41607.75 28724.9863 29850.0547
   vertex 41657.3477 28591.9453 29835.75
   vertex 41482.875 28531.4414 29912.6895
  endloop
 endfacet
facet normal -0.466963023 0.688415885 -0.555003703
  outer loop
   vertex 40835.6953 28744.6992 30321.5879
   vertex 40989.4648 28809.6426 30272.7656
   vertex 40860.8086 28707.498 30254.3125
  endloop
 endfacet
facet normal -0.5110569 0.287498295 -0.810040474
  outer loop
   vertex 41224.9492 28563.7012 29951.3164
   vertex 41059.3008 28528.3789 30043.2871
   vertex 41175.3945 28693.7617 30028.7402
  endloop
 endfacet
facet normal -0.509391069 0.229016021 -0.829501271
  outer loop
   vertex 41224.9492 28563.7012 29951.3164
   vertex 41165.1836 28474.3086 29963.3379
   vertex 41059.3008 28528.3789 30043.2871
  endloop
 endfacet
facet normal -0.365198225 0.570796072 -0.735406101
  outer loop
   vertex 41413.7188 28854.1113 30051.6113
   vertex 41583.5391 28887.8379 29993.459
   vertex 41389.8945 28703.748 29946.7363
  endloop
 endfacet
facet normal -0.133563429 -0.309803993 -0.941372573
  outer loop
   vertex 42355.5664 28735.2266 29465.6328
   vertex 42499.6055 28838.8848 29411.084
   vertex 42581.7539 28628.2129 29468.7598
  endloop
 endfacet
facet normal -0.407126993 0.365223199 -0.837173581
  outer loop
   vertex 41607.75 28724.9863 29850.0547
   vertex 41484.1484 28652.043 29878.3438
   vertex 41389.8945 28703.748 29946.7363
  endloop
 endfacet
facet normal -0.37703231 0.579892218 -0.722199202
  outer loop
   vertex 41583.5391 28887.8379 29993.459
   vertex 41607.75 28724.9863 29850.0547
   vertex 41389.8945 28703.748 29946.7363
  endloop
 endfacet
facet normal -0.158049092 -0.0270660184 -0.987060249
  outer loop
   vertex 41277.7578 28434.7148 29946.3965
   vertex 41165.1836 28474.3086 29963.3379
   vertex 41224.9492 28563.7012 29951.3164
  endloop
 endfacet
facet normal -0.596835554 0.555335701 -0.579128325
  outer loop
   vertex 41042.7578 28698.8184 30111.5723
   vertex 40917.7109 28632.9785 30177.3047
   vertex 40989.4648 28809.6426 30272.7656
  endloop
 endfacet
facet normal -0.331322879 0.298709393 -0.894984841
  outer loop
   vertex 40641.4805 28564.3789 30332.5156
   vertex 40741.3516 28610.4336 30310.916
   vertex 40651.1094 28539.1816 30320.541
  endloop
 endfacet
facet normal -0.500881672 0.279556602 -0.819124937
  outer loop
   vertex 41175.3945 28693.7617 30028.7402
   vertex 41059.3008 28528.3789 30043.2871
   vertex 41042.7578 28698.8184 30111.5723
  endloop
 endfacet
facet normal -0.448834866 0.488128424 -0.748517156
  outer loop
   vertex 41175.3945 28693.7617 30028.7402
   vertex 41042.7578 28698.8184 30111.5723
   vertex 41116.6523 28794.3164 30129.5391
  endloop
 endfacet
facet normal -0.586857557 0.563495159 -0.581439078
  outer loop
   vertex 41116.6523 28794.3164 30129.5391
   vertex 41042.7578 28698.8184 30111.5723
   vertex 40989.4648 28809.6426 30272.7656
  endloop
 endfacet
facet normal -0.344176561 0.360212833 -0.8670578
  outer loop
   vertex 42257.7891 28864.8438 29517.8555
   vertex 42409.6016 28977.0156 29504.1953
   vertex 42499.6055 28838.8848 29411.084
  endloop
 endfacet
facet normal -0.396689504 0.0695336461 -0.915315509
  outer loop
   vertex 42355.5664 28735.2266 29465.6328
   vertex 42257.7891 28864.8438 29517.8555
   vertex 42499.6055 28838.8848 29411.084
  endloop
 endfacet
facet normal 0.286425859 -0.756237566 0.58827287
  outer loop
   vertex 42521.707 28680.3711 29988.7266
   vertex 42521.7812 28595.7969 29879.9707
   vertex 42618.8047 28622.4766 29867.0254
  endloop
 endfacet
facet normal 0.446691722 -0.872900844 0.196241334
  outer loop
   vertex 42390.3945 28585.8809 29867.3262
   vertex 42521.707 28680.3711 29988.7266
   vertex 42423.6992 28628.4785 29981.002
  endloop
 endfacet
facet normal 0.00050577306 -0.78940326 0.613874793
  outer loop
   vertex 42521.7812 28595.7969 29879.9707
   vertex 42521.707 28680.3711 29988.7266
   vertex 42390.3945 28585.8809 29867.3262
  endloop
 endfacet
facet normal 0.298927963 -0.666299999 0.68314451
  outer loop
   vertex 42521.707 28680.3711 29988.7266
   vertex 42346.5547 28675.584 30060.7012
   vertex 42423.6992 28628.4785 29981.002
  endloop
 endfacet
facet normal 0.269227564 -0.749033034 0.605364382
  outer loop
   vertex 42461.4766 28743.3301 30093.416
   vertex 42346.5547 28675.584 30060.7012
   vertex 42521.707 28680.3711 29988.7266
  endloop
 endfacet
facet normal 0.372704327 -0.400906086 0.836878598
  outer loop
   vertex 42416.8867 28827.3496 30153.5215
   vertex 42461.4766 28743.3301 30093.416
   vertex 42530.6562 28828.918 30103.6055
  endloop
 endfacet
facet normal -0.155930772 -0.909075201 0.386352032
  outer loop
   vertex 42423.6992 28628.4785 29981.002
   vertex 42346.5547 28675.584 30060.7012
   vertex 42390.3945 28585.8809 29867.3262
  endloop
 endfacet
facet normal 0.202000052 -0.870166242 0.449451566
  outer loop
   vertex 42204.3242 28577.2246 29934.1934
   vertex 42390.3945 28585.8809 29867.3262
   vertex 42346.5547 28675.584 30060.7012
  endloop
 endfacet
facet normal 0.326755255 -0.888141096 0.323166192
  outer loop
   vertex 42204.3242 28577.2246 29934.1934
   vertex 42346.5547 28675.584 30060.7012
   vertex 42175.4336 28618.4453 30076.6914
  endloop
 endfacet
facet normal 0.577577829 -0.14365083 0.803597093
  outer loop
   vertex 41162.2695 28641.2266 30932.2969
   vertex 41299.2383 28510.707 30810.5215
   vertex 41336.6406 28706.4062 30818.6191
  endloop
 endfacet
facet normal -0.593681693 0.652988791 -0.470263422
  outer loop
   vertex 40569.9492 28535.4902 30423.2383
   vertex 40690.5469 28744.4883 30561.1992
   vertex 40741.3516 28610.4336 30310.916
  endloop
 endfacet
facet normal -0.78232199 0.468930632 -0.409971237
  outer loop
   vertex 40772.7031 28737.8379 30396.8164
   vertex 40741.3516 28610.4336 30310.916
   vertex 40690.5469 28744.4883 30561.1992
  endloop
 endfacet
facet normal -0.506206155 0.242375717 -0.827652931
  outer loop
   vertex 40698.0508 28441.8555 30288.0312
   vertex 40741.3516 28610.4336 30310.916
   vertex 40868.9609 28418.8066 30176.75
  endloop
 endfacet
facet normal -0.254183173 0.193914369 -0.947516799
  outer loop
   vertex 40698.0508 28441.8555 30288.0312
   vertex 40651.1094 28539.1816 30320.541
   vertex 40741.3516 28610.4336 30310.916
  endloop
 endfacet
facet normal -0.67843765 0.518118978 -0.520840764
  outer loop
   vertex 40772.7031 28737.8379 30396.8164
   vertex 40835.6953 28744.6992 30321.5879
   vertex 40741.3516 28610.4336 30310.916
  endloop
 endfacet
facet normal -0.670878947 0.51390332 -0.534625828
  outer loop
   vertex 40835.6953 28744.6992 30321.5879
   vertex 40860.8086 28707.498 30254.3125
   vertex 40741.3516 28610.4336 30310.916
  endloop
 endfacet
facet normal -0.606771708 -0.241972685 -0.757150769
  outer loop
   vertex 37147.1562 28608.6309 32260.4336
   vertex 37327.5352 28654.5918 32101.1914
   vertex 37293.1914 28534.4297 32167.1152
  endloop
 endfacet
facet normal -0.193148896 -0.0145915449 -0.981060982
  outer loop
   vertex 37691.9688 28430.1973 31783.6543
   vertex 37655.3711 28479.0254 31790.1328
   vertex 37693.0547 28536.2715 31781.8633
  endloop
 endfacet
facet normal -0.609492958 -0.0071515576 -0.79275924
  outer loop
   vertex 37691.9688 28430.1973 31783.6543
   vertex 37693.0547 28536.2715 31781.8633
   vertex 37816.9883 28490.75 31686.9902
  endloop
 endfacet
facet normal -0.652720988 0.0260973796 -0.757148743
  outer loop
   vertex 37627.2812 28626.6602 31863.0664
   vertex 37509.5586 28524.4492 31961.0293
   vertex 37537.4688 28695.4668 31942.8633
  endloop
 endfacet
facet normal -0.696857095 0.125880137 -0.706076741
  outer loop
   vertex 37627.2812 28626.6602 31863.0664
   vertex 37613.0312 28476.8125 31850.418
   vertex 37509.5586 28524.4492 31961.0293
  endloop
 endfacet
facet normal -0.658696532 -0.240935132 -0.712789714
  outer loop
   vertex 36986.7148 28672.0098 32324.9434
   vertex 36857.0156 28741.5762 32421.2852
   vertex 36966.707 28787.9141 32304.2539
  endloop
 endfacet
facet normal -0.361766517 -0.179268375 -0.914870381
  outer loop
   vertex 37076.5508 28748.7031 32228.8496
   vertex 37087.1484 28837.0449 32207.3477
   vertex 37158.9102 28844.3652 32177.5371
  endloop
 endfacet
facet normal -0.628192663 -0.167291492 -0.759860218
  outer loop
   vertex 37327.5352 28654.5918 32101.1914
   vertex 37147.1562 28608.6309 32260.4336
   vertex 37244.6289 28774.3398 32143.3672
  endloop
 endfacet
facet normal -0.530903339 0.437093019 -0.726010561
  outer loop
   vertex 37038.3047 28837.3262 32243.2363
   vertex 37121.1211 28925.5488 32235.7891
   vertex 37087.1484 28837.0449 32207.3477
  endloop
 endfacet
facet normal -0.660545051 -0.252156079 -0.707175791
  outer loop
   vertex 36986.7148 28672.0098 32324.9434
   vertex 36898.4414 28639.5781 32418.9609
   vertex 36857.0156 28741.5762 32421.2852
  endloop
 endfacet
facet normal -0.604530036 -0.376272917 -0.702112615
  outer loop
   vertex 36821.8477 28617.6582 32517.9746
   vertex 36775.1875 28712.7441 32507.1895
   vertex 36857.0156 28741.5762 32421.2852
  endloop
 endfacet
facet normal -0.727868259 -0.28136456 -0.625333309
  outer loop
   vertex 36821.8477 28617.6582 32517.9746
   vertex 36857.0156 28741.5762 32421.2852
   vertex 36898.4414 28639.5781 32418.9609
  endloop
 endfacet
facet normal -0.698135853 -0.103369743 -0.708463848
  outer loop
   vertex 37509.5586 28524.4492 31961.0293
   vertex 37394.8477 28529.5469 32073.3242
   vertex 37443.6523 28650.291 32007.6133
  endloop
 endfacet
facet normal -0.622611523 -0.164669573 -0.765009046
  outer loop
   vertex 37327.5352 28654.5918 32101.1914
   vertex 37443.6523 28650.291 32007.6133
   vertex 37394.8477 28529.5469 32073.3242
  endloop
 endfacet
facet normal -0.569881976 0.00572177628 -0.821706653
  outer loop
   vertex 37509.5586 28524.4492 31961.0293
   vertex 37443.6523 28650.291 32007.6133
   vertex 37537.4688 28695.4668 31942.8633
  endloop
 endfacet
facet normal -0.372942835 -0.378951907 -0.846941054
  outer loop
   vertex 37076.5508 28748.7031 32228.8496
   vertex 37244.6289 28774.3398 32143.3672
   vertex 37147.1562 28608.6309 32260.4336
  endloop
 endfacet
facet normal -0.201215521 -0.310870498 -0.928908944
  outer loop
   vertex 37076.5508 28748.7031 32228.8496
   vertex 37147.1562 28608.6309 32260.4336
   vertex 37059.7969 28666.8789 32259.8633
  endloop
 endfacet
facet normal -0.452580273 0.356938988 -0.817169309
  outer loop
   vertex 37537.4688 28695.4668 31942.8633
   vertex 37653.5859 28807.4258 31927.457
   vertex 37627.2812 28626.6602 31863.0664
  endloop
 endfacet
facet normal 0.283541977 0.957814574 -0.0468527675
  outer loop
   vertex 38416.2539 28956.5195 32139.625
   vertex 38462.2695 28935.3223 31984.7363
   vertex 38225.4492 29007.3105 32023.2539
  endloop
 endfacet
facet normal -0.473016381 0.374395847 -0.797548294
  outer loop
   vertex 37816.9883 28490.75 31686.9902
   vertex 37693.0547 28536.2715 31781.8633
   vertex 37804.9648 28711.2949 31797.6543
  endloop
 endfacet
facet normal -0.472002983 0.373826146 -0.798415422
  outer loop
   vertex 37627.2812 28626.6602 31863.0664
   vertex 37804.9648 28711.2949 31797.6543
   vertex 37693.0547 28536.2715 31781.8633
  endloop
 endfacet
facet normal -0.46752277 0.356214941 -0.809032381
  outer loop
   vertex 37627.2812 28626.6602 31863.0664
   vertex 37653.5859 28807.4258 31927.457
   vertex 37804.9648 28711.2949 31797.6543
  endloop
 endfacet
facet normal 0.495523721 0.400667757 0.770663083
  outer loop
   vertex 38391.5703 28779.4023 32413.1465
   vertex 38354.9609 28866.6387 32391.3301
   vertex 38346.6719 28786.4062 32438.373
  endloop
 endfacet
facet normal -0.0422650091 0.903732717 -0.426005661
  outer loop
   vertex 38218.3164 28900.9941 31747.7422
   vertex 38127.4883 28965.3848 31893.3516
   vertex 38364.9258 28939.0957 31814.0254
  endloop
 endfacet
facet normal -0.114539467 0.949411213 -0.292402297
  outer loop
   vertex 38304.2109 28896.248 31698.6836
   vertex 38218.3164 28900.9941 31747.7422
   vertex 38364.9258 28939.0957 31814.0254
  endloop
 endfacet
facet normal -0.208742484 0.432972193 -0.876904607
  outer loop
   vertex 38981.5234 28395.4512 31060.5391
   vertex 38811.7227 28483.2148 31144.293
   vertex 39083.4648 28551.1895 31113.1699
  endloop
 endfacet
facet normal -0.354538739 0.46501556 -0.811210692
  outer loop
   vertex 39475.4375 28506.6895 30916.9453
   vertex 39619.6055 28498.3574 30849.1582
   vertex 39447.4531 28374.1289 30853.1875
  endloop
 endfacet
facet normal -0.0343386717 0.677046001 -0.735139132
  outer loop
   vertex 38724.4062 28664.0039 31250.1719
   vertex 38730.25 28770.4688 31347.9492
   vertex 38878.7227 28754.6133 31326.4121
  endloop
 endfacet
facet normal -0.243558645 0.502754152 -0.829407871
  outer loop
   vertex 39847.3477 28340.1758 30651.1523
   vertex 39744.2891 28356.373 30691.2344
   vertex 39802.6641 28457.1074 30735.1523
  endloop
 endfacet
facet normal -0.494930655 0.401671499 -0.7705217
  outer loop
   vertex 38203.4805 28588.4746 31435.8809
   vertex 38256.0195 28702.9297 31461.7988
   vertex 38337.4375 28699.9023 31407.9238
  endloop
 endfacet
facet normal 0.227296084 0.518260181 -0.824465215
  outer loop
   vertex 38428.418 28560.3066 31264.2441
   vertex 38370.1875 28602.4668 31274.6934
   vertex 38392.7031 28639.8555 31304.4023
  endloop
 endfacet
facet normal 0.506033838 0.48228544 0.715073764
  outer loop
   vertex 38830.5586 28793.9785 31891.5645
   vertex 38970.8633 28618.459 31910.6543
   vertex 39018.0039 28746.209 31791.1348
  endloop
 endfacet
facet normal 0.173640013 0.755542457 0.63166821
  outer loop
   vertex 38658.4062 28891.4512 31822.2988
   vertex 38830.5586 28793.9785 31891.5645
   vertex 38797.9648 28859.7207 31821.8906
  endloop
 endfacet
facet normal -0.323997229 0.431520492 -0.841912031
  outer loop
   vertex 39178.1445 28361.9336 30979.7305
   vertex 39083.4648 28551.1895 31113.1699
   vertex 39334.2383 28518.5781 30999.9492
  endloop
 endfacet
facet normal -0.182096034 0.670517683 -0.719198942
  outer loop
   vertex 38724.4062 28664.0039 31250.1719
   vertex 38550.6055 28714.498 31341.252
   vertex 38730.25 28770.4688 31347.9492
  endloop
 endfacet
facet normal -0.0854039937 0.793327034 -0.602775574
  outer loop
   vertex 38724.4062 28664.0039 31250.1719
   vertex 38619.4531 28654.3887 31252.3867
   vertex 38550.6055 28714.498 31341.252
  endloop
 endfacet
facet normal -0.00903188623 0.945861042 -0.324446112
  outer loop
   vertex 38597.4531 28868.0273 31540.2285
   vertex 38514.0664 28912.3359 31671.7207
   vertex 38665.1484 28906.2559 31649.791
  endloop
 endfacet
facet normal 0.457004011 0.511904299 0.727393508
  outer loop
   vertex 38970.8633 28618.459 31910.6543
   vertex 39259.2578 28639.1855 31714.877
   vertex 39018.0039 28746.209 31791.1348
  endloop
 endfacet
facet normal 0.00219684141 0.951174676 -0.308645248
  outer loop
   vertex 38127.4883 28965.3848 31893.3516
   vertex 38225.4492 29007.3105 32023.2539
   vertex 38364.9258 28939.0957 31814.0254
  endloop
 endfacet
facet normal 0.268576086 0.954164922 -0.132046074
  outer loop
   vertex 38462.2695 28935.3223 31984.7363
   vertex 38364.9258 28939.0957 31814.0254
   vertex 38225.4492 29007.3105 32023.2539
  endloop
 endfacet
facet normal 0.649437129 0.582217515 0.48913613
  outer loop
   vertex 38872.582 28650.1523 32003.4238
   vertex 38970.8633 28618.459 31910.6543
   vertex 38823.9062 28704.5723 32003.2754
  endloop
 endfacet
facet normal 0.704594791 -0.0979496986 0.702817202
  outer loop
   vertex 38458.1133 28890.6562 32253.6465
   vertex 38605.6523 28817.0215 32095.4707
   vertex 38522.7109 28896.2246 32189.6582
  endloop
 endfacet
facet normal 0.44097504 -0.263443023 0.857985318
  outer loop
   vertex 38396.1797 28693.2695 32384.3301
   vertex 38391.5703 28779.4023 32413.1465
   vertex 38346.6719 28786.4062 32438.373
  endloop
 endfacet
facet normal -0.138006404 0.450043917 -0.882278144
  outer loop
   vertex 38910.5195 28647.5195 31212.6504
   vertex 38811.7227 28483.2148 31144.293
   vertex 38724.4062 28664.0039 31250.1719
  endloop
 endfacet
facet normal -0.0518046096 0.349972218 -0.935326517
  outer loop
   vertex 38607.0938 28556.666 31216.5059
   vertex 38619.4531 28654.3887 31252.3867
   vertex 38724.4062 28664.0039 31250.1719
  endloop
 endfacet
facet normal -0.21809046 0.4837659 -0.847589016
  outer loop
   vertex 38811.7227 28483.2148 31144.293
   vertex 38910.5195 28647.5195 31212.6504
   vertex 39083.4648 28551.1895 31113.1699
  endloop
 endfacet
facet normal -0.603726208 0.686113715 -0.405909568
  outer loop
   vertex 38392.7031 28639.8555 31304.4023
   vertex 38370.1875 28602.4668 31274.6934
   vertex 38328.543 28590.0137 31315.582
  endloop
 endfacet
facet normal -0.268759727 0.461607784 -0.845391333
  outer loop
   vertex 39178.1445 28361.9336 30979.7305
   vertex 38981.5234 28395.4512 31060.5391
   vertex 39083.4648 28551.1895 31113.1699
  endloop
 endfacet
facet normal -0.263811648 0.794683933 -0.546699941
  outer loop
   vertex 40121.4453 28578.2715 30729.5898
   vertex 40045.5352 28545.6758 30718.8398
   vertex 39977.543 28593.5059 30821.1758
  endloop
 endfacet
facet normal -0.241716936 0.503513873 -0.829485774
  outer loop
   vertex 39847.3477 28340.1758 30651.1523
   vertex 39802.6641 28457.1074 30735.1523
   vertex 40059.6875 28426.9023 30641.9199
  endloop
 endfacet
facet normal -0.134058833 0.594422519 -0.792899787
  outer loop
   vertex 39630.0039 28375.248 30755.1074
   vertex 39557.1914 28421.6211 30802.1836
   vertex 39619.6055 28498.3574 30849.1582
  endloop
 endfacet
facet normal -0.524857283 0.71223402 -0.46609816
  outer loop
   vertex 39557.1914 28421.6211 30802.1836
   vertex 39447.4531 28374.1289 30853.1875
   vertex 39619.6055 28498.3574 30849.1582
  endloop
 endfacet
facet normal -0.109074637 0.53114593 -0.840230167
  outer loop
   vertex 40121.4453 28578.2715 30729.5898
   vertex 40059.6875 28426.9023 30641.9199
   vertex 40045.5352 28545.6758 30718.8398
  endloop
 endfacet
facet normal 0.216023862 0.950599194 0.222923487
  outer loop
   vertex 40553.7383 28792.1328 30815.7969
   vertex 40594.4883 28761.1699 30908.3438
   vertex 40618.7148 28790.5859 30759.4316
  endloop
 endfacet
facet normal 0.591830552 -0.14592582 0.792743504
  outer loop
   vertex 41442.7734 28608.0234 30721.2773
   vertex 41336.6406 28706.4062 30818.6191
   vertex 41299.2383 28510.707 30810.5215
  endloop
 endfacet
facet normal -0.400430679 0.913564503 -0.0710994974
  outer loop
   vertex 40690.5469 28744.4883 30561.1992
   vertex 40939.0586 28860.4395 30651.4297
   vertex 40860.7539 28809.4824 30437.6875
  endloop
 endfacet
facet normal -0.178724498 0.678505659 -0.71252197
  outer loop
   vertex 40059.6875 28426.9023 30641.9199
   vertex 39802.6641 28457.1074 30735.1523
   vertex 39977.543 28593.5059 30821.1758
  endloop
 endfacet
facet normal -0.390572786 0.790349543 -0.472017467
  outer loop
   vertex 40690.5469 28744.4883 30561.1992
   vertex 40495.8008 28681.4688 30616.8203
   vertex 40535.2656 28766.873 30727.166
  endloop
 endfacet
facet normal -0.178971797 0.678679287 -0.712294519
  outer loop
   vertex 39802.6641 28457.1074 30735.1523
   vertex 39788.3281 28557.2598 30834.1816
   vertex 39977.543 28593.5059 30821.1758
  endloop
 endfacet
facet normal 0.298866957 0.493787855 0.816610157
  outer loop
   vertex 39864.6602 28492.873 31425.8027
   vertex 39967.1133 28631.6914 31304.3652
   vertex 39768.8164 28655.2578 31362.6895
  endloop
 endfacet
facet normal -0.191120252 0.793512166 -0.577764213
  outer loop
   vertex 39619.6055 28498.3574 30849.1582
   vertex 39526.9766 28598.0059 31016.6582
   vertex 39777.1641 28626.6504 30973.2383
  endloop
 endfacet
facet normal -0.232157543 0.774125576 -0.588924825
  outer loop
   vertex 39619.6055 28498.3574 30849.1582
   vertex 39475.4375 28506.6895 30916.9453
   vertex 39526.9766 28598.0059 31016.6582
  endloop
 endfacet
facet normal -0.270126611 0.775536358 -0.570591748
  outer loop
   vertex 39475.4375 28506.6895 30916.9453
   vertex 39334.2383 28518.5781 30999.9492
   vertex 39526.9766 28598.0059 31016.6582
  endloop
 endfacet
facet normal -0.198123604 0.870372057 -0.450776577
  outer loop
   vertex 39977.543 28593.5059 30821.1758
   vertex 39777.1641 28626.6504 30973.2383
   vertex 39941.25 28664.3516 30973.918
  endloop
 endfacet
facet normal -0.197743922 0.870682359 -0.450343907
  outer loop
   vertex 39977.543 28593.5059 30821.1758
   vertex 39788.3281 28557.2598 30834.1816
   vertex 39777.1641 28626.6504 30973.2383
  endloop
 endfacet
facet normal -0.330337793 0.833693206 -0.442529708
  outer loop
   vertex 39619.6055 28498.3574 30849.1582
   vertex 39777.1641 28626.6504 30973.2383
   vertex 39788.3281 28557.2598 30834.1816
  endloop
 endfacet
facet normal 0.346309036 0.436504215 0.83038193
  outer loop
   vertex 39482.8711 28606.9492 31638.5664
   vertex 39394.0078 28687.752 31633.1504
   vertex 39259.2578 28639.1855 31714.877
  endloop
 endfacet
facet normal -0.0133243315 0.734117925 0.678891301
  outer loop
   vertex 40844.2344 28771.8008 30894.8535
   vertex 41023.4648 28720.0879 30954.291
   vertex 41021.8594 28829.291 30836.1719
  endloop
 endfacet
facet normal 0.410888493 0.717223108 0.562815845
  outer loop
   vertex 39259.2578 28639.1855 31714.877
   vertex 39322.0625 28736.5527 31544.9473
   vertex 39107.0039 28770.6602 31658.4863
  endloop
 endfacet
facet normal 0.646208167 0.201124951 0.736181855
  outer loop
   vertex 41634.2383 28744.584 30584.0996
   vertex 41562.0469 28866.5293 30614.1523
   vertex 41475.1523 28788.9766 30711.6133
  endloop
 endfacet
facet normal -0.31430915 0.932340562 -0.178747833
  outer loop
   vertex 41188.3555 28955.2793 30403.7051
   vertex 41125.5234 28916.0859 30309.7559
   vertex 41079.2539 28922.6328 30425.2637
  endloop
 endfacet
facet normal 0.516038537 -0.541348398 0.663811803
  outer loop
   vertex 41956.1133 28745.0176 30337.0234
   vertex 42053.9375 28646.1914 30180.3848
   vertex 42124.9062 28801.1934 30251.6191
  endloop
 endfacet
facet normal 0.27278471 -0.502064764 0.820682347
  outer loop
   vertex 42053.9375 28646.1914 30180.3848
   vertex 42202.7734 28704.084 30166.3301
   vertex 42124.9062 28801.1934 30251.6191
  endloop
 endfacet
facet normal 0.611777127 -0.326120973 0.720675945
  outer loop
   vertex 41845.3125 28664.0508 30394.4453
   vertex 41956.1133 28745.0176 30337.0234
   vertex 41851.7578 28781.5273 30442.1328
  endloop
 endfacet
facet normal 0.568458736 -0.214693412 0.794204891
  outer loop
   vertex 41845.3125 28664.0508 30394.4453
   vertex 41911.1211 28666.2754 30347.9434
   vertex 41956.1133 28745.0176 30337.0234
  endloop
 endfacet
facet normal 0.235605776 0.351302564 0.906132698
  outer loop
   vertex 40631.4844 28483.2676 31129.084
   vertex 40701.7656 28660.0742 31042.2637
   vertex 40416.0938 28636.5176 31125.6738
  endloop
 endfacet
facet normal 0.636592805 -0.0729057416 0.76774627
  outer loop
   vertex 41336.6406 28706.4062 30818.6191
   vertex 41442.7734 28608.0234 30721.2773
   vertex 41475.1523 28788.9766 30711.6133
  endloop
 endfacet
facet normal 0.581961334 -0.0608233921 0.810938656
  outer loop
   vertex 41442.7734 28608.0234 30721.2773
   vertex 41535.0352 28665.9062 30659.4082
   vertex 41475.1523 28788.9766 30711.6133
  endloop
 endfacet
facet normal 0.37062037 -0.79108578 0.48664549
  outer loop
   vertex 41845.3125 28664.0508 30394.4453
   vertex 41895.4727 28605.8125 30261.5723
   vertex 41911.1211 28666.2754 30347.9434
  endloop
 endfacet
facet normal 0.513677478 -0.697498262 0.499631524
  outer loop
   vertex 41748.0859 28530.8164 30308.4043
   vertex 41895.4727 28605.8125 30261.5723
   vertex 41845.3125 28664.0508 30394.4453
  endloop
 endfacet
facet normal -0.301043898 0.879257619 -0.369159311
  outer loop
   vertex 41413.7188 28854.1113 30051.6113
   vertex 41438.1992 28931.5449 30216.0801
   vertex 41583.5391 28887.8379 29993.459
  endloop
 endfacet
facet normal 0.865339518 -0.4705275 0.172601804
  outer loop
   vertex 41895.4727 28605.8125 30261.5723
   vertex 41956.1133 28745.0176 30337.0234
   vertex 41911.1211 28666.2754 30347.9434
  endloop
 endfacet
facet normal 0.484961867 -0.570521414 0.662810147
  outer loop
   vertex 42053.9375 28646.1914 30180.3848
   vertex 41956.1133 28745.0176 30337.0234
   vertex 41895.4727 28605.8125 30261.5723
  endloop
 endfacet
facet normal 0.55325681 -0.354348272 0.753886044
  outer loop
   vertex 41533.6094 28506.293 30545.9414
   vertex 41706.207 28605.4395 30465.8789
   vertex 41634.2383 28744.584 30584.0996
  endloop
 endfacet
facet normal 0.733715296 -0.398013711 0.550678611
  outer loop
   vertex 41535.0352 28665.9062 30659.4082
   vertex 41533.6094 28506.293 30545.9414
   vertex 41634.2383 28744.584 30584.0996
  endloop
 endfacet
facet normal 0.673382461 -0.43232891 0.599706411
  outer loop
   vertex 41442.7734 28608.0234 30721.2773
   vertex 41533.6094 28506.293 30545.9414
   vertex 41535.0352 28665.9062 30659.4082
  endloop
 endfacet
facet normal 0.71789819 -0.372539103 0.588078916
  outer loop
   vertex 41402 28457.7344 30675.8438
   vertex 41533.6094 28506.293 30545.9414
   vertex 41442.7734 28608.0234 30721.2773
  endloop
 endfacet
facet normal 0.619847238 -0.0310090519 0.784109592
  outer loop
   vertex 41475.1523 28788.9766 30711.6133
   vertex 41535.0352 28665.9062 30659.4082
   vertex 41634.2383 28744.584 30584.0996
  endloop
 endfacet
facet normal 0.642433465 -0.318247855 0.69713521
  outer loop
   vertex 41845.3125 28664.0508 30394.4453
   vertex 41851.7578 28781.5273 30442.1328
   vertex 41770.7656 28733.9512 30495.0508
  endloop
 endfacet
facet normal 0.474271446 -0.41455546 0.776666164
  outer loop
   vertex 41706.207 28605.4395 30465.8789
   vertex 41770.7656 28733.9512 30495.0508
   vertex 41634.2383 28744.584 30584.0996
  endloop
 endfacet
facet normal 0.549774051 -0.43768543 0.711463213
  outer loop
   vertex 41706.207 28605.4395 30465.8789
   vertex 41845.3125 28664.0508 30394.4453
   vertex 41770.7656 28733.9512 30495.0508
  endloop
 endfacet
facet normal 0.483717531 -0.0793009326 0.871624172
  outer loop
   vertex 39638.3125 28392.5996 31542.293
   vertex 39864.6602 28492.873 31425.8027
   vertex 39636.6914 28563.0645 31558.7012
  endloop
 endfacet
facet normal 0.489875704 -0.0996435732 0.866079092
  outer loop
   vertex 39803.3008 28325.2871 31441.2285
   vertex 39864.6602 28492.873 31425.8027
   vertex 39638.3125 28392.5996 31542.293
  endloop
 endfacet
facet normal 0.517112017 -0.111219049 0.848661005
  outer loop
   vertex 39933.8828 28255.9316 31352.5723
   vertex 39864.6602 28492.873 31425.8027
   vertex 39803.3008 28325.2871 31441.2285
  endloop
 endfacet
facet normal 0.319628805 -0.0834435597 0.943861544
  outer loop
   vertex 39864.6602 28492.873 31425.8027
   vertex 40121.5703 28370.6621 31327.998
   vertex 40144.1328 28547.7773 31336.0176
  endloop
 endfacet
facet normal 0.251451671 0.344889522 0.904335797
  outer loop
   vertex 40812.5156 28570.5273 31073.9062
   vertex 40987.3281 28579.9355 31021.7109
   vertex 40879.6406 28670.6816 31017.0469
  endloop
 endfacet
facet normal -0.119262166 0.455212116 0.882359624
  outer loop
   vertex 41023.4648 28720.0879 30954.291
   vertex 40987.3281 28579.9355 31021.7109
   vertex 41065.9805 28655.8535 30993.1758
  endloop
 endfacet
facet normal 0.26581344 0.361386865 0.893724084
  outer loop
   vertex 40987.3281 28579.9355 31021.7109
   vertex 41023.4648 28720.0879 30954.291
   vertex 40879.6406 28670.6816 31017.0469
  endloop
 endfacet
facet normal 0.100338034 0.439515442 0.892613292
  outer loop
   vertex 40879.6406 28670.6816 31017.0469
   vertex 40701.7656 28660.0742 31042.2637
   vertex 40812.5156 28570.5273 31073.9062
  endloop
 endfacet
facet normal -0.453194857 0.822849512 -0.342831016
  outer loop
   vertex 40989.4648 28809.6426 30272.7656
   vertex 40977.2148 28881.3418 30461.0488
   vertex 41079.2539 28922.6328 30425.2637
  endloop
 endfacet
facet normal -0.442060053 0.828321218 -0.34419021
  outer loop
   vertex 40989.4648 28809.6426 30272.7656
   vertex 40860.7539 28809.4824 30437.6875
   vertex 40977.2148 28881.3418 30461.0488
  endloop
 endfacet
facet normal 0.501075983 -0.202903718 0.84128052
  outer loop
   vertex 40987.3281 28579.9355 31021.7109
   vertex 41162.2695 28641.2266 30932.2969
   vertex 41065.9805 28655.8535 30993.1758
  endloop
 endfacet
facet normal 0.414773077 0.129962072 0.900596023
  outer loop
   vertex 40987.3281 28579.9355 31021.7109
   vertex 41086.4531 28499.8613 30987.6133
   vertex 41162.2695 28641.2266 30932.2969
  endloop
 endfacet
facet normal 0.058050517 0.876594901 0.477714866
  outer loop
   vertex 40404.457 28736.0703 30944.4141
   vertex 40317.1211 28705.3242 31011.4434
   vertex 40416.0938 28636.5176 31125.6738
  endloop
 endfacet
facet normal 0.411820114 0.544050038 0.731036067
  outer loop
   vertex 40465.5898 28470.8301 31221.0996
   vertex 40416.0938 28636.5176 31125.6738
   vertex 40304.5 28499.1543 31290.7676
  endloop
 endfacet
facet normal 0.413981915 0.143408656 0.898917615
  outer loop
   vertex 40465.5898 28470.8301 31221.0996
   vertex 40304.5 28499.1543 31290.7676
   vertex 40409.6992 28375.6348 31262.0273
  endloop
 endfacet
facet normal 0.375345796 0.544237912 0.75028038
  outer loop
   vertex 40465.5898 28470.8301 31221.0996
   vertex 40631.4844 28483.2676 31129.084
   vertex 40416.0938 28636.5176 31125.6738
  endloop
 endfacet
facet normal -0.0406919792 0.998922825 -0.0223021749
  outer loop
   vertex 40198.4648 28688.6465 31066.2676
   vertex 40061.7891 28681.0215 30974.0879
   vertex 39954.9961 28680.1738 31130.9844
  endloop
 endfacet
facet normal 0.0441285819 0.955664098 0.291133642
  outer loop
   vertex 40183.0312 28638.293 31233.8984
   vertex 40198.4648 28688.6465 31066.2676
   vertex 39954.9961 28680.1738 31130.9844
  endloop
 endfacet
facet normal 0.622900188 0.256144822 0.739178717
  outer loop
   vertex 40304.5 28499.1543 31290.7676
   vertex 40298.4922 28601.4766 31260.375
   vertex 40246.9492 28579.7715 31311.332
  endloop
 endfacet
facet normal 0.03618633 -0.614237368 0.788291216
  outer loop
   vertex 40304.5 28499.1543 31290.7676
   vertex 40245.9023 28553.5898 31335.875
   vertex 40144.1328 28547.7773 31336.0176
  endloop
 endfacet
facet normal 0.249510214 -0.0754877478 0.965425432
  outer loop
   vertex 40304.5 28499.1543 31290.7676
   vertex 40144.1328 28547.7773 31336.0176
   vertex 40121.5703 28370.6621 31327.998
  endloop
 endfacet
facet normal 0.765833378 0.423248738 0.484107196
  outer loop
   vertex 40246.9492 28579.7715 31311.332
   vertex 40245.9023 28553.5898 31335.875
   vertex 40304.5 28499.1543 31290.7676
  endloop
 endfacet
facet normal -0.0284009948 0.789254069 0.613409638
  outer loop
   vertex 41125.207 28897.6445 30753.0117
   vertex 41021.8594 28829.291 30836.1719
   vertex 41166.0117 28817.8105 30857.6191
  endloop
 endfacet
facet normal 0.106712513 0.942855 -0.315653056
  outer loop
   vertex 38440.7578 28904.8926 31624.709
   vertex 38514.0664 28912.3359 31671.7207
   vertex 38475.1602 28886.918 31582.6465
  endloop
 endfacet
facet normal -0.113792464 0.926017165 0.359921575
  outer loop
   vertex 40594.4883 28761.1699 30908.3438
   vertex 40553.7383 28792.1328 30815.7969
   vertex 40476.2695 28772.6367 30841.4668
  endloop
 endfacet
facet normal 0.307826132 0.50395447 0.807014823
  outer loop
   vertex 39394.0078 28687.752 31633.1504
   vertex 39335.1133 28705.9512 31644.25
   vertex 39259.2578 28639.1855 31714.877
  endloop
 endfacet
facet normal -0.161662236 0.935420573 -0.31441009
  outer loop
   vertex 39526.9766 28598.0059 31016.6582
   vertex 39649.8008 28686.3711 31216.4082
   vertex 39777.1641 28626.6504 30973.2383
  endloop
 endfacet
facet normal -0.178658202 0.76676774 -0.61656183
  outer loop
   vertex 39083.4648 28551.1895 31113.1699
   vertex 39327.8594 28669.2422 31189.1641
   vertex 39334.2383 28518.5781 30999.9492
  endloop
 endfacet
facet normal -0.234394953 0.781376898 -0.578367651
  outer loop
   vertex 38392.7031 28639.8555 31304.4023
   vertex 38337.4375 28699.9023 31407.9238
   vertex 38550.6055 28714.498 31341.252
  endloop
 endfacet
facet normal 0.42446664 -0.215162605 0.879507303
  outer loop
   vertex 39449.8516 28350.8535 31628.6152
   vertex 39455.0312 28490.8145 31660.3555
   vertex 39269.6992 28405.6797 31728.9746
  endloop
 endfacet
facet normal -0.0824072883 0.761168897 0.643296897
  outer loop
   vertex 40144.1328 28547.7773 31336.0176
   vertex 40246.9492 28579.7715 31311.332
   vertex 40183.0312 28638.293 31233.8984
  endloop
 endfacet
facet normal -0.038063053 0.684227884 0.728274286
  outer loop
   vertex 40144.1328 28547.7773 31336.0176
   vertex 40245.9023 28553.5898 31335.875
   vertex 40246.9492 28579.7715 31311.332
  endloop
 endfacet
facet normal 0.32748428 0.914211214 0.238687918
  outer loop
   vertex 39322.0625 28736.5527 31544.9473
   vertex 39335.1133 28705.9512 31644.25
   vertex 39394.0078 28687.752 31633.1504
  endloop
 endfacet
facet normal 0.317370445 0.0712741762 0.945619345
  outer loop
   vertex 39259.2578 28639.1855 31714.877
   vertex 39269.6992 28405.6797 31728.9746
   vertex 39455.0312 28490.8145 31660.3555
  endloop
 endfacet
facet normal 0.333845794 0.0959101617 0.937735677
  outer loop
   vertex 39482.8711 28606.9492 31638.5664
   vertex 39259.2578 28639.1855 31714.877
   vertex 39455.0312 28490.8145 31660.3555
  endloop
 endfacet
facet normal 0.342080206 0.0934259444 0.935014844
  outer loop
   vertex 39482.8711 28606.9492 31638.5664
   vertex 39455.0312 28490.8145 31660.3555
   vertex 39565.3789 28521.1445 31616.9531
  endloop
 endfacet
facet normal 0.65430367 -0.066291526 0.753320754
  outer loop
   vertex 39638.3125 28392.5996 31542.293
   vertex 39636.6914 28563.0645 31558.7012
   vertex 39565.3789 28521.1445 31616.9531
  endloop
 endfacet
facet normal 0.415647477 -0.268824458 0.868890405
  outer loop
   vertex 39638.3125 28392.5996 31542.293
   vertex 39565.3789 28521.1445 31616.9531
   vertex 39455.0312 28490.8145 31660.3555
  endloop
 endfacet
facet normal 0.445539206 -0.213649869 0.869395494
  outer loop
   vertex 39638.3125 28392.5996 31542.293
   vertex 39455.0312 28490.8145 31660.3555
   vertex 39449.8516 28350.8535 31628.6152
  endloop
 endfacet
facet normal -0.751276374 -0.025490012 -0.659495294
  outer loop
   vertex 36719.5898 28694.7129 32577.2578
   vertex 36638.4023 28748.1309 32667.6758
   vertex 36744.5 28824.4395 32543.8652
  endloop
 endfacet
facet normal 0.965756297 0.0315584429 -0.25752449
  outer loop
   vertex 37178.2109 28540.2734 33587.5352
   vertex 37188.2734 28560.7539 33627.7812
   vertex 37188.4727 28544.6445 33626.5547
  endloop
 endfacet
facet normal 0.919350326 -0.392276347 -0.0302367937
  outer loop
   vertex 37227.1836 28656.9023 33563.418
   vertex 37188.2734 28560.7539 33627.7812
   vertex 37178.2109 28540.2734 33587.5352
  endloop
 endfacet
facet normal -0.282919884 0.118147783 -0.95183897
  outer loop
   vertex 37244.6289 28774.3398 32143.3672
   vertex 37158.9102 28844.3652 32177.5371
   vertex 37317.4531 28939.957 32142.2793
  endloop
 endfacet
facet normal 0.386362523 -0.709777176 0.589016438
  outer loop
   vertex 38007.3281 28614.2598 32553.0156
   vertex 37912.4766 28657.0059 32666.7422
   vertex 37801.0703 28483.6895 32530.9688
  endloop
 endfacet
facet normal 0.657730281 -0.19355081 0.727962196
  outer loop
   vertex 38172.9141 28888.9863 32553.4473
   vertex 38142.5977 28788.3242 32554.0762
   vertex 38241.293 28876.7617 32488.416
  endloop
 endfacet
facet normal 0.572874367 -0.0312258918 0.819048166
  outer loop
   vertex 38287.9844 28707.2832 32449.2949
   vertex 38241.293 28876.7617 32488.416
   vertex 38142.5977 28788.3242 32554.0762
  endloop
 endfacet
facet normal 0.239708364 -0.437902093 0.866476595
  outer loop
   vertex 38339.1836 28595.6094 32378.6934
   vertex 38287.9844 28707.2832 32449.2949
   vertex 38193.9414 28505.6016 32373.3848
  endloop
 endfacet
facet normal 0.477316052 -0.23723112 0.846103311
  outer loop
   vertex 38287.9844 28707.2832 32449.2949
   vertex 38396.1797 28693.2695 32384.3301
   vertex 38346.6719 28786.4062 32438.373
  endloop
 endfacet
facet normal 0.458159268 -0.315350652 0.831049979
  outer loop
   vertex 38339.1836 28595.6094 32378.6934
   vertex 38396.1797 28693.2695 32384.3301
   vertex 38287.9844 28707.2832 32449.2949
  endloop
 endfacet
facet normal 0.0527924001 -0.869598091 0.490929872
  outer loop
   vertex 37630.707 28382.3223 32369.7344
   vertex 37823.5938 28325.1855 32247.7852
   vertex 37801.0703 28483.6895 32530.9688
  endloop
 endfacet
facet normal 0.52491653 -0.781757474 0.336627275
  outer loop
   vertex 37472.6016 28560.166 32970.168
   vertex 37404.75 28566.627 33090.9688
   vertex 37330.1836 28475.1406 32994.7891
  endloop
 endfacet
facet normal 0.409263581 -0.603148103 0.684628129
  outer loop
   vertex 37609.4453 28552.5801 32778.7734
   vertex 37819.9805 28631.627 32722.5547
   vertex 37811.2422 28749.166 32831.332
  endloop
 endfacet
facet normal 0.418444723 -0.73838675 0.528856337
  outer loop
   vertex 37819.9805 28631.627 32722.5547
   vertex 37609.4453 28552.5801 32778.7734
   vertex 37801.0703 28483.6895 32530.9688
  endloop
 endfacet
facet normal 0.493067265 -0.520874977 0.696831346
  outer loop
   vertex 37910.8125 28774.9023 32780.1133
   vertex 37811.2422 28749.166 32831.332
   vertex 37899.8398 28730.6309 32754.7852
  endloop
 endfacet
facet normal 0.456103414 -0.585945904 0.669803798
  outer loop
   vertex 37819.9805 28631.627 32722.5547
   vertex 37899.8398 28730.6309 32754.7852
   vertex 37811.2422 28749.166 32831.332
  endloop
 endfacet
facet normal 0.496213049 -0.710187972 0.499405265
  outer loop
   vertex 37819.9805 28631.627 32722.5547
   vertex 37801.0703 28483.6895 32530.9688
   vertex 37912.4766 28657.0059 32666.7422
  endloop
 endfacet
facet normal 0.712015092 -0.188204527 0.676471412
  outer loop
   vertex 38396.1797 28693.2695 32384.3301
   vertex 38417.6602 28768.4941 32382.6504
   vertex 38391.5703 28779.4023 32413.1465
  endloop
 endfacet
facet normal 0.904648364 0.0434796028 -0.423934937
  outer loop
   vertex 37188.4727 28544.6445 33626.5547
   vertex 37188.2734 28560.7539 33627.7812
   vertex 37191.6875 28550.0039 33633.957
  endloop
 endfacet
facet normal 0.553231716 -0.774200737 0.307486385
  outer loop
   vertex 37404.75 28566.627 33090.9688
   vertex 37261.6445 28491.959 33160.4453
   vertex 37330.1836 28475.1406 32994.7891
  endloop
 endfacet
facet normal 0.788173497 0.192556471 0.58455497
  outer loop
   vertex 37501.6055 29013.6621 33218.8203
   vertex 37653.4844 28920.4551 33044.7422
   vertex 37611.582 29130.7988 33031.9531
  endloop
 endfacet
facet normal 0.79602021 -0.290207922 0.531160235
  outer loop
   vertex 37099.207 28651.3867 33826.6133
   vertex 37009.0078 28497.8203 33877.8867
   vertex 37126.082 28581.5703 33748.1914
  endloop
 endfacet
facet normal 0.609410644 0.613245308 -0.502542436
  outer loop
   vertex 36887.4219 29017.959 33944.3672
   vertex 36949.332 28975.6055 33967.7578
   vertex 36994.8555 28914.5723 33948.4805
  endloop
 endfacet
facet normal 0.719570994 -0.595140696 0.357806057
  outer loop
   vertex 36976.8438 28395.1895 33771.8672
   vertex 37120.4844 28525.1191 33699.1094
   vertex 37009.0078 28497.8203 33877.8867
  endloop
 endfacet
facet normal 0.852910995 -0.137057498 0.503744006
  outer loop
   vertex 36985.6602 28596.0684 34003.8164
   vertex 37099.207 28651.3867 33826.6133
   vertex 37036.4062 28756.1523 33961.4453
  endloop
 endfacet
facet normal 0.870346487 -0.369422734 0.325612932
  outer loop
   vertex 37227.1836 28656.9023 33563.418
   vertex 37126.082 28581.5703 33748.1914
   vertex 37120.4844 28525.1191 33699.1094
  endloop
 endfacet
facet normal 0.647541046 0.225261435 0.72797519
  outer loop
   vertex 37227.1836 28656.9023 33563.418
   vertex 37120.4844 28525.1191 33699.1094
   vertex 37188.2734 28560.7539 33627.7812
  endloop
 endfacet
facet normal 0.757370234 -0.190850675 0.624472916
  outer loop
   vertex 37188.2734 28560.7539 33627.7812
   vertex 37120.4844 28525.1191 33699.1094
   vertex 37169.1289 28531.0449 33641.9219
  endloop
 endfacet
facet normal -0.089805223 0.474664837 0.875573158
  outer loop
   vertex 37191.6875 28550.0039 33633.957
   vertex 37188.2734 28560.7539 33627.7812
   vertex 37169.1289 28531.0449 33641.9219
  endloop
 endfacet
facet normal 0.854350746 -0.138247758 0.500971377
  outer loop
   vertex 36954.0352 28685.9512 34082.5508
   vertex 36985.6602 28596.0684 34003.8164
   vertex 37036.4062 28756.1523 33961.4453
  endloop
 endfacet
facet normal 0.829892337 -0.0115004526 0.557805061
  outer loop
   vertex 36976.1289 28797.4277 34051.9766
   vertex 36954.0352 28685.9512 34082.5508
   vertex 37036.4062 28756.1523 33961.4453
  endloop
 endfacet
facet normal 0.643036842 -0.70928508 0.288822323
  outer loop
   vertex 37086.6797 28453.1816 33634.2695
   vertex 37169.1992 28524.6816 33626.1367
   vertex 37169.1289 28531.0449 33641.9219
  endloop
 endfacet
facet normal 0.595802844 -0.673833787 0.436997712
  outer loop
   vertex 37120.4844 28525.1191 33699.1094
   vertex 37086.6797 28453.1816 33634.2695
   vertex 37169.1289 28531.0449 33641.9219
  endloop
 endfacet
facet normal 0.719413221 -0.620096087 0.312930405
  outer loop
   vertex 37120.4844 28525.1191 33699.1094
   vertex 36976.8438 28395.1895 33771.8672
   vertex 37086.6797 28453.1816 33634.2695
  endloop
 endfacet
facet normal 0.847233772 -0.260904938 0.462734878
  outer loop
   vertex 37402.5703 28864.7051 33359.4648
   vertex 37227.1836 28656.9023 33563.418
   vertex 37410.5195 28681.6133 33241.6797
  endloop
 endfacet
facet normal 0.771405995 -0.0270792339 0.635766864
  outer loop
   vertex 37278.8242 28960.7871 33513.7031
   vertex 37227.1836 28656.9023 33563.418
   vertex 37402.5703 28864.7051 33359.4648
  endloop
 endfacet
facet normal 0.694676042 -0.659768939 0.286583602
  outer loop
   vertex 37230.9922 28584.1621 33480.4336
   vertex 37159.3438 28489.4688 33436.0977
   vertex 37269.1914 28603.9531 33433.3984
  endloop
 endfacet
facet normal 0.565396607 -0.666042268 0.486533076
  outer loop
   vertex 37410.5195 28681.6133 33241.6797
   vertex 37404.75 28566.627 33090.9688
   vertex 37488.9727 28628.4375 33077.7109
  endloop
 endfacet
facet normal 0.541664839 -0.685929298 0.485901445
  outer loop
   vertex 37609.4453 28552.5801 32778.7734
   vertex 37811.2422 28749.166 32831.332
   vertex 37611.4492 28704.2793 32990.6875
  endloop
 endfacet
facet normal 0.606174529 -0.649411023 0.459148973
  outer loop
   vertex 37472.6016 28560.166 32970.168
   vertex 37609.4453 28552.5801 32778.7734
   vertex 37611.4492 28704.2793 32990.6875
  endloop
 endfacet
facet normal 0.655532777 -0.678728878 0.331064761
  outer loop
   vertex 37488.9727 28628.4375 33077.7109
   vertex 37472.6016 28560.166 32970.168
   vertex 37611.4492 28704.2793 32990.6875
  endloop
 endfacet
facet normal 0.587058961 -0.720926285 0.368275851
  outer loop
   vertex 37488.9727 28628.4375 33077.7109
   vertex 37404.75 28566.627 33090.9688
   vertex 37472.6016 28560.166 32970.168
  endloop
 endfacet
facet normal 0.684084177 -0.531390429 0.499652863
  outer loop
   vertex 37488.9727 28628.4375 33077.7109
   vertex 37611.4492 28704.2793 32990.6875
   vertex 37410.5195 28681.6133 33241.6797
  endloop
 endfacet
facet normal 0.80543828 -0.410583258 0.427423209
  outer loop
   vertex 37410.5195 28681.6133 33241.6797
   vertex 37227.1836 28656.9023 33563.418
   vertex 37269.1914 28603.9531 33433.3984
  endloop
 endfacet
facet normal 0.749993503 0.291959286 0.593522966
  outer loop
   vertex 37098.5977 29023.1758 33710.7539
   vertex 37134.7812 28828.5703 33760.7578
   vertex 37278.8242 28960.7871 33513.7031
  endloop
 endfacet
facet normal 0.877891004 -0.0717293993 0.473457813
  outer loop
   vertex 37227.1836 28656.9023 33563.418
   vertex 37278.8242 28960.7871 33513.7031
   vertex 37134.7812 28828.5703 33760.7578
  endloop
 endfacet
facet normal 0.532960653 -0.242336035 0.810694873
  outer loop
   vertex 36861.6836 28746.6973 34174.5352
   vertex 36824.75 28792.7148 34212.5703
   vertex 36767.832 28748.6328 34236.8125
  endloop
 endfacet
facet normal 0.655714989 -0.093031764 0.749254942
  outer loop
   vertex 36837.0586 28803.1348 34203.0898
   vertex 36824.75 28792.7148 34212.5703
   vertex 36861.6836 28746.6973 34174.5352
  endloop
 endfacet
facet normal 0.281552404 0.00250275177 0.959542572
  outer loop
   vertex 36754.6133 28625.6348 34241.0117
   vertex 36767.832 28748.6328 34236.8125
   vertex 36639.0781 28661.5469 34274.8164
  endloop
 endfacet
facet normal 0.552209675 -0.0308965538 0.833132565
  outer loop
   vertex 36861.6836 28746.6973 34174.5352
   vertex 36767.832 28748.6328 34236.8125
   vertex 36754.6133 28625.6348 34241.0117
  endloop
 endfacet
facet normal 0.612347245 -0.111807689 0.782642901
  outer loop
   vertex 36840.5469 28543.4258 34162.0312
   vertex 36861.6836 28746.6973 34174.5352
   vertex 36754.6133 28625.6348 34241.0117
  endloop
 endfacet
facet normal 0.135784879 0.34350273 0.929283798
  outer loop
   vertex 36384.8789 28435.1582 34351.1133
   vertex 36460.9766 28444.2031 34336.6484
   vertex 36430.7344 28587.9453 34287.9336
  endloop
 endfacet
facet normal -0.496169418 0.715544701 0.491743535
  outer loop
   vertex 36071.2969 28532.5176 34086.3516
   vertex 36032.0664 28376.5449 34273.7227
   vertex 36207.5859 28517.4961 34245.7227
  endloop
 endfacet
facet normal -0.406489044 0.805160642 0.431836814
  outer loop
   vertex 35806.2188 28223.7305 34340.7383
   vertex 35866.2148 28354.8555 34152.7266
   vertex 35672.7227 28235.041 34193.9883
  endloop
 endfacet
facet normal -0.836788893 0.486693949 0.250825286
  outer loop
   vertex 36126.8906 28701.5469 33700.9297
   vertex 36231.4688 28774.416 33908.4219
   vertex 36191.2266 28807.3535 33710.2539
  endloop
 endfacet
facet normal -0.195183501 0.948198676 0.250644505
  outer loop
   vertex 35600.8633 28178.6738 34351.2734
   vertex 35806.2188 28223.7305 34340.7383
   vertex 35672.7227 28235.041 34193.9883
  endloop
 endfacet
facet normal -0.75357312 0.638708055 0.155497804
  outer loop
   vertex 36028.3672 28552.7559 33834.6211
   vertex 36231.4688 28774.416 33908.4219
   vertex 36126.8906 28701.5469 33700.9297
  endloop
 endfacet
facet normal -0.754360855 0.631465435 0.179418668
  outer loop
   vertex 36071.2969 28532.5176 34086.3516
   vertex 36231.4688 28774.416 33908.4219
   vertex 36028.3672 28552.7559 33834.6211
  endloop
 endfacet
facet normal -0.416442215 0.802685022 0.426934034
  outer loop
   vertex 35866.2148 28354.8555 34152.7266
   vertex 35806.2188 28223.7305 34340.7383
   vertex 36032.0664 28376.5449 34273.7227
  endloop
 endfacet
facet normal -0.87298733 0.476281673 -0.105113648
  outer loop
   vertex 36039.2188 28511.418 33567.5625
   vertex 36126.8906 28701.5469 33700.9297
   vertex 36182.8438 28769.6211 33544.6875
  endloop
 endfacet
facet normal -0.945171654 0.217268407 -0.243813396
  outer loop
   vertex 36126.8906 28701.5469 33700.9297
   vertex 36154.7148 28764.7422 33649.3828
   vertex 36182.8438 28769.6211 33544.6875
  endloop
 endfacet
facet normal -0.861112177 0.310844004 -0.402320504
  outer loop
   vertex 36029.8164 28364.293 33474.0156
   vertex 36039.2188 28511.418 33567.5625
   vertex 36124.5234 28472.9863 33355.293
  endloop
 endfacet
facet normal -0.87368232 0.275499731 -0.400972694
  outer loop
   vertex 36181.875 28670.1602 33365.8008
   vertex 36124.5234 28472.9863 33355.293
   vertex 36039.2188 28511.418 33567.5625
  endloop
 endfacet
facet normal -0.731091797 -0.138829112 -0.668005407
  outer loop
   vertex 36198.4414 28380.4453 33252.8711
   vertex 36142.8086 28274.3906 33335.8008
   vertex 36100.8633 28330.5215 33370.043
  endloop
 endfacet
facet normal -0.551920891 -0.314412475 -0.772352338
  outer loop
   vertex 36198.4414 28380.4453 33252.8711
   vertex 36246.2383 28231.918 33279.1797
   vertex 36142.8086 28274.3906 33335.8008
  endloop
 endfacet
facet normal -0.733215094 -0.259850353 -0.628389537
  outer loop
   vertex 36418.8477 28490.7227 32982.3672
   vertex 36364.0703 28405.7598 33081.4102
   vertex 36356.6172 28523.9277 33041.2461
  endloop
 endfacet
facet normal -0.737159669 -0.254482746 -0.625966609
  outer loop
   vertex 36418.8477 28490.7227 32982.3672
   vertex 36430.9922 28439.543 32988.8711
   vertex 36364.0703 28405.7598 33081.4102
  endloop
 endfacet
facet normal -0.811844289 0.0748717114 -0.579053581
  outer loop
   vertex 36124.5234 28472.9863 33355.293
   vertex 36100.8633 28330.5215 33370.043
   vertex 36029.8164 28364.293 33474.0156
  endloop
 endfacet
facet normal -0.683742404 0.72744292 -0.0576469861
  outer loop
   vertex 36328.25 28949.3535 33531.7422
   vertex 36242.7734 28877.9609 33644.6562
   vertex 36312.3672 28948.2578 33706.3008
  endloop
 endfacet
facet normal -0.528209984 0.516142368 -0.674233854
  outer loop
   vertex 36831.2695 28868.8945 32449.6777
   vertex 36782.0547 28875.6641 32493.416
   vertex 36813.7852 28937.832 32516.1465
  endloop
 endfacet
facet normal -0.851984084 -0.151010469 -0.501317203
  outer loop
   vertex 36530.2539 28571.3145 32839.8945
   vertex 36502.2344 28699.4785 32848.9062
   vertex 36558.3594 28638.1816 32771.9883
  endloop
 endfacet
facet normal -0.66591382 -0.229022905 -0.710005164
  outer loop
   vertex 36638.4023 28748.1309 32667.6758
   vertex 36667.8828 28601.5137 32687.3203
   vertex 36572.6523 28695.6641 32746.2695
  endloop
 endfacet
facet normal -0.799673438 0.121273577 -0.588060498
  outer loop
   vertex 36572.6523 28695.6641 32746.2695
   vertex 36551.4531 28805.4277 32797.7305
   vertex 36638.4023 28748.1309 32667.6758
  endloop
 endfacet
facet normal -0.638314366 -0.176525787 -0.749261916
  outer loop
   vertex 36572.6523 28695.6641 32746.2695
   vertex 36667.8828 28601.5137 32687.3203
   vertex 36558.3594 28638.1816 32771.9883
  endloop
 endfacet
facet normal -0.763887525 -0.0804398283 -0.640316606
  outer loop
   vertex 36530.2539 28571.3145 32839.8945
   vertex 36463.8867 28527.4355 32924.582
   vertex 36407.9648 28625.3223 32978.9961
  endloop
 endfacet
facet normal -0.653820932 -0.330922604 -0.680447221
  outer loop
   vertex 36364.0703 28405.7598 33081.4102
   vertex 36246.2383 28231.918 33279.1797
   vertex 36198.4414 28380.4453 33252.8711
  endloop
 endfacet
facet normal -0.706108809 -0.0747019351 -0.704151928
  outer loop
   vertex 36418.8477 28490.7227 32982.3672
   vertex 36356.6172 28523.9277 33041.2461
   vertex 36407.9648 28625.3223 32978.9961
  endloop
 endfacet
facet normal -0.761797965 -0.0776760355 -0.643140972
  outer loop
   vertex 36463.8867 28527.4355 32924.582
   vertex 36418.8477 28490.7227 32982.3672
   vertex 36407.9648 28625.3223 32978.9961
  endloop
 endfacet
facet normal -0.640795171 -0.397607803 -0.65672636
  outer loop
   vertex 36530.2539 28571.3145 32839.8945
   vertex 36558.3594 28638.1816 32771.9883
   vertex 36667.8828 28601.5137 32687.3203
  endloop
 endfacet
facet normal -0.801950097 0.0202030484 -0.597049296
  outer loop
   vertex 36124.5234 28472.9863 33355.293
   vertex 36269.707 28572.3301 33163.6406
   vertex 36198.4414 28380.4453 33252.8711
  endloop
 endfacet
facet normal -0.808406591 0.0748111308 -0.583851099
  outer loop
   vertex 36407.9648 28625.3223 32978.9961
   vertex 36269.707 28572.3301 33163.6406
   vertex 36337.8984 28746.1094 33091.4883
  endloop
 endfacet
facet normal -0.805881381 0.0457201824 -0.590309143
  outer loop
   vertex 36407.9648 28625.3223 32978.9961
   vertex 36356.6172 28523.9277 33041.2461
   vertex 36269.707 28572.3301 33163.6406
  endloop
 endfacet
facet normal -0.834274232 -0.223894984 -0.503842771
  outer loop
   vertex 36356.6172 28523.9277 33041.2461
   vertex 36364.0703 28405.7598 33081.4102
   vertex 36269.707 28572.3301 33163.6406
  endloop
 endfacet
facet normal -0.780269563 0.0651778355 -0.622037947
  outer loop
   vertex 36124.5234 28472.9863 33355.293
   vertex 36198.4414 28380.4453 33252.8711
   vertex 36100.8633 28330.5215 33370.043
  endloop
 endfacet
facet normal -0.713538289 -0.0596121848 -0.698075533
  outer loop
   vertex 36269.707 28572.3301 33163.6406
   vertex 36364.0703 28405.7598 33081.4102
   vertex 36198.4414 28380.4453 33252.8711
  endloop
 endfacet
facet normal -0.645636261 0.750986814 -0.138465062
  outer loop
   vertex 36182.8438 28769.6211 33544.6875
   vertex 36154.7148 28764.7422 33649.3828
   vertex 36191.2266 28807.3535 33710.2539
  endloop
 endfacet
facet normal -0.793613672 -0.256495684 -0.551713049
  outer loop
   vertex 36067.1641 28168.7305 33493.7305
   vertex 36100.8633 28330.5215 33370.043
   vertex 36142.8086 28274.3906 33335.8008
  endloop
 endfacet
facet normal -0.837648988 -0.210773677 -0.503903449
  outer loop
   vertex 36067.1641 28168.7305 33493.7305
   vertex 36029.8164 28364.293 33474.0156
   vertex 36100.8633 28330.5215 33370.043
  endloop
 endfacet
facet normal -0.855800331 0.454079509 -0.247825697
  outer loop
   vertex 36181.875 28670.1602 33365.8008
   vertex 36039.2188 28511.418 33567.5625
   vertex 36182.8438 28769.6211 33544.6875
  endloop
 endfacet
facet normal -0.961170018 0.243365183 -0.130098209
  outer loop
   vertex 36199.2305 28764.3008 33413.668
   vertex 36181.875 28670.1602 33365.8008
   vertex 36182.8438 28769.6211 33544.6875
  endloop
 endfacet
facet normal -0.735039055 0.667494118 -0.119034298
  outer loop
   vertex 36272.6094 28834.1738 33352.3711
   vertex 36199.2305 28764.3008 33413.668
   vertex 36182.8438 28769.6211 33544.6875
  endloop
 endfacet
facet normal -0.258055776 0.499474049 0.827002347
  outer loop
   vertex 36025.0977 28207.0391 34373.9258
   vertex 36241.8242 28377.5156 34338.5898
   vertex 36032.0664 28376.5449 34273.7227
  endloop
 endfacet
facet normal -0.682376981 0.60817951 0.405560553
  outer loop
   vertex 36231.4688 28774.416 33908.4219
   vertex 36268.5078 28887.5879 33801.0312
   vertex 36224.082 28844.4688 33790.9453
  endloop
 endfacet
facet normal 0.264702886 0.813223898 0.518265665
  outer loop
   vertex 36774.7031 29003.5605 34024.5312
   vertex 36812.1797 28960.6836 34072.668
   vertex 36887.4219 29017.959 33944.3672
  endloop
 endfacet
facet normal -0.697527528 0.595470607 0.398585081
  outer loop
   vertex 36353.3945 28800.4355 34082.9219
   vertex 36231.4688 28774.416 33908.4219
   vertex 36285.0078 28675.875 34149.3359
  endloop
 endfacet
facet normal -0.571614921 0.612037361 0.546504021
  outer loop
   vertex 36285.0078 28675.875 34149.3359
   vertex 36071.2969 28532.5176 34086.3516
   vertex 36207.5859 28517.4961 34245.7227
  endloop
 endfacet
facet normal -0.588038206 0.694416642 0.414724648
  outer loop
   vertex 36231.4688 28774.416 33908.4219
   vertex 36071.2969 28532.5176 34086.3516
   vertex 36285.0078 28675.875 34149.3359
  endloop
 endfacet
facet normal 0.40592891 0.368790627 0.836190879
  outer loop
   vertex 36460.9766 28444.2031 34336.6484
   vertex 36615.5273 28428.5664 34268.5195
   vertex 36430.7344 28587.9453 34287.9336
  endloop
 endfacet
facet normal -0.305700779 0.47331363 0.82614845
  outer loop
   vertex 36241.8242 28377.5156 34338.5898
   vertex 36430.7344 28587.9453 34287.9336
   vertex 36207.5859 28517.4961 34245.7227
  endloop
 endfacet
facet normal -0.250329614 0.433163196 0.865854919
  outer loop
   vertex 36241.8242 28377.5156 34338.5898
   vertex 36384.8789 28435.1582 34351.1133
   vertex 36430.7344 28587.9453 34287.9336
  endloop
 endfacet
facet normal 0.131045103 0.695358515 0.706614256
  outer loop
   vertex 36790.7617 28859.4453 34176.2656
   vertex 36812.1797 28960.6836 34072.668
   vertex 36691.9766 28935.8828 34119.3633
  endloop
 endfacet
facet normal -0.563815653 0.767267704 0.305634052
  outer loop
   vertex 36543.8555 28863.6934 34184.7695
   vertex 36452.1289 28791.252 34197.4141
   vertex 36511.1445 28820.8398 34232.0078
  endloop
 endfacet
facet normal -0.508040249 0.00630744081 0.861310244
  outer loop
   vertex 36549.6758 28770.9531 34255.0977
   vertex 36511.1445 28820.8398 34232.0078
   vertex 36452.1289 28791.252 34197.4141
  endloop
 endfacet
facet normal 0.659429014 0.23637934 0.713637292
  outer loop
   vertex 36861.6836 28746.6973 34174.5352
   vertex 36976.1289 28797.4277 34051.9766
   vertex 36914.5 28854.5957 34089.9883
  endloop
 endfacet
facet normal 0.548060119 0.332953274 0.767314911
  outer loop
   vertex 36861.6836 28746.6973 34174.5352
   vertex 36914.5 28854.5957 34089.9883
   vertex 36790.7617 28859.4453 34176.2656
  endloop
 endfacet
facet normal 0.801264107 0.508831978 -0.314747334
  outer loop
   vertex 36837.0586 28803.1348 34203.0898
   vertex 36861.6836 28746.6973 34174.5352
   vertex 36790.7617 28859.4453 34176.2656
  endloop
 endfacet
facet normal 0.00285153021 0.479026258 0.877795935
  outer loop
   vertex 36767.832 28748.6328 34236.8125
   vertex 36824.75 28792.7148 34212.5703
   vertex 36790.7617 28859.4453 34176.2656
  endloop
 endfacet
facet normal 0.178125784 0.538720548 0.823438764
  outer loop
   vertex 36824.75 28792.7148 34212.5703
   vertex 36837.0586 28803.1348 34203.0898
   vertex 36790.7617 28859.4453 34176.2656
  endloop
 endfacet
facet normal 0.510609508 0.492732793 0.70462209
  outer loop
   vertex 36914.5 28854.5957 34089.9883
   vertex 36897.0977 28936.4082 34045.3906
   vertex 36790.7617 28859.4453 34176.2656
  endloop
 endfacet
facet normal 0.311288863 0.58654958 0.74770236
  outer loop
   vertex 36549.6758 28770.9531 34255.0977
   vertex 36543.8555 28863.6934 34184.7695
   vertex 36511.1445 28820.8398 34232.0078
  endloop
 endfacet
facet normal -0.00285720336 0.448561192 0.893747568
  outer loop
   vertex 36665.6211 28862.6094 34209.4688
   vertex 36549.6758 28770.9531 34255.0977
   vertex 36686.7344 28787.1523 34247.4062
  endloop
 endfacet
facet normal 0.305784792 0.407006145 0.860721588
  outer loop
   vertex 36790.7617 28859.4453 34176.2656
   vertex 36686.7344 28787.1523 34247.4062
   vertex 36767.832 28748.6328 34236.8125
  endloop
 endfacet
facet normal 0.235305235 0.488350898 0.840324223
  outer loop
   vertex 36686.7344 28787.1523 34247.4062
   vertex 36790.7617 28859.4453 34176.2656
   vertex 36665.6211 28862.6094 34209.4688
  endloop
 endfacet
facet normal 0.67846489 0.690822661 -0.249898851
  outer loop
   vertex 36790.7617 28859.4453 34176.2656
   vertex 36691.9766 28935.8828 34119.3633
   vertex 36738.4258 28910.2676 34174.668
  endloop
 endfacet
facet normal -0.343795538 0.566086173 0.749233663
  outer loop
   vertex 36452.1289 28791.252 34197.4141
   vertex 36543.8555 28863.6934 34184.7695
   vertex 36484.1445 28870.8672 34151.9492
  endloop
 endfacet
facet normal 0.121970966 0.0979411006 0.987689555
  outer loop
   vertex 36474.6992 28726.5312 34268.7617
   vertex 36430.7344 28587.9453 34287.9336
   vertex 36549.6758 28770.9531 34255.0977
  endloop
 endfacet
facet normal -0.000540582405 0.176942721 0.984220982
  outer loop
   vertex 36639.0781 28661.5469 34274.8164
   vertex 36549.6758 28770.9531 34255.0977
   vertex 36430.7344 28587.9453 34287.9336
  endloop
 endfacet
facet normal 0.0310858637 0.201832667 0.978926599
  outer loop
   vertex 36639.0781 28661.5469 34274.8164
   vertex 36686.7344 28787.1523 34247.4062
   vertex 36549.6758 28770.9531 34255.0977
  endloop
 endfacet
facet normal -0.495861143 0.396238297 0.77273345
  outer loop
   vertex 36430.7344 28587.9453 34287.9336
   vertex 36452.1289 28791.252 34197.4141
   vertex 36285.0078 28675.875 34149.3359
  endloop
 endfacet
facet normal -0.779084146 0.321594715 0.538149416
  outer loop
   vertex 36430.7344 28587.9453 34287.9336
   vertex 36474.6992 28726.5312 34268.7617
   vertex 36452.1289 28791.252 34197.4141
  endloop
 endfacet
facet normal -0.27020359 0.669053555 0.692356348
  outer loop
   vertex 36474.6992 28726.5312 34268.7617
   vertex 36549.6758 28770.9531 34255.0977
   vertex 36452.1289 28791.252 34197.4141
  endloop
 endfacet
facet normal -0.576648772 0.607721686 0.546031654
  outer loop
   vertex 36353.3945 28800.4355 34082.9219
   vertex 36285.0078 28675.875 34149.3359
   vertex 36452.1289 28791.252 34197.4141
  endloop
 endfacet
facet normal -0.601801217 0.644510269 0.471637338
  outer loop
   vertex 36231.4688 28774.416 33908.4219
   vertex 36370.7734 28949.0664 33847.5039
   vertex 36268.5078 28887.5879 33801.0312
  endloop
 endfacet
facet normal -0.824182391 0.564939797 -0.0395774171
  outer loop
   vertex 36242.7734 28877.9609 33644.6562
   vertex 36191.2266 28807.3535 33710.2539
   vertex 36240.043 28880.1133 33732.2773
  endloop
 endfacet
facet normal -0.883426011 0.134416163 -0.448877305
  outer loop
   vertex 36181.875 28670.1602 33365.8008
   vertex 36267.3086 28736.0977 33217.4023
   vertex 36269.707 28572.3301 33163.6406
  endloop
 endfacet
facet normal -0.773497462 0.61462152 -0.154732093
  outer loop
   vertex 36272.6094 28834.1738 33352.3711
   vertex 36182.8438 28769.6211 33544.6875
   vertex 36328.25 28949.3535 33531.7422
  endloop
 endfacet
facet normal -0.76385957 0.62422657 -0.163889557
  outer loop
   vertex 36368.7539 28960.8242 33386.6523
   vertex 36272.6094 28834.1738 33352.3711
   vertex 36328.25 28949.3535 33531.7422
  endloop
 endfacet
facet normal -0.759679019 0.649758458 0.0264899042
  outer loop
   vertex 36538.7891 28962.6484 32950.1641
   vertex 36456.8516 28864.4082 33009.9648
   vertex 36632.0547 29069.4531 33005.0156
  endloop
 endfacet
facet normal -0.716234565 0.603544712 -0.350345254
  outer loop
   vertex 36510.0977 29024.4805 33176.8633
   vertex 36632.0547 29069.4531 33005.0156
   vertex 36456.8516 28864.4082 33009.9648
  endloop
 endfacet
facet normal -0.868086159 0.143307969 -0.47527805
  outer loop
   vertex 36269.707 28572.3301 33163.6406
   vertex 36267.3086 28736.0977 33217.4023
   vertex 36337.8984 28746.1094 33091.4883
  endloop
 endfacet
facet normal -0.76900059 0.607882559 -0.19777976
  outer loop
   vertex 36242.7734 28877.9609 33644.6562
   vertex 36328.25 28949.3535 33531.7422
   vertex 36182.8438 28769.6211 33544.6875
  endloop
 endfacet
facet normal -0.839059651 0.538102031 -0.0801568329
  outer loop
   vertex 36191.2266 28807.3535 33710.2539
   vertex 36242.7734 28877.9609 33644.6562
   vertex 36182.8438 28769.6211 33544.6875
  endloop
 endfacet
facet normal -0.780290604 0.391751856 -0.48752135
  outer loop
   vertex 36181.875 28670.1602 33365.8008
   vertex 36199.2305 28764.3008 33413.668
   vertex 36272.6094 28834.1738 33352.3711
  endloop
 endfacet
facet normal -0.847266018 0.444971561 -0.290070057
  outer loop
   vertex 36267.3086 28736.0977 33217.4023
   vertex 36181.875 28670.1602 33365.8008
   vertex 36272.6094 28834.1738 33352.3711
  endloop
 endfacet
facet normal -0.579276562 0.0209034532 -0.814863026
  outer loop
   vertex 36337.8984 28746.1094 33091.4883
   vertex 36362.1992 28820.084 33076.1133
   vertex 36456.8516 28864.4082 33009.9648
  endloop
 endfacet
facet normal -0.695536435 0.230355188 -0.680562675
  outer loop
   vertex 36407.9648 28625.3223 32978.9961
   vertex 36337.8984 28746.1094 33091.4883
   vertex 36456.8516 28864.4082 33009.9648
  endloop
 endfacet
facet normal -0.845805705 0.234967843 -0.478960097
  outer loop
   vertex 36407.9648 28625.3223 32978.9961
   vertex 36456.8516 28864.4082 33009.9648
   vertex 36502.2344 28699.4785 32848.9062
  endloop
 endfacet
facet normal -0.818000078 0.10700614 -0.5651775
  outer loop
   vertex 36572.6523 28695.6641 32746.2695
   vertex 36502.2344 28699.4785 32848.9062
   vertex 36551.4531 28805.4277 32797.7305
  endloop
 endfacet
facet normal -0.824490607 -0.0473097861 -0.56389451
  outer loop
   vertex 36558.3594 28638.1816 32771.9883
   vertex 36502.2344 28699.4785 32848.9062
   vertex 36572.6523 28695.6641 32746.2695
  endloop
 endfacet
facet normal -0.566781282 0.817111492 -0.105298564
  outer loop
   vertex 36657.9688 29155.5488 33141.9023
   vertex 36600.707 29125.498 33216.9414
   vertex 36701.3359 29198.0234 33238.0781
  endloop
 endfacet
facet normal -0.284880072 0.947555423 0.144851804
  outer loop
   vertex 36790.7148 29195.7363 33629.9219
   vertex 36762.2773 29219.0547 33421.4531
   vertex 36653.4844 29162.6973 33576.1523
  endloop
 endfacet
facet normal -0.919595957 0.236911103 -0.313395053
  outer loop
   vertex 36362.1992 28820.084 33076.1133
   vertex 36337.8984 28746.1094 33091.4883
   vertex 36336.9453 28829.8867 33157.6211
  endloop
 endfacet
facet normal -0.555302322 0.787702978 -0.266764492
  outer loop
   vertex 36362.1992 28820.084 33076.1133
   vertex 36336.9453 28829.8867 33157.6211
   vertex 36456.8516 28864.4082 33009.9648
  endloop
 endfacet
facet normal -0.738009095 0.623714447 -0.257532358
  outer loop
   vertex 36272.6094 28834.1738 33352.3711
   vertex 36399.2109 28940.4121 33246.8672
   vertex 36336.9453 28829.8867 33157.6211
  endloop
 endfacet
facet normal -0.847564816 0.444590449 -0.289781421
  outer loop
   vertex 36272.6094 28834.1738 33352.3711
   vertex 36336.9453 28829.8867 33157.6211
   vertex 36267.3086 28736.0977 33217.4023
  endloop
 endfacet
facet normal -0.648327172 0.664836645 -0.371031225
  outer loop
   vertex 36336.9453 28829.8867 33157.6211
   vertex 36399.2109 28940.4121 33246.8672
   vertex 36456.8516 28864.4082 33009.9648
  endloop
 endfacet
facet normal -0.736677229 0.627479613 -0.252142817
  outer loop
   vertex 36368.7539 28960.8242 33386.6523
   vertex 36399.2109 28940.4121 33246.8672
   vertex 36272.6094 28834.1738 33352.3711
  endloop
 endfacet
facet normal -0.433810532 0.88640517 -0.1615372
  outer loop
   vertex 36850.8125 29265.334 33206.0156
   vertex 36732.0469 29191.8281 33121.6172
   vertex 36701.3359 29198.0234 33238.0781
  endloop
 endfacet
facet normal -0.470625073 0.865772426 -0.170147404
  outer loop
   vertex 36732.0469 29191.8281 33121.6172
   vertex 36657.9688 29155.5488 33141.9023
   vertex 36701.3359 29198.0234 33238.0781
  endloop
 endfacet
facet normal -0.839792669 0.534316838 0.0961967781
  outer loop
   vertex 36240.043 28880.1133 33732.2773
   vertex 36191.2266 28807.3535 33710.2539
   vertex 36224.082 28844.4688 33790.9453
  endloop
 endfacet
facet normal -0.618294537 0.778055608 -0.111091435
  outer loop
   vertex 36328.25 28949.3535 33531.7422
   vertex 36511.2344 29080.1934 33429.6836
   vertex 36368.7539 28960.8242 33386.6523
  endloop
 endfacet
facet normal 0.304648638 0.872061193 0.383012325
  outer loop
   vertex 37027.8672 29256.7773 33473.418
   vertex 36966.6641 29232.4922 33577.3945
   vertex 37043.5703 29208.8086 33570.1445
  endloop
 endfacet
facet normal 0.388633788 0.734783292 0.555929184
  outer loop
   vertex 36887.4219 29017.959 33944.3672
   vertex 36812.1797 28960.6836 34072.668
   vertex 36897.0977 28936.4082 34045.3906
  endloop
 endfacet
facet normal -0.0724082366 0.859788001 0.505491436
  outer loop
   vertex 36700.7422 29049.0312 33919.1523
   vertex 36830.5742 29101.6582 33848.2344
   vertex 36785.5312 29139.4355 33777.5273
  endloop
 endfacet
facet normal -0.704748988 0.675001442 0.218407661
  outer loop
   vertex 36240.043 28880.1133 33732.2773
   vertex 36224.082 28844.4688 33790.9453
   vertex 36268.5078 28887.5879 33801.0312
  endloop
 endfacet
facet normal -0.747263074 0.661454558 -0.0638412461
  outer loop
   vertex 36328.25 28949.3535 33531.7422
   vertex 36312.3672 28948.2578 33706.3008
   vertex 36377.1602 29014.7383 33636.7109
  endloop
 endfacet
facet normal -0.705936015 0.700118959 -0.10718102
  outer loop
   vertex 36328.25 28949.3535 33531.7422
   vertex 36377.1602 29014.7383 33636.7109
   vertex 36413.0391 29039.3027 33560.8438
  endloop
 endfacet
facet normal -0.576861024 0.782572806 0.234117806
  outer loop
   vertex 36268.5078 28887.5879 33801.0312
   vertex 36370.7734 28949.0664 33847.5039
   vertex 36312.3672 28948.2578 33706.3008
  endloop
 endfacet
facet normal -0.692669868 0.72018379 -0.0392897725
  outer loop
   vertex 36242.7734 28877.9609 33644.6562
   vertex 36240.043 28880.1133 33732.2773
   vertex 36312.3672 28948.2578 33706.3008
  endloop
 endfacet
facet normal -0.638527632 0.747499049 0.183105528
  outer loop
   vertex 36240.043 28880.1133 33732.2773
   vertex 36268.5078 28887.5879 33801.0312
   vertex 36312.3672 28948.2578 33706.3008
  endloop
 endfacet
facet normal 0.132075652 0.906797111 0.400343686
  outer loop
   vertex 36941.4727 29143.5625 33716.7383
   vertex 36785.5312 29139.4355 33777.5273
   vertex 36830.5742 29101.6582 33848.2344
  endloop
 endfacet
facet normal 0.307895273 0.800206661 0.514655054
  outer loop
   vertex 36941.4727 29143.5625 33716.7383
   vertex 36830.5742 29101.6582 33848.2344
   vertex 36887.4219 29017.959 33944.3672
  endloop
 endfacet
facet normal -0.481349111 0.737163782 0.474228382
  outer loop
   vertex 36452.1289 28791.252 34197.4141
   vertex 36473.2812 28917.1074 34023.2461
   vertex 36353.3945 28800.4355 34082.9219
  endloop
 endfacet
facet normal -0.843980491 0.47815761 0.243027195
  outer loop
   vertex 36452.1289 28791.252 34197.4141
   vertex 36484.1445 28870.8672 34151.9492
   vertex 36473.2812 28917.1074 34023.2461
  endloop
 endfacet
facet normal -0.603327811 0.644872606 0.469185382
  outer loop
   vertex 36370.7734 28949.0664 33847.5039
   vertex 36231.4688 28774.416 33908.4219
   vertex 36473.2812 28917.1074 34023.2461
  endloop
 endfacet
facet normal -0.585937858 0.753975213 0.296981901
  outer loop
   vertex 36231.4688 28774.416 33908.4219
   vertex 36353.3945 28800.4355 34082.9219
   vertex 36473.2812 28917.1074 34023.2461
  endloop
 endfacet
facet normal 0.395028174 0.614885509 0.682545662
  outer loop
   vertex 36790.7617 28859.4453 34176.2656
   vertex 36897.0977 28936.4082 34045.3906
   vertex 36812.1797 28960.6836 34072.668
  endloop
 endfacet
facet normal -0.631438375 0.762573779 0.140594408
  outer loop
   vertex 36312.3672 28948.2578 33706.3008
   vertex 36399.6797 29015.5938 33733.2031
   vertex 36377.1602 29014.7383 33636.7109
  endloop
 endfacet
facet normal -0.155348778 0.590700686 0.791795075
  outer loop
   vertex 36549.6758 28770.9531 34255.0977
   vertex 36665.6211 28862.6094 34209.4688
   vertex 36543.8555 28863.6934 34184.7695
  endloop
 endfacet
facet normal 0.112153955 0.938594639 0.326284468
  outer loop
   vertex 36887.4219 29017.959 33944.3672
   vertex 36700.7422 29049.0312 33919.1523
   vertex 36774.7031 29003.5605 34024.5312
  endloop
 endfacet
facet normal 0.0406266972 0.765337944 0.64234513
  outer loop
   vertex 36887.4219 29017.959 33944.3672
   vertex 36830.5742 29101.6582 33848.2344
   vertex 36700.7422 29049.0312 33919.1523
  endloop
 endfacet
facet normal -0.638659775 0.724228263 0.2600137
  outer loop
   vertex 36399.6797 29015.5938 33733.2031
   vertex 36312.3672 28948.2578 33706.3008
   vertex 36370.7734 28949.0664 33847.5039
  endloop
 endfacet
facet normal -0.129938722 0.853558302 0.504533589
  outer loop
   vertex 36738.4258 28910.2676 34174.668
   vertex 36691.9766 28935.8828 34119.3633
   vertex 36723.9961 28902.4219 34184.2227
  endloop
 endfacet
facet normal -0.651812077 0.582141638 0.486057758
  outer loop
   vertex 36370.7734 28949.0664 33847.5039
   vertex 36473.2812 28917.1074 34023.2461
   vertex 36443.8828 28983.6836 33904.0898
  endloop
 endfacet
facet normal 0.352001846 0.389262557 0.851216376
  outer loop
   vertex 36723.9961 28902.4219 34184.2227
   vertex 36790.7617 28859.4453 34176.2656
   vertex 36738.4258 28910.2676 34174.668
  endloop
 endfacet
facet normal 0.255279213 0.222375304 0.940947235
  outer loop
   vertex 36723.9961 28902.4219 34184.2227
   vertex 36665.6211 28862.6094 34209.4688
   vertex 36790.7617 28859.4453 34176.2656
  endloop
 endfacet
facet normal 0.353709221 0.791938722 0.497717619
  outer loop
   vertex 36940.1172 28969 33984.8164
   vertex 36949.332 28975.6055 33967.7578
   vertex 36887.4219 29017.959 33944.3672
  endloop
 endfacet
facet normal 0.36290589 0.856918991 0.366045296
  outer loop
   vertex 37160.8008 29212.1836 33446.0195
   vertex 37027.8672 29256.7773 33473.418
   vertex 37043.5703 29208.8086 33570.1445
  endloop
 endfacet
facet normal 0.900494754 -0.0193366408 0.434436768
  outer loop
   vertex 37036.4062 28756.1523 33961.4453
   vertex 37099.207 28651.3867 33826.6133
   vertex 37134.7812 28828.5703 33760.7578
  endloop
 endfacet
facet normal 0.827527285 0.257870406 0.498699784
  outer loop
   vertex 36994.8555 28914.5723 33948.4805
   vertex 37036.4062 28756.1523 33961.4453
   vertex 37134.7812 28828.5703 33760.7578
  endloop
 endfacet
facet normal 0.743659019 0.381173521 0.549252212
  outer loop
   vertex 36940.1172 28969 33984.8164
   vertex 36994.8555 28914.5723 33948.4805
   vertex 36949.332 28975.6055 33967.7578
  endloop
 endfacet
facet normal 0.707024872 0.276467413 0.650908291
  outer loop
   vertex 36940.1172 28969 33984.8164
   vertex 36897.0977 28936.4082 34045.3906
   vertex 36994.8555 28914.5723 33948.4805
  endloop
 endfacet
facet normal 0.899321437 -0.0181817915 0.436910093
  outer loop
   vertex 37099.207 28651.3867 33826.6133
   vertex 37227.1836 28656.9023 33563.418
   vertex 37134.7812 28828.5703 33760.7578
  endloop
 endfacet
facet normal 0.891560972 -0.14044641 0.430573821
  outer loop
   vertex 37099.207 28651.3867 33826.6133
   vertex 37126.082 28581.5703 33748.1914
   vertex 37227.1836 28656.9023 33563.418
  endloop
 endfacet
facet normal 0.718375802 0.392567873 0.574305415
  outer loop
   vertex 36914.5 28854.5957 34089.9883
   vertex 36976.1289 28797.4277 34051.9766
   vertex 36994.8555 28914.5723 33948.4805
  endloop
 endfacet
facet normal 0.568933129 0.491556644 0.659308076
  outer loop
   vertex 36976.1289 28797.4277 34051.9766
   vertex 37017.6445 28823.459 33996.7422
   vertex 36994.8555 28914.5723 33948.4805
  endloop
 endfacet
facet normal 0.966416597 0.255638421 0.0262289457
  outer loop
   vertex 37017.6445 28823.459 33996.7422
   vertex 37036.4062 28756.1523 33961.4453
   vertex 36994.8555 28914.5723 33948.4805
  endloop
 endfacet
facet normal 0.695192516 0.322489262 0.64242357
  outer loop
   vertex 37389.0547 29081.5254 33333.8125
   vertex 37283.2617 29126.2891 33425.8242
   vertex 37278.8242 28960.7871 33513.7031
  endloop
 endfacet
facet normal 0.603356183 0.53298372 0.593202889
  outer loop
   vertex 37098.5977 29023.1758 33710.7539
   vertex 37193.2578 29098.8027 33546.5234
   vertex 37094.9648 29145.3516 33604.6758
  endloop
 endfacet
facet normal 0.728530884 0.305922329 0.612906456
  outer loop
   vertex 37278.8242 28960.7871 33513.7031
   vertex 37283.2617 29126.2891 33425.8242
   vertex 37193.2578 29098.8027 33546.5234
  endloop
 endfacet
facet normal 0.746833205 0.325058222 0.58015281
  outer loop
   vertex 37098.5977 29023.1758 33710.7539
   vertex 37278.8242 28960.7871 33513.7031
   vertex 37193.2578 29098.8027 33546.5234
  endloop
 endfacet
facet normal 0.69422704 0.323882133 0.642766833
  outer loop
   vertex 37407.625 28983.8145 33362.9844
   vertex 37389.0547 29081.5254 33333.8125
   vertex 37278.8242 28960.7871 33513.7031
  endloop
 endfacet
facet normal 0.763076246 -0.0514381379 0.64425832
  outer loop
   vertex 37278.8242 28960.7871 33513.7031
   vertex 37402.5703 28864.7051 33359.4648
   vertex 37407.625 28983.8145 33362.9844
  endloop
 endfacet
facet normal 0.761847317 -0.326741844 0.559310615
  outer loop
   vertex 37410.5195 28681.6133 33241.6797
   vertex 37507.3438 28874.6602 33222.5664
   vertex 37402.5703 28864.7051 33359.4648
  endloop
 endfacet
facet normal 0.791431725 0.0490889698 0.609283268
  outer loop
   vertex 37402.5703 28864.7051 33359.4648
   vertex 37507.3438 28874.6602 33222.5664
   vertex 37501.6055 29013.6621 33218.8203
  endloop
 endfacet
facet normal 0.841459453 -0.0516216978 0.537848651
  outer loop
   vertex 37407.625 28983.8145 33362.9844
   vertex 37402.5703 28864.7051 33359.4648
   vertex 37501.6055 29013.6621 33218.8203
  endloop
 endfacet
facet normal 0.76544106 0.0488879569 0.641646266
  outer loop
   vertex 37501.6055 29013.6621 33218.8203
   vertex 37507.3438 28874.6602 33222.5664
   vertex 37653.4844 28920.4551 33044.7422
  endloop
 endfacet
facet normal 0.768972576 -0.331577092 0.546569169
  outer loop
   vertex 37507.3438 28874.6602 33222.5664
   vertex 37410.5195 28681.6133 33241.6797
   vertex 37653.4844 28920.4551 33044.7422
  endloop
 endfacet
facet normal 0.759141803 -0.29296273 0.581271529
  outer loop
   vertex 37611.4492 28704.2793 32990.6875
   vertex 37653.4844 28920.4551 33044.7422
   vertex 37410.5195 28681.6133 33241.6797
  endloop
 endfacet
facet normal 0.684707999 0.465485036 0.560801804
  outer loop
   vertex 37283.2617 29126.2891 33425.8242
   vertex 37389.0547 29081.5254 33333.8125
   vertex 37342.0469 29177.2559 33311.7461
  endloop
 endfacet
facet normal 0.62423569 0.541160166 0.563449681
  outer loop
   vertex 37272.5586 29198.1719 33368.6406
   vertex 37283.2617 29126.2891 33425.8242
   vertex 37342.0469 29177.2559 33311.7461
  endloop
 endfacet
facet normal 0.523309767 0.775036931 0.354209989
  outer loop
   vertex 37272.5586 29198.1719 33368.6406
   vertex 37342.0469 29177.2559 33311.7461
   vertex 37264.9883 29249.1543 33268.2656
  endloop
 endfacet
facet normal 0.241214007 0.594013572 0.767439663
  outer loop
   vertex 37968.1992 28834.2852 32716.1133
   vertex 37811.2422 28749.166 32831.332
   vertex 37910.8125 28774.9023 32780.1133
  endloop
 endfacet
facet normal 0.844152808 0.215473384 0.490894347
  outer loop
   vertex 37817.9688 28920.3848 32887.0625
   vertex 37790.3789 29081.8145 32863.6484
   vertex 37770.1211 28986.1973 32940.4492
  endloop
 endfacet
facet normal 0.687412679 -0.114894681 0.717121363
  outer loop
   vertex 37817.9688 28920.3848 32887.0625
   vertex 37653.4844 28920.4551 33044.7422
   vertex 37739.6367 28828.7637 32947.4648
  endloop
 endfacet
facet normal 0.689657629 -0.082255587 0.719448686
  outer loop
   vertex 37817.9688 28920.3848 32887.0625
   vertex 37770.1211 28986.1973 32940.4492
   vertex 37653.4844 28920.4551 33044.7422
  endloop
 endfacet
facet normal 0.623164654 -0.410605609 0.665634155
  outer loop
   vertex 37811.2422 28749.166 32831.332
   vertex 37739.6367 28828.7637 32947.4648
   vertex 37611.4492 28704.2793 32990.6875
  endloop
 endfacet
facet normal 0.554511368 -0.301750928 0.775540769
  outer loop
   vertex 37653.4844 28920.4551 33044.7422
   vertex 37611.4492 28704.2793 32990.6875
   vertex 37739.6367 28828.7637 32947.4648
  endloop
 endfacet
facet normal 0.749239147 -0.231420666 0.620552301
  outer loop
   vertex 37817.9688 28920.3848 32887.0625
   vertex 37739.6367 28828.7637 32947.4648
   vertex 37811.2422 28749.166 32831.332
  endloop
 endfacet
facet normal 0.658433437 -0.256214112 0.707686186
  outer loop
   vertex 37817.9688 28920.3848 32887.0625
   vertex 37811.2422 28749.166 32831.332
   vertex 37968.1992 28834.2852 32716.1133
  endloop
 endfacet
facet normal 0.742401779 -0.0331543647 0.669134021
  outer loop
   vertex 37817.9688 28920.3848 32887.0625
   vertex 37968.1992 28834.2852 32716.1133
   vertex 37893.0352 28984.2949 32806.9414
  endloop
 endfacet
facet normal -0.565657318 0.709658623 -0.420019567
  outer loop
   vertex 36571.6133 28937.3477 32863.2109
   vertex 36538.7891 28962.6484 32950.1641
   vertex 36632.0547 29069.4531 33005.0156
  endloop
 endfacet
facet normal -0.176479012 0.934246898 -0.309899747
  outer loop
   vertex 37189.9609 29287.3242 32752.7617
   vertex 37160.6055 29305.0195 32822.8242
   vertex 37214.5469 29316.3945 32826.4023
  endloop
 endfacet
facet normal 0.595473051 0.621601701 0.508943141
  outer loop
   vertex 37094.9648 29145.3516 33604.6758
   vertex 37193.2578 29098.8027 33546.5234
   vertex 37160.8008 29212.1836 33446.0195
  endloop
 endfacet
facet normal 0.515170932 0.692238927 0.505375326
  outer loop
   vertex 37043.5703 29208.8086 33570.1445
   vertex 37094.9648 29145.3516 33604.6758
   vertex 37160.8008 29212.1836 33446.0195
  endloop
 endfacet
facet normal 0.761199653 0.222622171 0.609109581
  outer loop
   vertex 38478.4531 28732.4629 32286.041
   vertex 38458.1133 28890.6562 32253.6465
   vertex 38354.9609 28866.6387 32391.3301
  endloop
 endfacet
facet normal 0.809189916 0.488001376 0.32720992
  outer loop
   vertex 38417.6602 28768.4941 32382.6504
   vertex 38478.4531 28732.4629 32286.041
   vertex 38354.9609 28866.6387 32391.3301
  endloop
 endfacet
facet normal 0.818149507 -0.377868474 0.433412939
  outer loop
   vertex 37968.1992 28834.2852 32716.1133
   vertex 37899.8398 28730.6309 32754.7852
   vertex 37912.4766 28657.0059 32666.7422
  endloop
 endfacet
facet normal 0.60259974 0.76197952 0.23719354
  outer loop
   vertex 38514.1758 28910.2188 32166.3867
   vertex 38469.0352 28933.9922 32204.6973
   vertex 38522.7109 28896.2246 32189.6582
  endloop
 endfacet
facet normal 0.332847744 -0.464154333 0.820836842
  outer loop
   vertex 38193.9414 28505.6016 32373.3848
   vertex 38287.9844 28707.2832 32449.2949
   vertex 38142.5977 28788.3242 32554.0762
  endloop
 endfacet
facet normal 0.505583823 -0.39756012 0.765722513
  outer loop
   vertex 38007.3281 28614.2598 32553.0156
   vertex 38193.9414 28505.6016 32373.3848
   vertex 38142.5977 28788.3242 32554.0762
  endloop
 endfacet
facet normal 0.635611534 -0.208657056 0.743276656
  outer loop
   vertex 38082.7812 28874.4355 32629.4004
   vertex 37968.1992 28834.2852 32716.1133
   vertex 38142.5977 28788.3242 32554.0762
  endloop
 endfacet
facet normal -0.0992960781 0.941030562 0.323422045
  outer loop
   vertex 41885.9727 28984.9707 30280.1973
   vertex 42033.2734 29021.2734 30219.7969
   vertex 41925.1133 29059.002 30076.8125
  endloop
 endfacet
facet normal 0.550187886 -0.431912303 0.71466428
  outer loop
   vertex 37968.1992 28834.2852 32716.1133
   vertex 38007.3281 28614.2598 32553.0156
   vertex 38142.5977 28788.3242 32554.0762
  endloop
 endfacet
facet normal 0.631983161 -0.385825068 0.672113299
  outer loop
   vertex 37968.1992 28834.2852 32716.1133
   vertex 37912.4766 28657.0059 32666.7422
   vertex 38007.3281 28614.2598 32553.0156
  endloop
 endfacet
facet normal 0.76244235 0.222474381 0.607607424
  outer loop
   vertex 38458.1133 28890.6562 32253.6465
   vertex 38478.4531 28732.4629 32286.041
   vertex 38605.6523 28817.0215 32095.4707
  endloop
 endfacet
facet normal 0.754312873 0.43868497 0.488433838
  outer loop
   vertex 38391.5703 28779.4023 32413.1465
   vertex 38417.6602 28768.4941 32382.6504
   vertex 38354.9609 28866.6387 32391.3301
  endloop
 endfacet
facet normal 0.464135349 0.609244466 0.642961562
  outer loop
   vertex 38469.0352 28933.9922 32204.6973
   vertex 38381.6953 28969.832 32233.7832
   vertex 38458.1133 28890.6562 32253.6465
  endloop
 endfacet
facet normal 0.47894761 0.778603613 -0.40544492
  outer loop
   vertex 38514.1758 28910.2188 32166.3867
   vertex 38605.6523 28817.0215 32095.4707
   vertex 38416.2539 28956.5195 32139.625
  endloop
 endfacet
facet normal 0.580941498 0.674844623 0.455073297
  outer loop
   vertex 38322.2305 28968.8008 32311.2266
   vertex 38458.1133 28890.6562 32253.6465
   vertex 38381.6953 28969.832 32233.7832
  endloop
 endfacet
facet normal 0.579700232 0.609632015 0.540644467
  outer loop
   vertex 38322.2305 28968.8008 32311.2266
   vertex 38354.9609 28866.6387 32391.3301
   vertex 38458.1133 28890.6562 32253.6465
  endloop
 endfacet
facet normal 0.602116644 0.795330882 0.0700308681
  outer loop
   vertex 38462.2695 28935.3223 31984.7363
   vertex 38416.2539 28956.5195 32139.625
   vertex 38605.6523 28817.0215 32095.4707
  endloop
 endfacet
facet normal 0.161782488 0.984306037 -0.0704846531
  outer loop
   vertex 38364.9258 28939.0957 31814.0254
   vertex 38462.2695 28935.3223 31984.7363
   vertex 38658.4062 28891.4512 31822.2988
  endloop
 endfacet
facet normal 0.468221068 0.203867391 0.85977155
  outer loop
   vertex 38823.9062 28704.5723 32003.2754
   vertex 38605.6523 28817.0215 32095.4707
   vertex 38788.0039 28613.2051 32044.4922
  endloop
 endfacet
facet normal 0.315324366 0.284497976 0.905335009
  outer loop
   vertex 38823.9062 28704.5723 32003.2754
   vertex 38788.0039 28613.2051 32044.4922
   vertex 38872.582 28650.1523 32003.4238
  endloop
 endfacet
facet normal 0.777571023 0.184850112 0.601010621
  outer loop
   vertex 38478.4531 28732.4629 32286.041
   vertex 38609.1797 28589.0293 32161.0254
   vertex 38605.6523 28817.0215 32095.4707
  endloop
 endfacet
facet normal 0.505723 0.245618969 0.826991916
  outer loop
   vertex 38788.0039 28613.2051 32044.4922
   vertex 38605.6523 28817.0215 32095.4707
   vertex 38609.1797 28589.0293 32161.0254
  endloop
 endfacet
facet normal 0.751325369 0.64980346 0.115176603
  outer loop
   vertex 38522.7109 28896.2246 32189.6582
   vertex 38605.6523 28817.0215 32095.4707
   vertex 38514.1758 28910.2188 32166.3867
  endloop
 endfacet
facet normal 0.13693738 0.907862186 -0.39627564
  outer loop
   vertex 38127.4883 28965.3848 31893.3516
   vertex 38065.3516 29017.9375 31992.2734
   vertex 38225.4492 29007.3105 32023.2539
  endloop
 endfacet
facet normal 0.436658025 0.898594916 -0.0430926457
  outer loop
   vertex 38416.2539 28956.5195 32139.625
   vertex 38469.0352 28933.9922 32204.6973
   vertex 38514.1758 28910.2188 32166.3867
  endloop
 endfacet
facet normal -0.309933513 0.782855034 -0.539517522
  outer loop
   vertex 38218.3164 28900.9941 31747.7422
   vertex 38039.2188 28844.6289 31768.8398
   vertex 38127.4883 28965.3848 31893.3516
  endloop
 endfacet
facet normal 0.382389575 0.923950255 0.00970449112
  outer loop
   vertex 38469.0352 28933.9922 32204.6973
   vertex 38416.2539 28956.5195 32139.625
   vertex 38381.6953 28969.832 32233.7832
  endloop
 endfacet
facet normal 0.338354021 -0.122153588 0.933056831
  outer loop
   vertex 38241.293 28876.7617 32488.416
   vertex 38287.9844 28707.2832 32449.2949
   vertex 38346.6719 28786.4062 32438.373
  endloop
 endfacet
facet normal 0.637308955 0.283331633 0.716631353
  outer loop
   vertex 38354.9609 28866.6387 32391.3301
   vertex 38269.1484 28930.9766 32442.2051
   vertex 38241.293 28876.7617 32488.416
  endloop
 endfacet
facet normal 0.627214789 0.344701529 0.698414207
  outer loop
   vertex 38354.9609 28866.6387 32391.3301
   vertex 38241.293 28876.7617 32488.416
   vertex 38346.6719 28786.4062 32438.373
  endloop
 endfacet
facet normal 0.320802122 0.817881644 0.477656394
  outer loop
   vertex 41324.7969 28871.6211 30760.9082
   vertex 41225.3945 28930.2617 30727.2598
   vertex 41214.5586 28897.7227 30790.2539
  endloop
 endfacet
facet normal 0.21719946 0.976093948 0.00805856474
  outer loop
   vertex 39322.0625 28736.5527 31544.9473
   vertex 39214.2695 28761.9746 31370.9629
   vertex 39021.3477 28804.0332 31476.4688
  endloop
 endfacet
facet normal 0.224928036 0.974104285 0.0229841378
  outer loop
   vertex 39105.8594 28786.877 31376.4805
   vertex 39021.3477 28804.0332 31476.4688
   vertex 39214.2695 28761.9746 31370.9629
  endloop
 endfacet
facet normal 0.160693318 0.98685503 -0.0171710588
  outer loop
   vertex 38658.4062 28891.4512 31822.2988
   vertex 38514.0664 28912.3359 31671.7207
   vertex 38364.9258 28939.0957 31814.0254
  endloop
 endfacet
facet normal -0.0934257284 0.781201243 -0.617248952
  outer loop
   vertex 38431.2695 28816.4395 31500.0918
   vertex 38475.1602 28886.918 31582.6465
   vertex 38597.4531 28868.0273 31540.2285
  endloop
 endfacet
facet normal -0.0425477475 0.733320057 0.678550959
  outer loop
   vertex 41021.8594 28829.291 30836.1719
   vertex 41023.4648 28720.0879 30954.291
   vertex 41166.0117 28817.8105 30857.6191
  endloop
 endfacet
facet normal 0.450445682 0.323029488 0.832316458
  outer loop
   vertex 41475.1523 28788.9766 30711.6133
   vertex 41324.7969 28871.6211 30760.9082
   vertex 41336.6406 28706.4062 30818.6191
  endloop
 endfacet
facet normal 0.26394403 -0.09248887 0.960093379
  outer loop
   vertex 41475.1523 28788.9766 30711.6133
   vertex 41428.6641 28869.6699 30732.166
   vertex 41324.7969 28871.6211 30760.9082
  endloop
 endfacet
facet normal -0.343380809 0.888724029 0.303741992
  outer loop
   vertex 41125.207 28897.6445 30753.0117
   vertex 40939.0586 28860.4395 30651.4297
   vertex 41021.8594 28829.291 30836.1719
  endloop
 endfacet
facet normal 0.578400314 0.144554287 0.802843153
  outer loop
   vertex 41562.0469 28866.5293 30614.1523
   vertex 41634.2383 28744.584 30584.0996
   vertex 41646.1172 28882.7305 30550.666
  endloop
 endfacet
facet normal 0.466012001 0.17005688 0.868281901
  outer loop
   vertex 41753.8867 28854.4453 30498.3652
   vertex 41646.1172 28882.7305 30550.666
   vertex 41634.2383 28744.584 30584.0996
  endloop
 endfacet
facet normal 0.498350143 0.404984951 0.766573131
  outer loop
   vertex 41562.0469 28866.5293 30614.1523
   vertex 41456.8203 28897.6934 30666.0938
   vertex 41475.1523 28788.9766 30711.6133
  endloop
 endfacet
facet normal 0.549274802 -0.0304986425 0.835085034
  outer loop
   vertex 42018.2383 28912.2773 30302.2715
   vertex 41876.7578 28882.459 30394.2402
   vertex 41956.1133 28745.0176 30337.0234
  endloop
 endfacet
facet normal 0.525426507 0.0502427518 0.849354267
  outer loop
   vertex 41851.7578 28781.5273 30442.1328
   vertex 41753.8867 28854.4453 30498.3652
   vertex 41770.7656 28733.9512 30495.0508
  endloop
 endfacet
facet normal 0.278631955 0.78764087 0.549532592
  outer loop
   vertex 41225.3945 28930.2617 30727.2598
   vertex 41324.7969 28871.6211 30760.9082
   vertex 41273.2734 28943.8281 30683.5391
  endloop
 endfacet
facet normal -0.178790942 0.886352599 0.427098185
  outer loop
   vertex 41225.3945 28930.2617 30727.2598
   vertex 41125.207 28897.6445 30753.0117
   vertex 41214.5586 28897.7227 30790.2539
  endloop
 endfacet
facet normal -0.106931791 0.946924686 0.303148836
  outer loop
   vertex 40844.2344 28771.8008 30894.8535
   vertex 40939.0586 28860.4395 30651.4297
   vertex 40735.3789 28802.209 30761.4746
  endloop
 endfacet
facet normal -0.219651893 0.941087186 0.257114619
  outer loop
   vertex 41021.8594 28829.291 30836.1719
   vertex 40939.0586 28860.4395 30651.4297
   vertex 40844.2344 28771.8008 30894.8535
  endloop
 endfacet
facet normal -0.548533976 0.793131292 -0.264675826
  outer loop
   vertex 41125.5234 28916.0859 30309.7559
   vertex 40989.4648 28809.6426 30272.7656
   vertex 41079.2539 28922.6328 30425.2637
  endloop
 endfacet
facet normal -0.360350013 0.914700627 -0.182949767
  outer loop
   vertex 40690.5469 28744.4883 30561.1992
   vertex 40735.3789 28802.209 30761.4746
   vertex 40939.0586 28860.4395 30651.4297
  endloop
 endfacet
facet normal -0.174843445 0.971541464 -0.159802735
  outer loop
   vertex 38054.4492 29034.8574 32032.5117
   vertex 37834.8906 28994.9902 32030.3555
   vertex 38070.2461 29047.7168 32093.4062
  endloop
 endfacet
facet normal 0.0571122169 0.962513566 0.265152544
  outer loop
   vertex 39967.1133 28631.6914 31304.3652
   vertex 40183.0312 28638.293 31233.8984
   vertex 39954.9961 28680.1738 31130.9844
  endloop
 endfacet
facet normal 0.08704862 0.884892941 0.457588285
  outer loop
   vertex 40317.1211 28705.3242 31011.4434
   vertex 40198.4648 28688.6465 31066.2676
   vertex 40416.0938 28636.5176 31125.6738
  endloop
 endfacet
facet normal -0.10064093 0.979047835 0.177021921
  outer loop
   vertex 40735.3789 28802.209 30761.4746
   vertex 40618.7148 28790.5859 30759.4316
   vertex 40594.4883 28761.1699 30908.3438
  endloop
 endfacet
facet normal -0.0280888937 0.969388068 0.243921787
  outer loop
   vertex 40735.3789 28802.209 30761.4746
   vertex 40594.4883 28761.1699 30908.3438
   vertex 40844.2344 28771.8008 30894.8535
  endloop
 endfacet
facet normal -0.5321998 0.846507609 -0.0137211652
  outer loop
   vertex 41039.7383 28921.8086 30532.5508
   vertex 40977.2148 28881.3418 30461.0488
   vertex 40939.0586 28860.4395 30651.4297
  endloop
 endfacet
facet normal -0.0913597047 0.962127686 -0.25683403
  outer loop
   vertex 40735.3789 28802.209 30761.4746
   vertex 40690.5469 28744.4883 30561.1992
   vertex 40618.7148 28790.5859 30759.4316
  endloop
 endfacet
facet normal -0.161298901 0.94676429 -0.278603703
  outer loop
   vertex 40535.2656 28766.873 30727.166
   vertex 40618.7148 28790.5859 30759.4316
   vertex 40690.5469 28744.4883 30561.1992
  endloop
 endfacet
facet normal -0.180716008 0.955157638 -0.234554142
  outer loop
   vertex 40535.2656 28766.873 30727.166
   vertex 40553.7383 28792.1328 30815.7969
   vertex 40618.7148 28790.5859 30759.4316
  endloop
 endfacet
facet normal -0.41461271 0.898238897 -0.145819023
  outer loop
   vertex 40977.2148 28881.3418 30461.0488
   vertex 41039.7383 28921.8086 30532.5508
   vertex 41079.2539 28922.6328 30425.2637
  endloop
 endfacet
facet normal 0.393483579 -0.0409365222 0.918419778
  outer loop
   vertex 42124.9062 28801.1934 30251.6191
   vertex 42194.5039 28975.8203 30229.5859
   vertex 42018.2383 28912.2773 30302.2715
  endloop
 endfacet
facet normal -0.0209488552 0.995825469 0.0888414681
  outer loop
   vertex 41172.8359 28945.0957 30585.498
   vertex 41354.6797 28946.6445 30611.0137
   vertex 41325.6484 28962.1562 30430.3008
  endloop
 endfacet
facet normal 0.446002513 0.0202652402 0.894802272
  outer loop
   vertex 41956.1133 28745.0176 30337.0234
   vertex 42124.9062 28801.1934 30251.6191
   vertex 42018.2383 28912.2773 30302.2715
  endloop
 endfacet
facet normal 0.602236688 0.215564996 0.76866293
  outer loop
   vertex 41851.7578 28781.5273 30442.1328
   vertex 41876.7578 28882.459 30394.2402
   vertex 41753.8867 28854.4453 30498.3652
  endloop
 endfacet
facet normal 0.265671402 0.588472128 0.763622463
  outer loop
   vertex 41255.5898 28771.3594 30862.252
   vertex 41324.7969 28871.6211 30760.9082
   vertex 41166.0117 28817.8105 30857.6191
  endloop
 endfacet
facet normal 0.52257669 0.0820384547 0.84863615
  outer loop
   vertex 41336.6406 28706.4062 30818.6191
   vertex 41255.5898 28771.3594 30862.252
   vertex 41162.2695 28641.2266 30932.2969
  endloop
 endfacet
facet normal 0.626021922 0.296775401 0.721124768
  outer loop
   vertex 41324.7969 28871.6211 30760.9082
   vertex 41255.5898 28771.3594 30862.252
   vertex 41336.6406 28706.4062 30818.6191
  endloop
 endfacet
facet normal 0.342002839 0.359853148 0.868066669
  outer loop
   vertex 41166.0117 28817.8105 30857.6191
   vertex 41023.4648 28720.0879 30954.291
   vertex 41162.2695 28641.2266 30932.2969
  endloop
 endfacet
facet normal 0.076383926 0.414858013 0.906674325
  outer loop
   vertex 40812.5156 28570.5273 31073.9062
   vertex 40701.7656 28660.0742 31042.2637
   vertex 40631.4844 28483.2676 31129.084
  endloop
 endfacet
facet normal 0.469268411 0.663392961 0.582835257
  outer loop
   vertex 41023.4648 28720.0879 30954.291
   vertex 41065.9805 28655.8535 30993.1758
   vertex 41162.2695 28641.2266 30932.2969
  endloop
 endfacet
facet normal 0.0926868841 0.828978181 0.551547229
  outer loop
   vertex 40416.0938 28636.5176 31125.6738
   vertex 40701.7656 28660.0742 31042.2637
   vertex 40594.4883 28761.1699 30908.3438
  endloop
 endfacet
facet normal -0.00137085444 0.797590733 0.603197455
  outer loop
   vertex 40844.2344 28771.8008 30894.8535
   vertex 40594.4883 28761.1699 30908.3438
   vertex 40701.7656 28660.0742 31042.2637
  endloop
 endfacet
facet normal 0.0429859385 0.775780439 0.629537046
  outer loop
   vertex 40879.6406 28670.6816 31017.0469
   vertex 40844.2344 28771.8008 30894.8535
   vertex 40701.7656 28660.0742 31042.2637
  endloop
 endfacet
facet normal -0.363790274 0.901805639 -0.233245015
  outer loop
   vertex 40476.2695 28772.6367 30841.4668
   vertex 40535.2656 28766.873 30727.166
   vertex 40402.5859 28721.5664 30758.9297
  endloop
 endfacet
facet normal -0.384092152 0.79156965 -0.47527957
  outer loop
   vertex 40535.2656 28766.873 30727.166
   vertex 40495.8008 28681.4688 30616.8203
   vertex 40402.5859 28721.5664 30758.9297
  endloop
 endfacet
facet normal -0.474455386 0.715320885 -0.513038158
  outer loop
   vertex 40495.8008 28681.4688 30616.8203
   vertex 40314.5508 28577.6855 30639.7344
   vertex 40402.5859 28721.5664 30758.9297
  endloop
 endfacet
facet normal 0.505154073 0.527313948 0.683197916
  outer loop
   vertex 39482.8711 28606.9492 31638.5664
   vertex 39636.6914 28563.0645 31558.7012
   vertex 39523.1875 28670.9668 31559.3457
  endloop
 endfacet
facet normal 0.503966033 0.278685659 0.817528307
  outer loop
   vertex 39565.3789 28521.1445 31616.9531
   vertex 39636.6914 28563.0645 31558.7012
   vertex 39482.8711 28606.9492 31638.5664
  endloop
 endfacet
facet normal -0.408861369 0.85087502 -0.329915226
  outer loop
   vertex 40378.7305 28748.666 30858.3887
   vertex 40402.5859 28721.5664 30758.9297
   vertex 40239.8594 28685.8516 30868.4902
  endloop
 endfacet
facet normal -0.218194351 0.852791727 -0.47448656
  outer loop
   vertex 40314.5508 28577.6855 30639.7344
   vertex 40121.4453 28578.2715 30729.5898
   vertex 40239.8594 28685.8516 30868.4902
  endloop
 endfacet
facet normal -0.246817619 0.893419266 -0.375343949
  outer loop
   vertex 40061.7891 28681.0215 30974.0879
   vertex 40239.8594 28685.8516 30868.4902
   vertex 39977.543 28593.5059 30821.1758
  endloop
 endfacet
facet normal -0.122313075 0.888946295 -0.441377342
  outer loop
   vertex 40061.7891 28681.0215 30974.0879
   vertex 39977.543 28593.5059 30821.1758
   vertex 39941.25 28664.3516 30973.918
  endloop
 endfacet
facet normal -0.160529897 0.985885918 -0.0475300364
  outer loop
   vertex 40198.4648 28688.6465 31066.2676
   vertex 40317.1211 28705.3242 31011.4434
   vertex 40239.8594 28685.8516 30868.4902
  endloop
 endfacet
facet normal 0.465219051 0.557692409 0.68742305
  outer loop
   vertex 39394.0078 28687.752 31633.1504
   vertex 39482.8711 28606.9492 31638.5664
   vertex 39523.1875 28670.9668 31559.3457
  endloop
 endfacet
facet normal 0.221710622 0.974758685 0.0262651332
  outer loop
   vertex 38658.4062 28891.4512 31822.2988
   vertex 38797.9648 28859.7207 31821.8906
   vertex 38875.4844 28844.7734 31722.2695
  endloop
 endfacet
facet normal 0.316424966 0.911975563 0.26110509
  outer loop
   vertex 38747.9844 28896.666 31695.5293
   vertex 38658.4062 28891.4512 31822.2988
   vertex 38875.4844 28844.7734 31722.2695
  endloop
 endfacet
facet normal -0.222942427 0.971676588 -0.0783663765
  outer loop
   vertex 39941.25 28664.3516 30973.918
   vertex 39777.1641 28626.6504 30973.2383
   vertex 39954.9961 28680.1738 31130.9844
  endloop
 endfacet
facet normal 0.0813695714 0.737711191 -0.670194864
  outer loop
   vertex 38680.1602 28901.2773 31586.8691
   vertex 38765.8008 28874.666 31567.9746
   vertex 38597.4531 28868.0273 31540.2285
  endloop
 endfacet
facet normal -0.00388210081 0.449261189 -0.893392026
  outer loop
   vertex 38428.418 28560.3066 31264.2441
   vertex 38392.7031 28639.8555 31304.4023
   vertex 38550.6055 28714.498 31341.252
  endloop
 endfacet
facet normal -0.352442443 0.73843801 -0.574885726
  outer loop
   vertex 38431.2695 28816.4395 31500.0918
   vertex 38337.4375 28699.9023 31407.9238
   vertex 38253.4023 28794.4375 31580.873
  endloop
 endfacet
facet normal -0.353028119 0.738086283 -0.574978054
  outer loop
   vertex 38256.0195 28702.9297 31461.7988
   vertex 38253.4023 28794.4375 31580.873
   vertex 38337.4375 28699.9023 31407.9238
  endloop
 endfacet
facet normal -0.582454741 0.550058603 -0.598483086
  outer loop
   vertex 38328.543 28590.0137 31315.582
   vertex 38203.4805 28588.4746 31435.8809
   vertex 38337.4375 28699.9023 31407.9238
  endloop
 endfacet
facet normal -0.546256423 0.56434232 -0.618968248
  outer loop
   vertex 38392.7031 28639.8555 31304.4023
   vertex 38328.543 28590.0137 31315.582
   vertex 38337.4375 28699.9023 31407.9238
  endloop
 endfacet
facet normal -0.362759471 0.708033383 -0.605883062
  outer loop
   vertex 38394.1914 28871.4785 31586.6074
   vertex 38431.2695 28816.4395 31500.0918
   vertex 38253.4023 28794.4375 31580.873
  endloop
 endfacet
facet normal 0.0246163886 0.928131878 -0.371436745
  outer loop
   vertex 38597.4531 28868.0273 31540.2285
   vertex 38765.8008 28874.666 31567.9746
   vertex 38692.0234 28825.2207 31439.5312
  endloop
 endfacet
facet normal -0.10342475 0.99462992 0.00382843195
  outer loop
   vertex 38440.7578 28904.8926 31624.709
   vertex 38378.8633 28898.3164 31661.3906
   vertex 38514.0664 28912.3359 31671.7207
  endloop
 endfacet
facet normal -0.0794914588 0.961221933 -0.264071107
  outer loop
   vertex 38514.0664 28912.3359 31671.7207
   vertex 38378.8633 28898.3164 31661.3906
   vertex 38364.9258 28939.0957 31814.0254
  endloop
 endfacet
facet normal -0.160407335 0.949852526 -0.268420756
  outer loop
   vertex 38304.2109 28896.248 31698.6836
   vertex 38364.9258 28939.0957 31814.0254
   vertex 38378.8633 28898.3164 31661.3906
  endloop
 endfacet
facet normal -0.185113937 0.839832842 -0.510307372
  outer loop
   vertex 38394.1914 28871.4785 31586.6074
   vertex 38440.7578 28904.8926 31624.709
   vertex 38475.1602 28886.918 31582.6465
  endloop
 endfacet
facet normal -0.179734826 0.793304265 -0.581690431
  outer loop
   vertex 38431.2695 28816.4395 31500.0918
   vertex 38394.1914 28871.4785 31586.6074
   vertex 38475.1602 28886.918 31582.6465
  endloop
 endfacet
facet normal 0.477435648 0.749549747 0.458508819
  outer loop
   vertex 39018.0039 28746.209 31791.1348
   vertex 39259.2578 28639.1855 31714.877
   vertex 39107.0039 28770.6602 31658.4863
  endloop
 endfacet
facet normal -0.105126604 0.799149334 -0.591868818
  outer loop
   vertex 38431.2695 28816.4395 31500.0918
   vertex 38597.4531 28868.0273 31540.2285
   vertex 38550.6055 28714.498 31341.252
  endloop
 endfacet
facet normal -0.252318591 0.717041016 -0.649759591
  outer loop
   vertex 38431.2695 28816.4395 31500.0918
   vertex 38550.6055 28714.498 31341.252
   vertex 38337.4375 28699.9023 31407.9238
  endloop
 endfacet
facet normal -0.0284179188 0.723851204 -0.689370632
  outer loop
   vertex 38910.5195 28647.5195 31212.6504
   vertex 38878.7227 28754.6133 31326.4121
   vertex 39076.5664 28727.0156 31289.2773
  endloop
 endfacet
facet normal -0.012518784 0.707373738 -0.706728876
  outer loop
   vertex 39083.4648 28551.1895 31113.1699
   vertex 38910.5195 28647.5195 31212.6504
   vertex 39076.5664 28727.0156 31289.2773
  endloop
 endfacet
facet normal 0.193327203 0.895151794 0.401656449
  outer loop
   vertex 40298.4922 28601.4766 31260.375
   vertex 40416.0938 28636.5176 31125.6738
   vertex 40183.0312 28638.293 31233.8984
  endloop
 endfacet
facet normal 0.273110837 0.907547116 0.319012076
  outer loop
   vertex 39322.0625 28736.5527 31544.9473
   vertex 39523.1875 28670.9668 31559.3457
   vertex 39567.1523 28704.1191 31427.3906
  endloop
 endfacet
facet normal 0.482754111 0.503551602 0.716508389
  outer loop
   vertex 39681.4648 28632.5 31479.7383
   vertex 39523.1875 28670.9668 31559.3457
   vertex 39636.6914 28563.0645 31558.7012
  endloop
 endfacet
facet normal 0.225174516 0.88473475 0.408094138
  outer loop
   vertex 39768.8164 28655.2578 31362.6895
   vertex 39967.1133 28631.6914 31304.3652
   vertex 39840.5859 28683.4082 31262.0625
  endloop
 endfacet
facet normal 0.0460278615 0.955112398 -0.29264614
  outer loop
   vertex 38514.0664 28912.3359 31671.7207
   vertex 38597.4531 28868.0273 31540.2285
   vertex 38475.1602 28886.918 31582.6465
  endloop
 endfacet
facet normal 0.378279537 0.831386447 0.40706414
  outer loop
   vertex 39018.0039 28746.209 31791.1348
   vertex 39107.0039 28770.6602 31658.4863
   vertex 38875.4844 28844.7734 31722.2695
  endloop
 endfacet
facet normal -0.297267467 0.94362998 -0.145583361
  outer loop
   vertex 38597.4531 28868.0273 31540.2285
   vertex 38665.1484 28906.2559 31649.791
   vertex 38680.1602 28901.2773 31586.8691
  endloop
 endfacet
facet normal 0.239089474 0.970923603 0.011984732
  outer loop
   vertex 39567.1523 28704.1191 31427.3906
   vertex 39768.8164 28655.2578 31362.6895
   vertex 39649.8008 28686.3711 31216.4082
  endloop
 endfacet
facet normal 0.338087052 0.843978941 0.416409314
  outer loop
   vertex 39567.1523 28704.1191 31427.3906
   vertex 39681.4648 28632.5 31479.7383
   vertex 39768.8164 28655.2578 31362.6895
  endloop
 endfacet
facet normal 0.406795084 0.839647949 0.359873652
  outer loop
   vertex 38830.5586 28793.9785 31891.5645
   vertex 39018.0039 28746.209 31791.1348
   vertex 38875.4844 28844.7734 31722.2695
  endloop
 endfacet
facet normal -0.234679803 0.795551777 -0.558589995
  outer loop
   vertex 38692.0234 28825.2207 31439.5312
   vertex 38550.6055 28714.498 31341.252
   vertex 38597.4531 28868.0273 31540.2285
  endloop
 endfacet
facet normal 0.370860904 0.875373423 0.310134739
  outer loop
   vertex 38830.5586 28793.9785 31891.5645
   vertex 38658.4062 28891.4512 31822.2988
   vertex 38605.6523 28817.0215 32095.4707
  endloop
 endfacet
facet normal 0.612368524 0.697673559 0.371828467
  outer loop
   vertex 38797.9648 28859.7207 31821.8906
   vertex 38830.5586 28793.9785 31891.5645
   vertex 38875.4844 28844.7734 31722.2695
  endloop
 endfacet
facet normal 0.0527206957 0.994774759 0.0874280706
  outer loop
   vertex 38514.0664 28912.3359 31671.7207
   vertex 38658.4062 28891.4512 31822.2988
   vertex 38665.1484 28906.2559 31649.791
  endloop
 endfacet
facet normal 0.0665274858 0.993905902 0.0878929272
  outer loop
   vertex 38658.4062 28891.4512 31822.2988
   vertex 38747.9844 28896.666 31695.5293
   vertex 38665.1484 28906.2559 31649.791
  endloop
 endfacet
facet normal -0.0152707556 0.917843521 -0.396648616
  outer loop
   vertex 39526.9766 28598.0059 31016.6582
   vertex 39327.8594 28669.2422 31189.1641
   vertex 39649.8008 28686.3711 31216.4082
  endloop
 endfacet
facet normal -0.136340797 0.986792862 -0.0874700993
  outer loop
   vertex 39941.25 28664.3516 30973.918
   vertex 39954.9961 28680.1738 31130.9844
   vertex 40061.7891 28681.0215 30974.0879
  endloop
 endfacet
facet normal -0.443271637 0.838588178 0.316670358
  outer loop
   vertex 39335.1133 28705.9512 31644.25
   vertex 39322.0625 28736.5527 31544.9473
   vertex 39259.2578 28639.1855 31714.877
  endloop
 endfacet
facet normal -0.0204689316 0.937440097 -0.347544312
  outer loop
   vertex 39327.8594 28669.2422 31189.1641
   vertex 39419.4414 28731.7363 31352.3379
   vertex 39649.8008 28686.3711 31216.4082
  endloop
 endfacet
facet normal 0.0319191962 0.89828223 -0.438258141
  outer loop
   vertex 39327.8594 28669.2422 31189.1641
   vertex 39076.5664 28727.0156 31289.2773
   vertex 39214.2695 28761.9746 31370.9629
  endloop
 endfacet
facet normal -0.0165656935 0.936261833 -0.350912213
  outer loop
   vertex 38692.0234 28825.2207 31439.5312
   vertex 38765.8008 28874.666 31567.9746
   vertex 38818.3945 28822.9238 31427.4375
  endloop
 endfacet
facet normal 0.295704842 0.955266058 -0.00504179066
  outer loop
   vertex 38765.8008 28874.666 31567.9746
   vertex 38680.1602 28901.2773 31586.8691
   vertex 38665.1484 28906.2559 31649.791
  endloop
 endfacet
facet normal 0.190312102 0.971547484 -0.140984908
  outer loop
   vertex 38765.8008 28874.666 31567.9746
   vertex 38665.1484 28906.2559 31649.791
   vertex 38747.9844 28896.666 31695.5293
  endloop
 endfacet
facet normal 0.145039827 0.943838239 0.296871811
  outer loop
   vertex 40416.0938 28636.5176 31125.6738
   vertex 40198.4648 28688.6465 31066.2676
   vertex 40183.0312 28638.293 31233.8984
  endloop
 endfacet
facet normal 0.381056964 0.858690977 0.342703015
  outer loop
   vertex 39681.4648 28632.5 31479.7383
   vertex 39567.1523 28704.1191 31427.3906
   vertex 39523.1875 28670.9668 31559.3457
  endloop
 endfacet
facet normal 0.0975016132 0.909899473 -0.40320766
  outer loop
   vertex 39327.8594 28669.2422 31189.1641
   vertex 39214.2695 28761.9746 31370.9629
   vertex 39419.4414 28731.7363 31352.3379
  endloop
 endfacet
facet normal 0.393384784 0.913627088 -0.102635279
  outer loop
   vertex 38875.4844 28844.7734 31722.2695
   vertex 38765.8008 28874.666 31567.9746
   vertex 38747.9844 28896.666 31695.5293
  endloop
 endfacet
facet normal 0.298373967 0.924393475 0.237633541
  outer loop
   vertex 39954.9961 28680.1738 31130.9844
   vertex 39840.5859 28683.4082 31262.0625
   vertex 39967.1133 28631.6914 31304.3652
  endloop
 endfacet
facet normal 0.138726398 0.59207207 0.793854952
  outer loop
   vertex 39864.6602 28492.873 31425.8027
   vertex 40144.1328 28547.7773 31336.0176
   vertex 39967.1133 28631.6914 31304.3652
  endloop
 endfacet
facet normal -0.0546389595 0.962684989 -0.265051216
  outer loop
   vertex 39954.9961 28680.1738 31130.9844
   vertex 39777.1641 28626.6504 30973.2383
   vertex 39649.8008 28686.3711 31216.4082
  endloop
 endfacet
facet normal -0.0425780378 0.969621897 0.240874469
  outer loop
   vertex 39840.5859 28683.4082 31262.0625
   vertex 39649.8008 28686.3711 31216.4082
   vertex 39768.8164 28655.2578 31362.6895
  endloop
 endfacet
facet normal -0.0346197262 0.851361215 -0.523436308
  outer loop
   vertex 38818.3945 28822.9238 31427.4375
   vertex 38730.25 28770.4688 31347.9492
   vertex 38692.0234 28825.2207 31439.5312
  endloop
 endfacet
facet normal -0.0404963642 0.998924255 -0.0225923378
  outer loop
   vertex 40198.4648 28688.6465 31066.2676
   vertex 40239.8594 28685.8516 30868.4902
   vertex 40061.7891 28681.0215 30974.0879
  endloop
 endfacet
facet normal 0.150166392 0.987332463 0.0512311645
  outer loop
   vertex 39214.2695 28761.9746 31370.9629
   vertex 39322.0625 28736.5527 31544.9473
   vertex 39419.4414 28731.7363 31352.3379
  endloop
 endfacet
facet normal 0.15666008 0.986145318 0.0545439497
  outer loop
   vertex 39322.0625 28736.5527 31544.9473
   vertex 39567.1523 28704.1191 31427.3906
   vertex 39419.4414 28731.7363 31352.3379
  endloop
 endfacet
facet normal 0.188146114 0.982100606 -0.00891192164
  outer loop
   vertex 39567.1523 28704.1191 31427.3906
   vertex 39649.8008 28686.3711 31216.4082
   vertex 39419.4414 28731.7363 31352.3379
  endloop
 endfacet
facet normal 0.151373595 0.790474772 -0.593494475
  outer loop
   vertex 39214.2695 28761.9746 31370.9629
   vertex 39076.5664 28727.0156 31289.2773
   vertex 39105.8594 28786.877 31376.4805
  endloop
 endfacet
facet normal 0.199693233 0.976164281 0.085005179
  outer loop
   vertex 39322.0625 28736.5527 31544.9473
   vertex 39021.3477 28804.0332 31476.4688
   vertex 39107.0039 28770.6602 31658.4863
  endloop
 endfacet
facet normal 0.00791474897 0.830558002 -0.556875944
  outer loop
   vertex 38730.25 28770.4688 31347.9492
   vertex 38818.3945 28822.9238 31427.4375
   vertex 38878.7227 28754.6133 31326.4121
  endloop
 endfacet
facet normal 0.193283841 0.862463117 -0.467759281
  outer loop
   vertex 38818.3945 28822.9238 31427.4375
   vertex 39021.3477 28804.0332 31476.4688
   vertex 38878.7227 28754.6133 31326.4121
  endloop
 endfacet
facet normal 0.0612552352 0.929274678 -0.364275187
  outer loop
   vertex 39076.5664 28727.0156 31289.2773
   vertex 38878.7227 28754.6133 31326.4121
   vertex 39021.3477 28804.0332 31476.4688
  endloop
 endfacet
facet normal -0.358121067 0.821533084 -0.443658322
  outer loop
   vertex 39105.8594 28786.877 31376.4805
   vertex 39076.5664 28727.0156 31289.2773
   vertex 39021.3477 28804.0332 31476.4688
  endloop
 endfacet
facet normal 0.584540725 0.798355877 -0.144706756
  outer loop
   vertex 37938.582 29127.041 32306.5762
   vertex 37888.707 29193.9941 32474.4805
   vertex 37998.8789 29121.8516 32521.5039
  endloop
 endfacet
facet normal 0.311620504 0.949808657 0.0274986606
  outer loop
   vertex 38875.4844 28844.7734 31722.2695
   vertex 39107.0039 28770.6602 31658.4863
   vertex 39021.3477 28804.0332 31476.4688
  endloop
 endfacet
facet normal 0.265711129 0.964050412 -0.00210502977
  outer loop
   vertex 38765.8008 28874.666 31567.9746
   vertex 38875.4844 28844.7734 31722.2695
   vertex 39021.3477 28804.0332 31476.4688
  endloop
 endfacet
facet normal 0.157644629 0.944354117 -0.288692713
  outer loop
   vertex 38818.3945 28822.9238 31427.4375
   vertex 38765.8008 28874.666 31567.9746
   vertex 39021.3477 28804.0332 31476.4688
  endloop
 endfacet
facet normal -0.0511983149 0.964271426 0.25992173
  outer loop
   vertex 36912.8477 29258.2832 33495
   vertex 36839.4062 29241.623 33542.3359
   vertex 36891.7656 29229.1484 33598.9297
  endloop
 endfacet
facet normal 0.0366685763 0.960278034 0.276625156
  outer loop
   vertex 36912.8477 29258.2832 33495
   vertex 36891.7656 29229.1484 33598.9297
   vertex 36966.6641 29232.4922 33577.3945
  endloop
 endfacet
facet normal -0.308168083 0.801638246 -0.512258351
  outer loop
   vertex 37262.2422 29111.291 32341.0664
   vertex 37058.6836 29042.9551 32356.584
   vertex 37061.3086 29078.4941 32410.6211
  endloop
 endfacet
facet normal -0.30160144 0.831331789 -0.46682331
  outer loop
   vertex 37262.2422 29111.291 32341.0664
   vertex 37086.5586 29142.8828 32510.8281
   vertex 37244.6562 29240.1641 32581.9238
  endloop
 endfacet
facet normal -0.296432883 0.835712731 -0.462289691
  outer loop
   vertex 37061.3086 29078.4941 32410.6211
   vertex 37086.5586 29142.8828 32510.8281
   vertex 37262.2422 29111.291 32341.0664
  endloop
 endfacet
facet normal -0.562805176 0.345989585 -0.750694036
  outer loop
   vertex 37816.9883 28490.75 31686.9902
   vertex 37804.9648 28711.2949 31797.6543
   vertex 38008.707 28633.3574 31608.9824
  endloop
 endfacet
facet normal -0.457828909 0.577536225 -0.675902784
  outer loop
   vertex 38253.4023 28794.4375 31580.873
   vertex 38008.707 28633.3574 31608.9824
   vertex 38039.2188 28844.6289 31768.8398
  endloop
 endfacet
facet normal -0.308295786 0.771039248 -0.557182372
  outer loop
   vertex 38253.4023 28794.4375 31580.873
   vertex 38039.2188 28844.6289 31768.8398
   vertex 38218.3164 28900.9941 31747.7422
  endloop
 endfacet
facet normal -0.275349647 0.782933831 -0.55785054
  outer loop
   vertex 38253.4023 28794.4375 31580.873
   vertex 38218.3164 28900.9941 31747.7422
   vertex 38304.2109 28896.248 31698.6836
  endloop
 endfacet
facet normal -0.542347193 0.394122869 -0.741974831
  outer loop
   vertex 38050.4961 28485.3223 31499.8027
   vertex 37940.7734 28476.9355 31575.5527
   vertex 38008.707 28633.3574 31608.9824
  endloop
 endfacet
facet normal -0.460600019 0.582880259 -0.669401348
  outer loop
   vertex 38203.4805 28588.4746 31435.8809
   vertex 38008.707 28633.3574 31608.9824
   vertex 38253.4023 28794.4375 31580.873
  endloop
 endfacet
facet normal -0.563407719 0.381447881 -0.732850075
  outer loop
   vertex 38203.4805 28588.4746 31435.8809
   vertex 38050.4961 28485.3223 31499.8027
   vertex 38008.707 28633.3574 31608.9824
  endloop
 endfacet
facet normal -0.586487651 0.404669553 -0.701622963
  outer loop
   vertex 37816.9883 28490.75 31686.9902
   vertex 38008.707 28633.3574 31608.9824
   vertex 37940.7734 28476.9355 31575.5527
  endloop
 endfacet
facet normal -0.36418438 0.653042078 -0.664007366
  outer loop
   vertex 37121.1211 28925.5488 32235.7891
   vertex 37262.2422 29111.291 32341.0664
   vertex 37317.4531 28939.957 32142.2793
  endloop
 endfacet
facet normal -0.587986231 -0.124000661 -0.799309731
  outer loop
   vertex 37038.3047 28837.3262 32243.2363
   vertex 37087.1484 28837.0449 32207.3477
   vertex 37076.5508 28748.7031 32228.8496
  endloop
 endfacet
facet normal -0.606404841 0.224562675 -0.762787461
  outer loop
   vertex 37443.6523 28650.291 32007.6133
   vertex 37327.5352 28654.5918 32101.1914
   vertex 37494.7656 28861.9512 32029.291
  endloop
 endfacet
facet normal -0.422487646 0.0265895054 -0.90597856
  outer loop
   vertex 37327.5352 28654.5918 32101.1914
   vertex 37244.6289 28774.3398 32143.3672
   vertex 37494.7656 28861.9512 32029.291
  endloop
 endfacet
facet normal -0.390158474 0.79597491 -0.462817788
  outer loop
   vertex 37441.4805 29239.7266 32410.8535
   vertex 37459.418 29201.7637 32330.4434
   vertex 37262.2422 29111.291 32341.0664
  endloop
 endfacet
facet normal -0.498718679 0.111417942 -0.859573007
  outer loop
   vertex 37420.3281 28959.6875 32085.1484
   vertex 37494.7656 28861.9512 32029.291
   vertex 37317.4531 28939.957 32142.2793
  endloop
 endfacet
facet normal -0.463299006 0.198039204 -0.863790751
  outer loop
   vertex 37244.6289 28774.3398 32143.3672
   vertex 37317.4531 28939.957 32142.2793
   vertex 37494.7656 28861.9512 32029.291
  endloop
 endfacet
facet normal -0.782007635 -0.0102424016 -0.623184681
  outer loop
   vertex 36775.1875 28712.7441 32507.1895
   vertex 36719.5898 28694.7129 32577.2578
   vertex 36744.5 28824.4395 32543.8652
  endloop
 endfacet
facet normal -0.126996309 0.925846815 -0.355920792
  outer loop
   vertex 37565.4219 29233.9277 32376.2852
   vertex 37550.625 29202.2773 32299.2363
   vertex 37459.418 29201.7637 32330.4434
  endloop
 endfacet
facet normal -0.0809446052 0.894230723 -0.440226495
  outer loop
   vertex 37441.4805 29239.7266 32410.8535
   vertex 37565.4219 29233.9277 32376.2852
   vertex 37459.418 29201.7637 32330.4434
  endloop
 endfacet
facet normal -0.663824379 -0.142352059 -0.734215975
  outer loop
   vertex 37076.5508 28748.7031 32228.8496
   vertex 37059.7969 28666.8789 32259.8633
   vertex 36986.7148 28672.0098 32324.9434
  endloop
 endfacet
facet normal -0.797926366 0.17218253 -0.577638865
  outer loop
   vertex 36642.7617 28885.2676 32702.5352
   vertex 36744.5 28824.4395 32543.8652
   vertex 36638.4023 28748.1309 32667.6758
  endloop
 endfacet
facet normal -0.859732211 0.490674168 -0.141772449
  outer loop
   vertex 36744.5 28824.4395 32543.8652
   vertex 36813.7852 28937.832 32516.1465
   vertex 36782.0547 28875.6641 32493.416
  endloop
 endfacet
facet normal -0.732124329 0.013057542 -0.68104589
  outer loop
   vertex 36966.707 28787.9141 32304.2539
   vertex 36857.0156 28741.5762 32421.2852
   vertex 36909.1953 28854.9121 32367.3633
  endloop
 endfacet
facet normal -0.725604892 0.00670975167 -0.68807888
  outer loop
   vertex 36909.1953 28854.9121 32367.3633
   vertex 36857.0156 28741.5762 32421.2852
   vertex 36831.2695 28868.8945 32449.6777
  endloop
 endfacet
facet normal -0.735981166 0.00214059697 -0.676998615
  outer loop
   vertex 36857.0156 28741.5762 32421.2852
   vertex 36744.5 28824.4395 32543.8652
   vertex 36831.2695 28868.8945 32449.6777
  endloop
 endfacet
facet normal -0.728027165 0.0249185357 -0.685095251
  outer loop
   vertex 36775.1875 28712.7441 32507.1895
   vertex 36744.5 28824.4395 32543.8652
   vertex 36857.0156 28741.5762 32421.2852
  endloop
 endfacet
facet normal -0.589400291 0.430886775 -0.68333292
  outer loop
   vertex 36727.9766 29028.6953 32676.3516
   vertex 36771.6289 29043.5391 32648.0605
   vertex 36743.0586 28976.8086 32630.623
  endloop
 endfacet
facet normal -0.612719357 0.769508719 -0.180087194
  outer loop
   vertex 36767.3477 29065.5254 32699.7656
   vertex 36727.9766 29028.6953 32676.3516
   vertex 36686.8438 29016.5586 32764.4375
  endloop
 endfacet
facet normal -0.780297697 0.177247033 -0.599765778
  outer loop
   vertex 36638.4023 28748.1309 32667.6758
   vertex 36551.4531 28805.4277 32797.7305
   vertex 36642.7617 28885.2676 32702.5352
  endloop
 endfacet
facet normal -0.814049721 0.353232771 -0.461031079
  outer loop
   vertex 36456.8516 28864.4082 33009.9648
   vertex 36571.6133 28937.3477 32863.2109
   vertex 36551.4531 28805.4277 32797.7305
  endloop
 endfacet
facet normal -0.87532413 0.19234778 -0.443632722
  outer loop
   vertex 36456.8516 28864.4082 33009.9648
   vertex 36551.4531 28805.4277 32797.7305
   vertex 36502.2344 28699.4785 32848.9062
  endloop
 endfacet
facet normal -0.805528164 0.413537025 -0.424395442
  outer loop
   vertex 36456.8516 28864.4082 33009.9648
   vertex 36538.7891 28962.6484 32950.1641
   vertex 36571.6133 28937.3477 32863.2109
  endloop
 endfacet
facet normal -0.267820507 0.620995939 -0.736638486
  outer loop
   vertex 37121.1211 28925.5488 32235.7891
   vertex 37056.7188 28999.9824 32321.9551
   vertex 37262.2422 29111.291 32341.0664
  endloop
 endfacet
facet normal -0.753435194 0.319954723 -0.57442528
  outer loop
   vertex 36813.7852 28937.832 32516.1465
   vertex 36744.5 28824.4395 32543.8652
   vertex 36743.0586 28976.8086 32630.623
  endloop
 endfacet
facet normal -0.73778075 0.474226713 -0.480404645
  outer loop
   vertex 36571.6133 28937.3477 32863.2109
   vertex 36686.8438 29016.5586 32764.4375
   vertex 36642.7617 28885.2676 32702.5352
  endloop
 endfacet
facet normal -0.805449665 0.357652754 -0.472583711
  outer loop
   vertex 36571.6133 28937.3477 32863.2109
   vertex 36642.7617 28885.2676 32702.5352
   vertex 36551.4531 28805.4277 32797.7305
  endloop
 endfacet
facet normal -0.571619451 0.698016346 -0.431305468
  outer loop
   vertex 37061.3086 29078.4941 32410.6211
   vertex 37058.6836 29042.9551 32356.584
   vertex 36952.7969 28988.5371 32408.8496
  endloop
 endfacet
facet normal -0.53014791 0.825619996 -0.193118677
  outer loop
   vertex 36850.8125 29265.334 33206.0156
   vertex 36928.8984 29297.082 33127.3789
   vertex 36851.8281 29224.7578 33029.7578
  endloop
 endfacet
facet normal -0.404000163 0.890930653 -0.207428038
  outer loop
   vertex 36850.8125 29265.334 33206.0156
   vertex 36851.8281 29224.7578 33029.7578
   vertex 36732.0469 29191.8281 33121.6172
  endloop
 endfacet
facet normal -0.7557531 0.469162017 -0.456863523
  outer loop
   vertex 36686.8438 29016.5586 32764.4375
   vertex 36743.0586 28976.8086 32630.623
   vertex 36642.7617 28885.2676 32702.5352
  endloop
 endfacet
facet normal -0.730840445 0.332500249 -0.596083701
  outer loop
   vertex 36642.7617 28885.2676 32702.5352
   vertex 36743.0586 28976.8086 32630.623
   vertex 36744.5 28824.4395 32543.8652
  endloop
 endfacet
facet normal -0.906840444 0.0977010578 -0.409993738
  outer loop
   vertex 36743.0586 28976.8086 32630.623
   vertex 36686.8438 29016.5586 32764.4375
   vertex 36727.9766 29028.6953 32676.3516
  endloop
 endfacet
facet normal -0.41422677 0.856618702 -0.307604522
  outer loop
   vertex 36851.8281 29224.7578 33029.7578
   vertex 36928.8984 29297.082 33127.3789
   vertex 36969.6562 29287.4824 33045.7617
  endloop
 endfacet
facet normal -0.61165911 0.77090317 -0.177711561
  outer loop
   vertex 36767.3477 29065.5254 32699.7656
   vertex 36686.8438 29016.5586 32764.4375
   vertex 36809.8867 29129.0859 32829.0859
  endloop
 endfacet
facet normal -0.448205233 0.82103169 -0.353580356
  outer loop
   vertex 37086.5586 29142.8828 32510.8281
   vertex 36901.707 29089.5957 32621.4141
   vertex 37095.7812 29215.4336 32667.6035
  endloop
 endfacet
facet normal -0.667997301 0.41063261 -0.620612979
  outer loop
   vertex 36996.3516 28898.6426 32302.4883
   vertex 36909.1953 28854.9121 32367.3633
   vertex 36952.7969 28988.5371 32408.8496
  endloop
 endfacet
facet normal -0.639653862 0.159258664 -0.751983762
  outer loop
   vertex 36966.707 28787.9141 32304.2539
   vertex 36909.1953 28854.9121 32367.3633
   vertex 36996.3516 28898.6426 32302.4883
  endloop
 endfacet
facet normal -0.439897984 0.833812714 -0.333535761
  outer loop
   vertex 36990.8711 29079.9102 32479.6016
   vertex 36901.707 29089.5957 32621.4141
   vertex 37086.5586 29142.8828 32510.8281
  endloop
 endfacet
facet normal -0.377245963 0.840610802 -0.388663113
  outer loop
   vertex 36767.3477 29065.5254 32699.7656
   vertex 36901.707 29089.5957 32621.4141
   vertex 36771.6289 29043.5391 32648.0605
  endloop
 endfacet
facet normal -0.506033123 0.777862549 -0.372639656
  outer loop
   vertex 36727.9766 29028.6953 32676.3516
   vertex 36767.3477 29065.5254 32699.7656
   vertex 36771.6289 29043.5391 32648.0605
  endloop
 endfacet
facet normal -0.308350056 0.361888915 -0.879748046
  outer loop
   vertex 36743.0586 28976.8086 32630.623
   vertex 36771.6289 29043.5391 32648.0605
   vertex 36901.707 29089.5957 32621.4141
  endloop
 endfacet
facet normal -0.507693529 0.669891238 -0.541749954
  outer loop
   vertex 36901.707 29089.5957 32621.4141
   vertex 36813.7852 28937.832 32516.1465
   vertex 36743.0586 28976.8086 32630.623
  endloop
 endfacet
facet normal -0.527056396 0.646627069 -0.551438987
  outer loop
   vertex 36990.8711 29079.9102 32479.6016
   vertex 37061.3086 29078.4941 32410.6211
   vertex 36952.7969 28988.5371 32408.8496
  endloop
 endfacet
facet normal -0.397812903 0.814181685 -0.422910243
  outer loop
   vertex 36990.8711 29079.9102 32479.6016
   vertex 37086.5586 29142.8828 32510.8281
   vertex 37061.3086 29078.4941 32410.6211
  endloop
 endfacet
facet normal -0.626482546 0.410177767 -0.662777364
  outer loop
   vertex 36831.2695 28868.8945 32449.6777
   vertex 36952.7969 28988.5371 32408.8496
   vertex 36909.1953 28854.9121 32367.3633
  endloop
 endfacet
facet normal -0.643725216 0.44026804 -0.625924826
  outer loop
   vertex 36831.2695 28868.8945 32449.6777
   vertex 36813.7852 28937.832 32516.1465
   vertex 36952.7969 28988.5371 32408.8496
  endloop
 endfacet
facet normal -0.646617591 0.616893232 -0.448696375
  outer loop
   vertex 36901.707 29089.5957 32621.4141
   vertex 36990.8711 29079.9102 32479.6016
   vertex 36952.7969 28988.5371 32408.8496
  endloop
 endfacet
facet normal -0.594315171 0.661530375 -0.45734781
  outer loop
   vertex 36813.7852 28937.832 32516.1465
   vertex 36901.707 29089.5957 32621.4141
   vertex 36952.7969 28988.5371 32408.8496
  endloop
 endfacet
facet normal -0.49863869 0.85904026 -0.115798675
  outer loop
   vertex 37058.6836 29042.9551 32356.584
   vertex 37010.3438 29014.1074 32350.7344
   vertex 36952.7969 28988.5371 32408.8496
  endloop
 endfacet
facet normal -0.31452322 0.85791862 -0.406264395
  outer loop
   vertex 37374.7969 29254.8066 32494.3223
   vertex 37458.3906 29280.6387 32484.1602
   vertex 37441.4805 29239.7266 32410.8535
  endloop
 endfacet
facet normal -0.506110013 0.241315782 -0.828021348
  outer loop
   vertex 37420.3281 28959.6875 32085.1484
   vertex 37317.4531 28939.957 32142.2793
   vertex 37403.2305 28982.9297 32102.373
  endloop
 endfacet
facet normal -0.222984463 0.735662878 -0.639592111
  outer loop
   vertex 37489.7461 29152.373 32263.0586
   vertex 37459.418 29201.7637 32330.4434
   vertex 37550.625 29202.2773 32299.2363
  endloop
 endfacet
facet normal -0.393008351 0.797346056 -0.458021522
  outer loop
   vertex 37262.2422 29111.291 32341.0664
   vertex 37374.7969 29254.8066 32494.3223
   vertex 37441.4805 29239.7266 32410.8535
  endloop
 endfacet
facet normal -0.37554577 0.439062297 -0.816204429
  outer loop
   vertex 37653.7734 28942.1406 31999.2676
   vertex 37655.043 28912.2324 31982.5938
   vertex 37494.7656 28861.9512 32029.291
  endloop
 endfacet
facet normal -0.375074416 0.435674995 -0.818233788
  outer loop
   vertex 37653.5859 28807.4258 31927.457
   vertex 37494.7656 28861.9512 32029.291
   vertex 37655.043 28912.2324 31982.5938
  endloop
 endfacet
facet normal -0.427692026 0.327646852 -0.842453003
  outer loop
   vertex 37653.5859 28807.4258 31927.457
   vertex 37537.4688 28695.4668 31942.8633
   vertex 37494.7656 28861.9512 32029.291
  endloop
 endfacet
facet normal -0.399098665 0.494599849 -0.772069454
  outer loop
   vertex 37614.2188 28969.9746 32036.7461
   vertex 37645.5781 28953.7871 32010.166
   vertex 37494.7656 28861.9512 32029.291
  endloop
 endfacet
facet normal -0.386878937 0.470112234 -0.793296397
  outer loop
   vertex 37645.5781 28953.7871 32010.166
   vertex 37653.7734 28942.1406 31999.2676
   vertex 37494.7656 28861.9512 32029.291
  endloop
 endfacet
facet normal -0.624943137 0.227403656 -0.746815681
  outer loop
   vertex 37537.4688 28695.4668 31942.8633
   vertex 37443.6523 28650.291 32007.6133
   vertex 37494.7656 28861.9512 32029.291
  endloop
 endfacet
facet normal -0.418808609 0.392581314 -0.818827987
  outer loop
   vertex 37158.9102 28844.3652 32177.5371
   vertex 37121.1211 28925.5488 32235.7891
   vertex 37317.4531 28939.957 32142.2793
  endloop
 endfacet
facet normal -0.495373219 0.43905881 -0.749555051
  outer loop
   vertex 37121.1211 28925.5488 32235.7891
   vertex 36996.3516 28898.6426 32302.4883
   vertex 37056.7188 28999.9824 32321.9551
  endloop
 endfacet
facet normal -0.497573584 0.402216285 -0.768532753
  outer loop
   vertex 37121.1211 28925.5488 32235.7891
   vertex 37038.3047 28837.3262 32243.2363
   vertex 36996.3516 28898.6426 32302.4883
  endloop
 endfacet
facet normal -0.274721324 0.61091584 -0.74250257
  outer loop
   vertex 37010.3438 29014.1074 32350.7344
   vertex 37058.6836 29042.9551 32356.584
   vertex 37056.7188 28999.9824 32321.9551
  endloop
 endfacet
facet normal -0.568568051 -0.379349411 -0.729948223
  outer loop
   vertex 36952.7969 28988.5371 32408.8496
   vertex 37010.3438 29014.1074 32350.7344
   vertex 37056.7188 28999.9824 32321.9551
  endloop
 endfacet
facet normal -0.593812466 0.478035688 -0.647200644
  outer loop
   vertex 36996.3516 28898.6426 32302.4883
   vertex 36952.7969 28988.5371 32408.8496
   vertex 37056.7188 28999.9824 32321.9551
  endloop
 endfacet
facet normal 0.0187879447 0.976937652 -0.212696537
  outer loop
   vertex 44178.7305 29092.5762 28525.5996
   vertex 44125.1406 29144.8066 28760.7656
   vertex 44293.2227 29111.627 28623.2207
  endloop
 endfacet
facet normal 0.222921759 0.969198823 0.104687542
  outer loop
   vertex 43631.4219 29260.0801 29080.4648
   vertex 43829.0898 29209.4414 29128.3555
   vertex 43783.918 29237.5195 28964.6074
  endloop
 endfacet
facet normal -0.214926645 0.972028971 0.0946900472
  outer loop
   vertex 43360.1484 29274.0957 29505.9297
   vertex 43320.9141 29269.957 29459.377
   vertex 43325.8945 29263.9102 29532.7402
  endloop
 endfacet
facet normal 0.336172789 0.874952376 0.348491311
  outer loop
   vertex 43829.0898 29209.4414 29128.3555
   vertex 43569.7969 29255.6738 29262.4082
   vertex 43714.8828 29167.6855 29343.3652
  endloop
 endfacet
facet normal 0.453893721 0.823185325 0.341095895
  outer loop
   vertex 44008.8047 29189.8184 28990.3867
   vertex 44168.1875 29094.5098 29008.3145
   vertex 44159.9297 29140.4219 28908.498
  endloop
 endfacet
facet normal -0.14328073 0.903426051 -0.404094011
  outer loop
   vertex 43607.0898 29121.9941 28719.2598
   vertex 43817.5078 29182.0684 28778.957
   vertex 43764.9961 29103.4238 28621.752
  endloop
 endfacet
facet normal 0.0922836959 0.932430267 -0.349367321
  outer loop
   vertex 43817.5078 29182.0684 28778.957
   vertex 43928.1016 29216.2305 28899.3457
   vertex 44125.1406 29144.8066 28760.7656
  endloop
 endfacet
facet normal 0.0984702483 0.952933252 -0.286743581
  outer loop
   vertex 43817.5078 29182.0684 28778.957
   vertex 44125.1406 29144.8066 28760.7656
   vertex 43924.7109 29116.5332 28597.9746
  endloop
 endfacet
facet normal -0.116996646 0.875570357 -0.46870926
  outer loop
   vertex 43591.0898 29217.5195 28901.6973
   vertex 43817.5078 29182.0684 28778.957
   vertex 43607.0898 29121.9941 28719.2598
  endloop
 endfacet
facet normal -0.120501541 0.948759377 -0.292121589
  outer loop
   vertex 44110.5508 29052.373 28423.1504
   vertex 43961.9531 29044.5039 28458.8945
   vertex 44178.7305 29092.5762 28525.5996
  endloop
 endfacet
facet normal 0.316654295 0.647124946 0.693512321
  outer loop
   vertex 43991.6758 29145.2539 29114.0156
   vertex 43948.2227 29201.1504 29081.6973
   vertex 43829.0898 29209.4414 29128.3555
  endloop
 endfacet
facet normal -0.0249209497 0.937884986 -0.346050084
  outer loop
   vertex 43455.0039 29254.502 29078.0547
   vertex 43543.9922 29282.6133 29147.834
   vertex 43631.4219 29260.0801 29080.4648
  endloop
 endfacet
facet normal -0.027702678 0.973826706 -0.225597247
  outer loop
   vertex 43591.0898 29217.5195 28901.6973
   vertex 43455.0039 29254.502 29078.0547
   vertex 43631.4219 29260.0801 29080.4648
  endloop
 endfacet
facet normal 0.818748534 0.347837746 0.456792861
  outer loop
   vertex 43378.1719 29119.1895 29666.6113
   vertex 43421.4375 29227.5117 29506.584
   vertex 43373.4531 29201.5859 29612.332
  endloop
 endfacet
facet normal -0.232099101 0.96890521 -0.085747987
  outer loop
   vertex 43320.9141 29269.957 29459.377
   vertex 43211.1289 29232.3262 29331.3496
   vertex 43208.3594 29249.5586 29533.5488
  endloop
 endfacet
facet normal 0.0130058108 0.958734334 -0.28400591
  outer loop
   vertex 43817.5078 29182.0684 28778.957
   vertex 43783.918 29237.5195 28964.6074
   vertex 43928.1016 29216.2305 28899.3457
  endloop
 endfacet
facet normal 0.412603766 0.908200562 -0.0702132583
  outer loop
   vertex 44125.1406 29144.8066 28760.7656
   vertex 44159.9297 29140.4219 28908.498
   vertex 44324.0898 29061.8359 28856.6816
  endloop
 endfacet
facet normal -0.00567791471 0.957874835 -0.287129968
  outer loop
   vertex 43591.0898 29217.5195 28901.6973
   vertex 43783.918 29237.5195 28964.6074
   vertex 43817.5078 29182.0684 28778.957
  endloop
 endfacet
facet normal 0.343218237 0.882500112 0.321550697
  outer loop
   vertex 44008.8047 29189.8184 28990.3867
   vertex 43891.4453 29232.873 28997.4902
   vertex 43829.0898 29209.4414 29128.3555
  endloop
 endfacet
facet normal 0.0281941816 0.99410826 -0.104660489
  outer loop
   vertex 43948.2227 29201.1504 29081.6973
   vertex 44008.8047 29189.8184 28990.3867
   vertex 43829.0898 29209.4414 29128.3555
  endloop
 endfacet
facet normal -0.129960462 0.876114666 -0.46425575
  outer loop
   vertex 43840.1719 29060.9961 28516.834
   vertex 43800.9453 29072.709 28549.9199
   vertex 43924.7109 29116.5332 28597.9746
  endloop
 endfacet
facet normal -0.00992780738 0.985107422 0.171653181
  outer loop
   vertex 43891.4453 29232.873 28997.4902
   vertex 43783.918 29237.5195 28964.6074
   vertex 43829.0898 29209.4414 29128.3555
  endloop
 endfacet
facet normal 0.490354419 0.806470275 0.33039099
  outer loop
   vertex 44168.1875 29094.5098 29008.3145
   vertex 44324.0898 29061.8359 28856.6816
   vertex 44159.9297 29140.4219 28908.498
  endloop
 endfacet
facet normal 0.329423517 0.944007695 -0.0181559734
  outer loop
   vertex 44008.8047 29189.8184 28990.3867
   vertex 44125.1406 29144.8066 28760.7656
   vertex 43928.1016 29216.2305 28899.3457
  endloop
 endfacet
facet normal 0.340258956 0.72921437 0.593692064
  outer loop
   vertex 43883.0234 29050.8887 29292.1914
   vertex 43991.6758 29145.2539 29114.0156
   vertex 43829.0898 29209.4414 29128.3555
  endloop
 endfacet
facet normal -0.134737357 0.903453469 -0.40696156
  outer loop
   vertex 43924.7109 29116.5332 28597.9746
   vertex 43764.9961 29103.4238 28621.752
   vertex 43817.5078 29182.0684 28778.957
  endloop
 endfacet
facet normal 0.101435654 0.901284754 -0.421184748
  outer loop
   vertex 44236.1133 29023.502 28391.6113
   vertex 44110.5508 29052.373 28423.1504
   vertex 44178.7305 29092.5762 28525.5996
  endloop
 endfacet
facet normal 0.0012558921 0.885953069 -0.463773221
  outer loop
   vertex 43607.0898 29121.9941 28719.2598
   vertex 43518.5977 29174.3359 28819.0098
   vertex 43591.0898 29217.5195 28901.6973
  endloop
 endfacet
facet normal -0.0900236964 0.913010418 -0.397879034
  outer loop
   vertex 43518.5977 29174.3359 28819.0098
   vertex 43484.793 29189.623 28861.7344
   vertex 43591.0898 29217.5195 28901.6973
  endloop
 endfacet
facet normal -0.162314638 0.957876444 -0.236910656
  outer loop
   vertex 43484.793 29189.623 28861.7344
   vertex 43436.6484 29198.8418 28931.9922
   vertex 43591.0898 29217.5195 28901.6973
  endloop
 endfacet
facet normal -0.139113352 0.883458495 -0.447379619
  outer loop
   vertex 43800.9453 29072.709 28549.9199
   vertex 43764.9961 29103.4238 28621.752
   vertex 43924.7109 29116.5332 28597.9746
  endloop
 endfacet
facet normal -0.197418839 0.709156811 -0.676847398
  outer loop
   vertex 43261.3477 29153.5918 29028.8105
   vertex 43345.3594 29233.7793 29088.3203
   vertex 43455.0039 29254.502 29078.0547
  endloop
 endfacet
facet normal -0.38456431 0.877634883 -0.286124617
  outer loop
   vertex 43436.6484 29198.8418 28931.9922
   vertex 43261.3477 29153.5918 29028.8105
   vertex 43455.0039 29254.502 29078.0547
  endloop
 endfacet
facet normal -0.177018821 0.926887691 -0.330973625
  outer loop
   vertex 43591.0898 29217.5195 28901.6973
   vertex 43436.6484 29198.8418 28931.9922
   vertex 43455.0039 29254.502 29078.0547
  endloop
 endfacet
facet normal -0.198485702 0.964883924 -0.172053561
  outer loop
   vertex 43345.3594 29233.7793 29088.3203
   vertex 43327.4844 29245.1191 29172.5391
   vertex 43455.0039 29254.502 29078.0547
  endloop
 endfacet
facet normal 0.59810853 0.665241361 0.446900636
  outer loop
   vertex 43883.0234 29050.8887 29292.1914
   vertex 43829.0898 29209.4414 29128.3555
   vertex 43714.8828 29167.6855 29343.3652
  endloop
 endfacet
facet normal 0.0324300043 0.977237582 -0.20965445
  outer loop
   vertex 44125.1406 29144.8066 28760.7656
   vertex 44178.7305 29092.5762 28525.5996
   vertex 43924.7109 29116.5332 28597.9746
  endloop
 endfacet
facet normal 0.849660337 0.304955602 0.430208564
  outer loop
   vertex 43677.2266 29154.5176 29427.0684
   vertex 43683.3125 29072.3203 29473.3105
   vertex 43714.8828 29167.6855 29343.3652
  endloop
 endfacet
facet normal -0.0273836832 0.973819435 -0.225667506
  outer loop
   vertex 43783.918 29237.5195 28964.6074
   vertex 43591.0898 29217.5195 28901.6973
   vertex 43631.4219 29260.0801 29080.4648
  endloop
 endfacet
facet normal 0.578847229 0.583943725 0.56916213
  outer loop
   vertex 43683.3125 29072.3203 29473.3105
   vertex 43883.0234 29050.8887 29292.1914
   vertex 43714.8828 29167.6855 29343.3652
  endloop
 endfacet
facet normal 0.413094759 0.660335362 0.627144277
  outer loop
   vertex 43608.6328 29175.6465 29437.8887
   vertex 43421.4375 29227.5117 29506.584
   vertex 43545.5039 29090.4707 29569.1543
  endloop
 endfacet
facet normal 0.52599591 0.684906185 -0.504214108
  outer loop
   vertex 43360.1484 29274.0957 29505.9297
   vertex 43421.4375 29227.5117 29506.584
   vertex 43320.9141 29269.957 29459.377
  endloop
 endfacet
facet normal 0.408564597 0.547758341 0.730093002
  outer loop
   vertex 43325.8945 29263.9102 29532.7402
   vertex 43421.4375 29227.5117 29506.584
   vertex 43360.1484 29274.0957 29505.9297
  endloop
 endfacet
facet normal 0.280359775 0.486347228 0.827565551
  outer loop
   vertex 43683.3125 29072.3203 29473.3105
   vertex 43677.2266 29154.5176 29427.0684
   vertex 43608.6328 29175.6465 29437.8887
  endloop
 endfacet
facet normal 0.513279855 0.585952222 0.627059639
  outer loop
   vertex 43545.5039 29090.4707 29569.1543
   vertex 43683.3125 29072.3203 29473.3105
   vertex 43608.6328 29175.6465 29437.8887
  endloop
 endfacet
facet normal 0.32307896 0.901738763 0.287205875
  outer loop
   vertex 43714.8828 29167.6855 29343.3652
   vertex 43608.6328 29175.6465 29437.8887
   vertex 43677.2266 29154.5176 29427.0684
  endloop
 endfacet
facet normal 0.352744848 0.878380835 0.322518528
  outer loop
   vertex 43714.8828 29167.6855 29343.3652
   vertex 43569.7969 29255.6738 29262.4082
   vertex 43608.6328 29175.6465 29437.8887
  endloop
 endfacet
facet normal -0.204501346 0.976273835 -0.0711939037
  outer loop
   vertex 43327.4844 29245.1191 29172.5391
   vertex 43211.1289 29232.3262 29331.3496
   vertex 43385.2734 29268.2246 29323.3809
  endloop
 endfacet
facet normal -0.205482483 0.972501099 -0.109629385
  outer loop
   vertex 43320.9141 29269.957 29459.377
   vertex 43385.2734 29268.2246 29323.3809
   vertex 43211.1289 29232.3262 29331.3496
  endloop
 endfacet
facet normal -0.254524767 0.965751052 -0.0504181534
  outer loop
   vertex 43450.7344 29279.084 29200.9316
   vertex 43327.4844 29245.1191 29172.5391
   vertex 43385.2734 29268.2246 29323.3809
  endloop
 endfacet
facet normal 0.129212156 0.973098576 0.190744311
  outer loop
   vertex 43569.7969 29255.6738 29262.4082
   vertex 43385.2734 29268.2246 29323.3809
   vertex 43421.4375 29227.5117 29506.584
  endloop
 endfacet
facet normal 0.3601906 0.876305461 0.319924206
  outer loop
   vertex 43569.7969 29255.6738 29262.4082
   vertex 43421.4375 29227.5117 29506.584
   vertex 43608.6328 29175.6465 29437.8887
  endloop
 endfacet
facet normal 0.116070867 0.981979072 0.149146318
  outer loop
   vertex 43450.7344 29279.084 29200.9316
   vertex 43385.2734 29268.2246 29323.3809
   vertex 43569.7969 29255.6738 29262.4082
  endloop
 endfacet
facet normal 0.112202041 0.735406816 0.668272018
  outer loop
   vertex 42908.7539 29073.9141 29906.8281
   vertex 43059.4531 29130.9922 29818.7129
   vertex 42934.2969 29171.6152 29795.0234
  endloop
 endfacet
facet normal -0.263655841 0.593344927 0.760544121
  outer loop
   vertex 43084.1445 29198.2578 29774.7969
   vertex 43044.5664 29200.873 29759.0332
   vertex 43059.4531 29130.9922 29818.7129
  endloop
 endfacet
facet normal 0.327267289 0.934053063 0.142971858
  outer loop
   vertex 43421.4375 29227.5117 29506.584
   vertex 43385.2734 29268.2246 29323.3809
   vertex 43320.9141 29269.957 29459.377
  endloop
 endfacet
facet normal -0.21496433 0.972841382 -0.0858486742
  outer loop
   vertex 43208.3594 29249.5586 29533.5488
   vertex 43211.1289 29232.3262 29331.3496
   vertex 43058.9219 29210.1953 29461.6797
  endloop
 endfacet
facet normal 0.227075711 0.768947184 0.597625971
  outer loop
   vertex 42799.8438 29064.8809 29959.832
   vertex 42908.7539 29073.9141 29906.8281
   vertex 42768.6445 29137.748 29877.9297
  endloop
 endfacet
facet normal -0.120119952 0.988705158 0.0896285847
  outer loop
   vertex 43320.9141 29269.957 29459.377
   vertex 43208.3594 29249.5586 29533.5488
   vertex 43325.8945 29263.9102 29532.7402
  endloop
 endfacet
facet normal 0.148616746 0.942748308 0.298560977
  outer loop
   vertex 43421.4375 29227.5117 29506.584
   vertex 43300.8945 29208.8184 29625.6133
   vertex 43373.4531 29201.5859 29612.332
  endloop
 endfacet
facet normal 0.20318602 0.546738148 0.812276304
  outer loop
   vertex 43300.8945 29208.8184 29625.6133
   vertex 43378.1719 29119.1895 29666.6113
   vertex 43373.4531 29201.5859 29612.332
  endloop
 endfacet
facet normal -0.380323082 0.680038929 -0.626818478
  outer loop
   vertex 42548.4414 29013.0293 29459.0254
   vertex 42409.6016 28977.0156 29504.1953
   vertex 42469.5039 29090.1699 29590.6113
  endloop
 endfacet
facet normal 0.108192101 0.984019995 0.141418189
  outer loop
   vertex 42284.3008 29189.8496 29932.7695
   vertex 42457.7539 29165.4395 29969.9121
   vertex 42383.5352 29193.5938 29830.7988
  endloop
 endfacet
facet normal 0.225097403 0.940754294 0.253599077
  outer loop
   vertex 42284.3008 29189.8496 29932.7695
   vertex 42383.5352 29193.5938 29830.7988
   vertex 42300.3477 29209.8945 29844.1699
  endloop
 endfacet
facet normal -0.180971786 0.862849355 -0.471953571
  outer loop
   vertex 42300.3477 29209.8945 29844.1699
   vertex 42278.3555 29158.3809 29758.4238
   vertex 42257.7852 29199.8613 29842.1504
  endloop
 endfacet
facet normal 0.188741669 0.717701137 0.670284748
  outer loop
   vertex 42934.2969 29171.6152 29795.0234
   vertex 42768.6445 29137.748 29877.9297
   vertex 42908.7539 29073.9141 29906.8281
  endloop
 endfacet
facet normal 0.289365977 0.756075442 0.58704108
  outer loop
   vertex 42768.6445 29137.748 29877.9297
   vertex 42618.1445 29141.1016 29947.7969
   vertex 42699.0273 29067.0527 30003.2988
  endloop
 endfacet
facet normal 0.0676242337 0.992884457 0.0980174094
  outer loop
   vertex 42578.043 29163.0996 29752.6211
   vertex 42618.1445 29141.1016 29947.7969
   vertex 42768.6445 29137.748 29877.9297
  endloop
 endfacet
facet normal -0.0966814458 0.97403574 0.204712048
  outer loop
   vertex 42768.6445 29137.748 29877.9297
   vertex 42934.2969 29171.6152 29795.0234
   vertex 42806.6328 29180.8555 29690.7578
  endloop
 endfacet
facet normal -0.0158338267 0.975064397 0.221356466
  outer loop
   vertex 42768.6445 29137.748 29877.9297
   vertex 42806.6328 29180.8555 29690.7578
   vertex 42578.043 29163.0996 29752.6211
  endloop
 endfacet
facet normal -0.115310378 0.982839286 -0.143980905
  outer loop
   vertex 42806.6328 29180.8555 29690.7578
   vertex 42702.6055 29152.1953 29578.4316
   vertex 42578.043 29163.0996 29752.6211
  endloop
 endfacet
facet normal -0.314871728 0.504280031 -0.804087937
  outer loop
   vertex 42134.4492 29025.25 29666.7539
   vertex 42318.3906 29055.0664 29613.4219
   vertex 42257.7891 28864.8438 29517.8555
  endloop
 endfacet
facet normal 0.276340544 0.670307517 0.688711643
  outer loop
   vertex 42401.25 29084.0137 30133.1895
   vertex 42522.4492 29034.166 30133.0742
   vertex 42559.1719 29089.6289 30064.3574
  endloop
 endfacet
facet normal 0.503709555 0.810565531 0.298764408
  outer loop
   vertex 37574.5977 29232.0176 32960.4531
   vertex 37676.3242 29184.9043 32916.7578
   vertex 37683.1875 29226.7441 32791.6797
  endloop
 endfacet
facet normal 0.353111297 0.776672781 0.521624207
  outer loop
   vertex 42618.1445 29141.1016 29947.7969
   vertex 42559.1719 29089.6289 30064.3574
   vertex 42699.0273 29067.0527 30003.2988
  endloop
 endfacet
facet normal 0.421900094 0.334733158 0.842587709
  outer loop
   vertex 42611.9844 28966.8457 30086.6914
   vertex 42699.0273 29067.0527 30003.2988
   vertex 42559.1719 29089.6289 30064.3574
  endloop
 endfacet
facet normal 0.312864929 0.351408064 0.882398963
  outer loop
   vertex 42481.3789 28954.5801 30156.3242
   vertex 42401.25 29084.0137 30133.1895
   vertex 42354.7578 28957.2109 30200.1719
  endloop
 endfacet
facet normal 0.0966754109 0.232818559 0.967703164
  outer loop
   vertex 42522.4492 29034.166 30133.0742
   vertex 42401.25 29084.0137 30133.1895
   vertex 42481.3789 28954.5801 30156.3242
  endloop
 endfacet
facet normal 0.182651773 0.853132248 0.488675475
  outer loop
   vertex 42457.7539 29165.4395 29969.9121
   vertex 42401.25 29084.0137 30133.1895
   vertex 42559.1719 29089.6289 30064.3574
  endloop
 endfacet
facet normal -0.288779378 0.951139688 -0.109269246
  outer loop
   vertex 42991.7969 29210.7441 29643.8516
   vertex 43058.9219 29210.1953 29461.6797
   vertex 42861.1719 29151.0195 29469.1973
  endloop
 endfacet
facet normal -0.200833231 0.963107705 -0.179135725
  outer loop
   vertex 42806.6328 29180.8555 29690.7578
   vertex 42991.7969 29210.7441 29643.8516
   vertex 42861.1719 29151.0195 29469.1973
  endloop
 endfacet
facet normal -0.100969553 0.982399642 -0.157149896
  outer loop
   vertex 42702.6055 29152.1953 29578.4316
   vertex 42806.6328 29180.8555 29690.7578
   vertex 42861.1719 29151.0195 29469.1973
  endloop
 endfacet
facet normal -0.283386469 0.856330514 -0.431729317
  outer loop
   vertex 42691.7734 29079.3398 29438.2148
   vertex 42861.1719 29151.0195 29469.1973
   vertex 42811.7383 29046.9492 29295.2246
  endloop
 endfacet
facet normal -0.285940975 0.859171987 -0.424336255
  outer loop
   vertex 42691.7734 29079.3398 29438.2148
   vertex 42702.6055 29152.1953 29578.4316
   vertex 42861.1719 29151.0195 29469.1973
  endloop
 endfacet
facet normal -0.23872301 0.935324132 -0.261113226
  outer loop
   vertex 42578.043 29163.0996 29752.6211
   vertex 42592.8516 29112.2266 29556.8535
   vertex 42469.5039 29090.1699 29590.6113
  endloop
 endfacet
facet normal -0.284549773 0.922386348 -0.261217922
  outer loop
   vertex 42578.043 29163.0996 29752.6211
   vertex 42702.6055 29152.1953 29578.4316
   vertex 42592.8516 29112.2266 29556.8535
  endloop
 endfacet
facet normal 0.0469890125 0.898698092 -0.436043262
  outer loop
   vertex 42402.5234 29149.5664 29705.8145
   vertex 42578.043 29163.0996 29752.6211
   vertex 42469.5039 29090.1699 29590.6113
  endloop
 endfacet
facet normal 0.0806661546 0.845140338 -0.528422952
  outer loop
   vertex 42300.3477 29209.8945 29844.1699
   vertex 42383.5352 29193.5938 29830.7988
   vertex 42278.3555 29158.3809 29758.4238
  endloop
 endfacet
facet normal -0.0783415511 0.936505377 -0.341789842
  outer loop
   vertex 42402.5234 29149.5664 29705.8145
   vertex 42278.3555 29158.3809 29758.4238
   vertex 42383.5352 29193.5938 29830.7988
  endloop
 endfacet
facet normal -0.231584877 0.870443523 -0.434392184
  outer loop
   vertex 42702.6055 29152.1953 29578.4316
   vertex 42691.7734 29079.3398 29438.2148
   vertex 42592.8516 29112.2266 29556.8535
  endloop
 endfacet
facet normal -0.298173815 0.734571636 -0.609505475
  outer loop
   vertex 42469.5039 29090.1699 29590.6113
   vertex 42592.8516 29112.2266 29556.8535
   vertex 42548.4414 29013.0293 29459.0254
  endloop
 endfacet
facet normal -0.415491045 0.726185441 -0.547742546
  outer loop
   vertex 42691.7734 29079.3398 29438.2148
   vertex 42548.4414 29013.0293 29459.0254
   vertex 42592.8516 29112.2266 29556.8535
  endloop
 endfacet
facet normal 0.110555574 0.985179603 0.131143376
  outer loop
   vertex 42457.7539 29165.4395 29969.9121
   vertex 42284.3008 29189.8496 29932.7695
   vertex 42353.6484 29167.2266 30044.252
  endloop
 endfacet
facet normal -0.103495263 0.491590142 0.864654779
  outer loop
   vertex 42194.5039 28975.8203 30229.5859
   vertex 42310.082 29038.7773 30207.627
   vertex 42262.6992 29082.6035 30177.0371
  endloop
 endfacet
facet normal 0.208604053 0.701293826 0.681668043
  outer loop
   vertex 42310.082 29038.7773 30207.627
   vertex 42401.25 29084.0137 30133.1895
   vertex 42262.6992 29082.6035 30177.0371
  endloop
 endfacet
facet normal 0.54653126 0.225626275 0.806471527
  outer loop
   vertex 42354.7578 28957.2109 30200.1719
   vertex 42401.25 29084.0137 30133.1895
   vertex 42310.082 29038.7773 30207.627
  endloop
 endfacet
facet normal -0.29962036 0.95315069 -0.0416102111
  outer loop
   vertex 37478.3711 29290.8555 32574.2832
   vertex 37458.3906 29280.6387 32484.1602
   vertex 37374.7969 29254.8066 32494.3223
  endloop
 endfacet
facet normal 0.69994092 0.181437418 0.69077003
  outer loop
   vertex 37611.582 29130.7988 33031.9531
   vertex 37653.4844 28920.4551 33044.7422
   vertex 37790.3789 29081.8145 32863.6484
  endloop
 endfacet
facet normal 0.380333275 0.528850019 0.758725405
  outer loop
   vertex 37770.1211 28986.1973 32940.4492
   vertex 37790.3789 29081.8145 32863.6484
   vertex 37653.4844 28920.4551 33044.7422
  endloop
 endfacet
facet normal 0.757607162 0.440743893 0.481431425
  outer loop
   vertex 37389.0547 29081.5254 33333.8125
   vertex 37501.6055 29013.6621 33218.8203
   vertex 37447.9492 29197.3906 33135.0586
  endloop
 endfacet
facet normal 0.764492512 0.313500226 0.563266218
  outer loop
   vertex 37389.0547 29081.5254 33333.8125
   vertex 37407.625 28983.8145 33362.9844
   vertex 37501.6055 29013.6621 33218.8203
  endloop
 endfacet
facet normal 0.501692057 0.7727651 0.38876617
  outer loop
   vertex 37342.0469 29177.2559 33311.7461
   vertex 37447.9492 29197.3906 33135.0586
   vertex 37264.9883 29249.1543 33268.2656
  endloop
 endfacet
facet normal 0.731177568 0.472466081 0.492092609
  outer loop
   vertex 37342.0469 29177.2559 33311.7461
   vertex 37389.0547 29081.5254 33333.8125
   vertex 37447.9492 29197.3906 33135.0586
  endloop
 endfacet
facet normal 0.59192872 0.290400267 0.751856387
  outer loop
   vertex 37611.582 29130.7988 33031.9531
   vertex 37556.668 29201.75 33047.7812
   vertex 37447.9492 29197.3906 33135.0586
  endloop
 endfacet
facet normal 0.599476755 0.470330268 0.647624195
  outer loop
   vertex 37501.6055 29013.6621 33218.8203
   vertex 37611.582 29130.7988 33031.9531
   vertex 37447.9492 29197.3906 33135.0586
  endloop
 endfacet
facet normal 0.69109422 0.25610283 0.675869882
  outer loop
   vertex 37936.8359 29050.3027 32725.8301
   vertex 37877.957 29117.7969 32760.4609
   vertex 37790.3789 29081.8145 32863.6484
  endloop
 endfacet
facet normal 0.381206572 0.922393143 0.0622288436
  outer loop
   vertex 37711.2812 29233.4668 32519.9141
   vertex 37539.5352 29290.0645 32733.0977
   vertex 37683.1875 29226.7441 32791.6797
  endloop
 endfacet
facet normal 0.840146303 0.0979840755 0.533435404
  outer loop
   vertex 37893.0352 28984.2949 32806.9414
   vertex 37968.1992 28834.2852 32716.1133
   vertex 37936.8359 29050.3027 32725.8301
  endloop
 endfacet
facet normal 0.620963991 0.215435296 0.753652036
  outer loop
   vertex 37817.9688 28920.3848 32887.0625
   vertex 37893.0352 28984.2949 32806.9414
   vertex 37790.3789 29081.8145 32863.6484
  endloop
 endfacet
facet normal 0.675581217 0.444278777 0.588393033
  outer loop
   vertex 37790.3789 29081.8145 32863.6484
   vertex 37676.3242 29184.9043 32916.7578
   vertex 37611.582 29130.7988 33031.9531
  endloop
 endfacet
facet normal 0.558582783 0.777139068 0.289896816
  outer loop
   vertex 37866.9297 29159.873 32673.8125
   vertex 37998.8789 29121.8516 32521.5039
   vertex 37875.0352 29200.709 32548.7305
  endloop
 endfacet
facet normal 0.533957303 0.60923928 0.586273909
  outer loop
   vertex 37676.3242 29184.9043 32916.7578
   vertex 37574.5977 29232.0176 32960.4531
   vertex 37611.582 29130.7988 33031.9531
  endloop
 endfacet
facet normal 0.292546958 0.781216919 0.551467538
  outer loop
   vertex 36966.6641 29232.4922 33577.3945
   vertex 36941.4727 29143.5625 33716.7383
   vertex 37043.5703 29208.8086 33570.1445
  endloop
 endfacet
facet normal 0.529183388 0.808801889 0.256523788
  outer loop
   vertex 37998.8789 29121.8516 32521.5039
   vertex 37866.9297 29159.873 32673.8125
   vertex 37985.4219 29095.7637 32631.5176
  endloop
 endfacet
facet normal 0.511539519 0.580280542 0.633720636
  outer loop
   vertex 37272.5586 29198.1719 33368.6406
   vertex 37160.8008 29212.1836 33446.0195
   vertex 37283.2617 29126.2891 33425.8242
  endloop
 endfacet
facet normal 0.539116442 0.639824927 0.547702014
  outer loop
   vertex 37283.2617 29126.2891 33425.8242
   vertex 37160.8008 29212.1836 33446.0195
   vertex 37193.2578 29098.8027 33546.5234
  endloop
 endfacet
facet normal 0.121102177 0.826677144 0.549489915
  outer loop
   vertex 36891.7656 29229.1484 33598.9297
   vertex 36941.4727 29143.5625 33716.7383
   vertex 36966.6641 29232.4922 33577.3945
  endloop
 endfacet
facet normal 0.379149735 0.836239755 0.396167368
  outer loop
   vertex 37272.5586 29198.1719 33368.6406
   vertex 37264.9883 29249.1543 33268.2656
   vertex 37160.8008 29212.1836 33446.0195
  endloop
 endfacet
facet normal 0.0380161628 0.983744979 0.175501093
  outer loop
   vertex 36981.4961 29287.9941 33324.7383
   vertex 37078.9961 29271.7266 33394.7969
   vertex 37126.8477 29284.1074 33315.0352
  endloop
 endfacet
facet normal 0.559471071 0.708854318 0.429555207
  outer loop
   vertex 36941.4727 29143.5625 33716.7383
   vertex 36988.2266 29033.1973 33837.9688
   vertex 37098.5977 29023.1758 33710.7539
  endloop
 endfacet
facet normal 0.473591596 0.585410178 0.658031821
  outer loop
   vertex 36941.4727 29143.5625 33716.7383
   vertex 37098.5977 29023.1758 33710.7539
   vertex 37094.9648 29145.3516 33604.6758
  endloop
 endfacet
facet normal -0.238775671 0.970645308 -0.0288767796
  outer loop
   vertex 36762.2773 29219.0547 33421.4531
   vertex 36839.4062 29241.623 33542.3359
   vertex 36912.8477 29258.2832 33495
  endloop
 endfacet
facet normal 0.660128832 0.531430006 0.530859768
  outer loop
   vertex 37098.5977 29023.1758 33710.7539
   vertex 36988.2266 29033.1973 33837.9688
   vertex 36994.8555 28914.5723 33948.4805
  endloop
 endfacet
facet normal 0.543246269 0.588337123 0.598951519
  outer loop
   vertex 36887.4219 29017.959 33944.3672
   vertex 36994.8555 28914.5723 33948.4805
   vertex 36988.2266 29033.1973 33837.9688
  endloop
 endfacet
facet normal -0.115925126 0.786936998 0.606045842
  outer loop
   vertex 36543.8555 28863.6934 34184.7695
   vertex 36665.6211 28862.6094 34209.4688
   vertex 36691.9766 28935.8828 34119.3633
  endloop
 endfacet
facet normal -0.295569062 0.781667411 0.549213052
  outer loop
   vertex 36723.9961 28902.4219 34184.2227
   vertex 36691.9766 28935.8828 34119.3633
   vertex 36665.6211 28862.6094 34209.4688
  endloop
 endfacet
facet normal -0.526870072 0.832467258 0.17148234
  outer loop
   vertex 36504.1484 29040.7305 33812.3086
   vertex 36370.7734 28949.0664 33847.5039
   vertex 36443.8828 28983.6836 33904.0898
  endloop
 endfacet
facet normal 0.428321362 0.744300902 0.512403131
  outer loop
   vertex 36887.4219 29017.959 33944.3672
   vertex 36988.2266 29033.1973 33837.9688
   vertex 36941.4727 29143.5625 33716.7383
  endloop
 endfacet
facet normal 0.299391925 0.907124937 0.295785159
  outer loop
   vertex 37286.8086 29302.2051 33083.4883
   vertex 37165.9648 29308.3477 33186.9648
   vertex 37264.9883 29249.1543 33268.2656
  endloop
 endfacet
facet normal 0.321056694 0.907791436 0.269883841
  outer loop
   vertex 37264.9883 29249.1543 33268.2656
   vertex 37165.9648 29308.3477 33186.9648
   vertex 37126.8477 29284.1074 33315.0352
  endloop
 endfacet
facet normal 0.083177276 0.775433719 0.625926614
  outer loop
   vertex 36812.1797 28960.6836 34072.668
   vertex 36774.7031 29003.5605 34024.5312
   vertex 36691.9766 28935.8828 34119.3633
  endloop
 endfacet
facet normal -0.282393128 0.845093131 0.453951269
  outer loop
   vertex 36473.2812 28917.1074 34023.2461
   vertex 36700.7422 29049.0312 33919.1523
   vertex 36504.1484 29040.7305 33812.3086
  endloop
 endfacet
facet normal -0.273692638 0.856792867 0.437033534
  outer loop
   vertex 36662.9219 29131.7305 33733.3359
   vertex 36504.1484 29040.7305 33812.3086
   vertex 36700.7422 29049.0312 33919.1523
  endloop
 endfacet
facet normal -0.464069068 0.811553955 0.354993045
  outer loop
   vertex 36399.6797 29015.5938 33733.2031
   vertex 36370.7734 28949.0664 33847.5039
   vertex 36504.1484 29040.7305 33812.3086
  endloop
 endfacet
facet normal -0.154663548 0.863003612 0.4809407
  outer loop
   vertex 36774.7031 29003.5605 34024.5312
   vertex 36700.7422 29049.0312 33919.1523
   vertex 36691.9766 28935.8828 34119.3633
  endloop
 endfacet
facet normal -0.276076049 0.841886461 0.463690877
  outer loop
   vertex 36700.7422 29049.0312 33919.1523
   vertex 36473.2812 28917.1074 34023.2461
   vertex 36691.9766 28935.8828 34119.3633
  endloop
 endfacet
facet normal -0.251981944 0.880600512 0.401307672
  outer loop
   vertex 36473.2812 28917.1074 34023.2461
   vertex 36543.8555 28863.6934 34184.7695
   vertex 36691.9766 28935.8828 34119.3633
  endloop
 endfacet
facet normal -0.705866098 0.692408442 -0.149410963
  outer loop
   vertex 36600.707 29125.498 33216.9414
   vertex 36510.0977 29024.4805 33176.8633
   vertex 36511.2344 29080.1934 33429.6836
  endloop
 endfacet
facet normal -0.655250132 0.705245852 -0.270694524
  outer loop
   vertex 36328.25 28949.3535 33531.7422
   vertex 36413.0391 29039.3027 33560.8438
   vertex 36511.2344 29080.1934 33429.6836
  endloop
 endfacet
facet normal -0.344391912 0.916983962 0.201332211
  outer loop
   vertex 36554.0312 29110.6426 33643.1211
   vertex 36662.9219 29131.7305 33733.3359
   vertex 36653.4844 29162.6973 33576.1523
  endloop
 endfacet
facet normal -0.382640123 0.888233602 0.254219651
  outer loop
   vertex 36554.0312 29110.6426 33643.1211
   vertex 36504.1484 29040.7305 33812.3086
   vertex 36662.9219 29131.7305 33733.3359
  endloop
 endfacet
facet normal -0.429241121 0.902301073 -0.0400605612
  outer loop
   vertex 36511.2344 29080.1934 33429.6836
   vertex 36413.0391 29039.3027 33560.8438
   vertex 36455.9336 29063.2031 33639.5664
  endloop
 endfacet
facet normal -0.303241104 0.931325555 0.201686829
  outer loop
   vertex 36790.7148 29195.7363 33629.9219
   vertex 36653.4844 29162.6973 33576.1523
   vertex 36662.9219 29131.7305 33733.3359
  endloop
 endfacet
facet normal -0.658288121 0.735744715 -0.159174457
  outer loop
   vertex 36399.2109 28940.4121 33246.8672
   vertex 36511.2344 29080.1934 33429.6836
   vertex 36510.0977 29024.4805 33176.8633
  endloop
 endfacet
facet normal -0.579805732 0.778595865 -0.24002862
  outer loop
   vertex 36399.2109 28940.4121 33246.8672
   vertex 36368.7539 28960.8242 33386.6523
   vertex 36511.2344 29080.1934 33429.6836
  endloop
 endfacet
facet normal -0.655821741 0.700195789 -0.282176763
  outer loop
   vertex 36600.707 29125.498 33216.9414
   vertex 36632.0547 29069.4531 33005.0156
   vertex 36510.0977 29024.4805 33176.8633
  endloop
 endfacet
facet normal -0.70204401 0.645062089 -0.301710397
  outer loop
   vertex 36686.8438 29016.5586 32764.4375
   vertex 36571.6133 28937.3477 32863.2109
   vertex 36632.0547 29069.4531 33005.0156
  endloop
 endfacet
facet normal -0.616799176 0.781612456 -0.0929555893
  outer loop
   vertex 36600.707 29125.498 33216.9414
   vertex 36511.2344 29080.1934 33429.6836
   vertex 36638.0508 29167.9746 33326.3086
  endloop
 endfacet
facet normal -0.562627494 0.817165732 -0.125261411
  outer loop
   vertex 36701.3359 29198.0234 33238.0781
   vertex 36600.707 29125.498 33216.9414
   vertex 36638.0508 29167.9746 33326.3086
  endloop
 endfacet
facet normal -0.48907733 0.777086079 -0.396157235
  outer loop
   vertex 36657.9688 29155.5488 33141.9023
   vertex 36732.0469 29191.8281 33121.6172
   vertex 36632.0547 29069.4531 33005.0156
  endloop
 endfacet
facet normal -0.504769444 0.774912477 -0.380418837
  outer loop
   vertex 36851.8281 29224.7578 33029.7578
   vertex 36632.0547 29069.4531 33005.0156
   vertex 36732.0469 29191.8281 33121.6172
  endloop
 endfacet
facet normal -0.523571134 0.84422642 0.114695176
  outer loop
   vertex 36399.6797 29015.5938 33733.2031
   vertex 36455.9336 29063.2031 33639.5664
   vertex 36377.1602 29014.7383 33636.7109
  endloop
 endfacet
facet normal -0.535275996 0.800450265 -0.269738764
  outer loop
   vertex 36851.8281 29224.7578 33029.7578
   vertex 36809.8867 29129.0859 32829.0859
   vertex 36632.0547 29069.4531 33005.0156
  endloop
 endfacet
facet normal -0.705317378 0.652573109 -0.276903838
  outer loop
   vertex 36600.707 29125.498 33216.9414
   vertex 36657.9688 29155.5488 33141.9023
   vertex 36632.0547 29069.4531 33005.0156
  endloop
 endfacet
facet normal 0.121669553 0.933882713 -0.336243391
  outer loop
   vertex 37711.2812 29233.4668 32519.9141
   vertex 37888.707 29193.9941 32474.4805
   vertex 37938.582 29127.041 32306.5762
  endloop
 endfacet
facet normal -0.154564515 0.935504615 -0.317712098
  outer loop
   vertex 37214.5469 29316.3945 32826.4023
   vertex 37346.1797 29306.0605 32731.9355
   vertex 37189.9609 29287.3242 32752.7617
  endloop
 endfacet
facet normal -0.18215017 0.920824647 0.344823629
  outer loop
   vertex 36662.9219 29131.7305 33733.3359
   vertex 36785.5312 29139.4355 33777.5273
   vertex 36790.7148 29195.7363 33629.9219
  endloop
 endfacet
facet normal 0.114859223 0.926808715 0.357537389
  outer loop
   vertex 36941.4727 29143.5625 33716.7383
   vertex 36790.7148 29195.7363 33629.9219
   vertex 36785.5312 29139.4355 33777.5273
  endloop
 endfacet
facet normal -0.153709829 0.938766718 -0.308367133
  outer loop
   vertex 37244.6562 29240.1641 32581.9238
   vertex 37189.9609 29287.3242 32752.7617
   vertex 37346.1797 29306.0605 32731.9355
  endloop
 endfacet
facet normal -0.478761554 0.836368144 -0.266975105
  outer loop
   vertex 37095.7812 29215.4336 32667.6035
   vertex 36901.707 29089.5957 32621.4141
   vertex 37071.2695 29271.2012 32886.2656
  endloop
 endfacet
facet normal -0.392039061 0.856322825 -0.336179465
  outer loop
   vertex 36901.707 29089.5957 32621.4141
   vertex 36809.8867 29129.0859 32829.0859
   vertex 37071.2695 29271.2012 32886.2656
  endloop
 endfacet
facet normal -0.344829053 0.882343769 -0.32025367
  outer loop
   vertex 36901.707 29089.5957 32621.4141
   vertex 36767.3477 29065.5254 32699.7656
   vertex 36809.8867 29129.0859 32829.0859
  endloop
 endfacet
facet normal -0.395303249 0.858500063 -0.326669455
  outer loop
   vertex 36809.8867 29129.0859 32829.0859
   vertex 36851.8281 29224.7578 33029.7578
   vertex 37071.2695 29271.2012 32886.2656
  endloop
 endfacet
facet normal -0.404358536 0.847396851 -0.344111472
  outer loop
   vertex 36851.8281 29224.7578 33029.7578
   vertex 36969.6562 29287.4824 33045.7617
   vertex 37071.2695 29271.2012 32886.2656
  endloop
 endfacet
facet normal 0.345952392 0.857366443 0.381103277
  outer loop
   vertex 37264.9883 29249.1543 33268.2656
   vertex 37126.8477 29284.1074 33315.0352
   vertex 37160.8008 29212.1836 33446.0195
  endloop
 endfacet
facet normal 0.785737097 0.589801192 0.18641828
  outer loop
   vertex 37866.9297 29159.873 32673.8125
   vertex 37877.957 29117.7969 32760.4609
   vertex 37936.8359 29050.3027 32725.8301
  endloop
 endfacet
facet normal 0.538562596 0.616345525 0.574515939
  outer loop
   vertex 37866.9297 29159.873 32673.8125
   vertex 37936.8359 29050.3027 32725.8301
   vertex 37985.4219 29095.7637 32631.5176
  endloop
 endfacet
facet normal 0.404232234 0.900704086 0.159149081
  outer loop
   vertex 38322.2305 28968.8008 32311.2266
   vertex 38191.5 29042.627 32225.4492
   vertex 38171.543 29017.9883 32415.5898
  endloop
 endfacet
facet normal 0.580600917 0.797442794 0.164278746
  outer loop
   vertex 38110.3203 29082.5293 32318.6777
   vertex 38171.543 29017.9883 32415.5898
   vertex 38191.5 29042.627 32225.4492
  endloop
 endfacet
facet normal -0.347737998 0.658590555 -0.66733557
  outer loop
   vertex 37498.6016 29023.8359 32131.5938
   vertex 37262.2422 29111.291 32341.0664
   vertex 37489.7461 29152.373 32263.0586
  endloop
 endfacet
facet normal 0.079894647 0.988324285 -0.129738078
  outer loop
   vertex 37478.3711 29290.8555 32574.2832
   vertex 37533.0664 29272.7383 32469.957
   vertex 37458.3906 29280.6387 32484.1602
  endloop
 endfacet
facet normal -0.345272481 0.676060259 -0.650945067
  outer loop
   vertex 37489.7461 29152.373 32263.0586
   vertex 37262.2422 29111.291 32341.0664
   vertex 37459.418 29201.7637 32330.4434
  endloop
 endfacet
facet normal -0.396285206 0.797187686 -0.455466598
  outer loop
   vertex 37374.7969 29254.8066 32494.3223
   vertex 37262.2422 29111.291 32341.0664
   vertex 37244.6562 29240.1641 32581.9238
  endloop
 endfacet
facet normal -0.565382481 0.711838782 -0.416687101
  outer loop
   vertex 37071.2695 29271.2012 32886.2656
   vertex 37160.6055 29305.0195 32822.8242
   vertex 37189.9609 29287.3242 32752.7617
  endloop
 endfacet
facet normal -0.419479162 0.867239177 -0.268204063
  outer loop
   vertex 37095.7812 29215.4336 32667.6035
   vertex 37071.2695 29271.2012 32886.2656
   vertex 37189.9609 29287.3242 32752.7617
  endloop
 endfacet
facet normal -0.352570504 0.920951426 -0.165959477
  outer loop
   vertex 37363.1328 29287.7539 32594.3184
   vertex 37244.6562 29240.1641 32581.9238
   vertex 37346.1797 29306.0605 32731.9355
  endloop
 endfacet
facet normal -0.34654066 0.86985755 -0.351080418
  outer loop
   vertex 37189.9609 29287.3242 32752.7617
   vertex 37244.6562 29240.1641 32581.9238
   vertex 37095.7812 29215.4336 32667.6035
  endloop
 endfacet
facet normal -0.357755661 0.85531354 -0.374766082
  outer loop
   vertex 37086.5586 29142.8828 32510.8281
   vertex 37095.7812 29215.4336 32667.6035
   vertex 37244.6562 29240.1641 32581.9238
  endloop
 endfacet
facet normal -0.345466852 0.661250353 -0.665883362
  outer loop
   vertex 37262.2422 29111.291 32341.0664
   vertex 37498.6016 29023.8359 32131.5938
   vertex 37317.4531 28939.957 32142.2793
  endloop
 endfacet
facet normal -0.400677919 0.496217966 -0.770210981
  outer loop
   vertex 37494.7656 28861.9512 32029.291
   vertex 37498.6016 29023.8359 32131.5938
   vertex 37614.2188 28969.9746 32036.7461
  endloop
 endfacet
facet normal 0.0649803728 0.531980932 -0.844259322
  outer loop
   vertex 37494.7656 28861.9512 32029.291
   vertex 37420.3281 28959.6875 32085.1484
   vertex 37498.6016 29023.8359 32131.5938
  endloop
 endfacet
facet normal -0.414560556 0.906078756 0.0846217722
  outer loop
   vertex 37403.2305 28982.9297 32102.373
   vertex 37317.4531 28939.957 32142.2793
   vertex 37498.6016 29023.8359 32131.5938
  endloop
 endfacet
facet normal -0.00703771506 0.592056274 -0.805865884
  outer loop
   vertex 37403.2305 28982.9297 32102.373
   vertex 37498.6016 29023.8359 32131.5938
   vertex 37420.3281 28959.6875 32085.1484
  endloop
 endfacet
facet normal -0.0255111381 0.713935256 -0.699746847
  outer loop
   vertex 37498.6016 29023.8359 32131.5938
   vertex 37489.7461 29152.373 32263.0586
   vertex 37693.8867 29155.6914 32259.002
  endloop
 endfacet
facet normal -0.0256514493 0.607056677 -0.794244409
  outer loop
   vertex 37550.625 29202.2773 32299.2363
   vertex 37693.8867 29155.6914 32259.002
   vertex 37489.7461 29152.373 32263.0586
  endloop
 endfacet
facet normal 0.178703606 0.897579074 -0.403009742
  outer loop
   vertex 37550.625 29202.2773 32299.2363
   vertex 37565.4219 29233.9277 32376.2852
   vertex 37693.8867 29155.6914 32259.002
  endloop
 endfacet
facet normal -0.158244953 0.894145012 -0.418883294
  outer loop
   vertex 38065.3516 29017.9375 31992.2734
   vertex 37834.8906 28994.9902 32030.3555
   vertex 38054.4492 29034.8574 32032.5117
  endloop
 endfacet
facet normal 0.130006343 0.926086605 -0.354206145
  outer loop
   vertex 38065.3516 29017.9375 31992.2734
   vertex 38054.4492 29034.8574 32032.5117
   vertex 38225.4492 29007.3105 32023.2539
  endloop
 endfacet
facet normal -0.171680883 0.821253181 -0.5441221
  outer loop
   vertex 38127.4883 28965.3848 31893.3516
   vertex 37834.8906 28994.9902 32030.3555
   vertex 38065.3516 29017.9375 31992.2734
  endloop
 endfacet
facet normal -0.204325199 0.771123707 -0.603008628
  outer loop
   vertex 38127.4883 28965.3848 31893.3516
   vertex 38039.2188 28844.6289 31768.8398
   vertex 37834.8906 28994.9902 32030.3555
  endloop
 endfacet
facet normal -0.0631353632 0.657833636 -0.750512421
  outer loop
   vertex 37653.7734 28942.1406 31999.2676
   vertex 37645.5781 28953.7871 32010.166
   vertex 37834.8906 28994.9902 32030.3555
  endloop
 endfacet
facet normal -0.425069541 0.600434303 -0.677343726
  outer loop
   vertex 38039.2188 28844.6289 31768.8398
   vertex 37804.9648 28711.2949 31797.6543
   vertex 37834.8906 28994.9902 32030.3555
  endloop
 endfacet
facet normal 0.0077367709 0.487164438 -0.873275995
  outer loop
   vertex 37653.7734 28942.1406 31999.2676
   vertex 37834.8906 28994.9902 32030.3555
   vertex 37655.043 28912.2324 31982.5938
  endloop
 endfacet
facet normal -0.23332122 0.631288469 -0.739618838
  outer loop
   vertex 37804.9648 28711.2949 31797.6543
   vertex 37653.5859 28807.4258 31927.457
   vertex 37834.8906 28994.9902 32030.3555
  endloop
 endfacet
facet normal 0.0209122766 0.465256661 -0.884928763
  outer loop
   vertex 37653.5859 28807.4258 31927.457
   vertex 37655.043 28912.2324 31982.5938
   vertex 37834.8906 28994.9902 32030.3555
  endloop
 endfacet
facet normal -0.107948497 0.802237451 -0.587164521
  outer loop
   vertex 37498.6016 29023.8359 32131.5938
   vertex 37834.8906 28994.9902 32030.3555
   vertex 37614.2188 28969.9746 32036.7461
  endloop
 endfacet
facet normal -0.11987558 0.775954068 -0.619294107
  outer loop
   vertex 37693.8867 29155.6914 32259.002
   vertex 37834.8906 28994.9902 32030.3555
   vertex 37498.6016 29023.8359 32131.5938
  endloop
 endfacet
facet normal -0.10690248 0.788172245 -0.606099367
  outer loop
   vertex 37614.2188 28969.9746 32036.7461
   vertex 37834.8906 28994.9902 32030.3555
   vertex 37645.5781 28953.7871 32010.166
  endloop
 endfacet
facet normal -0.0970753059 0.911434472 -0.399829447
  outer loop
   vertex 38070.2461 29047.7168 32093.4062
   vertex 37834.8906 28994.9902 32030.3555
   vertex 38014.7969 29071.8906 32161.9746
  endloop
 endfacet
facet normal -0.416132748 0.769972205 -0.483711034
  outer loop
   vertex 42278.3555 29158.3809 29758.4238
   vertex 42174.4688 29144.3984 29825.541
   vertex 42257.7852 29199.8613 29842.1504
  endloop
 endfacet
facet normal 0.184184566 0.576803505 0.795847833
  outer loop
   vertex 42018.2383 28912.2773 30302.2715
   vertex 42033.2734 29021.2734 30219.7969
   vertex 41885.9727 28984.9707 30280.1973
  endloop
 endfacet
facet normal -0.246326879 0.874810219 0.417169213
  outer loop
   vertex 42033.2734 29021.2734 30219.7969
   vertex 42128.1289 29086.5918 30138.832
   vertex 41925.1133 29059.002 30076.8125
  endloop
 endfacet
facet normal 0.661126912 0.431011409 0.614117563
  outer loop
   vertex 38241.293 28876.7617 32488.416
   vertex 38091.4883 28972.502 32582.4922
   vertex 38172.9141 28888.9863 32553.4473
  endloop
 endfacet
facet normal 0.334038317 0.903497994 0.268532544
  outer loop
   vertex 38322.2305 28968.8008 32311.2266
   vertex 38381.6953 28969.832 32233.7832
   vertex 38191.5 29042.627 32225.4492
  endloop
 endfacet
facet normal 0.318312496 0.941465139 -0.110998109
  outer loop
   vertex 38416.2539 28956.5195 32139.625
   vertex 38225.4492 29007.3105 32023.2539
   vertex 38191.5 29042.627 32225.4492
  endloop
 endfacet
facet normal 0.357484818 0.933918536 -0.000844998867
  outer loop
   vertex 38381.6953 28969.832 32233.7832
   vertex 38416.2539 28956.5195 32139.625
   vertex 38191.5 29042.627 32225.4492
  endloop
 endfacet
facet normal 0.641252756 0.757251799 0.12395405
  outer loop
   vertex 38354.9609 28866.6387 32391.3301
   vertex 38171.543 29017.9883 32415.5898
   vertex 38269.1484 28930.9766 32442.2051
  endloop
 endfacet
facet normal 0.575819671 0.61069411 0.543584764
  outer loop
   vertex 38354.9609 28866.6387 32391.3301
   vertex 38322.2305 28968.8008 32311.2266
   vertex 38171.543 29017.9883 32415.5898
  endloop
 endfacet
facet normal 0.26657781 -0.0742915049 0.960945904
  outer loop
   vertex 38172.9141 28888.9863 32553.4473
   vertex 38091.4883 28972.502 32582.4922
   vertex 38142.5977 28788.3242 32554.0762
  endloop
 endfacet
facet normal 0.48844862 0.340861678 0.803262889
  outer loop
   vertex 37968.1992 28834.2852 32716.1133
   vertex 38082.7812 28874.4355 32629.4004
   vertex 38091.4883 28972.502 32582.4922
  endloop
 endfacet
facet normal 0.696604311 0.0690152198 0.714128375
  outer loop
   vertex 37936.8359 29050.3027 32725.8301
   vertex 37968.1992 28834.2852 32716.1133
   vertex 38091.4883 28972.502 32582.4922
  endloop
 endfacet
facet normal 0.132488579 0.939679444 0.315355897
  outer loop
   vertex 37711.2812 29233.4668 32519.9141
   vertex 37866.9297 29159.873 32673.8125
   vertex 37875.0352 29200.709 32548.7305
  endloop
 endfacet
facet normal 0.854160309 0.160718501 0.494550079
  outer loop
   vertex 38142.5977 28788.3242 32554.0762
   vertex 38091.4883 28972.502 32582.4922
   vertex 38082.7812 28874.4355 32629.4004
  endloop
 endfacet
facet normal 0.723279059 0.397916466 0.56438452
  outer loop
   vertex 37985.4219 29095.7637 32631.5176
   vertex 37936.8359 29050.3027 32725.8301
   vertex 38091.4883 28972.502 32582.4922
  endloop
 endfacet
facet normal 0.153337106 0.845387995 0.511670589
  outer loop
   vertex 42262.6992 29082.6035 30177.0371
   vertex 42401.25 29084.0137 30133.1895
   vertex 42255.4805 29142.6309 30080.0234
  endloop
 endfacet
facet normal 0.665993989 0.57436341 0.475981832
  outer loop
   vertex 38091.4883 28972.502 32582.4922
   vertex 38241.293 28876.7617 32488.416
   vertex 38171.543 29017.9883 32415.5898
  endloop
 endfacet
facet normal 0.819461703 0.314892411 0.478879213
  outer loop
   vertex 38099.7422 29056.7695 32512.9551
   vertex 38091.4883 28972.502 32582.4922
   vertex 38171.543 29017.9883 32415.5898
  endloop
 endfacet
facet normal 0.26621151 0.542379498 0.796841204
  outer loop
   vertex 38241.293 28876.7617 32488.416
   vertex 38269.1484 28930.9766 32442.2051
   vertex 38171.543 29017.9883 32415.5898
  endloop
 endfacet
facet normal -0.0597648025 0.996921897 0.0507429354
  outer loop
   vertex 41188.3555 28955.2793 30403.7051
   vertex 41172.8359 28945.0957 30585.498
   vertex 41325.6484 28962.1562 30430.3008
  endloop
 endfacet
facet normal -0.264506936 0.929790556 0.255979598
  outer loop
   vertex 41039.7383 28921.8086 30532.5508
   vertex 40939.0586 28860.4395 30651.4297
   vertex 41172.8359 28945.0957 30585.498
  endloop
 endfacet
facet normal -0.288322449 0.93964988 0.184196368
  outer loop
   vertex 41125.207 28897.6445 30753.0117
   vertex 41172.8359 28945.0957 30585.498
   vertex 40939.0586 28860.4395 30651.4297
  endloop
 endfacet
facet normal -0.258045912 0.946312368 0.194692537
  outer loop
   vertex 41125.207 28897.6445 30753.0117
   vertex 41225.3945 28930.2617 30727.2598
   vertex 41172.8359 28945.0957 30585.498
  endloop
 endfacet
facet normal -0.137290612 0.978596032 0.153300703
  outer loop
   vertex 41225.3945 28930.2617 30727.2598
   vertex 41273.2734 28943.8281 30683.5391
   vertex 41172.8359 28945.0957 30585.498
  endloop
 endfacet
facet normal -0.215339139 0.538431108 0.814690709
  outer loop
   vertex 42262.6992 29082.6035 30177.0371
   vertex 42128.1289 29086.5918 30138.832
   vertex 42194.5039 28975.8203 30229.5859
  endloop
 endfacet
facet normal -0.278214425 0.920430303 0.274599403
  outer loop
   vertex 42128.1289 29086.5918 30138.832
   vertex 42255.4805 29142.6309 30080.0234
   vertex 42087.9336 29124.2539 29971.8672
  endloop
 endfacet
facet normal -0.208275244 0.942141771 0.262660056
  outer loop
   vertex 41925.1133 29059.002 30076.8125
   vertex 42128.1289 29086.5918 30138.832
   vertex 42087.9336 29124.2539 29971.8672
  endloop
 endfacet
facet normal -0.107008822 0.910266519 0.399955034
  outer loop
   vertex 41981.832 29104.3672 29988.7383
   vertex 41925.1133 29059.002 30076.8125
   vertex 42087.9336 29124.2539 29971.8672
  endloop
 endfacet
facet normal 0.781023145 0.579432666 0.232939139
  outer loop
   vertex 38091.4883 28972.502 32582.4922
   vertex 37998.8789 29121.8516 32521.5039
   vertex 37985.4219 29095.7637 32631.5176
  endloop
 endfacet
facet normal 0.117456965 0.588878691 0.799641013
  outer loop
   vertex 42033.2734 29021.2734 30219.7969
   vertex 42018.2383 28912.2773 30302.2715
   vertex 42194.5039 28975.8203 30229.5859
  endloop
 endfacet
facet normal -0.723773062 0.680268049 -0.115706049
  outer loop
   vertex 41948.2812 29056.0352 29914.4551
   vertex 41925.1133 29059.002 30076.8125
   vertex 41981.832 29104.3672 29988.7383
  endloop
 endfacet
facet normal -0.0547695532 0.830368876 -0.554515839
  outer loop
   vertex 37693.8867 29155.6914 32259.002
   vertex 37823.0625 29159.5547 32252.0273
   vertex 37825.5078 29129.1836 32206.3066
  endloop
 endfacet
facet normal -0.0839226469 0.79017055 -0.607114077
  outer loop
   vertex 37834.8906 28994.9902 32030.3555
   vertex 37693.8867 29155.6914 32259.002
   vertex 37825.5078 29129.1836 32206.3066
  endloop
 endfacet
facet normal 0.258687049 0.948880553 -0.180849895
  outer loop
   vertex 38110.3203 29082.5293 32318.6777
   vertex 38191.5 29042.627 32225.4492
   vertex 37938.582 29127.041 32306.5762
  endloop
 endfacet
facet normal 0.167008072 0.941764593 -0.291869342
  outer loop
   vertex 37693.8867 29155.6914 32259.002
   vertex 37711.2812 29233.4668 32519.9141
   vertex 37938.582 29127.041 32306.5762
  endloop
 endfacet
facet normal 0.560341954 0.66176486 0.498080432
  outer loop
   vertex 37790.3789 29081.8145 32863.6484
   vertex 37866.9297 29159.873 32673.8125
   vertex 37683.1875 29226.7441 32791.6797
  endloop
 endfacet
facet normal 0.126044929 0.898578346 0.420320898
  outer loop
   vertex 37790.3789 29081.8145 32863.6484
   vertex 37877.957 29117.7969 32760.4609
   vertex 37866.9297 29159.873 32673.8125
  endloop
 endfacet
facet normal -0.081116505 0.943794608 -0.320424527
  outer loop
   vertex 37374.7969 29254.8066 32494.3223
   vertex 37363.1328 29287.7539 32594.3184
   vertex 37478.3711 29290.8555 32574.2832
  endloop
 endfacet
facet normal -0.321941376 0.887407601 -0.32994169
  outer loop
   vertex 37244.6562 29240.1641 32581.9238
   vertex 37363.1328 29287.7539 32594.3184
   vertex 37374.7969 29254.8066 32494.3223
  endloop
 endfacet
facet normal 0.513555527 0.801878631 0.305370897
  outer loop
   vertex 37574.5977 29232.0176 32960.4531
   vertex 37683.1875 29226.7441 32791.6797
   vertex 37562.4883 29280.3105 32853.9961
  endloop
 endfacet
facet normal -0.0806530192 0.988589048 -0.127227187
  outer loop
   vertex 37214.5469 29316.3945 32826.4023
   vertex 37209.8516 29323.9688 32888.2344
   vertex 37292.1094 29328.1074 32868.2422
  endloop
 endfacet
facet normal 0.258205116 0.964602172 -0.0535977818
  outer loop
   vertex 37346.1797 29306.0605 32731.9355
   vertex 37292.1094 29328.1074 32868.2422
   vertex 37418.6562 29297.0566 32919.0234
  endloop
 endfacet
facet normal -0.0515970476 0.982428551 -0.179365396
  outer loop
   vertex 37346.1797 29306.0605 32731.9355
   vertex 37214.5469 29316.3945 32826.4023
   vertex 37292.1094 29328.1074 32868.2422
  endloop
 endfacet
facet normal -0.12559633 0.976068914 -0.177524671
  outer loop
   vertex 36969.6562 29287.4824 33045.7617
   vertex 36928.8984 29297.082 33127.3789
   vertex 37032.2383 29312.4883 33138.9805
  endloop
 endfacet
facet normal 0.0201707017 0.979710639 0.199399546
  outer loop
   vertex 36981.4961 29287.9941 33324.7383
   vertex 37027.8672 29256.7773 33473.418
   vertex 37078.9961 29271.7266 33394.7969
  endloop
 endfacet
facet normal 0.0486061834 0.980447054 0.190685511
  outer loop
   vertex 36912.8477 29258.2832 33495
   vertex 37027.8672 29256.7773 33473.418
   vertex 36981.4961 29287.9941 33324.7383
  endloop
 endfacet
facet normal -0.0505898111 0.989162982 -0.137830406
  outer loop
   vertex 37478.3711 29290.8555 32574.2832
   vertex 37363.1328 29287.7539 32594.3184
   vertex 37346.1797 29306.0605 32731.9355
  endloop
 endfacet
facet normal 0.0825815275 0.996222675 -0.0268453024
  outer loop
   vertex 37539.5352 29290.0645 32733.0977
   vertex 37478.3711 29290.8555 32574.2832
   vertex 37346.1797 29306.0605 32731.9355
  endloop
 endfacet
facet normal -0.0449230969 0.998750091 0.0219116099
  outer loop
   vertex 37292.1094 29328.1074 32868.2422
   vertex 37209.8516 29323.9688 32888.2344
   vertex 37247.125 29323.9785 32964.2148
  endloop
 endfacet
facet normal 0.271134436 0.887473583 0.37266168
  outer loop
   vertex 37447.9492 29197.3906 33135.0586
   vertex 37574.5977 29232.0176 32960.4531
   vertex 37418.6562 29297.0566 32919.0234
  endloop
 endfacet
facet normal 0.255502641 0.896063626 0.363026738
  outer loop
   vertex 37556.668 29201.75 33047.7812
   vertex 37574.5977 29232.0176 32960.4531
   vertex 37447.9492 29197.3906 33135.0586
  endloop
 endfacet
facet normal 0.271451652 0.887717068 0.371849954
  outer loop
   vertex 37574.5977 29232.0176 32960.4531
   vertex 37562.4883 29280.3105 32853.9961
   vertex 37418.6562 29297.0566 32919.0234
  endloop
 endfacet
facet normal 0.540631175 0.840931594 0.0234946366
  outer loop
   vertex 37998.8789 29121.8516 32521.5039
   vertex 37888.707 29193.9941 32474.4805
   vertex 37875.0352 29200.709 32548.7305
  endloop
 endfacet
facet normal 0.139227286 0.988823175 0.0533342399
  outer loop
   vertex 37562.4883 29280.3105 32853.9961
   vertex 37539.5352 29290.0645 32733.0977
   vertex 37418.6562 29297.0566 32919.0234
  endloop
 endfacet
facet normal 0.0823443979 0.996474445 0.0160643589
  outer loop
   vertex 37346.1797 29306.0605 32731.9355
   vertex 37418.6562 29297.0566 32919.0234
   vertex 37539.5352 29290.0645 32733.0977
  endloop
 endfacet
facet normal -0.181203589 0.977385819 -0.109005772
  outer loop
   vertex 37247.125 29323.9785 32964.2148
   vertex 37177.9805 29320.918 33051.707
   vertex 37242.9297 29331.2461 33036.3477
  endloop
 endfacet
facet normal -0.225229234 0.963563263 -0.144283101
  outer loop
   vertex 37247.125 29323.9785 32964.2148
   vertex 37071.2695 29271.2012 32886.2656
   vertex 37177.9805 29320.918 33051.707
  endloop
 endfacet
facet normal 0.186971456 0.973787427 0.12953645
  outer loop
   vertex 37292.1094 29328.1074 32868.2422
   vertex 37247.125 29323.9785 32964.2148
   vertex 37418.6562 29297.0566 32919.0234
  endloop
 endfacet
facet normal 0.0616261438 0.963296771 0.261269152
  outer loop
   vertex 36966.6641 29232.4922 33577.3945
   vertex 37027.8672 29256.7773 33473.418
   vertex 36912.8477 29258.2832 33495
  endloop
 endfacet
facet normal -0.186272413 0.909055948 0.372719616
  outer loop
   vertex 36790.7148 29195.7363 33629.9219
   vertex 36891.7656 29229.1484 33598.9297
   vertex 36839.4062 29241.623 33542.3359
  endloop
 endfacet
facet normal -0.400501519 0.874380708 0.27396521
  outer loop
   vertex 36981.4961 29287.9941 33324.7383
   vertex 36948.2266 29310.6445 33203.8125
   vertex 36850.8125 29265.334 33206.0156
  endloop
 endfacet
facet normal -0.484461039 0.874533355 -0.0221110694
  outer loop
   vertex 36511.2344 29080.1934 33429.6836
   vertex 36653.4844 29162.6973 33576.1523
   vertex 36762.2773 29219.0547 33421.4531
  endloop
 endfacet
facet normal -0.474375129 0.866739154 0.15405032
  outer loop
   vertex 36511.2344 29080.1934 33429.6836
   vertex 36762.2773 29219.0547 33421.4531
   vertex 36638.0508 29167.9746 33326.3086
  endloop
 endfacet
facet normal -0.12397673 0.976077199 -0.178614259
  outer loop
   vertex 37071.2695 29271.2012 32886.2656
   vertex 36969.6562 29287.4824 33045.7617
   vertex 37032.2383 29312.4883 33138.9805
  endloop
 endfacet
facet normal -0.0755612105 0.791285694 0.606759787
  outer loop
   vertex 36790.7148 29195.7363 33629.9219
   vertex 36941.4727 29143.5625 33716.7383
   vertex 36891.7656 29229.1484 33598.9297
  endloop
 endfacet
facet normal -0.433757097 0.900076807 -0.0414305292
  outer loop
   vertex 36554.0312 29110.6426 33643.1211
   vertex 36511.2344 29080.1934 33429.6836
   vertex 36455.9336 29063.2031 33639.5664
  endloop
 endfacet
facet normal -0.50455904 0.847725272 0.163652226
  outer loop
   vertex 36839.4062 29241.623 33542.3359
   vertex 36762.2773 29219.0547 33421.4531
   vertex 36790.7148 29195.7363 33629.9219
  endloop
 endfacet
facet normal -0.277095526 0.959228575 0.0556649268
  outer loop
   vertex 36912.8477 29258.2832 33495
   vertex 36981.4961 29287.9941 33324.7383
   vertex 36762.2773 29219.0547 33421.4531
  endloop
 endfacet
facet normal -0.257875025 0.960942268 0.100451119
  outer loop
   vertex 36981.4961 29287.9941 33324.7383
   vertex 36850.8125 29265.334 33206.0156
   vertex 36762.2773 29219.0547 33421.4531
  endloop
 endfacet
facet normal -0.405095905 0.913787723 0.0298212301
  outer loop
   vertex 36850.8125 29265.334 33206.0156
   vertex 36701.3359 29198.0234 33238.0781
   vertex 36762.2773 29219.0547 33421.4531
  endloop
 endfacet
facet normal -0.397774875 0.917085409 0.027010059
  outer loop
   vertex 36701.3359 29198.0234 33238.0781
   vertex 36638.0508 29167.9746 33326.3086
   vertex 36762.2773 29219.0547 33421.4531
  endloop
 endfacet
facet normal -0.524538815 0.850943744 0.0274541732
  outer loop
   vertex 36413.0391 29039.3027 33560.8438
   vertex 36377.1602 29014.7383 33636.7109
   vertex 36455.9336 29063.2031 33639.5664
  endloop
 endfacet
facet normal -0.478877097 0.877397954 -0.0291478392
  outer loop
   vertex 36554.0312 29110.6426 33643.1211
   vertex 36653.4844 29162.6973 33576.1523
   vertex 36511.2344 29080.1934 33429.6836
  endloop
 endfacet
facet normal -0.430158973 0.872029364 0.233512416
  outer loop
   vertex 36504.1484 29040.7305 33812.3086
   vertex 36554.0312 29110.6426 33643.1211
   vertex 36455.9336 29063.2031 33639.5664
  endloop
 endfacet
facet normal -0.384992719 0.895339251 0.223938063
  outer loop
   vertex 36399.6797 29015.5938 33733.2031
   vertex 36504.1484 29040.7305 33812.3086
   vertex 36455.9336 29063.2031 33639.5664
  endloop
 endfacet
facet normal -0.60164839 0.740972817 -0.298292637
  outer loop
   vertex 36928.8984 29297.082 33127.3789
   vertex 36850.8125 29265.334 33206.0156
   vertex 36920.1875 29309.7812 33176.4961
  endloop
 endfacet
facet normal 0.58617878 0.808795691 -0.0473709926
  outer loop
   vertex 37247.125 29323.9785 32964.2148
   vertex 37242.9297 29331.2461 33036.3477
   vertex 37286.8086 29302.2051 33083.4883
  endloop
 endfacet
facet normal 0.183994845 0.975944579 0.116953313
  outer loop
   vertex 37247.125 29323.9785 32964.2148
   vertex 37286.8086 29302.2051 33083.4883
   vertex 37418.6562 29297.0566 32919.0234
  endloop
 endfacet
facet normal 0.439785987 0.836701989 0.326371014
  outer loop
   vertex 37447.9492 29197.3906 33135.0586
   vertex 37418.6562 29297.0566 32919.0234
   vertex 37286.8086 29302.2051 33083.4883
  endloop
 endfacet
facet normal 0.36441347 0.842302382 0.397151768
  outer loop
   vertex 37160.8008 29212.1836 33446.0195
   vertex 37078.9961 29271.7266 33394.7969
   vertex 37027.8672 29256.7773 33473.418
  endloop
 endfacet
facet normal -0.385166526 0.846013308 0.368657291
  outer loop
   vertex 36850.8125 29265.334 33206.0156
   vertex 36948.2266 29310.6445 33203.8125
   vertex 36920.1875 29309.7812 33176.4961
  endloop
 endfacet
facet normal 0.0303602777 0.999537647 0.00165132014
  outer loop
   vertex 37165.9648 29308.3477 33186.9648
   vertex 37032.2383 29312.4883 33138.9805
   vertex 37079.9453 29310.8652 33244.8398
  endloop
 endfacet
facet normal -0.00229671877 0.995725453 0.0923340246
  outer loop
   vertex 37177.9805 29320.918 33051.707
   vertex 37032.2383 29312.4883 33138.9805
   vertex 37165.9648 29308.3477 33186.9648
  endloop
 endfacet
facet normal -0.0761310384 0.873147488 -0.48147434
  outer loop
   vertex 36928.8984 29297.082 33127.3789
   vertex 36957.1289 29319.3574 33163.3125
   vertex 37032.2383 29312.4883 33138.9805
  endloop
 endfacet
facet normal 0.452848226 0.841361284 0.295024782
  outer loop
   vertex 37447.9492 29197.3906 33135.0586
   vertex 37286.8086 29302.2051 33083.4883
   vertex 37264.9883 29249.1543 33268.2656
  endloop
 endfacet
facet normal -0.00927784387 0.84747833 0.530748844
  outer loop
   vertex 37177.9805 29320.918 33051.707
   vertex 37286.8086 29302.2051 33083.4883
   vertex 37242.9297 29331.2461 33036.3477
  endloop
 endfacet
facet normal 0.139009491 0.984828413 0.103872053
  outer loop
   vertex 37177.9805 29320.918 33051.707
   vertex 37165.9648 29308.3477 33186.9648
   vertex 37286.8086 29302.2051 33083.4883
  endloop
 endfacet
facet normal 0.187853783 0.952987432 0.237751812
  outer loop
   vertex 37165.9648 29308.3477 33186.9648
   vertex 37079.9453 29310.8652 33244.8398
   vertex 37126.8477 29284.1074 33315.0352
  endloop
 endfacet
facet normal -0.166177258 0.968788207 -0.183941677
  outer loop
   vertex 37177.9805 29320.918 33051.707
   vertex 37071.2695 29271.2012 32886.2656
   vertex 37032.2383 29312.4883 33138.9805
  endloop
 endfacet
facet normal 0.0471274629 0.943450689 0.328145981
  outer loop
   vertex 37126.8477 29284.1074 33315.0352
   vertex 37079.9453 29310.8652 33244.8398
   vertex 36981.4961 29287.9941 33324.7383
  endloop
 endfacet
facet normal -0.191530034 0.967339635 0.166042909
  outer loop
   vertex 36948.2266 29310.6445 33203.8125
   vertex 36957.1289 29319.3574 33163.3125
   vertex 36920.1875 29309.7812 33176.4961
  endloop
 endfacet
facet normal -0.336135089 0.895668983 -0.291187704
  outer loop
   vertex 36928.8984 29297.082 33127.3789
   vertex 36920.1875 29309.7812 33176.4961
   vertex 36957.1289 29319.3574 33163.3125
  endloop
 endfacet
facet normal 0.388127118 0.846571803 0.364243746
  outer loop
   vertex 37160.8008 29212.1836 33446.0195
   vertex 37126.8477 29284.1074 33315.0352
   vertex 37078.9961 29271.7266 33394.7969
  endloop
 endfacet
facet normal -0.158344209 0.983592272 0.0864488482
  outer loop
   vertex 37032.2383 29312.4883 33138.9805
   vertex 36981.4961 29287.9941 33324.7383
   vertex 37079.9453 29310.8652 33244.8398
  endloop
 endfacet
facet normal 0.0993700996 0.982631445 0.15671964
  outer loop
   vertex 37032.2383 29312.4883 33138.9805
   vertex 36948.2266 29310.6445 33203.8125
   vertex 36981.4961 29287.9941 33324.7383
  endloop
 endfacet
facet normal 0.16588144 0.955954671 0.242144704
  outer loop
   vertex 36957.1289 29319.3574 33163.3125
   vertex 36948.2266 29310.6445 33203.8125
   vertex 37032.2383 29312.4883 33138.9805
  endloop
 endfacet
facet normal 0.376075625 0.924529016 0.0617512874
  outer loop
   vertex 37683.1875 29226.7441 32791.6797
   vertex 37866.9297 29159.873 32673.8125
   vertex 37711.2812 29233.4668 32519.9141
  endloop
 endfacet
facet normal 0.204491213 0.977551818 -0.0507524125
  outer loop
   vertex 37875.0352 29200.709 32548.7305
   vertex 37888.707 29193.9941 32474.4805
   vertex 37711.2812 29233.4668 32519.9141
  endloop
 endfacet
facet normal 0.228090182 0.972392321 -0.0492754169
  outer loop
   vertex 37533.0664 29272.7383 32469.957
   vertex 37478.3711 29290.8555 32574.2832
   vertex 37711.2812 29233.4668 32519.9141
  endloop
 endfacet
facet normal 0.281337857 0.917000234 -0.282771349
  outer loop
   vertex 37711.2812 29233.4668 32519.9141
   vertex 37565.4219 29233.9277 32376.2852
   vertex 37533.0664 29272.7383 32469.957
  endloop
 endfacet
facet normal 0.00175206549 0.860623002 0.509239614
  outer loop
   vertex 37938.582 29127.041 32306.5762
   vertex 37823.0625 29159.5547 32252.0273
   vertex 37693.8867 29155.6914 32259.002
  endloop
 endfacet
facet normal 0.462671191 0.879859447 -0.108548351
  outer loop
   vertex 37998.8789 29121.8516 32521.5039
   vertex 38171.543 29017.9883 32415.5898
   vertex 37938.582 29127.041 32306.5762
  endloop
 endfacet
facet normal 0.544995964 0.835588336 0.0690762922
  outer loop
   vertex 38099.7422 29056.7695 32512.9551
   vertex 38171.543 29017.9883 32415.5898
   vertex 37998.8789 29121.8516 32521.5039
  endloop
 endfacet
facet normal 0.192948908 0.868533969 0.456529766
  outer loop
   vertex 38171.543 29017.9883 32415.5898
   vertex 38110.3203 29082.5293 32318.6777
   vertex 37938.582 29127.041 32306.5762
  endloop
 endfacet
facet normal 0.440309048 0.758554518 -0.480336368
  outer loop
   vertex 37823.0625 29159.5547 32252.0273
   vertex 37938.582 29127.041 32306.5762
   vertex 37825.5078 29129.1836 32206.3066
  endloop
 endfacet
facet normal 0.394115478 0.788014054 0.472976536
  outer loop
   vertex 41324.7969 28871.6211 30760.9082
   vertex 41354.6797 28946.6445 30611.0137
   vertex 41273.2734 28943.8281 30683.5391
  endloop
 endfacet
facet normal 0.164197862 0.868617952 0.467484653
  outer loop
   vertex 41324.7969 28871.6211 30760.9082
   vertex 41456.8203 28897.6934 30666.0938
   vertex 41354.6797 28946.6445 30611.0137
  endloop
 endfacet
facet normal 0.387651801 0.666526198 0.636764407
  outer loop
   vertex 41876.7578 28882.459 30394.2402
   vertex 41746.6758 28946.8281 30406.0566
   vertex 41753.8867 28854.4453 30498.3652
  endloop
 endfacet
facet normal -0.0120624425 0.999607563 0.0252819937
  outer loop
   vertex 41273.2734 28943.8281 30683.5391
   vertex 41354.6797 28946.6445 30611.0137
   vertex 41172.8359 28945.0957 30585.498
  endloop
 endfacet
facet normal 0.380807251 0.768070996 0.514832795
  outer loop
   vertex 42457.7539 29165.4395 29969.9121
   vertex 42353.6484 29167.2266 30044.252
   vertex 42401.25 29084.0137 30133.1895
  endloop
 endfacet
facet normal -0.336242557 0.940994561 -0.0383427404
  outer loop
   vertex 41696.2773 28982.7109 30211.2227
   vertex 41925.1133 29059.002 30076.8125
   vertex 41749.6641 28993.7578 30014.2168
  endloop
 endfacet
facet normal -0.126702443 0.939700186 0.317663491
  outer loop
   vertex 41696.2773 28982.7109 30211.2227
   vertex 41885.9727 28984.9707 30280.1973
   vertex 41925.1133 29059.002 30076.8125
  endloop
 endfacet
facet normal 0.595075369 0.590827405 0.544801176
  outer loop
   vertex 41753.8867 28854.4453 30498.3652
   vertex 41746.6758 28946.8281 30406.0566
   vertex 41682.6133 28925.8867 30498.7402
  endloop
 endfacet
facet normal 0.388731807 0.66938138 0.63310045
  outer loop
   vertex 41746.6758 28946.8281 30406.0566
   vertex 41876.7578 28882.459 30394.2402
   vertex 41885.9727 28984.9707 30280.1973
  endloop
 endfacet
facet normal -0.427085876 0.90089196 -0.0774037838
  outer loop
   vertex 41837.7617 29004.4727 29924.1094
   vertex 41925.1133 29059.002 30076.8125
   vertex 41948.2812 29056.0352 29914.4551
  endloop
 endfacet
facet normal -0.289289951 0.941869795 -0.170858398
  outer loop
   vertex 41837.7617 29004.4727 29924.1094
   vertex 41749.6641 28993.7578 30014.2168
   vertex 41925.1133 29059.002 30076.8125
  endloop
 endfacet
facet normal -0.193752587 0.980475724 0.0335752815
  outer loop
   vertex 41696.2773 28982.7109 30211.2227
   vertex 41438.1992 28931.5449 30216.0801
   vertex 41550.0508 28944.7285 30476.5527
  endloop
 endfacet
facet normal 0.0957992077 0.991203964 -0.0913084447
  outer loop
   vertex 41438.1992 28931.5449 30216.0801
   vertex 41325.6484 28962.1562 30430.3008
   vertex 41550.0508 28944.7285 30476.5527
  endloop
 endfacet
facet normal 0.00209524506 0.768340707 0.640037596
  outer loop
   vertex 41646.1172 28882.7305 30550.666
   vertex 41682.6133 28925.8867 30498.7402
   vertex 41550.0508 28944.7285 30476.5527
  endloop
 endfacet
facet normal 0.0498704575 0.98445487 0.168408856
  outer loop
   vertex 41746.6758 28946.8281 30406.0566
   vertex 41696.2773 28982.7109 30211.2227
   vertex 41550.0508 28944.7285 30476.5527
  endloop
 endfacet
facet normal 0.0894350484 0.956431031 0.277922779
  outer loop
   vertex 41682.6133 28925.8867 30498.7402
   vertex 41746.6758 28946.8281 30406.0566
   vertex 41550.0508 28944.7285 30476.5527
  endloop
 endfacet
facet normal 0.217914715 0.96225518 -0.16302821
  outer loop
   vertex 38070.2461 29047.7168 32093.4062
   vertex 38014.7969 29071.8906 32161.9746
   vertex 38191.5 29042.627 32225.4492
  endloop
 endfacet
facet normal 0.239789039 0.942435384 -0.233059511
  outer loop
   vertex 37938.582 29127.041 32306.5762
   vertex 38191.5 29042.627 32225.4492
   vertex 38014.7969 29071.8906 32161.9746
  endloop
 endfacet
facet normal 0.147476375 0.678200126 0.719927311
  outer loop
   vertex 42033.2734 29021.2734 30219.7969
   vertex 42194.5039 28975.8203 30229.5859
   vertex 42128.1289 29086.5918 30138.832
  endloop
 endfacet
facet normal -0.396927208 0.779382348 -0.484780282
  outer loop
   vertex 42134.4492 29025.25 29666.7539
   vertex 42027.9805 29049.5098 29792.9277
   vertex 42174.4688 29144.3984 29825.541
  endloop
 endfacet
facet normal -0.358753502 0.812786758 -0.458991915
  outer loop
   vertex 42134.4492 29025.25 29666.7539
   vertex 42001.0781 28969.3301 29671.9707
   vertex 42027.9805 29049.5098 29792.9277
  endloop
 endfacet
facet normal -0.125238419 0.839488506 0.528747976
  outer loop
   vertex 42255.4805 29142.6309 30080.0234
   vertex 42128.1289 29086.5918 30138.832
   vertex 42262.6992 29082.6035 30177.0371
  endloop
 endfacet
facet normal -0.327621907 0.942640662 -0.0639728829
  outer loop
   vertex 42087.9336 29124.2539 29971.8672
   vertex 42284.3008 29189.8496 29932.7695
   vertex 42174.4688 29144.3984 29825.541
  endloop
 endfacet
facet normal -0.262222707 0.932662964 0.247747913
  outer loop
   vertex 42087.9336 29124.2539 29971.8672
   vertex 42255.4805 29142.6309 30080.0234
   vertex 42284.3008 29189.8496 29932.7695
  endloop
 endfacet
facet normal -0.412994325 0.775379062 -0.477726907
  outer loop
   vertex 42134.4492 29025.25 29666.7539
   vertex 42174.4688 29144.3984 29825.541
   vertex 42278.3555 29158.3809 29758.4238
  endloop
 endfacet
facet normal -0.23336184 0.859865248 -0.454063922
  outer loop
   vertex 41981.832 29104.3672 29988.7383
   vertex 42087.9336 29124.2539 29971.8672
   vertex 41948.2812 29056.0352 29914.4551
  endloop
 endfacet
facet normal -0.136890352 0.950754285 0.27807799
  outer loop
   vertex 42284.3008 29189.8496 29932.7695
   vertex 42255.4805 29142.6309 30080.0234
   vertex 42353.6484 29167.2266 30044.252
  endloop
 endfacet
facet normal -0.505501986 0.843227625 -0.182852298
  outer loop
   vertex 42027.9805 29049.5098 29792.9277
   vertex 42087.9336 29124.2539 29971.8672
   vertex 42174.4688 29144.3984 29825.541
  endloop
 endfacet
facet normal 0.0562679991 0.74390173 0.665916026
  outer loop
   vertex 42401.25 29084.0137 30133.1895
   vertex 42353.6484 29167.2266 30044.252
   vertex 42255.4805 29142.6309 30080.0234
  endloop
 endfacet
facet normal -0.57054466 0.781239331 0.253266484
  outer loop
   vertex 42284.3008 29189.8496 29932.7695
   vertex 42257.7852 29199.8613 29842.1504
   vertex 42174.4688 29144.3984 29825.541
  endloop
 endfacet
facet normal 0.119032398 0.902366102 -0.414206058
  outer loop
   vertex 44236.1133 29023.502 28391.6113
   vertex 44178.7305 29092.5762 28525.5996
   vertex 44394.4648 29020.707 28431.0273
  endloop
 endfacet
facet normal 0.354842961 0.93344301 0.0526367798
  outer loop
   vertex 44418.2227 29078.0664 28501.4316
   vertex 44384.2422 29088.2949 28549.0801
   vertex 44464.4727 29058.6895 28533.2363
  endloop
 endfacet
facet normal 0.251496047 0.88780123 -0.385433197
  outer loop
   vertex 44445.4531 29084.5332 28580.3516
   vertex 44464.4727 29058.6895 28533.2363
   vertex 44384.2422 29088.2949 28549.0801
  endloop
 endfacet
facet normal -0.26064834 0.839837134 0.476168096
  outer loop
   vertex 45014.6406 28748.5684 28730.041
   vertex 44913.4805 28685.6582 28785.627
   vertex 45008.9844 28727.0391 28764.918
  endloop
 endfacet
facet normal 0.125612363 0.179452285 0.975714326
  outer loop
   vertex 45552.3086 28348.0137 28672.0156
   vertex 45923.5273 28432.6973 28608.6504
   vertex 45594.918 28556.5508 28628.1758
  endloop
 endfacet
facet normal 0.273945987 0.143931955 0.950913846
  outer loop
   vertex 45552.3086 28348.0137 28672.0156
   vertex 45594.918 28556.5508 28628.1758
   vertex 45268.6914 28588.1973 28717.3672
  endloop
 endfacet
facet normal 0.118731163 -0.047072947 0.991809964
  outer loop
   vertex 45552.3086 28348.0137 28672.0156
   vertex 45268.6914 28588.1973 28717.3672
   vertex 45136.7773 28376.9395 28723.1328
  endloop
 endfacet
facet normal 0.382990271 -0.208083972 0.900010824
  outer loop
   vertex 44193.6719 28618.082 29045.8008
   vertex 44551.0586 28651.543 28901.4551
   vertex 44294.5352 28816.0762 29048.6562
  endloop
 endfacet
facet normal 0.0164265484 0.983760715 0.178731799
  outer loop
   vertex 46304.8281 28602.2148 28366.8633
   vertex 46582.8789 28605.3711 28323.9395
   vertex 46460.6055 28618.2715 28264.168
  endloop
 endfacet
facet normal 0.536645412 -0.327182382 0.777793944
  outer loop
   vertex 43979 28653.1328 29208.6621
   vertex 44193.6719 28618.082 29045.8008
   vertex 44069.707 28803.2129 29209.207
  endloop
 endfacet
facet normal 0.0061322446 0.589554429 0.807705343
  outer loop
   vertex 45937.2383 28582.4199 28499.2617
   vertex 45923.5273 28432.6973 28608.6504
   vertex 46222.0078 28488.8555 28565.3945
  endloop
 endfacet
facet normal 0.565782726 -0.299304485 0.768314242
  outer loop
   vertex 44069.707 28803.2129 29209.207
   vertex 44193.6719 28618.082 29045.8008
   vertex 44294.5352 28816.0762 29048.6562
  endloop
 endfacet
facet normal 0.268595517 0.804325938 0.530015349
  outer loop
   vertex 45171.2148 28676.1953 28735.3418
   vertex 45236.3867 28652.4102 28738.4082
   vertex 45239.4141 28663.4434 28720.1328
  endloop
 endfacet
facet normal 0.206970751 -0.263031155 0.942325711
  outer loop
   vertex 44602.375 28494.3242 28846.2988
   vertex 44785.1367 28487.7559 28804.3242
   vertex 44551.0586 28651.543 28901.4551
  endloop
 endfacet
facet normal 0.181396097 -0.47066021 0.863466501
  outer loop
   vertex 44655.3945 28396.7637 28781.9844
   vertex 44785.1367 28487.7559 28804.3242
   vertex 44602.375 28494.3242 28846.2988
  endloop
 endfacet
facet normal 0.18289341 0.129449621 0.974573135
  outer loop
   vertex 44551.0586 28651.543 28901.4551
   vertex 44665.5625 28749.3652 28866.9746
   vertex 44520.8086 28888.4609 28875.6641
  endloop
 endfacet
facet normal 0.566624343 0.160338119 0.808225572
  outer loop
   vertex 44551.0586 28651.543 28901.4551
   vertex 44520.8086 28888.4609 28875.6641
   vertex 44294.5352 28816.0762 29048.6562
  endloop
 endfacet
facet normal 0.0902000964 -0.303347111 0.948601305
  outer loop
   vertex 44418.4531 28451.7051 28850.1602
   vertex 44602.375 28494.3242 28846.2988
   vertex 44551.0586 28651.543 28901.4551
  endloop
 endfacet
facet normal 0.369943529 -0.45360145 0.810794353
  outer loop
   vertex 44551.0586 28651.543 28901.4551
   vertex 44193.6719 28618.082 29045.8008
   vertex 44418.4531 28451.7051 28850.1602
  endloop
 endfacet
facet normal 0.478318423 0.678723097 0.557266951
  outer loop
   vertex 44913.4805 28685.6582 28785.627
   vertex 44795.7305 28864.7656 28668.5508
   vertex 44520.8086 28888.4609 28875.6641
  endloop
 endfacet
facet normal 0.369864464 0.330666631 0.868251026
  outer loop
   vertex 44520.8086 28888.4609 28875.6641
   vertex 44665.5625 28749.3652 28866.9746
   vertex 44913.4805 28685.6582 28785.627
  endloop
 endfacet
facet normal 0.306320995 -0.0231059976 0.951647818
  outer loop
   vertex 44551.0586 28651.543 28901.4551
   vertex 44913.4805 28685.6582 28785.627
   vertex 44665.5625 28749.3652 28866.9746
  endloop
 endfacet
facet normal 0.312129796 -0.113297969 0.943259537
  outer loop
   vertex 44551.0586 28651.543 28901.4551
   vertex 44785.1367 28487.7559 28804.3242
   vertex 44913.4805 28685.6582 28785.627
  endloop
 endfacet
facet normal 0.107751705 0.0555696897 0.992623568
  outer loop
   vertex 46479.8164 28437.3477 28540.291
   vertex 46222.0078 28488.8555 28565.3945
   vertex 46248.4297 28324.8535 28571.707
  endloop
 endfacet
facet normal 0.119115084 0.115611322 0.986126602
  outer loop
   vertex 46479.8164 28437.3477 28540.291
   vertex 46389.4375 28524.9434 28540.9395
   vertex 46222.0078 28488.8555 28565.3945
  endloop
 endfacet
facet normal 0.285010338 -0.187371001 0.940032542
  outer loop
   vertex 45077.6211 28716.6289 28742.0332
   vertex 45008.9844 28727.0391 28764.918
   vertex 44913.4805 28685.6582 28785.627
  endloop
 endfacet
facet normal 0.256154925 0.554849505 0.791534364
  outer loop
   vertex 45594.918 28556.5508 28628.1758
   vertex 45923.5273 28432.6973 28608.6504
   vertex 45937.2383 28582.4199 28499.2617
  endloop
 endfacet
facet normal 0.348926008 0.9370386 0.0144655872
  outer loop
   vertex 45244.4688 28698.1289 28638.7227
   vertex 45085.1797 28760.6562 28430.5371
   vertex 44795.7305 28864.7656 28668.5508
  endloop
 endfacet
facet normal 0.0908214375 0.991302609 -0.0952398255
  outer loop
   vertex 46840.7188 28584.8613 28166.1289
   vertex 46605.8125 28608.0078 28183.0273
   vertex 46723.6016 28604.8789 28262.7891
  endloop
 endfacet
facet normal 0.0783946589 0.968425035 -0.236658409
  outer loop
   vertex 46840.7188 28584.8613 28166.1289
   vertex 46731.9258 28557.2559 28017.1289
   vertex 46605.8125 28608.0078 28183.0273
  endloop
 endfacet
facet normal -0.0219224729 0.628555894 0.777455389
  outer loop
   vertex 46389.4375 28524.9434 28540.9395
   vertex 46285.8516 28565.3086 28505.3828
   vertex 46222.0078 28488.8555 28565.3945
  endloop
 endfacet
facet normal -0.0225644968 0.759168625 -0.650502741
  outer loop
   vertex 46320.1953 28567.0996 28149.3203
   vertex 46141.1406 28415.0957 27978.1348
   vertex 45999.3945 28535.4766 28123.543
  endloop
 endfacet
facet normal 0.127360255 0.95394218 0.271613061
  outer loop
   vertex 46304.8281 28602.2148 28366.8633
   vertex 46285.8516 28565.3086 28505.3828
   vertex 46519.9414 28547.3438 28458.7109
  endloop
 endfacet
facet normal 0.390739471 0.742788911 -0.543679416
  outer loop
   vertex 44648.0039 28928.7891 28487.666
   vertex 44394.4648 29020.707 28431.0273
   vertex 44464.4727 29058.6895 28533.2363
  endloop
 endfacet
facet normal 0.0539200678 0.907754838 0.416021407
  outer loop
   vertex 46582.8789 28605.3711 28323.9395
   vertex 46304.8281 28602.2148 28366.8633
   vertex 46519.9414 28547.3438 28458.7109
  endloop
 endfacet
facet normal -0.16642037 0.817302465 -0.551652968
  outer loop
   vertex 46504.8789 28455.8457 27928.7754
   vertex 46141.1406 28415.0957 27978.1348
   vertex 46320.1953 28567.0996 28149.3203
  endloop
 endfacet
facet normal -0.437272727 0.518095016 -0.73509872
  outer loop
   vertex 46617.9219 28422.1113 27837.7578
   vertex 46590.7539 28329.6855 27788.7773
   vertex 46504.8789 28455.8457 27928.7754
  endloop
 endfacet
facet normal -0.216775775 0.786507428 -0.578285694
  outer loop
   vertex 46320.1953 28567.0996 28149.3203
   vertex 46543.5898 28567.5918 28066.248
   vertex 46504.8789 28455.8457 27928.7754
  endloop
 endfacet
facet normal -0.0223945938 0.52491045 -0.850862801
  outer loop
   vertex 46765.5195 28444.7227 27855.1465
   vertex 46817.25 28259.6211 27739.5918
   vertex 46590.7539 28329.6855 27788.7773
  endloop
 endfacet
facet normal 0.425923377 0.433581978 0.794100702
  outer loop
   vertex 46519.9414 28547.3438 28458.7109
   vertex 46389.4375 28524.9434 28540.9395
   vertex 46479.8164 28437.3477 28540.291
  endloop
 endfacet
facet normal 0.163840398 0.854558289 0.492835164
  outer loop
   vertex 46285.8516 28565.3086 28505.3828
   vertex 46389.4375 28524.9434 28540.9395
   vertex 46519.9414 28547.3438 28458.7109
  endloop
 endfacet
facet normal 0.0340189785 0.46016103 -0.887183487
  outer loop
   vertex 46617.9219 28422.1113 27837.7578
   vertex 46765.5195 28444.7227 27855.1465
   vertex 46590.7539 28329.6855 27788.7773
  endloop
 endfacet
facet normal -0.309216768 0.604342103 -0.734272182
  outer loop
   vertex 46504.8789 28455.8457 27928.7754
   vertex 46590.7539 28329.6855 27788.7773
   vertex 46331.168 28252 27834.1562
  endloop
 endfacet
facet normal -0.172094792 0.531607747 -0.829322994
  outer loop
   vertex 46504.8789 28455.8457 27928.7754
   vertex 46331.168 28252 27834.1562
   vertex 46141.1406 28415.0957 27978.1348
  endloop
 endfacet
facet normal 0.132218376 0.0593888052 0.989439905
  outer loop
   vertex 45923.5273 28432.6973 28608.6504
   vertex 46248.4297 28324.8535 28571.707
   vertex 46222.0078 28488.8555 28565.3945
  endloop
 endfacet
facet normal 0.0899416879 0.690715194 -0.717511714
  outer loop
   vertex 45367.3008 28537.1914 28150.5195
   vertex 45073.9414 28595.9883 28170.3477
   vertex 45233.5195 28677.0879 28268.4219
  endloop
 endfacet
facet normal -0.028319547 0.585930049 -0.809866607
  outer loop
   vertex 44854.1836 28565.4805 28135.8848
   vertex 44776.5352 28699.0645 28235.248
   vertex 44939.9023 28574.6074 28139.4922
  endloop
 endfacet
facet normal 0.152470499 0.367909551 -0.917276025
  outer loop
   vertex 45031.5273 28483.2812 28118.0918
   vertex 44939.9023 28574.6074 28139.4922
   vertex 45073.9414 28595.9883 28170.3477
  endloop
 endfacet
facet normal 0.0214410387 0.413881153 -0.910078406
  outer loop
   vertex 45367.3008 28537.1914 28150.5195
   vertex 45031.5273 28483.2812 28118.0918
   vertex 45073.9414 28595.9883 28170.3477
  endloop
 endfacet
facet normal -0.260445267 0.949862599 -0.173000962
  outer loop
   vertex 45233.5195 28677.0879 28268.4219
   vertex 45320.207 28713.2656 28336.543
   vertex 45322.0703 28707.4297 28301.7051
  endloop
 endfacet
facet normal -0.161380321 0.37442103 -0.913107455
  outer loop
   vertex 45651.1992 28420.832 28052.6309
   vertex 45387.5547 28338.1387 28065.3184
   vertex 45367.3008 28537.1914 28150.5195
  endloop
 endfacet
facet normal -0.026475491 0.572430611 -0.819525599
  outer loop
   vertex 44945.625 28536.9375 28112.9941
   vertex 44854.1836 28565.4805 28135.8848
   vertex 44939.9023 28574.6074 28139.4922
  endloop
 endfacet
facet normal 0.193442374 0.292819053 0.936395764
  outer loop
   vertex 44913.4805 28685.6582 28785.627
   vertex 45171.2148 28676.1953 28735.3418
   vertex 45077.6211 28716.6289 28742.0332
  endloop
 endfacet
facet normal 0.191904232 0.0121240616 0.981338739
  outer loop
   vertex 44913.4805 28685.6582 28785.627
   vertex 45268.6914 28588.1973 28717.3672
   vertex 45171.2148 28676.1953 28735.3418
  endloop
 endfacet
facet normal -0.184296146 -0.388561457 0.902803898
  outer loop
   vertex 45268.6914 28588.1973 28717.3672
   vertex 45236.3867 28652.4102 28738.4082
   vertex 45171.2148 28676.1953 28735.3418
  endloop
 endfacet
facet normal -0.0494382866 0.621233225 -0.782064676
  outer loop
   vertex 44776.5352 28699.0645 28235.248
   vertex 44757.5898 28595.0195 28153.7969
   vertex 44732.8008 28603.0742 28161.7617
  endloop
 endfacet
facet normal 0.0032225945 0.691689789 -0.722187519
  outer loop
   vertex 45488.5 28644.502 28253.8398
   vertex 45677.6445 28580.8301 28193.7012
   vertex 45367.3008 28537.1914 28150.5195
  endloop
 endfacet
facet normal -0.140848577 0.425783664 -0.893795252
  outer loop
   vertex 45488.5 28644.502 28253.8398
   vertex 45590.4297 28637.0469 28234.2266
   vertex 45677.6445 28580.8301 28193.7012
  endloop
 endfacet
facet normal 0.164106905 0.471511215 -0.866456032
  outer loop
   vertex 45322.0703 28707.4297 28301.7051
   vertex 45387.5312 28693.8555 28306.7168
   vertex 45233.5195 28677.0879 28268.4219
  endloop
 endfacet
facet normal 0.0116557749 0.660214543 -0.750986576
  outer loop
   vertex 45651.1992 28420.832 28052.6309
   vertex 45367.3008 28537.1914 28150.5195
   vertex 45677.6445 28580.8301 28193.7012
  endloop
 endfacet
facet normal 0.0427829288 0.667453706 -0.743421257
  outer loop
   vertex 45233.5195 28677.0879 28268.4219
   vertex 45488.5 28644.502 28253.8398
   vertex 45367.3008 28537.1914 28150.5195
  endloop
 endfacet
facet normal 0.0659270138 0.789139688 -0.610665381
  outer loop
   vertex 45233.5195 28677.0879 28268.4219
   vertex 45387.5312 28693.8555 28306.7168
   vertex 45488.5 28644.502 28253.8398
  endloop
 endfacet
facet normal 0.39733392 0.567601383 -0.721078694
  outer loop
   vertex 44945.625 28536.9375 28112.9941
   vertex 44939.9023 28574.6074 28139.4922
   vertex 45031.5273 28483.2812 28118.0918
  endloop
 endfacet
facet normal 0.0251609366 0.395539314 -0.918104351
  outer loop
   vertex 45387.5547 28338.1387 28065.3184
   vertex 45031.5273 28483.2812 28118.0918
   vertex 45367.3008 28537.1914 28150.5195
  endloop
 endfacet
facet normal 0.37842533 0.798497736 0.468183339
  outer loop
   vertex 45171.2148 28676.1953 28735.3418
   vertex 45244.4688 28698.1289 28638.7227
   vertex 45077.6211 28716.6289 28742.0332
  endloop
 endfacet
facet normal 0.0820572227 0.582534254 0.808653474
  outer loop
   vertex 45014.6406 28748.5684 28730.041
   vertex 44795.7305 28864.7656 28668.5508
   vertex 44913.4805 28685.6582 28785.627
  endloop
 endfacet
facet normal -0.117403455 0.505769014 -0.854642689
  outer loop
   vertex 44339.7539 28900.541 28304.6074
   vertex 44236.1133 29023.502 28391.6113
   vertex 44323.2031 28999.7129 28365.5703
  endloop
 endfacet
facet normal 0.348494321 0.841869295 0.412077338
  outer loop
   vertex 45077.6211 28716.6289 28742.0332
   vertex 45244.4688 28698.1289 28638.7227
   vertex 45014.6406 28748.5684 28730.041
  endloop
 endfacet
facet normal 0.264727265 0.598980665 0.755739152
  outer loop
   vertex 45268.6914 28588.1973 28717.3672
   vertex 45594.918 28556.5508 28628.1758
   vertex 45244.4688 28698.1289 28638.7227
  endloop
 endfacet
facet normal 0.914622724 0.34835428 0.205218375
  outer loop
   vertex 45239.4141 28663.4434 28720.1328
   vertex 45268.6914 28588.1973 28717.3672
   vertex 45244.4688 28698.1289 28638.7227
  endloop
 endfacet
facet normal 0.294604063 0.679152071 0.672280431
  outer loop
   vertex 45594.918 28556.5508 28628.1758
   vertex 45587.7578 28639.2539 28547.7637
   vertex 45244.4688 28698.1289 28638.7227
  endloop
 endfacet
facet normal 0.108949199 0.526461303 -0.843189538
  outer loop
   vertex 44449.0312 28704.8359 28196.5332
   vertex 44339.7539 28900.541 28304.6074
   vertex 44776.5352 28699.0645 28235.248
  endloop
 endfacet
facet normal 0.018791955 0.283639818 -0.958746731
  outer loop
   vertex 44449.0312 28704.8359 28196.5332
   vertex 44264.4336 28624.5098 28169.1523
   vertex 44220.9492 28761.5645 28208.8457
  endloop
 endfacet
facet normal 0.0181331076 0.283450663 -0.958815396
  outer loop
   vertex 44264.4336 28624.5098 28169.1523
   vertex 44086.25 28716.9707 28193.1152
   vertex 44220.9492 28761.5645 28208.8457
  endloop
 endfacet
facet normal 0.0370179974 0.597816467 -0.800777853
  outer loop
   vertex 44078.0508 28977.4512 28349.9258
   vertex 44236.1133 29023.502 28391.6113
   vertex 44339.7539 28900.541 28304.6074
  endloop
 endfacet
facet normal -0.0171271153 0.463694751 -0.885829449
  outer loop
   vertex 44000.9688 28828.5527 28273.4746
   vertex 44078.0508 28977.4512 28349.9258
   vertex 44339.7539 28900.541 28304.6074
  endloop
 endfacet
facet normal -0.0533227362 0.597090781 -0.800399482
  outer loop
   vertex 44220.9492 28761.5645 28208.8457
   vertex 44000.9688 28828.5527 28273.4746
   vertex 44339.7539 28900.541 28304.6074
  endloop
 endfacet
facet normal 0.082504198 0.516670704 -0.852199733
  outer loop
   vertex 44449.0312 28704.8359 28196.5332
   vertex 44220.9492 28761.5645 28208.8457
   vertex 44339.7539 28900.541 28304.6074
  endloop
 endfacet
facet normal 0.341971815 0.931114733 0.126809493
  outer loop
   vertex 44384.2422 29088.2949 28549.0801
   vertex 44293.2227 29111.627 28623.2207
   vertex 44473.8867 29040.5273 28658.082
  endloop
 endfacet
facet normal 0.0183932632 0.962615192 -0.2702474
  outer loop
   vertex 45488.5 28644.502 28253.8398
   vertex 45580.7773 28645.5176 28263.7422
   vertex 45590.4297 28637.0469 28234.2266
  endloop
 endfacet
facet normal 0.591748357 0.802406073 0.0773196891
  outer loop
   vertex 45535.2031 28668.041 28378.8301
   vertex 45677.6445 28580.8301 28193.7012
   vertex 45580.7773 28645.5176 28263.7422
  endloop
 endfacet
facet normal 0.0537268221 0.918645263 -0.391413271
  outer loop
   vertex 45969.2422 28604.2148 28288.6094
   vertex 45677.6445 28580.8301 28193.7012
   vertex 45535.2031 28668.041 28378.8301
  endloop
 endfacet
facet normal 0.514712274 0.853916645 -0.0767959431
  outer loop
   vertex 45677.6445 28580.8301 28193.7012
   vertex 45590.4297 28637.0469 28234.2266
   vertex 45580.7773 28645.5176 28263.7422
  endloop
 endfacet
facet normal 0.362571955 0.931351781 0.0335481279
  outer loop
   vertex 45085.1797 28760.6562 28430.5371
   vertex 44648.0039 28928.7891 28487.666
   vertex 44795.7305 28864.7656 28668.5508
  endloop
 endfacet
facet normal 0.120312661 0.899729848 -0.41953671
  outer loop
   vertex 44236.1133 29023.502 28391.6113
   vertex 44394.4648 29020.707 28431.0273
   vertex 44323.2031 28999.7129 28365.5703
  endloop
 endfacet
facet normal 0.0483291782 0.92517978 -0.376439482
  outer loop
   vertex 45999.3945 28535.4766 28123.543
   vertex 45677.6445 28580.8301 28193.7012
   vertex 45969.2422 28604.2148 28288.6094
  endloop
 endfacet
facet normal -0.0174541902 0.994806647 0.100274943
  outer loop
   vertex 45937.2383 28582.4199 28499.2617
   vertex 46304.8281 28602.2148 28366.8633
   vertex 45969.2422 28604.2148 28288.6094
  endloop
 endfacet
facet normal 0.0427031666 0.963937461 0.262680411
  outer loop
   vertex 46285.8516 28565.3086 28505.3828
   vertex 46304.8281 28602.2148 28366.8633
   vertex 45937.2383 28582.4199 28499.2617
  endloop
 endfacet
facet normal 0.0423269905 0.986802936 -0.156295702
  outer loop
   vertex 46320.1953 28567.0996 28149.3203
   vertex 45969.2422 28604.2148 28288.6094
   vertex 46304.8281 28602.2148 28366.8633
  endloop
 endfacet
facet normal -0.00631135097 0.886469662 -0.46274367
  outer loop
   vertex 45233.5195 28677.0879 28268.4219
   vertex 45085.1797 28760.6562 28430.5371
   vertex 45320.207 28713.2656 28336.543
  endloop
 endfacet
facet normal 0.0731407553 0.912148595 -0.403280795
  outer loop
   vertex 45233.5195 28677.0879 28268.4219
   vertex 44776.5352 28699.0645 28235.248
   vertex 45085.1797 28760.6562 28430.5371
  endloop
 endfacet
facet normal -0.0588901266 0.917690754 -0.392906636
  outer loop
   vertex 46320.1953 28567.0996 28149.3203
   vertex 45999.3945 28535.4766 28123.543
   vertex 45969.2422 28604.2148 28288.6094
  endloop
 endfacet
facet normal 0.170086309 0.977217615 0.126950115
  outer loop
   vertex 45937.2383 28582.4199 28499.2617
   vertex 45969.2422 28604.2148 28288.6094
   vertex 45535.2031 28668.041 28378.8301
  endloop
 endfacet
facet normal 0.208436102 0.691007197 0.692144096
  outer loop
   vertex 45594.918 28556.5508 28628.1758
   vertex 45937.2383 28582.4199 28499.2617
   vertex 45587.7578 28639.2539 28547.7637
  endloop
 endfacet
facet normal 0.343053281 0.853672862 0.391863585
  outer loop
   vertex 45244.4688 28698.1289 28638.7227
   vertex 44795.7305 28864.7656 28668.5508
   vertex 45014.6406 28748.5684 28730.041
  endloop
 endfacet
facet normal 0.195164055 0.975086987 0.105434142
  outer loop
   vertex 45535.2031 28668.041 28378.8301
   vertex 45244.4688 28698.1289 28638.7227
   vertex 45587.7578 28639.2539 28547.7637
  endloop
 endfacet
facet normal 0.213943586 0.968528748 0.127201274
  outer loop
   vertex 45535.2031 28668.041 28378.8301
   vertex 45085.1797 28760.6562 28430.5371
   vertex 45244.4688 28698.1289 28638.7227
  endloop
 endfacet
facet normal 0.203134552 0.979046583 0.0142884301
  outer loop
   vertex 45085.1797 28760.6562 28430.5371
   vertex 45535.2031 28668.041 28378.8301
   vertex 45320.207 28713.2656 28336.543
  endloop
 endfacet
facet normal 0.226554051 0.966845036 -0.117830001
  outer loop
   vertex 45320.207 28713.2656 28336.543
   vertex 45535.2031 28668.041 28378.8301
   vertex 45387.5312 28693.8555 28306.7168
  endloop
 endfacet
facet normal 0.297544867 0.911831439 -0.282896578
  outer loop
   vertex 45387.5312 28693.8555 28306.7168
   vertex 45535.2031 28668.041 28378.8301
   vertex 45488.5 28644.502 28253.8398
  endloop
 endfacet
facet normal 0.00940161664 0.982036531 -0.188456446
  outer loop
   vertex 45535.2031 28668.041 28378.8301
   vertex 45580.7773 28645.5176 28263.7422
   vertex 45488.5 28644.502 28253.8398
  endloop
 endfacet
facet normal 0.17467165 0.978197157 0.112339407
  outer loop
   vertex 45937.2383 28582.4199 28499.2617
   vertex 45535.2031 28668.041 28378.8301
   vertex 45587.7578 28639.2539 28547.7637
  endloop
 endfacet
facet normal 0.879121244 0.329423517 0.344421208
  outer loop
   vertex 45268.6914 28588.1973 28717.3672
   vertex 45239.4141 28663.4434 28720.1328
   vertex 45236.3867 28652.4102 28738.4082
  endloop
 endfacet
facet normal 0.321782529 0.936063528 0.142271087
  outer loop
   vertex 44125.1406 29144.8066 28760.7656
   vertex 44324.0898 29061.8359 28856.6816
   vertex 44473.8867 29040.5273 28658.082
  endloop
 endfacet
facet normal 0.330019265 0.926701725 0.179753289
  outer loop
   vertex 44293.2227 29111.627 28623.2207
   vertex 44125.1406 29144.8066 28760.7656
   vertex 44473.8867 29040.5273 28658.082
  endloop
 endfacet
facet normal -0.436368823 0.764038324 -0.475213319
  outer loop
   vertex 44394.4648 29020.707 28431.0273
   vertex 44384.2422 29088.2949 28549.0801
   vertex 44418.2227 29078.0664 28501.4316
  endloop
 endfacet
facet normal -0.130729005 0.801303566 -0.583800018
  outer loop
   vertex 46504.8789 28455.8457 27928.7754
   vertex 46731.9258 28557.2559 28017.1289
   vertex 46765.5195 28444.7227 27855.1465
  endloop
 endfacet
facet normal 0.500656188 0.622285247 0.601751208
  outer loop
   vertex 44571.1406 28964.1445 28755.5195
   vertex 44476.4258 29003.9609 28793.1504
   vertex 44520.8086 28888.4609 28875.6641
  endloop
 endfacet
facet normal 0.506349266 0.617980003 0.601424277
  outer loop
   vertex 44520.8086 28888.4609 28875.6641
   vertex 44795.7305 28864.7656 28668.5508
   vertex 44571.1406 28964.1445 28755.5195
  endloop
 endfacet
facet normal 0.490720659 0.623435199 0.608705044
  outer loop
   vertex 44476.4258 29003.9609 28793.1504
   vertex 44324.0898 29061.8359 28856.6816
   vertex 44520.8086 28888.4609 28875.6641
  endloop
 endfacet
facet normal 0.463026822 0.860515952 0.212411061
  outer loop
   vertex 44473.8867 29040.5273 28658.082
   vertex 44571.1406 28964.1445 28755.5195
   vertex 44795.7305 28864.7656 28668.5508
  endloop
 endfacet
facet normal 0.427648544 0.874529183 0.228725612
  outer loop
   vertex 44324.0898 29061.8359 28856.6816
   vertex 44476.4258 29003.9609 28793.1504
   vertex 44473.8867 29040.5273 28658.082
  endloop
 endfacet
facet normal 0.452230394 0.86301595 0.225146919
  outer loop
   vertex 44571.1406 28964.1445 28755.5195
   vertex 44473.8867 29040.5273 28658.082
   vertex 44476.4258 29003.9609 28793.1504
  endloop
 endfacet
facet normal 0.220457181 0.774635494 -0.592738152
  outer loop
   vertex 44648.0039 28928.7891 28487.666
   vertex 45085.1797 28760.6562 28430.5371
   vertex 44776.5352 28699.0645 28235.248
  endloop
 endfacet
facet normal 0.379438668 0.7937693 -0.47534889
  outer loop
   vertex 44394.4648 29020.707 28431.0273
   vertex 44517.3906 28915.5977 28353.6328
   vertex 44418.3672 28962.4023 28352.7461
  endloop
 endfacet
facet normal 0.493348151 0.513793826 -0.701871395
  outer loop
   vertex 44339.7539 28900.541 28304.6074
   vertex 44323.2031 28999.7129 28365.5703
   vertex 44394.4648 29020.707 28431.0273
  endloop
 endfacet
facet normal -0.209705532 0.752403259 -0.62443012
  outer loop
   vertex 44339.7539 28900.541 28304.6074
   vertex 44394.4648 29020.707 28431.0273
   vertex 44418.3672 28962.4023 28352.7461
  endloop
 endfacet
facet normal 0.160982922 0.614787698 -0.772088468
  outer loop
   vertex 44776.5352 28699.0645 28235.248
   vertex 44339.7539 28900.541 28304.6074
   vertex 44517.3906 28915.5977 28353.6328
  endloop
 endfacet
facet normal 0.20765914 0.422624648 -0.882193923
  outer loop
   vertex 44418.3672 28962.4023 28352.7461
   vertex 44517.3906 28915.5977 28353.6328
   vertex 44339.7539 28900.541 28304.6074
  endloop
 endfacet
facet normal 0.419812948 0.767389774 -0.484633893
  outer loop
   vertex 44517.3906 28915.5977 28353.6328
   vertex 44648.0039 28928.7891 28487.666
   vertex 44776.5352 28699.0645 28235.248
  endloop
 endfacet
facet normal 0.391654313 0.796820939 -0.460090578
  outer loop
   vertex 44517.3906 28915.5977 28353.6328
   vertex 44394.4648 29020.707 28431.0273
   vertex 44648.0039 28928.7891 28487.666
  endloop
 endfacet
facet normal 0.586218834 0.784832478 -0.200961292
  outer loop
   vertex 44644.6445 28961.9199 28607.2441
   vertex 44795.7305 28864.7656 28668.5508
   vertex 44648.0039 28928.7891 28487.666
  endloop
 endfacet
facet normal 0.623957932 0.489373833 -0.609253407
  outer loop
   vertex 44464.4727 29058.6895 28533.2363
   vertex 44394.4648 29020.707 28431.0273
   vertex 44418.2227 29078.0664 28501.4316
  endloop
 endfacet
facet normal 0.345536917 0.906793416 -0.24151583
  outer loop
   vertex 44644.6445 28961.9199 28607.2441
   vertex 44648.0039 28928.7891 28487.666
   vertex 44473.8867 29040.5273 28658.082
  endloop
 endfacet
facet normal 0.588167846 0.805452585 0.0728332996
  outer loop
   vertex 44464.4727 29058.6895 28533.2363
   vertex 44473.8867 29040.5273 28658.082
   vertex 44648.0039 28928.7891 28487.666
  endloop
 endfacet
facet normal -0.226815984 0.809631348 0.541342437
  outer loop
   vertex 44445.4531 29084.5332 28580.3516
   vertex 44384.2422 29088.2949 28549.0801
   vertex 44473.8867 29040.5273 28658.082
  endloop
 endfacet
facet normal 0.822756231 0.568020821 0.0206036419
  outer loop
   vertex 44473.8867 29040.5273 28658.082
   vertex 44464.4727 29058.6895 28533.2363
   vertex 44445.4531 29084.5332 28580.3516
  endloop
 endfacet
facet normal -0.104414284 0.955720305 -0.275129706
  outer loop
   vertex 46543.5898 28567.5918 28066.248
   vertex 46320.1953 28567.0996 28149.3203
   vertex 46605.8125 28608.0078 28183.0273
  endloop
 endfacet
facet normal -0.100490607 0.948683143 -0.299836487
  outer loop
   vertex 46460.6055 28618.2715 28264.168
   vertex 46605.8125 28608.0078 28183.0273
   vertex 46320.1953 28567.0996 28149.3203
  endloop
 endfacet
facet normal -0.230374828 0.77613312 -0.586979389
  outer loop
   vertex 46871.5859 28539.2578 27938.5156
   vertex 46765.5195 28444.7227 27855.1465
   vertex 46731.9258 28557.2559 28017.1289
  endloop
 endfacet
facet normal -0.211462602 0.962436259 -0.170293763
  outer loop
   vertex 46320.1953 28567.0996 28149.3203
   vertex 46304.8281 28602.2148 28366.8633
   vertex 46460.6055 28618.2715 28264.168
  endloop
 endfacet
facet normal 0.0888614357 0.995494246 0.0330879167
  outer loop
   vertex 46460.6055 28618.2715 28264.168
   vertex 46582.8789 28605.3711 28323.9395
   vertex 46605.8125 28608.0078 28183.0273
  endloop
 endfacet
facet normal -0.115117759 0.786434948 -0.606850863
  outer loop
   vertex 46543.5898 28567.5918 28066.248
   vertex 46731.9258 28557.2559 28017.1289
   vertex 46504.8789 28455.8457 27928.7754
  endloop
 endfacet
facet normal 0.012508817 0.999706626 0.0207408387
  outer loop
   vertex 46605.8125 28608.0078 28183.0273
   vertex 46582.8789 28605.3711 28323.9395
   vertex 46723.6016 28604.8789 28262.7891
  endloop
 endfacet
facet normal -0.305063367 0.805745065 -0.50765264
  outer loop
   vertex 46973.6172 28562.1602 28014.1465
   vertex 47047.4844 28555.6973 27959.502
   vertex 47006.3867 28506.0117 27905.3359
  endloop
 endfacet
facet normal -0.0651488081 0.515264869 -0.854551196
  outer loop
   vertex 46817.25 28259.6211 27739.5918
   vertex 46765.5195 28444.7227 27855.1465
   vertex 46985.8281 28387.7402 27803.9922
  endloop
 endfacet
facet normal 0.271081477 0.927690268 0.256720781
  outer loop
   vertex 47148.5391 28519.9336 27982.0312
   vertex 47047.4844 28555.6973 27959.502
   vertex 46973.6172 28562.1602 28014.1465
  endloop
 endfacet
facet normal 0.240180314 0.970182836 0.0325381719
  outer loop
   vertex 47148.5391 28519.9336 27982.0312
   vertex 46973.6172 28562.1602 28014.1465
   vertex 47140.2266 28516.1953 28154.8477
  endloop
 endfacet
facet normal -0.0220534559 0.985789001 -0.16653423
  outer loop
   vertex 46731.9258 28557.2559 28017.1289
   vertex 46840.7188 28584.8613 28166.1289
   vertex 46973.6172 28562.1602 28014.1465
  endloop
 endfacet
facet normal 0.22501266 0.972998142 0.0514186099
  outer loop
   vertex 46840.7188 28584.8613 28166.1289
   vertex 47140.2266 28516.1953 28154.8477
   vertex 46973.6172 28562.1602 28014.1465
  endloop
 endfacet
facet normal -0.0228012614 0.964948595 -0.261446565
  outer loop
   vertex 46871.5859 28539.2578 27938.5156
   vertex 46731.9258 28557.2559 28017.1289
   vertex 46973.6172 28562.1602 28014.1465
  endloop
 endfacet
facet normal 0.314675093 0.677075386 0.665243149
  outer loop
   vertex 46519.9414 28547.3438 28458.7109
   vertex 46690.9727 28456.9961 28469.7637
   vertex 46833.6758 28524.3555 28333.7051
  endloop
 endfacet
facet normal 0.224951386 0.526167214 0.820088387
  outer loop
   vertex 46519.9414 28547.3438 28458.7109
   vertex 46479.8164 28437.3477 28540.291
   vertex 46690.9727 28456.9961 28469.7637
  endloop
 endfacet
facet normal 0.252729714 0.84020257 0.479778409
  outer loop
   vertex 46582.8789 28605.3711 28323.9395
   vertex 46519.9414 28547.3438 28458.7109
   vertex 46833.6758 28524.3555 28333.7051
  endloop
 endfacet
facet normal 0.413282156 0.850797534 0.324563414
  outer loop
   vertex 46840.7188 28584.8613 28166.1289
   vertex 46723.6016 28604.8789 28262.7891
   vertex 46833.6758 28524.3555 28333.7051
  endloop
 endfacet
facet normal 0.222333699 0.914003134 0.339361221
  outer loop
   vertex 47140.2266 28516.1953 28154.8477
   vertex 46840.7188 28584.8613 28166.1289
   vertex 46833.6758 28524.3555 28333.7051
  endloop
 endfacet
facet normal 0.238860846 0.804912329 0.543195724
  outer loop
   vertex 46582.8789 28605.3711 28323.9395
   vertex 46833.6758 28524.3555 28333.7051
   vertex 46723.6016 28604.8789 28262.7891
  endloop
 endfacet
facet normal 0.29490751 0.191175073 0.936205983
  outer loop
   vertex 46479.8164 28437.3477 28540.291
   vertex 46680 28353.7285 28494.3086
   vertex 46690.9727 28456.9961 28469.7637
  endloop
 endfacet
facet normal 0.365252733 0.178341776 0.913665473
  outer loop
   vertex 46680 28353.7285 28494.3086
   vertex 46886.0469 28356.5586 28411.3848
   vertex 46690.9727 28456.9961 28469.7637
  endloop
 endfacet
facet normal -0.00766819995 0.651428163 -0.758671582
  outer loop
   vertex 46765.5195 28444.7227 27855.1465
   vertex 47006.3867 28506.0117 27905.3359
   vertex 46985.8281 28387.7402 27803.9922
  endloop
 endfacet
facet normal -0.0166110266 0.671759963 -0.740582645
  outer loop
   vertex 46871.5859 28539.2578 27938.5156
   vertex 47006.3867 28506.0117 27905.3359
   vertex 46765.5195 28444.7227 27855.1465
  endloop
 endfacet
facet normal 0.035841465 0.410771668 -0.911033511
  outer loop
   vertex 47100.9609 28272.666 27756.6348
   vertex 46817.25 28259.6211 27739.5918
   vertex 46985.8281 28387.7402 27803.9922
  endloop
 endfacet
facet normal 0.15950121 0.507935464 -0.846499205
  outer loop
   vertex 47100.9609 28272.666 27756.6348
   vertex 46985.8281 28387.7402 27803.9922
   vertex 47232.6914 28401.0742 27858.5059
  endloop
 endfacet
facet normal -0.0899380222 0.994490266 -0.0538540073
  outer loop
   vertex 47816.6367 28440.8887 28205.5625
   vertex 47956.7383 28458.0508 28288.5137
   vertex 48033.8867 28463.8438 28266.6426
  endloop
 endfacet
facet normal -0.0298551004 0.965991199 -0.256845504
  outer loop
   vertex 47816.6367 28440.8887 28205.5625
   vertex 48033.8867 28463.8438 28266.6426
   vertex 48109.0156 28431.5664 28136.5117
  endloop
 endfacet
facet normal -0.0415456071 0.951635301 -0.304407924
  outer loop
   vertex 47816.6367 28440.8887 28205.5625
   vertex 48109.0156 28431.5664 28136.5117
   vertex 47828.8281 28375.3379 27998.9727
  endloop
 endfacet
facet normal 0.229452059 0.466962397 0.853989422
  outer loop
   vertex 46833.6758 28524.3555 28333.7051
   vertex 46886.0469 28356.5586 28411.3848
   vertex 47219.6289 28380.1055 28308.8828
  endloop
 endfacet
facet normal 0.327354044 0.785481095 0.525222659
  outer loop
   vertex 46833.6758 28524.3555 28333.7051
   vertex 47219.6289 28380.1055 28308.8828
   vertex 47140.2266 28516.1953 28154.8477
  endloop
 endfacet
facet normal 0.0540094003 0.0917650536 0.994314909
  outer loop
   vertex 47457.457 28194.3535 28313.1074
   vertex 47219.6289 28380.1055 28308.8828
   vertex 47078.9141 28185.6992 28334.4668
  endloop
 endfacet
facet normal 0.29836604 -0.0909240544 0.950110793
  outer loop
   vertex 46886.0469 28356.5586 28411.3848
   vertex 47078.9141 28185.6992 28334.4668
   vertex 47219.6289 28380.1055 28308.8828
  endloop
 endfacet
facet normal 0.0881406516 0.562029183 -0.822407722
  outer loop
   vertex 47100.9609 28272.666 27756.6348
   vertex 47232.6914 28401.0742 27858.5059
   vertex 47331.6953 28267.0098 27777.498
  endloop
 endfacet
facet normal 0.13460122 0.631163895 -0.763881326
  outer loop
   vertex 46985.8281 28387.7402 27803.9922
   vertex 47006.3867 28506.0117 27905.3359
   vertex 47232.6914 28401.0742 27858.5059
  endloop
 endfacet
facet normal 0.23899284 0.775926054 -0.583798885
  outer loop
   vertex 47006.3867 28506.0117 27905.3359
   vertex 47148.5391 28519.9336 27982.0312
   vertex 47232.6914 28401.0742 27858.5059
  endloop
 endfacet
facet normal 0.21776168 0.830782354 -0.512230933
  outer loop
   vertex 47232.6914 28401.0742 27858.5059
   vertex 47461.8242 28449.2695 28034.084
   vertex 47563.5469 28310.4883 27852.2422
  endloop
 endfacet
facet normal 0.337592661 0.0422427505 -0.940343976
  outer loop
   vertex 49282.875 27895.8281 28396.5391
   vertex 49400.3789 27939.5703 28440.6875
   vertex 49399.9102 27900.0332 28438.7422
  endloop
 endfacet
facet normal 0.3616786 -0.929795504 -0.0683292523
  outer loop
   vertex 49388.3125 27878.1562 28460.7832
   vertex 49410.8164 27882.8164 28516.4766
   vertex 49309.793 27845.0312 28495.916
  endloop
 endfacet
facet normal -0.0115117021 0.999435723 0.0315551981
  outer loop
   vertex 49601.6602 28363.9121 28792.2031
   vertex 49484.2266 28366.0137 28682.8125
   vertex 49526.3242 28360.9492 28858.5742
  endloop
 endfacet
facet normal 0.755842805 0.521101475 0.396427721
  outer loop
   vertex 49590.5664 28352.793 28909.9082
   vertex 49570.2109 28373.3789 28921.6582
   vertex 49574.3711 28358.2051 28933.6738
  endloop
 endfacet
facet normal 0.864385068 -0.398019761 0.307276309
  outer loop
   vertex 49697.5664 28341.0547 28799.8301
   vertex 49666.1875 28312.0391 28850.5137
   vertex 49693.4141 28315.5488 28778.4727
  endloop
 endfacet
facet normal 0.566182375 0.331967324 0.754476786
  outer loop
   vertex 49702.4297 28231.0918 28858.9316
   vertex 49715.0117 28265.3828 28834.4043
   vertex 49666.1875 28312.0391 28850.5137
  endloop
 endfacet
facet normal 0.887787998 0.417620271 0.193457544
  outer loop
   vertex 49688.1875 28247.4551 28888.9785
   vertex 49702.4297 28231.0918 28858.9316
   vertex 49666.1875 28312.0391 28850.5137
  endloop
 endfacet
facet normal 0.474175096 -0.767334461 -0.431689471
  outer loop
   vertex 49703.0117 28203.1758 28841.8809
   vertex 49651.9844 28164.9473 28853.7832
   vertex 49667.4844 28215.8906 28780.2539
  endloop
 endfacet
facet normal 0.705291569 -0.426219851 0.566480756
  outer loop
   vertex 49702.4297 28231.0918 28858.9316
   vertex 49688.1875 28247.4551 28888.9785
   vertex 49656.9219 28198.3848 28890.9844
  endloop
 endfacet
facet normal 0.824959219 -0.496223986 -0.27056247
  outer loop
   vertex 49702.4297 28231.0918 28858.9316
   vertex 49667.4844 28215.8906 28780.2539
   vertex 49715.0117 28265.3828 28834.4043
  endloop
 endfacet
facet normal -0.0720714182 0.884179413 0.461554408
  outer loop
   vertex 49648.6172 28357.2129 28761.2344
   vertex 49666.1875 28312.0391 28850.5137
   vertex 49697.5664 28341.0547 28799.8301
  endloop
 endfacet
facet normal 0.362009764 0.858529747 0.363146782
  outer loop
   vertex 49601.6602 28363.9121 28792.2031
   vertex 49666.1875 28312.0391 28850.5137
   vertex 49648.6172 28357.2129 28761.2344
  endloop
 endfacet
facet normal 0.642498314 0.4277789 -0.635768116
  outer loop
   vertex 49693.4141 28315.5488 28778.4727
   vertex 49648.6172 28357.2129 28761.2344
   vertex 49697.5664 28341.0547 28799.8301
  endloop
 endfacet
facet normal 0.695968807 0.564919472 -0.443275809
  outer loop
   vertex 49628.7695 28341.2812 28709.7676
   vertex 49648.6172 28357.2129 28761.2344
   vertex 49693.4141 28315.5488 28778.4727
  endloop
 endfacet
facet normal 0.592727482 0.196217179 -0.781135678
  outer loop
   vertex 49536.3242 28270.2617 28621.7812
   vertex 49628.7695 28341.2812 28709.7676
   vertex 49658.2734 28294.4805 28720.4004
  endloop
 endfacet
facet normal 0.854996562 0.283190221 -0.434492946
  outer loop
   vertex 49667.4844 28215.8906 28780.2539
   vertex 49702.4297 28231.0918 28858.9316
   vertex 49703.0117 28203.1758 28841.8809
  endloop
 endfacet
facet normal 0.745176375 0.339375824 -0.574052453
  outer loop
   vertex 49628.7695 28341.2812 28709.7676
   vertex 49693.4141 28315.5488 28778.4727
   vertex 49658.2734 28294.4805 28720.4004
  endloop
 endfacet
facet normal 0.617931008 -0.429258615 -0.658709586
  outer loop
   vertex 49667.4844 28215.8906 28780.2539
   vertex 49536.3242 28270.2617 28621.7812
   vertex 49658.2734 28294.4805 28720.4004
  endloop
 endfacet
facet normal 0.00202363869 -0.191201583 0.981548727
  outer loop
   vertex 49342.0664 28204.7832 28897.2656
   vertex 49504.625 28115.5312 28879.5449
   vertex 49547.9961 28290.373 28913.5137
  endloop
 endfacet
facet normal 0.101118721 -0.0133428955 0.994784892
  outer loop
   vertex 49334.1328 28093.0117 28896.5723
   vertex 49504.625 28115.5312 28879.5449
   vertex 49342.0664 28204.7832 28897.2656
  endloop
 endfacet
facet normal 0.0539188869 0.524445951 0.849734783
  outer loop
   vertex 49688.1875 28247.4551 28888.9785
   vertex 49666.1875 28312.0391 28850.5137
   vertex 49631.3789 28235.8145 28899.7676
  endloop
 endfacet
facet normal 0.775835574 -0.0918282717 -0.624216914
  outer loop
   vertex 49522.0508 28072.6074 28633.1191
   vertex 49391.2109 28066.5098 28471.3965
   vertex 49536.3242 28270.2617 28621.7812
  endloop
 endfacet
facet normal 0.751432836 -0.0917404741 -0.65340066
  outer loop
   vertex 49522.0508 28072.6074 28633.1191
   vertex 49536.3242 28270.2617 28621.7812
   vertex 49667.4844 28215.8906 28780.2539
  endloop
 endfacet
facet normal 0.203559041 -0.0898472071 0.974931359
  outer loop
   vertex 49656.9219 28198.3848 28890.9844
   vertex 49688.1875 28247.4551 28888.9785
   vertex 49631.3789 28235.8145 28899.7676
  endloop
 endfacet
facet normal 0.268061131 -0.901525021 0.339699626
  outer loop
   vertex 49426.1875 27930.5312 28630.9805
   vertex 49309.793 27845.0312 28495.916
   vertex 49410.8164 27882.8164 28516.4766
  endloop
 endfacet
facet normal 0.809815407 -0.543079019 -0.221955374
  outer loop
   vertex 49547.6914 28042.4805 28800.3867
   vertex 49426.1875 27930.5312 28630.9805
   vertex 49522.0508 28072.6074 28633.1191
  endloop
 endfacet
facet normal 0.789525807 -0.57139945 -0.223945841
  outer loop
   vertex 49547.6914 28042.4805 28800.3867
   vertex 49522.0508 28072.6074 28633.1191
   vertex 49667.4844 28215.8906 28780.2539
  endloop
 endfacet
facet normal 0.89962101 -0.432595074 0.0595272891
  outer loop
   vertex 49410.8164 27882.8164 28516.4766
   vertex 49439.918 27941.8008 28505.3672
   vertex 49426.1875 27930.5312 28630.9805
  endloop
 endfacet
facet normal 0.139878705 -0.934105992 0.328450739
  outer loop
   vertex 49275.2695 27907.1543 28781.8887
   vertex 49164.9922 27886.0645 28768.875
   vertex 49225.8359 27857.5762 28661.9375
  endloop
 endfacet
facet normal 0.405492634 -0.655948877 -0.636637092
  outer loop
   vertex 49422.2422 27967.1309 28798.1191
   vertex 49547.6914 28042.4805 28800.3867
   vertex 49524.1602 27989.832 28839.6445
  endloop
 endfacet
facet normal 0.502271175 -0.842142999 0.196262285
  outer loop
   vertex 49422.2422 27967.1309 28798.1191
   vertex 49426.1875 27930.5312 28630.9805
   vertex 49547.6914 28042.4805 28800.3867
  endloop
 endfacet
facet normal -0.262939453 -0.413820595 0.871559143
  outer loop
   vertex 49522.5273 28010.0566 28848.7539
   vertex 49422.2422 27967.1309 28798.1191
   vertex 49524.1602 27989.832 28839.6445
  endloop
 endfacet
facet normal 0.442076564 -0.654744029 -0.613089383
  outer loop
   vertex 49547.7383 27998.7168 28847.1562
   vertex 49524.1602 27989.832 28839.6445
   vertex 49547.6914 28042.4805 28800.3867
  endloop
 endfacet
facet normal 0.251693308 0.9444682 -0.211258695
  outer loop
   vertex 49535.3242 28341.0605 28632.1367
   vertex 49518.2031 28342.3184 28617.3613
   vertex 49484.2266 28366.0137 28682.8125
  endloop
 endfacet
facet normal 0.835553586 0.185444698 -0.51716584
  outer loop
   vertex 49391.2109 28066.5098 28471.3965
   vertex 49439.918 27941.8008 28505.3672
   vertex 49400.3789 27939.5703 28440.6875
  endloop
 endfacet
facet normal -0.272394627 -0.947918952 0.165078282
  outer loop
   vertex 49121.5312 27791.9375 28445.748
   vertex 49130.1758 27771.9395 28345.1855
   vertex 49169.6758 27765.252 28371.957
  endloop
 endfacet
facet normal 0.221025035 -0.957726896 0.184138864
  outer loop
   vertex 49121.5312 27791.9375 28445.748
   vertex 49309.793 27845.0312 28495.916
   vertex 49225.8359 27857.5762 28661.9375
  endloop
 endfacet
facet normal 0.148774385 -0.863597751 -0.481731385
  outer loop
   vertex 49282.875 27895.8281 28396.5391
   vertex 49388.3125 27878.1562 28460.7832
   vertex 49309.793 27845.0312 28495.916
  endloop
 endfacet
facet normal 0.749920726 -0.484272212 -0.450665385
  outer loop
   vertex 49221.7227 27797.6855 28400.2363
   vertex 49282.875 27895.8281 28396.5391
   vertex 49309.793 27845.0312 28495.916
  endloop
 endfacet
facet normal 0.852869213 0.0155581795 -0.521892726
  outer loop
   vertex 49400.3789 27939.5703 28440.6875
   vertex 49439.918 27941.8008 28505.3672
   vertex 49399.9102 27900.0332 28438.7422
  endloop
 endfacet
facet normal 0.248184085 -0.749651551 -0.613536596
  outer loop
   vertex 49282.875 27895.8281 28396.5391
   vertex 49399.9102 27900.0332 28438.7422
   vertex 49388.3125 27878.1562 28460.7832
  endloop
 endfacet
facet normal 0.813538671 -0.565923154 -0.133737609
  outer loop
   vertex 49399.9102 27900.0332 28438.7422
   vertex 49439.918 27941.8008 28505.3672
   vertex 49388.3125 27878.1562 28460.7832
  endloop
 endfacet
facet normal 0.832805455 -0.46686846 -0.297437221
  outer loop
   vertex 49439.918 27941.8008 28505.3672
   vertex 49410.8164 27882.8164 28516.4766
   vertex 49388.3125 27878.1562 28460.7832
  endloop
 endfacet
facet normal 0.346001804 -0.0825520903 -0.934595048
  outer loop
   vertex 49031.8672 27842.3262 28308.3359
   vertex 49101.9336 28120.125 28309.7383
   vertex 49282.875 27895.8281 28396.5391
  endloop
 endfacet
facet normal 0.768497944 0.129439592 -0.626622915
  outer loop
   vertex 49439.918 27941.8008 28505.3672
   vertex 49391.2109 28066.5098 28471.3965
   vertex 49522.0508 28072.6074 28633.1191
  endloop
 endfacet
facet normal 0.495947123 0.0649876669 -0.865917444
  outer loop
   vertex 49282.875 27895.8281 28396.5391
   vertex 49101.9336 28120.125 28309.7383
   vertex 49391.2109 28066.5098 28471.3965
  endloop
 endfacet
facet normal 0.259869546 0.244740739 -0.934114456
  outer loop
   vertex 49400.3789 27939.5703 28440.6875
   vertex 49282.875 27895.8281 28396.5391
   vertex 49391.2109 28066.5098 28471.3965
  endloop
 endfacet
facet normal 0.584047675 0.169885144 -0.793742597
  outer loop
   vertex 49536.3242 28270.2617 28621.7812
   vertex 49391.2109 28066.5098 28471.3965
   vertex 49325.8047 28252.8203 28463.1445
  endloop
 endfacet
facet normal 0.51151669 0.0761468709 -0.855892718
  outer loop
   vertex 49434.7344 28335.8359 28566.9004
   vertex 49518.2031 28342.3184 28617.3613
   vertex 49536.3242 28270.2617 28621.7812
  endloop
 endfacet
facet normal 0.573393047 0.230299324 -0.786245942
  outer loop
   vertex 49434.7344 28335.8359 28566.9004
   vertex 49536.3242 28270.2617 28621.7812
   vertex 49325.8047 28252.8203 28463.1445
  endloop
 endfacet
facet normal 0.653706789 0.118555404 -0.747403562
  outer loop
   vertex 49536.3242 28270.2617 28621.7812
   vertex 49518.2031 28342.3184 28617.3613
   vertex 49535.3242 28341.0605 28632.1367
  endloop
 endfacet
facet normal -0.130007356 -0.415924519 0.90005827
  outer loop
   vertex 49524.1602 27989.832 28839.6445
   vertex 49547.7383 27998.7168 28847.1562
   vertex 49522.5273 28010.0566 28848.7539
  endloop
 endfacet
facet normal 0.0374799743 -0.203967586 0.978259921
  outer loop
   vertex 49656.9219 28198.3848 28890.9844
   vertex 49631.3789 28235.8145 28899.7676
   vertex 49504.625 28115.5312 28879.5449
  endloop
 endfacet
facet normal 0.185249582 -0.549761236 0.814521432
  outer loop
   vertex 49281.0312 27991.0293 28846.3652
   vertex 49422.2422 27967.1309 28798.1191
   vertex 49504.625 28115.5312 28879.5449
  endloop
 endfacet
facet normal -0.316913307 -0.314947486 0.894636273
  outer loop
   vertex 49522.5273 28010.0566 28848.7539
   vertex 49504.625 28115.5312 28879.5449
   vertex 49422.2422 27967.1309 28798.1191
  endloop
 endfacet
facet normal -0.100030921 0.993593633 0.0525875576
  outer loop
   vertex 49484.2266 28366.0137 28682.8125
   vertex 49215.8633 28332.0234 28814.5586
   vertex 49526.3242 28360.9492 28858.5742
  endloop
 endfacet
facet normal -0.0949939936 -0.0108674318 0.995418549
  outer loop
   vertex 49201.1719 28080.2324 28884.3613
   vertex 49126.9258 28175.5762 28878.3164
   vertex 49082.4102 28076.5977 28872.9883
  endloop
 endfacet
facet normal -0.0871029869 -0.00467343535 0.996188343
  outer loop
   vertex 49201.1719 28080.2324 28884.3613
   vertex 49342.0664 28204.7832 28897.2656
   vertex 49126.9258 28175.5762 28878.3164
  endloop
 endfacet
facet normal -0.137886196 0.440022707 0.887337267
  outer loop
   vertex 49215.8633 28332.0234 28814.5586
   vertex 49126.9258 28175.5762 28878.3164
   vertex 49342.0664 28204.7832 28897.2656
  endloop
 endfacet
facet normal 0.0318035446 -0.198218271 0.979641795
  outer loop
   vertex 49504.625 28115.5312 28879.5449
   vertex 49631.3789 28235.8145 28899.7676
   vertex 49547.9961 28290.373 28913.5137
  endloop
 endfacet
facet normal 0.0821902603 -0.983029902 -0.164002985
  outer loop
   vertex 49225.8359 27857.5762 28661.9375
   vertex 49099.4961 27839.3027 28708.1445
   vertex 48957.5195 27840.8848 28627.5078
  endloop
 endfacet
facet normal 0.0903074518 0.99286449 -0.0778761432
  outer loop
   vertex 49648.6172 28357.2129 28761.2344
   vertex 49484.2266 28366.0137 28682.8125
   vertex 49601.6602 28363.9121 28792.2031
  endloop
 endfacet
facet normal -0.131375268 0.91633749 0.378240794
  outer loop
   vertex 49648.6172 28357.2129 28761.2344
   vertex 49612.3242 28371.4863 28714.0449
   vertex 49484.2266 28366.0137 28682.8125
  endloop
 endfacet
facet normal -0.367530495 -0.130755916 0.920773745
  outer loop
   vertex 49574.3711 28358.2051 28933.6738
   vertex 49542.5742 28355.3887 28920.582
   vertex 49547.9961 28290.373 28913.5137
  endloop
 endfacet
facet normal 0.372129828 -0.867855132 -0.329160869
  outer loop
   vertex 49119.4766 27777.9219 28317.3184
   vertex 49168.9805 27789.0332 28343.9844
   vertex 49130.1758 27771.9395 28345.1855
  endloop
 endfacet
facet normal 0.503999233 0.135793418 -0.852962434
  outer loop
   vertex 49101.9336 28120.125 28309.7383
   vertex 49176.4336 28298.4043 28382.1406
   vertex 49325.8047 28252.8203 28463.1445
  endloop
 endfacet
facet normal 0.300798208 0.143182918 -0.942878067
  outer loop
   vertex 49282.875 27895.8281 28396.5391
   vertex 49168.9805 27789.0332 28343.9844
   vertex 49031.8672 27842.3262 28308.3359
  endloop
 endfacet
facet normal 0.26426369 -0.838916123 0.475798696
  outer loop
   vertex 49169.6758 27765.252 28371.957
   vertex 49221.7227 27797.6855 28400.2363
   vertex 49121.5312 27791.9375 28445.748
  endloop
 endfacet
facet normal 0.186608776 -0.93793124 0.292339146
  outer loop
   vertex 49309.793 27845.0312 28495.916
   vertex 49121.5312 27791.9375 28445.748
   vertex 49221.7227 27797.6855 28400.2363
  endloop
 endfacet
facet normal 0.0232672188 -0.610293448 0.791833639
  outer loop
   vertex 49281.0312 27991.0293 28846.3652
   vertex 49164.9922 27886.0645 28768.875
   vertex 49275.2695 27907.1543 28781.8887
  endloop
 endfacet
facet normal 0.29934755 -0.72323668 -0.622350216
  outer loop
   vertex 49169.6758 27765.252 28371.957
   vertex 49130.1758 27771.9395 28345.1855
   vertex 49168.9805 27789.0332 28343.9844
  endloop
 endfacet
facet normal 0.369408935 0.384521157 -0.845979035
  outer loop
   vertex 49119.4766 27777.9219 28317.3184
   vertex 49031.8672 27842.3262 28308.3359
   vertex 49168.9805 27789.0332 28343.9844
  endloop
 endfacet
facet normal 0.637203753 -0.579262912 -0.508356035
  outer loop
   vertex 49221.7227 27797.6855 28400.2363
   vertex 49169.6758 27765.252 28371.957
   vertex 49168.9805 27789.0332 28343.9844
  endloop
 endfacet
facet normal 0.685346603 -0.448666215 -0.57358402
  outer loop
   vertex 49282.875 27895.8281 28396.5391
   vertex 49221.7227 27797.6855 28400.2363
   vertex 49168.9805 27789.0332 28343.9844
  endloop
 endfacet
facet normal 0.365285277 -0.896016836 0.252429217
  outer loop
   vertex 49309.793 27845.0312 28495.916
   vertex 49426.1875 27930.5312 28630.9805
   vertex 49225.8359 27857.5762 28661.9375
  endloop
 endfacet
facet normal 0.127162248 -0.901544213 -0.413579315
  outer loop
   vertex 49031.8672 27842.3262 28308.3359
   vertex 49121.5312 27791.9375 28445.748
   vertex 48881.6367 27776.8262 28404.9277
  endloop
 endfacet
facet normal -0.604642868 -0.789543152 0.105017439
  outer loop
   vertex 49130.1758 27771.9395 28345.1855
   vertex 49121.5312 27791.9375 28445.748
   vertex 49031.8672 27842.3262 28308.3359
  endloop
 endfacet
facet normal -0.0664447397 -0.510791183 0.857133269
  outer loop
   vertex 49082.4102 28076.5977 28872.9883
   vertex 49060.9336 27967.3672 28806.2305
   vertex 49201.1719 28080.2324 28884.3613
  endloop
 endfacet
facet normal 0.362867564 -0.908445895 0.207492739
  outer loop
   vertex 49426.1875 27930.5312 28630.9805
   vertex 49422.2422 27967.1309 28798.1191
   vertex 49225.8359 27857.5762 28661.9375
  endloop
 endfacet
facet normal -0.0993228182 -0.517593324 0.849842429
  outer loop
   vertex 49164.9922 27886.0645 28768.875
   vertex 49281.0312 27991.0293 28846.3652
   vertex 49060.9336 27967.3672 28806.2305
  endloop
 endfacet
facet normal 0.162468567 -0.608347952 0.776863396
  outer loop
   vertex 49422.2422 27967.1309 28798.1191
   vertex 49281.0312 27991.0293 28846.3652
   vertex 49275.2695 27907.1543 28781.8887
  endloop
 endfacet
facet normal 0.34517318 -0.909032702 0.233484566
  outer loop
   vertex 49225.8359 27857.5762 28661.9375
   vertex 49422.2422 27967.1309 28798.1191
   vertex 49275.2695 27907.1543 28781.8887
  endloop
 endfacet
facet normal -0.123685881 -0.540631413 0.832117438
  outer loop
   vertex 49064.6406 27862.5352 28738.6719
   vertex 49164.9922 27886.0645 28768.875
   vertex 49060.9336 27967.3672 28806.2305
  endloop
 endfacet
facet normal -0.109068371 -0.470599085 0.875580132
  outer loop
   vertex 49201.1719 28080.2324 28884.3613
   vertex 49060.9336 27967.3672 28806.2305
   vertex 49281.0312 27991.0293 28846.3652
  endloop
 endfacet
facet normal -0.318100363 -0.0965662524 0.943126261
  outer loop
   vertex 48465.2891 27990.6484 28658.2578
   vertex 48581.5234 27990.5352 28697.4492
   vertex 48485.3125 28102.498 28676.4629
  endloop
 endfacet
facet normal -0.519592822 -0.296278983 0.801400065
  outer loop
   vertex 48598.5859 28104 28750.459
   vertex 48485.3125 28102.498 28676.4629
   vertex 48581.5234 27990.5352 28697.4492
  endloop
 endfacet
facet normal -0.0424114726 -0.423430532 0.9049353
  outer loop
   vertex 49201.1719 28080.2324 28884.3613
   vertex 49281.0312 27991.0293 28846.3652
   vertex 49334.1328 28093.0117 28896.5723
  endloop
 endfacet
facet normal 0.151126698 -0.498843551 0.853414237
  outer loop
   vertex 49504.625 28115.5312 28879.5449
   vertex 49334.1328 28093.0117 28896.5723
   vertex 49281.0312 27991.0293 28846.3652
  endloop
 endfacet
facet normal 0.491026223 -0.287385821 0.822376192
  outer loop
   vertex 49666.1875 28312.0391 28850.5137
   vertex 49590.5664 28352.793 28909.9082
   vertex 49547.9961 28290.373 28913.5137
  endloop
 endfacet
facet normal 0.382676691 0.371754378 0.845787942
  outer loop
   vertex 49631.3789 28235.8145 28899.7676
   vertex 49666.1875 28312.0391 28850.5137
   vertex 49547.9961 28290.373 28913.5137
  endloop
 endfacet
facet normal 0.692626238 -0.439340591 0.572056592
  outer loop
   vertex 49574.3711 28358.2051 28933.6738
   vertex 49547.9961 28290.373 28913.5137
   vertex 49590.5664 28352.793 28909.9082
  endloop
 endfacet
facet normal -0.0914808288 0.000318305683 0.995806813
  outer loop
   vertex 49342.0664 28204.7832 28897.2656
   vertex 49201.1719 28080.2324 28884.3613
   vertex 49334.1328 28093.0117 28896.5723
  endloop
 endfacet
facet normal -0.067237176 0.824589908 0.561721146
  outer loop
   vertex 48938.2109 28428.6895 28717.4297
   vertex 48815.8125 28485.4062 28619.5215
   vertex 48745.9297 28432.6758 28688.5605
  endloop
 endfacet
facet normal 0.440448046 0.164488882 -0.882580817
  outer loop
   vertex 49101.9336 28120.125 28309.7383
   vertex 48873.2148 28314.1055 28231.75
   vertex 49057.793 28316.334 28324.2773
  endloop
 endfacet
facet normal -0.19455725 -0.122034535 0.973270297
  outer loop
   vertex 49547.9961 28290.373 28913.5137
   vertex 49542.5742 28355.3887 28920.582
   vertex 49442.5625 28321.0469 28896.2832
  endloop
 endfacet
facet normal -0.126677036 0.117818132 0.98492223
  outer loop
   vertex 49547.9961 28290.373 28913.5137
   vertex 49442.5625 28321.0469 28896.2832
   vertex 49342.0664 28204.7832 28897.2656
  endloop
 endfacet
facet normal 0.308172166 0.920714557 -0.239404783
  outer loop
   vertex 49666.1875 28312.0391 28850.5137
   vertex 49526.3242 28360.9492 28858.5742
   vertex 49590.5664 28352.793 28909.9082
  endloop
 endfacet
facet normal 0.322580814 0.855819643 0.404369056
  outer loop
   vertex 49666.1875 28312.0391 28850.5137
   vertex 49601.6602 28363.9121 28792.2031
   vertex 49526.3242 28360.9492 28858.5742
  endloop
 endfacet
facet normal 0.218988299 0.252674907 -0.942443371
  outer loop
   vertex 49628.7695 28341.2812 28709.7676
   vertex 49484.2266 28366.0137 28682.8125
   vertex 49612.3242 28371.4863 28714.0449
  endloop
 endfacet
facet normal 0.15984571 0.88941431 0.428242415
  outer loop
   vertex 49144.6445 28429.6582 28638.3652
   vertex 48938.2109 28428.6895 28717.4297
   vertex 49215.8633 28332.0234 28814.5586
  endloop
 endfacet
facet normal -0.365046442 0.514399886 0.775972843
  outer loop
   vertex 49570.2109 28373.3789 28921.6582
   vertex 49542.5742 28355.3887 28920.582
   vertex 49574.3711 28358.2051 28933.6738
  endloop
 endfacet
facet normal 0.676506341 -0.0972240269 0.7299909
  outer loop
   vertex 49484.2266 28366.0137 28682.8125
   vertex 49536.3242 28270.2617 28621.7812
   vertex 49535.3242 28341.0605 28632.1367
  endloop
 endfacet
facet normal 0.244955584 0.612384498 -0.751652837
  outer loop
   vertex 49484.2266 28366.0137 28682.8125
   vertex 49628.7695 28341.2812 28709.7676
   vertex 49536.3242 28270.2617 28621.7812
  endloop
 endfacet
facet normal 0.377272278 0.488394052 -0.786852479
  outer loop
   vertex 49434.7344 28335.8359 28566.9004
   vertex 49325.8047 28252.8203 28463.1445
   vertex 49220.7969 28383.1406 28493.6855
  endloop
 endfacet
facet normal 0.205695361 0.958014011 -0.199746251
  outer loop
   vertex 49484.2266 28366.0137 28682.8125
   vertex 49220.7969 28383.1406 28493.6855
   vertex 49144.6445 28429.6582 28638.3652
  endloop
 endfacet
facet normal 0.318075597 0.875507712 -0.36375016
  outer loop
   vertex 49484.2266 28366.0137 28682.8125
   vertex 49434.7344 28335.8359 28566.9004
   vertex 49220.7969 28383.1406 28493.6855
  endloop
 endfacet
facet normal 0.102218986 0.951161861 -0.2912772
  outer loop
   vertex 49518.2031 28342.3184 28617.3613
   vertex 49434.7344 28335.8359 28566.9004
   vertex 49484.2266 28366.0137 28682.8125
  endloop
 endfacet
facet normal 0.605405331 0.499136001 -0.619957805
  outer loop
   vertex 49176.4336 28298.4043 28382.1406
   vertex 49117.293 28370.9453 28382.793
   vertex 49220.7969 28383.1406 28493.6855
  endloop
 endfacet
facet normal 0.250734508 0.567302704 -0.784410536
  outer loop
   vertex 49057.793 28316.334 28324.2773
   vertex 48973.5156 28426.9785 28377.3594
   vertex 49117.293 28370.9453 28382.793
  endloop
 endfacet
facet normal 0.327851951 0.869590044 -0.369223893
  outer loop
   vertex 48973.5156 28426.9785 28377.3594
   vertex 49023.6875 28466.0996 28514.0449
   vertex 49220.7969 28383.1406 28493.6855
  endloop
 endfacet
facet normal 0.160072535 0.889090002 0.428830683
  outer loop
   vertex 48938.2109 28428.6895 28717.4297
   vertex 49144.6445 28429.6582 28638.3652
   vertex 48947.582 28485.2832 28596.5957
  endloop
 endfacet
facet normal 0.344100326 0.842802405 -0.413858801
  outer loop
   vertex 48973.5156 28426.9785 28377.3594
   vertex 49220.7969 28383.1406 28493.6855
   vertex 49117.293 28370.9453 28382.793
  endloop
 endfacet
facet normal 0.267183244 0.96338439 0.0224426705
  outer loop
   vertex 48947.582 28485.2832 28596.5957
   vertex 49144.6445 28429.6582 28638.3652
   vertex 49023.6875 28466.0996 28514.0449
  endloop
 endfacet
facet normal 0.377514571 0.920870483 -0.0973670408
  outer loop
   vertex 49220.7969 28383.1406 28493.6855
   vertex 49023.6875 28466.0996 28514.0449
   vertex 49144.6445 28429.6582 28638.3652
  endloop
 endfacet
facet normal -0.223518685 0.870461464 0.438561589
  outer loop
   vertex 48815.8125 28485.4062 28619.5215
   vertex 48646.9688 28461.5664 28580.7832
   vertex 48745.9297 28432.6758 28688.5605
  endloop
 endfacet
facet normal 0.451517642 0.375380427 -0.809457421
  outer loop
   vertex 49176.4336 28298.4043 28382.1406
   vertex 49057.793 28316.334 28324.2773
   vertex 49117.293 28370.9453 28382.793
  endloop
 endfacet
facet normal 0.452464759 0.166709259 -0.87606144
  outer loop
   vertex 49176.4336 28298.4043 28382.1406
   vertex 49101.9336 28120.125 28309.7383
   vertex 49057.793 28316.334 28324.2773
  endloop
 endfacet
facet normal -0.538684964 0.814809859 0.214250639
  outer loop
   vertex 49542.5742 28355.3887 28920.582
   vertex 49570.2109 28373.3789 28921.6582
   vertex 49526.3242 28360.9492 28858.5742
  endloop
 endfacet
facet normal -0.153422996 0.829525113 0.536981821
  outer loop
   vertex 49442.5625 28321.0469 28896.2832
   vertex 49526.3242 28360.9492 28858.5742
   vertex 49215.8633 28332.0234 28814.5586
  endloop
 endfacet
facet normal -0.357672662 0.917114973 0.175983891
  outer loop
   vertex 49542.5742 28355.3887 28920.582
   vertex 49526.3242 28360.9492 28858.5742
   vertex 49442.5625 28321.0469 28896.2832
  endloop
 endfacet
facet normal -0.313711911 0.278838873 0.907652855
  outer loop
   vertex 49342.0664 28204.7832 28897.2656
   vertex 49442.5625 28321.0469 28896.2832
   vertex 49215.8633 28332.0234 28814.5586
  endloop
 endfacet
facet normal 0.107648641 0.887412012 0.448231727
  outer loop
   vertex 49484.2266 28366.0137 28682.8125
   vertex 49144.6445 28429.6582 28638.3652
   vertex 49215.8633 28332.0234 28814.5586
  endloop
 endfacet
facet normal 0.111523598 0.865631938 -0.488102317
  outer loop
   vertex 48491.4336 28508.7949 28292.2949
   vertex 48560.8203 28528.4297 28342.9707
   vertex 48667.7852 28496.2578 28310.3535
  endloop
 endfacet
facet normal 0.0304627344 0.750648797 0.659998834
  outer loop
   vertex 49215.8633 28332.0234 28814.5586
   vertex 48938.2109 28428.6895 28717.4297
   vertex 48937.0781 28344.0137 28813.7891
  endloop
 endfacet
facet normal 0.0685874894 0.995364726 -0.0674155727
  outer loop
   vertex 48803.7266 28497.9551 28473.7266
   vertex 48820.6484 28489.0801 28359.9102
   vertex 48667.7852 28496.2578 28310.3535
  endloop
 endfacet
facet normal 0.315409094 0.628836691 -0.710690856
  outer loop
   vertex 48559.0742 28453.002 28194.9609
   vertex 48670.5508 28325.1094 28131.2715
   vertex 48466.043 28373.623 28083.4375
  endloop
 endfacet
facet normal 0.461602777 0.518417954 -0.719837248
  outer loop
   vertex 48820.957 28447.1387 28294.0488
   vertex 48973.5156 28426.9785 28377.3594
   vertex 48873.2148 28314.1055 28231.75
  endloop
 endfacet
facet normal 0.3498182 0.608267605 -0.712487042
  outer loop
   vertex 48973.5156 28426.9785 28377.3594
   vertex 49057.793 28316.334 28324.2773
   vertex 48873.2148 28314.1055 28231.75
  endloop
 endfacet
facet normal 0.458165288 0.5181759 -0.722203791
  outer loop
   vertex 48873.2148 28314.1055 28231.75
   vertex 48744.5742 28420.6348 28226.5742
   vertex 48820.957 28447.1387 28294.0488
  endloop
 endfacet
facet normal 0.0120734833 0.341043383 0.939970016
  outer loop
   vertex 48937.0781 28344.0137 28813.7891
   vertex 48974.0469 28241.6562 28850.4512
   vertex 49215.8633 28332.0234 28814.5586
  endloop
 endfacet
facet normal -0.00454486115 0.379620105 0.925131321
  outer loop
   vertex 49215.8633 28332.0234 28814.5586
   vertex 48974.0469 28241.6562 28850.4512
   vertex 49126.9258 28175.5762 28878.3164
  endloop
 endfacet
facet normal -0.029396126 0.327633888 0.944347322
  outer loop
   vertex 48811.1641 28286.5176 28829.8164
   vertex 48974.0469 28241.6562 28850.4512
   vertex 48937.0781 28344.0137 28813.7891
  endloop
 endfacet
facet normal 0.14803794 0.640764117 0.753329992
  outer loop
   vertex 48811.1641 28286.5176 28829.8164
   vertex 48763.6328 28351.4434 28783.9316
   vertex 48736.3555 28312.6582 28822.2832
  endloop
 endfacet
facet normal -0.124629892 0.510172427 0.850994408
  outer loop
   vertex 48937.0781 28344.0137 28813.7891
   vertex 48763.6328 28351.4434 28783.9316
   vertex 48811.1641 28286.5176 28829.8164
  endloop
 endfacet
facet normal -0.453497291 0.66409564 0.594404876
  outer loop
   vertex 48646.9688 28461.5664 28580.7832
   vertex 48582.0898 28329.0762 28679.3086
   vertex 48745.9297 28432.6758 28688.5605
  endloop
 endfacet
facet normal 0.413992554 0.461811036 -0.784436584
  outer loop
   vertex 48873.2148 28314.1055 28231.75
   vertex 48670.5508 28325.1094 28131.2715
   vertex 48744.5742 28420.6348 28226.5742
  endloop
 endfacet
facet normal 0.407489151 0.494498134 -0.767739654
  outer loop
   vertex 48873.2148 28314.1055 28231.75
   vertex 48782.2734 28261.168 28149.3867
   vertex 48670.5508 28325.1094 28131.2715
  endloop
 endfacet
facet normal 0.0156211155 0.996303976 0.0844653994
  outer loop
   vertex 48815.8125 28485.4062 28619.5215
   vertex 48947.582 28485.2832 28596.5957
   vertex 48803.7266 28497.9551 28473.7266
  endloop
 endfacet
facet normal -0.0594666749 0.722692668 0.68860656
  outer loop
   vertex 48736.3555 28312.6582 28822.2832
   vertex 48763.6328 28351.4434 28783.9316
   vertex 48719.1406 28316.4199 28816.8457
  endloop
 endfacet
facet normal -0.330774933 -0.173144728 0.927690029
  outer loop
   vertex 48736.3555 28312.6582 28822.2832
   vertex 48719.1406 28316.4199 28816.8457
   vertex 48681.1445 28236.4512 28788.373
  endloop
 endfacet
facet normal 0.202068254 0.81192553 -0.547672629
  outer loop
   vertex 48820.957 28447.1387 28294.0488
   vertex 48744.5742 28420.6348 28226.5742
   vertex 48667.7852 28496.2578 28310.3535
  endloop
 endfacet
facet normal 0.157757387 0.983964741 -0.0832223967
  outer loop
   vertex 48947.582 28485.2832 28596.5957
   vertex 49023.6875 28466.0996 28514.0449
   vertex 48803.7266 28497.9551 28473.7266
  endloop
 endfacet
facet normal 0.0868242681 0.775982559 -0.624750018
  outer loop
   vertex 48559.0742 28453.002 28194.9609
   vertex 48466.043 28373.623 28083.4375
   vertex 48367.4492 28458.8926 28175.6445
  endloop
 endfacet
facet normal 0.377893567 0.925710917 -0.0159926359
  outer loop
   vertex 48973.5156 28426.9785 28377.3594
   vertex 48820.6484 28489.0801 28359.9102
   vertex 48803.7266 28497.9551 28473.7266
  endloop
 endfacet
facet normal 0.194956601 0.921698272 -0.335356891
  outer loop
   vertex 49023.6875 28466.0996 28514.0449
   vertex 48973.5156 28426.9785 28377.3594
   vertex 48803.7266 28497.9551 28473.7266
  endloop
 endfacet
facet normal 0.108211949 0.893069565 -0.436711431
  outer loop
   vertex 48559.0742 28453.002 28194.9609
   vertex 48491.4336 28508.7949 28292.2949
   vertex 48667.7852 28496.2578 28310.3535
  endloop
 endfacet
facet normal 0.0733200684 0.886376917 -0.457121521
  outer loop
   vertex 48559.0742 28453.002 28194.9609
   vertex 48367.4492 28458.8926 28175.6445
   vertex 48491.4336 28508.7949 28292.2949
  endloop
 endfacet
facet normal -0.37672016 0.911971152 0.162451655
  outer loop
   vertex 48560.8203 28528.4297 28342.9707
   vertex 48491.4336 28508.7949 28292.2949
   vertex 48518.3594 28497.709 28416.9609
  endloop
 endfacet
facet normal 0.206548825 0.228112787 -0.951473653
  outer loop
   vertex 48473.2344 28177.1562 27984.5312
   vertex 48265.957 28118.4746 27925.4648
   vertex 48350.543 28269.8223 27980.1133
  endloop
 endfacet
facet normal -0.00428041397 0.832929194 -0.553363025
  outer loop
   vertex 48367.4492 28458.8926 28175.6445
   vertex 48290.9922 28380.0723 28057.5957
   vertex 48109.0156 28431.5664 28136.5117
  endloop
 endfacet
facet normal -0.0721344203 0.976058125 -0.205200404
  outer loop
   vertex 48367.4492 28458.8926 28175.6445
   vertex 48109.0156 28431.5664 28136.5117
   vertex 48261.2266 28477.9023 28303.4062
  endloop
 endfacet
facet normal 0.32347995 0.530827701 -0.783315182
  outer loop
   vertex 48670.5508 28325.1094 28131.2715
   vertex 48665.2266 28441.9043 28208.2207
   vertex 48744.5742 28420.6348 28226.5742
  endloop
 endfacet
facet normal 0.15986529 0.548163056 -0.820950866
  outer loop
   vertex 48670.5508 28325.1094 28131.2715
   vertex 48559.0742 28453.002 28194.9609
   vertex 48665.2266 28441.9043 28208.2207
  endloop
 endfacet
facet normal -0.161116391 0.982068658 0.0978911072
  outer loop
   vertex 48646.9688 28461.5664 28580.7832
   vertex 48815.8125 28485.4062 28619.5215
   vertex 48803.7266 28497.9551 28473.7266
  endloop
 endfacet
facet normal 0.326884121 0.830857396 -0.45035851
  outer loop
   vertex 48744.5742 28420.6348 28226.5742
   vertex 48665.2266 28441.9043 28208.2207
   vertex 48667.7852 28496.2578 28310.3535
  endloop
 endfacet
facet normal 0.0237789713 -0.959730983 0.279912531
  outer loop
   vertex 49121.5312 27791.9375 28445.748
   vertex 49225.8359 27857.5762 28661.9375
   vertex 48957.5195 27840.8848 28627.5078
  endloop
 endfacet
facet normal 0.00320710219 -0.793999374 0.607910156
  outer loop
   vertex 49099.4961 27839.3027 28708.1445
   vertex 49164.9922 27886.0645 28768.875
   vertex 49064.6406 27862.5352 28738.6719
  endloop
 endfacet
facet normal -0.595107317 -0.801662743 0.0564278513
  outer loop
   vertex 49031.8672 27842.3262 28308.3359
   vertex 49119.4766 27777.9219 28317.3184
   vertex 49130.1758 27771.9395 28345.1855
  endloop
 endfacet
facet normal 0.0143181803 -0.962180734 0.272035301
  outer loop
   vertex 48957.5195 27840.8848 28627.5078
   vertex 48881.6367 27776.8262 28404.9277
   vertex 49121.5312 27791.9375 28445.748
  endloop
 endfacet
facet normal 0.187736884 -0.950346708 -0.248185396
  outer loop
   vertex 48881.6367 27776.8262 28404.9277
   vertex 48689.1562 27756.4434 28337.3828
   vertex 48782.3086 27790.7383 28276.5195
  endloop
 endfacet
facet normal 0.228304878 -0.933144212 -0.277702719
  outer loop
   vertex 49031.8672 27842.3262 28308.3359
   vertex 48881.6367 27776.8262 28404.9277
   vertex 48782.3086 27790.7383 28276.5195
  endloop
 endfacet
facet normal 0.566524565 -0.138792127 -0.812272489
  outer loop
   vertex 48902.1133 27982.8965 28193.8223
   vertex 49101.9336 28120.125 28309.7383
   vertex 49031.8672 27842.3262 28308.3359
  endloop
 endfacet
facet normal -0.187149808 -0.907938421 0.374997109
  outer loop
   vertex 48707.9844 27781.7578 28470.5293
   vertex 48527.5039 27827.6934 28491.6758
   vertex 48546.0352 27765.7852 28351.0332
  endloop
 endfacet
facet normal 0.0405121148 -0.98263067 0.181095779
  outer loop
   vertex 48689.1562 27756.4434 28337.3828
   vertex 48881.6367 27776.8262 28404.9277
   vertex 48707.9844 27781.7578 28470.5293
  endloop
 endfacet
facet normal 0.0686522648 -0.96470207 0.254237741
  outer loop
   vertex 48881.6367 27776.8262 28404.9277
   vertex 48957.5195 27840.8848 28627.5078
   vertex 48707.9844 27781.7578 28470.5293
  endloop
 endfacet
facet normal 0.641386747 0.0845918208 -0.762540042
  outer loop
   vertex 48873.2148 28314.1055 28231.75
   vertex 48781.418 28126.5293 28133.7285
   vertex 48782.2734 28261.168 28149.3867
  endloop
 endfacet
facet normal 0.481577367 0.038361609 -0.875563622
  outer loop
   vertex 49101.9336 28120.125 28309.7383
   vertex 48902.1133 27982.8965 28193.8223
   vertex 48781.418 28126.5293 28133.7285
  endloop
 endfacet
facet normal 0.516642094 0.0773942396 -0.852696359
  outer loop
   vertex 48798.332 27986.2969 28131.248
   vertex 48781.418 28126.5293 28133.7285
   vertex 48902.1133 27982.8965 28193.8223
  endloop
 endfacet
facet normal 0.370482683 -0.544193149 -0.752725959
  outer loop
   vertex 48274.6445 27938.0781 27969.1582
   vertex 48533.4023 27997.5332 28053.5312
   vertex 48348.668 27830.3672 28083.4609
  endloop
 endfacet
facet normal 0.345698744 -0.205118522 -0.915652096
  outer loop
   vertex 48274.6445 27938.0781 27969.1582
   vertex 48265.957 28118.4746 27925.4648
   vertex 48533.4023 27997.5332 28053.5312
  endloop
 endfacet
facet normal 0.473407239 0.214733213 -0.854268849
  outer loop
   vertex 48781.418 28126.5293 28133.7285
   vertex 48873.2148 28314.1055 28231.75
   vertex 49101.9336 28120.125 28309.7383
  endloop
 endfacet
facet normal -0.186550543 -0.0173490569 0.982292175
  outer loop
   vertex 48974.0469 28241.6562 28850.4512
   vertex 48970.7891 28100.7559 28847.3438
   vertex 49126.9258 28175.5762 28878.3164
  endloop
 endfacet
facet normal -0.291890323 -0.456339449 0.840567887
  outer loop
   vertex 49060.9336 27967.3672 28806.2305
   vertex 49082.4102 28076.5977 28872.9883
   vertex 48970.7891 28100.7559 28847.3438
  endloop
 endfacet
facet normal -0.214644462 0.0440049544 0.975700438
  outer loop
   vertex 49082.4102 28076.5977 28872.9883
   vertex 49126.9258 28175.5762 28878.3164
   vertex 48970.7891 28100.7559 28847.3438
  endloop
 endfacet
facet normal -0.299801916 -0.0859477594 0.950121999
  outer loop
   vertex 48814.6133 28161.6328 28823.7207
   vertex 48681.1445 28236.4512 28788.373
   vertex 48687.9531 28094.7422 28777.7031
  endloop
 endfacet
facet normal -0.284103006 -0.0545797907 0.957239032
  outer loop
   vertex 48681.1445 28236.4512 28788.373
   vertex 48814.6133 28161.6328 28823.7207
   vertex 48811.1641 28286.5176 28829.8164
  endloop
 endfacet
facet normal -0.192328542 -0.27926147 0.9407565
  outer loop
   vertex 48681.1445 28236.4512 28788.373
   vertex 48811.1641 28286.5176 28829.8164
   vertex 48736.3555 28312.6582 28822.2832
  endloop
 endfacet
facet normal -0.139623865 -0.052127786 0.98883158
  outer loop
   vertex 48974.0469 28241.6562 28850.4512
   vertex 48811.1641 28286.5176 28829.8164
   vertex 48814.6133 28161.6328 28823.7207
  endloop
 endfacet
facet normal -0.156453609 -0.0181597993 0.98751837
  outer loop
   vertex 48970.7891 28100.7559 28847.3438
   vertex 48974.0469 28241.6562 28850.4512
   vertex 48814.6133 28161.6328 28823.7207
  endloop
 endfacet
facet normal -0.405957133 -0.0755711123 0.910762191
  outer loop
   vertex 48465.2891 27990.6484 28658.2578
   vertex 48485.3125 28102.498 28676.4629
   vertex 48437.0625 28007.4199 28647.0664
  endloop
 endfacet
facet normal 0.500623286 0.276286572 -0.820391417
  outer loop
   vertex 48521.4023 28264.8711 28019.9707
   vertex 48670.5508 28325.1094 28131.2715
   vertex 48592.1836 28185.75 28036.5156
  endloop
 endfacet
facet normal 0.505727649 0.272212207 -0.818620861
  outer loop
   vertex 48670.5508 28325.1094 28131.2715
   vertex 48781.418 28126.5293 28133.7285
   vertex 48592.1836 28185.75 28036.5156
  endloop
 endfacet
facet normal 0.220785826 0.111271165 -0.968954265
  outer loop
   vertex 48782.2734 28261.168 28149.3867
   vertex 48781.418 28126.5293 28133.7285
   vertex 48670.5508 28325.1094 28131.2715
  endloop
 endfacet
facet normal 0.669415057 0.480322033 -0.566722333
  outer loop
   vertex 48536.4414 28213.6172 27994.291
   vertex 48521.4023 28264.8711 28019.9707
   vertex 48592.1836 28185.75 28036.5156
  endloop
 endfacet
facet normal -0.0455903672 -0.98017776 0.192803219
  outer loop
   vertex 48707.9844 27781.7578 28470.5293
   vertex 48546.0352 27765.7852 28351.0332
   vertex 48689.1562 27756.4434 28337.3828
  endloop
 endfacet
facet normal 0.296788871 -0.46535942 -0.833880663
  outer loop
   vertex 48798.332 27986.2969 28131.248
   vertex 48762.7383 27896.4824 28168.7031
   vertex 48724.2031 27989.4551 28103.1035
  endloop
 endfacet
facet normal 0.32843101 -0.24082458 -0.913310766
  outer loop
   vertex 48265.957 28118.4746 27925.4648
   vertex 48473.2344 28177.1562 27984.5312
   vertex 48533.4023 27997.5332 28053.5312
  endloop
 endfacet
facet normal 0.404313087 -0.206809968 -0.890932381
  outer loop
   vertex 48473.2344 28177.1562 27984.5312
   vertex 48592.1836 28185.75 28036.5156
   vertex 48533.4023 27997.5332 28053.5312
  endloop
 endfacet
facet normal 0.384574473 -0.451052576 -0.805390596
  outer loop
   vertex 48536.4414 28213.6172 27994.291
   vertex 48592.1836 28185.75 28036.5156
   vertex 48473.2344 28177.1562 27984.5312
  endloop
 endfacet
facet normal 0.395876348 -0.204563648 -0.895229399
  outer loop
   vertex 48781.418 28126.5293 28133.7285
   vertex 48533.4023 27997.5332 28053.5312
   vertex 48592.1836 28185.75 28036.5156
  endloop
 endfacet
facet normal 0.254280955 0.108578697 -0.961016059
  outer loop
   vertex 48781.418 28126.5293 28133.7285
   vertex 48724.2031 27989.4551 28103.1035
   vertex 48533.4023 27997.5332 28053.5312
  endloop
 endfacet
facet normal 0.410936654 -0.580053568 -0.70332706
  outer loop
   vertex 48540.5859 27800.9258 28219.875
   vertex 48348.668 27830.3672 28083.4609
   vertex 48533.4023 27997.5332 28053.5312
  endloop
 endfacet
facet normal 0.0599549934 -0.90609014 -0.418815136
  outer loop
   vertex 48689.1562 27756.4434 28337.3828
   vertex 48540.5859 27800.9258 28219.875
   vertex 48782.3086 27790.7383 28276.5195
  endloop
 endfacet
facet normal 0.136197373 -0.694811761 -0.706177652
  outer loop
   vertex 48782.3086 27790.7383 28276.5195
   vertex 48540.5859 27800.9258 28219.875
   vertex 48762.7383 27896.4824 28168.7031
  endloop
 endfacet
facet normal 0.100132212 -0.64052701 -0.76137948
  outer loop
   vertex 48540.5859 27800.9258 28219.875
   vertex 48533.4023 27997.5332 28053.5312
   vertex 48762.7383 27896.4824 28168.7031
  endloop
 endfacet
facet normal 0.19604975 -0.509786725 -0.837664604
  outer loop
   vertex 48533.4023 27997.5332 28053.5312
   vertex 48724.2031 27989.4551 28103.1035
   vertex 48762.7383 27896.4824 28168.7031
  endloop
 endfacet
facet normal 0.438762128 -0.488422513 -0.754275322
  outer loop
   vertex 48798.332 27986.2969 28131.248
   vertex 48902.1133 27982.8965 28193.8223
   vertex 48762.7383 27896.4824 28168.7031
  endloop
 endfacet
facet normal 0.238304988 -0.935581982 -0.260570735
  outer loop
   vertex 48540.5859 27800.9258 28219.875
   vertex 48546.0352 27765.7852 28351.0332
   vertex 48477.9414 27765.252 28290.6699
  endloop
 endfacet
facet normal -0.0871375129 -0.96315527 -0.254438519
  outer loop
   vertex 48540.5859 27800.9258 28219.875
   vertex 48689.1562 27756.4434 28337.3828
   vertex 48546.0352 27765.7852 28351.0332
  endloop
 endfacet
facet normal -0.160463572 -0.856383204 0.490774095
  outer loop
   vertex 48676.7852 27870.6152 28615.3848
   vertex 48527.5039 27827.6934 28491.6758
   vertex 48707.9844 27781.7578 28470.5293
  endloop
 endfacet
facet normal -0.112496421 -0.85760504 0.501854777
  outer loop
   vertex 48707.9844 27781.7578 28470.5293
   vertex 48957.5195 27840.8848 28627.5078
   vertex 48676.7852 27870.6152 28615.3848
  endloop
 endfacet
facet normal -0.214084417 -0.734648049 0.643785775
  outer loop
   vertex 48957.5195 27840.8848 28627.5078
   vertex 49060.9336 27967.3672 28806.2305
   vertex 48812.9688 27994.1328 28754.3145
  endloop
 endfacet
facet normal -0.598139763 -0.448956966 0.663827121
  outer loop
   vertex 48957.5195 27840.8848 28627.5078
   vertex 49064.6406 27862.5352 28738.6719
   vertex 49060.9336 27967.3672 28806.2305
  endloop
 endfacet
facet normal -0.182640538 -0.839533567 0.511689186
  outer loop
   vertex 48676.7852 27870.6152 28615.3848
   vertex 48522.3828 27901.666 28611.2188
   vertex 48527.5039 27827.6934 28491.6758
  endloop
 endfacet
facet normal -0.104617439 -0.655823648 0.747629941
  outer loop
   vertex 48522.3828 27901.666 28611.2188
   vertex 48581.5234 27990.5352 28697.4492
   vertex 48480.1172 27946.0254 28644.2148
  endloop
 endfacet
facet normal -0.276896477 -0.365505248 0.888669968
  outer loop
   vertex 48814.6133 28161.6328 28823.7207
   vertex 48812.9688 27994.1328 28754.3145
   vertex 48970.7891 28100.7559 28847.3438
  endloop
 endfacet
facet normal -0.172652587 -0.645996153 0.743559062
  outer loop
   vertex 48812.9688 27994.1328 28754.3145
   vertex 48581.5234 27990.5352 28697.4492
   vertex 48676.7852 27870.6152 28615.3848
  endloop
 endfacet
facet normal -0.133056045 -0.378277451 0.916079819
  outer loop
   vertex 48814.6133 28161.6328 28823.7207
   vertex 48687.9531 28094.7422 28777.7031
   vertex 48812.9688 27994.1328 28754.3145
  endloop
 endfacet
facet normal -0.237878859 -0.884438157 0.401475757
  outer loop
   vertex 49099.4961 27839.3027 28708.1445
   vertex 49064.6406 27862.5352 28738.6719
   vertex 48957.5195 27840.8848 28627.5078
  endloop
 endfacet
facet normal -0.104038201 -0.690469265 0.715840936
  outer loop
   vertex 48676.7852 27870.6152 28615.3848
   vertex 48957.5195 27840.8848 28627.5078
   vertex 48812.9688 27994.1328 28754.3145
  endloop
 endfacet
facet normal -0.148346111 -0.636056244 0.757248938
  outer loop
   vertex 48522.3828 27901.666 28611.2188
   vertex 48676.7852 27870.6152 28615.3848
   vertex 48581.5234 27990.5352 28697.4492
  endloop
 endfacet
facet normal -0.205574676 -0.456646025 0.865571201
  outer loop
   vertex 48812.9688 27994.1328 28754.3145
   vertex 48687.9531 28094.7422 28777.7031
   vertex 48581.5234 27990.5352 28697.4492
  endloop
 endfacet
facet normal -0.434416652 0.17445004 0.8836568
  outer loop
   vertex 48582.0898 28329.0762 28679.3086
   vertex 48363.3164 28227.9766 28591.7168
   vertex 48485.3125 28102.498 28676.4629
  endloop
 endfacet
facet normal -0.30587393 -0.36485076 0.879389048
  outer loop
   vertex 48687.9531 28094.7422 28777.7031
   vertex 48598.5859 28104 28750.459
   vertex 48581.5234 27990.5352 28697.4492
  endloop
 endfacet
facet normal -0.296530575 -0.374918282 0.878354073
  outer loop
   vertex 48581.5234 27990.5352 28697.4492
   vertex 48465.2891 27990.6484 28658.2578
   vertex 48480.1172 27946.0254 28644.2148
  endloop
 endfacet
facet normal -0.301870614 -0.886586964 0.350482017
  outer loop
   vertex 48527.5039 27827.6934 28491.6758
   vertex 48361.9961 27816.207 28320.0664
   vertex 48546.0352 27765.7852 28351.0332
  endloop
 endfacet
facet normal -0.301745236 -0.887524009 0.348211139
  outer loop
   vertex 48546.0352 27765.7852 28351.0332
   vertex 48361.9961 27816.207 28320.0664
   vertex 48477.9414 27765.252 28290.6699
  endloop
 endfacet
facet normal -0.24039194 -0.966398954 0.0910209045
  outer loop
   vertex 48196.2266 27819.0664 28227.6113
   vertex 48078.9961 27839.9766 28140.0254
   vertex 48257.5234 27795.873 28143.248
  endloop
 endfacet
facet normal -0.0338507593 -0.989495575 -0.140544161
  outer loop
   vertex 47602.5742 27972.4023 27926.0293
   vertex 47532.0938 27952.4961 28083.1523
   vertex 47306.1992 27967.6895 28030.5898
  endloop
 endfacet
facet normal -0.229910135 -0.947005868 -0.224323928
  outer loop
   vertex 48191.7148 27837.4863 28035.0137
   vertex 48257.5234 27795.873 28143.248
   vertex 48078.9961 27839.9766 28140.0254
  endloop
 endfacet
facet normal -0.470390022 -0.880884588 -0.0526836812
  outer loop
   vertex 48191.7148 27837.4863 28035.0137
   vertex 48265.5312 27795.8105 28072.7832
   vertex 48257.5234 27795.873 28143.248
  endloop
 endfacet
facet normal 0.378637195 -0.924506664 0.0438330658
  outer loop
   vertex 48348.668 27830.3672 28083.4609
   vertex 48257.5234 27795.873 28143.248
   vertex 48265.5312 27795.8105 28072.7832
  endloop
 endfacet
facet normal -0.189629525 -0.439398348 0.878048837
  outer loop
   vertex 47457.457 28194.3535 28313.1074
   vertex 47336.8398 28031.3203 28205.4707
   vertex 47609.957 28058.4434 28278.0293
  endloop
 endfacet
facet normal 0.0392623208 -0.97500509 0.21868591
  outer loop
   vertex 48361.9961 27816.207 28320.0664
   vertex 48374.5898 27785.7812 28182.1602
   vertex 48540.5859 27800.9258 28219.875
  endloop
 endfacet
facet normal -0.432445019 -0.591354787 -0.680654705
  outer loop
   vertex 48361.9961 27816.207 28320.0664
   vertex 48540.5859 27800.9258 28219.875
   vertex 48477.9414 27765.252 28290.6699
  endloop
 endfacet
facet normal -0.254433274 -0.627747834 0.735660493
  outer loop
   vertex 48004.6094 28029.0449 28380.1465
   vertex 47923.1172 27986.1016 28315.3184
   vertex 48105.5078 27913.3379 28316.3086
  endloop
 endfacet
facet normal 0.180932596 -0.877590597 -0.443957418
  outer loop
   vertex 48348.668 27830.3672 28083.4609
   vertex 48540.5859 27800.9258 28219.875
   vertex 48374.5898 27785.7812 28182.1602
  endloop
 endfacet
facet normal 0.0632919669 -0.903159857 -0.424613267
  outer loop
   vertex 48374.5898 27785.7812 28182.1602
   vertex 48257.5234 27795.873 28143.248
   vertex 48348.668 27830.3672 28083.4609
  endloop
 endfacet
facet normal -0.149913028 -0.968275189 0.199923187
  outer loop
   vertex 48361.9961 27816.207 28320.0664
   vertex 48257.5234 27795.873 28143.248
   vertex 48374.5898 27785.7812 28182.1602
  endloop
 endfacet
facet normal -0.118489347 -0.976085722 0.182255
  outer loop
   vertex 48196.2266 27819.0664 28227.6113
   vertex 48257.5234 27795.873 28143.248
   vertex 48361.9961 27816.207 28320.0664
  endloop
 endfacet
facet normal 0.261534572 -0.351436883 -0.898939252
  outer loop
   vertex 48191.7148 27837.4863 28035.0137
   vertex 48348.668 27830.3672 28083.4609
   vertex 48265.5312 27795.8105 28072.7832
  endloop
 endfacet
facet normal 0.198226318 -0.646024346 -0.737128794
  outer loop
   vertex 48191.7148 27837.4863 28035.0137
   vertex 48274.6445 27938.0781 27969.1582
   vertex 48348.668 27830.3672 28083.4609
  endloop
 endfacet
facet normal 0.278215826 -0.676070213 -0.682293952
  outer loop
   vertex 48130.8203 27911.6738 27936.6738
   vertex 48274.6445 27938.0781 27969.1582
   vertex 48191.7148 27837.4863 28035.0137
  endloop
 endfacet
facet normal -0.0719980225 -0.96617794 -0.247621626
  outer loop
   vertex 47262.4766 28011.9121 27870.75
   vertex 47602.5742 27972.4023 27926.0293
   vertex 47306.1992 27967.6895 28030.5898
  endloop
 endfacet
facet normal -0.0609591119 -0.814617574 -0.576786101
  outer loop
   vertex 48191.7148 27837.4863 28035.0137
   vertex 47979.3164 27884.7891 27990.6562
   vertex 48130.8203 27911.6738 27936.6738
  endloop
 endfacet
facet normal 0.466521859 -0.186917633 -0.86453408
  outer loop
   vertex 48265.957 28118.4746 27925.4648
   vertex 48274.6445 27938.0781 27969.1582
   vertex 48151.5234 28008.9961 27887.3848
  endloop
 endfacet
facet normal -0.100925237 -0.748127401 -0.655834913
  outer loop
   vertex 48130.8203 27911.6738 27936.6738
   vertex 47979.3164 27884.7891 27990.6562
   vertex 48034.1719 27963.4941 27892.4336
  endloop
 endfacet
facet normal 0.0146704474 -0.768571198 -0.639596045
  outer loop
   vertex 47262.4766 28011.9121 27870.75
   vertex 47498.582 28079 27795.5508
   vertex 47602.5742 27972.4023 27926.0293
  endloop
 endfacet
facet normal -0.000454045454 -0.329179555 -0.944267213
  outer loop
   vertex 48010.2852 28096.2598 27857.0312
   vertex 48151.8867 28071.0645 27865.748
   vertex 48151.5234 28008.9961 27887.3848
  endloop
 endfacet
facet normal 0.054578498 -0.248082936 -0.9672001
  outer loop
   vertex 48010.2852 28096.2598 27857.0312
   vertex 48151.5234 28008.9961 27887.3848
   vertex 48034.1719 27963.4941 27892.4336
  endloop
 endfacet
facet normal -0.0295650475 -0.771912634 -0.63504076
  outer loop
   vertex 47979.3164 27884.7891 27990.6562
   vertex 47868.168 27973.5566 27887.9316
   vertex 48034.1719 27963.4941 27892.4336
  endloop
 endfacet
facet normal 0.0107148187 -0.255832076 -0.96666187
  outer loop
   vertex 48034.1719 27963.4941 27892.4336
   vertex 47868.168 27973.5566 27887.9316
   vertex 48010.2852 28096.2598 27857.0312
  endloop
 endfacet
facet normal 0.179017708 -0.430153996 -0.884827793
  outer loop
   vertex 48010.2852 28096.2598 27857.0312
   vertex 47868.168 27973.5566 27887.9316
   vertex 47739.0312 28078.5762 27810.75
  endloop
 endfacet
facet normal 0.534212589 -0.281074882 -0.797253907
  outer loop
   vertex 48151.5234 28008.9961 27887.3848
   vertex 48151.8867 28071.0645 27865.748
   vertex 48265.957 28118.4746 27925.4648
  endloop
 endfacet
facet normal 0.388722301 0.750377297 0.534629643
  outer loop
   vertex 48667.7852 28496.2578 28310.3535
   vertex 48560.8203 28528.4297 28342.9707
   vertex 48518.3594 28497.709 28416.9609
  endloop
 endfacet
facet normal -0.215322018 -0.742833138 0.633904815
  outer loop
   vertex 47632.7305 27962.9648 28187.4395
   vertex 47769.793 27922.7227 28186.8398
   vertex 47778.4492 27986.418 28264.4219
  endloop
 endfacet
facet normal -0.142785966 -0.25817728 -0.955487669
  outer loop
   vertex 47498.582 28079 27795.5508
   vertex 47496.8281 28185.4883 27767.0391
   vertex 47615.293 28129.0332 27764.5918
  endloop
 endfacet
facet normal 0.373963296 0.416874558 -0.828472733
  outer loop
   vertex 47832.8867 28150.998 27804.502
   vertex 47851.2969 28240.1816 27857.6875
   vertex 48010.2852 28096.2598 27857.0312
  endloop
 endfacet
facet normal -0.00529033784 0.116709806 -0.993151963
  outer loop
   vertex 47331.6953 28267.0098 27777.498
   vertex 47496.8281 28185.4883 27767.0391
   vertex 47237.4531 28140.3691 27763.1191
  endloop
 endfacet
facet normal -0.0578888059 -0.647763252 -0.759639144
  outer loop
   vertex 47237.4531 28140.3691 27763.1191
   vertex 47498.582 28079 27795.5508
   vertex 47262.4766 28011.9121 27870.75
  endloop
 endfacet
facet normal 0.0767509267 -0.184 -0.979925156
  outer loop
   vertex 47832.8867 28150.998 27804.502
   vertex 47739.0312 28078.5762 27810.75
   vertex 47691.8516 28184.6758 27787.1309
  endloop
 endfacet
facet normal 0.325257361 -0.06535694 -0.943364263
  outer loop
   vertex 47615.293 28129.0332 27764.5918
   vertex 47691.8516 28184.6758 27787.1309
   vertex 47739.0312 28078.5762 27810.75
  endloop
 endfacet
facet normal 0.059329886 -0.257263631 -0.964518189
  outer loop
   vertex 47496.8281 28185.4883 27767.0391
   vertex 47498.582 28079 27795.5508
   vertex 47237.4531 28140.3691 27763.1191
  endloop
 endfacet
facet normal 0.0491211414 -0.605911553 -0.794014037
  outer loop
   vertex 47498.582 28079 27795.5508
   vertex 47615.293 28129.0332 27764.5918
   vertex 47739.0312 28078.5762 27810.75
  endloop
 endfacet
facet normal 0.0398138091 -0.758019865 -0.651015222
  outer loop
   vertex 47498.582 28079 27795.5508
   vertex 47739.0312 28078.5762 27810.75
   vertex 47602.5742 27972.4023 27926.0293
  endloop
 endfacet
facet normal -0.0949151292 -0.723657548 -0.683601439
  outer loop
   vertex 47868.168 27973.5566 27887.9316
   vertex 47808.9805 27916.6211 27956.4219
   vertex 47602.5742 27972.4023 27926.0293
  endloop
 endfacet
facet normal -0.0128752496 -0.763426542 -0.645766258
  outer loop
   vertex 47868.168 27973.5566 27887.9316
   vertex 47979.3164 27884.7891 27990.6562
   vertex 47808.9805 27916.6211 27956.4219
  endloop
 endfacet
facet normal -0.234804273 -0.958127916 -0.16388379
  outer loop
   vertex 47771.0156 27905.6523 28074.9434
   vertex 47602.5742 27972.4023 27926.0293
   vertex 47808.9805 27916.6211 27956.4219
  endloop
 endfacet
facet normal -0.227435797 -0.932233453 0.281449348
  outer loop
   vertex 47932.6836 27862.7227 28097.1309
   vertex 48078.9961 27839.9766 28140.0254
   vertex 47905.418 27901.1016 28202.2188
  endloop
 endfacet
facet normal -0.243733346 -0.697489917 0.673870802
  outer loop
   vertex 47609.957 28058.4434 28278.0293
   vertex 47632.7305 27962.9648 28187.4395
   vertex 47778.4492 27986.418 28264.4219
  endloop
 endfacet
facet normal -0.419052511 -0.420008063 0.804977179
  outer loop
   vertex 47847.0312 28148.9805 28360.6934
   vertex 47923.1172 27986.1016 28315.3184
   vertex 48004.6094 28029.0449 28380.1465
  endloop
 endfacet
facet normal -0.209176809 -0.935289979 -0.285443127
  outer loop
   vertex 47979.3164 27884.7891 27990.6562
   vertex 47932.6836 27862.7227 28097.1309
   vertex 47771.0156 27905.6523 28074.9434
  endloop
 endfacet
facet normal -0.154616892 -0.977999747 -0.140036196
  outer loop
   vertex 47979.3164 27884.7891 27990.6562
   vertex 47771.0156 27905.6523 28074.9434
   vertex 47808.9805 27916.6211 27956.4219
  endloop
 endfacet
facet normal -0.0812652335 -0.968285978 -0.2362587
  outer loop
   vertex 47932.6836 27862.7227 28097.1309
   vertex 47979.3164 27884.7891 27990.6562
   vertex 48078.9961 27839.9766 28140.0254
  endloop
 endfacet
facet normal -0.180160001 -0.968764126 -0.170406759
  outer loop
   vertex 47979.3164 27884.7891 27990.6562
   vertex 48191.7148 27837.4863 28035.0137
   vertex 48078.9961 27839.9766 28140.0254
  endloop
 endfacet
facet normal -0.199084207 -0.937259912 0.286198139
  outer loop
   vertex 47336.8398 28031.3203 28205.4707
   vertex 47532.0938 27952.4961 28083.1523
   vertex 47632.7305 27962.9648 28187.4395
  endloop
 endfacet
facet normal -0.145895809 -0.921184301 0.360740781
  outer loop
   vertex 47306.1992 27967.6895 28030.5898
   vertex 47532.0938 27952.4961 28083.1523
   vertex 47336.8398 28031.3203 28205.4707
  endloop
 endfacet
facet normal -0.171934113 -0.974118352 0.14673838
  outer loop
   vertex 47905.418 27901.1016 28202.2188
   vertex 47769.793 27922.7227 28186.8398
   vertex 47771.0156 27905.6523 28074.9434
  endloop
 endfacet
facet normal -0.281217754 -0.922620654 0.263984323
  outer loop
   vertex 47905.418 27901.1016 28202.2188
   vertex 47771.0156 27905.6523 28074.9434
   vertex 47932.6836 27862.7227 28097.1309
  endloop
 endfacet
facet normal -0.176692009 -0.947741747 0.265641779
  outer loop
   vertex 47532.0938 27952.4961 28083.1523
   vertex 47771.0156 27905.6523 28074.9434
   vertex 47632.7305 27962.9648 28187.4395
  endloop
 endfacet
facet normal -0.191306308 -0.748031139 0.63549298
  outer loop
   vertex 47905.418 27901.1016 28202.2188
   vertex 47778.4492 27986.418 28264.4219
   vertex 47769.793 27922.7227 28186.8398
  endloop
 endfacet
facet normal -0.278281808 -0.949960887 0.14189291
  outer loop
   vertex 47632.7305 27962.9648 28187.4395
   vertex 47771.0156 27905.6523 28074.9434
   vertex 47769.793 27922.7227 28186.8398
  endloop
 endfacet
facet normal -0.442347616 -0.802465081 0.400472641
  outer loop
   vertex 48078.9961 27839.9766 28140.0254
   vertex 48196.2266 27819.0664 28227.6113
   vertex 48105.5078 27913.3379 28316.3086
  endloop
 endfacet
facet normal -0.173341006 -0.899750054 0.400503129
  outer loop
   vertex 47905.418 27901.1016 28202.2188
   vertex 48078.9961 27839.9766 28140.0254
   vertex 48105.5078 27913.3379 28316.3086
  endloop
 endfacet
facet normal -0.29847306 -0.739950359 0.602816164
  outer loop
   vertex 47923.1172 27986.1016 28315.3184
   vertex 47905.418 27901.1016 28202.2188
   vertex 48105.5078 27913.3379 28316.3086
  endloop
 endfacet
facet normal -0.306984425 -0.790097415 0.530571938
  outer loop
   vertex 48361.9961 27816.207 28320.0664
   vertex 48249.7656 27931.6016 28426.9727
   vertex 48105.5078 27913.3379 28316.3086
  endloop
 endfacet
facet normal -0.371414393 0.381922632 0.846278012
  outer loop
   vertex 48214.3047 28310.5391 28489.0566
   vertex 48363.3164 28227.9766 28591.7168
   vertex 48430.6484 28395.1211 28545.834
  endloop
 endfacet
facet normal -0.661615312 -0.416107595 0.623794556
  outer loop
   vertex 48465.2891 27990.6484 28658.2578
   vertex 48395.5039 27959.7637 28563.6387
   vertex 48480.1172 27946.0254 28644.2148
  endloop
 endfacet
facet normal -0.570435166 -0.55786705 0.602816761
  outer loop
   vertex 48465.2891 27990.6484 28658.2578
   vertex 48437.0625 28007.4199 28647.0664
   vertex 48395.5039 27959.7637 28563.6387
  endloop
 endfacet
facet normal -0.500724673 -0.770521104 0.394426197
  outer loop
   vertex 48480.1172 27946.0254 28644.2148
   vertex 48395.5039 27959.7637 28563.6387
   vertex 48522.3828 27901.666 28611.2188
  endloop
 endfacet
facet normal -0.463707894 -0.733904004 0.496346533
  outer loop
   vertex 48361.9961 27816.207 28320.0664
   vertex 48527.5039 27827.6934 28491.6758
   vertex 48395.5039 27959.7637 28563.6387
  endloop
 endfacet
facet normal -0.504882991 -0.743525028 0.438478887
  outer loop
   vertex 48527.5039 27827.6934 28491.6758
   vertex 48522.3828 27901.666 28611.2188
   vertex 48395.5039 27959.7637 28563.6387
  endloop
 endfacet
facet normal -0.327516317 -0.793588877 0.512786269
  outer loop
   vertex 48395.5039 27959.7637 28563.6387
   vertex 48249.7656 27931.6016 28426.9727
   vertex 48361.9961 27816.207 28320.0664
  endloop
 endfacet
facet normal -0.157410845 -0.408657491 0.899011075
  outer loop
   vertex 47457.457 28194.3535 28313.1074
   vertex 47609.957 28058.4434 28278.0293
   vertex 47847.0312 28148.9805 28360.6934
  endloop
 endfacet
facet normal -0.313157111 0.660681009 0.682226717
  outer loop
   vertex 48582.0898 28329.0762 28679.3086
   vertex 48646.9688 28461.5664 28580.7832
   vertex 48430.6484 28395.1211 28545.834
  endloop
 endfacet
facet normal -0.895053387 0.384245306 0.226351425
  outer loop
   vertex 48395.5039 27959.7637 28563.6387
   vertex 48437.0625 28007.4199 28647.0664
   vertex 48485.3125 28102.498 28676.4629
  endloop
 endfacet
facet normal -0.518265784 -0.364675373 0.773571253
  outer loop
   vertex 48395.5039 27959.7637 28563.6387
   vertex 48343.582 28093.6465 28591.9668
   vertex 48168.7305 28093.8203 28474.9023
  endloop
 endfacet
facet normal -0.550244212 -0.477313578 0.68513
  outer loop
   vertex 48395.5039 27959.7637 28563.6387
   vertex 48168.7305 28093.8203 28474.9023
   vertex 48249.7656 27931.6016 28426.9727
  endloop
 endfacet
facet normal -0.500745118 -0.465732425 0.729621589
  outer loop
   vertex 48105.5078 27913.3379 28316.3086
   vertex 48249.7656 27931.6016 28426.9727
   vertex 48168.7305 28093.8203 28474.9023
  endloop
 endfacet
facet normal -0.205929384 -0.60424602 0.769727111
  outer loop
   vertex 48105.5078 27913.3379 28316.3086
   vertex 48168.7305 28093.8203 28474.9023
   vertex 48004.6094 28029.0449 28380.1465
  endloop
 endfacet
facet normal 0.11078535 0.610815704 -0.783983946
  outer loop
   vertex 48350.543 28269.8223 27980.1133
   vertex 48128.1133 28278.3828 27955.3516
   vertex 48290.9922 28380.0723 28057.5957
  endloop
 endfacet
facet normal -0.0192271229 0.967757761 -0.251147836
  outer loop
   vertex 48109.0156 28431.5664 28136.5117
   vertex 48033.8867 28463.8438 28266.6426
   vertex 48261.2266 28477.9023 28303.4062
  endloop
 endfacet
facet normal -0.159025192 0.846632659 0.507862329
  outer loop
   vertex 47638.1289 28347.2969 28305.6914
   vertex 48011.7969 28387.3438 28355.9355
   vertex 47816.6367 28440.8887 28205.5625
  endloop
 endfacet
facet normal 0.398303777 0.106352434 -0.911067128
  outer loop
   vertex 48265.957 28118.4746 27925.4648
   vertex 48257.4688 28231.207 27934.916
   vertex 48350.543 28269.8223 27980.1133
  endloop
 endfacet
facet normal -0.140739188 0.955518723 -0.259184182
  outer loop
   vertex 48491.4336 28508.7949 28292.2949
   vertex 48367.4492 28458.8926 28175.6445
   vertex 48261.2266 28477.9023 28303.4062
  endloop
 endfacet
facet normal 0.137042373 0.618052125 -0.774100125
  outer loop
   vertex 48290.9922 28380.0723 28057.5957
   vertex 48466.043 28373.623 28083.4375
   vertex 48350.543 28269.8223 27980.1133
  endloop
 endfacet
facet normal -0.21896711 0.916043282 0.336032838
  outer loop
   vertex 48261.2266 28477.9023 28303.4062
   vertex 48285.1641 28435.3086 28435.1133
   vertex 48518.3594 28497.709 28416.9609
  endloop
 endfacet
facet normal -0.126672 0.985259593 0.114968367
  outer loop
   vertex 48491.4336 28508.7949 28292.2949
   vertex 48261.2266 28477.9023 28303.4062
   vertex 48518.3594 28497.709 28416.9609
  endloop
 endfacet
facet normal -0.129549325 0.0731393546 -0.988871872
  outer loop
   vertex 48128.1133 28278.3828 27955.3516
   vertex 48257.4688 28231.207 27934.916
   vertex 48265.957 28118.4746 27925.4648
  endloop
 endfacet
facet normal 0.109686188 0.632791877 -0.766513824
  outer loop
   vertex 48128.1133 28278.3828 27955.3516
   vertex 48350.543 28269.8223 27980.1133
   vertex 48257.4688 28231.207 27934.916
  endloop
 endfacet
facet normal -0.0665405542 0.758446634 -0.648329437
  outer loop
   vertex 48290.9922 28380.0723 28057.5957
   vertex 48128.1133 28278.3828 27955.3516
   vertex 48109.0156 28431.5664 28136.5117
  endloop
 endfacet
facet normal 0.213021263 0.353832066 -0.91072762
  outer loop
   vertex 48265.957 28118.4746 27925.4648
   vertex 48010.2852 28096.2598 27857.0312
   vertex 48128.1133 28278.3828 27955.3516
  endloop
 endfacet
facet normal 0.155921444 0.606703401 -0.779486656
  outer loop
   vertex 48151.8867 28071.0645 27865.748
   vertex 48010.2852 28096.2598 27857.0312
   vertex 48265.957 28118.4746 27925.4648
  endloop
 endfacet
facet normal 0.277763069 0.310971737 -0.908924758
  outer loop
   vertex 48010.2852 28096.2598 27857.0312
   vertex 47851.2969 28240.1816 27857.6875
   vertex 48128.1133 28278.3828 27955.3516
  endloop
 endfacet
facet normal -0.514096141 0.0771269798 0.854257941
  outer loop
   vertex 48343.582 28093.6465 28591.9668
   vertex 48485.3125 28102.498 28676.4629
   vertex 48363.3164 28227.9766 28591.7168
  endloop
 endfacet
facet normal -0.327874154 0.835129738 0.441652417
  outer loop
   vertex 48646.9688 28461.5664 28580.7832
   vertex 48518.3594 28497.709 28416.9609
   vertex 48430.6484 28395.1211 28545.834
  endloop
 endfacet
facet normal -0.44093436 0.64122659 0.628017008
  outer loop
   vertex 48763.6328 28351.4434 28783.9316
   vertex 48745.9297 28432.6758 28688.5605
   vertex 48582.0898 28329.0762 28679.3086
  endloop
 endfacet
facet normal -0.495893359 0.385760218 0.777996659
  outer loop
   vertex 48681.1445 28236.4512 28788.373
   vertex 48763.6328 28351.4434 28783.9316
   vertex 48582.0898 28329.0762 28679.3086
  endloop
 endfacet
facet normal -0.179242611 0.825517774 0.535156548
  outer loop
   vertex 48518.3594 28497.709 28416.9609
   vertex 48285.1641 28435.3086 28435.1133
   vertex 48430.6484 28395.1211 28545.834
  endloop
 endfacet
facet normal -0.602954149 0.248012677 0.758245349
  outer loop
   vertex 48485.3125 28102.498 28676.4629
   vertex 48681.1445 28236.4512 28788.373
   vertex 48582.0898 28329.0762 28679.3086
  endloop
 endfacet
facet normal -0.545025945 0.101495013 0.832253277
  outer loop
   vertex 48485.3125 28102.498 28676.4629
   vertex 48598.5859 28104 28750.459
   vertex 48681.1445 28236.4512 28788.373
  endloop
 endfacet
facet normal -0.543688774 0.0596619919 0.837163627
  outer loop
   vertex 48168.7305 28093.8203 28474.9023
   vertex 48363.3164 28227.9766 28591.7168
   vertex 48214.3047 28310.5391 28489.0566
  endloop
 endfacet
facet normal -0.55435276 0.0829923823 0.828133583
  outer loop
   vertex 48343.582 28093.6465 28591.9668
   vertex 48363.3164 28227.9766 28591.7168
   vertex 48168.7305 28093.8203 28474.9023
  endloop
 endfacet
facet normal -0.455133229 0.331103086 0.826573968
  outer loop
   vertex 48011.7969 28387.3438 28355.9355
   vertex 47847.0312 28148.9805 28360.6934
   vertex 48055.6719 28244.7168 28437.2266
  endloop
 endfacet
facet normal -0.337192982 -0.0176148172 0.941270769
  outer loop
   vertex 48168.7305 28093.8203 28474.9023
   vertex 48055.6719 28244.7168 28437.2266
   vertex 47847.0312 28148.9805 28360.6934
  endloop
 endfacet
facet normal -0.495930612 0.409914523 0.765521348
  outer loop
   vertex 48363.3164 28227.9766 28591.7168
   vertex 48582.0898 28329.0762 28679.3086
   vertex 48430.6484 28395.1211 28545.834
  endloop
 endfacet
facet normal 0.189535484 0.72439158 -0.662822127
  outer loop
   vertex 47851.2969 28240.1816 27857.6875
   vertex 47563.5469 28310.4883 27852.2422
   vertex 47828.8281 28375.3379 27998.9727
  endloop
 endfacet
facet normal -0.148131266 0.768836677 0.622050822
  outer loop
   vertex 48261.2266 28477.9023 28303.4062
   vertex 48033.8867 28463.8438 28266.6426
   vertex 48011.7969 28387.3438 28355.9355
  endloop
 endfacet
facet normal -0.311902374 0.00353986002 0.950107574
  outer loop
   vertex 48214.3047 28310.5391 28489.0566
   vertex 48055.6719 28244.7168 28437.2266
   vertex 48168.7305 28093.8203 28474.9023
  endloop
 endfacet
facet normal -0.257052988 0.904860735 0.33933875
  outer loop
   vertex 48261.2266 28477.9023 28303.4062
   vertex 48011.7969 28387.3438 28355.9355
   vertex 48285.1641 28435.3086 28435.1133
  endloop
 endfacet
facet normal -0.41873765 0.349016756 0.838359177
  outer loop
   vertex 48011.7969 28387.3438 28355.9355
   vertex 48055.6719 28244.7168 28437.2266
   vertex 48214.3047 28310.5391 28489.0566
  endloop
 endfacet
facet normal -0.320511281 0.523370504 0.789528906
  outer loop
   vertex 48011.7969 28387.3438 28355.9355
   vertex 48214.3047 28310.5391 28489.0566
   vertex 48285.1641 28435.3086 28435.1133
  endloop
 endfacet
facet normal 0.208607331 0.977905095 0.0135870744
  outer loop
   vertex 47140.2266 28516.1953 28154.8477
   vertex 47460.8672 28447.0254 28210.3105
   vertex 47461.8242 28449.2695 28034.084
  endloop
 endfacet
facet normal 0.0216415841 0.710838854 0.703021884
  outer loop
   vertex 47816.6367 28440.8887 28205.5625
   vertex 47460.8672 28447.0254 28210.3105
   vertex 47638.1289 28347.2969 28305.6914
  endloop
 endfacet
facet normal 0.184882402 0.484231502 -0.855183244
  outer loop
   vertex 47496.8281 28185.4883 27767.0391
   vertex 47331.6953 28267.0098 27777.498
   vertex 47563.5469 28310.4883 27852.2422
  endloop
 endfacet
facet normal -0.508307338 0.35312891 0.785444856
  outer loop
   vertex 48011.7969 28387.3438 28355.9355
   vertex 47956.7383 28458.0508 28288.5137
   vertex 47816.6367 28440.8887 28205.5625
  endloop
 endfacet
facet normal -0.144898281 0.119765304 0.982171476
  outer loop
   vertex 47847.0312 28148.9805 28360.6934
   vertex 48011.7969 28387.3438 28355.9355
   vertex 47638.1289 28347.2969 28305.6914
  endloop
 endfacet
facet normal 0.132836431 0.736195922 0.663603842
  outer loop
   vertex 48011.7969 28387.3438 28355.9355
   vertex 48033.8867 28463.8438 28266.6426
   vertex 47956.7383 28458.0508 28288.5137
  endloop
 endfacet
facet normal 0.155398652 0.762348235 -0.628232777
  outer loop
   vertex 48128.1133 28278.3828 27955.3516
   vertex 47828.8281 28375.3379 27998.9727
   vertex 48109.0156 28431.5664 28136.5117
  endloop
 endfacet
facet normal 0.0635706708 0.746479988 0.662364244
  outer loop
   vertex 47460.8672 28447.0254 28210.3105
   vertex 47219.6289 28380.1055 28308.8828
   vertex 47638.1289 28347.2969 28305.6914
  endloop
 endfacet
facet normal 0.146038055 0.588391781 -0.795278549
  outer loop
   vertex 47331.6953 28267.0098 27777.498
   vertex 47232.6914 28401.0742 27858.5059
   vertex 47563.5469 28310.4883 27852.2422
  endloop
 endfacet
facet normal 0.0892082527 0.528033137 -0.844525278
  outer loop
   vertex 47496.8281 28185.4883 27767.0391
   vertex 47563.5469 28310.4883 27852.2422
   vertex 47691.8516 28184.6758 27787.1309
  endloop
 endfacet
facet normal 0.100214757 0.252028942 -0.962516725
  outer loop
   vertex 47496.8281 28185.4883 27767.0391
   vertex 47691.8516 28184.6758 27787.1309
   vertex 47615.293 28129.0332 27764.5918
  endloop
 endfacet
facet normal 0.155580625 0.574522376 -0.803566217
  outer loop
   vertex 47851.2969 28240.1816 27857.6875
   vertex 47691.8516 28184.6758 27787.1309
   vertex 47563.5469 28310.4883 27852.2422
  endloop
 endfacet
facet normal 0.214944437 0.976119697 0.0314525925
  outer loop
   vertex 47148.5391 28519.9336 27982.0312
   vertex 47140.2266 28516.1953 28154.8477
   vertex 47461.8242 28449.2695 28034.084
  endloop
 endfacet
facet normal 0.137253091 0.726581216 -0.673232019
  outer loop
   vertex 48128.1133 28278.3828 27955.3516
   vertex 47851.2969 28240.1816 27857.6875
   vertex 47828.8281 28375.3379 27998.9727
  endloop
 endfacet
facet normal 0.0174127836 0.999766111 0.0128287077
  outer loop
   vertex 47461.8242 28449.2695 28034.084
   vertex 47460.8672 28447.0254 28210.3105
   vertex 47816.6367 28440.8887 28205.5625
  endloop
 endfacet
facet normal 0.162296921 0.943250954 -0.289719462
  outer loop
   vertex 47461.8242 28449.2695 28034.084
   vertex 47816.6367 28440.8887 28205.5625
   vertex 47828.8281 28375.3379 27998.9727
  endloop
 endfacet
facet normal 0.0525983684 0.761671603 0.645824909
  outer loop
   vertex 47219.6289 28380.1055 28308.8828
   vertex 47460.8672 28447.0254 28210.3105
   vertex 47140.2266 28516.1953 28154.8477
  endloop
 endfacet
facet normal 0.145966381 0.836698294 0.527853966
  outer loop
   vertex 35422.2695 28048.7949 34580.0586
   vertex 35282.0547 28108.3145 34524.4883
   vertex 35252.8828 28027.1465 34661.2148
  endloop
 endfacet
facet normal -0.653730333 0.034584865 0.755936861
  outer loop
   vertex 34827.6523 27792.2461 34867.2227
   vertex 34846.2305 27801.9141 34882.8477
   vertex 34842.6641 27827.7324 34878.582
  endloop
 endfacet
facet normal 0.0878264233 0.832880259 0.546440303
  outer loop
   vertex 35099.8594 28004.7754 34719.9062
   vertex 35252.8828 28027.1465 34661.2148
   vertex 35123.0938 28093.9121 34580.3125
  endloop
 endfacet
facet normal 0.20679839 0.604258418 0.769484341
  outer loop
   vertex 35099.8594 28004.7754 34719.9062
   vertex 35193.8281 27908.7363 34770.0703
   vertex 35252.8828 28027.1465 34661.2148
  endloop
 endfacet
facet normal 0.351656288 0.407629311 0.842719555
  outer loop
   vertex 35422.2695 28048.7949 34580.0586
   vertex 35252.8828 28027.1465 34661.2148
   vertex 35366.4219 27901.7148 34674.5078
  endloop
 endfacet
facet normal 0.268840909 0.639327586 0.720405996
  outer loop
   vertex 35099.8594 28004.7754 34719.9062
   vertex 35035.5547 27893.4727 34842.6797
   vertex 35193.8281 27908.7363 34770.0703
  endloop
 endfacet
facet normal -0.656740069 -0.271872669 0.703404367
  outer loop
   vertex 34827.6523 27792.2461 34867.2227
   vertex 34760.9492 27736.0586 34783.2266
   vertex 34839.4141 27707.2051 34845.332
  endloop
 endfacet
facet normal 0.302602291 -0.423844486 0.853690624
  outer loop
   vertex 34951.8789 27766.0137 34882.6016
   vertex 35107.3047 27760.4043 34824.7227
   vertex 35022.8828 27840.2773 34894.3047
  endloop
 endfacet
facet normal 0.884576321 0.192454249 0.424836546
  outer loop
   vertex 34842.6641 27827.7324 34878.582
   vertex 34846.2305 27801.9141 34882.8477
   vertex 34865.8438 27844.9355 34822.5234
  endloop
 endfacet
facet normal 0.0167150777 0.811469495 0.584155738
  outer loop
   vertex 34846.2305 27801.9141 34882.8477
   vertex 34884.168 27799.1836 34885.5547
   vertex 34865.8438 27844.9355 34822.5234
  endloop
 endfacet
facet normal -0.587509632 0.564062119 0.58022958
  outer loop
   vertex 34919.9375 27827.75 34894
   vertex 34865.8438 27844.9355 34822.5234
   vertex 34884.168 27799.1836 34885.5547
  endloop
 endfacet
facet normal -0.398877144 0.776084602 0.488456458
  outer loop
   vertex 34919.9375 27827.75 34894
   vertex 34972.3711 27853.5078 34895.8945
   vertex 34865.8438 27844.9355 34822.5234
  endloop
 endfacet
facet normal -0.295515478 0.898694754 0.324065417
  outer loop
   vertex 34972.3711 27853.5078 34895.8945
   vertex 35035.5547 27893.4727 34842.6797
   vertex 34865.8438 27844.9355 34822.5234
  endloop
 endfacet
facet normal -0.701801896 0.598136604 0.386919469
  outer loop
   vertex 34775.0586 27828.6699 34683
   vertex 34733.9609 27766.6484 34704.332
   vertex 34865.8438 27844.9355 34822.5234
  endloop
 endfacet
facet normal -0.869574308 0.439762503 -0.224609464
  outer loop
   vertex 34842.6641 27827.7324 34878.582
   vertex 34865.8438 27844.9355 34822.5234
   vertex 34827.6523 27792.2461 34867.2227
  endloop
 endfacet
facet normal -0.718503237 0.529421508 0.451072007
  outer loop
   vertex 34733.9609 27766.6484 34704.332
   vertex 34760.9492 27736.0586 34783.2266
   vertex 34865.8438 27844.9355 34822.5234
  endloop
 endfacet
facet normal -0.738222003 0.658648252 0.145639151
  outer loop
   vertex 34827.6523 27792.2461 34867.2227
   vertex 34865.8438 27844.9355 34822.5234
   vertex 34760.9492 27736.0586 34783.2266
  endloop
 endfacet
facet normal 0.406805068 -0.0746013746 0.91046375
  outer loop
   vertex 35107.3047 27760.4043 34824.7227
   vertex 35226.8867 27712.7324 34767.3867
   vertex 35255.293 27802.7383 34762.0703
  endloop
 endfacet
facet normal 0.369693279 -0.171067223 0.913270414
  outer loop
   vertex 35173.8828 27671.9102 34781.1953
   vertex 35226.8867 27712.7324 34767.3867
   vertex 35107.3047 27760.4043 34824.7227
  endloop
 endfacet
facet normal 0.479815573 0.214013532 0.850867331
  outer loop
   vertex 35366.4219 27901.7148 34674.5078
   vertex 35193.8281 27908.7363 34770.0703
   vertex 35255.293 27802.7383 34762.0703
  endloop
 endfacet
facet normal 0.440072328 0.478855759 0.759627223
  outer loop
   vertex 35366.4219 27901.7148 34674.5078
   vertex 35252.8828 28027.1465 34661.2148
   vertex 35193.8281 27908.7363 34770.0703
  endloop
 endfacet
facet normal 0.583124876 -0.557141423 0.591234982
  outer loop
   vertex 35210.8633 27627.1582 34702.5508
   vertex 35226.8867 27712.7324 34767.3867
   vertex 35173.8828 27671.9102 34781.1953
  endloop
 endfacet
facet normal -0.303042769 -0.0241746288 0.952670276
  outer loop
   vertex 34951.8789 27766.0137 34882.6016
   vertex 34839.4141 27707.2051 34845.332
   vertex 34911.7344 27679.0312 34867.625
  endloop
 endfacet
facet normal -0.128132254 -0.344347775 0.930057406
  outer loop
   vertex 34951.8789 27766.0137 34882.6016
   vertex 34884.168 27799.1836 34885.5547
   vertex 34839.4141 27707.2051 34845.332
  endloop
 endfacet
facet normal 0.353302926 0.135003179 0.925716579
  outer loop
   vertex 35193.8281 27908.7363 34770.0703
   vertex 35107.3047 27760.4043 34824.7227
   vertex 35255.293 27802.7383 34762.0703
  endloop
 endfacet
facet normal 0.407261848 0.0970525369 0.908140182
  outer loop
   vertex 35035.5547 27893.4727 34842.6797
   vertex 35107.3047 27760.4043 34824.7227
   vertex 35193.8281 27908.7363 34770.0703
  endloop
 endfacet
facet normal 0.542763293 -0.704308271 0.457556367
  outer loop
   vertex 35232.2539 27566.3359 34533.0117
   vertex 35413.7539 27663.6035 34467.4336
   vertex 35328.0508 27719.8535 34655.6797
  endloop
 endfacet
facet normal 0.0429209843 -0.159887612 0.986201644
  outer loop
   vertex 34919.9375 27827.75 34894
   vertex 34951.8789 27766.0137 34882.6016
   vertex 34972.3711 27853.5078 34895.8945
  endloop
 endfacet
facet normal -0.0612094887 -0.211770311 0.975400805
  outer loop
   vertex 34884.168 27799.1836 34885.5547
   vertex 34951.8789 27766.0137 34882.6016
   vertex 34919.9375 27827.75 34894
  endloop
 endfacet
facet normal 0.225879163 -0.471751124 0.852308333
  outer loop
   vertex 35103.0547 27610.5566 34742.9102
   vertex 35107.3047 27760.4043 34824.7227
   vertex 34931.8867 27620.4277 34793.7383
  endloop
 endfacet
facet normal -0.0607777089 -0.476995617 0.876801729
  outer loop
   vertex 35173.8828 27671.9102 34781.1953
   vertex 35107.3047 27760.4043 34824.7227
   vertex 35103.0547 27610.5566 34742.9102
  endloop
 endfacet
facet normal 0.0902627409 -0.673187375 0.733942389
  outer loop
   vertex 34772.3047 27573.4785 34730.9297
   vertex 34839.4141 27707.2051 34845.332
   vertex 34766.3047 27631.2949 34784.6992
  endloop
 endfacet
facet normal 0.758512914 -0.286460757 0.585319042
  outer loop
   vertex 34846.2305 27801.9141 34882.8477
   vertex 34834.2422 27777.041 34886.2109
   vertex 34839.4141 27707.2051 34845.332
  endloop
 endfacet
facet normal 0.551095128 -0.696791351 0.459103465
  outer loop
   vertex 35413.7539 27663.6035 34467.4336
   vertex 35520.0234 27805.5781 34555.3477
   vertex 35328.0508 27719.8535 34655.6797
  endloop
 endfacet
facet normal 0.716981888 -0.219756082 0.661546886
  outer loop
   vertex 35328.0508 27719.8535 34655.6797
   vertex 35366.4219 27901.7148 34674.5078
   vertex 35255.293 27802.7383 34762.0703
  endloop
 endfacet
facet normal 0.733372569 -0.192948073 0.651870906
  outer loop
   vertex 35328.0508 27719.8535 34655.6797
   vertex 35255.293 27802.7383 34762.0703
   vertex 35226.8867 27712.7324 34767.3867
  endloop
 endfacet
facet normal -0.633911669 -0.00723647047 0.773371577
  outer loop
   vertex 34839.4141 27707.2051 34845.332
   vertex 34709.375 27630.8066 34738.0312
   vertex 34766.3047 27631.2949 34784.6992
  endloop
 endfacet
facet normal -0.626586258 -0.0274265502 0.778869331
  outer loop
   vertex 34839.4141 27707.2051 34845.332
   vertex 34760.9492 27736.0586 34783.2266
   vertex 34709.375 27630.8066 34738.0312
  endloop
 endfacet
facet normal -0.0203811992 -0.827764511 0.560705364
  outer loop
   vertex 34616.0781 27588.8828 34672.7461
   vertex 34643.2344 27566.3301 34640.4414
   vertex 34709.375 27630.8066 34738.0312
  endloop
 endfacet
facet normal -0.447608173 -0.576058805 0.683961391
  outer loop
   vertex 34772.3047 27573.4785 34730.9297
   vertex 34709.375 27630.8066 34738.0312
   vertex 34643.2344 27566.3301 34640.4414
  endloop
 endfacet
facet normal -0.638737619 0.453269333 0.621740401
  outer loop
   vertex 34616.0781 27588.8828 34672.7461
   vertex 34709.375 27630.8066 34738.0312
   vertex 34637.1875 27647.7559 34651.5117
  endloop
 endfacet
facet normal -0.755667627 0.0918147713 0.648487866
  outer loop
   vertex 34760.9492 27736.0586 34783.2266
   vertex 34637.1875 27647.7559 34651.5117
   vertex 34709.375 27630.8066 34738.0312
  endloop
 endfacet
facet normal 0.214943886 -0.74960345 0.626014233
  outer loop
   vertex 34883.2617 27478.918 34640.9844
   vertex 34931.8867 27620.4277 34793.7383
   vertex 34828.8867 27510.5879 34697.5781
  endloop
 endfacet
facet normal 0.140151322 -0.770655692 0.621648967
  outer loop
   vertex 35007.0742 27498.5039 34625.6367
   vertex 35103.0547 27610.5566 34742.9102
   vertex 34931.8867 27620.4277 34793.7383
  endloop
 endfacet
facet normal -0.200305104 -0.251143962 0.946997643
  outer loop
   vertex 34919.4141 27648.6035 34861.1797
   vertex 34911.7344 27679.0312 34867.625
   vertex 34903.0312 27660.6543 34860.9102
  endloop
 endfacet
endsolid MATLAB_1
