solid MATLAB_1
facet normal -0.363910258 -0.226404756 -0.903498888
  outer loop
   vertex 85202.1562 37559.0898 67206.1953
   vertex 85323.4609 37436.0352 67188.1797
   vertex 85162.6562 37435.6523 67253.0391
  endloop
 endfacet
facet normal 0.363057196 0.487879902 -0.793827891
  outer loop
   vertex 86292.3281 34863.1133 66924.4219
   vertex 86092.2969 35214.6992 67049.0156
   vertex 86290.7109 35113.4297 67077.5156
  endloop
 endfacet
facet normal 0.633195817 0.130858392 0.762849391
  outer loop
   vertex 87395.3359 33804.0898 66993.7578
   vertex 87354.5938 33724.582 67041.2109
   vertex 87472.6953 33635.7109 66958.4297
  endloop
 endfacet
facet normal -0.473039091 0.0690429136 -0.878332019
  outer loop
   vertex 86249.2109 33835.2031 66470.8594
   vertex 86191.6016 34011.9414 66515.7812
   vertex 86363.5547 33847.8047 66410.2734
  endloop
 endfacet
facet normal 0.308155537 -0.932038903 -0.190640047
  outer loop
   vertex 86623.9453 33390.1562 66331.9375
   vertex 86574.4922 33354.707 66425.2969
   vertex 86560.9766 33357.6289 66389.1641
  endloop
 endfacet
facet normal 0.70596981 0.0374340564 0.707251966
  outer loop
   vertex 86786.2656 34249.6953 67321.6484
   vertex 86879.4609 34293.3125 67226.3047
   vertex 86776.8281 34346.5938 67325.9297
  endloop
 endfacet
facet normal -0.665934145 -0.447327733 -0.597017229
  outer loop
   vertex 86476.4062 33593.3945 66321.0312
   vertex 86501.8906 33583.2266 66300.2188
   vertex 86499.1484 33557.7695 66322.3594
  endloop
 endfacet
facet normal 0.253665298 0.106703237 0.961388767
  outer loop
   vertex 85755.3281 37738.168 67939.7188
   vertex 85599.0234 37750.9414 67979.5391
   vertex 85685.2422 37503.2969 67984.2812
  endloop
 endfacet
facet normal -0.226050615 0.399539918 -0.888408124
  outer loop
   vertex 86945.5234 33556.6914 66097.9297
   vertex 86935.7266 33792.3984 66206.4297
   vertex 87265.7344 33702.4688 66082.0156
  endloop
 endfacet
facet normal -0.322639793 0.631755471 -0.704832315
  outer loop
   vertex 87163.6875 33506.375 65952.9609
   vertex 86945.5234 33556.6914 66097.9297
   vertex 87265.7344 33702.4688 66082.0156
  endloop
 endfacet
facet normal 0.686019242 0.433351785 0.584451795
  outer loop
   vertex 87546.6719 33804.5898 66815.75
   vertex 87345.7891 33941.8867 66949.7422
   vertex 87395.3359 33804.0898 66993.7578
  endloop
 endfacet
facet normal 0.0447727963 -0.621541142 0.782101035
  outer loop
   vertex 87532.4766 33232.8711 66762.4297
   vertex 87195.2188 33455.6094 66958.75
   vertex 87182.9141 33255.7773 66800.6484
  endloop
 endfacet
facet normal 0.0579415299 -0.528627157 0.846874297
  outer loop
   vertex 87532.4766 33232.8711 66762.4297
   vertex 87182.9141 33255.7773 66800.6484
   vertex 87413.7109 33081.2812 66675.9375
  endloop
 endfacet
facet normal 0.183319017 0.836494207 -0.516402543
  outer loop
   vertex 88146.8203 33503.5664 65967.0547
   vertex 88354.4375 33354.8672 65799.8906
   vertex 88053.9453 33392.75 65754.5781
  endloop
 endfacet
facet normal -0.143966094 0.643832624 -0.751500726
  outer loop
   vertex 88324.8594 33431.8203 65871.4844
   vertex 88354.4375 33354.8672 65799.8906
   vertex 88146.8203 33503.5664 65967.0547
  endloop
 endfacet
facet normal 0.720354974 0.238275751 0.651393414
  outer loop
   vertex 87773.0391 33623.6172 66681.3203
   vertex 87785.2188 33477.9922 66721.1172
   vertex 87975.0156 33415.3398 66534.1406
  endloop
 endfacet
facet normal 0.513543487 -0.663231909 0.544423044
  outer loop
   vertex 89694.1016 31979.8457 65135.0078
   vertex 89575.125 32059.8125 65344.6523
   vertex 89497.0859 31919.5195 65247.3555
  endloop
 endfacet
facet normal 0.294586062 0.00359867094 -0.955618203
  outer loop
   vertex 85671.5625 36826.1758 67231.8438
   vertex 85935.6953 36678.9023 67312.7188
   vertex 85711.8281 36416.5156 67242.7188
  endloop
 endfacet
facet normal -0.0579680614 -0.116347618 0.991515458
  outer loop
   vertex 85921.8594 36317.5586 67953.6797
   vertex 85740.0703 36248.3594 67934.9375
   vertex 85856.7188 35861.8789 67896.4062
  endloop
 endfacet
facet normal 0.0807605013 -0.135670319 0.987456977
  outer loop
   vertex 86130.0859 36021.293 67895.9453
   vertex 85921.8594 36317.5586 67953.6797
   vertex 85856.7188 35861.8789 67896.4062
  endloop
 endfacet
facet normal 0.695559204 0.71367687 0.0828412175
  outer loop
   vertex 85712.5078 38004.9102 67852.4375
   vertex 85810.1875 37909.9062 67850.7266
   vertex 85791.2969 37939.4414 67754.8906
  endloop
 endfacet
facet normal 0.473614216 -0.721480668 0.50512886
  outer loop
   vertex 89578.6406 31840.4004 65000.5977
   vertex 89651.6719 31788.9258 64858.5977
   vertex 89742.6484 31829.3164 64830.9883
  endloop
 endfacet
facet normal -0.182959154 -0.698329568 -0.691998363
  outer loop
   vertex 86845.0547 33222.0391 66162.6016
   vertex 86928.9531 33259.3984 66102.7188
   vertex 86848.0625 33193.3477 66190.7578
  endloop
 endfacet
facet normal -0.382877439 0.259379238 -0.886638165
  outer loop
   vertex 86191.6016 34011.9414 66515.7812
   vertex 86196.4688 34288.9414 66594.7109
   vertex 86335.4531 34074.082 66471.8438
  endloop
 endfacet
facet normal -0.309353232 -0.539452195 0.783129573
  outer loop
   vertex 86431.9609 33910.4922 67341.0625
   vertex 86261.7812 34060.5781 67377.2266
   vertex 86277.4297 33911.6641 67280.8281
  endloop
 endfacet
facet normal 0.533743978 0.833122969 0.144994855
  outer loop
   vertex 89049.75 32871.6602 65680.9609
   vertex 89404.2188 32657.873 65604.5078
   vertex 89248.7188 32772.3906 65518.9336
  endloop
 endfacet
facet normal -0.55250752 -0.821636915 0.140172169
  outer loop
   vertex 86532.4375 33380.9062 66413.125
   vertex 86560.9766 33357.6289 66389.1641
   vertex 86574.4922 33354.707 66425.2969
  endloop
 endfacet
facet normal -0.416721463 0.215168864 -0.883201897
  outer loop
   vertex 86737.3203 33770.6641 66248.2969
   vertex 86945.5234 33556.6914 66097.9297
   vertex 86571.3281 33625.6992 66291.2969
  endloop
 endfacet
facet normal -0.597986996 -0.546847105 -0.585977614
  outer loop
   vertex 86275.3359 33649.9961 66517.5234
   vertex 86387.5703 33641.4766 66410.9453
   vertex 86432.1797 33486.7461 66509.8125
  endloop
 endfacet
facet normal -0.510019481 -0.780745804 0.360993177
  outer loop
   vertex 86432.1797 33486.7461 66509.8125
   vertex 86574.4922 33354.707 66425.2969
   vertex 86794.9922 33237.2148 66482.7188
  endloop
 endfacet
facet normal -0.566834331 -0.823826373 -0.00298939366
  outer loop
   vertex 86428.3438 33488.6758 66706.6797
   vertex 86432.1797 33486.7461 66509.8125
   vertex 86794.9922 33237.2148 66482.7188
  endloop
 endfacet
facet normal -0.467973828 0.01185086 -0.883662879
  outer loop
   vertex 86945.5234 33556.6914 66097.9297
   vertex 86928.9531 33259.3984 66102.7188
   vertex 86755.8906 33452.0156 66196.9531
  endloop
 endfacet
facet normal -0.6283831 0.419635862 0.655011773
  outer loop
   vertex 85671.1797 34338.3828 67196.7578
   vertex 85652.25 34262.7617 67227.0469
   vertex 85674.2109 34267.1094 67245.3281
  endloop
 endfacet
facet normal -0.620029271 -0.784522653 0.00937690493
  outer loop
   vertex 86175.9844 33697.6992 66728.8906
   vertex 86249.875 33641.6992 66929.375
   vertex 85982.7969 33853.3047 66973.6484
  endloop
 endfacet
facet normal -0.604098618 -0.673247695 -0.426382959
  outer loop
   vertex 86054.3906 33758.9805 67021.1484
   vertex 85982.7969 33853.3047 66973.6484
   vertex 86249.875 33641.6992 66929.375
  endloop
 endfacet
facet normal -0.754851341 -0.362057924 0.54691273
  outer loop
   vertex 85707.7656 34539.75 67425.0703
   vertex 85647.4531 34756.6484 67485.4141
   vertex 85639.8984 34541.8281 67332.7812
  endloop
 endfacet
facet normal -0.733193874 0.231524989 0.639392614
  outer loop
   vertex 85982.7969 33853.3047 66973.6484
   vertex 85995.4453 33776.7227 67015.875
   vertex 86018.0234 33785.7812 67038.4844
  endloop
 endfacet
facet normal -0.66097486 -0.0388383642 -0.749402285
  outer loop
   vertex 86532.4375 33380.9062 66413.125
   vertex 86623.9453 33390.1562 66331.9375
   vertex 86560.9766 33357.6289 66389.1641
  endloop
 endfacet
facet normal -0.0584005155 -0.661610126 0.747570336
  outer loop
   vertex 86841.0547 33481.6094 66975.4609
   vertex 86549.4922 33760.8086 67199.7734
   vertex 86582.5469 33564.1992 67028.3594
  endloop
 endfacet
facet normal -0.732128203 -0.0513807833 0.679226279
  outer loop
   vertex 85490.4375 35294.6875 67585.0156
   vertex 85555.0781 35276.9336 67653.3438
   vertex 85484.7891 35524.0586 67596.2734
  endloop
 endfacet
facet normal 0.570849359 0.431091636 -0.698778212
  outer loop
   vertex 86428.4609 34993.6797 67116.1797
   vertex 86292.3281 34863.1133 66924.4219
   vertex 86290.7109 35113.4297 67077.5156
  endloop
 endfacet
facet normal 0.510015488 0.451500535 -0.732141733
  outer loop
   vertex 86290.7109 35113.4297 67077.5156
   vertex 86246.4531 35304.6289 67164.6016
   vertex 86360.9688 35166.2188 67159.0156
  endloop
 endfacet
facet normal 0.994880795 -0.0440361649 0.0909561068
  outer loop
   vertex 86212.3438 36499.4961 67945.0938
   vertex 86219.3125 36455.0234 67847.3438
   vertex 86213.6094 36527.7773 67944.9062
  endloop
 endfacet
facet normal 0.059840817 -0.0283036511 0.997806609
  outer loop
   vertex 85685.2422 37503.2969 67984.2812
   vertex 85625.9922 37121.1094 67976.9922
   vertex 85882.1406 37246.1172 67965.1719
  endloop
 endfacet
facet normal 0.000601980602 0.0928779617 0.995677292
  outer loop
   vertex 85865.1797 37043.6133 67984.0781
   vertex 85882.1406 37246.1172 67965.1719
   vertex 85625.9922 37121.1094 67976.9922
  endloop
 endfacet
facet normal -0.634951174 -0.295634508 0.713748693
  outer loop
   vertex 85453.0938 36492.0352 67803.1562
   vertex 85549.9844 36555 67915.4219
   vertex 85500.5469 36638.4922 67906.0312
  endloop
 endfacet
facet normal 0.841337681 0.528712153 0.112313747
  outer loop
   vertex 85791.2969 37939.4414 67754.8906
   vertex 85917.0391 37719.6055 67847.8359
   vertex 85997.7812 37624.457 67690.9375
  endloop
 endfacet
facet normal 0.775529504 0.565393686 -0.280862838
  outer loop
   vertex 85790.3047 37849.7656 67571.6172
   vertex 85791.2969 37939.4414 67754.8906
   vertex 85997.7812 37624.457 67690.9375
  endloop
 endfacet
facet normal -0.342558771 -0.131392598 0.930263102
  outer loop
   vertex 85648.8828 36088.4297 67878.7656
   vertex 85740.0703 36248.3594 67934.9375
   vertex 85592.5312 36355.4258 67895.7266
  endloop
 endfacet
facet normal -0.62317276 0.683446348 0.380206317
  outer loop
   vertex 85434.2656 35963.5 67687.6562
   vertex 85468.0625 35972.7891 67726.3594
   vertex 85434.9453 36007.8945 67608.9609
  endloop
 endfacet
facet normal -0.699230254 -0.140393615 0.700975537
  outer loop
   vertex 85314.4531 36872.9805 67741.1484
   vertex 85453.0938 36492.0352 67803.1562
   vertex 85488.7734 36842.6406 67908.9609
  endloop
 endfacet
facet normal 0.117299803 -0.0371082425 0.99240303
  outer loop
   vertex 85505.5312 37419.5312 68002.3906
   vertex 85625.9922 37121.1094 67976.9922
   vertex 85685.2422 37503.2969 67984.2812
  endloop
 endfacet
facet normal -0.563935578 0.238775343 0.79054606
  outer loop
   vertex 85001.1016 37559.0156 67701.0156
   vertex 85113.7812 37557.7656 67781.7734
   vertex 85039.9297 37665.1836 67696.6406
  endloop
 endfacet
facet normal 0.4322882 0.345443279 0.832944095
  outer loop
   vertex 86049.25 37329.3945 67896.3828
   vertex 86104.2891 37365.8438 67852.7031
   vertex 86059.9297 37495.6562 67821.8828
  endloop
 endfacet
facet normal -0.630522311 0.472376734 -0.615874887
  outer loop
   vertex 85445.0312 38311.6406 67716.4844
   vertex 85398.9297 38316.3281 67767.2734
   vertex 85430.2812 38355.5352 67765.25
  endloop
 endfacet
facet normal 0.998784542 0.032656204 0.0369185805
  outer loop
   vertex 85564.7969 38307.793 67737.1562
   vertex 85566.1016 38218.2773 67781.1719
   vertex 85567.625 38271.4648 67692.7656
  endloop
 endfacet
facet normal -0.501711965 0.691460073 -0.519777
  outer loop
   vertex 85150.9219 38021.2891 67394.4453
   vertex 85141.1328 38052.293 67445.1406
   vertex 85203.3672 38094.582 67441.3281
  endloop
 endfacet
facet normal -0.94535768 -0.273198545 0.177936405
  outer loop
   vertex 85136.6719 37238.1094 67655.7031
   vertex 85157.3672 37049.4414 67475.9844
   vertex 85223.1641 36879.6484 67564.8594
  endloop
 endfacet
facet normal -0.884596765 -0.300195307 -0.356891245
  outer loop
   vertex 85069.6797 37306.9297 67476.75
   vertex 85188.4141 37126.5391 67334.1953
   vertex 85157.3672 37049.4414 67475.9844
  endloop
 endfacet
facet normal 0.448176384 0.4077335 -0.795544684
  outer loop
   vertex 86165.4062 35501.1602 67219.6719
   vertex 86246.4531 35304.6289 67164.6016
   vertex 86118.5078 35408.7344 67145.875
  endloop
 endfacet
facet normal -0.826759994 -0.107641354 0.552160501
  outer loop
   vertex 85555.0781 35276.9336 67653.3438
   vertex 85570.8125 35552.3359 67730.5859
   vertex 85484.7891 35524.0586 67596.2734
  endloop
 endfacet
facet normal 0.37072286 0.240004808 -0.897196889
  outer loop
   vertex 86190.7422 36011.7227 67424.4844
   vertex 86226.5547 35873.8125 67402.3828
   vertex 86192.3984 35739.5195 67352.3516
  endloop
 endfacet
facet normal 0.266279906 -0.0237600822 -0.963602841
  outer loop
   vertex 85433.7344 36366.0312 67274.6562
   vertex 85475.1094 35934.6211 67296.7266
   vertex 85413.9766 36165.0938 67274.1484
  endloop
 endfacet
facet normal 0.954333782 -0.28283903 0.0961722285
  outer loop
   vertex 86301.7422 35594.8945 67861.9453
   vertex 86309.5 35579.4883 67739.7031
   vertex 86309.2109 35621.6055 67866.4219
  endloop
 endfacet
facet normal 0.779539466 0.45868367 0.426529616
  outer loop
   vertex 85514.8906 38331.0703 67753.4688
   vertex 85566.1016 38218.2773 67781.1719
   vertex 85535.2422 38326.1016 67721.6172
  endloop
 endfacet
facet normal 0.549616337 0.426044762 0.718615174
  outer loop
   vertex 85514.8906 38331.0703 67753.4688
   vertex 85497.3359 38331.3711 67766.7188
   vertex 85566.1016 38218.2773 67781.1719
  endloop
 endfacet
facet normal 0.185601324 -0.0257856529 -0.982286751
  outer loop
   vertex 85644.6328 37346.8203 67220.3594
   vertex 85516.0547 37161.9688 67200.9219
   vertex 85493.1719 37461.1289 67188.7422
  endloop
 endfacet
facet normal 0.890245676 0.383325875 0.246016145
  outer loop
   vertex 85653.1016 38100.8828 67649.2578
   vertex 85567.625 38271.4648 67692.7656
   vertex 85566.1016 38218.2773 67781.1719
  endloop
 endfacet
facet normal 0.368712783 0.240161523 -0.897982895
  outer loop
   vertex 85644.6328 37346.8203 67220.3594
   vertex 85493.1719 37461.1289 67188.7422
   vertex 85616.7188 37622.4922 67282.625
  endloop
 endfacet
facet normal -0.635161519 -0.185944155 0.749662995
  outer loop
   vertex 85462.8281 35912.7422 67709.2891
   vertex 85488.4766 35768.5781 67695.2656
   vertex 85577.8047 35857.5234 67793.0078
  endloop
 endfacet
facet normal 0.334707856 0.102194913 0.936764002
  outer loop
   vertex 86049.25 37329.3945 67896.3828
   vertex 85935.3906 37521.9727 67916.0547
   vertex 85882.1406 37246.1172 67965.1719
  endloop
 endfacet
facet normal 0.272676557 0.0631439239 0.96003145
  outer loop
   vertex 86049.25 37329.3945 67896.3828
   vertex 86035.2812 37460.7422 67891.7109
   vertex 85935.3906 37521.9727 67916.0547
  endloop
 endfacet
facet normal 0.20031108 0.812171817 -0.54795295
  outer loop
   vertex 87813.75 33255.5938 65524.3281
   vertex 87827.0781 33273.4844 65555.7188
   vertex 87844.7344 33250.375 65527.918
  endloop
 endfacet
facet normal -0.230968863 0.398887813 -0.887435555
  outer loop
   vertex 86945.5234 33556.6914 66097.9297
   vertex 86737.3203 33770.6641 66248.2969
   vertex 86935.7266 33792.3984 66206.4297
  endloop
 endfacet
facet normal -0.625798702 -0.564121187 -0.538649499
  outer loop
   vertex 87172.7031 32970.6055 66044.7344
   vertex 87040.9844 33093.8906 66068.6484
   vertex 87174.9219 33060.9023 65947.5859
  endloop
 endfacet
facet normal 0.631689668 0.76194334 -0.14286539
  outer loop
   vertex 88594.3672 33196.2109 65845.3984
   vertex 88758.2656 33060.8789 65848.3125
   vertex 88704.9297 33066.5781 65642.8906
  endloop
 endfacet
facet normal -0.755658329 0.266249657 -0.598407567
  outer loop
   vertex 88324.8594 33431.8203 65871.4844
   vertex 88350.7109 33423.5391 65835.1484
   vertex 88354.4375 33354.8672 65799.8906
  endloop
 endfacet
facet normal 0.659099936 0.628687918 0.412721217
  outer loop
   vertex 88891.0156 32951.7461 65870.0234
   vertex 88875.5547 32908.0312 65961.3047
   vertex 88974.9062 32854.1133 65884.7812
  endloop
 endfacet
facet normal 0.253154397 0.959699273 0.122025125
  outer loop
   vertex 89414.9062 32683.6094 65379.918
   vertex 89404.2188 32657.873 65604.5078
   vertex 89536.0625 32640.1133 65470.6602
  endloop
 endfacet
facet normal 0.544583797 0.829928815 0.121023349
  outer loop
   vertex 89414.9062 32683.6094 65379.918
   vertex 89248.7188 32772.3906 65518.9336
   vertex 89404.2188 32657.873 65604.5078
  endloop
 endfacet
facet normal 0.935597658 0.335678875 -0.109438129
  outer loop
   vertex 86309.5 35579.4883 67739.7031
   vertex 86267.8125 35732.7734 67853.4766
   vertex 86309.2109 35621.6055 67866.4219
  endloop
 endfacet
facet normal 0.691241741 0.485717237 0.535036147
  outer loop
   vertex 87975.0156 33415.3398 66534.1406
   vertex 88221.8828 33285.4688 66333.1016
   vertex 88069.6328 33513.5977 66322.7031
  endloop
 endfacet
facet normal 0.696952581 0.645914197 0.311531603
  outer loop
   vertex 88974.9062 32854.1133 65884.7812
   vertex 89049.75 32871.6602 65680.9609
   vertex 88891.0156 32951.7461 65870.0234
  endloop
 endfacet
facet normal 0.263827413 0.894509315 -0.360899091
  outer loop
   vertex 87759.9062 33747.6953 66182.9219
   vertex 87538.2031 33800 66150.4922
   vertex 87559.3203 33870.9648 66341.8203
  endloop
 endfacet
facet normal 0.250998825 0.950577557 -0.182761982
  outer loop
   vertex 87759.9062 33747.6953 66182.9219
   vertex 87664.9766 33749.0078 66059.3828
   vertex 87538.2031 33800 66150.4922
  endloop
 endfacet
facet normal -0.00936229248 0.321017653 -0.947026908
  outer loop
   vertex 86335.4531 34074.082 66471.8438
   vertex 86324.6641 34186.9688 66510.2188
   vertex 86480.4375 34179.707 66506.2109
  endloop
 endfacet
facet normal 0.414741278 0.900783241 -0.128760383
  outer loop
   vertex 87631.4453 33858.1016 66484.1406
   vertex 87559.3203 33870.9648 66341.8203
   vertex 87369.4453 33990.2148 66564.4766
  endloop
 endfacet
facet normal 0.604746819 0.741839826 -0.289749771
  outer loop
   vertex 86973.0859 34314.1602 66962.5391
   vertex 87086.0312 34212.3516 66937.6094
   vertex 86847.7891 34389.8945 66894.9141
  endloop
 endfacet
facet normal 0.181804866 0.92295289 -0.339271158
  outer loop
   vertex 87369.4453 33990.2148 66564.4766
   vertex 87559.3203 33870.9648 66341.8203
   vertex 87298.7812 33918.7188 66332.1172
  endloop
 endfacet
facet normal 0.343522698 0.863164544 -0.370052874
  outer loop
   vertex 87369.4453 33990.2148 66564.4766
   vertex 87298.7812 33918.7188 66332.1172
   vertex 87022.6406 34128.8008 66565.7891
  endloop
 endfacet
facet normal 0.264471263 -0.362601161 0.893630445
  outer loop
   vertex 86757.875 33844.7539 67245.2422
   vertex 86911.8984 33679.1289 67132.4531
   vertex 87020.0859 33869.8281 67177.8125
  endloop
 endfacet
facet normal 0.253570139 -0.372202307 0.892842412
  outer loop
   vertex 86743.3516 33749.043 67209.4688
   vertex 86911.8984 33679.1289 67132.4531
   vertex 86757.875 33844.7539 67245.2422
  endloop
 endfacet
facet normal 0.589680314 0.807632923 -0.00248572975
  outer loop
   vertex 87331.7578 34018.5 66813.9453
   vertex 87369.4453 33990.2148 66564.4766
   vertex 87142.0391 34156.8359 66755.2656
  endloop
 endfacet
facet normal 0.38084802 -0.00971689168 0.924586594
  outer loop
   vertex 86627.8438 34502.6445 67389.0234
   vertex 86420.5703 34363.6719 67472.9375
   vertex 86632.9531 34230.4492 67384.0547
  endloop
 endfacet
facet normal -0.0150453784 -0.404368609 0.914472342
  outer loop
   vertex 86261.7812 34060.5781 67377.2266
   vertex 86509.4375 34017.8672 67362.4141
   vertex 86272.9922 34243.6602 67458.3672
  endloop
 endfacet
facet normal 0.767493725 -0.227119878 0.599474728
  outer loop
   vertex 86487.6719 33888.9922 67341.4531
   vertex 86509.4375 34017.8672 67362.4141
   vertex 86475.5859 33916.9414 67367.5156
  endloop
 endfacet
facet normal 0.705453277 0.554379642 0.441586763
  outer loop
   vertex 87715.0234 33765.1797 66596.2734
   vertex 87546.6719 33804.5898 66815.75
   vertex 87773.0391 33623.6172 66681.3203
  endloop
 endfacet
facet normal 0.000339209044 0.991356134 -0.131197825
  outer loop
   vertex 89404.2188 32657.873 65604.5078
   vertex 89520.9922 32647.5938 65527.1406
   vertex 89536.0625 32640.1133 65470.6602
  endloop
 endfacet
facet normal 0.145565853 -0.819449842 0.554357767
  outer loop
   vertex 88066.5781 32630.709 66344.5078
   vertex 88139.8359 32669.0293 66381.9219
   vertex 88085.8203 32669.6426 66397.0078
  endloop
 endfacet
facet normal 0.878261983 0.1522443 0.453296393
  outer loop
   vertex 89470.5859 32500.959 65707.6094
   vertex 89493.75 32467.0273 65674.1172
   vertex 89490.8594 32517.9883 65662.5938
  endloop
 endfacet
facet normal -0.63096559 -0.0368699878 -0.774934232
  outer loop
   vertex 88304.7031 32431.7715 65208.043
   vertex 88213.4453 32369.541 65285.3125
   vertex 88006.3438 32532.1211 65446.2031
  endloop
 endfacet
facet normal 0.50672847 0.857780516 0.086248979
  outer loop
   vertex 88975.5312 32926.8359 65568.25
   vertex 89049.75 32871.6602 65680.9609
   vertex 89042.1562 32889.2422 65550.6953
  endloop
 endfacet
facet normal -0.385049134 -0.905962944 0.175978199
  outer loop
   vertex 88342.0078 32134.002 65526.4844
   vertex 88502.5625 32090.6523 65654.6094
   vertex 88134.6406 32281.3047 65831.0938
  endloop
 endfacet
facet normal 0.0837744027 -0.809250295 0.581460059
  outer loop
   vertex 87940.5312 32384.4629 66030.4531
   vertex 87971.2969 32364.3945 65998.0938
   vertex 88043.9609 32451.168 66108.3828
  endloop
 endfacet
facet normal 0.535105944 0.828871608 0.163197592
  outer loop
   vertex 89049.75 32871.6602 65680.9609
   vertex 89266.375 32721.8496 65731.5391
   vertex 89404.2188 32657.873 65604.5078
  endloop
 endfacet
facet normal 0.962268949 -0.0414085202 0.268930823
  outer loop
   vertex 86213.6094 36527.7773 67944.9062
   vertex 86206.7656 36510.6016 67966.7656
   vertex 86212.3438 36499.4961 67945.0938
  endloop
 endfacet
facet normal 0.314464986 0.832265019 0.456559658
  outer loop
   vertex 89361.1641 32521.1367 65746.1875
   vertex 89470.5859 32500.959 65707.6094
   vertex 89490.8594 32517.9883 65662.5938
  endloop
 endfacet
facet normal 0.525640488 0.196373299 0.827731609
  outer loop
   vertex 89145 32705.377 65839.75
   vertex 89361.1641 32521.1367 65746.1875
   vertex 89311.7031 32670.4492 65742.1719
  endloop
 endfacet
facet normal 0.983284235 0.120316207 -0.136660755
  outer loop
   vertex 86228.0469 36768.1016 67907.9297
   vertex 86235.3203 36684.3711 67886.5625
   vertex 86205.6406 36835.3672 67805.9453
  endloop
 endfacet
facet normal -0.499571264 -0.821480989 0.274949968
  outer loop
   vertex 87699.4297 32622.3418 66205.1328
   vertex 87524.5312 32686.6816 66079.5781
   vertex 87879.8203 32434.4707 65971.5703
  endloop
 endfacet
facet normal -0.549961984 -0.804943562 0.22272788
  outer loop
   vertex 87862.7891 32482.877 66104.4609
   vertex 87699.4297 32622.3418 66205.1328
   vertex 87879.8203 32434.4707 65971.5703
  endloop
 endfacet
facet normal -0.000597296981 -0.924243093 0.381804138
  outer loop
   vertex 88811.1641 31958.8965 65498.6445
   vertex 89125.8516 31874.3398 65294.4492
   vertex 89042.2188 31987.791 65568.9531
  endloop
 endfacet
facet normal -0.240568772 0.28078258 0.929132819
  outer loop
   vertex 85454.6719 38270.5 67813.6641
   vertex 85396.375 38271.707 67798.2031
   vertex 85409.1719 38135.3594 67842.7188
  endloop
 endfacet
facet normal 0.798954964 0.356356889 0.484438539
  outer loop
   vertex 86228.0469 36768.1016 67907.9297
   vertex 86196.6016 36834.3008 67911.0938
   vertex 86195.8906 36800.2812 67937.2891
  endloop
 endfacet
facet normal 0.806885421 -0.105031013 0.581295431
  outer loop
   vertex 89741.2578 32347.8477 65270.5508
   vertex 89560.1719 32469.1934 65543.8359
   vertex 89605.1562 32242.8887 65440.5039
  endloop
 endfacet
facet normal 0.378960013 -0.882842422 0.277450174
  outer loop
   vertex 89497.0859 31919.5195 65247.3555
   vertex 89358.9375 31885.8027 65328.7617
   vertex 89367.6484 31850.9258 65205.8789
  endloop
 endfacet
facet normal -0.030067835 -0.989705384 0.139925763
  outer loop
   vertex 89651.6719 31788.9258 64858.5977
   vertex 89577.0625 31788.1055 64836.7656
   vertex 89677.1016 31778.1602 64787.918
  endloop
 endfacet
facet normal 0.524256051 0.713364899 0.465044141
  outer loop
   vertex 89536.0625 32640.1133 65470.6602
   vertex 89557.4531 32608.2578 65495.4141
   vertex 89591.8906 32616.0508 65444.6328
  endloop
 endfacet
facet normal 0.25090906 -0.926408648 0.280734152
  outer loop
   vertex 89268.625 31861.4727 65329.1914
   vertex 89367.6484 31850.9258 65205.8789
   vertex 89358.9375 31885.8027 65328.7617
  endloop
 endfacet
facet normal 0.64549619 -0.515959561 0.563134432
  outer loop
   vertex 89575.125 32059.8125 65344.6523
   vertex 89694.1016 31979.8457 65135.0078
   vertex 89752.2031 32146.5762 65221.1719
  endloop
 endfacet
facet normal -0.433413625 0.238168284 -0.869153917
  outer loop
   vertex 88938.5625 32429.9492 64902.9844
   vertex 89160.8906 32260.9512 64745.8125
   vertex 88817.9531 32237.502 64910.3945
  endloop
 endfacet
facet normal 0.250548154 0.911857724 -0.325178504
  outer loop
   vertex 89070.8438 32832.0586 65413.7031
   vertex 89347.625 32659.748 65143.7656
   vertex 89150.2812 32726.9668 65180.2109
  endloop
 endfacet
facet normal 0.479943603 -0.659866452 0.578126669
  outer loop
   vertex 89346.75 31983.4121 65450.2891
   vertex 89282.1875 31892.1309 65399.7031
   vertex 89358.9375 31885.8027 65328.7617
  endloop
 endfacet
facet normal -0.67049855 -0.616324008 -0.413008928
  outer loop
   vertex 88259.8984 32259.1035 65335.8477
   vertex 88455.6484 32113.2051 65235.7812
   vertex 88361.0312 32129.0547 65365.7344
  endloop
 endfacet
facet normal 0.603299856 -0.521882892 0.603048503
  outer loop
   vertex 89752.2031 32146.5762 65221.1719
   vertex 89694.1016 31979.8457 65135.0078
   vertex 89883.6016 32054.3145 65009.8711
  endloop
 endfacet
facet normal -0.0245355703 0.735509634 -0.677069843
  outer loop
   vertex 88704.7578 32873.2031 65339.8633
   vertex 88991.4688 32747.8477 65193.3008
   vertex 88850.25 32640.3184 65081.6055
  endloop
 endfacet
facet normal -0.0760128126 0.71882391 -0.691024065
  outer loop
   vertex 88508.9609 32751.8438 65235.1602
   vertex 88704.7578 32873.2031 65339.8633
   vertex 88850.25 32640.3184 65081.6055
  endloop
 endfacet
facet normal 0.69844842 0.164418206 0.696517348
  outer loop
   vertex 86059.9297 37495.6562 67821.8828
   vertex 86133.8984 37240.7188 67807.8906
   vertex 86127.1484 37395.0312 67778.2344
  endloop
 endfacet
facet normal 0.944491446 0.283187419 -0.166555718
  outer loop
   vertex 86059.9297 37495.6562 67821.8828
   vertex 86104.2891 37365.8438 67852.7031
   vertex 86133.8984 37240.7188 67807.8906
  endloop
 endfacet
facet normal -0.625507295 -0.00820264127 -0.780175209
  outer loop
   vertex 88006.3438 32532.1211 65446.2031
   vertex 88138.5547 32744.3359 65337.9648
   vertex 88304.7031 32431.7715 65208.043
  endloop
 endfacet
facet normal -0.10292156 0.541942537 -0.834089577
  outer loop
   vertex 89403.8438 32196.0176 64632.9258
   vertex 89391.7266 32351.8359 64735.6641
   vertex 89667.9922 32170.4336 64583.7109
  endloop
 endfacet
facet normal 0.759302795 -0.272232801 0.591057181
  outer loop
   vertex 89752.2031 32146.5762 65221.1719
   vertex 89883.6016 32054.3145 65009.8711
   vertex 89885.4219 32218.6445 65083.2227
  endloop
 endfacet
facet normal -0.139319971 0.62356329 -0.769258559
  outer loop
   vertex 89073.6562 32524.0801 64912.6758
   vertex 89248.6562 32492.791 64855.6211
   vertex 89163.8516 32414.2637 64807.3242
  endloop
 endfacet
facet normal 0.48523441 -0.664255857 0.568605065
  outer loop
   vertex 89497.0859 31919.5195 65247.3555
   vertex 89575.125 32059.8125 65344.6523
   vertex 89346.75 31983.4121 65450.2891
  endloop
 endfacet
facet normal -0.419002742 -0.365945786 -0.830975592
  outer loop
   vertex 88940.7969 32085.7363 64835.5195
   vertex 89107.3438 32097.5664 64746.3281
   vertex 89054.5 31980.5215 64824.5234
  endloop
 endfacet
facet normal 0.0925246403 -0.985007942 0.145597383
  outer loop
   vertex 89367.6484 31850.9258 65205.8789
   vertex 89347.6172 31824.3359 65038.7227
   vertex 89578.6406 31840.4004 65000.5977
  endloop
 endfacet
facet normal -0.358045042 -0.879435062 0.313684076
  outer loop
   vertex 86794.9922 33237.2148 66482.7188
   vertex 86911.4453 33286.6562 66754.2656
   vertex 86565.25 33466.9453 66864.5547
  endloop
 endfacet
facet normal -0.682927132 -0.639454544 -0.353140771
  outer loop
   vertex 86432.1797 33486.7461 66509.8125
   vertex 86232.25 33660.2148 66582.3516
   vertex 86275.3359 33649.9961 66517.5234
  endloop
 endfacet
facet normal -0.20449473 -0.765724897 0.609792829
  outer loop
   vertex 86911.4453 33286.6562 66754.2656
   vertex 86841.0547 33481.6094 66975.4609
   vertex 86565.25 33466.9453 66864.5547
  endloop
 endfacet
facet normal -0.638136148 -0.769907892 -0.00490935519
  outer loop
   vertex 86432.1797 33486.7461 66509.8125
   vertex 86428.3438 33488.6758 66706.6797
   vertex 86175.9844 33697.6992 66728.8906
  endloop
 endfacet
facet normal -0.688814521 -0.285905153 -0.66617775
  outer loop
   vertex 86387.5703 33641.4766 66410.9453
   vertex 86126.5156 33857.2695 66588.2578
   vertex 86249.2109 33835.2031 66470.8594
  endloop
 endfacet
facet normal -0.667570293 -0.741559565 -0.0666286945
  outer loop
   vertex 86432.1797 33486.7461 66509.8125
   vertex 86175.9844 33697.6992 66728.8906
   vertex 86232.25 33660.2148 66582.3516
  endloop
 endfacet
facet normal -0.569607198 -0.172238618 -0.803667545
  outer loop
   vertex 85907.3125 34113.3281 66688.7422
   vertex 85979.5 34168.0469 66625.8516
   vertex 86126.5156 33857.2695 66588.2578
  endloop
 endfacet
facet normal -0.462582141 -0.05673448 -0.884759247
  outer loop
   vertex 86387.5703 33641.4766 66410.9453
   vertex 86249.2109 33835.2031 66470.8594
   vertex 86363.5547 33847.8047 66410.2734
  endloop
 endfacet
facet normal -0.788310468 -0.40920496 -0.459475726
  outer loop
   vertex 86232.25 33660.2148 66582.3516
   vertex 86126.5156 33857.2695 66588.2578
   vertex 86275.3359 33649.9961 66517.5234
  endloop
 endfacet
facet normal -0.761735737 -0.482365727 -0.432529747
  outer loop
   vertex 85911.4141 33991.8867 66816.9531
   vertex 85907.3125 34113.3281 66688.7422
   vertex 86126.5156 33857.2695 66588.2578
  endloop
 endfacet
facet normal -0.694777429 -0.044013299 -0.717876852
  outer loop
   vertex 86191.6016 34011.9414 66515.7812
   vertex 86249.2109 33835.2031 66470.8594
   vertex 86126.5156 33857.2695 66588.2578
  endloop
 endfacet
facet normal -0.742983162 -0.557170987 -0.370859176
  outer loop
   vertex 86175.9844 33697.6992 66728.8906
   vertex 85911.4141 33991.8867 66816.9531
   vertex 86126.5156 33857.2695 66588.2578
  endloop
 endfacet
facet normal -0.676725268 -0.249518305 -0.692664027
  outer loop
   vertex 86387.5703 33641.4766 66410.9453
   vertex 86275.3359 33649.9961 66517.5234
   vertex 86126.5156 33857.2695 66588.2578
  endloop
 endfacet
facet normal -0.863300502 -0.456777006 -0.214632407
  outer loop
   vertex 86232.25 33660.2148 66582.3516
   vertex 86175.9844 33697.6992 66728.8906
   vertex 86126.5156 33857.2695 66588.2578
  endloop
 endfacet
facet normal 0.29732576 0.512769878 -0.805397093
  outer loop
   vertex 86429.8906 34690.6133 66865.375
   vertex 86315.0625 34537.7852 66725.6875
   vertex 86292.3281 34863.1133 66924.4219
  endloop
 endfacet
facet normal 0.19422245 0.822053015 -0.535263002
  outer loop
   vertex 85979.5 34168.0469 66625.8516
   vertex 85886.0625 34197.207 66636.7266
   vertex 85875.9922 34230.1914 66683.7344
  endloop
 endfacet
facet normal -0.302428633 0.329395384 -0.894447088
  outer loop
   vertex 85933.0703 34448.418 66744.7969
   vertex 85979.5 34168.0469 66625.8516
   vertex 85875.9922 34230.1914 66683.7344
  endloop
 endfacet
facet normal -0.963781536 -0.25491932 0.0783664584
  outer loop
   vertex 85886.0547 34180.3359 66645.3125
   vertex 85907.3125 34113.3281 66688.7422
   vertex 85875.9922 34230.1914 66683.7344
  endloop
 endfacet
facet normal -0.899008274 -0.256143838 -0.355210394
  outer loop
   vertex 85808.8828 34259.3047 66832.5859
   vertex 85875.9922 34230.1914 66683.7344
   vertex 85907.3125 34113.3281 66688.7422
  endloop
 endfacet
facet normal -0.316829324 0.338512003 -0.886018515
  outer loop
   vertex 85933.0703 34448.418 66744.7969
   vertex 86051.3672 34728.5391 66809.5234
   vertex 86125.6016 34497.9727 66694.8828
  endloop
 endfacet
facet normal 0.00256516971 0.604213536 -0.796818316
  outer loop
   vertex 86199.5391 34450.0195 66658.7578
   vertex 86125.6016 34497.9727 66694.8828
   vertex 86315.0625 34537.7852 66725.6875
  endloop
 endfacet
facet normal -0.59652859 0.161835432 -0.786106169
  outer loop
   vertex 85825.6172 34798.4375 66898.3984
   vertex 85933.0703 34448.418 66744.7969
   vertex 85755.8672 34584.9102 66907.3672
  endloop
 endfacet
facet normal 0.262766629 0.53097415 -0.805617869
  outer loop
   vertex 86060.9375 34958.1562 66911.5859
   vertex 86292.3281 34863.1133 66924.4219
   vertex 86142.2656 34833 66855.625
  endloop
 endfacet
facet normal -0.314315528 0.321484715 -0.893226385
  outer loop
   vertex 86125.6016 34497.9727 66694.8828
   vertex 86196.4688 34288.9414 66594.7109
   vertex 85933.0703 34448.418 66744.7969
  endloop
 endfacet
facet normal -0.830389738 0.340579718 -0.440974325
  outer loop
   vertex 85933.0703 34448.418 66744.7969
   vertex 85875.9922 34230.1914 66683.7344
   vertex 85808.8828 34259.3047 66832.5859
  endloop
 endfacet
facet normal -0.644607246 0.0698898211 -0.761312604
  outer loop
   vertex 85933.0703 34448.418 66744.7969
   vertex 85808.8828 34259.3047 66832.5859
   vertex 85755.8672 34584.9102 66907.3672
  endloop
 endfacet
facet normal -0.339609295 0.265907019 -0.902196765
  outer loop
   vertex 85762.5391 35118.0273 67016.3359
   vertex 85910.125 34950.5586 66911.4219
   vertex 85825.6172 34798.4375 66898.3984
  endloop
 endfacet
facet normal -0.487159044 0.0272145011 -0.872889161
  outer loop
   vertex 85658.875 34934.1562 67068.4531
   vertex 85657.25 35186.207 67077.2188
   vertex 85762.5391 35118.0273 67016.3359
  endloop
 endfacet
facet normal -0.984655738 -0.0787068903 -0.155750737
  outer loop
   vertex 85886.0547 34180.3359 66645.3125
   vertex 85875.9922 34230.1914 66683.7344
   vertex 85886.0625 34197.207 66636.7266
  endloop
 endfacet
facet normal -0.543704689 -0.157480985 -0.824369431
  outer loop
   vertex 85979.5 34168.0469 66625.8516
   vertex 86191.6016 34011.9414 66515.7812
   vertex 86126.5156 33857.2695 66588.2578
  endloop
 endfacet
facet normal -0.259573281 0.320130974 -0.911119044
  outer loop
   vertex 85933.0703 34448.418 66744.7969
   vertex 85825.6172 34798.4375 66898.3984
   vertex 86051.3672 34728.5391 66809.5234
  endloop
 endfacet
facet normal -0.290185064 0.240510762 -0.926254392
  outer loop
   vertex 85910.125 34950.5586 66911.4219
   vertex 86051.3672 34728.5391 66809.5234
   vertex 85825.6172 34798.4375 66898.3984
  endloop
 endfacet
facet normal -0.310412377 0.327246487 -0.892498672
  outer loop
   vertex 85979.5 34168.0469 66625.8516
   vertex 85933.0703 34448.418 66744.7969
   vertex 86196.4688 34288.9414 66594.7109
  endloop
 endfacet
facet normal -0.206861794 0.36488834 -0.907780111
  outer loop
   vertex 86125.6016 34497.9727 66694.8828
   vertex 86199.5391 34450.0195 66658.7578
   vertex 86196.4688 34288.9414 66594.7109
  endloop
 endfacet
facet normal 0.0483171456 0.457108766 -0.888097405
  outer loop
   vertex 86051.3672 34728.5391 66809.5234
   vertex 86315.0625 34537.7852 66725.6875
   vertex 86125.6016 34497.9727 66694.8828
  endloop
 endfacet
facet normal 0.000413504895 0.402830631 -0.915274441
  outer loop
   vertex 86051.3672 34728.5391 66809.5234
   vertex 86193.5781 34748.9805 66818.5781
   vertex 86315.0625 34537.7852 66725.6875
  endloop
 endfacet
facet normal 0.253333867 0.353249609 -0.900575757
  outer loop
   vertex 86199.5391 34450.0195 66658.7578
   vertex 86315.0625 34537.7852 66725.6875
   vertex 86196.4688 34288.9414 66594.7109
  endloop
 endfacet
facet normal -0.197813109 0.355866253 -0.91336149
  outer loop
   vertex 85762.5391 35118.0273 67016.3359
   vertex 85860.6562 35313.918 67071.4062
   vertex 85925.7422 35117.0508 66980.6094
  endloop
 endfacet
facet normal -0.0699673072 -0.490526021 -0.868613183
  outer loop
   vertex 85995.4453 33776.7227 67015.875
   vertex 85982.7969 33853.3047 66973.6484
   vertex 86054.3906 33758.9805 67021.1484
  endloop
 endfacet
facet normal -0.480499864 -0.635401189 0.604471028
  outer loop
   vertex 86249.875 33641.6992 66929.375
   vertex 86390.9141 33553.7031 66948.9922
   vertex 86399.6641 33619.3164 67024.9141
  endloop
 endfacet
facet normal -0.238208696 -0.44035539 -0.865646422
  outer loop
   vertex 85886.0625 34197.207 66636.7266
   vertex 85979.5 34168.0469 66625.8516
   vertex 85886.0547 34180.3359 66645.3125
  endloop
 endfacet
facet normal -0.238504037 -0.58033216 -0.778672218
  outer loop
   vertex 85907.3125 34113.3281 66688.7422
   vertex 85886.0547 34180.3359 66645.3125
   vertex 85979.5 34168.0469 66625.8516
  endloop
 endfacet
facet normal -0.373829812 0.266270489 -0.888454437
  outer loop
   vertex 86324.6641 34186.9688 66510.2188
   vertex 86335.4531 34074.082 66471.8438
   vertex 86196.4688 34288.9414 66594.7109
  endloop
 endfacet
facet normal -0.281318933 0.267547637 -0.921562731
  outer loop
   vertex 86196.4688 34288.9414 66594.7109
   vertex 86191.6016 34011.9414 66515.7812
   vertex 85979.5 34168.0469 66625.8516
  endloop
 endfacet
facet normal -0.364879102 0.201991171 -0.908879995
  outer loop
   vertex 86191.6016 34011.9414 66515.7812
   vertex 86335.4531 34074.082 66471.8438
   vertex 86363.5547 33847.8047 66410.2734
  endloop
 endfacet
facet normal -0.460025698 -0.00653908076 -0.887881517
  outer loop
   vertex 86945.5234 33556.6914 66097.9297
   vertex 86755.8906 33452.0156 66196.9531
   vertex 86571.3281 33625.6992 66291.2969
  endloop
 endfacet
facet normal 0.0105003156 0.645821333 -0.76341635
  outer loop
   vertex 86324.6641 34186.9688 66510.2188
   vertex 86196.4688 34288.9414 66594.7109
   vertex 86480.4375 34179.707 66506.2109
  endloop
 endfacet
facet normal -0.0799088478 0.493812382 -0.865889072
  outer loop
   vertex 86315.0625 34537.7852 66725.6875
   vertex 86480.4375 34179.707 66506.2109
   vertex 86196.4688 34288.9414 66594.7109
  endloop
 endfacet
facet normal -0.324619174 0.210589692 -0.922103226
  outer loop
   vertex 86335.4531 34074.082 66471.8438
   vertex 86529.0469 33910.875 66366.4141
   vertex 86363.5547 33847.8047 66410.2734
  endloop
 endfacet
facet normal -0.195828229 0.424330503 -0.884078562
  outer loop
   vertex 86741.5859 33957.5742 66341.75
   vertex 86529.0469 33910.875 66366.4141
   vertex 86480.4375 34179.707 66506.2109
  endloop
 endfacet
facet normal -0.111471087 0.442553431 -0.889786839
  outer loop
   vertex 86529.0469 33910.875 66366.4141
   vertex 86335.4531 34074.082 66471.8438
   vertex 86480.4375 34179.707 66506.2109
  endloop
 endfacet
facet normal 0.0581859425 0.685114145 -0.726108134
  outer loop
   vertex 86480.4375 34179.707 66506.2109
   vertex 86670.2422 34322.3867 66656.0469
   vertex 86784.1953 34114.5078 66469.0391
  endloop
 endfacet
facet normal 0.193726659 0.57615447 -0.794050395
  outer loop
   vertex 86480.4375 34179.707 66506.2109
   vertex 86315.0625 34537.7852 66725.6875
   vertex 86670.2422 34322.3867 66656.0469
  endloop
 endfacet
facet normal 0.0381632932 0.623200417 -0.781130433
  outer loop
   vertex 86741.5859 33957.5742 66341.75
   vertex 86480.4375 34179.707 66506.2109
   vertex 86784.1953 34114.5078 66469.0391
  endloop
 endfacet
facet normal 0.197163746 0.775042057 -0.600363493
  outer loop
   vertex 87008.4453 33944.5703 66323.3047
   vertex 86784.1953 34114.5078 66469.0391
   vertex 87022.6406 34128.8008 66565.7891
  endloop
 endfacet
facet normal 0.412346035 -0.0820300728 0.907326758
  outer loop
   vertex 86784.8203 34045.9453 67300.6562
   vertex 87020.0859 33869.8281 67177.8125
   vertex 86956.2969 34095.7812 67227.2344
  endloop
 endfacet
facet normal -0.198616743 0.441928297 -0.874786139
  outer loop
   vertex 86529.0469 33910.875 66366.4141
   vertex 86741.5859 33957.5742 66341.75
   vertex 86737.3203 33770.6641 66248.2969
  endloop
 endfacet
facet normal -0.211263701 -0.211833492 -0.954198182
  outer loop
   vertex 86623.9453 33390.1562 66331.9375
   vertex 86499.1484 33557.7695 66322.3594
   vertex 86571.3281 33625.6992 66291.2969
  endloop
 endfacet
facet normal -0.625479996 -0.266270876 -0.733399332
  outer loop
   vertex 86755.8906 33452.0156 66196.9531
   vertex 86623.9453 33390.1562 66331.9375
   vertex 86571.3281 33625.6992 66291.2969
  endloop
 endfacet
facet normal 0.303501278 -0.643734992 -0.702490032
  outer loop
   vertex 86501.8906 33583.2266 66300.2188
   vertex 86571.3281 33625.6992 66291.2969
   vertex 86499.1484 33557.7695 66322.3594
  endloop
 endfacet
facet normal -0.242144123 -0.807302535 0.538171768
  outer loop
   vertex 86848.6562 33162.3867 66218.4141
   vertex 86940.8984 33121.0273 66197.8672
   vertex 86797.0078 33212.6836 66270.625
  endloop
 endfacet
facet normal -0.500311196 -0.86064297 0.0947752595
  outer loop
   vertex 86794.9922 33237.2148 66482.7188
   vertex 86797.0078 33212.6836 66270.625
   vertex 86940.8984 33121.0273 66197.8672
  endloop
 endfacet
facet normal -0.732007265 -0.606790066 -0.309792161
  outer loop
   vertex 86796.6641 33244.9492 66208.25
   vertex 86797.0078 33212.6836 66270.625
   vertex 86623.9453 33390.1562 66331.9375
  endloop
 endfacet
facet normal -0.699361145 -0.536670625 -0.472100228
  outer loop
   vertex 86845.0547 33222.0391 66162.6016
   vertex 86848.0625 33193.3477 66190.7578
   vertex 86796.6641 33244.9492 66208.25
  endloop
 endfacet
facet normal -0.564231694 -0.78046912 0.269277692
  outer loop
   vertex 86432.1797 33486.7461 66509.8125
   vertex 86532.4375 33380.9062 66413.125
   vertex 86574.4922 33354.707 66425.2969
  endloop
 endfacet
facet normal -0.81441927 -0.395115227 -0.424976766
  outer loop
   vertex 86848.0625 33193.3477 66190.7578
   vertex 86848.6562 33162.3867 66218.4141
   vertex 86797.0078 33212.6836 66270.625
  endloop
 endfacet
facet normal -0.737174094 -0.487945169 -0.467422575
  outer loop
   vertex 86476.4062 33593.3945 66321.0312
   vertex 86499.1484 33557.7695 66322.3594
   vertex 86387.5703 33641.4766 66410.9453
  endloop
 endfacet
facet normal -0.729628623 -0.565266252 -0.384858578
  outer loop
   vertex 86387.5703 33641.4766 66410.9453
   vertex 86499.1484 33557.7695 66322.3594
   vertex 86623.9453 33390.1562 66331.9375
  endloop
 endfacet
facet normal -0.708106697 -0.513718486 -0.484435976
  outer loop
   vertex 86387.5703 33641.4766 66410.9453
   vertex 86623.9453 33390.1562 66331.9375
   vertex 86432.1797 33486.7461 66509.8125
  endloop
 endfacet
facet normal -0.665659845 0.0496575385 -0.744601309
  outer loop
   vertex 86623.9453 33390.1562 66331.9375
   vertex 86532.4375 33380.9062 66413.125
   vertex 86432.1797 33486.7461 66509.8125
  endloop
 endfacet
facet normal -0.723733544 -0.614572465 -0.313863635
  outer loop
   vertex 86848.0625 33193.3477 66190.7578
   vertex 86797.0078 33212.6836 66270.625
   vertex 86796.6641 33244.9492 66208.25
  endloop
 endfacet
facet normal -0.624896765 0.189116925 -0.757455468
  outer loop
   vertex 86928.9531 33259.3984 66102.7188
   vertex 86845.0547 33222.0391 66162.6016
   vertex 86796.6641 33244.9492 66208.25
  endloop
 endfacet
facet normal -0.644748151 -0.22134769 -0.731645405
  outer loop
   vertex 86755.8906 33452.0156 66196.9531
   vertex 86928.9531 33259.3984 66102.7188
   vertex 86623.9453 33390.1562 66331.9375
  endloop
 endfacet
facet normal -0.617694199 -0.0672768056 -0.783535421
  outer loop
   vertex 86796.6641 33244.9492 66208.25
   vertex 86623.9453 33390.1562 66331.9375
   vertex 86928.9531 33259.3984 66102.7188
  endloop
 endfacet
facet normal -0.320476979 0.196568236 -0.926636636
  outer loop
   vertex 86363.5547 33847.8047 66410.2734
   vertex 86529.0469 33910.875 66366.4141
   vertex 86571.3281 33625.6992 66291.2969
  endloop
 endfacet
facet normal -0.390902072 0.179821387 -0.902695894
  outer loop
   vertex 86529.0469 33910.875 66366.4141
   vertex 86737.3203 33770.6641 66248.2969
   vertex 86571.3281 33625.6992 66291.2969
  endloop
 endfacet
facet normal -0.410683423 0.513102293 -0.753700972
  outer loop
   vertex 86476.4062 33593.3945 66321.0312
   vertex 86571.3281 33625.6992 66291.2969
   vertex 86501.8906 33583.2266 66300.2188
  endloop
 endfacet
facet normal -0.41554746 0.565109849 -0.712720931
  outer loop
   vertex 86476.4062 33593.3945 66321.0312
   vertex 86387.5703 33641.4766 66410.9453
   vertex 86571.3281 33625.6992 66291.2969
  endloop
 endfacet
facet normal -0.548444211 -0.0665585995 -0.833534002
  outer loop
   vertex 86363.5547 33847.8047 66410.2734
   vertex 86571.3281 33625.6992 66291.2969
   vertex 86387.5703 33641.4766 66410.9453
  endloop
 endfacet
facet normal -0.434367239 -0.863027751 0.257891953
  outer loop
   vertex 86794.9922 33237.2148 66482.7188
   vertex 86565.25 33466.9453 66864.5547
   vertex 86428.3438 33488.6758 66706.6797
  endloop
 endfacet
facet normal -0.700766563 -0.709397316 0.0753763989
  outer loop
   vertex 86623.9453 33390.1562 66331.9375
   vertex 86797.0078 33212.6836 66270.625
   vertex 86794.9922 33237.2148 66482.7188
  endloop
 endfacet
facet normal -0.313077539 -0.820931792 -0.477549404
  outer loop
   vertex 86574.4922 33354.707 66425.2969
   vertex 86623.9453 33390.1562 66331.9375
   vertex 86794.9922 33237.2148 66482.7188
  endloop
 endfacet
facet normal -0.385389686 -0.814510286 0.433644772
  outer loop
   vertex 87458.2578 32844.6289 66418.8594
   vertex 87199.1953 32958.9766 66403.3906
   vertex 87402.6641 32792.1836 66270.9375
  endloop
 endfacet
facet normal -0.615024686 -0.191078722 -0.765005589
  outer loop
   vertex 85808.8828 34259.3047 66832.5859
   vertex 85911.4141 33991.8867 66816.9531
   vertex 85809.2031 34118.1367 66867.5859
  endloop
 endfacet
facet normal -0.901036918 -0.328927249 -0.282735407
  outer loop
   vertex 85907.3125 34113.3281 66688.7422
   vertex 85911.4141 33991.8867 66816.9531
   vertex 85808.8828 34259.3047 66832.5859
  endloop
 endfacet
facet normal 0.260221004 0.657643735 -0.706958115
  outer loop
   vertex 86315.0625 34537.7852 66725.6875
   vertex 86564.0547 34538.2617 66817.7812
   vertex 86670.2422 34322.3867 66656.0469
  endloop
 endfacet
facet normal 0.296895027 0.513066232 -0.805367231
  outer loop
   vertex 86315.0625 34537.7852 66725.6875
   vertex 86429.8906 34690.6133 66865.375
   vertex 86564.0547 34538.2617 66817.7812
  endloop
 endfacet
facet normal 0.327440709 0.817191482 -0.474321246
  outer loop
   vertex 86670.2422 34322.3867 66656.0469
   vertex 86847.7891 34389.8945 66894.9141
   vertex 87022.6406 34128.8008 66565.7891
  endloop
 endfacet
facet normal 0.354832798 0.543369293 -0.760817647
  outer loop
   vertex 86425.4141 34763.6797 66915.4688
   vertex 86429.8906 34690.6133 66865.375
   vertex 86292.3281 34863.1133 66924.4219
  endloop
 endfacet
facet normal 0.664937556 0.414396912 -0.621396244
  outer loop
   vertex 86415.8828 35137.5586 67198.6641
   vertex 86428.4609 34993.6797 67116.1797
   vertex 86360.9688 35166.2188 67159.0156
  endloop
 endfacet
facet normal 0.467734784 0.540000379 -0.699731231
  outer loop
   vertex 86539.4141 34714.457 66974.8594
   vertex 86292.3281 34863.1133 66924.4219
   vertex 86428.4609 34993.6797 67116.1797
  endloop
 endfacet
facet normal 0.531033158 0.746764421 -0.400433123
  outer loop
   vertex 86539.4141 34714.457 66974.8594
   vertex 86425.4141 34763.6797 66915.4688
   vertex 86292.3281 34863.1133 66924.4219
  endloop
 endfacet
facet normal 0.559765458 0.491640687 -0.667047322
  outer loop
   vertex 86429.8906 34690.6133 66865.375
   vertex 86425.4141 34763.6797 66915.4688
   vertex 86539.4141 34714.457 66974.8594
  endloop
 endfacet
facet normal 0.483623654 0.619174778 -0.618652344
  outer loop
   vertex 86564.0547 34538.2617 66817.7812
   vertex 86429.8906 34690.6133 66865.375
   vertex 86539.4141 34714.457 66974.8594
  endloop
 endfacet
facet normal 0.827355683 0.561456382 0.0157881398
  outer loop
   vertex 86692.1016 34614.4922 67066.3359
   vertex 86755.8281 34517.6562 67170.3359
   vertex 86847.7891 34389.8945 66894.9141
  endloop
 endfacet
facet normal 0.349526912 0.454145163 -0.819501758
  outer loop
   vertex 86246.4531 35304.6289 67164.6016
   vertex 86290.7109 35113.4297 67077.5156
   vertex 86092.2969 35214.6992 67049.0156
  endloop
 endfacet
facet normal 0.415648162 0.360665441 -0.834959328
  outer loop
   vertex 86092.2969 35214.6992 67049.0156
   vertex 86118.5078 35408.7344 67145.875
   vertex 86246.4531 35304.6289 67164.6016
  endloop
 endfacet
facet normal 0.000287130533 0.403566122 -0.91495043
  outer loop
   vertex 86051.3672 34728.5391 66809.5234
   vertex 86142.2656 34833 66855.625
   vertex 86193.5781 34748.9805 66818.5781
  endloop
 endfacet
facet normal 0.228103593 0.437945157 -0.869581938
  outer loop
   vertex 86092.2969 35214.6992 67049.0156
   vertex 86292.3281 34863.1133 66924.4219
   vertex 86060.9375 34958.1562 66911.5859
  endloop
 endfacet
facet normal -0.00348049914 0.406306177 -0.913730383
  outer loop
   vertex 86060.9375 34958.1562 66911.5859
   vertex 86142.2656 34833 66855.625
   vertex 86051.3672 34728.5391 66809.5234
  endloop
 endfacet
facet normal -0.0194766391 0.406788319 -0.913314819
  outer loop
   vertex 86060.9375 34958.1562 66911.5859
   vertex 86051.3672 34728.5391 66809.5234
   vertex 85910.125 34950.5586 66911.4219
  endloop
 endfacet
facet normal 0.267231405 0.520680547 -0.810850859
  outer loop
   vertex 86193.5781 34748.9805 66818.5781
   vertex 86142.2656 34833 66855.625
   vertex 86292.3281 34863.1133 66924.4219
  endloop
 endfacet
facet normal 0.274724841 0.515149832 -0.811878622
  outer loop
   vertex 86193.5781 34748.9805 66818.5781
   vertex 86292.3281 34863.1133 66924.4219
   vertex 86315.0625 34537.7852 66725.6875
  endloop
 endfacet
facet normal -0.0183759518 0.385141551 -0.922674537
  outer loop
   vertex 85910.125 34950.5586 66911.4219
   vertex 85925.7422 35117.0508 66980.6094
   vertex 86060.9375 34958.1562 66911.5859
  endloop
 endfacet
facet normal -0.643472552 0.150000542 -0.750628352
  outer loop
   vertex 85658.875 34934.1562 67068.4531
   vertex 85762.5391 35118.0273 67016.3359
   vertex 85825.6172 34798.4375 66898.3984
  endloop
 endfacet
facet normal -0.630128741 0.17404525 -0.756733775
  outer loop
   vertex 85658.875 34934.1562 67068.4531
   vertex 85825.6172 34798.4375 66898.3984
   vertex 85755.8672 34584.9102 66907.3672
  endloop
 endfacet
facet normal 0.0918836147 0.461456984 -0.882391572
  outer loop
   vertex 86092.2969 35214.6992 67049.0156
   vertex 86060.9375 34958.1562 66911.5859
   vertex 85925.7422 35117.0508 66980.6094
  endloop
 endfacet
facet normal -0.194498733 0.391913265 -0.899207532
  outer loop
   vertex 85925.7422 35117.0508 66980.6094
   vertex 85910.125 34950.5586 66911.4219
   vertex 85762.5391 35118.0273 67016.3359
  endloop
 endfacet
facet normal -0.853561759 -0.0194099154 -0.520629942
  outer loop
   vertex 85808.8828 34259.3047 66832.5859
   vertex 85676.0391 34481.8398 67042.0859
   vertex 85755.8672 34584.9102 66907.3672
  endloop
 endfacet
facet normal -0.563456535 -0.692444384 0.450596809
  outer loop
   vertex 85832.7344 34091.4141 67151.9062
   vertex 85982.7969 33853.3047 66973.6484
   vertex 86121.1875 33837.4922 67122.4062
  endloop
 endfacet
facet normal -0.604404926 -0.713065267 -0.355292201
  outer loop
   vertex 85911.4141 33991.8867 66816.9531
   vertex 85982.7969 33853.3047 66973.6484
   vertex 85869.0312 33977.043 66918.8438
  endloop
 endfacet
facet normal -0.757492185 -0.620311677 -0.203516766
  outer loop
   vertex 85911.4141 33991.8867 66816.9531
   vertex 86175.9844 33697.6992 66728.8906
   vertex 85982.7969 33853.3047 66973.6484
  endloop
 endfacet
facet normal -0.636756241 -0.770821869 0.0193686485
  outer loop
   vertex 86175.9844 33697.6992 66728.8906
   vertex 86428.3438 33488.6758 66706.6797
   vertex 86249.875 33641.6992 66929.375
  endloop
 endfacet
facet normal -0.976096869 -0.202628136 0.0785924122
  outer loop
   vertex 85639.8984 34541.8281 67332.7812
   vertex 85671.1797 34338.3828 67196.7578
   vertex 85670.2422 34377.2031 67285.2031
  endloop
 endfacet
facet normal -0.554776907 -0.813885927 0.172662303
  outer loop
   vertex 87189.3047 32925.4648 66213.6562
   vertex 87402.6641 32792.1836 66270.9375
   vertex 87199.1953 32958.9766 66403.3906
  endloop
 endfacet
facet normal -0.50421983 -0.846404314 -0.171353742
  outer loop
   vertex 86565.25 33466.9453 66864.5547
   vertex 86390.9141 33553.7031 66948.9922
   vertex 86249.875 33641.6992 66929.375
  endloop
 endfacet
facet normal -0.428768009 -0.867431283 0.252430171
  outer loop
   vertex 86428.3438 33488.6758 66706.6797
   vertex 86565.25 33466.9453 66864.5547
   vertex 86249.875 33641.6992 66929.375
  endloop
 endfacet
facet normal -0.587455511 -0.712037027 0.384576797
  outer loop
   vertex 85928.8672 34054.4141 67230.25
   vertex 85832.7344 34091.4141 67151.9062
   vertex 86121.1875 33837.4922 67122.4062
  endloop
 endfacet
facet normal -0.915497065 -0.249043882 -0.315978199
  outer loop
   vertex 85808.8828 34259.3047 66832.5859
   vertex 85796.0938 34128.7656 66972.5391
   vertex 85676.0391 34481.8398 67042.0859
  endloop
 endfacet
facet normal -0.783584654 -0.620293736 -0.0350828618
  outer loop
   vertex 85809.2031 34118.1367 66867.5859
   vertex 85911.4141 33991.8867 66816.9531
   vertex 85796.0938 34128.7656 66972.5391
  endloop
 endfacet
facet normal -0.722615063 -0.454146028 0.52113229
  outer loop
   vertex 85707.7656 34539.75 67425.0703
   vertex 85639.8984 34541.8281 67332.7812
   vertex 85779.3672 34296.9883 67312.7969
  endloop
 endfacet
facet normal -0.872308433 -0.276667237 -0.403154105
  outer loop
   vertex 85869.0312 33977.043 66918.8438
   vertex 85796.0938 34128.7656 66972.5391
   vertex 85911.4141 33991.8867 66816.9531
  endloop
 endfacet
facet normal -0.992168307 -0.0321605168 -0.120696895
  outer loop
   vertex 85808.8828 34259.3047 66832.5859
   vertex 85809.2031 34118.1367 66867.5859
   vertex 85796.0938 34128.7656 66972.5391
  endloop
 endfacet
facet normal -0.569655359 0.44614318 0.690252841
  outer loop
   vertex 85671.1797 34338.3828 67196.7578
   vertex 85674.2109 34267.1094 67245.3281
   vertex 85779.3672 34296.9883 67312.7969
  endloop
 endfacet
facet normal -0.61266458 -0.726067066 0.312199801
  outer loop
   vertex 85671.1797 34338.3828 67196.7578
   vertex 85779.3672 34296.9883 67312.7969
   vertex 85670.2422 34377.2031 67285.2031
  endloop
 endfacet
facet normal -0.13732934 -0.338438958 -0.930913389
  outer loop
   vertex 85697.4688 34235.5391 67230.2734
   vertex 85652.25 34262.7617 67227.0469
   vertex 85671.1797 34338.3828 67196.7578
  endloop
 endfacet
facet normal -0.806791604 -0.420342326 -0.415210426
  outer loop
   vertex 85618.7969 34489.4688 67145.6016
   vertex 85676.0391 34481.8398 67042.0859
   vertex 85671.1797 34338.3828 67196.7578
  endloop
 endfacet
facet normal -0.926225543 -0.261435986 -0.27158317
  outer loop
   vertex 85796.0938 34128.7656 66972.5391
   vertex 85671.1797 34338.3828 67196.7578
   vertex 85676.0391 34481.8398 67042.0859
  endloop
 endfacet
facet normal -0.826740801 -0.560151875 0.0522449799
  outer loop
   vertex 85982.7969 33853.3047 66973.6484
   vertex 85832.7344 34091.4141 67151.9062
   vertex 85796.0938 34128.7656 66972.5391
  endloop
 endfacet
facet normal -0.753882706 -0.509309471 0.415047884
  outer loop
   vertex 85982.7969 33853.3047 66973.6484
   vertex 85796.0938 34128.7656 66972.5391
   vertex 85869.0312 33977.043 66918.8438
  endloop
 endfacet
facet normal -0.729618073 -0.373204023 -0.57304126
  outer loop
   vertex 85697.4688 34235.5391 67230.2734
   vertex 85671.1797 34338.3828 67196.7578
   vertex 85832.7344 34091.4141 67151.9062
  endloop
 endfacet
facet normal -0.831046283 -0.553526342 0.0545043536
  outer loop
   vertex 85671.1797 34338.3828 67196.7578
   vertex 85796.0938 34128.7656 66972.5391
   vertex 85832.7344 34091.4141 67151.9062
  endloop
 endfacet
facet normal -0.639702022 -0.569800913 0.515856802
  outer loop
   vertex 85832.7344 34091.4141 67151.9062
   vertex 85928.8672 34054.4141 67230.25
   vertex 85779.3672 34296.9883 67312.7969
  endloop
 endfacet
facet normal -0.256124288 -0.636122167 0.727838516
  outer loop
   vertex 85697.4688 34235.5391 67230.2734
   vertex 85832.7344 34091.4141 67151.9062
   vertex 85779.3672 34296.9883 67312.7969
  endloop
 endfacet
facet normal -0.24607721 -0.639517725 0.728328943
  outer loop
   vertex 86549.4922 33760.8086 67199.7734
   vertex 86121.1875 33837.4922 67122.4062
   vertex 86399.6641 33619.3164 67024.9141
  endloop
 endfacet
facet normal -0.244702503 -0.762855172 0.598475277
  outer loop
   vertex 86549.4922 33760.8086 67199.7734
   vertex 86277.4297 33911.6641 67280.8281
   vertex 86121.1875 33837.4922 67122.4062
  endloop
 endfacet
facet normal -0.133119315 -0.73880136 0.660644948
  outer loop
   vertex 86054.3906 33758.9805 67021.1484
   vertex 86249.875 33641.6992 66929.375
   vertex 86121.1875 33837.4922 67122.4062
  endloop
 endfacet
facet normal -0.425561905 -0.761570215 0.488782018
  outer loop
   vertex 86399.6641 33619.3164 67024.9141
   vertex 86121.1875 33837.4922 67122.4062
   vertex 86249.875 33641.6992 66929.375
  endloop
 endfacet
facet normal -0.91721046 -0.201686293 0.343580514
  outer loop
   vertex 85618.7969 34489.4688 67145.6016
   vertex 85671.1797 34338.3828 67196.7578
   vertex 85600.0391 34678.2266 67206.3359
  endloop
 endfacet
facet normal -0.974794805 -0.206442282 0.0845968127
  outer loop
   vertex 85639.8984 34541.8281 67332.7812
   vertex 85600.0391 34678.2266 67206.3359
   vertex 85671.1797 34338.3828 67196.7578
  endloop
 endfacet
facet normal -0.870743752 0.0700985193 -0.486715019
  outer loop
   vertex 85676.0391 34481.8398 67042.0859
   vertex 85618.7969 34489.4688 67145.6016
   vertex 85600.0391 34678.2266 67206.3359
  endloop
 endfacet
facet normal -0.197543964 -0.707317472 0.678732872
  outer loop
   vertex 86018.0234 33785.7812 67038.4844
   vertex 86054.3906 33758.9805 67021.1484
   vertex 86121.1875 33837.4922 67122.4062
  endloop
 endfacet
facet normal -0.281204551 -0.760438442 0.585369408
  outer loop
   vertex 86018.0234 33785.7812 67038.4844
   vertex 85995.4453 33776.7227 67015.875
   vertex 86054.3906 33758.9805 67021.1484
  endloop
 endfacet
facet normal -0.686704755 0.284259319 0.669053972
  outer loop
   vertex 85982.7969 33853.3047 66973.6484
   vertex 86018.0234 33785.7812 67038.4844
   vertex 86121.1875 33837.4922 67122.4062
  endloop
 endfacet
facet normal -0.0563298836 -0.752188027 0.65653646
  outer loop
   vertex 86390.9141 33553.7031 66948.9922
   vertex 86565.25 33466.9453 66864.5547
   vertex 86399.6641 33619.3164 67024.9141
  endloop
 endfacet
facet normal -0.256476164 -0.818972945 0.513325751
  outer loop
   vertex 86582.5469 33564.1992 67028.3594
   vertex 86399.6641 33619.3164 67024.9141
   vertex 86565.25 33466.9453 66864.5547
  endloop
 endfacet
facet normal -0.528271556 0.13626121 0.838070452
  outer loop
   vertex 86466.6172 33893.6758 67365.6406
   vertex 86475.5859 33916.9414 67367.5156
   vertex 86431.9609 33910.4922 67341.0625
  endloop
 endfacet
facet normal 0.669020236 0.674789429 0.31156233
  outer loop
   vertex 87345.7891 33941.8867 66949.7422
   vertex 87546.6719 33804.5898 66815.75
   vertex 87331.7578 34018.5 66813.9453
  endloop
 endfacet
facet normal 0.467285812 -0.160026386 0.869503021
  outer loop
   vertex 86432.8047 34845.6133 67556.9609
   vertex 86325.375 34693.3438 67586.6719
   vertex 86627.8438 34502.6445 67389.0234
  endloop
 endfacet
facet normal -0.162938148 -0.840725005 0.516364753
  outer loop
   vertex 86565.25 33466.9453 66864.5547
   vertex 86841.0547 33481.6094 66975.4609
   vertex 86582.5469 33564.1992 67028.3594
  endloop
 endfacet
facet normal -0.241218805 -0.759566188 0.604046941
  outer loop
   vertex 86431.9609 33910.4922 67341.0625
   vertex 86277.4297 33911.6641 67280.8281
   vertex 86549.4922 33760.8086 67199.7734
  endloop
 endfacet
facet normal -0.300581008 -0.768797696 0.564447641
  outer loop
   vertex 86487.6719 33888.9922 67341.4531
   vertex 86431.9609 33910.4922 67341.0625
   vertex 86549.4922 33760.8086 67199.7734
  endloop
 endfacet
facet normal -0.213084057 -0.662187636 0.718402922
  outer loop
   vertex 86399.6641 33619.3164 67024.9141
   vertex 86582.5469 33564.1992 67028.3594
   vertex 86549.4922 33760.8086 67199.7734
  endloop
 endfacet
facet normal 0.564516008 0.126347363 0.815694809
  outer loop
   vertex 87031.2734 34138.4609 67168.7344
   vertex 86956.2969 34095.7812 67227.2344
   vertex 87171.7891 33988.5273 67094.7109
  endloop
 endfacet
facet normal -0.356110424 -0.925223768 -0.130943909
  outer loop
   vertex 86431.9609 33910.4922 67341.0625
   vertex 86487.6719 33888.9922 67341.4531
   vertex 86466.6172 33893.6758 67365.6406
  endloop
 endfacet
facet normal 0.130267665 -0.289516181 0.948267221
  outer loop
   vertex 86420.5703 34363.6719 67472.9375
   vertex 86325.375 34693.3438 67586.6719
   vertex 86134.8594 34536.2773 67564.8906
  endloop
 endfacet
facet normal 0.91712451 0.397111654 -0.034423925
  outer loop
   vertex 86450.9844 35114.4023 67270.7109
   vertex 86476.8359 35065.3555 67393.6016
   vertex 86577.2422 34818.332 67218.9688
  endloop
 endfacet
facet normal -0.529341698 0.218982249 0.819661021
  outer loop
   vertex 86431.9609 33910.4922 67341.0625
   vertex 86475.5859 33916.9414 67367.5156
   vertex 86509.4375 34017.8672 67362.4141
  endloop
 endfacet
facet normal 0.244346648 -0.237685174 0.94010663
  outer loop
   vertex 86420.5703 34363.6719 67472.9375
   vertex 86509.4375 34017.8672 67362.4141
   vertex 86632.9531 34230.4492 67384.0547
  endloop
 endfacet
facet normal 0.795175672 0.41616714 -0.441022158
  outer loop
   vertex 86450.9844 35114.4023 67270.7109
   vertex 86577.2422 34818.332 67218.9688
   vertex 86428.4609 34993.6797 67116.1797
  endloop
 endfacet
facet normal 0.887700379 0.441952795 0.129095808
  outer loop
   vertex 86536.4844 34841.5039 67419.8828
   vertex 86638.0781 34669.9727 67308.5625
   vertex 86577.2422 34818.332 67218.9688
  endloop
 endfacet
facet normal 0.948788106 0.271738827 0.161118329
  outer loop
   vertex 86476.8359 35065.3555 67393.6016
   vertex 86536.4844 34841.5039 67419.8828
   vertex 86577.2422 34818.332 67218.9688
  endloop
 endfacet
facet normal 0.684179366 -0.3167409 0.656942785
  outer loop
   vertex 86487.6719 33888.9922 67341.4531
   vertex 86475.5859 33916.9414 67367.5156
   vertex 86466.6172 33893.6758 67365.6406
  endloop
 endfacet
facet normal 0.387200981 -0.00308635132 0.921990156
  outer loop
   vertex 86786.2656 34249.6953 67321.6484
   vertex 86776.8281 34346.5938 67325.9297
   vertex 86627.8438 34502.6445 67389.0234
  endloop
 endfacet
facet normal 0.841270328 0.191630408 0.505511642
  outer loop
   vertex 86755.8281 34517.6562 67170.3359
   vertex 86638.0781 34669.9727 67308.5625
   vertex 86627.8438 34502.6445 67389.0234
  endloop
 endfacet
facet normal 0.801605344 -0.225438595 0.553720474
  outer loop
   vertex 86487.6719 33888.9922 67341.4531
   vertex 86549.4922 33760.8086 67199.7734
   vertex 86509.4375 34017.8672 67362.4141
  endloop
 endfacet
facet normal 0.029222155 -0.531174839 0.846758127
  outer loop
   vertex 86757.875 33844.7539 67245.2422
   vertex 86509.4375 34017.8672 67362.4141
   vertex 86549.4922 33760.8086 67199.7734
  endloop
 endfacet
facet normal -0.103000239 -0.338538468 0.935298145
  outer loop
   vertex 86073.7578 34894.0391 67712.6719
   vertex 86042.0859 35191.7266 67816.9297
   vertex 85879.375 35120.3398 67773.1797
  endloop
 endfacet
facet normal 0.463799328 -0.166275412 0.870196939
  outer loop
   vertex 86325.375 34693.3438 67586.6719
   vertex 86420.5703 34363.6719 67472.9375
   vertex 86627.8438 34502.6445 67389.0234
  endloop
 endfacet
facet normal 0.414832354 -0.463592917 0.782940447
  outer loop
   vertex 86235.125 35055.7305 67722.9062
   vertex 86119.5156 35038.7695 67774.125
   vertex 86073.7578 34894.0391 67712.6719
  endloop
 endfacet
facet normal 0.378084183 -0.00978951622 0.92571944
  outer loop
   vertex 86786.2656 34249.6953 67321.6484
   vertex 86627.8438 34502.6445 67389.0234
   vertex 86632.9531 34230.4492 67384.0547
  endloop
 endfacet
facet normal 0.503920972 -0.191176042 0.842327356
  outer loop
   vertex 86325.375 34693.3438 67586.6719
   vertex 86432.8047 34845.6133 67556.9609
   vertex 86235.125 35055.7305 67722.9062
  endloop
 endfacet
facet normal -0.0215185061 -0.486368537 0.873488784
  outer loop
   vertex 85929.0078 35228.9531 67834.875
   vertex 85879.375 35120.3398 67773.1797
   vertex 86042.0859 35191.7266 67816.9297
  endloop
 endfacet
facet normal -0.395155281 0.242500275 0.886028171
  outer loop
   vertex 86267.8125 35732.7734 67853.4766
   vertex 86227.5938 35604.2695 67870.7109
   vertex 86291.1484 35633.0156 67891.1875
  endloop
 endfacet
facet normal 0.135403112 -0.281860352 0.949853003
  outer loop
   vertex 86420.5703 34363.6719 67472.9375
   vertex 86134.8594 34536.2773 67564.8906
   vertex 86272.9922 34243.6602 67458.3672
  endloop
 endfacet
facet normal -0.312667251 -0.586605966 0.74708277
  outer loop
   vertex 85697.4688 34235.5391 67230.2734
   vertex 85779.3672 34296.9883 67312.7969
   vertex 85674.2109 34267.1094 67245.3281
  endloop
 endfacet
facet normal 0.127144367 -0.27218467 0.953808069
  outer loop
   vertex 86509.4375 34017.8672 67362.4141
   vertex 86420.5703 34363.6719 67472.9375
   vertex 86272.9922 34243.6602 67458.3672
  endloop
 endfacet
facet normal 0.0221811831 -0.210329905 0.977378786
  outer loop
   vertex 86431.9609 33910.4922 67341.0625
   vertex 86509.4375 34017.8672 67362.4141
   vertex 86261.7812 34060.5781 67377.2266
  endloop
 endfacet
facet normal -0.166668445 -0.405806243 0.898633897
  outer loop
   vertex 86134.8594 34536.2773 67564.8906
   vertex 86049.5703 34290.2539 67437.9688
   vertex 86272.9922 34243.6602 67458.3672
  endloop
 endfacet
facet normal -0.164261013 -0.391255379 0.905504048
  outer loop
   vertex 86049.5703 34290.2539 67437.9688
   vertex 86261.7812 34060.5781 67377.2266
   vertex 86272.9922 34243.6602 67458.3672
  endloop
 endfacet
facet normal -0.44846198 -0.323453367 0.833222508
  outer loop
   vertex 85779.3672 34296.9883 67312.7969
   vertex 85639.8984 34541.8281 67332.7812
   vertex 85670.2422 34377.2031 67285.2031
  endloop
 endfacet
facet normal -0.199202627 -0.393853396 0.897328138
  outer loop
   vertex 86134.8594 34536.2773 67564.8906
   vertex 85846.6172 34614.543 67535.25
   vertex 86049.5703 34290.2539 67437.9688
  endloop
 endfacet
facet normal -0.422853976 -0.624610901 0.656548381
  outer loop
   vertex 85674.2109 34267.1094 67245.3281
   vertex 85652.25 34262.7617 67227.0469
   vertex 85697.4688 34235.5391 67230.2734
  endloop
 endfacet
facet normal -0.28495571 -0.54180485 0.790726066
  outer loop
   vertex 86057.3984 34060.6172 67303.6016
   vertex 86277.4297 33911.6641 67280.8281
   vertex 86261.7812 34060.5781 67377.2266
  endloop
 endfacet
facet normal -0.456830353 -0.354070485 0.816051543
  outer loop
   vertex 85846.6172 34614.543 67535.25
   vertex 85647.4531 34756.6484 67485.4141
   vertex 85707.7656 34539.75 67425.0703
  endloop
 endfacet
facet normal -0.373495579 -0.477870226 0.795073032
  outer loop
   vertex 85779.3672 34296.9883 67312.7969
   vertex 85846.6172 34614.543 67535.25
   vertex 85707.7656 34539.75 67425.0703
  endloop
 endfacet
facet normal -0.379495353 -0.475573182 0.793607831
  outer loop
   vertex 85779.3672 34296.9883 67312.7969
   vertex 86049.5703 34290.2539 67437.9688
   vertex 85846.6172 34614.543 67535.25
  endloop
 endfacet
facet normal -0.3792184 -0.476909429 0.792938054
  outer loop
   vertex 85779.3672 34296.9883 67312.7969
   vertex 86057.3984 34060.6172 67303.6016
   vertex 86049.5703 34290.2539 67437.9688
  endloop
 endfacet
facet normal -0.407890081 -0.509267747 0.757807434
  outer loop
   vertex 85779.3672 34296.9883 67312.7969
   vertex 85928.8672 34054.4141 67230.25
   vertex 86057.3984 34060.6172 67303.6016
  endloop
 endfacet
facet normal -0.912343264 -0.0107621793 -0.409284621
  outer loop
   vertex 85676.0391 34481.8398 67042.0859
   vertex 85600.0391 34678.2266 67206.3359
   vertex 85658.875 34934.1562 67068.4531
  endloop
 endfacet
facet normal -0.859362781 -0.00279953168 -0.511358738
  outer loop
   vertex 85676.0391 34481.8398 67042.0859
   vertex 85658.875 34934.1562 67068.4531
   vertex 85755.8672 34584.9102 66907.3672
  endloop
 endfacet
facet normal -0.353435665 -0.648525178 0.674164891
  outer loop
   vertex 86057.3984 34060.6172 67303.6016
   vertex 85928.8672 34054.4141 67230.25
   vertex 86121.1875 33837.4922 67122.4062
  endloop
 endfacet
facet normal -0.369101673 -0.647194445 0.667010725
  outer loop
   vertex 86277.4297 33911.6641 67280.8281
   vertex 86057.3984 34060.6172 67303.6016
   vertex 86121.1875 33837.4922 67122.4062
  endloop
 endfacet
facet normal -0.295534879 -0.489962339 0.8201195
  outer loop
   vertex 86261.7812 34060.5781 67377.2266
   vertex 86049.5703 34290.2539 67437.9688
   vertex 86057.3984 34060.6172 67303.6016
  endloop
 endfacet
facet normal -0.970070183 -0.23776336 0.0493200161
  outer loop
   vertex 85559.1484 34883.3047 67390.7188
   vertex 85600.0391 34678.2266 67206.3359
   vertex 85639.8984 34541.8281 67332.7812
  endloop
 endfacet
facet normal 0.182306364 -0.348626226 0.919360757
  outer loop
   vertex 86134.8594 34536.2773 67564.8906
   vertex 86325.375 34693.3438 67586.6719
   vertex 86073.7578 34894.0391 67712.6719
  endloop
 endfacet
facet normal -0.118304156 -0.318600297 0.94047755
  outer loop
   vertex 85884.875 34860.3086 67677.4844
   vertex 85978.0859 34716.3906 67640.4531
   vertex 86073.7578 34894.0391 67712.6719
  endloop
 endfacet
facet normal -0.111925557 -0.345270872 0.931805074
  outer loop
   vertex 85879.375 35120.3398 67773.1797
   vertex 85884.875 34860.3086 67677.4844
   vertex 86073.7578 34894.0391 67712.6719
  endloop
 endfacet
facet normal -0.858840406 -0.276285917 0.43134582
  outer loop
   vertex 85639.8984 34541.8281 67332.7812
   vertex 85647.4531 34756.6484 67485.4141
   vertex 85559.1484 34883.3047 67390.7188
  endloop
 endfacet
facet normal -0.229835898 -0.539809942 0.80980289
  outer loop
   vertex 85978.0859 34716.3906 67640.4531
   vertex 85846.6172 34614.543 67535.25
   vertex 86134.8594 34536.2773 67564.8906
  endloop
 endfacet
facet normal -0.59664923 -0.355697006 0.719367325
  outer loop
   vertex 85647.4531 34756.6484 67485.4141
   vertex 85689.6797 35001.582 67641.5469
   vertex 85557.1953 35017.9141 67539.7422
  endloop
 endfacet
facet normal -0.48521021 -0.40899846 0.772846222
  outer loop
   vertex 85647.4531 34756.6484 67485.4141
   vertex 85846.6172 34614.543 67535.25
   vertex 85689.6797 35001.582 67641.5469
  endloop
 endfacet
facet normal -0.562014878 -0.512619436 0.649122953
  outer loop
   vertex 85689.6797 35001.582 67641.5469
   vertex 85558.1875 35110.8164 67613.9609
   vertex 85557.1953 35017.9141 67539.7422
  endloop
 endfacet
facet normal -0.436957657 -0.398627788 0.806327403
  outer loop
   vertex 85846.6172 34614.543 67535.25
   vertex 85884.875 34860.3086 67677.4844
   vertex 85689.6797 35001.582 67641.5469
  endloop
 endfacet
facet normal -0.33498016 -0.432354033 0.837172806
  outer loop
   vertex 85978.0859 34716.3906 67640.4531
   vertex 85884.875 34860.3086 67677.4844
   vertex 85846.6172 34614.543 67535.25
  endloop
 endfacet
facet normal -0.393433511 -0.324821293 0.860058844
  outer loop
   vertex 85884.875 34860.3086 67677.4844
   vertex 85879.375 35120.3398 67773.1797
   vertex 85689.6797 35001.582 67641.5469
  endloop
 endfacet
facet normal -0.801521599 -0.213952377 0.558379412
  outer loop
   vertex 85488.4766 35768.5781 67695.2656
   vertex 85484.7891 35524.0586 67596.2734
   vertex 85570.8125 35552.3359 67730.5859
  endloop
 endfacet
facet normal -0.815380692 -0.356029809 0.456505358
  outer loop
   vertex 85557.1953 35017.9141 67539.7422
   vertex 85558.1875 35110.8164 67613.9609
   vertex 85510.9922 35178 67582.0625
  endloop
 endfacet
facet normal -0.983721673 -0.17436637 0.0434520841
  outer loop
   vertex 85498.6484 35222.8828 67482.6875
   vertex 85510.9922 35178 67582.0625
   vertex 85490.4375 35294.6875 67585.0156
  endloop
 endfacet
facet normal -0.978132784 -0.183549941 0.0978044793
  outer loop
   vertex 85488.4766 35768.5781 67695.2656
   vertex 85462.8281 35912.7422 67709.2891
   vertex 85434.9453 36007.8945 67608.9609
  endloop
 endfacet
facet normal -0.949288845 -0.105568424 0.296152055
  outer loop
   vertex 85488.4766 35768.5781 67695.2656
   vertex 85434.9453 36007.8945 67608.9609
   vertex 85484.7891 35524.0586 67596.2734
  endloop
 endfacet
facet normal -0.957063019 -0.221244723 0.187299579
  outer loop
   vertex 85559.1484 34883.3047 67390.7188
   vertex 85557.1953 35017.9141 67539.7422
   vertex 85498.6484 35222.8828 67482.6875
  endloop
 endfacet
facet normal -0.961141109 -0.276007444 -0.00526100956
  outer loop
   vertex 85510.9922 35178 67582.0625
   vertex 85498.6484 35222.8828 67482.6875
   vertex 85557.1953 35017.9141 67539.7422
  endloop
 endfacet
facet normal -0.407204837 -0.304111481 0.8612203
  outer loop
   vertex 85689.6797 35001.582 67641.5469
   vertex 85879.375 35120.3398 67773.1797
   vertex 85701.7266 35317.8047 67758.9062
  endloop
 endfacet
facet normal -0.372413605 -0.220676795 0.901448727
  outer loop
   vertex 85558.1875 35110.8164 67613.9609
   vertex 85689.6797 35001.582 67641.5469
   vertex 85555.0781 35276.9336 67653.3438
  endloop
 endfacet
facet normal -0.50719285 -0.28281635 0.81410706
  outer loop
   vertex 85689.6797 35001.582 67641.5469
   vertex 85701.7266 35317.8047 67758.9062
   vertex 85555.0781 35276.9336 67653.3438
  endloop
 endfacet
facet normal -0.710076869 -0.17496869 0.682038665
  outer loop
   vertex 85510.9922 35178 67582.0625
   vertex 85558.1875 35110.8164 67613.9609
   vertex 85555.0781 35276.9336 67653.3438
  endloop
 endfacet
facet normal -0.737341702 -0.146533102 0.65943557
  outer loop
   vertex 85490.4375 35294.6875 67585.0156
   vertex 85510.9922 35178 67582.0625
   vertex 85555.0781 35276.9336 67653.3438
  endloop
 endfacet
facet normal -0.920615375 0.115846328 -0.372889966
  outer loop
   vertex 85374.0156 36290.5898 67398.6562
   vertex 85433.7344 36366.0312 67274.6562
   vertex 85402.3672 36190.25 67297.4844
  endloop
 endfacet
facet normal 0.85079354 0.184561998 0.492023647
  outer loop
   vertex 86627.8438 34502.6445 67389.0234
   vertex 86638.0781 34669.9727 67308.5625
   vertex 86536.4844 34841.5039 67419.8828
  endloop
 endfacet
facet normal -0.162888899 -0.341530532 0.925647914
  outer loop
   vertex 86119.5156 35038.7695 67774.125
   vertex 86042.0859 35191.7266 67816.9297
   vertex 86073.7578 34894.0391 67712.6719
  endloop
 endfacet
facet normal 0.00856207311 -0.38052085 0.924732685
  outer loop
   vertex 85978.0859 34716.3906 67640.4531
   vertex 86134.8594 34536.2773 67564.8906
   vertex 86073.7578 34894.0391 67712.6719
  endloop
 endfacet
facet normal 0.232645243 -0.290951401 0.928021252
  outer loop
   vertex 86325.375 34693.3438 67586.6719
   vertex 86235.125 35055.7305 67722.9062
   vertex 86073.7578 34894.0391 67712.6719
  endloop
 endfacet
facet normal 0.228108928 -0.313494444 0.921784997
  outer loop
   vertex 86042.0859 35191.7266 67816.9297
   vertex 86235.125 35055.7305 67722.9062
   vertex 86172.8516 35334.7773 67833.2266
  endloop
 endfacet
facet normal 0.410338134 -0.0471704826 0.910712659
  outer loop
   vertex 86119.5156 35038.7695 67774.125
   vertex 86235.125 35055.7305 67722.9062
   vertex 86042.0859 35191.7266 67816.9297
  endloop
 endfacet
facet normal 0.513736606 -0.213809192 0.830879211
  outer loop
   vertex 86235.125 35055.7305 67722.9062
   vertex 86278.0312 35339.9883 67769.5312
   vertex 86172.8516 35334.7773 67833.2266
  endloop
 endfacet
facet normal -0.302234471 -0.0107870996 0.953172565
  outer loop
   vertex 86297.9766 35605.207 67893.0391
   vertex 86291.1484 35633.0156 67891.1875
   vertex 86227.5938 35604.2695 67870.7109
  endloop
 endfacet
facet normal 0.652902544 0.0161661468 0.757269382
  outer loop
   vertex 86235.125 35055.7305 67722.9062
   vertex 86432.8047 34845.6133 67556.9609
   vertex 86387.6641 35157.1406 67589.2344
  endloop
 endfacet
facet normal 0.720951974 -0.21676518 0.658210516
  outer loop
   vertex 86235.125 35055.7305 67722.9062
   vertex 86387.6641 35157.1406 67589.2344
   vertex 86278.0312 35339.9883 67769.5312
  endloop
 endfacet
facet normal 0.506900728 -0.0451661795 0.860820353
  outer loop
   vertex 86956.2969 34095.7812 67227.2344
   vertex 87020.0859 33869.8281 67177.8125
   vertex 87171.7891 33988.5273 67094.7109
  endloop
 endfacet
facet normal 0.78970629 0.158939734 0.592538714
  outer loop
   vertex 86432.8047 34845.6133 67556.9609
   vertex 86627.8438 34502.6445 67389.0234
   vertex 86536.4844 34841.5039 67419.8828
  endloop
 endfacet
facet normal 0.7971946 0.0532273836 0.601371408
  outer loop
   vertex 86387.6641 35157.1406 67589.2344
   vertex 86432.8047 34845.6133 67556.9609
   vertex 86536.4844 34841.5039 67419.8828
  endloop
 endfacet
facet normal 0.662991583 0.501971006 -0.555398285
  outer loop
   vertex 86364.7031 35262.7773 67250.75
   vertex 86415.8828 35137.5586 67198.6641
   vertex 86360.9688 35166.2188 67159.0156
  endloop
 endfacet
facet normal 0.916585624 0.277982712 0.287395924
  outer loop
   vertex 86387.6641 35157.1406 67589.2344
   vertex 86536.4844 34841.5039 67419.8828
   vertex 86476.8359 35065.3555 67393.6016
  endloop
 endfacet
facet normal 0.895764172 0.277448595 -0.347316623
  outer loop
   vertex 86415.8828 35137.5586 67198.6641
   vertex 86450.9844 35114.4023 67270.7109
   vertex 86428.4609 34993.6797 67116.1797
  endloop
 endfacet
facet normal 0.613607585 0.531233311 -0.584189057
  outer loop
   vertex 86360.9688 35166.2188 67159.0156
   vertex 86246.4531 35304.6289 67164.6016
   vertex 86364.7031 35262.7773 67250.75
  endloop
 endfacet
facet normal 0.551558256 0.397797912 -0.733171403
  outer loop
   vertex 86428.4609 34993.6797 67116.1797
   vertex 86290.7109 35113.4297 67077.5156
   vertex 86360.9688 35166.2188 67159.0156
  endloop
 endfacet
facet normal 0.806275368 0.488918006 -0.332985342
  outer loop
   vertex 86539.4141 34714.457 66974.8594
   vertex 86428.4609 34993.6797 67116.1797
   vertex 86577.2422 34818.332 67218.9688
  endloop
 endfacet
facet normal 0.655111909 0.653297782 -0.379513294
  outer loop
   vertex 86692.1016 34614.4922 67066.3359
   vertex 86539.4141 34714.457 66974.8594
   vertex 86577.2422 34818.332 67218.9688
  endloop
 endfacet
facet normal 0.855658948 0.474976778 0.205535546
  outer loop
   vertex 86755.8281 34517.6562 67170.3359
   vertex 86577.2422 34818.332 67218.9688
   vertex 86638.0781 34669.9727 67308.5625
  endloop
 endfacet
facet normal 0.855757296 0.515465379 -0.044439856
  outer loop
   vertex 86755.8281 34517.6562 67170.3359
   vertex 86692.1016 34614.4922 67066.3359
   vertex 86577.2422 34818.332 67218.9688
  endloop
 endfacet
facet normal 0.351690978 0.424580574 -0.834293008
  outer loop
   vertex 86165.4062 35501.1602 67219.6719
   vertex 85956.0938 35600.25 67181.8594
   vertex 86192.3984 35739.5195 67352.3516
  endloop
 endfacet
facet normal -0.975233793 -0.124194257 -0.183016077
  outer loop
   vertex 85559.1484 34883.3047 67390.7188
   vertex 85498.6484 35222.8828 67482.6875
   vertex 85548.3281 35127.8633 67282.4141
  endloop
 endfacet
facet normal -0.898606062 -0.029271299 -0.437778831
  outer loop
   vertex 85658.875 34934.1562 67068.4531
   vertex 85600.0391 34678.2266 67206.3359
   vertex 85548.3281 35127.8633 67282.4141
  endloop
 endfacet
facet normal -0.988948226 -0.0943843275 -0.114337258
  outer loop
   vertex 85600.0391 34678.2266 67206.3359
   vertex 85559.1484 34883.3047 67390.7188
   vertex 85548.3281 35127.8633 67282.4141
  endloop
 endfacet
facet normal -0.872517169 -0.368202507 0.32115531
  outer loop
   vertex 85557.1953 35017.9141 67539.7422
   vertex 85559.1484 34883.3047 67390.7188
   vertex 85647.4531 34756.6484 67485.4141
  endloop
 endfacet
facet normal 0.0319468603 0.259393364 -0.96524322
  outer loop
   vertex 85621.9297 35498.6523 67184.4297
   vertex 85509.3906 35705.3438 67236.25
   vertex 85475.1094 35934.6211 67296.7266
  endloop
 endfacet
facet normal -0.504528165 -0.17965579 0.844496965
  outer loop
   vertex 85570.8125 35552.3359 67730.5859
   vertex 85701.7266 35317.8047 67758.9062
   vertex 85707.3672 35593.1758 67820.8594
  endloop
 endfacet
facet normal -0.535194039 -0.199635431 0.820800245
  outer loop
   vertex 85555.0781 35276.9336 67653.3438
   vertex 85701.7266 35317.8047 67758.9062
   vertex 85570.8125 35552.3359 67730.5859
  endloop
 endfacet
facet normal -0.557602227 -0.132693157 0.819434106
  outer loop
   vertex 85516.1172 36127.8906 67794.8125
   vertex 85577.8047 35857.5234 67793.0078
   vertex 85648.8828 36088.4297 67878.7656
  endloop
 endfacet
facet normal -0.848189771 -0.312960804 0.427351892
  outer loop
   vertex 85314.4531 36872.9805 67741.1484
   vertex 85136.6719 37238.1094 67655.7031
   vertex 85223.1641 36879.6484 67564.8594
  endloop
 endfacet
facet normal -0.758065403 -0.565228939 -0.325350702
  outer loop
   vertex 85462.8281 35912.7422 67709.2891
   vertex 85434.2656 35963.5 67687.6562
   vertex 85434.9453 36007.8945 67608.9609
  endloop
 endfacet
facet normal -0.862417102 -0.16025883 0.480160177
  outer loop
   vertex 85434.9453 36007.8945 67608.9609
   vertex 85516.1172 36127.8906 67794.8125
   vertex 85453.0938 36492.0352 67803.1562
  endloop
 endfacet
facet normal -0.938059509 0.153545544 0.310593247
  outer loop
   vertex 85468.0625 35972.7891 67726.3594
   vertex 85516.1172 36127.8906 67794.8125
   vertex 85434.9453 36007.8945 67608.9609
  endloop
 endfacet
facet normal 0.833679736 0.237925708 0.498366803
  outer loop
   vertex 86309.2109 35621.6055 67866.4219
   vertex 86291.1484 35633.0156 67891.1875
   vertex 86297.9766 35605.207 67893.0391
  endloop
 endfacet
facet normal 0.834032357 0.458914578 -0.306247354
  outer loop
   vertex 86356.25 35398.8438 67431.625
   vertex 86364.7031 35262.7773 67250.75
   vertex 86277.2266 35442.5781 67281.9375
  endloop
 endfacet
facet normal 0.913468361 0.298809737 0.276203394
  outer loop
   vertex 86476.8359 35065.3555 67393.6016
   vertex 86356.25 35398.8438 67431.625
   vertex 86387.6641 35157.1406 67589.2344
  endloop
 endfacet
facet normal -0.0259101726 0.047286015 0.998545289
  outer loop
   vertex 86071.8906 35745.582 67907.4922
   vertex 86130.0859 36021.293 67895.9453
   vertex 85856.7188 35861.8789 67896.4062
  endloop
 endfacet
facet normal 0.985133529 0.163131028 0.0538530014
  outer loop
   vertex 86387.6641 35157.1406 67589.2344
   vertex 86356.25 35398.8438 67431.625
   vertex 86309.5 35579.4883 67739.7031
  endloop
 endfacet
facet normal 0.948960483 -0.0352560058 -0.313418239
  outer loop
   vertex 86277.375 35838.1367 67538.3438
   vertex 86245.7031 35876.2188 67438.1641
   vertex 86260.4922 35928.7734 67477.0156
  endloop
 endfacet
facet normal 0.987989604 0.112148382 -0.10629829
  outer loop
   vertex 86277.375 35838.1367 67538.3438
   vertex 86260.4922 35928.7734 67477.0156
   vertex 86255.5 35999.6484 67505.4297
  endloop
 endfacet
facet normal -0.357822239 -0.197972864 0.912562311
  outer loop
   vertex 85701.7266 35317.8047 67758.9062
   vertex 85876.4062 35398.5352 67844.9141
   vertex 85707.3672 35593.1758 67820.8594
  endloop
 endfacet
facet normal 0.825187385 0.358195424 0.436762929
  outer loop
   vertex 86291.1484 35633.0156 67891.1875
   vertex 86309.2109 35621.6055 67866.4219
   vertex 86267.8125 35732.7734 67853.4766
  endloop
 endfacet
facet normal 0.975021958 0.133311838 0.177651644
  outer loop
   vertex 86309.5 35579.4883 67739.7031
   vertex 86253.1562 35972.7344 67753.8281
   vertex 86267.8125 35732.7734 67853.4766
  endloop
 endfacet
facet normal 0.989742279 0.140970245 0.0231867954
  outer loop
   vertex 86309.5 35579.4883 67739.7031
   vertex 86277.375 35838.1367 67538.3438
   vertex 86253.1562 35972.7344 67753.8281
  endloop
 endfacet
facet normal 0.90176487 0.424412102 0.081819661
  outer loop
   vertex 86196.6016 36834.3008 67911.0938
   vertex 86228.0469 36768.1016 67907.9297
   vertex 86205.6406 36835.3672 67805.9453
  endloop
 endfacet
facet normal -0.769347847 0.393145233 0.503528237
  outer loop
   vertex 85398.9297 38316.3281 67767.2734
   vertex 85290.1406 38155.2539 67726.8125
   vertex 85396.375 38271.707 67798.2031
  endloop
 endfacet
facet normal 0.997116029 0.0676009282 -0.0344918258
  outer loop
   vertex 86196.0391 36868.0273 67592.3672
   vertex 86205.6406 36835.3672 67805.9453
   vertex 86216.4844 36603.7539 67665.4844
  endloop
 endfacet
facet normal 0.997595668 0.0689627752 0.00685475953
  outer loop
   vertex 86204.0547 36667.4141 67930.5234
   vertex 86213.6094 36527.7773 67944.9062
   vertex 86219.3125 36455.0234 67847.3438
  endloop
 endfacet
facet normal 0.832072079 -0.149441943 0.534156501
  outer loop
   vertex 86204.0547 36667.4141 67930.5234
   vertex 86219.3125 36455.0234 67847.3438
   vertex 86235.3203 36684.3711 67886.5625
  endloop
 endfacet
facet normal 0.931700408 -0.295748085 0.210872918
  outer loop
   vertex 86309.2109 35621.6055 67866.4219
   vertex 86297.9766 35605.207 67893.0391
   vertex 86301.7422 35594.8945 67861.9453
  endloop
 endfacet
facet normal 0.834606409 -0.0412341729 0.549301326
  outer loop
   vertex 86278.0312 35339.9883 67769.5312
   vertex 86387.6641 35157.1406 67589.2344
   vertex 86309.5 35579.4883 67739.7031
  endloop
 endfacet
facet normal 0.120381363 -0.123758815 0.984983265
  outer loop
   vertex 86227.5938 35604.2695 67870.7109
   vertex 86071.8906 35745.582 67907.4922
   vertex 86044.9609 35516.7773 67882.0391
  endloop
 endfacet
facet normal 0.999178767 0.0375594348 0.0152032524
  outer loop
   vertex 86216.4844 36603.7539 67665.4844
   vertex 86205.6406 36835.3672 67805.9453
   vertex 86219.3125 36455.0234 67847.3438
  endloop
 endfacet
facet normal 0.935423434 -0.00485881371 -0.353496015
  outer loop
   vertex 86235.3203 36684.3711 67886.5625
   vertex 86219.3125 36455.0234 67847.3438
   vertex 86205.6406 36835.3672 67805.9453
  endloop
 endfacet
facet normal 0.843332052 -0.0440894589 0.535581172
  outer loop
   vertex 86309.5 35579.4883 67739.7031
   vertex 86227.5938 35604.2695 67870.7109
   vertex 86278.0312 35339.9883 67769.5312
  endloop
 endfacet
facet normal -0.110881835 -0.986881435 0.11734686
  outer loop
   vertex 86309.5 35579.4883 67739.7031
   vertex 86301.7422 35594.8945 67861.9453
   vertex 86227.5938 35604.2695 67870.7109
  endloop
 endfacet
facet normal -0.0839504674 -0.948800325 0.304516375
  outer loop
   vertex 86297.9766 35605.207 67893.0391
   vertex 86227.5938 35604.2695 67870.7109
   vertex 86301.7422 35594.8945 67861.9453
  endloop
 endfacet
facet normal 0.513274729 -0.219659925 0.829637587
  outer loop
   vertex 86172.8516 35334.7773 67833.2266
   vertex 86278.0312 35339.9883 67769.5312
   vertex 86227.5938 35604.2695 67870.7109
  endloop
 endfacet
facet normal 0.139189288 -0.164108172 0.97657299
  outer loop
   vertex 86044.9609 35516.7773 67882.0391
   vertex 86172.8516 35334.7773 67833.2266
   vertex 86227.5938 35604.2695 67870.7109
  endloop
 endfacet
facet normal -0.0591121614 -0.0543957278 0.996768236
  outer loop
   vertex 86204.0547 36667.4141 67930.5234
   vertex 86195.8906 36800.2812 67937.2891
   vertex 86074.1016 36915.3906 67936.3516
  endloop
 endfacet
facet normal -0.149191335 -0.0745991915 0.985990345
  outer loop
   vertex 85409.2188 37388.5039 67985.4688
   vertex 85505.5312 37419.5312 68002.3906
   vertex 85401.7422 37507.4102 67993.3359
  endloop
 endfacet
facet normal 0.825594246 -0.0711224005 0.559764028
  outer loop
   vertex 86204.0547 36667.4141 67930.5234
   vertex 86235.3203 36684.3711 67886.5625
   vertex 86228.0469 36768.1016 67907.9297
  endloop
 endfacet
facet normal 0.490927786 0.525091946 0.695175052
  outer loop
   vertex 86195.8906 36800.2812 67937.2891
   vertex 86196.6016 36834.3008 67911.0938
   vertex 86074.1016 36915.3906 67936.3516
  endloop
 endfacet
facet normal 0.559173942 0.827125788 0.0564568676
  outer loop
   vertex 86205.6406 36835.3672 67805.9453
   vertex 86074.1016 36915.3906 67936.3516
   vertex 86196.6016 36834.3008 67911.0938
  endloop
 endfacet
facet normal 0.736257672 0.127121121 0.664653957
  outer loop
   vertex 86205.6406 36835.3672 67805.9453
   vertex 86133.8984 37240.7188 67807.8906
   vertex 86074.1016 36915.3906 67936.3516
  endloop
 endfacet
facet normal 0.198042721 0.0447740406 0.979170263
  outer loop
   vertex 86074.1016 36915.3906 67936.3516
   vertex 85846.2734 36873.6289 67984.3359
   vertex 85943.0547 36648.8945 67975.0391
  endloop
 endfacet
facet normal 0.676469147 0.00405466696 0.736459851
  outer loop
   vertex 86195.8906 36800.2812 67937.2891
   vertex 86204.0547 36667.4141 67930.5234
   vertex 86228.0469 36768.1016 67907.9297
  endloop
 endfacet
facet normal 0.172004655 0.0581891462 0.983376026
  outer loop
   vertex 86138.5156 36506.9805 67949.25
   vertex 86074.1016 36915.3906 67936.3516
   vertex 85943.0547 36648.8945 67975.0391
  endloop
 endfacet
facet normal 0.148469403 0.0546049774 0.98740828
  outer loop
   vertex 86204.0547 36667.4141 67930.5234
   vertex 86074.1016 36915.3906 67936.3516
   vertex 86138.5156 36506.9805 67949.25
  endloop
 endfacet
facet normal -0.0586235002 -0.0664579123 0.996065557
  outer loop
   vertex 85846.2734 36873.6289 67984.3359
   vertex 85693.7109 36625.6992 67958.8203
   vertex 85943.0547 36648.8945 67975.0391
  endloop
 endfacet
facet normal -0.0658287704 -0.894802809 0.441581845
  outer loop
   vertex 86206.7656 36510.6016 67966.7656
   vertex 86138.5156 36506.9805 67949.25
   vertex 86212.3438 36499.4961 67945.0938
  endloop
 endfacet
facet normal 0.759551942 -0.08396063 0.645005047
  outer loop
   vertex 86138.5156 36506.9805 67949.25
   vertex 86130.0859 36021.293 67895.9453
   vertex 86219.3125 36455.0234 67847.3438
  endloop
 endfacet
facet normal -0.069191128 -0.909896076 0.409025282
  outer loop
   vertex 86138.5156 36506.9805 67949.25
   vertex 86219.3125 36455.0234 67847.3438
   vertex 86212.3438 36499.4961 67945.0938
  endloop
 endfacet
facet normal 0.740432918 -0.0774902329 0.667648375
  outer loop
   vertex 86253.1562 35972.7344 67753.8281
   vertex 86219.3125 36455.0234 67847.3438
   vertex 86130.0859 36021.293 67895.9453
  endloop
 endfacet
facet normal 0.770732939 0.283930093 0.57039845
  outer loop
   vertex 86253.1562 35972.7344 67753.8281
   vertex 86130.0859 36021.293 67895.9453
   vertex 86267.8125 35732.7734 67853.4766
  endloop
 endfacet
facet normal -0.188616067 0.799943268 0.569661975
  outer loop
   vertex 86138.5156 36506.9805 67949.25
   vertex 86206.7656 36510.6016 67966.7656
   vertex 86213.6094 36527.7773 67944.9062
  endloop
 endfacet
facet normal -0.103917941 -0.0978881791 0.989757001
  outer loop
   vertex 86044.9609 35516.7773 67882.0391
   vertex 86071.8906 35745.582 67907.4922
   vertex 85856.7188 35861.8789 67896.4062
  endloop
 endfacet
facet normal -0.135955945 -0.11512471 0.984003186
  outer loop
   vertex 85876.4062 35398.5352 67844.9141
   vertex 86044.9609 35516.7773 67882.0391
   vertex 85856.7188 35861.8789 67896.4062
  endloop
 endfacet
facet normal 0.224298075 -0.00653462531 0.974498689
  outer loop
   vertex 86130.0859 36021.293 67895.9453
   vertex 86071.8906 35745.582 67907.4922
   vertex 86227.5938 35604.2695 67870.7109
  endloop
 endfacet
facet normal 0.335286319 0.0213898066 0.941873431
  outer loop
   vertex 86130.0859 36021.293 67895.9453
   vertex 86227.5938 35604.2695 67870.7109
   vertex 86267.8125 35732.7734 67853.4766
  endloop
 endfacet
facet normal 0.093163237 -0.196323395 0.976103365
  outer loop
   vertex 86172.8516 35334.7773 67833.2266
   vertex 86044.9609 35516.7773 67882.0391
   vertex 86042.0859 35191.7266 67816.9297
  endloop
 endfacet
facet normal 0.153185442 -0.0109711848 0.98813653
  outer loop
   vertex 85929.0078 35228.9531 67834.875
   vertex 86042.0859 35191.7266 67816.9297
   vertex 85876.4062 35398.5352 67844.9141
  endloop
 endfacet
facet normal 0.116671585 -0.110345736 0.987021565
  outer loop
   vertex 86138.5156 36506.9805 67949.25
   vertex 85921.8594 36317.5586 67953.6797
   vertex 86130.0859 36021.293 67895.9453
  endloop
 endfacet
facet normal -0.272774488 -0.176613078 0.945728242
  outer loop
   vertex 85648.8828 36088.4297 67878.7656
   vertex 85856.7188 35861.8789 67896.4062
   vertex 85740.0703 36248.3594 67934.9375
  endloop
 endfacet
facet normal -0.334545791 -0.235875487 0.912382543
  outer loop
   vertex 85856.7188 35861.8789 67896.4062
   vertex 85648.8828 36088.4297 67878.7656
   vertex 85577.8047 35857.5234 67793.0078
  endloop
 endfacet
facet normal -0.0784421265 -0.195112273 0.977639019
  outer loop
   vertex 86042.0859 35191.7266 67816.9297
   vertex 86044.9609 35516.7773 67882.0391
   vertex 85876.4062 35398.5352 67844.9141
  endloop
 endfacet
facet normal -0.338093162 -0.23838003 0.910421848
  outer loop
   vertex 85701.7266 35317.8047 67758.9062
   vertex 85879.375 35120.3398 67773.1797
   vertex 85876.4062 35398.5352 67844.9141
  endloop
 endfacet
facet normal -0.539758623 -0.215604007 0.813741684
  outer loop
   vertex 85929.0078 35228.9531 67834.875
   vertex 85876.4062 35398.5352 67844.9141
   vertex 85879.375 35120.3398 67773.1797
  endloop
 endfacet
facet normal -0.594825745 -0.139762029 0.791611612
  outer loop
   vertex 85174.2812 37894.4922 67882.3672
   vertex 85199.6562 37797.957 67884.3906
   vertex 85214.8828 37895.9766 67913.1406
  endloop
 endfacet
facet normal -0.562283933 -0.17008552 0.809263647
  outer loop
   vertex 85592.5312 36355.4258 67895.7266
   vertex 85516.1172 36127.8906 67794.8125
   vertex 85648.8828 36088.4297 67878.7656
  endloop
 endfacet
facet normal -0.667479694 -0.134495765 0.732380867
  outer loop
   vertex 85577.8047 35857.5234 67793.0078
   vertex 85488.4766 35768.5781 67695.2656
   vertex 85570.8125 35552.3359 67730.5859
  endloop
 endfacet
facet normal -0.731889844 -0.126505613 0.669577181
  outer loop
   vertex 85434.2656 35963.5 67687.6562
   vertex 85462.8281 35912.7422 67709.2891
   vertex 85468.0625 35972.7891 67726.3594
  endloop
 endfacet
facet normal -0.271446615 -0.117684841 0.955231369
  outer loop
   vertex 85876.4062 35398.5352 67844.9141
   vertex 85856.7188 35861.8789 67896.4062
   vertex 85707.3672 35593.1758 67820.8594
  endloop
 endfacet
facet normal -0.510273576 -0.161091626 0.844790101
  outer loop
   vertex 85707.3672 35593.1758 67820.8594
   vertex 85577.8047 35857.5234 67793.0078
   vertex 85570.8125 35552.3359 67730.5859
  endloop
 endfacet
facet normal -0.345745116 -0.070883058 0.935647309
  outer loop
   vertex 85577.8047 35857.5234 67793.0078
   vertex 85707.3672 35593.1758 67820.8594
   vertex 85856.7188 35861.8789 67896.4062
  endloop
 endfacet
facet normal -0.621654928 -0.146973759 0.769378901
  outer loop
   vertex 85577.8047 35857.5234 67793.0078
   vertex 85516.1172 36127.8906 67794.8125
   vertex 85468.0625 35972.7891 67726.3594
  endloop
 endfacet
facet normal -0.630300701 -0.160923764 0.759489655
  outer loop
   vertex 85577.8047 35857.5234 67793.0078
   vertex 85468.0625 35972.7891 67726.3594
   vertex 85462.8281 35912.7422 67709.2891
  endloop
 endfacet
facet normal -0.677036047 -0.213844344 0.704196513
  outer loop
   vertex 85592.5312 36355.4258 67895.7266
   vertex 85549.9844 36555 67915.4219
   vertex 85453.0938 36492.0352 67803.1562
  endloop
 endfacet
facet normal -0.631921351 -0.126881614 0.764575958
  outer loop
   vertex 85516.1172 36127.8906 67794.8125
   vertex 85592.5312 36355.4258 67895.7266
   vertex 85453.0938 36492.0352 67803.1562
  endloop
 endfacet
facet normal -0.873032689 -0.0573107637 0.484282315
  outer loop
   vertex 85453.0938 36492.0352 67803.1562
   vertex 85500.5469 36638.4922 67906.0312
   vertex 85488.7734 36842.6406 67908.9609
  endloop
 endfacet
facet normal -0.466469407 -0.178722665 0.86629355
  outer loop
   vertex 85500.5469 36638.4922 67906.0312
   vertex 85549.9844 36555 67915.4219
   vertex 85550.6875 36665.3906 67938.5781
  endloop
 endfacet
facet normal -0.221237198 -0.142389029 0.964769125
  outer loop
   vertex 85592.5312 36355.4258 67895.7266
   vertex 85693.7109 36625.6992 67958.8203
   vertex 85549.9844 36555 67915.4219
  endloop
 endfacet
facet normal -0.322156429 -0.0991697758 0.941477895
  outer loop
   vertex 85592.5312 36355.4258 67895.7266
   vertex 85740.0703 36248.3594 67934.9375
   vertex 85693.7109 36625.6992 67958.8203
  endloop
 endfacet
facet normal -0.191549256 -0.200321138 0.960822701
  outer loop
   vertex 85550.6875 36665.3906 67938.5781
   vertex 85549.9844 36555 67915.4219
   vertex 85693.7109 36625.6992 67958.8203
  endloop
 endfacet
facet normal -0.0750957057 -0.072176747 0.994560778
  outer loop
   vertex 85693.7109 36625.6992 67958.8203
   vertex 85740.0703 36248.3594 67934.9375
   vertex 85921.8594 36317.5586 67953.6797
  endloop
 endfacet
facet normal 0.080906406 -0.0692684725 0.99431181
  outer loop
   vertex 85921.8594 36317.5586 67953.6797
   vertex 86138.5156 36506.9805 67949.25
   vertex 85943.0547 36648.8945 67975.0391
  endloop
 endfacet
facet normal 0.0285586063 0.10437768 0.994127631
  outer loop
   vertex 86138.5156 36506.9805 67949.25
   vertex 86213.6094 36527.7773 67944.9062
   vertex 86204.0547 36667.4141 67930.5234
  endloop
 endfacet
facet normal -0.0592057258 -0.0604427457 0.996414244
  outer loop
   vertex 85693.7109 36625.6992 67958.8203
   vertex 85921.8594 36317.5586 67953.6797
   vertex 85943.0547 36648.8945 67975.0391
  endloop
 endfacet
facet normal 0.395555705 0.310004175 -0.864542127
  outer loop
   vertex 85216.625 38050.3711 67382.5938
   vertex 85319.8359 38074.2539 67438.3828
   vertex 85211.0156 37899.9336 67326.0859
  endloop
 endfacet
facet normal -0.537385643 -0.286715269 0.793102145
  outer loop
   vertex 85358.8438 37245.9531 67899.8047
   vertex 85409.2188 37388.5039 67985.4688
   vertex 85357.9375 37440.7031 67969.5859
  endloop
 endfacet
facet normal -0.527791381 -0.0426303409 0.848303556
  outer loop
   vertex 85500.5469 36638.4922 67906.0312
   vertex 85550.6875 36665.3906 67938.5781
   vertex 85488.7734 36842.6406 67908.9609
  endloop
 endfacet
facet normal -0.312283993 -0.0774235278 0.946828544
  outer loop
   vertex 85488.7734 36842.6406 67908.9609
   vertex 85693.7109 36625.6992 67958.8203
   vertex 85625.9922 37121.1094 67976.9922
  endloop
 endfacet
facet normal -0.103902899 0.128490925 0.986252666
  outer loop
   vertex 85550.6875 36665.3906 67938.5781
   vertex 85693.7109 36625.6992 67958.8203
   vertex 85488.7734 36842.6406 67908.9609
  endloop
 endfacet
facet normal -0.0876547471 -0.0484815836 0.994970441
  outer loop
   vertex 85846.2734 36873.6289 67984.3359
   vertex 85625.9922 37121.1094 67976.9922
   vertex 85693.7109 36625.6992 67958.8203
  endloop
 endfacet
facet normal -0.699404776 -0.305009782 0.646376014
  outer loop
   vertex 85358.8438 37245.9531 67899.8047
   vertex 85113.7812 37557.7656 67781.7734
   vertex 85136.6719 37238.1094 67655.7031
  endloop
 endfacet
facet normal -0.460763335 -0.353981853 0.813875914
  outer loop
   vertex 85020.875 37472.2812 67691.9922
   vertex 85136.6719 37238.1094 67655.7031
   vertex 85113.7812 37557.7656 67781.7734
  endloop
 endfacet
facet normal 0.319480509 0.0951526687 0.942803383
  outer loop
   vertex 85566.1016 38218.2773 67781.1719
   vertex 85454.6719 38270.5 67813.6641
   vertex 85409.1719 38135.3594 67842.7188
  endloop
 endfacet
facet normal -0.164303854 -0.156940565 0.973844886
  outer loop
   vertex 85488.7734 36842.6406 67908.9609
   vertex 85625.9922 37121.1094 67976.9922
   vertex 85482.2266 37072.6484 67944.9297
  endloop
 endfacet
facet normal -0.135153472 -0.117026076 0.983889461
  outer loop
   vertex 85409.2188 37388.5039 67985.4688
   vertex 85467.4141 37299.0078 67982.8203
   vertex 85505.5312 37419.5312 68002.3906
  endloop
 endfacet
facet normal -0.423035055 -0.403641701 0.8112427
  outer loop
   vertex 85625.9922 37121.1094 67976.9922
   vertex 85467.4141 37299.0078 67982.8203
   vertex 85358.8438 37245.9531 67899.8047
  endloop
 endfacet
facet normal 0.00116794021 0.0895910263 0.995977938
  outer loop
   vertex 85599.0234 37750.9414 67979.5391
   vertex 85495.3594 37828.2969 67972.7031
   vertex 85471.7188 37653.1445 67988.4844
  endloop
 endfacet
facet normal -0.10587655 -0.126672521 0.986277938
  outer loop
   vertex 85467.4141 37299.0078 67982.8203
   vertex 85625.9922 37121.1094 67976.9922
   vertex 85505.5312 37419.5312 68002.3906
  endloop
 endfacet
facet normal -0.372210979 -0.0845386162 0.924290121
  outer loop
   vertex 85401.7422 37507.4102 67993.3359
   vertex 85357.9375 37440.7031 67969.5859
   vertex 85409.2188 37388.5039 67985.4688
  endloop
 endfacet
facet normal -0.249781713 0.120294861 0.960800827
  outer loop
   vertex 85495.3594 37828.2969 67972.7031
   vertex 85341.75 37884.5039 67925.7344
   vertex 85471.7188 37653.1445 67988.4844
  endloop
 endfacet
facet normal -0.33140263 0.0690619946 0.940958381
  outer loop
   vertex 85341.75 37884.5039 67925.7344
   vertex 85308.375 37593.1875 67935.3594
   vertex 85471.7188 37653.1445 67988.4844
  endloop
 endfacet
facet normal -0.370783806 0.208115488 0.905100703
  outer loop
   vertex 85401.7422 37507.4102 67993.3359
   vertex 85471.7188 37653.1445 67988.4844
   vertex 85308.375 37593.1875 67935.3594
  endloop
 endfacet
facet normal -0.50871861 0.0278250035 0.86048311
  outer loop
   vertex 85401.7422 37507.4102 67993.3359
   vertex 85308.375 37593.1875 67935.3594
   vertex 85357.9375 37440.7031 67969.5859
  endloop
 endfacet
facet normal -0.515390277 0.455036253 0.72616452
  outer loop
   vertex 85113.7812 37557.7656 67781.7734
   vertex 85001.1016 37559.0156 67701.0156
   vertex 84999.5469 37526.9883 67719.9844
  endloop
 endfacet
facet normal -0.862999201 -0.174003437 0.474294364
  outer loop
   vertex 85308.375 37593.1875 67935.3594
   vertex 85358.8438 37245.9531 67899.8047
   vertex 85357.9375 37440.7031 67969.5859
  endloop
 endfacet
facet normal -0.467304528 -0.328197181 0.820922077
  outer loop
   vertex 85358.8438 37245.9531 67899.8047
   vertex 85467.4141 37299.0078 67982.8203
   vertex 85409.2188 37388.5039 67985.4688
  endloop
 endfacet
facet normal -0.591987729 -0.166787297 0.78850019
  outer loop
   vertex 85308.375 37593.1875 67935.3594
   vertex 85113.7812 37557.7656 67781.7734
   vertex 85358.8438 37245.9531 67899.8047
  endloop
 endfacet
facet normal -0.514968753 -0.146714926 0.844560206
  outer loop
   vertex 85358.8438 37245.9531 67899.8047
   vertex 85488.7734 36842.6406 67908.9609
   vertex 85482.2266 37072.6484 67944.9297
  endloop
 endfacet
facet normal -0.696850777 -0.208906531 0.686117351
  outer loop
   vertex 85314.4531 36872.9805 67741.1484
   vertex 85488.7734 36842.6406 67908.9609
   vertex 85358.8438 37245.9531 67899.8047
  endloop
 endfacet
facet normal -0.242365047 0.0792171508 0.966945589
  outer loop
   vertex 85625.9922 37121.1094 67976.9922
   vertex 85358.8438 37245.9531 67899.8047
   vertex 85482.2266 37072.6484 67944.9297
  endloop
 endfacet
facet normal 0.174854755 0.316728711 0.932260036
  outer loop
   vertex 85582.4609 37951.1719 67914.6172
   vertex 85495.3594 37828.2969 67972.7031
   vertex 85599.0234 37750.9414 67979.5391
  endloop
 endfacet
facet normal -0.796992719 0.481646568 0.36444366
  outer loop
   vertex 85135.2578 37981.7305 67617.4219
   vertex 85146.9688 37879.4062 67778.2578
   vertex 85290.1406 38155.2539 67726.8125
  endloop
 endfacet
facet normal -0.783745468 0.480251312 0.393829584
  outer loop
   vertex 85266.9766 38019.4102 67846.3516
   vertex 85290.1406 38155.2539 67726.8125
   vertex 85146.9688 37879.4062 67778.2578
  endloop
 endfacet
facet normal -0.161316797 0.964139163 -0.210742891
  outer loop
   vertex 85454.4688 38327.5625 67782.1094
   vertex 85497.3359 38331.3711 67766.7188
   vertex 85445.0312 38311.6406 67716.4844
  endloop
 endfacet
facet normal -0.901070952 0.333200514 0.277576298
  outer loop
   vertex 85053.2188 37778.4727 67595.1094
   vertex 85146.9688 37879.4062 67778.2578
   vertex 85135.2578 37981.7305 67617.4219
  endloop
 endfacet
facet normal -0.118786752 -0.26237756 0.957626104
  outer loop
   vertex 85199.6562 37797.957 67884.3906
   vertex 85341.75 37884.5039 67925.7344
   vertex 85214.8828 37895.9766 67913.1406
  endloop
 endfacet
facet normal -0.60104084 -0.122546777 0.789767146
  outer loop
   vertex 85308.375 37593.1875 67935.3594
   vertex 85199.6562 37797.957 67884.3906
   vertex 85113.7812 37557.7656 67781.7734
  endloop
 endfacet
facet normal 0.229227483 0.446227968 0.865063787
  outer loop
   vertex 85582.4609 37951.1719 67914.6172
   vertex 85712.5078 38004.9102 67852.4375
   vertex 85566.1016 38218.2773 67781.1719
  endloop
 endfacet
facet normal 0.110081427 0.449598372 0.88642168
  outer loop
   vertex 85582.4609 37951.1719 67914.6172
   vertex 85566.1016 38218.2773 67781.1719
   vertex 85409.1719 38135.3594 67842.7188
  endloop
 endfacet
facet normal -0.316407502 0.0675181001 0.946217537
  outer loop
   vertex 85308.375 37593.1875 67935.3594
   vertex 85341.75 37884.5039 67925.7344
   vertex 85199.6562 37797.957 67884.3906
  endloop
 endfacet
facet normal -0.930258334 -0.238691464 0.278650075
  outer loop
   vertex 85199.6562 37797.957 67884.3906
   vertex 85174.2812 37894.4922 67882.3672
   vertex 85146.9688 37879.4062 67778.2578
  endloop
 endfacet
facet normal -0.714821339 0.693876028 0.086985752
  outer loop
   vertex 85146.9688 37879.4062 67778.2578
   vertex 85174.2812 37894.4922 67882.3672
   vertex 85212.5391 37933.4727 67885.8047
  endloop
 endfacet
facet normal -0.788928747 0.58543843 0.186690509
  outer loop
   vertex 85146.9688 37879.4062 67778.2578
   vertex 85212.5391 37933.4727 67885.8047
   vertex 85266.9766 38019.4102 67846.3516
  endloop
 endfacet
facet normal -0.54334408 0.472143918 0.694159448
  outer loop
   vertex 85212.5391 37933.4727 67885.8047
   vertex 85174.2812 37894.4922 67882.3672
   vertex 85214.8828 37895.9766 67913.1406
  endloop
 endfacet
facet normal -0.196780831 0.430320293 0.880966365
  outer loop
   vertex 85564.7969 38307.793 67737.1562
   vertex 85535.2422 38326.1016 67721.6172
   vertex 85566.1016 38218.2773 67781.1719
  endloop
 endfacet
facet normal -0.0271138772 0.587799847 0.808551908
  outer loop
   vertex 85214.8828 37895.9766 67913.1406
   vertex 85341.75 37884.5039 67925.7344
   vertex 85212.5391 37933.4727 67885.8047
  endloop
 endfacet
facet normal -0.0958887041 0.464770049 0.88022393
  outer loop
   vertex 85341.75 37884.5039 67925.7344
   vertex 85266.9766 38019.4102 67846.3516
   vertex 85212.5391 37933.4727 67885.8047
  endloop
 endfacet
facet normal -0.301110208 0.287513793 0.909213126
  outer loop
   vertex 85398.9297 38316.3281 67767.2734
   vertex 85454.4688 38327.5625 67782.1094
   vertex 85430.2812 38355.5352 67765.25
  endloop
 endfacet
facet normal -0.216861814 0.471773893 0.854634643
  outer loop
   vertex 85454.6719 38270.5 67813.6641
   vertex 85454.4688 38327.5625 67782.1094
   vertex 85396.375 38271.707 67798.2031
  endloop
 endfacet
facet normal -0.593257368 0.548648953 -0.589092553
  outer loop
   vertex 85290.1406 38155.2539 67726.8125
   vertex 85398.9297 38316.3281 67767.2734
   vertex 85445.0312 38311.6406 67716.4844
  endloop
 endfacet
facet normal 0.0437804349 0.0343438126 0.998450696
  outer loop
   vertex 85471.7188 37653.1445 67988.4844
   vertex 85685.2422 37503.2969 67984.2812
   vertex 85599.0234 37750.9414 67979.5391
  endloop
 endfacet
facet normal -0.672358811 0.171979278 0.719969988
  outer loop
   vertex 85409.1719 38135.3594 67842.7188
   vertex 85396.375 38271.707 67798.2031
   vertex 85290.1406 38155.2539 67726.8125
  endloop
 endfacet
facet normal -0.490937948 0.621226311 0.61078459
  outer loop
   vertex 85409.1719 38135.3594 67842.7188
   vertex 85290.1406 38155.2539 67726.8125
   vertex 85266.9766 38019.4102 67846.3516
  endloop
 endfacet
facet normal -0.277584791 0.368239462 0.887325406
  outer loop
   vertex 85266.9766 38019.4102 67846.3516
   vertex 85341.75 37884.5039 67925.7344
   vertex 85409.1719 38135.3594 67842.7188
  endloop
 endfacet
facet normal -0.31768626 0.552437007 0.770641804
  outer loop
   vertex 85454.4688 38327.5625 67782.1094
   vertex 85398.9297 38316.3281 67767.2734
   vertex 85396.375 38271.707 67798.2031
  endloop
 endfacet
facet normal 0.688085437 0.366456211 0.626297295
  outer loop
   vertex 86059.9297 37495.6562 67821.8828
   vertex 86013.8438 37629.2461 67794.3516
   vertex 85917.0391 37719.6055 67847.8359
  endloop
 endfacet
facet normal 0.842245519 0.521597922 0.136228323
  outer loop
   vertex 86059.9297 37495.6562 67821.8828
   vertex 85917.0391 37719.6055 67847.8359
   vertex 85990.4844 37593.9219 67875
  endloop
 endfacet
facet normal -0.0464179777 0.325048476 0.944557488
  outer loop
   vertex 85409.1719 38135.3594 67842.7188
   vertex 85341.75 37884.5039 67925.7344
   vertex 85582.4609 37951.1719 67914.6172
  endloop
 endfacet
facet normal -0.0921072662 0.478167742 0.873425364
  outer loop
   vertex 85341.75 37884.5039 67925.7344
   vertex 85495.3594 37828.2969 67972.7031
   vertex 85582.4609 37951.1719 67914.6172
  endloop
 endfacet
facet normal 0.587382972 0.31851089 0.743997335
  outer loop
   vertex 85810.1875 37909.9062 67850.7266
   vertex 85765.6328 37885.4883 67896.3516
   vertex 85917.0391 37719.6055 67847.8359
  endloop
 endfacet
facet normal 0.240157887 0.427348077 0.871606469
  outer loop
   vertex 85712.5078 38004.9102 67852.4375
   vertex 85582.4609 37951.1719 67914.6172
   vertex 85765.6328 37885.4883 67896.3516
  endloop
 endfacet
facet normal 0.209895223 -0.0218301918 0.977480173
  outer loop
   vertex 85846.2734 36873.6289 67984.3359
   vertex 86074.1016 36915.3906 67936.3516
   vertex 85865.1797 37043.6133 67984.0781
  endloop
 endfacet
facet normal 0.0680937916 0.069077909 0.995284617
  outer loop
   vertex 85505.5312 37419.5312 68002.3906
   vertex 85685.2422 37503.2969 67984.2812
   vertex 85471.7188 37653.1445 67988.4844
  endloop
 endfacet
facet normal -0.0419208035 0.0532973222 0.997698367
  outer loop
   vertex 85505.5312 37419.5312 68002.3906
   vertex 85471.7188 37653.1445 67988.4844
   vertex 85401.7422 37507.4102 67993.3359
  endloop
 endfacet
facet normal 0.258401901 0.317222178 0.912468374
  outer loop
   vertex 85582.4609 37951.1719 67914.6172
   vertex 85599.0234 37750.9414 67979.5391
   vertex 85755.3281 37738.168 67939.7188
  endloop
 endfacet
facet normal 0.189324349 0.265050322 0.945465267
  outer loop
   vertex 85765.6328 37885.4883 67896.3516
   vertex 85582.4609 37951.1719 67914.6172
   vertex 85755.3281 37738.168 67939.7188
  endloop
 endfacet
facet normal -0.0280907415 0.00467384746 0.99959445
  outer loop
   vertex 85846.2734 36873.6289 67984.3359
   vertex 85865.1797 37043.6133 67984.0781
   vertex 85625.9922 37121.1094 67976.9922
  endloop
 endfacet
facet normal 0.25265485 0.122139581 0.959816337
  outer loop
   vertex 85935.3906 37521.9727 67916.0547
   vertex 85685.2422 37503.2969 67984.2812
   vertex 85882.1406 37246.1172 67965.1719
  endloop
 endfacet
facet normal 0.769827604 0.106962025 0.629225373
  outer loop
   vertex 86133.8984 37240.7188 67807.8906
   vertex 86049.25 37329.3945 67896.3828
   vertex 86074.1016 36915.3906 67936.3516
  endloop
 endfacet
facet normal 0.261630327 0.0679413825 0.96277386
  outer loop
   vertex 85865.1797 37043.6133 67984.0781
   vertex 86074.1016 36915.3906 67936.3516
   vertex 85882.1406 37246.1172 67965.1719
  endloop
 endfacet
facet normal 0.33083564 0.110338271 0.937215686
  outer loop
   vertex 86049.25 37329.3945 67896.3828
   vertex 85882.1406 37246.1172 67965.1719
   vertex 86074.1016 36915.3906 67936.3516
  endloop
 endfacet
facet normal 0.918379188 0.111166917 0.379765093
  outer loop
   vertex 86035.2812 37460.7422 67891.7109
   vertex 86049.25 37329.3945 67896.3828
   vertex 86059.9297 37495.6562 67821.8828
  endloop
 endfacet
facet normal 0.774667919 0.630382657 -0.0500735864
  outer loop
   vertex 85566.1016 38218.2773 67781.1719
   vertex 85791.2969 37939.4414 67754.8906
   vertex 85653.1016 38100.8828 67649.2578
  endloop
 endfacet
facet normal 0.769171238 0.600657105 0.218143597
  outer loop
   vertex 85712.5078 38004.9102 67852.4375
   vertex 85791.2969 37939.4414 67754.8906
   vertex 85566.1016 38218.2773 67781.1719
  endloop
 endfacet
facet normal 0.254216164 0.106515199 0.961264074
  outer loop
   vertex 85755.3281 37738.168 67939.7188
   vertex 85685.2422 37503.2969 67984.2812
   vertex 85935.3906 37521.9727 67916.0547
  endloop
 endfacet
facet normal 0.482913166 0.483333558 0.730194211
  outer loop
   vertex 85712.5078 38004.9102 67852.4375
   vertex 85765.6328 37885.4883 67896.3516
   vertex 85810.1875 37909.9062 67850.7266
  endloop
 endfacet
facet normal -0.15049395 0.981319249 -0.119850174
  outer loop
   vertex 85445.0312 38311.6406 67716.4844
   vertex 85535.2422 38326.1016 67721.6172
   vertex 85510.5781 38316.5703 67674.5391
  endloop
 endfacet
facet normal 0.534726381 0.665061295 0.52130717
  outer loop
   vertex 86035.2812 37460.7422 67891.7109
   vertex 86059.9297 37495.6562 67821.8828
   vertex 85935.3906 37521.9727 67916.0547
  endloop
 endfacet
facet normal 0.602351904 -0.00573428161 0.798210025
  outer loop
   vertex 85935.3906 37521.9727 67916.0547
   vertex 86059.9297 37495.6562 67821.8828
   vertex 85990.4844 37593.9219 67875
  endloop
 endfacet
facet normal 0.501065373 0.211916909 0.839061797
  outer loop
   vertex 85765.6328 37885.4883 67896.3516
   vertex 85755.3281 37738.168 67939.7188
   vertex 85917.0391 37719.6055 67847.8359
  endloop
 endfacet
facet normal 0.495185673 0.32420969 0.806026816
  outer loop
   vertex 85755.3281 37738.168 67939.7188
   vertex 85935.3906 37521.9727 67916.0547
   vertex 85917.0391 37719.6055 67847.8359
  endloop
 endfacet
facet normal 0.23917228 0.336594284 0.910769403
  outer loop
   vertex 85935.3906 37521.9727 67916.0547
   vertex 85990.4844 37593.9219 67875
   vertex 85917.0391 37719.6055 67847.8359
  endloop
 endfacet
facet normal 0.661324263 -0.109257631 0.742100358
  outer loop
   vertex 86104.2891 37365.8438 67852.7031
   vertex 86049.25 37329.3945 67896.3828
   vertex 86133.8984 37240.7188 67807.8906
  endloop
 endfacet
facet normal 0.977530718 0.172430724 0.121249326
  outer loop
   vertex 86133.8984 37240.7188 67807.8906
   vertex 86205.6406 36835.3672 67805.9453
   vertex 86178.7969 37111.4297 67629.7578
  endloop
 endfacet
facet normal 0.434432566 0.436987907 0.787597537
  outer loop
   vertex 85454.6719 38270.5 67813.6641
   vertex 85566.1016 38218.2773 67781.1719
   vertex 85454.4688 38327.5625 67782.1094
  endloop
 endfacet
facet normal 0.871628523 0.489721864 -0.020885082
  outer loop
   vertex 85917.0391 37719.6055 67847.8359
   vertex 85791.2969 37939.4414 67754.8906
   vertex 85810.1875 37909.9062 67850.7266
  endloop
 endfacet
facet normal 0.107003756 0.833922982 -0.541408062
  outer loop
   vertex 89536.0625 32640.1133 65470.6602
   vertex 89591.8906 32616.0508 65444.6328
   vertex 89612.2812 32558.7012 65360.3281
  endloop
 endfacet
facet normal 0.811708808 -0.168632135 -0.559188724
  outer loop
   vertex 86119.6875 36984.7852 67446.3203
   vertex 86189.2031 37023.9883 67535.4062
   vertex 86196.0391 36868.0273 67592.3672
  endloop
 endfacet
facet normal 0.630033851 0.620181978 -0.467366755
  outer loop
   vertex 85564.7969 38307.793 67737.1562
   vertex 85567.625 38271.4648 67692.7656
   vertex 85535.2422 38326.1016 67721.6172
  endloop
 endfacet
facet normal 0.299129665 0.297768354 0.906562448
  outer loop
   vertex 85566.1016 38218.2773 67781.1719
   vertex 85497.3359 38331.3711 67766.7188
   vertex 85454.4688 38327.5625 67782.1094
  endloop
 endfacet
facet normal -0.140370801 0.960667849 -0.239610896
  outer loop
   vertex 85514.8906 38331.0703 67753.4688
   vertex 85535.2422 38326.1016 67721.6172
   vertex 85445.0312 38311.6406 67716.4844
  endloop
 endfacet
facet normal -0.150740936 0.963443398 -0.221481442
  outer loop
   vertex 85497.3359 38331.3711 67766.7188
   vertex 85514.8906 38331.0703 67753.4688
   vertex 85445.0312 38311.6406 67716.4844
  endloop
 endfacet
facet normal 0.80161041 0.544254541 -0.247401863
  outer loop
   vertex 85454.4688 38327.5625 67782.1094
   vertex 85445.0312 38311.6406 67716.4844
   vertex 85430.2812 38355.5352 67765.25
  endloop
 endfacet
facet normal -0.795094311 0.553716242 0.247433558
  outer loop
   vertex 85290.1406 38155.2539 67726.8125
   vertex 85182.7734 38085.543 67537.8047
   vertex 85135.2578 37981.7305 67617.4219
  endloop
 endfacet
facet normal -0.910268247 -0.361558646 0.201710418
  outer loop
   vertex 85012.4062 37519.8633 67599.9609
   vertex 85069.6797 37306.9297 67476.75
   vertex 85136.6719 37238.1094 67655.7031
  endloop
 endfacet
facet normal -0.896281183 -0.422169089 -0.135843068
  outer loop
   vertex 85012.4062 37519.8633 67599.9609
   vertex 85136.6719 37238.1094 67655.7031
   vertex 85020.875 37472.2812 67691.9922
  endloop
 endfacet
facet normal -0.102512591 -0.0633956417 -0.992709517
  outer loop
   vertex 85433.7344 36366.0312 67274.6562
   vertex 85415.6406 36774.9297 67250.4141
   vertex 85711.8281 36416.5156 67242.7188
  endloop
 endfacet
facet normal 0.377154499 -0.0381762274 -0.925363183
  outer loop
   vertex 85433.7344 36366.0312 67274.6562
   vertex 85383.2031 36582.6367 67245.125
   vertex 85415.6406 36774.9297 67250.4141
  endloop
 endfacet
facet normal -0.72201103 -0.196272999 0.663458347
  outer loop
   vertex 85314.4531 36872.9805 67741.1484
   vertex 85358.8438 37245.9531 67899.8047
   vertex 85136.6719 37238.1094 67655.7031
  endloop
 endfacet
facet normal -0.68964088 -0.524349451 0.499452829
  outer loop
   vertex 85020.875 37472.2812 67691.9922
   vertex 84999.5469 37526.9883 67719.9844
   vertex 84978.3828 37518.8047 67682.1641
  endloop
 endfacet
facet normal -0.860508025 0.289870411 0.418928534
  outer loop
   vertex 84999.5469 37526.9883 67719.9844
   vertex 85001.1016 37559.0156 67701.0156
   vertex 84978.3828 37518.8047 67682.1641
  endloop
 endfacet
facet normal -0.29199186 -0.523379087 0.800509274
  outer loop
   vertex 85113.7812 37557.7656 67781.7734
   vertex 84999.5469 37526.9883 67719.9844
   vertex 85020.875 37472.2812 67691.9922
  endloop
 endfacet
facet normal -0.898646176 0.346521497 0.268994182
  outer loop
   vertex 85039.9297 37665.1836 67696.6406
   vertex 85146.9688 37879.4062 67778.2578
   vertex 85053.2188 37778.4727 67595.1094
  endloop
 endfacet
facet normal -0.557399035 0.829219699 -0.0412431657
  outer loop
   vertex 85317.3125 38177.7109 67572.625
   vertex 85203.3672 38094.582 67441.3281
   vertex 85182.7734 38085.543 67537.8047
  endloop
 endfacet
facet normal -0.700737417 0.0800303742 0.708916187
  outer loop
   vertex 85146.9688 37879.4062 67778.2578
   vertex 85039.9297 37665.1836 67696.6406
   vertex 85113.7812 37557.7656 67781.7734
  endloop
 endfacet
facet normal -0.860995471 0.0942822546 0.499797583
  outer loop
   vertex 85146.9688 37879.4062 67778.2578
   vertex 85113.7812 37557.7656 67781.7734
   vertex 85199.6562 37797.957 67884.3906
  endloop
 endfacet
facet normal -0.711077154 0.702739477 -0.0229457505
  outer loop
   vertex 85290.1406 38155.2539 67726.8125
   vertex 85445.0312 38311.6406 67716.4844
   vertex 85317.3125 38177.7109 67572.625
  endloop
 endfacet
facet normal -0.568507254 0.822444499 0.0196104478
  outer loop
   vertex 85182.7734 38085.543 67537.8047
   vertex 85290.1406 38155.2539 67726.8125
   vertex 85317.3125 38177.7109 67572.625
  endloop
 endfacet
facet normal -0.96469456 -0.0814974084 -0.250444859
  outer loop
   vertex 85062.9219 37433.6797 67368.2578
   vertex 85027.4297 37647.4062 67435.4062
   vertex 85063.2344 37600.2773 67312.8203
  endloop
 endfacet
facet normal -0.891375601 -0.00560915889 -0.453230768
  outer loop
   vertex 85014.2109 37478.082 67463.5078
   vertex 85027.4297 37647.4062 67435.4062
   vertex 85062.9219 37433.6797 67368.2578
  endloop
 endfacet
facet normal -0.964751542 0.257275999 -0.0553489439
  outer loop
   vertex 85027.4297 37647.4062 67435.4062
   vertex 85053.2188 37778.4727 67595.1094
   vertex 85098.5469 37914.5469 67437.6016
  endloop
 endfacet
facet normal 0.137845591 0.267252713 -0.953716218
  outer loop
   vertex 85090.5 37809.6328 67284.9062
   vertex 85122.1484 37693.9844 67257.0781
   vertex 85066.4844 37767.5742 67269.6562
  endloop
 endfacet
facet normal 0.126064375 0.806023121 -0.578303099
  outer loop
   vertex 85203.3672 38094.582 67441.3281
   vertex 85319.8359 38074.2539 67438.3828
   vertex 85216.625 38050.3711 67382.5938
  endloop
 endfacet
facet normal -0.172295541 0.379003197 -0.909214377
  outer loop
   vertex 85211.0156 37899.9336 67326.0859
   vertex 85265.1094 37654.3945 67213.4844
   vertex 85122.1484 37693.9844 67257.0781
  endloop
 endfacet
facet normal -0.611541152 -0.0836046487 -0.786783099
  outer loop
   vertex 85122.1484 37693.9844 67257.0781
   vertex 85162.6562 37435.6523 67253.0391
   vertex 85063.2344 37600.2773 67312.8203
  endloop
 endfacet
facet normal -0.0422634073 0.103870451 -0.993692458
  outer loop
   vertex 85202.1562 37559.0898 67206.1953
   vertex 85265.1094 37654.3945 67213.4844
   vertex 85323.4609 37436.0352 67188.1797
  endloop
 endfacet
facet normal -0.207454354 0.0577353165 -0.976539493
  outer loop
   vertex 85388.4688 37578.918 67182.8125
   vertex 85323.4609 37436.0352 67188.1797
   vertex 85265.1094 37654.3945 67213.4844
  endloop
 endfacet
facet normal -0.563345313 0.825107157 -0.0428975187
  outer loop
   vertex 85141.1328 38052.293 67445.1406
   vertex 85182.7734 38085.543 67537.8047
   vertex 85203.3672 38094.582 67441.3281
  endloop
 endfacet
facet normal -0.91156137 0.264610201 0.314701855
  outer loop
   vertex 85182.7734 38085.543 67537.8047
   vertex 85141.1328 38052.293 67445.1406
   vertex 85098.5469 37914.5469 67437.6016
  endloop
 endfacet
facet normal 0.00318163307 0.417427301 -0.908704758
  outer loop
   vertex 85265.1094 37654.3945 67213.4844
   vertex 85211.0156 37899.9336 67326.0859
   vertex 85407.5312 37718.7852 67243.5625
  endloop
 endfacet
facet normal -0.888834596 0.294030398 -0.351452887
  outer loop
   vertex 85150.9219 38021.2891 67394.4453
   vertex 85098.5469 37914.5469 67437.6016
   vertex 85141.1328 38052.293 67445.1406
  endloop
 endfacet
facet normal -0.996783555 0.0719997138 -0.0351938196
  outer loop
   vertex 85014.2109 37478.082 67463.5078
   vertex 85012.4062 37519.8633 67599.9609
   vertex 85027.4297 37647.4062 67435.4062
  endloop
 endfacet
facet normal -0.759670198 0.573233008 -0.307091385
  outer loop
   vertex 85001.1016 37559.0156 67701.0156
   vertex 85012.4062 37519.8633 67599.9609
   vertex 84978.3828 37518.8047 67682.1641
  endloop
 endfacet
facet normal -0.917228878 0.326011598 -0.228927076
  outer loop
   vertex 85001.1016 37559.0156 67701.0156
   vertex 85039.9297 37665.1836 67696.6406
   vertex 85012.4062 37519.8633 67599.9609
  endloop
 endfacet
facet normal -0.98720783 0.156379834 0.0310814511
  outer loop
   vertex 85012.4062 37519.8633 67599.9609
   vertex 85053.2188 37778.4727 67595.1094
   vertex 85027.4297 37647.4062 67435.4062
  endloop
 endfacet
facet normal -0.986618936 0.156558022 0.045526173
  outer loop
   vertex 85039.9297 37665.1836 67696.6406
   vertex 85053.2188 37778.4727 67595.1094
   vertex 85012.4062 37519.8633 67599.9609
  endloop
 endfacet
facet normal -0.928037465 0.368889481 0.0516432635
  outer loop
   vertex 85053.2188 37778.4727 67595.1094
   vertex 85135.2578 37981.7305 67617.4219
   vertex 85098.5469 37914.5469 67437.6016
  endloop
 endfacet
facet normal -0.902162313 0.430770338 0.0232408922
  outer loop
   vertex 85182.7734 38085.543 67537.8047
   vertex 85098.5469 37914.5469 67437.6016
   vertex 85135.2578 37981.7305 67617.4219
  endloop
 endfacet
facet normal -0.966347337 0.257239729 0.000742699252
  outer loop
   vertex 85098.5469 37914.5469 67437.6016
   vertex 85058.9453 37766.1055 67319.7031
   vertex 85027.4297 37647.4062 67435.4062
  endloop
 endfacet
facet normal 0.0145042101 0.396655381 -0.917852998
  outer loop
   vertex 85407.5312 37718.7852 67243.5625
   vertex 85388.4688 37578.918 67182.8125
   vertex 85265.1094 37654.3945 67213.4844
  endloop
 endfacet
facet normal -0.635584593 -0.0876836851 -0.767035723
  outer loop
   vertex 85122.1484 37693.9844 67257.0781
   vertex 85202.1562 37559.0898 67206.1953
   vertex 85162.6562 37435.6523 67253.0391
  endloop
 endfacet
facet normal -0.646796703 0.681620359 -0.342122376
  outer loop
   vertex 85150.9219 38021.2891 67394.4453
   vertex 85203.3672 38094.582 67441.3281
   vertex 85181.0078 38039.4414 67373.7266
  endloop
 endfacet
facet normal 0.122125149 0.787242293 -0.604429483
  outer loop
   vertex 85319.8359 38074.2539 67438.3828
   vertex 85203.3672 38094.582 67441.3281
   vertex 85317.3125 38177.7109 67572.625
  endloop
 endfacet
facet normal -0.0888417661 0.786024868 -0.611777782
  outer loop
   vertex 85181.0078 38039.4414 67373.7266
   vertex 85203.3672 38094.582 67441.3281
   vertex 85216.625 38050.3711 67382.5938
  endloop
 endfacet
facet normal 0.125871107 0.344739318 -0.930221081
  outer loop
   vertex 85216.625 38050.3711 67382.5938
   vertex 85211.0156 37899.9336 67326.0859
   vertex 85181.0078 38039.4414 67373.7266
  endloop
 endfacet
facet normal -0.961185038 -0.0134662632 -0.275575817
  outer loop
   vertex 85027.4297 37647.4062 67435.4062
   vertex 85058.9453 37766.1055 67319.7031
   vertex 85063.2344 37600.2773 67312.8203
  endloop
 endfacet
facet normal -0.128164217 -0.135740414 -0.982419729
  outer loop
   vertex 85516.0547 37161.9688 67200.9219
   vertex 85306.3281 37186.9102 67224.8359
   vertex 85323.4609 37436.0352 67188.1797
  endloop
 endfacet
facet normal 0.00923451781 -0.0399638861 -0.999158442
  outer loop
   vertex 85516.0547 37161.9688 67200.9219
   vertex 85323.4609 37436.0352 67188.1797
   vertex 85493.1719 37461.1289 67188.7422
  endloop
 endfacet
facet normal 0.127956957 0.265027225 -0.955713153
  outer loop
   vertex 85211.0156 37899.9336 67326.0859
   vertex 85122.1484 37693.9844 67257.0781
   vertex 85090.5 37809.6328 67284.9062
  endloop
 endfacet
facet normal -0.289528966 0.866981685 -0.405605346
  outer loop
   vertex 85211.0156 37899.9336 67326.0859
   vertex 85094.1094 37862.0273 67328.5078
   vertex 85098.5469 37914.5469 67437.6016
  endloop
 endfacet
facet normal -0.699415028 0.055064369 -0.71259141
  outer loop
   vertex 85211.0156 37899.9336 67326.0859
   vertex 85098.5469 37914.5469 67437.6016
   vertex 85150.9219 38021.2891 67394.4453
  endloop
 endfacet
facet normal -0.844899774 0.523069143 -0.111995526
  outer loop
   vertex 85090.5 37809.6328 67284.9062
   vertex 85066.4844 37767.5742 67269.6562
   vertex 85058.9453 37766.1055 67319.7031
  endloop
 endfacet
facet normal -0.220557898 0.632798433 -0.742240071
  outer loop
   vertex 85090.5 37809.6328 67284.9062
   vertex 85094.1094 37862.0273 67328.5078
   vertex 85211.0156 37899.9336 67326.0859
  endloop
 endfacet
facet normal -0.227418333 0.222668007 -0.947997808
  outer loop
   vertex 85265.1094 37654.3945 67213.4844
   vertex 85202.1562 37559.0898 67206.1953
   vertex 85122.1484 37693.9844 67257.0781
  endloop
 endfacet
facet normal -0.615245104 0.133039191 -0.777028978
  outer loop
   vertex 85211.0156 37899.9336 67326.0859
   vertex 85150.9219 38021.2891 67394.4453
   vertex 85181.0078 38039.4414 67373.7266
  endloop
 endfacet
facet normal -0.868875086 0.350612819 -0.349466413
  outer loop
   vertex 85090.5 37809.6328 67284.9062
   vertex 85058.9453 37766.1055 67319.7031
   vertex 85094.1094 37862.0273 67328.5078
  endloop
 endfacet
facet normal -0.926747382 0.351850629 -0.131683215
  outer loop
   vertex 85058.9453 37766.1055 67319.7031
   vertex 85098.5469 37914.5469 67437.6016
   vertex 85094.1094 37862.0273 67328.5078
  endloop
 endfacet
facet normal -0.69703877 0.0116933584 -0.716938078
  outer loop
   vertex 85063.2344 37600.2773 67312.8203
   vertex 85058.9453 37766.1055 67319.7031
   vertex 85122.1484 37693.9844 67257.0781
  endloop
 endfacet
facet normal -0.801119268 -0.582417369 -0.137833014
  outer loop
   vertex 85058.9453 37766.1055 67319.7031
   vertex 85066.4844 37767.5742 67269.6562
   vertex 85122.1484 37693.9844 67257.0781
  endloop
 endfacet
facet normal 0.0772129148 0.388298273 -0.918293297
  outer loop
   vertex 85388.4688 37578.918 67182.8125
   vertex 85407.5312 37718.7852 67243.5625
   vertex 85476.6562 37601.2773 67199.6797
  endloop
 endfacet
facet normal -0.371588111 -0.110087499 -0.921847641
  outer loop
   vertex 85162.6562 37435.6523 67253.0391
   vertex 85323.4609 37436.0352 67188.1797
   vertex 85306.3281 37186.9102 67224.8359
  endloop
 endfacet
facet normal -0.73706001 -0.21210435 -0.641680837
  outer loop
   vertex 85062.9219 37433.6797 67368.2578
   vertex 85063.2344 37600.2773 67312.8203
   vertex 85162.6562 37435.6523 67253.0391
  endloop
 endfacet
facet normal 0.163500667 0.0959364772 -0.981867492
  outer loop
   vertex 85476.6562 37601.2773 67199.6797
   vertex 85493.1719 37461.1289 67188.7422
   vertex 85388.4688 37578.918 67182.8125
  endloop
 endfacet
facet normal 0.00950864144 -0.0418195538 -0.999079943
  outer loop
   vertex 85323.4609 37436.0352 67188.1797
   vertex 85388.4688 37578.918 67182.8125
   vertex 85493.1719 37461.1289 67188.7422
  endloop
 endfacet
facet normal -0.994035363 -0.101359501 -0.0402480885
  outer loop
   vertex 85484.7891 35524.0586 67596.2734
   vertex 85434.9453 36007.8945 67608.9609
   vertex 85488.7578 35569.3555 67384.2734
  endloop
 endfacet
facet normal -0.0657600984 -0.0329259224 -0.997292101
  outer loop
   vertex 85671.5625 36826.1758 67231.8438
   vertex 85711.8281 36416.5156 67242.7188
   vertex 85415.6406 36774.9297 67250.4141
  endloop
 endfacet
facet normal -0.991583705 -0.0640258193 -0.112527639
  outer loop
   vertex 85434.9453 36007.8945 67608.9609
   vertex 85475.1094 35934.6211 67296.7266
   vertex 85488.7578 35569.3555 67384.2734
  endloop
 endfacet
facet normal -0.761725307 0.17176494 -0.624716997
  outer loop
   vertex 85415.6406 36774.9297 67250.4141
   vertex 85360.9844 36606.6484 67270.7891
   vertex 85290.4766 36703.5352 67383.3906
  endloop
 endfacet
facet normal -0.837142885 -0.260844707 -0.480782479
  outer loop
   vertex 85433.7344 36366.0312 67274.6562
   vertex 85360.9844 36606.6484 67270.7891
   vertex 85383.2031 36582.6367 67245.125
  endloop
 endfacet
facet normal -0.734026432 -0.229006961 -0.639344215
  outer loop
   vertex 85162.6562 37435.6523 67253.0391
   vertex 85188.4141 37126.5391 67334.1953
   vertex 85062.9219 37433.6797 67368.2578
  endloop
 endfacet
facet normal -0.585982561 -0.251089692 -0.7704404
  outer loop
   vertex 85306.3281 37186.9102 67224.8359
   vertex 85188.4141 37126.5391 67334.1953
   vertex 85162.6562 37435.6523 67253.0391
  endloop
 endfacet
facet normal -0.12383914 -0.0941943973 -0.98782146
  outer loop
   vertex 85306.3281 37186.9102 67224.8359
   vertex 85516.0547 37161.9688 67200.9219
   vertex 85415.6406 36774.9297 67250.4141
  endloop
 endfacet
facet normal -0.0491310209 -0.114143506 -0.992248654
  outer loop
   vertex 85516.0547 37161.9688 67200.9219
   vertex 85671.5625 36826.1758 67231.8438
   vertex 85415.6406 36774.9297 67250.4141
  endloop
 endfacet
facet normal -0.683109701 0.134965628 -0.717736304
  outer loop
   vertex 85383.2031 36582.6367 67245.125
   vertex 85360.9844 36606.6484 67270.7891
   vertex 85415.6406 36774.9297 67250.4141
  endloop
 endfacet
facet normal -0.605596781 -0.208370671 -0.768006623
  outer loop
   vertex 85188.4141 37126.5391 67334.1953
   vertex 85306.3281 37186.9102 67224.8359
   vertex 85415.6406 36774.9297 67250.4141
  endloop
 endfacet
facet normal -0.63962549 -0.239301249 -0.730488956
  outer loop
   vertex 85188.4141 37126.5391 67334.1953
   vertex 85415.6406 36774.9297 67250.4141
   vertex 85290.4766 36703.5352 67383.3906
  endloop
 endfacet
facet normal -0.905063987 -0.257729053 -0.338282228
  outer loop
   vertex 85188.4141 37126.5391 67334.1953
   vertex 85290.4766 36703.5352 67383.3906
   vertex 85157.3672 37049.4414 67475.9844
  endloop
 endfacet
facet normal -0.622658014 -0.00814297609 -0.782451749
  outer loop
   vertex 85621.9297 35498.6523 67184.4297
   vertex 85475.1094 35934.6211 67296.7266
   vertex 85571.1328 35809.6445 67221.6172
  endloop
 endfacet
facet normal -0.835262418 -0.188066065 -0.516689301
  outer loop
   vertex 85290.4766 36703.5352 67383.3906
   vertex 85433.7344 36366.0312 67274.6562
   vertex 85374.0156 36290.5898 67398.6562
  endloop
 endfacet
facet normal -0.9034127 -0.278396755 -0.326099247
  outer loop
   vertex 85360.9844 36606.6484 67270.7891
   vertex 85433.7344 36366.0312 67274.6562
   vertex 85290.4766 36703.5352 67383.3906
  endloop
 endfacet
facet normal 0.122800298 -0.0252040625 -0.992111325
  outer loop
   vertex 85891.5859 36399.6367 67265.3984
   vertex 85939.375 36117.7461 67278.4688
   vertex 85711.8281 36416.5156 67242.7188
  endloop
 endfacet
facet normal -0.945095897 0.00527001359 -0.326750606
  outer loop
   vertex 85657.25 35186.207 67077.2188
   vertex 85658.875 34934.1562 67068.4531
   vertex 85621.9297 35498.6523 67184.4297
  endloop
 endfacet
facet normal -0.870961845 0.0435405225 -0.489417732
  outer loop
   vertex 85548.3281 35127.8633 67282.4141
   vertex 85621.9297 35498.6523 67184.4297
   vertex 85658.875 34934.1562 67068.4531
  endloop
 endfacet
facet normal 0.104553379 0.444823444 -0.889494658
  outer loop
   vertex 85925.7422 35117.0508 66980.6094
   vertex 85860.6562 35313.918 67071.4062
   vertex 86092.2969 35214.6992 67049.0156
  endloop
 endfacet
facet normal -0.170222461 0.344789058 -0.923116922
  outer loop
   vertex 85762.5391 35118.0273 67016.3359
   vertex 85621.9297 35498.6523 67184.4297
   vertex 85860.6562 35313.918 67071.4062
  endloop
 endfacet
facet normal -0.345412582 0.269396871 -0.898952425
  outer loop
   vertex 85657.25 35186.207 67077.2188
   vertex 85621.9297 35498.6523 67184.4297
   vertex 85762.5391 35118.0273 67016.3359
  endloop
 endfacet
facet normal -0.852443039 0.0851152316 -0.51584518
  outer loop
   vertex 85413.9766 36165.0938 67274.1484
   vertex 85402.3672 36190.25 67297.4844
   vertex 85433.7344 36366.0312 67274.6562
  endloop
 endfacet
facet normal 0.199806631 0.00228083227 -0.979832709
  outer loop
   vertex 85516.0547 37161.9688 67200.9219
   vertex 85789.9297 37096.707 67256.6172
   vertex 85671.5625 36826.1758 67231.8438
  endloop
 endfacet
facet normal -0.82889837 -0.36635834 -0.422739953
  outer loop
   vertex 85488.7578 35569.3555 67384.2734
   vertex 85501.5234 35677.957 67265.1172
   vertex 85621.9297 35498.6523 67184.4297
  endloop
 endfacet
facet normal -0.829260707 0.0169798229 -0.558604002
  outer loop
   vertex 85488.7578 35569.3555 67384.2734
   vertex 85621.9297 35498.6523 67184.4297
   vertex 85548.3281 35127.8633 67282.4141
  endloop
 endfacet
facet normal -0.961817205 -0.273685873 0.0019233831
  outer loop
   vertex 85374.0156 36290.5898 67398.6562
   vertex 85402.3672 36190.25 67297.4844
   vertex 85475.1094 35934.6211 67296.7266
  endloop
 endfacet
facet normal -0.802149117 -0.308586568 -0.511205554
  outer loop
   vertex 85509.3906 35705.3438 67236.25
   vertex 85621.9297 35498.6523 67184.4297
   vertex 85501.5234 35677.957 67265.1172
  endloop
 endfacet
facet normal -0.867150724 -0.245027825 0.433602303
  outer loop
   vertex 85453.0938 36492.0352 67803.1562
   vertex 85314.4531 36872.9805 67741.1484
   vertex 85328.9375 36540.3477 67582.1641
  endloop
 endfacet
facet normal -0.999003232 -0.0360103808 -0.0263785329
  outer loop
   vertex 85484.7891 35524.0586 67596.2734
   vertex 85488.7578 35569.3555 67384.2734
   vertex 85498.6484 35222.8828 67482.6875
  endloop
 endfacet
facet normal -0.997655034 -0.0213746466 -0.065019384
  outer loop
   vertex 85484.7891 35524.0586 67596.2734
   vertex 85498.6484 35222.8828 67482.6875
   vertex 85490.4375 35294.6875 67585.0156
  endloop
 endfacet
facet normal -0.975745559 -0.0851382539 -0.201673105
  outer loop
   vertex 85548.3281 35127.8633 67282.4141
   vertex 85498.6484 35222.8828 67482.6875
   vertex 85488.7578 35569.3555 67384.2734
  endloop
 endfacet
facet normal -0.980974972 -0.0791460797 -0.177268103
  outer loop
   vertex 85488.7578 35569.3555 67384.2734
   vertex 85475.1094 35934.6211 67296.7266
   vertex 85501.5234 35677.957 67265.1172
  endloop
 endfacet
facet normal -0.947623432 -0.0588830039 -0.313914984
  outer loop
   vertex 85475.1094 35934.6211 67296.7266
   vertex 85509.3906 35705.3438 67236.25
   vertex 85501.5234 35677.957 67265.1172
  endloop
 endfacet
facet normal -0.964658558 -0.255584985 -0.0641106144
  outer loop
   vertex 85434.9453 36007.8945 67608.9609
   vertex 85374.0156 36290.5898 67398.6562
   vertex 85475.1094 35934.6211 67296.7266
  endloop
 endfacet
facet normal -0.946068287 -0.268660516 -0.181042254
  outer loop
   vertex 85475.1094 35934.6211 67296.7266
   vertex 85402.3672 36190.25 67297.4844
   vertex 85413.9766 36165.0938 67274.1484
  endloop
 endfacet
facet normal -0.875559211 -0.151212811 0.458836287
  outer loop
   vertex 85453.0938 36492.0352 67803.1562
   vertex 85328.9375 36540.3477 67582.1641
   vertex 85434.9453 36007.8945 67608.9609
  endloop
 endfacet
facet normal -0.980712175 -0.194072992 0.0232239943
  outer loop
   vertex 85374.0156 36290.5898 67398.6562
   vertex 85434.9453 36007.8945 67608.9609
   vertex 85328.9375 36540.3477 67582.1641
  endloop
 endfacet
facet normal -0.979966938 -0.197224915 0.027696915
  outer loop
   vertex 85374.0156 36290.5898 67398.6562
   vertex 85328.9375 36540.3477 67582.1641
   vertex 85290.4766 36703.5352 67383.3906
  endloop
 endfacet
facet normal -0.950037599 -0.301746368 0.0798607841
  outer loop
   vertex 85012.4062 37519.8633 67599.9609
   vertex 85014.2109 37478.082 67463.5078
   vertex 85069.6797 37306.9297 67476.75
  endloop
 endfacet
facet normal -0.896523476 -0.314700335 -0.311784148
  outer loop
   vertex 85014.2109 37478.082 67463.5078
   vertex 85062.9219 37433.6797 67368.2578
   vertex 85069.6797 37306.9297 67476.75
  endloop
 endfacet
facet normal -0.675861597 -0.678220212 -0.288493484
  outer loop
   vertex 85012.4062 37519.8633 67599.9609
   vertex 85020.875 37472.2812 67691.9922
   vertex 84978.3828 37518.8047 67682.1641
  endloop
 endfacet
facet normal -0.922310174 -0.314754784 0.22421734
  outer loop
   vertex 85136.6719 37238.1094 67655.7031
   vertex 85069.6797 37306.9297 67476.75
   vertex 85157.3672 37049.4414 67475.9844
  endloop
 endfacet
facet normal -0.887252808 -0.326364487 -0.325988829
  outer loop
   vertex 85188.4141 37126.5391 67334.1953
   vertex 85069.6797 37306.9297 67476.75
   vertex 85062.9219 37433.6797 67368.2578
  endloop
 endfacet
facet normal -0.932993531 -0.359879136 0.00317558669
  outer loop
   vertex 85290.4766 36703.5352 67383.3906
   vertex 85223.1641 36879.6484 67564.8594
   vertex 85157.3672 37049.4414 67475.9844
  endloop
 endfacet
facet normal -0.951943696 -0.29992345 -0.062041305
  outer loop
   vertex 85328.9375 36540.3477 67582.1641
   vertex 85223.1641 36879.6484 67564.8594
   vertex 85290.4766 36703.5352 67383.3906
  endloop
 endfacet
facet normal -0.864266574 -0.247085094 0.438169241
  outer loop
   vertex 85328.9375 36540.3477 67582.1641
   vertex 85314.4531 36872.9805 67741.1484
   vertex 85223.1641 36879.6484 67564.8594
  endloop
 endfacet
facet normal 0.634394586 -0.0235506017 -0.77265054
  outer loop
   vertex 86119.6875 36984.7852 67446.3203
   vertex 85983.2031 37030.4023 67332.875
   vertex 86054.8906 37130.9883 67388.6641
  endloop
 endfacet
facet normal 0.630608559 -0.0407917015 -0.775028348
  outer loop
   vertex 85935.6953 36678.9023 67312.7188
   vertex 85983.2031 37030.4023 67332.875
   vertex 86119.6875 36984.7852 67446.3203
  endloop
 endfacet
facet normal 0.626850307 0.418952823 -0.65691489
  outer loop
   vertex 86246.4531 35304.6289 67164.6016
   vertex 86277.2266 35442.5781 67281.9375
   vertex 86364.7031 35262.7773 67250.75
  endloop
 endfacet
facet normal 0.886901379 0.00216254196 -0.461953729
  outer loop
   vertex 86143.7031 36619.6523 67490.7266
   vertex 86119.6875 36984.7852 67446.3203
   vertex 86196.0391 36868.0273 67592.3672
  endloop
 endfacet
facet normal 0.386888891 0.0943259224 -0.917289257
  outer loop
   vertex 85967.4922 36384.3398 67295.8359
   vertex 85891.5859 36399.6367 67265.3984
   vertex 85935.6953 36678.9023 67312.7188
  endloop
 endfacet
facet normal 0.999915957 0.0113734901 -0.00622404926
  outer loop
   vertex 86219.3125 36455.0234 67847.3438
   vertex 86220.2031 36229.3438 67578.2578
   vertex 86216.4844 36603.7539 67665.4844
  endloop
 endfacet
facet normal 0.768966377 0.283768415 -0.572857916
  outer loop
   vertex 86260.4922 35928.7734 67477.0156
   vertex 86190.7422 36011.7227 67424.4844
   vertex 86255.5 35999.6484 67505.4297
  endloop
 endfacet
facet normal 0.994399726 0.082574442 -0.065959312
  outer loop
   vertex 86219.3125 36455.0234 67847.3438
   vertex 86253.1562 35972.7344 67753.8281
   vertex 86220.2031 36229.3438 67578.2578
  endloop
 endfacet
facet normal 0.989394307 0.141060472 0.0346540436
  outer loop
   vertex 86277.375 35838.1367 67538.3438
   vertex 86255.5 35999.6484 67505.4297
   vertex 86220.2031 36229.3438 67578.2578
  endloop
 endfacet
facet normal 0.98956567 0.142345235 0.0223080814
  outer loop
   vertex 86253.1562 35972.7344 67753.8281
   vertex 86277.375 35838.1367 67538.3438
   vertex 86220.2031 36229.3438 67578.2578
  endloop
 endfacet
facet normal 0.766549826 0.2981444 -0.568780482
  outer loop
   vertex 86255.5 35999.6484 67505.4297
   vertex 86190.7422 36011.7227 67424.4844
   vertex 86220.2031 36229.3438 67578.2578
  endloop
 endfacet
facet normal 0.50666213 0.174007893 -0.844402015
  outer loop
   vertex 85956.0938 35600.25 67181.8594
   vertex 85939.375 36117.7461 67278.4688
   vertex 86192.3984 35739.5195 67352.3516
  endloop
 endfacet
facet normal 0.301182032 0.116115265 -0.946470618
  outer loop
   vertex 85769.9531 36175.5039 67231.6484
   vertex 85711.8281 36416.5156 67242.7188
   vertex 85939.375 36117.7461 67278.4688
  endloop
 endfacet
facet normal 0.601274431 0.435647994 -0.669835687
  outer loop
   vertex 86165.4062 35501.1602 67219.6719
   vertex 86277.2266 35442.5781 67281.9375
   vertex 86246.4531 35304.6289 67164.6016
  endloop
 endfacet
facet normal 0.841910124 0.449394196 -0.298717499
  outer loop
   vertex 86364.7031 35262.7773 67250.75
   vertex 86356.25 35398.8438 67431.625
   vertex 86450.9844 35114.4023 67270.7109
  endloop
 endfacet
facet normal 0.848376036 0.457508504 -0.26635319
  outer loop
   vertex 86364.7031 35262.7773 67250.75
   vertex 86450.9844 35114.4023 67270.7109
   vertex 86415.8828 35137.5586 67198.6641
  endloop
 endfacet
facet normal 0.985031664 0.163897276 0.0533882268
  outer loop
   vertex 86309.5 35579.4883 67739.7031
   vertex 86356.25 35398.8438 67431.625
   vertex 86277.375 35838.1367 67538.3438
  endloop
 endfacet
facet normal 0.104578264 0.185774729 -0.977011323
  outer loop
   vertex 85674.625 35990.8477 67226
   vertex 85939.375 36117.7461 67278.4688
   vertex 85956.0938 35600.25 67181.8594
  endloop
 endfacet
facet normal 0.936588407 0.345402271 -0.0591560155
  outer loop
   vertex 86476.8359 35065.3555 67393.6016
   vertex 86450.9844 35114.4023 67270.7109
   vertex 86356.25 35398.8438 67431.625
  endloop
 endfacet
facet normal 0.835014701 0.291585684 -0.466613561
  outer loop
   vertex 86245.7031 35876.2188 67438.1641
   vertex 86226.5547 35873.8125 67402.3828
   vertex 86190.7422 36011.7227 67424.4844
  endloop
 endfacet
facet normal 0.751071811 0.242657006 -0.614010334
  outer loop
   vertex 86245.7031 35876.2188 67438.1641
   vertex 86190.7422 36011.7227 67424.4844
   vertex 86260.4922 35928.7734 67477.0156
  endloop
 endfacet
facet normal 0.870242417 0.334387422 -0.361750156
  outer loop
   vertex 86277.2266 35442.5781 67281.9375
   vertex 86192.3984 35739.5195 67352.3516
   vertex 86356.25 35398.8438 67431.625
  endloop
 endfacet
facet normal 0.587535501 0.341764271 -0.733484268
  outer loop
   vertex 86277.2266 35442.5781 67281.9375
   vertex 86165.4062 35501.1602 67219.6719
   vertex 86192.3984 35739.5195 67352.3516
  endloop
 endfacet
facet normal 0.556924343 0.215912402 -0.802008152
  outer loop
   vertex 86192.3984 35739.5195 67352.3516
   vertex 85939.375 36117.7461 67278.4688
   vertex 86190.7422 36011.7227 67424.4844
  endloop
 endfacet
facet normal 0.23592703 -0.0922427773 -0.967382908
  outer loop
   vertex 85939.375 36117.7461 67278.4688
   vertex 85674.625 35990.8477 67226
   vertex 85769.9531 36175.5039 67231.6484
  endloop
 endfacet
facet normal 0.0562669635 0.34296 -0.937663317
  outer loop
   vertex 86092.2969 35214.6992 67049.0156
   vertex 85860.6562 35313.918 67071.4062
   vertex 85956.0938 35600.25 67181.8594
  endloop
 endfacet
facet normal -0.128142253 0.0970925465 -0.986991704
  outer loop
   vertex 85571.1328 35809.6445 67221.6172
   vertex 85674.625 35990.8477 67226
   vertex 85621.9297 35498.6523 67184.4297
  endloop
 endfacet
facet normal -0.383859217 0.24082768 -0.891433775
  outer loop
   vertex 85571.1328 35809.6445 67221.6172
   vertex 85475.1094 35934.6211 67296.7266
   vertex 85674.625 35990.8477 67226
  endloop
 endfacet
facet normal -0.313360929 -0.0784645826 -0.946386933
  outer loop
   vertex 85475.1094 35934.6211 67296.7266
   vertex 85433.7344 36366.0312 67274.6562
   vertex 85674.625 35990.8477 67226
  endloop
 endfacet
facet normal -0.126619771 0.393465489 -0.910578012
  outer loop
   vertex 85860.6562 35313.918 67071.4062
   vertex 85621.9297 35498.6523 67184.4297
   vertex 85956.0938 35600.25 67181.8594
  endloop
 endfacet
facet normal -0.0343273506 0.0877718553 -0.995548964
  outer loop
   vertex 85674.625 35990.8477 67226
   vertex 85956.0938 35600.25 67181.8594
   vertex 85621.9297 35498.6523 67184.4297
  endloop
 endfacet
facet normal 0.527860641 0.0881518945 -0.844743967
  outer loop
   vertex 85939.375 36117.7461 67278.4688
   vertex 86077.1641 36340.3164 67387.8047
   vertex 86190.7422 36011.7227 67424.4844
  endloop
 endfacet
facet normal 0.364408165 0.461057991 -0.809093475
  outer loop
   vertex 86165.4062 35501.1602 67219.6719
   vertex 86118.5078 35408.7344 67145.875
   vertex 85956.0938 35600.25 67181.8594
  endloop
 endfacet
facet normal 0.88192004 -0.049644731 -0.468777597
  outer loop
   vertex 86245.7031 35876.2188 67438.1641
   vertex 86192.3984 35739.5195 67352.3516
   vertex 86226.5547 35873.8125 67402.3828
  endloop
 endfacet
facet normal 0.926692247 -0.143273622 -0.347439468
  outer loop
   vertex 86245.7031 35876.2188 67438.1641
   vertex 86277.375 35838.1367 67538.3438
   vertex 86192.3984 35739.5195 67352.3516
  endloop
 endfacet
facet normal 0.813023448 0.271150351 -0.515238166
  outer loop
   vertex 86356.25 35398.8438 67431.625
   vertex 86192.3984 35739.5195 67352.3516
   vertex 86277.375 35838.1367 67538.3438
  endloop
 endfacet
facet normal 0.276806355 0.398995817 -0.874174237
  outer loop
   vertex 86118.5078 35408.7344 67145.875
   vertex 86092.2969 35214.6992 67049.0156
   vertex 85956.0938 35600.25 67181.8594
  endloop
 endfacet
facet normal 0.137192711 0.144384518 -0.979964912
  outer loop
   vertex 85935.6953 36678.9023 67312.7188
   vertex 85891.5859 36399.6367 67265.3984
   vertex 85711.8281 36416.5156 67242.7188
  endloop
 endfacet
facet normal -0.0202878341 0.0409944654 -0.998953402
  outer loop
   vertex 85769.9531 36175.5039 67231.6484
   vertex 85674.625 35990.8477 67226
   vertex 85711.8281 36416.5156 67242.7188
  endloop
 endfacet
facet normal 0.838009179 0.234654963 -0.492623299
  outer loop
   vertex 86220.2031 36229.3438 67578.2578
   vertex 86190.7422 36011.7227 67424.4844
   vertex 86077.1641 36340.3164 67387.8047
  endloop
 endfacet
facet normal 0.66482234 0.114067107 -0.738241136
  outer loop
   vertex 86077.1641 36340.3164 67387.8047
   vertex 85967.4922 36384.3398 67295.8359
   vertex 85935.6953 36678.9023 67312.7188
  endloop
 endfacet
facet normal 0.638371468 -0.0172073692 -0.769536078
  outer loop
   vertex 85939.375 36117.7461 67278.4688
   vertex 85967.4922 36384.3398 67295.8359
   vertex 86077.1641 36340.3164 67387.8047
  endloop
 endfacet
facet normal 0.375745893 0.020717863 -0.926491141
  outer loop
   vertex 85939.375 36117.7461 67278.4688
   vertex 85891.5859 36399.6367 67265.3984
   vertex 85967.4922 36384.3398 67295.8359
  endloop
 endfacet
facet normal 0.192202136 -0.0305248052 -0.980880499
  outer loop
   vertex 85516.0547 37161.9688 67200.9219
   vertex 85644.6328 37346.8203 67220.3594
   vertex 85789.9297 37096.707 67256.6172
  endloop
 endfacet
facet normal -0.122860461 0.0496543869 -0.991181016
  outer loop
   vertex 85711.8281 36416.5156 67242.7188
   vertex 85674.625 35990.8477 67226
   vertex 85433.7344 36366.0312 67274.6562
  endloop
 endfacet
facet normal 0.640927792 -0.0509832166 -0.765906155
  outer loop
   vertex 86143.7031 36619.6523 67490.7266
   vertex 85935.6953 36678.9023 67312.7188
   vertex 86119.6875 36984.7852 67446.3203
  endloop
 endfacet
facet normal 0.66448909 0.113854073 -0.738573968
  outer loop
   vertex 86077.1641 36340.3164 67387.8047
   vertex 85935.6953 36678.9023 67312.7188
   vertex 86143.7031 36619.6523 67490.7266
  endloop
 endfacet
facet normal 0.921392381 -0.0357837193 -0.386982739
  outer loop
   vertex 86196.0391 36868.0273 67592.3672
   vertex 86216.4844 36603.7539 67665.4844
   vertex 86143.7031 36619.6523 67490.7266
  endloop
 endfacet
facet normal 0.9219172 0.0965480655 -0.375162899
  outer loop
   vertex 86220.2031 36229.3438 67578.2578
   vertex 86143.7031 36619.6523 67490.7266
   vertex 86216.4844 36603.7539 67665.4844
  endloop
 endfacet
facet normal 0.806448996 0.0255700015 -0.590750575
  outer loop
   vertex 86220.2031 36229.3438 67578.2578
   vertex 86077.1641 36340.3164 67387.8047
   vertex 86143.7031 36619.6523 67490.7266
  endloop
 endfacet
facet normal 0.275856167 -0.0327510871 -0.960640788
  outer loop
   vertex 85935.6953 36678.9023 67312.7188
   vertex 85671.5625 36826.1758 67231.8438
   vertex 85789.9297 37096.707 67256.6172
  endloop
 endfacet
facet normal 0.368077427 0.00356715242 -0.929788291
  outer loop
   vertex 85789.9297 37096.707 67256.6172
   vertex 85983.2031 37030.4023 67332.875
   vertex 85935.6953 36678.9023 67312.7188
  endloop
 endfacet
facet normal -0.0425185598 0.167392954 -0.984972954
  outer loop
   vertex 86119.6875 36984.7852 67446.3203
   vertex 86094.7422 37243.6445 67491.3906
   vertex 86152.1797 37118.8242 67467.6953
  endloop
 endfacet
facet normal 0.84117794 0.170404971 -0.513207436
  outer loop
   vertex 86119.6875 36984.7852 67446.3203
   vertex 86054.8906 37130.9883 67388.6641
   vertex 86094.7422 37243.6445 67491.3906
  endloop
 endfacet
facet normal 0.572622776 0.355569899 -0.738696933
  outer loop
   vertex 85887.4766 37539.4727 67447.2969
   vertex 85947.5312 37241.6602 67350.4922
   vertex 85787.6484 37375.1094 67290.7969
  endloop
 endfacet
facet normal 0.390211076 0.240269378 -0.888822794
  outer loop
   vertex 85616.7188 37622.4922 67282.625
   vertex 85787.6484 37375.1094 67290.7969
   vertex 85644.6328 37346.8203 67220.3594
  endloop
 endfacet
facet normal 0.635284364 0.385478169 -0.669193804
  outer loop
   vertex 86054.8906 37130.9883 67388.6641
   vertex 85947.5312 37241.6602 67350.4922
   vertex 86094.7422 37243.6445 67491.3906
  endloop
 endfacet
facet normal 0.466003984 0.151408449 -0.87173146
  outer loop
   vertex 86054.8906 37130.9883 67388.6641
   vertex 85983.2031 37030.4023 67332.875
   vertex 85947.5312 37241.6602 67350.4922
  endloop
 endfacet
facet normal 0.405496359 0.143775865 -0.902718782
  outer loop
   vertex 85983.2031 37030.4023 67332.875
   vertex 85789.9297 37096.707 67256.6172
   vertex 85947.5312 37241.6602 67350.4922
  endloop
 endfacet
facet normal 0.491403818 0.125218913 -0.861883104
  outer loop
   vertex 85493.1719 37461.1289 67188.7422
   vertex 85476.6562 37601.2773 67199.6797
   vertex 85616.7188 37622.4922 67282.625
  endloop
 endfacet
facet normal 0.420708656 0.113938399 -0.900012374
  outer loop
   vertex 85789.9297 37096.707 67256.6172
   vertex 85644.6328 37346.8203 67220.3594
   vertex 85787.6484 37375.1094 67290.7969
  endloop
 endfacet
facet normal 0.562908888 0.364451051 -0.741828144
  outer loop
   vertex 85616.7188 37622.4922 67282.625
   vertex 85887.4766 37539.4727 67447.2969
   vertex 85787.6484 37375.1094 67290.7969
  endloop
 endfacet
facet normal 0.411237866 0.508283556 -0.756657958
  outer loop
   vertex 85502.2578 37900.5117 67377.9219
   vertex 85637.375 37988.3359 67510.3516
   vertex 85685.4453 37796.332 67407.5
  endloop
 endfacet
facet normal 0.668322921 0.372246385 -0.644031882
  outer loop
   vertex 86056.6406 37479.8672 67588.3906
   vertex 86094.7422 37243.6445 67491.3906
   vertex 85887.4766 37539.4727 67447.2969
  endloop
 endfacet
facet normal 0.645042062 0.350737482 -0.67889905
  outer loop
   vertex 85947.5312 37241.6602 67350.4922
   vertex 85887.4766 37539.4727 67447.2969
   vertex 86094.7422 37243.6445 67491.3906
  endloop
 endfacet
facet normal 0.380451113 0.543240011 -0.748429835
  outer loop
   vertex 85637.375 37988.3359 67510.3516
   vertex 85502.2578 37900.5117 67377.9219
   vertex 85502.9922 38186.6992 67586.0156
  endloop
 endfacet
facet normal 0.429320008 0.113515019 -0.895990312
  outer loop
   vertex 85947.5312 37241.6602 67350.4922
   vertex 85789.9297 37096.707 67256.6172
   vertex 85787.6484 37375.1094 67290.7969
  endloop
 endfacet
facet normal 0.146728575 0.537485778 -0.830409348
  outer loop
   vertex 85407.5312 37718.7852 67243.5625
   vertex 85211.0156 37899.9336 67326.0859
   vertex 85502.2578 37900.5117 67377.9219
  endloop
 endfacet
facet normal 0.154210344 0.465246648 -0.871644855
  outer loop
   vertex 85319.8359 38074.2539 67438.3828
   vertex 85502.2578 37900.5117 67377.9219
   vertex 85211.0156 37899.9336 67326.0859
  endloop
 endfacet
facet normal -0.0426639877 0.308187068 -0.950368643
  outer loop
   vertex 85616.7188 37622.4922 67282.625
   vertex 85502.2578 37900.5117 67377.9219
   vertex 85611.1406 37788.3359 67336.6562
  endloop
 endfacet
facet normal 0.35316661 0.430169314 -0.83079946
  outer loop
   vertex 85407.5312 37718.7852 67243.5625
   vertex 85502.2578 37900.5117 67377.9219
   vertex 85616.7188 37622.4922 67282.625
  endloop
 endfacet
facet normal 0.379311681 0.51110661 -0.771292865
  outer loop
   vertex 85407.5312 37718.7852 67243.5625
   vertex 85616.7188 37622.4922 67282.625
   vertex 85476.6562 37601.2773 67199.6797
  endloop
 endfacet
facet normal 0.576745093 0.601565003 -0.552706659
  outer loop
   vertex 85653.1016 38100.8828 67649.2578
   vertex 85637.375 37988.3359 67510.3516
   vertex 85502.9922 38186.6992 67586.0156
  endloop
 endfacet
facet normal 0.553943455 0.455353498 -0.69699347
  outer loop
   vertex 85567.625 38271.4648 67692.7656
   vertex 85653.1016 38100.8828 67649.2578
   vertex 85502.9922 38186.6992 67586.0156
  endloop
 endfacet
facet normal 0.279828101 0.564138353 -0.776816726
  outer loop
   vertex 85502.2578 37900.5117 67377.9219
   vertex 85319.8359 38074.2539 67438.3828
   vertex 85502.9922 38186.6992 67586.0156
  endloop
 endfacet
facet normal 0.00569566526 0.792101622 -0.610362709
  outer loop
   vertex 85317.3125 38177.7109 67572.625
   vertex 85502.9922 38186.6992 67586.0156
   vertex 85319.8359 38074.2539 67438.3828
  endloop
 endfacet
facet normal 0.0145415207 0.725373745 -0.688201606
  outer loop
   vertex 85317.3125 38177.7109 67572.625
   vertex 85445.0312 38311.6406 67716.4844
   vertex 85502.9922 38186.6992 67586.0156
  endloop
 endfacet
facet normal 0.74496752 0.223493665 -0.628549099
  outer loop
   vertex 85567.625 38271.4648 67692.7656
   vertex 85502.9922 38186.6992 67586.0156
   vertex 85536.6484 38308.3828 67669.1797
  endloop
 endfacet
facet normal 0.805692971 0.567373872 -0.17013447
  outer loop
   vertex 85567.625 38271.4648 67692.7656
   vertex 85536.6484 38308.3828 67669.1797
   vertex 85535.2422 38326.1016 67721.6172
  endloop
 endfacet
facet normal 0.227316797 0.924400687 -0.306284875
  outer loop
   vertex 85510.5781 38316.5703 67674.5391
   vertex 85535.2422 38326.1016 67721.6172
   vertex 85536.6484 38308.3828 67669.1797
  endloop
 endfacet
facet normal 0.473316014 0.669855058 -0.572071791
  outer loop
   vertex 85611.1406 37788.3359 67336.6562
   vertex 85502.2578 37900.5117 67377.9219
   vertex 85685.4453 37796.332 67407.5
  endloop
 endfacet
facet normal 0.562139988 0.324281156 -0.76081562
  outer loop
   vertex 85887.4766 37539.4727 67447.2969
   vertex 85616.7188 37622.4922 67282.625
   vertex 85685.4453 37796.332 67407.5
  endloop
 endfacet
facet normal 0.652846217 0.254422814 -0.713485003
  outer loop
   vertex 85611.1406 37788.3359 67336.6562
   vertex 85685.4453 37796.332 67407.5
   vertex 85616.7188 37622.4922 67282.625
  endloop
 endfacet
facet normal 0.662732542 0.475726724 -0.578333497
  outer loop
   vertex 85637.375 37988.3359 67510.3516
   vertex 85790.3047 37849.7656 67571.6172
   vertex 85685.4453 37796.332 67407.5
  endloop
 endfacet
facet normal 0.811030984 0.523720086 -0.260664612
  outer loop
   vertex 85653.1016 38100.8828 67649.2578
   vertex 85791.2969 37939.4414 67754.8906
   vertex 85790.3047 37849.7656 67571.6172
  endloop
 endfacet
facet normal 0.681696117 0.52879703 -0.505632341
  outer loop
   vertex 85637.375 37988.3359 67510.3516
   vertex 85653.1016 38100.8828 67649.2578
   vertex 85790.3047 37849.7656 67571.6172
  endloop
 endfacet
facet normal 0.68129611 0.445937991 -0.580495358
  outer loop
   vertex 85685.4453 37796.332 67407.5
   vertex 85790.3047 37849.7656 67571.6172
   vertex 85887.4766 37539.4727 67447.2969
  endloop
 endfacet
facet normal 0.868438363 0.442167401 -0.224282935
  outer loop
   vertex 86094.7422 37243.6445 67491.3906
   vertex 86169.2969 37103.8594 67504.4688
   vertex 86152.1797 37118.8242 67467.6953
  endloop
 endfacet
facet normal 0.82629627 0.562691092 -0.0247622468
  outer loop
   vertex 86111.4609 37414.1133 67688.5078
   vertex 86059.9297 37495.6562 67821.8828
   vertex 86127.1484 37395.0312 67778.2344
  endloop
 endfacet
facet normal 0.949097514 0.132122114 0.285932958
  outer loop
   vertex 86059.9297 37495.6562 67821.8828
   vertex 86111.4609 37414.1133 67688.5078
   vertex 86081.5 37525.2539 67736.6016
  endloop
 endfacet
facet normal 0.901696682 0.118649013 -0.415770978
  outer loop
   vertex 86056.6406 37479.8672 67588.3906
   vertex 86081.2188 37520.0273 67653.1484
   vertex 86111.4609 37414.1133 67688.5078
  endloop
 endfacet
facet normal 0.90780127 0.276064008 -0.315730184
  outer loop
   vertex 86094.7422 37243.6445 67491.3906
   vertex 86056.6406 37479.8672 67588.3906
   vertex 86111.4609 37414.1133 67688.5078
  endloop
 endfacet
facet normal 0.635654867 0.760261774 -0.133958891
  outer loop
   vertex 85917.0391 37719.6055 67847.8359
   vertex 86013.8438 37629.2461 67794.3516
   vertex 85997.7812 37624.457 67690.9375
  endloop
 endfacet
facet normal 0.739705682 0.39347434 0.545906067
  outer loop
   vertex 86111.4609 37414.1133 67688.5078
   vertex 86081.2188 37520.0273 67653.1484
   vertex 85997.7812 37624.457 67690.9375
  endloop
 endfacet
facet normal 0.76382786 0.418494672 -0.491354495
  outer loop
   vertex 86081.5 37525.2539 67736.6016
   vertex 86111.4609 37414.1133 67688.5078
   vertex 85997.7812 37624.457 67690.9375
  endloop
 endfacet
facet normal 0.974020302 0.209273383 -0.0865393952
  outer loop
   vertex 86169.2969 37103.8594 67504.4688
   vertex 86178.7969 37111.4297 67629.7578
   vertex 86189.2031 37023.9883 67535.4062
  endloop
 endfacet
facet normal -0.490471959 0.5102005 -0.706493258
  outer loop
   vertex 85502.9922 38186.6992 67586.0156
   vertex 85445.0312 38311.6406 67716.4844
   vertex 85510.5781 38316.5703 67674.5391
  endloop
 endfacet
facet normal 0.00692103244 0.562922835 -0.826480508
  outer loop
   vertex 85536.6484 38308.3828 67669.1797
   vertex 85502.9922 38186.6992 67586.0156
   vertex 85510.5781 38316.5703 67674.5391
  endloop
 endfacet
facet normal 0.996688306 0.0626251251 0.0518698804
  outer loop
   vertex 86178.7969 37111.4297 67629.7578
   vertex 86196.0391 36868.0273 67592.3672
   vertex 86189.2031 37023.9883 67535.4062
  endloop
 endfacet
facet normal 0.996577442 0.0756913573 -0.0332304798
  outer loop
   vertex 86178.7969 37111.4297 67629.7578
   vertex 86205.6406 36835.3672 67805.9453
   vertex 86196.0391 36868.0273 67592.3672
  endloop
 endfacet
facet normal 0.795489013 -0.036005199 -0.60489738
  outer loop
   vertex 86169.2969 37103.8594 67504.4688
   vertex 86189.2031 37023.9883 67535.4062
   vertex 86119.6875 36984.7852 67446.3203
  endloop
 endfacet
facet normal 0.875193894 -0.138209045 -0.463609606
  outer loop
   vertex 86169.2969 37103.8594 67504.4688
   vertex 86119.6875 36984.7852 67446.3203
   vertex 86152.1797 37118.8242 67467.6953
  endloop
 endfacet
facet normal 0.91538775 0.262833714 -0.304932237
  outer loop
   vertex 86094.7422 37243.6445 67491.3906
   vertex 86111.4609 37414.1133 67688.5078
   vertex 86178.7969 37111.4297 67629.7578
  endloop
 endfacet
facet normal 0.882040083 0.461538315 -0.094803378
  outer loop
   vertex 86094.7422 37243.6445 67491.3906
   vertex 86178.7969 37111.4297 67629.7578
   vertex 86169.2969 37103.8594 67504.4688
  endloop
 endfacet
facet normal 0.517744124 0.625086188 -0.584130406
  outer loop
   vertex 85997.7812 37624.457 67690.9375
   vertex 86081.2188 37520.0273 67653.1484
   vertex 86056.6406 37479.8672 67588.3906
  endloop
 endfacet
facet normal 0.985387266 0.0104564708 -0.17000781
  outer loop
   vertex 86127.1484 37395.0312 67778.2344
   vertex 86133.8984 37240.7188 67807.8906
   vertex 86111.4609 37414.1133 67688.5078
  endloop
 endfacet
facet normal 0.975007176 0.196951658 0.102815613
  outer loop
   vertex 86178.7969 37111.4297 67629.7578
   vertex 86111.4609 37414.1133 67688.5078
   vertex 86133.8984 37240.7188 67807.8906
  endloop
 endfacet
facet normal 0.754376948 0.433681965 -0.492783278
  outer loop
   vertex 85887.4766 37539.4727 67447.2969
   vertex 85790.3047 37849.7656 67571.6172
   vertex 85997.7812 37624.457 67690.9375
  endloop
 endfacet
facet normal 0.624923229 0.604662836 -0.493815541
  outer loop
   vertex 86056.6406 37479.8672 67588.3906
   vertex 85887.4766 37539.4727 67447.2969
   vertex 85997.7812 37624.457 67690.9375
  endloop
 endfacet
facet normal 0.60542196 0.691955805 0.393270105
  outer loop
   vertex 85997.7812 37624.457 67690.9375
   vertex 86059.9297 37495.6562 67821.8828
   vertex 86081.5 37525.2539 67736.6016
  endloop
 endfacet
facet normal 0.942853212 0.292274594 -0.160010472
  outer loop
   vertex 85997.7812 37624.457 67690.9375
   vertex 86013.8438 37629.2461 67794.3516
   vertex 86059.9297 37495.6562 67821.8828
  endloop
 endfacet
facet normal -0.231305599 0.439305067 -0.868048847
  outer loop
   vertex 86737.3203 33770.6641 66248.2969
   vertex 86741.5859 33957.5742 66341.75
   vertex 86935.7266 33792.3984 66206.4297
  endloop
 endfacet
facet normal -0.595200062 0.275129199 -0.755010486
  outer loop
   vertex 87163.6875 33506.375 65952.9609
   vertex 87218.7734 33445.0156 65887.1797
   vertex 87143.6172 33395.6484 65928.4375
  endloop
 endfacet
facet normal -0.64939326 -0.227606863 -0.725591838
  outer loop
   vertex 87372.0703 33013.2148 65786.0938
   vertex 87174.9219 33060.9023 65947.5859
   vertex 87219.0938 33188.2266 65868.1172
  endloop
 endfacet
facet normal -0.524003446 0.615656555 -0.588546813
  outer loop
   vertex 87587.75 33722.9219 66025.7578
   vertex 87538.2031 33800 66150.4922
   vertex 87601.2188 33777.5078 66070.8594
  endloop
 endfacet
facet normal -0.722042859 -0.187177151 -0.666047215
  outer loop
   vertex 87143.6172 33395.6484 65928.4375
   vertex 86945.5234 33556.6914 66097.9297
   vertex 87074.7969 33490.8477 65976.2969
  endloop
 endfacet
facet normal -0.295539647 0.672751904 -0.678278089
  outer loop
   vertex 87074.7969 33490.8477 65976.2969
   vertex 86945.5234 33556.6914 66097.9297
   vertex 87163.6875 33506.375 65952.9609
  endloop
 endfacet
facet normal -0.287042439 0.256481469 -0.922943056
  outer loop
   vertex 87074.7969 33490.8477 65976.2969
   vertex 87163.6875 33506.375 65952.9609
   vertex 87143.6172 33395.6484 65928.4375
  endloop
 endfacet
facet normal -0.149866283 0.813370347 -0.56211096
  outer loop
   vertex 87538.2031 33800 66150.4922
   vertex 87587.75 33722.9219 66025.7578
   vertex 87265.7344 33702.4688 66082.0156
  endloop
 endfacet
facet normal 0.0528668351 0.624395847 -0.779316962
  outer loop
   vertex 87551.4297 33580.8242 65909.4375
   vertex 87587.75 33722.9219 66025.7578
   vertex 87793.6484 33620.3242 65957.5234
  endloop
 endfacet
facet normal -0.0551740825 0.4504022 -0.891119361
  outer loop
   vertex 88296.9375 32982.6914 65414.9453
   vertex 87965.6797 33019.4219 65454.0195
   vertex 87974.8594 33221.4648 65555.5703
  endloop
 endfacet
facet normal 0.0207947362 0.718587816 -0.695125282
  outer loop
   vertex 87551.4297 33580.8242 65909.4375
   vertex 87793.6484 33620.3242 65957.5234
   vertex 87744.1562 33379.457 65707.0391
  endloop
 endfacet
facet normal -0.170669615 0.649874628 -0.740631402
  outer loop
   vertex 87265.7344 33702.4688 66082.0156
   vertex 87587.75 33722.9219 66025.7578
   vertex 87551.4297 33580.8242 65909.4375
  endloop
 endfacet
facet normal -0.629186034 -0.0029005995 -0.777249336
  outer loop
   vertex 86928.9531 33259.3984 66102.7188
   vertex 87143.6172 33395.6484 65928.4375
   vertex 87219.0938 33188.2266 65868.1172
  endloop
 endfacet
facet normal -0.103524245 0.682642579 -0.723382235
  outer loop
   vertex 87218.7734 33445.0156 65887.1797
   vertex 87163.6875 33506.375 65952.9609
   vertex 87377.9531 33412.6445 65833.8516
  endloop
 endfacet
facet normal -0.323452055 0.592053473 -0.738140583
  outer loop
   vertex 87744.1562 33379.457 65707.0391
   vertex 87804.6172 33214.3945 65548.1562
   vertex 87615.0859 33236.7031 65649.1016
  endloop
 endfacet
facet normal -0.699418724 0.345862269 -0.625454009
  outer loop
   vertex 87827.0781 33273.4844 65555.7188
   vertex 87804.6172 33214.3945 65548.1562
   vertex 87744.1562 33379.457 65707.0391
  endloop
 endfacet
facet normal -0.170323282 0.602022588 -0.780101776
  outer loop
   vertex 87163.6875 33506.375 65952.9609
   vertex 87265.7344 33702.4688 66082.0156
   vertex 87377.9531 33412.6445 65833.8516
  endloop
 endfacet
facet normal -0.224067524 0.582360744 -0.781440794
  outer loop
   vertex 87551.4297 33580.8242 65909.4375
   vertex 87377.9531 33412.6445 65833.8516
   vertex 87265.7344 33702.4688 66082.0156
  endloop
 endfacet
facet normal -0.219377115 0.579179525 -0.785127223
  outer loop
   vertex 87551.4297 33580.8242 65909.4375
   vertex 87744.1562 33379.457 65707.0391
   vertex 87377.9531 33412.6445 65833.8516
  endloop
 endfacet
facet normal -0.638974905 0.0232322551 -0.768876672
  outer loop
   vertex 87143.6172 33395.6484 65928.4375
   vertex 86928.9531 33259.3984 66102.7188
   vertex 86945.5234 33556.6914 66097.9297
  endloop
 endfacet
facet normal -0.371450633 0.361052901 -0.855374336
  outer loop
   vertex 87143.6172 33395.6484 65928.4375
   vertex 87377.9531 33412.6445 65833.8516
   vertex 87292.2188 33283.3516 65816.5
  endloop
 endfacet
facet normal -0.350467294 -0.226055741 -0.908884764
  outer loop
   vertex 87143.6172 33395.6484 65928.4375
   vertex 87218.7734 33445.0156 65887.1797
   vertex 87377.9531 33412.6445 65833.8516
  endloop
 endfacet
facet normal -0.231755376 0.538392603 -0.810199261
  outer loop
   vertex 87744.1562 33379.457 65707.0391
   vertex 87615.0859 33236.7031 65649.1016
   vertex 87377.9531 33412.6445 65833.8516
  endloop
 endfacet
facet normal -0.923007846 0.324315757 0.207064644
  outer loop
   vertex 87827.0781 33273.4844 65555.7188
   vertex 87813.75 33255.5938 65524.3281
   vertex 87804.6172 33214.3945 65548.1562
  endloop
 endfacet
facet normal -0.592550218 0.0185917001 -0.805318952
  outer loop
   vertex 87292.2188 33283.3516 65816.5
   vertex 87219.0938 33188.2266 65868.1172
   vertex 87143.6172 33395.6484 65928.4375
  endloop
 endfacet
facet normal 0.0154248057 -0.50318563 -0.864040673
  outer loop
   vertex 87804.6172 33214.3945 65548.1562
   vertex 87813.75 33255.5938 65524.3281
   vertex 87844.7344 33250.375 65527.918
  endloop
 endfacet
facet normal -0.636253953 -0.435914397 -0.636521459
  outer loop
   vertex 87392.9141 32877.4219 65858.2656
   vertex 87372.0703 33013.2148 65786.0938
   vertex 87667.6562 32834.5469 65613
  endloop
 endfacet
facet normal -0.483502358 0.234032273 -0.843477547
  outer loop
   vertex 87377.9531 33412.6445 65833.8516
   vertex 87615.0859 33236.7031 65649.1016
   vertex 87473.3359 33124.1445 65699.125
  endloop
 endfacet
facet normal -0.439017117 0.216215268 -0.872075081
  outer loop
   vertex 87726.1719 33023.3594 65540.2812
   vertex 87615.0859 33236.7031 65649.1016
   vertex 87804.6172 33214.3945 65548.1562
  endloop
 endfacet
facet normal -0.300893933 0.32003662 -0.898353696
  outer loop
   vertex 87292.2188 33283.3516 65816.5
   vertex 87377.9531 33412.6445 65833.8516
   vertex 87473.3359 33124.1445 65699.125
  endloop
 endfacet
facet normal -0.463077605 0.199366167 -0.863604248
  outer loop
   vertex 87615.0859 33236.7031 65649.1016
   vertex 87726.1719 33023.3594 65540.2812
   vertex 87473.3359 33124.1445 65699.125
  endloop
 endfacet
facet normal -0.476906985 0.164414123 -0.8634395
  outer loop
   vertex 87726.1719 33023.3594 65540.2812
   vertex 87607.6328 32993.0859 65599.9922
   vertex 87473.3359 33124.1445 65699.125
  endloop
 endfacet
facet normal -0.57005477 -0.117194265 -0.813205421
  outer loop
   vertex 87219.0938 33188.2266 65868.1172
   vertex 87473.3359 33124.1445 65699.125
   vertex 87372.0703 33013.2148 65786.0938
  endloop
 endfacet
facet normal -0.557251811 -0.0219650157 -0.830052972
  outer loop
   vertex 87219.0938 33188.2266 65868.1172
   vertex 87292.2188 33283.3516 65816.5
   vertex 87473.3359 33124.1445 65699.125
  endloop
 endfacet
facet normal -0.230583727 -0.697743058 0.678222477
  outer loop
   vertex 87499.9141 32935.2031 66554.9609
   vertex 87413.7109 33081.2812 66675.9375
   vertex 87203.1641 33071.8594 66594.6562
  endloop
 endfacet
facet normal -0.422379583 -0.608245671 -0.672036231
  outer loop
   vertex 86940.8984 33121.0273 66197.8672
   vertex 86848.6562 33162.3867 66218.4141
   vertex 86848.0625 33193.3477 66190.7578
  endloop
 endfacet
facet normal -0.760438442 -0.411269963 -0.502583742
  outer loop
   vertex 86928.9531 33259.3984 66102.7188
   vertex 87040.9844 33093.8906 66068.6484
   vertex 86940.8984 33121.0273 66197.8672
  endloop
 endfacet
facet normal -0.369419485 -0.547975004 -0.750501633
  outer loop
   vertex 86928.9531 33259.3984 66102.7188
   vertex 86940.8984 33121.0273 66197.8672
   vertex 86848.0625 33193.3477 66190.7578
  endloop
 endfacet
facet normal -0.677226543 -0.322237968 -0.661458135
  outer loop
   vertex 86928.9531 33259.3984 66102.7188
   vertex 87174.9219 33060.9023 65947.5859
   vertex 87040.9844 33093.8906 66068.6484
  endloop
 endfacet
facet normal -0.645391881 -0.23062548 -0.728204072
  outer loop
   vertex 86928.9531 33259.3984 66102.7188
   vertex 87219.0938 33188.2266 65868.1172
   vertex 87174.9219 33060.9023 65947.5859
  endloop
 endfacet
facet normal -0.667400956 -0.638813794 -0.382743895
  outer loop
   vertex 87172.7031 32970.6055 66044.7344
   vertex 86940.8984 33121.0273 66197.8672
   vertex 87040.9844 33093.8906 66068.6484
  endloop
 endfacet
facet normal -0.271517247 -0.760831952 0.589417636
  outer loop
   vertex 87458.2578 32844.6289 66418.8594
   vertex 87499.9141 32935.2031 66554.9609
   vertex 87203.1641 33071.8594 66594.6562
  endloop
 endfacet
facet normal 0.277844876 0.796578109 -0.53690362
  outer loop
   vertex 88053.9453 33392.75 65754.5781
   vertex 87793.6484 33620.3242 65957.5234
   vertex 88146.8203 33503.5664 65967.0547
  endloop
 endfacet
facet normal 0.702596962 0.658146739 0.270555705
  outer loop
   vertex 88389.8438 33361.7148 65924.9219
   vertex 88265.7891 33445.6172 66042.9688
   vertex 88324.8672 33342.0586 66141.4766
  endloop
 endfacet
facet normal 0.654991806 0.709165454 0.260902464
  outer loop
   vertex 88571.3672 33162.0273 66011.9844
   vertex 88389.8438 33361.7148 65924.9219
   vertex 88324.8672 33342.0586 66141.4766
  endloop
 endfacet
facet normal 0.55228889 0.605996132 0.572490752
  outer loop
   vertex 88735.4453 32997.4414 66020.1328
   vertex 88523.6094 33039.4688 66180.0078
   vertex 88716.1172 32935.8984 66103.9297
  endloop
 endfacet
facet normal 0.20265922 0.287477165 0.936101556
  outer loop
   vertex 88131.6719 32714.5312 66410.3906
   vertex 88197.9844 32761.7031 66381.5469
   vertex 88043.8438 32732.5605 66423.8672
  endloop
 endfacet
facet normal -0.00618415186 -0.852463603 0.52275002
  outer loop
   vertex 87940.5312 32384.4629 66030.4531
   vertex 87916.1875 32371.3906 66008.8438
   vertex 87971.2969 32364.3945 65998.0938
  endloop
 endfacet
facet normal 0.307323605 0.0545396544 0.950040877
  outer loop
   vertex 88523.6094 33039.4688 66180.0078
   vertex 88680.8359 32762.0625 66145.0703
   vertex 88705.2031 32887.2227 66130.0078
  endloop
 endfacet
facet normal 0.899896801 0.436055481 0.00643561361
  outer loop
   vertex 89042.1562 32889.2422 65550.6953
   vertex 89049.75 32871.6602 65680.9609
   vertex 89070.8438 32832.0586 65413.7031
  endloop
 endfacet
facet normal 0.807992935 -0.183852568 0.559772849
  outer loop
   vertex 89404.2188 32657.873 65604.5078
   vertex 89345.25 32690.2676 65700.2656
   vertex 89311.7031 32670.4492 65742.1719
  endloop
 endfacet
facet normal 0.372629285 0.921771884 -0.107163727
  outer loop
   vertex 89248.7188 32772.3906 65518.9336
   vertex 89070.8438 32832.0586 65413.7031
   vertex 89049.75 32871.6602 65680.9609
  endloop
 endfacet
facet normal 0.157719031 0.650372207 -0.743061721
  outer loop
   vertex 87974.8594 33221.4648 65555.5703
   vertex 88313.9375 33188.0703 65598.3125
   vertex 88296.9375 32982.6914 65414.9453
  endloop
 endfacet
facet normal -0.0793598145 0.769111872 -0.634167969
  outer loop
   vertex 89161.1641 32623.7539 65022.6094
   vertex 89073.6562 32524.0801 64912.6758
   vertex 88850.25 32640.3184 65081.6055
  endloop
 endfacet
facet normal -0.331139237 0.17419672 -0.927363098
  outer loop
   vertex 87726.1719 33023.3594 65540.2812
   vertex 87804.6172 33214.3945 65548.1562
   vertex 87965.6797 33019.4219 65454.0195
  endloop
 endfacet
facet normal 0.0257695224 0.628865302 -0.777087092
  outer loop
   vertex 88704.7578 32873.2031 65339.8633
   vertex 88508.9609 32751.8438 65235.1602
   vertex 88296.9375 32982.6914 65414.9453
  endloop
 endfacet
facet normal 0.0578714795 0.702185333 -0.709638357
  outer loop
   vertex 88704.7578 32873.2031 65339.8633
   vertex 88296.9375 32982.6914 65414.9453
   vertex 88504.7422 33038.0625 65486.6836
  endloop
 endfacet
facet normal 0.371927828 0.906983256 -0.197613403
  outer loop
   vertex 89347.625 32659.748 65143.7656
   vertex 89070.8438 32832.0586 65413.7031
   vertex 89414.9062 32683.6094 65379.918
  endloop
 endfacet
facet normal 0.382368118 0.915191114 -0.127357006
  outer loop
   vertex 89248.7188 32772.3906 65518.9336
   vertex 89414.9062 32683.6094 65379.918
   vertex 89070.8438 32832.0586 65413.7031
  endloop
 endfacet
facet normal 0.323487788 0.927788436 -0.185914636
  outer loop
   vertex 89347.625 32659.748 65143.7656
   vertex 89414.9062 32683.6094 65379.918
   vertex 89578.3438 32582.959 65162.0156
  endloop
 endfacet
facet normal 0.330080539 0.937072217 -0.11376527
  outer loop
   vertex 89404.2188 32657.873 65604.5078
   vertex 89266.375 32721.8496 65731.5391
   vertex 89345.25 32690.2676 65700.2656
  endloop
 endfacet
facet normal 0.0892624334 0.919266939 -0.383380353
  outer loop
   vertex 89150.2812 32726.9668 65180.2109
   vertex 88991.4688 32747.8477 65193.3008
   vertex 89070.8438 32832.0586 65413.7031
  endloop
 endfacet
facet normal 0.402693242 0.9118976 -0.0792521015
  outer loop
   vertex 88861.1719 33006.0547 65740.375
   vertex 88704.9297 33066.5781 65642.8906
   vertex 88758.2656 33060.8789 65848.3125
  endloop
 endfacet
facet normal 0.36681506 0.876637459 -0.311373562
  outer loop
   vertex 88975.5312 32926.8359 65568.25
   vertex 89070.8438 32832.0586 65413.7031
   vertex 88704.9297 33066.5781 65642.8906
  endloop
 endfacet
facet normal 0.416669428 0.866627693 -0.27448687
  outer loop
   vertex 89042.1562 32889.2422 65550.6953
   vertex 89070.8438 32832.0586 65413.7031
   vertex 88975.5312 32926.8359 65568.25
  endloop
 endfacet
facet normal 0.29906565 0.850855052 -0.431978464
  outer loop
   vertex 87744.1562 33379.457 65707.0391
   vertex 87974.8594 33221.4648 65555.5703
   vertex 87827.0781 33273.4844 65555.7188
  endloop
 endfacet
facet normal 0.565777004 0.754426301 0.332772195
  outer loop
   vertex 88899.0703 32981.9922 65787.7578
   vertex 88758.2656 33060.8789 65848.3125
   vertex 88891.0156 32951.7461 65870.0234
  endloop
 endfacet
facet normal 0.571333528 0.819704354 -0.0407772213
  outer loop
   vertex 88861.1719 33006.0547 65740.375
   vertex 88899.0703 32981.9922 65787.7578
   vertex 89049.75 32871.6602 65680.9609
  endloop
 endfacet
facet normal 0.694313347 0.650788546 0.307251036
  outer loop
   vertex 89049.75 32871.6602 65680.9609
   vertex 88899.0703 32981.9922 65787.7578
   vertex 88891.0156 32951.7461 65870.0234
  endloop
 endfacet
facet normal 0.55956763 0.750585377 0.351433724
  outer loop
   vertex 88735.4453 32997.4414 66020.1328
   vertex 88891.0156 32951.7461 65870.0234
   vertex 88758.2656 33060.8789 65848.3125
  endloop
 endfacet
facet normal 0.500911653 0.864646971 0.0383811593
  outer loop
   vertex 88899.0703 32981.9922 65787.7578
   vertex 88861.1719 33006.0547 65740.375
   vertex 88758.2656 33060.8789 65848.3125
  endloop
 endfacet
facet normal 0.49538368 0.820814312 -0.284356952
  outer loop
   vertex 88861.1719 33006.0547 65740.375
   vertex 89049.75 32871.6602 65680.9609
   vertex 88704.9297 33066.5781 65642.8906
  endloop
 endfacet
facet normal 0.479863971 0.87040484 0.110118188
  outer loop
   vertex 88975.5312 32926.8359 65568.25
   vertex 88704.9297 33066.5781 65642.8906
   vertex 89049.75 32871.6602 65680.9609
  endloop
 endfacet
facet normal 0.287174672 0.807400644 -0.515397847
  outer loop
   vertex 88704.7578 32873.2031 65339.8633
   vertex 88504.7422 33038.0625 65486.6836
   vertex 88704.9297 33066.5781 65642.8906
  endloop
 endfacet
facet normal 0.634202003 0.772835553 0.0226496588
  outer loop
   vertex 88516.1797 33261.707 65799.7969
   vertex 88389.8438 33361.7148 65924.9219
   vertex 88594.3672 33196.2109 65845.3984
  endloop
 endfacet
facet normal 0.156245545 0.717065275 -0.679267764
  outer loop
   vertex 87974.8594 33221.4648 65555.5703
   vertex 88053.9453 33392.75 65754.5781
   vertex 88313.9375 33188.0703 65598.3125
  endloop
 endfacet
facet normal 0.91451329 0.223006904 -0.337540209
  outer loop
   vertex 88354.4375 33354.8672 65799.8906
   vertex 88350.7109 33423.5391 65835.1484
   vertex 88359.5391 33414.1875 65852.8984
  endloop
 endfacet
facet normal 0.0767368227 0.711055517 -0.698935986
  outer loop
   vertex 87793.6484 33620.3242 65957.5234
   vertex 88053.9453 33392.75 65754.5781
   vertex 87744.1562 33379.457 65707.0391
  endloop
 endfacet
facet normal 0.0589866079 -0.538532734 -0.840537369
  outer loop
   vertex 87844.7344 33250.375 65527.918
   vertex 87974.8594 33221.4648 65555.5703
   vertex 87804.6172 33214.3945 65548.1562
  endloop
 endfacet
facet normal 0.0203223266 0.448255599 -0.893674374
  outer loop
   vertex 87965.6797 33019.4219 65454.0195
   vertex 87804.6172 33214.3945 65548.1562
   vertex 87974.8594 33221.4648 65555.5703
  endloop
 endfacet
facet normal 0.287551224 0.818322539 -0.497657061
  outer loop
   vertex 87844.7344 33250.375 65527.918
   vertex 87827.0781 33273.4844 65555.7188
   vertex 87974.8594 33221.4648 65555.5703
  endloop
 endfacet
facet normal -0.177374318 0.272883952 -0.945554197
  outer loop
   vertex 87793.6484 33620.3242 65957.5234
   vertex 87587.75 33722.9219 66025.7578
   vertex 87685.4141 33717.9766 66006.0078
  endloop
 endfacet
facet normal 0.199179024 0.826041162 -0.527241647
  outer loop
   vertex 89070.8438 32832.0586 65413.7031
   vertex 88704.7578 32873.2031 65339.8633
   vertex 88704.9297 33066.5781 65642.8906
  endloop
 endfacet
facet normal 0.514401376 0.767865539 0.381803215
  outer loop
   vertex 88389.8438 33361.7148 65924.9219
   vertex 88324.8594 33431.8203 65871.4844
   vertex 88146.8203 33503.5664 65967.0547
  endloop
 endfacet
facet normal 0.672983289 0.732651234 -0.101566263
  outer loop
   vertex 88594.3672 33196.2109 65845.3984
   vertex 88704.9297 33066.5781 65642.8906
   vertex 88516.1797 33261.707 65799.7969
  endloop
 endfacet
facet normal 0.0704550743 0.742025614 -0.666658878
  outer loop
   vertex 87974.8594 33221.4648 65555.5703
   vertex 87744.1562 33379.457 65707.0391
   vertex 88053.9453 33392.75 65754.5781
  endloop
 endfacet
facet normal 0.190678388 0.737143338 -0.648275793
  outer loop
   vertex 88313.9375 33188.0703 65598.3125
   vertex 88053.9453 33392.75 65754.5781
   vertex 88354.4375 33354.8672 65799.8906
  endloop
 endfacet
facet normal 0.946368396 0.166212335 -0.277056515
  outer loop
   vertex 88359.5391 33414.1875 65852.8984
   vertex 88389.8438 33361.7148 65924.9219
   vertex 88354.4375 33354.8672 65799.8906
  endloop
 endfacet
facet normal 0.490370721 0.85154587 -0.185489103
  outer loop
   vertex 88516.1797 33261.707 65799.7969
   vertex 88354.4375 33354.8672 65799.8906
   vertex 88389.8438 33361.7148 65924.9219
  endloop
 endfacet
facet normal 0.520857632 0.834367394 0.180383921
  outer loop
   vertex 88350.7109 33423.5391 65835.1484
   vertex 88324.8594 33431.8203 65871.4844
   vertex 88359.5391 33414.1875 65852.8984
  endloop
 endfacet
facet normal 0.560164392 0.763758183 0.320763528
  outer loop
   vertex 88389.8438 33361.7148 65924.9219
   vertex 88359.5391 33414.1875 65852.8984
   vertex 88324.8594 33431.8203 65871.4844
  endloop
 endfacet
facet normal 0.305691034 0.787298024 -0.535457611
  outer loop
   vertex 88704.9297 33066.5781 65642.8906
   vertex 88504.7422 33038.0625 65486.6836
   vertex 88313.9375 33188.0703 65598.3125
  endloop
 endfacet
facet normal 0.0819462761 0.659980774 -0.746799946
  outer loop
   vertex 88296.9375 32982.6914 65414.9453
   vertex 88313.9375 33188.0703 65598.3125
   vertex 88504.7422 33038.0625 65486.6836
  endloop
 endfacet
facet normal 0.293048799 0.706864119 -0.643790007
  outer loop
   vertex 88354.4375 33354.8672 65799.8906
   vertex 88704.9297 33066.5781 65642.8906
   vertex 88313.9375 33188.0703 65598.3125
  endloop
 endfacet
facet normal 0.450197935 0.782032847 -0.430983096
  outer loop
   vertex 88354.4375 33354.8672 65799.8906
   vertex 88516.1797 33261.707 65799.7969
   vertex 88704.9297 33066.5781 65642.8906
  endloop
 endfacet
facet normal 0.466639847 0.882571518 -0.0575741939
  outer loop
   vertex 88146.8203 33503.5664 65967.0547
   vertex 88169.3594 33502.4766 66133
   vertex 88265.7891 33445.6172 66042.9688
  endloop
 endfacet
facet normal 0.133005887 0.611629307 -0.779883981
  outer loop
   vertex 87587.75 33722.9219 66025.7578
   vertex 87601.2188 33777.5078 66070.8594
   vertex 87664.9766 33749.0078 66059.3828
  endloop
 endfacet
facet normal 0.2811234 0.808064222 -0.51768893
  outer loop
   vertex 87793.6484 33620.3242 65957.5234
   vertex 87930.2188 33643.6055 66068.0156
   vertex 88146.8203 33503.5664 65967.0547
  endloop
 endfacet
facet normal 0.488015294 0.86671555 -0.103175916
  outer loop
   vertex 88389.8438 33361.7148 65924.9219
   vertex 88146.8203 33503.5664 65967.0547
   vertex 88265.7891 33445.6172 66042.9688
  endloop
 endfacet
facet normal 0.665167272 0.708045185 0.237117052
  outer loop
   vertex 88594.3672 33196.2109 65845.3984
   vertex 88389.8438 33361.7148 65924.9219
   vertex 88571.3672 33162.0273 66011.9844
  endloop
 endfacet
facet normal 0.615709484 0.750831127 0.239069924
  outer loop
   vertex 88594.3672 33196.2109 65845.3984
   vertex 88571.3672 33162.0273 66011.9844
   vertex 88758.2656 33060.8789 65848.3125
  endloop
 endfacet
facet normal 0.65864116 0.673253298 0.33603847
  outer loop
   vertex 88758.2656 33060.8789 65848.3125
   vertex 88571.3672 33162.0273 66011.9844
   vertex 88735.4453 32997.4414 66020.1328
  endloop
 endfacet
facet normal 0.639636457 0.657393992 0.39836964
  outer loop
   vertex 88735.4453 32997.4414 66020.1328
   vertex 88571.3672 33162.0273 66011.9844
   vertex 88619.7891 33072.3086 66082.2891
  endloop
 endfacet
facet normal 0.552679837 0.830482244 -0.0696001574
  outer loop
   vertex 88169.3594 33502.4766 66133
   vertex 88146.8203 33503.5664 65967.0547
   vertex 87994.0469 33622.8008 66176.5781
  endloop
 endfacet
facet normal -0.0618319772 0.85240531 -0.519212842
  outer loop
   vertex 87587.75 33722.9219 66025.7578
   vertex 87664.9766 33749.0078 66059.3828
   vertex 87685.4141 33717.9766 66006.0078
  endloop
 endfacet
facet normal 0.59746027 0.771244347 -0.219598204
  outer loop
   vertex 87793.6484 33620.3242 65957.5234
   vertex 87685.4141 33717.9766 66006.0078
   vertex 87664.9766 33749.0078 66059.3828
  endloop
 endfacet
facet normal 0.493393302 0.786833942 -0.370749772
  outer loop
   vertex 87759.9062 33747.6953 66182.9219
   vertex 87793.6484 33620.3242 65957.5234
   vertex 87664.9766 33749.0078 66059.3828
  endloop
 endfacet
facet normal 0.220705166 0.862930119 -0.454577595
  outer loop
   vertex 87930.2188 33643.6055 66068.0156
   vertex 87793.6484 33620.3242 65957.5234
   vertex 87759.9062 33747.6953 66182.9219
  endloop
 endfacet
facet normal 0.612176001 0.769619048 0.181458011
  outer loop
   vertex 87835.0156 33721.0508 66378.6406
   vertex 87631.4453 33858.1016 66484.1406
   vertex 87715.0234 33765.1797 66596.2734
  endloop
 endfacet
facet normal 0.496084899 0.858927667 -0.127055213
  outer loop
   vertex 88146.8203 33503.5664 65967.0547
   vertex 87930.2188 33643.6055 66068.0156
   vertex 87994.0469 33622.8008 66176.5781
  endloop
 endfacet
facet normal 0.676818609 0.671992183 0.300571233
  outer loop
   vertex 88265.7891 33445.6172 66042.9688
   vertex 88169.3594 33502.4766 66133
   vertex 88324.8672 33342.0586 66141.4766
  endloop
 endfacet
facet normal 0.46579811 0.878581762 -0.105480619
  outer loop
   vertex 87759.9062 33747.6953 66182.9219
   vertex 87994.0469 33622.8008 66176.5781
   vertex 87930.2188 33643.6055 66068.0156
  endloop
 endfacet
facet normal 0.673174083 0.669203341 0.31464836
  outer loop
   vertex 88169.3594 33502.4766 66133
   vertex 88069.6328 33513.5977 66322.7031
   vertex 88324.8672 33342.0586 66141.4766
  endloop
 endfacet
facet normal 0.589558601 0.76294899 0.265196979
  outer loop
   vertex 88169.3594 33502.4766 66133
   vertex 87994.0469 33622.8008 66176.5781
   vertex 88069.6328 33513.5977 66322.7031
  endloop
 endfacet
facet normal 0.586567461 0.805362582 0.0856135264
  outer loop
   vertex 87835.0156 33721.0508 66378.6406
   vertex 87707.4062 33817.2734 66347.75
   vertex 87631.4453 33858.1016 66484.1406
  endloop
 endfacet
facet normal 0.468545586 0.881412029 -0.0598149411
  outer loop
   vertex 87994.0469 33622.8008 66176.5781
   vertex 87759.9062 33747.6953 66182.9219
   vertex 87835.0156 33721.0508 66378.6406
  endloop
 endfacet
facet normal 0.616912663 0.776035964 -0.131098926
  outer loop
   vertex 87707.4062 33817.2734 66347.75
   vertex 87835.0156 33721.0508 66378.6406
   vertex 87759.9062 33747.6953 66182.9219
  endloop
 endfacet
facet normal 0.67354387 0.690955758 0.262523919
  outer loop
   vertex 87835.0156 33721.0508 66378.6406
   vertex 87887.8516 33618.7891 66512.2266
   vertex 88069.6328 33513.5977 66322.7031
  endloop
 endfacet
facet normal 0.675353467 0.714092612 0.184308156
  outer loop
   vertex 87994.0469 33622.8008 66176.5781
   vertex 87835.0156 33721.0508 66378.6406
   vertex 88069.6328 33513.5977 66322.7031
  endloop
 endfacet
facet normal 0.375430733 -0.607451439 0.70003897
  outer loop
   vertex 87788.7656 32771.1758 66425.6406
   vertex 87877.75 32957.5156 66539.6094
   vertex 87774.1641 32889.6484 66536.2656
  endloop
 endfacet
facet normal -0.0691182241 -0.496295869 0.865397632
  outer loop
   vertex 88043.8438 32732.5605 66423.8672
   vertex 87877.75 32957.5156 66539.6094
   vertex 87788.7656 32771.1758 66425.6406
  endloop
 endfacet
facet normal 0.501074135 0.865114689 -0.022389628
  outer loop
   vertex 87532.2891 33898.3672 66660.0625
   vertex 87369.4453 33990.2148 66564.4766
   vertex 87331.7578 34018.5 66813.9453
  endloop
 endfacet
facet normal 0.693224013 0.677895367 0.244741291
  outer loop
   vertex 87715.0234 33765.1797 66596.2734
   vertex 87887.8516 33618.7891 66512.2266
   vertex 87835.0156 33721.0508 66378.6406
  endloop
 endfacet
facet normal 0.418182313 0.905242383 0.0752312765
  outer loop
   vertex 87538.2031 33800 66150.4922
   vertex 87664.9766 33749.0078 66059.3828
   vertex 87601.2188 33777.5078 66070.8594
  endloop
 endfacet
facet normal 0.342647582 0.935228288 -0.0891106352
  outer loop
   vertex 87631.4453 33858.1016 66484.1406
   vertex 87707.4062 33817.2734 66347.75
   vertex 87559.3203 33870.9648 66341.8203
  endloop
 endfacet
facet normal 0.337560475 0.900910914 -0.272786558
  outer loop
   vertex 87707.4062 33817.2734 66347.75
   vertex 87759.9062 33747.6953 66182.9219
   vertex 87559.3203 33870.9648 66341.8203
  endloop
 endfacet
facet normal 0.181171447 0.915380776 -0.359520495
  outer loop
   vertex 87538.2031 33800 66150.4922
   vertex 87298.7812 33918.7188 66332.1172
   vertex 87559.3203 33870.9648 66341.8203
  endloop
 endfacet
facet normal -0.0226058271 0.633464873 -0.773441195
  outer loop
   vertex 86784.1953 34114.5078 66469.0391
   vertex 87008.4453 33944.5703 66323.3047
   vertex 86741.5859 33957.5742 66341.75
  endloop
 endfacet
facet normal -0.11294663 0.638606846 -0.761199296
  outer loop
   vertex 87265.7344 33702.4688 66082.0156
   vertex 86935.7266 33792.3984 66206.4297
   vertex 87008.4453 33944.5703 66323.3047
  endloop
 endfacet
facet normal -0.0243949946 0.616242051 -0.787178934
  outer loop
   vertex 86935.7266 33792.3984 66206.4297
   vertex 86741.5859 33957.5742 66341.75
   vertex 87008.4453 33944.5703 66323.3047
  endloop
 endfacet
facet normal 0.0865763128 0.747916996 -0.658122122
  outer loop
   vertex 87265.7344 33702.4688 66082.0156
   vertex 87008.4453 33944.5703 66323.3047
   vertex 87298.7812 33918.7188 66332.1172
  endloop
 endfacet
facet normal -0.110403784 0.75899142 -0.641672075
  outer loop
   vertex 87538.2031 33800 66150.4922
   vertex 87265.7344 33702.4688 66082.0156
   vertex 87298.7812 33918.7188 66332.1172
  endloop
 endfacet
facet normal 0.0887910053 0.790609896 -0.605848312
  outer loop
   vertex 87008.4453 33944.5703 66323.3047
   vertex 87022.6406 34128.8008 66565.7891
   vertex 87298.7812 33918.7188 66332.1172
  endloop
 endfacet
facet normal 0.346817464 0.871195734 -0.347470313
  outer loop
   vertex 87369.4453 33990.2148 66564.4766
   vertex 87022.6406 34128.8008 66565.7891
   vertex 87142.0391 34156.8359 66755.2656
  endloop
 endfacet
facet normal 0.224814877 0.716911554 -0.659921288
  outer loop
   vertex 86784.1953 34114.5078 66469.0391
   vertex 86670.2422 34322.3867 66656.0469
   vertex 87022.6406 34128.8008 66565.7891
  endloop
 endfacet
facet normal 0.618913054 0.766060591 0.173487023
  outer loop
   vertex 87631.4453 33858.1016 66484.1406
   vertex 87532.2891 33898.3672 66660.0625
   vertex 87715.0234 33765.1797 66596.2734
  endloop
 endfacet
facet normal 0.44530654 0.801453114 -0.399217933
  outer loop
   vertex 86847.7891 34389.8945 66894.9141
   vertex 87142.0391 34156.8359 66755.2656
   vertex 87022.6406 34128.8008 66565.7891
  endloop
 endfacet
facet normal 0.679460526 0.725469112 -0.10967236
  outer loop
   vertex 86847.7891 34389.8945 66894.9141
   vertex 86755.8281 34517.6562 67170.3359
   vertex 86946.5312 34320.8438 67049.9297
  endloop
 endfacet
facet normal 0.483514577 0.871648908 0.0802610889
  outer loop
   vertex 86973.0859 34314.1602 66962.5391
   vertex 86847.7891 34389.8945 66894.9141
   vertex 86946.5312 34320.8438 67049.9297
  endloop
 endfacet
facet normal 0.463853359 0.883937895 0.0591090359
  outer loop
   vertex 87532.2891 33898.3672 66660.0625
   vertex 87631.4453 33858.1016 66484.1406
   vertex 87369.4453 33990.2148 66564.4766
  endloop
 endfacet
facet normal 0.715649962 0.646510124 0.264328957
  outer loop
   vertex 86946.5312 34320.8438 67049.9297
   vertex 87066.9219 34173.7109 67083.8438
   vertex 87086.0312 34212.3516 66937.6094
  endloop
 endfacet
facet normal 0.68006587 0.717264831 0.151794314
  outer loop
   vertex 86973.0859 34314.1602 66962.5391
   vertex 86946.5312 34320.8438 67049.9297
   vertex 87086.0312 34212.3516 66937.6094
  endloop
 endfacet
facet normal 0.706358016 0.645255089 0.291039914
  outer loop
   vertex 87331.7578 34018.5 66813.9453
   vertex 87213.5312 34071.7148 66982.8984
   vertex 87345.7891 33941.8867 66949.7422
  endloop
 endfacet
facet normal 0.498582751 0.66332835 -0.558041871
  outer loop
   vertex 86564.0547 34538.2617 66817.7812
   vertex 86847.7891 34389.8945 66894.9141
   vertex 86670.2422 34322.3867 66656.0469
  endloop
 endfacet
facet normal 0.645853341 0.692697048 -0.321005017
  outer loop
   vertex 86692.1016 34614.4922 67066.3359
   vertex 86847.7891 34389.8945 66894.9141
   vertex 86539.4141 34714.457 66974.8594
  endloop
 endfacet
facet normal 0.490099996 0.617246866 -0.615474045
  outer loop
   vertex 86564.0547 34538.2617 66817.7812
   vertex 86539.4141 34714.457 66974.8594
   vertex 86847.7891 34389.8945 66894.9141
  endloop
 endfacet
facet normal 0.632895648 0.249618262 0.732894123
  outer loop
   vertex 86879.4609 34293.3125 67226.3047
   vertex 86786.2656 34249.6953 67321.6484
   vertex 86956.2969 34095.7812 67227.2344
  endloop
 endfacet
facet normal 0.769876361 0.517464817 0.373524487
  outer loop
   vertex 86946.5312 34320.8438 67049.9297
   vertex 86755.8281 34517.6562 67170.3359
   vertex 86879.4609 34293.3125 67226.3047
  endloop
 endfacet
facet normal 0.724539697 0.513882995 0.459310859
  outer loop
   vertex 86755.8281 34517.6562 67170.3359
   vertex 86627.8438 34502.6445 67389.0234
   vertex 86879.4609 34293.3125 67226.3047
  endloop
 endfacet
facet normal 0.723374963 0.496754169 0.479545534
  outer loop
   vertex 86776.8281 34346.5938 67325.9297
   vertex 86879.4609 34293.3125 67226.3047
   vertex 86627.8438 34502.6445 67389.0234
  endloop
 endfacet
facet normal 0.680298746 0.639287174 0.358476728
  outer loop
   vertex 86946.5312 34320.8438 67049.9297
   vertex 86879.4609 34293.3125 67226.3047
   vertex 87066.9219 34173.7109 67083.8438
  endloop
 endfacet
facet normal -0.0675416887 -0.34032616 0.937878549
  outer loop
   vertex 86549.4922 33760.8086 67199.7734
   vertex 86743.3516 33749.043 67209.4688
   vertex 86757.875 33844.7539 67245.2422
  endloop
 endfacet
facet normal 0.695275426 0.427613378 0.57770139
  outer loop
   vertex 87213.5312 34071.7148 66982.8984
   vertex 87066.9219 34173.7109 67083.8438
   vertex 87171.7891 33988.5273 67094.7109
  endloop
 endfacet
facet normal 0.26424697 -0.288836122 0.920188725
  outer loop
   vertex 86784.8203 34045.9453 67300.6562
   vertex 86757.875 33844.7539 67245.2422
   vertex 87020.0859 33869.8281 67177.8125
  endloop
 endfacet
facet normal 0.41527608 -0.0961249098 0.904602528
  outer loop
   vertex 86786.2656 34249.6953 67321.6484
   vertex 86784.8203 34045.9453 67300.6562
   vertex 86956.2969 34095.7812 67227.2344
  endloop
 endfacet
facet normal 0.235350892 -0.2328154 0.943613768
  outer loop
   vertex 86632.9531 34230.4492 67384.0547
   vertex 86509.4375 34017.8672 67362.4141
   vertex 86784.8203 34045.9453 67300.6562
  endloop
 endfacet
facet normal 0.237396583 -0.287372202 0.927933216
  outer loop
   vertex 86757.875 33844.7539 67245.2422
   vertex 86784.8203 34045.9453 67300.6562
   vertex 86509.4375 34017.8672 67362.4141
  endloop
 endfacet
facet normal 0.385709435 -0.0972428843 0.917481363
  outer loop
   vertex 86632.9531 34230.4492 67384.0547
   vertex 86784.8203 34045.9453 67300.6562
   vertex 86786.2656 34249.6953 67321.6484
  endloop
 endfacet
facet normal 0.631732941 0.490181714 0.600529194
  outer loop
   vertex 87213.5312 34071.7148 66982.8984
   vertex 87171.7891 33988.5273 67094.7109
   vertex 87345.7891 33941.8867 66949.7422
  endloop
 endfacet
facet normal 0.642672122 0.432976842 0.632062972
  outer loop
   vertex 87395.3359 33804.0898 66993.7578
   vertex 87345.7891 33941.8867 66949.7422
   vertex 87171.7891 33988.5273 67094.7109
  endloop
 endfacet
facet normal -0.0781339407 -0.817260504 0.570946872
  outer loop
   vertex 86549.4922 33760.8086 67199.7734
   vertex 86911.8984 33679.1289 67132.4531
   vertex 86743.3516 33749.043 67209.4688
  endloop
 endfacet
facet normal 0.00478873914 -0.623274386 0.781988561
  outer loop
   vertex 86549.4922 33760.8086 67199.7734
   vertex 86841.0547 33481.6094 66975.4609
   vertex 86911.8984 33679.1289 67132.4531
  endloop
 endfacet
facet normal 0.255245 -0.210747391 0.943628907
  outer loop
   vertex 87354.5938 33724.582 67041.2109
   vertex 87249.7969 33807.2539 67088.0234
   vertex 87243.2422 33659.7305 67056.8516
  endloop
 endfacet
facet normal 0.525258362 0.208181664 0.825084269
  outer loop
   vertex 86879.4609 34293.3125 67226.3047
   vertex 86956.2969 34095.7812 67227.2344
   vertex 87031.2734 34138.4609 67168.7344
  endloop
 endfacet
facet normal 0.703062236 0.501975656 0.503710151
  outer loop
   vertex 86879.4609 34293.3125 67226.3047
   vertex 87031.2734 34138.4609 67168.7344
   vertex 87066.9219 34173.7109 67083.8438
  endloop
 endfacet
facet normal 0.674570024 0.693255126 0.253678113
  outer loop
   vertex 87331.7578 34018.5 66813.9453
   vertex 87086.0312 34212.3516 66937.6094
   vertex 87213.5312 34071.7148 66982.8984
  endloop
 endfacet
facet normal 0.741715491 0.449236572 0.498040825
  outer loop
   vertex 87066.9219 34173.7109 67083.8438
   vertex 87031.2734 34138.4609 67168.7344
   vertex 87171.7891 33988.5273 67094.7109
  endloop
 endfacet
facet normal 0.191762596 -0.328751773 0.924742877
  outer loop
   vertex 87020.0859 33869.8281 67177.8125
   vertex 86911.8984 33679.1289 67132.4531
   vertex 87243.2422 33659.7305 67056.8516
  endloop
 endfacet
facet normal 0.668318391 0.692980349 0.270423263
  outer loop
   vertex 87213.5312 34071.7148 66982.8984
   vertex 87086.0312 34212.3516 66937.6094
   vertex 87066.9219 34173.7109 67083.8438
  endloop
 endfacet
facet normal 0.392472804 0.135331556 0.909752965
  outer loop
   vertex 87249.7969 33807.2539 67088.0234
   vertex 87171.7891 33988.5273 67094.7109
   vertex 87020.0859 33869.8281 67177.8125
  endloop
 endfacet
facet normal 0.535694838 0.200269863 0.820318878
  outer loop
   vertex 87171.7891 33988.5273 67094.7109
   vertex 87249.7969 33807.2539 67088.0234
   vertex 87395.3359 33804.0898 66993.7578
  endloop
 endfacet
facet normal 0.600122213 -0.000277534215 0.79990828
  outer loop
   vertex 87472.6953 33635.7109 66958.4297
   vertex 87637.7422 33620.7188 66834.6016
   vertex 87529.3672 33718.3984 66915.9375
  endloop
 endfacet
facet normal 0.652224541 0.515289009 0.555949986
  outer loop
   vertex 87529.3672 33718.3984 66915.9375
   vertex 87546.6719 33804.5898 66815.75
   vertex 87395.3359 33804.0898 66993.7578
  endloop
 endfacet
facet normal 0.599943817 0.797890544 -0.0586354546
  outer loop
   vertex 87142.0391 34156.8359 66755.2656
   vertex 87086.0312 34212.3516 66937.6094
   vertex 87331.7578 34018.5 66813.9453
  endloop
 endfacet
facet normal 0.603112042 0.795619369 -0.0569706857
  outer loop
   vertex 87142.0391 34156.8359 66755.2656
   vertex 86847.7891 34389.8945 66894.9141
   vertex 87086.0312 34212.3516 66937.6094
  endloop
 endfacet
facet normal 0.53308785 0.0679747835 0.84332484
  outer loop
   vertex 87472.6953 33635.7109 66958.4297
   vertex 87529.3672 33718.3984 66915.9375
   vertex 87395.3359 33804.0898 66993.7578
  endloop
 endfacet
facet normal 0.661708057 0.667692482 0.341070682
  outer loop
   vertex 87331.7578 34018.5 66813.9453
   vertex 87546.6719 33804.5898 66815.75
   vertex 87532.2891 33898.3672 66660.0625
  endloop
 endfacet
facet normal 0.628363371 0.690657198 0.357983321
  outer loop
   vertex 87546.6719 33804.5898 66815.75
   vertex 87715.0234 33765.1797 66596.2734
   vertex 87532.2891 33898.3672 66660.0625
  endloop
 endfacet
facet normal 0.693924963 0.557865381 0.455252051
  outer loop
   vertex 87887.8516 33618.7891 66512.2266
   vertex 87715.0234 33765.1797 66596.2734
   vertex 87773.0391 33623.6172 66681.3203
  endloop
 endfacet
facet normal 0.756397665 0.425564766 0.4967466
  outer loop
   vertex 87637.7422 33620.7188 66834.6016
   vertex 87546.6719 33804.5898 66815.75
   vertex 87529.3672 33718.3984 66915.9375
  endloop
 endfacet
facet normal 0.683062792 0.400899559 0.610495567
  outer loop
   vertex 87637.7422 33620.7188 66834.6016
   vertex 87773.0391 33623.6172 66681.3203
   vertex 87546.6719 33804.5898 66815.75
  endloop
 endfacet
facet normal 0.534296274 0.214268342 0.817689776
  outer loop
   vertex 87395.3359 33804.0898 66993.7578
   vertex 87249.7969 33807.2539 67088.0234
   vertex 87354.5938 33724.582 67041.2109
  endloop
 endfacet
facet normal 0.305847794 -0.209834144 0.928669333
  outer loop
   vertex 87249.7969 33807.2539 67088.0234
   vertex 87020.0859 33869.8281 67177.8125
   vertex 87243.2422 33659.7305 67056.8516
  endloop
 endfacet
facet normal 0.354714066 -0.274217546 0.893858314
  outer loop
   vertex 87472.6953 33635.7109 66958.4297
   vertex 87243.2422 33659.7305 67056.8516
   vertex 87425.3594 33481.457 66929.8906
  endloop
 endfacet
facet normal 0.334516615 -0.364864022 0.868891776
  outer loop
   vertex 87354.5938 33724.582 67041.2109
   vertex 87243.2422 33659.7305 67056.8516
   vertex 87472.6953 33635.7109 66958.4297
  endloop
 endfacet
facet normal 0.193331927 -0.459210366 0.867034376
  outer loop
   vertex 87649.5078 32968.7617 66596.4609
   vertex 87877.75 32957.5156 66539.6094
   vertex 87532.4766 33232.8711 66762.4297
  endloop
 endfacet
facet normal 0.726110935 0.237118408 0.645397425
  outer loop
   vertex 87773.0391 33623.6172 66681.3203
   vertex 87637.7422 33620.7188 66834.6016
   vertex 87785.2188 33477.9922 66721.1172
  endloop
 endfacet
facet normal 0.566289186 -0.130985036 0.813731849
  outer loop
   vertex 87837.4141 33268.0742 66651
   vertex 87785.2188 33477.9922 66721.1172
   vertex 87628.0547 33450.832 66826.1172
  endloop
 endfacet
facet normal 0.171967119 -0.459285796 0.871483743
  outer loop
   vertex 87243.2422 33659.7305 67056.8516
   vertex 86911.8984 33679.1289 67132.4531
   vertex 87195.2188 33455.6094 66958.75
  endloop
 endfacet
facet normal 0.682718456 0.514488518 0.518842101
  outer loop
   vertex 88324.8672 33342.0586 66141.4766
   vertex 88221.8828 33285.4688 66333.1016
   vertex 88523.6094 33039.4688 66180.0078
  endloop
 endfacet
facet normal 0.688230813 -0.070056729 0.722101331
  outer loop
   vertex 87975.0156 33415.3398 66534.1406
   vertex 87785.2188 33477.9922 66721.1172
   vertex 87837.4141 33268.0742 66651
  endloop
 endfacet
facet normal 0.357836902 -0.273752451 0.892755508
  outer loop
   vertex 87877.75 32957.5156 66539.6094
   vertex 87837.4141 33268.0742 66651
   vertex 87532.4766 33232.8711 66762.4297
  endloop
 endfacet
facet normal 0.447276503 -0.24994342 0.858761907
  outer loop
   vertex 87837.4141 33268.0742 66651
   vertex 87877.75 32957.5156 66539.6094
   vertex 88159.2734 33081.457 66429.0547
  endloop
 endfacet
facet normal 0.300204039 -0.251726091 0.920060575
  outer loop
   vertex 88043.8438 32732.5605 66423.8672
   vertex 88197.9844 32761.7031 66381.5469
   vertex 87877.75 32957.5156 66539.6094
  endloop
 endfacet
facet normal 0.397306204 -0.0876203626 0.913493574
  outer loop
   vertex 88159.2734 33081.457 66429.0547
   vertex 87877.75 32957.5156 66539.6094
   vertex 88197.9844 32761.7031 66381.5469
  endloop
 endfacet
facet normal 0.768796742 0.38443023 0.511043012
  outer loop
   vertex 87887.8516 33618.7891 66512.2266
   vertex 87773.0391 33623.6172 66681.3203
   vertex 87975.0156 33415.3398 66534.1406
  endloop
 endfacet
facet normal 0.763594031 0.383138001 0.519739747
  outer loop
   vertex 88069.6328 33513.5977 66322.7031
   vertex 87887.8516 33618.7891 66512.2266
   vertex 87975.0156 33415.3398 66534.1406
  endloop
 endfacet
facet normal 0.668210685 0.13869676 0.730929315
  outer loop
   vertex 88159.2734 33081.457 66429.0547
   vertex 88221.8828 33285.4688 66333.1016
   vertex 87975.0156 33415.3398 66534.1406
  endloop
 endfacet
facet normal 0.596002698 0.0773445815 0.799248755
  outer loop
   vertex 87837.4141 33268.0742 66651
   vertex 88159.2734 33081.457 66429.0547
   vertex 87975.0156 33415.3398 66534.1406
  endloop
 endfacet
facet normal -0.00853971578 -0.620328128 0.784295917
  outer loop
   vertex 86911.8984 33679.1289 67132.4531
   vertex 86841.0547 33481.6094 66975.4609
   vertex 87195.2188 33455.6094 66958.75
  endloop
 endfacet
facet normal 0.562748492 -0.0731896386 0.823381662
  outer loop
   vertex 87637.7422 33620.7188 66834.6016
   vertex 87628.0547 33450.832 66826.1172
   vertex 87785.2188 33477.9922 66721.1172
  endloop
 endfacet
facet normal 0.594197512 -0.0738615319 0.800920606
  outer loop
   vertex 87637.7422 33620.7188 66834.6016
   vertex 87472.6953 33635.7109 66958.4297
   vertex 87628.0547 33450.832 66826.1172
  endloop
 endfacet
facet normal 0.402475655 -0.284480184 0.870105982
  outer loop
   vertex 87425.3594 33481.457 66929.8906
   vertex 87628.0547 33450.832 66826.1172
   vertex 87472.6953 33635.7109 66958.4297
  endloop
 endfacet
facet normal 0.2083662 -0.362718016 0.908305645
  outer loop
   vertex 87877.75 32957.5156 66539.6094
   vertex 87649.5078 32968.7617 66596.4609
   vertex 87774.1641 32889.6484 66536.2656
  endloop
 endfacet
facet normal 0.367242277 -0.405602604 0.837030232
  outer loop
   vertex 87425.3594 33481.457 66929.8906
   vertex 87532.4766 33232.8711 66762.4297
   vertex 87628.0547 33450.832 66826.1172
  endloop
 endfacet
facet normal 0.354846209 -0.40220049 0.843989909
  outer loop
   vertex 87532.4766 33232.8711 66762.4297
   vertex 87837.4141 33268.0742 66651
   vertex 87628.0547 33450.832 66826.1172
  endloop
 endfacet
facet normal -0.211924702 -0.768073738 0.604276955
  outer loop
   vertex 87788.7656 32771.1758 66425.6406
   vertex 87699.4297 32622.3418 66205.1328
   vertex 88043.9609 32451.168 66108.3828
  endloop
 endfacet
facet normal 0.161079943 -0.458037466 0.874216735
  outer loop
   vertex 87425.3594 33481.457 66929.8906
   vertex 87243.2422 33659.7305 67056.8516
   vertex 87195.2188 33455.6094 66958.75
  endloop
 endfacet
facet normal 0.0402604714 -0.518807828 0.853942335
  outer loop
   vertex 87532.4766 33232.8711 66762.4297
   vertex 87413.7109 33081.2812 66675.9375
   vertex 87649.5078 32968.7617 66596.4609
  endloop
 endfacet
facet normal 0.162902787 -0.501985192 0.84939599
  outer loop
   vertex 87532.4766 33232.8711 66762.4297
   vertex 87425.3594 33481.457 66929.8906
   vertex 87195.2188 33455.6094 66958.75
  endloop
 endfacet
facet normal -0.00851718802 -0.620124757 0.784456968
  outer loop
   vertex 86841.0547 33481.6094 66975.4609
   vertex 87182.9141 33255.7773 66800.6484
   vertex 87195.2188 33455.6094 66958.75
  endloop
 endfacet
facet normal -0.191989645 -0.765758872 0.613802373
  outer loop
   vertex 86841.0547 33481.6094 66975.4609
   vertex 86911.4453 33286.6562 66754.2656
   vertex 87182.9141 33255.7773 66800.6484
  endloop
 endfacet
facet normal -0.605772436 -0.781504571 -0.149299458
  outer loop
   vertex 86940.8984 33121.0273 66197.8672
   vertex 87172.7031 32970.6055 66044.7344
   vertex 87189.3047 32925.4648 66213.6562
  endloop
 endfacet
facet normal -0.0530860424 -0.674239278 0.736602485
  outer loop
   vertex 87649.5078 32968.7617 66596.4609
   vertex 87499.9141 32935.2031 66554.9609
   vertex 87788.7656 32771.1758 66425.6406
  endloop
 endfacet
facet normal -0.0860844925 -0.685613632 0.722857773
  outer loop
   vertex 87649.5078 32968.7617 66596.4609
   vertex 87788.7656 32771.1758 66425.6406
   vertex 87774.1641 32889.6484 66536.2656
  endloop
 endfacet
facet normal -0.0607547611 -0.657672703 0.750849843
  outer loop
   vertex 87649.5078 32968.7617 66596.4609
   vertex 87413.7109 33081.2812 66675.9375
   vertex 87499.9141 32935.2031 66554.9609
  endloop
 endfacet
facet normal -0.187601849 -0.790273845 0.583329082
  outer loop
   vertex 87499.9141 32935.2031 66554.9609
   vertex 87458.2578 32844.6289 66418.8594
   vertex 87788.7656 32771.1758 66425.6406
  endloop
 endfacet
facet normal -0.641824901 -0.75424552 -0.138471782
  outer loop
   vertex 87172.7031 32970.6055 66044.7344
   vertex 87376.8828 32805.4727 65997.8047
   vertex 87189.3047 32925.4648 66213.6562
  endloop
 endfacet
facet normal -0.455791324 -0.869738758 0.189232111
  outer loop
   vertex 87524.5312 32686.6816 66079.5781
   vertex 87699.4297 32622.3418 66205.1328
   vertex 87402.6641 32792.1836 66270.9375
  endloop
 endfacet
facet normal 0.259633303 -0.227404565 0.938550889
  outer loop
   vertex 88085.8203 32669.6426 66397.0078
   vertex 88139.8359 32669.0293 66381.9219
   vertex 88043.8438 32732.5605 66423.8672
  endloop
 endfacet
facet normal -0.378698558 -0.793590784 0.476236373
  outer loop
   vertex 87199.1953 32958.9766 66403.3906
   vertex 87458.2578 32844.6289 66418.8594
   vertex 87203.1641 33071.8594 66594.6562
  endloop
 endfacet
facet normal 0.387179464 0.689036548 0.612634242
  outer loop
   vertex 88619.7891 33072.3086 66082.2891
   vertex 88571.3672 33162.0273 66011.9844
   vertex 88523.6094 33039.4688 66180.0078
  endloop
 endfacet
facet normal 0.66056937 0.504653871 0.555853009
  outer loop
   vertex 88324.8672 33342.0586 66141.4766
   vertex 88523.6094 33039.4688 66180.0078
   vertex 88571.3672 33162.0273 66011.9844
  endloop
 endfacet
facet normal 0.69908011 0.490285188 0.520487666
  outer loop
   vertex 88069.6328 33513.5977 66322.7031
   vertex 88221.8828 33285.4688 66333.1016
   vertex 88324.8672 33342.0586 66141.4766
  endloop
 endfacet
facet normal 0.607967675 0.345930248 0.714638114
  outer loop
   vertex 88523.6094 33039.4688 66180.0078
   vertex 88735.4453 32997.4414 66020.1328
   vertex 88619.7891 33072.3086 66082.2891
  endloop
 endfacet
facet normal 0.533254266 -0.173628688 0.827944994
  outer loop
   vertex 89557.4531 32608.2578 65495.4141
   vertex 89520.9922 32647.5938 65527.1406
   vertex 89404.2188 32657.873 65604.5078
  endloop
 endfacet
facet normal 0.60697943 0.671815217 0.424547166
  outer loop
   vertex 88735.4453 32997.4414 66020.1328
   vertex 88875.5547 32908.0312 65961.3047
   vertex 88891.0156 32951.7461 65870.0234
  endloop
 endfacet
facet normal 0.775974929 0.61823678 0.125084803
  outer loop
   vertex 89557.4531 32608.2578 65495.4141
   vertex 89536.0625 32640.1133 65470.6602
   vertex 89520.9922 32647.5938 65527.1406
  endloop
 endfacet
facet normal 0.18276979 0.894658864 -0.407652736
  outer loop
   vertex 89070.8438 32832.0586 65413.7031
   vertex 88991.4688 32747.8477 65193.3008
   vertex 88704.7578 32873.2031 65339.8633
  endloop
 endfacet
facet normal -0.558977187 -0.131594673 -0.818674147
  outer loop
   vertex 87372.0703 33013.2148 65786.0938
   vertex 87473.3359 33124.1445 65699.125
   vertex 87667.6562 32834.5469 65613
  endloop
 endfacet
facet normal -0.747648835 -0.33032766 -0.576111853
  outer loop
   vertex 87473.3359 33124.1445 65699.125
   vertex 87607.6328 32993.0859 65599.9922
   vertex 87667.6562 32834.5469 65613
  endloop
 endfacet
facet normal -0.630785644 -0.437413126 -0.640920639
  outer loop
   vertex 87174.9219 33060.9023 65947.5859
   vertex 87372.0703 33013.2148 65786.0938
   vertex 87392.9141 32877.4219 65858.2656
  endloop
 endfacet
facet normal -0.0621497929 -0.791601598 0.607868671
  outer loop
   vertex 88295.5781 32546.9609 66258.8594
   vertex 88066.5781 32630.709 66344.5078
   vertex 88043.9609 32451.168 66108.3828
  endloop
 endfacet
facet normal 0.0220304653 -0.527455688 0.849296868
  outer loop
   vertex 88139.8359 32669.0293 66381.9219
   vertex 88131.6719 32714.5312 66410.3906
   vertex 88043.8438 32732.5605 66423.8672
  endloop
 endfacet
facet normal -0.628308833 -0.659705341 -0.412331074
  outer loop
   vertex 87392.9141 32877.4219 65858.2656
   vertex 87376.8828 32805.4727 65997.8047
   vertex 87172.7031 32970.6055 66044.7344
  endloop
 endfacet
facet normal -0.66536665 -0.539148152 -0.516339481
  outer loop
   vertex 87392.9141 32877.4219 65858.2656
   vertex 87172.7031 32970.6055 66044.7344
   vertex 87174.9219 33060.9023 65947.5859
  endloop
 endfacet
facet normal -0.54750222 -0.829707265 0.108752832
  outer loop
   vertex 87524.5312 32686.6816 66079.5781
   vertex 87402.6641 32792.1836 66270.9375
   vertex 87189.3047 32925.4648 66213.6562
  endloop
 endfacet
facet normal -0.534987867 -0.826767504 0.173906371
  outer loop
   vertex 86794.9922 33237.2148 66482.7188
   vertex 87189.3047 32925.4648 66213.6562
   vertex 87199.1953 32958.9766 66403.3906
  endloop
 endfacet
facet normal -0.374057472 -0.820839226 0.431629479
  outer loop
   vertex 87458.2578 32844.6289 66418.8594
   vertex 87402.6641 32792.1836 66270.9375
   vertex 87699.4297 32622.3418 66205.1328
  endloop
 endfacet
facet normal 0.145171702 -0.82183969 0.550912619
  outer loop
   vertex 88134.6406 32281.3047 65831.0938
   vertex 88043.9609 32451.168 66108.3828
   vertex 87971.2969 32364.3945 65998.0938
  endloop
 endfacet
facet normal -0.247211128 -0.860174 0.44607991
  outer loop
   vertex 88386.3828 32234.8359 65881
   vertex 88043.9609 32451.168 66108.3828
   vertex 88134.6406 32281.3047 65831.0938
  endloop
 endfacet
facet normal -0.6187132 -0.785609066 0.0035191928
  outer loop
   vertex 86794.9922 33237.2148 66482.7188
   vertex 86940.8984 33121.0273 66197.8672
   vertex 87189.3047 32925.4648 66213.6562
  endloop
 endfacet
facet normal -0.598711491 -0.797245204 -0.0771016926
  outer loop
   vertex 87376.8828 32805.4727 65997.8047
   vertex 87524.5312 32686.6816 66079.5781
   vertex 87189.3047 32925.4648 66213.6562
  endloop
 endfacet
facet normal -0.213549182 -0.739069104 0.638884664
  outer loop
   vertex 87413.7109 33081.2812 66675.9375
   vertex 87182.9141 33255.7773 66800.6484
   vertex 87203.1641 33071.8594 66594.6562
  endloop
 endfacet
facet normal -0.194120705 -0.741154253 0.642656624
  outer loop
   vertex 87182.9141 33255.7773 66800.6484
   vertex 86911.4453 33286.6562 66754.2656
   vertex 87203.1641 33071.8594 66594.6562
  endloop
 endfacet
facet normal -0.438939095 -0.769779205 0.463435441
  outer loop
   vertex 86794.9922 33237.2148 66482.7188
   vertex 87199.1953 32958.9766 66403.3906
   vertex 87203.1641 33071.8594 66594.6562
  endloop
 endfacet
facet normal -0.431465924 -0.836665392 0.337384373
  outer loop
   vertex 86911.4453 33286.6562 66754.2656
   vertex 86794.9922 33237.2148 66482.7188
   vertex 87203.1641 33071.8594 66594.6562
  endloop
 endfacet
facet normal -0.185239688 -0.778085649 0.600224078
  outer loop
   vertex 87788.7656 32771.1758 66425.6406
   vertex 87458.2578 32844.6289 66418.8594
   vertex 87699.4297 32622.3418 66205.1328
  endloop
 endfacet
facet normal 0.426610261 -0.0821710452 0.900695086
  outer loop
   vertex 88159.2734 33081.457 66429.0547
   vertex 88197.9844 32761.7031 66381.5469
   vertex 88416.2422 32843.8164 66285.6562
  endloop
 endfacet
facet normal 0.569670677 0.125943214 0.812165976
  outer loop
   vertex 88523.6094 33039.4688 66180.0078
   vertex 88159.2734 33081.457 66429.0547
   vertex 88416.2422 32843.8164 66285.6562
  endloop
 endfacet
facet normal 0.568487227 0.200759262 0.797820807
  outer loop
   vertex 88523.6094 33039.4688 66180.0078
   vertex 88221.8828 33285.4688 66333.1016
   vertex 88159.2734 33081.457 66429.0547
  endloop
 endfacet
facet normal -0.0891437754 -0.624468565 0.77594614
  outer loop
   vertex 88043.8438 32732.5605 66423.8672
   vertex 87788.7656 32771.1758 66425.6406
   vertex 88066.5781 32630.709 66344.5078
  endloop
 endfacet
facet normal -0.49755761 -0.599515319 0.626911342
  outer loop
   vertex 88085.8203 32669.6426 66397.0078
   vertex 88043.8438 32732.5605 66423.8672
   vertex 88066.5781 32630.709 66344.5078
  endloop
 endfacet
facet normal 0.504250526 0.179417282 0.844713449
  outer loop
   vertex 88523.6094 33039.4688 66180.0078
   vertex 88416.2422 32843.8164 66285.6562
   vertex 88680.8359 32762.0625 66145.0703
  endloop
 endfacet
facet normal 0.213639557 0.901306808 0.376834363
  outer loop
   vertex 89145 32705.377 65839.75
   vertex 89257.1562 32703.3438 65781.0312
   vertex 89266.375 32721.8496 65731.5391
  endloop
 endfacet
facet normal 0.386307597 0.743091226 0.546426475
  outer loop
   vertex 89049.75 32871.6602 65680.9609
   vertex 89145 32705.377 65839.75
   vertex 89266.375 32721.8496 65731.5391
  endloop
 endfacet
facet normal 0.671393573 0.675565779 0.304699183
  outer loop
   vertex 89049.75 32871.6602 65680.9609
   vertex 88974.9062 32854.1133 65884.7812
   vertex 89145 32705.377 65839.75
  endloop
 endfacet
facet normal 0.547451138 0.168039694 0.819792569
  outer loop
   vertex 88982.7891 32643.6074 65981.7031
   vertex 88861.7109 32817.6562 66026.8828
   vertex 88857.3984 32676.4375 66058.7109
  endloop
 endfacet
facet normal 0.492874265 0.322458744 0.808143139
  outer loop
   vertex 88705.2031 32887.2227 66130.0078
   vertex 88716.1172 32935.8984 66103.9297
   vertex 88523.6094 33039.4688 66180.0078
  endloop
 endfacet
facet normal 0.658209145 0.656647444 0.368204892
  outer loop
   vertex 89266.375 32721.8496 65731.5391
   vertex 89257.1562 32703.3438 65781.0312
   vertex 89311.7031 32670.4492 65742.1719
  endloop
 endfacet
facet normal 0.489762723 0.568637073 0.660896659
  outer loop
   vertex 89266.375 32721.8496 65731.5391
   vertex 89311.7031 32670.4492 65742.1719
   vertex 89345.25 32690.2676 65700.2656
  endloop
 endfacet
facet normal 0.441975296 -0.2754668 0.85368371
  outer loop
   vertex 89311.7031 32670.4492 65742.1719
   vertex 89257.1562 32703.3438 65781.0312
   vertex 89145 32705.377 65839.75
  endloop
 endfacet
facet normal 0.595993817 0.213687181 0.774034321
  outer loop
   vertex 88982.7891 32643.6074 65981.7031
   vertex 89145 32705.377 65839.75
   vertex 88861.7109 32817.6562 66026.8828
  endloop
 endfacet
facet normal 0.609719157 0.263734341 0.747453511
  outer loop
   vertex 88716.1172 32935.8984 66103.9297
   vertex 88705.2031 32887.2227 66130.0078
   vertex 88861.7109 32817.6562 66026.8828
  endloop
 endfacet
facet normal 0.567358732 0.424936563 0.705360174
  outer loop
   vertex 88875.5547 32908.0312 65961.3047
   vertex 88735.4453 32997.4414 66020.1328
   vertex 88861.7109 32817.6562 66026.8828
  endloop
 endfacet
facet normal 0.686176658 0.501681209 0.526761413
  outer loop
   vertex 88716.1172 32935.8984 66103.9297
   vertex 88861.7109 32817.6562 66026.8828
   vertex 88735.4453 32997.4414 66020.1328
  endloop
 endfacet
facet normal 0.683853149 0.356991023 0.63631928
  outer loop
   vertex 88974.9062 32854.1133 65884.7812
   vertex 88875.5547 32908.0312 65961.3047
   vertex 88861.7109 32817.6562 66026.8828
  endloop
 endfacet
facet normal 0.605873585 0.507362247 0.612781167
  outer loop
   vertex 88974.9062 32854.1133 65884.7812
   vertex 88861.7109 32817.6562 66026.8828
   vertex 89145 32705.377 65839.75
  endloop
 endfacet
facet normal 0.500044584 0.175835863 0.847960591
  outer loop
   vertex 88680.8359 32762.0625 66145.0703
   vertex 88857.3984 32676.4375 66058.7109
   vertex 88861.7109 32817.6562 66026.8828
  endloop
 endfacet
facet normal 0.548307598 -0.00606842805 0.836254716
  outer loop
   vertex 88680.8359 32762.0625 66145.0703
   vertex 88861.7109 32817.6562 66026.8828
   vertex 88705.2031 32887.2227 66130.0078
  endloop
 endfacet
facet normal 0.0951146483 0.288794369 0.952654719
  outer loop
   vertex 88395.7734 32525.0293 66255.5078
   vertex 88295.5781 32546.9609 66258.8594
   vertex 88373.6797 32509.959 66262.2812
  endloop
 endfacet
facet normal 0.53156507 -0.459347963 0.71164459
  outer loop
   vertex 88417.6406 32498.2188 66221.8672
   vertex 88395.7734 32525.0293 66255.5078
   vertex 88373.6797 32509.959 66262.2812
  endloop
 endfacet
facet normal 0.574566364 -0.357563525 0.736221313
  outer loop
   vertex 88139.8359 32669.0293 66381.9219
   vertex 88197.9844 32761.7031 66381.5469
   vertex 88131.6719 32714.5312 66410.3906
  endloop
 endfacet
facet normal 0.455861509 0.567186594 0.685922444
  outer loop
   vertex 89490.8594 32517.9883 65662.5938
   vertex 89404.2188 32657.873 65604.5078
   vertex 89361.1641 32521.1367 65746.1875
  endloop
 endfacet
facet normal 0.808125615 0.281590253 0.517339289
  outer loop
   vertex 89311.7031 32670.4492 65742.1719
   vertex 89361.1641 32521.1367 65746.1875
   vertex 89404.2188 32657.873 65604.5078
  endloop
 endfacet
facet normal 0.601987302 0.197291866 0.773748815
  outer loop
   vertex 89145 32705.377 65839.75
   vertex 88982.7891 32643.6074 65981.7031
   vertex 89130.9922 32536.541 65893.7031
  endloop
 endfacet
facet normal 0.550156593 0.213667378 0.807263255
  outer loop
   vertex 89490.8594 32517.9883 65662.5938
   vertex 89493.75 32467.0273 65674.1172
   vertex 89538.4688 32485.5371 65638.7422
  endloop
 endfacet
facet normal 0.707581758 -0.62643069 0.326974958
  outer loop
   vertex 89336.1094 32263.6621 65769.5547
   vertex 89423.9141 32314.4805 65676.8984
   vertex 89347.5703 32285.4922 65786.5781
  endloop
 endfacet
facet normal 0.766294181 -0.13453801 0.628245771
  outer loop
   vertex 89560.1719 32469.1934 65543.8359
   vertex 89423.9141 32314.4805 65676.8984
   vertex 89605.1562 32242.8887 65440.5039
  endloop
 endfacet
facet normal 0.829414964 -0.372095019 0.416672707
  outer loop
   vertex 89493.75 32467.0273 65674.1172
   vertex 89423.9141 32314.4805 65676.8984
   vertex 89560.1719 32469.1934 65543.8359
  endloop
 endfacet
facet normal 0.614935338 0.270019114 0.740907729
  outer loop
   vertex 89557.4531 32608.2578 65495.4141
   vertex 89404.2188 32657.873 65604.5078
   vertex 89560.1719 32469.1934 65543.8359
  endloop
 endfacet
facet normal 0.557878971 0.82978034 -0.0153516205
  outer loop
   vertex 89538.4688 32485.5371 65638.7422
   vertex 89560.1719 32469.1934 65543.8359
   vertex 89490.8594 32517.9883 65662.5938
  endloop
 endfacet
facet normal 0.785445273 0.578197658 0.22082372
  outer loop
   vertex 89404.2188 32657.873 65604.5078
   vertex 89490.8594 32517.9883 65662.5938
   vertex 89560.1719 32469.1934 65543.8359
  endloop
 endfacet
facet normal 0.538211107 -0.801355183 0.261072189
  outer loop
   vertex 89538.4688 32485.5371 65638.7422
   vertex 89493.75 32467.0273 65674.1172
   vertex 89560.1719 32469.1934 65543.8359
  endloop
 endfacet
facet normal -0.559018314 -0.82605195 0.071670711
  outer loop
   vertex 88342.0078 32134.002 65526.4844
   vertex 88031.4609 32354.4473 65645.0391
   vertex 88235.1641 32201.0664 65466.0586
  endloop
 endfacet
facet normal -0.555048406 -0.653874099 -0.514169216
  outer loop
   vertex 87860.1484 32520.4316 65618.8906
   vertex 88006.3438 32532.1211 65446.2031
   vertex 88031.4609 32354.4473 65645.0391
  endloop
 endfacet
facet normal 0.146832228 -0.642264068 0.752287984
  outer loop
   vertex 89493.75 32467.0273 65674.1172
   vertex 89470.5859 32500.959 65707.6094
   vertex 89361.1641 32521.1367 65746.1875
  endloop
 endfacet
facet normal 0.537043214 0.215997666 0.815432131
  outer loop
   vertex 89361.1641 32521.1367 65746.1875
   vertex 89145 32705.377 65839.75
   vertex 89130.9922 32536.541 65893.7031
  endloop
 endfacet
facet normal 0.617352188 -0.659048438 0.429571241
  outer loop
   vertex 89336.1094 32263.6621 65769.5547
   vertex 89347.5703 32285.4922 65786.5781
   vertex 89324.6953 32279.9219 65810.9062
  endloop
 endfacet
facet normal 0.41472885 -0.173568696 0.893237889
  outer loop
   vertex 89493.75 32467.0273 65674.1172
   vertex 89361.1641 32521.1367 65746.1875
   vertex 89423.9141 32314.4805 65676.8984
  endloop
 endfacet
facet normal 0.666206181 -0.704367638 0.245021567
  outer loop
   vertex 89423.9141 32314.4805 65676.8984
   vertex 89336.1094 32263.6621 65769.5547
   vertex 89268.5312 32166.1934 65673.0938
  endloop
 endfacet
facet normal 0.476817101 -0.517842412 0.710270882
  outer loop
   vertex 89423.9141 32314.4805 65676.8984
   vertex 89268.5312 32166.1934 65673.0938
   vertex 89459.6562 32143.2578 65528.0742
  endloop
 endfacet
facet normal 0.443639666 0.687828958 0.574521661
  outer loop
   vertex 89347.5703 32285.4922 65786.5781
   vertex 89236.5938 32334.457 65813.6484
   vertex 89324.6953 32279.9219 65810.9062
  endloop
 endfacet
facet normal 0.448473781 0.736233592 0.506785333
  outer loop
   vertex 89423.9141 32314.4805 65676.8984
   vertex 89236.5938 32334.457 65813.6484
   vertex 89347.5703 32285.4922 65786.5781
  endloop
 endfacet
facet normal 0.580329061 -0.0949781984 0.808824658
  outer loop
   vertex 89423.9141 32314.4805 65676.8984
   vertex 89361.1641 32521.1367 65746.1875
   vertex 89236.5938 32334.457 65813.6484
  endloop
 endfacet
facet normal 0.536263227 -0.0534574501 0.842356265
  outer loop
   vertex 89130.9922 32536.541 65893.7031
   vertex 89236.5938 32334.457 65813.6484
   vertex 89361.1641 32521.1367 65746.1875
  endloop
 endfacet
facet normal 0.32730034 -0.245454252 0.912483811
  outer loop
   vertex 88857.3984 32676.4375 66058.7109
   vertex 88680.8359 32762.0625 66145.0703
   vertex 88864.3047 32509.25 66011.2578
  endloop
 endfacet
facet normal 0.466910005 -0.223539844 0.855584621
  outer loop
   vertex 88982.7891 32643.6074 65981.7031
   vertex 88857.3984 32676.4375 66058.7109
   vertex 88864.3047 32509.25 66011.2578
  endloop
 endfacet
facet normal 0.411398172 -0.141689822 0.900375247
  outer loop
   vertex 89130.9922 32536.541 65893.7031
   vertex 88864.3047 32509.25 66011.2578
   vertex 89236.5938 32334.457 65813.6484
  endloop
 endfacet
facet normal 0.411943942 -0.166190907 0.895925641
  outer loop
   vertex 89130.9922 32536.541 65893.7031
   vertex 88982.7891 32643.6074 65981.7031
   vertex 88864.3047 32509.25 66011.2578
  endloop
 endfacet
facet normal -0.512723327 -0.837743402 0.187885016
  outer loop
   vertex 89236.5938 32334.457 65813.6484
   vertex 89336.1094 32263.6621 65769.5547
   vertex 89324.6953 32279.9219 65810.9062
  endloop
 endfacet
facet normal 0.240977764 -0.594831109 0.766880512
  outer loop
   vertex 89268.5312 32166.1934 65673.0938
   vertex 89236.5938 32334.457 65813.6484
   vertex 88954.4062 32225.9512 65818.1562
  endloop
 endfacet
facet normal -0.130820692 -0.65007019 0.748528361
  outer loop
   vertex 89336.1094 32263.6621 65769.5547
   vertex 89236.5938 32334.457 65813.6484
   vertex 89268.5312 32166.1934 65673.0938
  endloop
 endfacet
facet normal 0.207579732 -0.505023718 0.837771893
  outer loop
   vertex 88864.3047 32509.25 66011.2578
   vertex 88954.4062 32225.9512 65818.1562
   vertex 89236.5938 32334.457 65813.6484
  endloop
 endfacet
facet normal 0.433882207 -0.0669348314 0.898479819
  outer loop
   vertex 88751.6797 32071.9805 65723.4141
   vertex 88825 31985.3555 65681.5469
   vertex 88868.8672 31982.6504 65660.1641
  endloop
 endfacet
facet normal 0.264782667 -0.484209388 0.833925307
  outer loop
   vertex 88954.4062 32225.9512 65818.1562
   vertex 88864.3047 32509.25 66011.2578
   vertex 88525.6875 32377.3047 66042.1641
  endloop
 endfacet
facet normal 0.153832763 -0.656807244 0.738200307
  outer loop
   vertex 88751.6797 32071.9805 65723.4141
   vertex 88954.4062 32225.9512 65818.1562
   vertex 88525.6875 32377.3047 66042.1641
  endloop
 endfacet
facet normal -0.0344576761 -0.733818352 0.678471267
  outer loop
   vertex 88751.6797 32071.9805 65723.4141
   vertex 88525.6875 32377.3047 66042.1641
   vertex 88386.3828 32234.8359 65881
  endloop
 endfacet
facet normal -0.413423747 -0.890262127 -0.191086888
  outer loop
   vertex 88417.6406 32498.2188 66221.8672
   vertex 88373.6797 32509.959 66262.2812
   vertex 88295.5781 32546.9609 66258.8594
  endloop
 endfacet
facet normal -0.0432623886 -0.808430254 0.586999893
  outer loop
   vertex 88525.6875 32377.3047 66042.1641
   vertex 88295.5781 32546.9609 66258.8594
   vertex 88043.9609 32451.168 66108.3828
  endloop
 endfacet
facet normal -0.0210376736 -0.739970446 0.672310293
  outer loop
   vertex 88386.3828 32234.8359 65881
   vertex 88525.6875 32377.3047 66042.1641
   vertex 88043.9609 32451.168 66108.3828
  endloop
 endfacet
facet normal -0.206620082 -0.864788175 0.457656533
  outer loop
   vertex 88525.6875 32377.3047 66042.1641
   vertex 88417.6406 32498.2188 66221.8672
   vertex 88295.5781 32546.9609 66258.8594
  endloop
 endfacet
facet normal 0.441745192 -0.139248356 0.886268079
  outer loop
   vertex 88416.2422 32843.8164 66285.6562
   vertex 88197.9844 32761.7031 66381.5469
   vertex 88479.4062 32593.8184 66214.8984
  endloop
 endfacet
facet normal 0.429276794 -0.143917218 0.891632915
  outer loop
   vertex 88680.8359 32762.0625 66145.0703
   vertex 88416.2422 32843.8164 66285.6562
   vertex 88479.4062 32593.8184 66214.8984
  endloop
 endfacet
facet normal 0.435574323 -0.153384373 0.886988282
  outer loop
   vertex 88680.8359 32762.0625 66145.0703
   vertex 88479.4062 32593.8184 66214.8984
   vertex 88864.3047 32509.25 66011.2578
  endloop
 endfacet
facet normal 0.11707139 0.39547646 0.910984457
  outer loop
   vertex 88395.7734 32525.0293 66255.5078
   vertex 88479.4062 32593.8184 66214.8984
   vertex 88295.5781 32546.9609 66258.8594
  endloop
 endfacet
facet normal 0.303515434 -0.36491549 0.880178988
  outer loop
   vertex 88197.9844 32761.7031 66381.5469
   vertex 88295.5781 32546.9609 66258.8594
   vertex 88479.4062 32593.8184 66214.8984
  endloop
 endfacet
facet normal 0.450802028 -0.279453397 0.847751915
  outer loop
   vertex 88139.8359 32669.0293 66381.9219
   vertex 88295.5781 32546.9609 66258.8594
   vertex 88197.9844 32761.7031 66381.5469
  endloop
 endfacet
facet normal 0.628382623 -0.355577201 0.691881597
  outer loop
   vertex 88395.7734 32525.0293 66255.5078
   vertex 88417.6406 32498.2188 66221.8672
   vertex 88479.4062 32593.8184 66214.8984
  endloop
 endfacet
facet normal 0.658678472 -0.378169507 0.6504848
  outer loop
   vertex 88525.6875 32377.3047 66042.1641
   vertex 88479.4062 32593.8184 66214.8984
   vertex 88417.6406 32498.2188 66221.8672
  endloop
 endfacet
facet normal 0.288641512 -0.558640242 0.777564883
  outer loop
   vertex 88525.6875 32377.3047 66042.1641
   vertex 88864.3047 32509.25 66011.2578
   vertex 88479.4062 32593.8184 66214.8984
  endloop
 endfacet
facet normal -0.211868271 -0.768062532 0.604311049
  outer loop
   vertex 88066.5781 32630.709 66344.5078
   vertex 87788.7656 32771.1758 66425.6406
   vertex 88043.9609 32451.168 66108.3828
  endloop
 endfacet
facet normal 0.00708238268 -0.70544368 0.708730578
  outer loop
   vertex 88139.8359 32669.0293 66381.9219
   vertex 88066.5781 32630.709 66344.5078
   vertex 88295.5781 32546.9609 66258.8594
  endloop
 endfacet
facet normal -0.676323712 0.0445242263 0.735257685
  outer loop
   vertex 87916.1875 32371.3906 66008.8438
   vertex 87940.5312 32384.4629 66030.4531
   vertex 87879.8203 32434.4707 65971.5703
  endloop
 endfacet
facet normal -0.134430274 -0.67865634 0.722048521
  outer loop
   vertex 87699.4297 32622.3418 66205.1328
   vertex 87862.7891 32482.877 66104.4609
   vertex 88043.9609 32451.168 66108.3828
  endloop
 endfacet
facet normal -0.642924309 0.111569576 0.757760227
  outer loop
   vertex 87940.5312 32384.4629 66030.4531
   vertex 88043.9609 32451.168 66108.3828
   vertex 87879.8203 32434.4707 65971.5703
  endloop
 endfacet
facet normal -0.170135006 -0.932716191 0.317953706
  outer loop
   vertex 87862.7891 32482.877 66104.4609
   vertex 87879.8203 32434.4707 65971.5703
   vertex 88043.9609 32451.168 66108.3828
  endloop
 endfacet
facet normal -0.603976607 -0.779322386 -0.166939735
  outer loop
   vertex 87524.5312 32686.6816 66079.5781
   vertex 87676.5156 32629.5078 65796.6328
   vertex 87879.8203 32434.4707 65971.5703
  endloop
 endfacet
facet normal -0.226172373 -0.588854074 -0.775949061
  outer loop
   vertex 87916.1875 32371.3906 66008.8438
   vertex 87879.8203 32434.4707 65971.5703
   vertex 87971.2969 32364.3945 65998.0938
  endloop
 endfacet
facet normal -0.378280371 -0.883309424 0.276890606
  outer loop
   vertex 87879.8203 32434.4707 65971.5703
   vertex 88000.7109 32335.3379 65820.4844
   vertex 88134.6406 32281.3047 65831.0938
  endloop
 endfacet
facet normal -0.571219563 -0.80544889 -0.15798831
  outer loop
   vertex 87879.8203 32434.4707 65971.5703
   vertex 88134.6406 32281.3047 65831.0938
   vertex 87971.2969 32364.3945 65998.0938
  endloop
 endfacet
facet normal -0.637597919 -0.762588918 -0.109210901
  outer loop
   vertex 87879.8203 32434.4707 65971.5703
   vertex 87676.5156 32629.5078 65796.6328
   vertex 88031.4609 32354.4473 65645.0391
  endloop
 endfacet
facet normal -0.758757412 -0.619753659 -0.200480849
  outer loop
   vertex 88000.7109 32335.3379 65820.4844
   vertex 87879.8203 32434.4707 65971.5703
   vertex 88031.4609 32354.4473 65645.0391
  endloop
 endfacet
facet normal -0.570967793 -0.808361948 -0.143341452
  outer loop
   vertex 87524.5312 32686.6816 66079.5781
   vertex 87376.8828 32805.4727 65997.8047
   vertex 87676.5156 32629.5078 65796.6328
  endloop
 endfacet
facet normal -0.649891853 -0.642528296 -0.405953109
  outer loop
   vertex 87376.8828 32805.4727 65997.8047
   vertex 87392.9141 32877.4219 65858.2656
   vertex 87676.5156 32629.5078 65796.6328
  endloop
 endfacet
facet normal -0.603665233 -0.546198487 -0.580737114
  outer loop
   vertex 87392.9141 32877.4219 65858.2656
   vertex 87667.6562 32834.5469 65613
   vertex 87676.5156 32629.5078 65796.6328
  endloop
 endfacet
facet normal -0.656537592 -0.715323627 -0.23931244
  outer loop
   vertex 87676.5156 32629.5078 65796.6328
   vertex 87860.1484 32520.4316 65618.8906
   vertex 88031.4609 32354.4473 65645.0391
  endloop
 endfacet
facet normal -0.786580443 -0.430471927 -0.442702085
  outer loop
   vertex 87667.6562 32834.5469 65613
   vertex 87787.3594 32618.4277 65610.4531
   vertex 87676.5156 32629.5078 65796.6328
  endloop
 endfacet
facet normal -0.19101803 -0.86940676 0.455679685
  outer loop
   vertex 88751.6797 32071.9805 65723.4141
   vertex 88386.3828 32234.8359 65881
   vertex 88502.5625 32090.6523 65654.6094
  endloop
 endfacet
facet normal -0.245410427 -0.869810104 0.428023547
  outer loop
   vertex 88386.3828 32234.8359 65881
   vertex 88134.6406 32281.3047 65831.0938
   vertex 88502.5625 32090.6523 65654.6094
  endloop
 endfacet
facet normal 0.201430008 -0.671705067 0.712908268
  outer loop
   vertex 88954.4062 32225.9512 65818.1562
   vertex 89042.2188 31987.791 65568.9531
   vertex 89268.5312 32166.1934 65673.0938
  endloop
 endfacet
facet normal -0.775364697 -0.435130447 -0.457680166
  outer loop
   vertex 88825 31985.3555 65681.5469
   vertex 88751.6797 32071.9805 65723.4141
   vertex 88858.6953 31975.5898 65633.75
  endloop
 endfacet
facet normal -0.503570139 -0.817922473 0.278244346
  outer loop
   vertex 88751.6797 32071.9805 65723.4141
   vertex 88811.1641 31958.8965 65498.6445
   vertex 88858.6953 31975.5898 65633.75
  endloop
 endfacet
facet normal -0.178826079 -0.897098899 0.40402326
  outer loop
   vertex 88751.6797 32071.9805 65723.4141
   vertex 88502.5625 32090.6523 65654.6094
   vertex 88811.1641 31958.8965 65498.6445
  endloop
 endfacet
facet normal 0.137210429 -0.968846381 0.206179559
  outer loop
   vertex 88868.8672 31982.6504 65660.1641
   vertex 88858.6953 31975.5898 65633.75
   vertex 89042.2188 31987.791 65568.9531
  endloop
 endfacet
facet normal -0.720811427 -0.569373727 -0.395277709
  outer loop
   vertex 87676.5156 32629.5078 65796.6328
   vertex 87787.3594 32618.4277 65610.4531
   vertex 87860.1484 32520.4316 65618.8906
  endloop
 endfacet
facet normal -0.746525884 -0.543362319 -0.384000629
  outer loop
   vertex 88259.8984 32259.1035 65335.8477
   vertex 88235.1641 32201.0664 65466.0586
   vertex 88031.4609 32354.4473 65645.0391
  endloop
 endfacet
facet normal -0.358012438 -0.919399798 -0.162883714
  outer loop
   vertex 88000.7109 32335.3379 65820.4844
   vertex 88031.4609 32354.4473 65645.0391
   vertex 88134.6406 32281.3047 65831.0938
  endloop
 endfacet
facet normal -0.578749478 -0.815505266 0.000373848219
  outer loop
   vertex 88342.0078 32134.002 65526.4844
   vertex 88134.6406 32281.3047 65831.0938
   vertex 88031.4609 32354.4473 65645.0391
  endloop
 endfacet
facet normal -0.611855268 -0.0797954127 -0.786934435
  outer loop
   vertex 88304.7031 32431.7715 65208.043
   vertex 88333.9375 32297.2988 65198.9492
   vertex 88213.4453 32369.541 65285.3125
  endloop
 endfacet
facet normal 0.381771863 -0.639730096 0.667079985
  outer loop
   vertex 89346.75 31983.4121 65450.2891
   vertex 89220.4062 31920.8691 65462.6172
   vertex 89282.1875 31892.1309 65399.7031
  endloop
 endfacet
facet normal 0.465948671 -0.0150988521 0.884682894
  outer loop
   vertex 88751.6797 32071.9805 65723.4141
   vertex 88868.8672 31982.6504 65660.1641
   vertex 89042.2188 31987.791 65568.9531
  endloop
 endfacet
facet normal 0.182121441 -0.678011954 0.712131739
  outer loop
   vertex 88954.4062 32225.9512 65818.1562
   vertex 88751.6797 32071.9805 65723.4141
   vertex 89042.2188 31987.791 65568.9531
  endloop
 endfacet
facet normal 0.0560770184 -0.969730973 0.237649411
  outer loop
   vertex 88825 31985.3555 65681.5469
   vertex 88858.6953 31975.5898 65633.75
   vertex 88868.8672 31982.6504 65660.1641
  endloop
 endfacet
facet normal 0.0970950574 -0.991348147 0.088325493
  outer loop
   vertex 88858.6953 31975.5898 65633.75
   vertex 88811.1641 31958.8965 65498.6445
   vertex 89042.2188 31987.791 65568.9531
  endloop
 endfacet
facet normal 0.805750549 -0.0994225368 0.583850324
  outer loop
   vertex 89741.2578 32347.8477 65270.5508
   vertex 89605.1562 32242.8887 65440.5039
   vertex 89752.2031 32146.5762 65221.1719
  endloop
 endfacet
facet normal 0.659734845 -0.409821659 0.629917562
  outer loop
   vertex 89605.1562 32242.8887 65440.5039
   vertex 89423.9141 32314.4805 65676.8984
   vertex 89459.6562 32143.2578 65528.0742
  endloop
 endfacet
facet normal 0.488940865 -0.635921299 0.59711051
  outer loop
   vertex 89575.125 32059.8125 65344.6523
   vertex 89459.6562 32143.2578 65528.0742
   vertex 89346.75 31983.4121 65450.2891
  endloop
 endfacet
facet normal 0.245552272 -0.905365527 0.346435189
  outer loop
   vertex 89282.1875 31892.1309 65399.7031
   vertex 89268.625 31861.4727 65329.1914
   vertex 89358.9375 31885.8027 65328.7617
  endloop
 endfacet
facet normal 0.425237298 -0.620838165 0.658584237
  outer loop
   vertex 89459.6562 32143.2578 65528.0742
   vertex 89268.5312 32166.1934 65673.0938
   vertex 89346.75 31983.4121 65450.2891
  endloop
 endfacet
facet normal 0.249000445 -0.704094529 0.665018559
  outer loop
   vertex 89042.2188 31987.791 65568.9531
   vertex 89346.75 31983.4121 65450.2891
   vertex 89268.5312 32166.1934 65673.0938
  endloop
 endfacet
facet normal 0.66310215 -0.42967838 0.61292088
  outer loop
   vertex 89605.1562 32242.8887 65440.5039
   vertex 89459.6562 32143.2578 65528.0742
   vertex 89575.125 32059.8125 65344.6523
  endloop
 endfacet
facet normal 0.314126223 -0.472236574 0.823600233
  outer loop
   vertex 89220.4062 31920.8691 65462.6172
   vertex 89346.75 31983.4121 65450.2891
   vertex 89042.2188 31987.791 65568.9531
  endloop
 endfacet
facet normal 0.648637652 -0.433816761 0.625357687
  outer loop
   vertex 89605.1562 32242.8887 65440.5039
   vertex 89575.125 32059.8125 65344.6523
   vertex 89752.2031 32146.5762 65221.1719
  endloop
 endfacet
facet normal 0.496806741 -0.651629925 0.573202848
  outer loop
   vertex 89358.9375 31885.8027 65328.7617
   vertex 89497.0859 31919.5195 65247.3555
   vertex 89346.75 31983.4121 65450.2891
  endloop
 endfacet
facet normal 0.582018912 -0.641637444 0.499555141
  outer loop
   vertex 89694.1016 31979.8457 65135.0078
   vertex 89780.7109 31922.1309 64959.9727
   vertex 89883.6016 32054.3145 65009.8711
  endloop
 endfacet
facet normal 0.718475461 -0.573003769 0.394283742
  outer loop
   vertex 90004.9141 32083.5371 64694.832
   vertex 90074.1094 32167.7891 64691.1758
   vertex 90064.1719 32181.8867 64729.7773
  endloop
 endfacet
facet normal -0.114575572 -0.988954961 0.0940240249
  outer loop
   vertex 89125.8516 31874.3398 65294.4492
   vertex 89128.8984 31850.918 65051.8086
   vertex 89347.6172 31824.3359 65038.7227
  endloop
 endfacet
facet normal -0.136043251 -0.970375061 0.199661016
  outer loop
   vertex 89268.625 31861.4727 65329.1914
   vertex 89190.75 31889.7109 65413.375
   vertex 89125.8516 31874.3398 65294.4492
  endloop
 endfacet
facet normal -0.16521661 -0.974923372 0.149090052
  outer loop
   vertex 88811.1641 31958.8965 65498.6445
   vertex 88847.4375 31915.4414 65254.6875
   vertex 89125.8516 31874.3398 65294.4492
  endloop
 endfacet
facet normal 0.160723761 -0.967301548 0.196202904
  outer loop
   vertex 88811.1641 31958.8965 65498.6445
   vertex 88756.5234 31929.2734 65397.3555
   vertex 88847.4375 31915.4414 65254.6875
  endloop
 endfacet
facet normal 0.693093777 -0.300204039 0.655361414
  outer loop
   vertex 90008.9375 32135.5742 64914.5469
   vertex 89885.4219 32218.6445 65083.2227
   vertex 89883.6016 32054.3145 65009.8711
  endloop
 endfacet
facet normal 0.679800868 -0.232559875 0.69554776
  outer loop
   vertex 90008.9375 32135.5742 64914.5469
   vertex 89883.6016 32054.3145 65009.8711
   vertex 89988.2734 32048.4414 64905.6094
  endloop
 endfacet
facet normal 0.744801462 -0.120515503 0.656313062
  outer loop
   vertex 89741.2578 32347.8477 65270.5508
   vertex 89752.2031 32146.5762 65221.1719
   vertex 89885.4219 32218.6445 65083.2227
  endloop
 endfacet
facet normal -0.408821404 -0.0668991432 -0.910159111
  outer loop
   vertex 87909.7266 32908.5039 65428.6836
   vertex 88138.5547 32744.3359 65337.9648
   vertex 87856.6953 32846.7344 65457.0469
  endloop
 endfacet
facet normal 0.615344763 0.788208008 -0.00888693053
  outer loop
   vertex 89760.9141 32439.75 65101.8711
   vertex 89578.3438 32582.959 65162.0156
   vertex 89612.2812 32558.7012 65360.3281
  endloop
 endfacet
facet normal 0.826259851 0.1259166 0.549035192
  outer loop
   vertex 89741.2578 32347.8477 65270.5508
   vertex 89885.4219 32218.6445 65083.2227
   vertex 89854.2578 32330.7129 65104.418
  endloop
 endfacet
facet normal 0.689194739 0.599496841 0.406957239
  outer loop
   vertex 89854.2578 32330.7129 65104.418
   vertex 89760.9141 32439.75 65101.8711
   vertex 89741.2578 32347.8477 65270.5508
  endloop
 endfacet
facet normal 0.53554529 0.844426215 0.0116445972
  outer loop
   vertex 89414.9062 32683.6094 65379.918
   vertex 89612.2812 32558.7012 65360.3281
   vertex 89578.3438 32582.959 65162.0156
  endloop
 endfacet
facet normal 0.496347547 0.826144218 -0.266692489
  outer loop
   vertex 89414.9062 32683.6094 65379.918
   vertex 89536.0625 32640.1133 65470.6602
   vertex 89612.2812 32558.7012 65360.3281
  endloop
 endfacet
facet normal 0.86340487 0.393893272 0.315246135
  outer loop
   vertex 89760.9141 32439.75 65101.8711
   vertex 89612.2812 32558.7012 65360.3281
   vertex 89741.2578 32347.8477 65270.5508
  endloop
 endfacet
facet normal 0.934388816 0.133318454 0.330369145
  outer loop
   vertex 89557.4531 32608.2578 65495.4141
   vertex 89560.1719 32469.1934 65543.8359
   vertex 89612.2812 32558.7012 65360.3281
  endloop
 endfacet
facet normal 0.78292042 -0.409761399 0.468114495
  outer loop
   vertex 89591.8906 32616.0508 65444.6328
   vertex 89557.4531 32608.2578 65495.4141
   vertex 89612.2812 32558.7012 65360.3281
  endloop
 endfacet
facet normal 0.845868886 0.343732774 0.40786463
  outer loop
   vertex 89560.1719 32469.1934 65543.8359
   vertex 89741.2578 32347.8477 65270.5508
   vertex 89612.2812 32558.7012 65360.3281
  endloop
 endfacet
facet normal -0.248775542 -0.924511075 0.288773328
  outer loop
   vertex 88502.5625 32090.6523 65654.6094
   vertex 88631.1875 31987.8809 65436.3906
   vertex 88811.1641 31958.8965 65498.6445
  endloop
 endfacet
facet normal 0.0652237013 0.836840153 -0.543547988
  outer loop
   vertex 89150.2812 32726.9668 65180.2109
   vertex 89161.1641 32623.7539 65022.6094
   vertex 88991.4688 32747.8477 65193.3008
  endloop
 endfacet
facet normal -0.502952695 0.0353107005 -0.863592327
  outer loop
   vertex 87909.7266 32908.5039 65428.6836
   vertex 87856.6953 32846.7344 65457.0469
   vertex 87726.1719 33023.3594 65540.2812
  endloop
 endfacet
facet normal -0.311175525 0.358051598 -0.880323172
  outer loop
   vertex 87909.7266 32908.5039 65428.6836
   vertex 87726.1719 33023.3594 65540.2812
   vertex 87965.6797 33019.4219 65454.0195
  endloop
 endfacet
facet normal -0.628881037 -0.311357409 -0.71243614
  outer loop
   vertex 87903.9297 32734.3711 65448.2148
   vertex 88006.3438 32532.1211 65446.2031
   vertex 87667.6562 32834.5469 65613
  endloop
 endfacet
facet normal -0.615971208 -0.199030355 -0.762211502
  outer loop
   vertex 87903.9297 32734.3711 65448.2148
   vertex 87667.6562 32834.5469 65613
   vertex 87856.6953 32846.7344 65457.0469
  endloop
 endfacet
facet normal -0.629153669 -0.101775639 -0.770588994
  outer loop
   vertex 87667.6562 32834.5469 65613
   vertex 87726.1719 33023.3594 65540.2812
   vertex 87856.6953 32846.7344 65457.0469
  endloop
 endfacet
facet normal -0.392840594 -0.221939355 -0.892423213
  outer loop
   vertex 87667.6562 32834.5469 65613
   vertex 87607.6328 32993.0859 65599.9922
   vertex 87726.1719 33023.3594 65540.2812
  endloop
 endfacet
facet normal -0.493857712 0.11142993 -0.862373412
  outer loop
   vertex 88413.0312 32298.3672 65128.7695
   vertex 88304.7031 32431.7715 65208.043
   vertex 88520.9531 32322.9668 65070.1445
  endloop
 endfacet
facet normal -0.457670689 0.147204995 -0.87685132
  outer loop
   vertex 89305.9922 32113.9414 64645.3945
   vertex 89107.3438 32097.5664 64746.3281
   vertex 89160.8906 32260.9512 64745.8125
  endloop
 endfacet
facet normal -0.441829711 0.223119065 -0.868909895
  outer loop
   vertex 88520.9531 32322.9668 65070.1445
   vertex 88304.7031 32431.7715 65208.043
   vertex 88576.9219 32505.8242 65088.6406
  endloop
 endfacet
facet normal -0.748425603 -0.538717628 -0.386836469
  outer loop
   vertex 88006.3438 32532.1211 65446.2031
   vertex 88259.8984 32259.1035 65335.8477
   vertex 88031.4609 32354.4473 65645.0391
  endloop
 endfacet
facet normal -0.740384638 -0.511176705 -0.436496228
  outer loop
   vertex 88259.8984 32259.1035 65335.8477
   vertex 88006.3438 32532.1211 65446.2031
   vertex 88213.4453 32369.541 65285.3125
  endloop
 endfacet
facet normal -0.646453321 -0.350089014 -0.677890718
  outer loop
   vertex 87667.6562 32834.5469 65613
   vertex 88006.3438 32532.1211 65446.2031
   vertex 87787.3594 32618.4277 65610.4531
  endloop
 endfacet
facet normal -0.63412869 -0.520208538 -0.572069824
  outer loop
   vertex 87860.1484 32520.4316 65618.8906
   vertex 87787.3594 32618.4277 65610.4531
   vertex 88006.3438 32532.1211 65446.2031
  endloop
 endfacet
facet normal -0.681051672 -0.521628857 -0.513879359
  outer loop
   vertex 88259.8984 32259.1035 65335.8477
   vertex 88213.4453 32369.541 65285.3125
   vertex 88333.9375 32297.2988 65198.9492
  endloop
 endfacet
facet normal -0.517083466 -0.855224848 -0.0348581895
  outer loop
   vertex 88342.0078 32134.002 65526.4844
   vertex 88235.1641 32201.0664 65466.0586
   vertex 88361.0312 32129.0547 65365.7344
  endloop
 endfacet
facet normal -0.675020337 -0.617662787 -0.403534651
  outer loop
   vertex 88235.1641 32201.0664 65466.0586
   vertex 88259.8984 32259.1035 65335.8477
   vertex 88361.0312 32129.0547 65365.7344
  endloop
 endfacet
facet normal -0.450923115 -0.892187178 -0.0258917175
  outer loop
   vertex 88361.0312 32129.0547 65365.7344
   vertex 88571.875 32024.9395 65281.3398
   vertex 88342.0078 32134.002 65526.4844
  endloop
 endfacet
facet normal -0.511602461 -0.814655244 -0.273129493
  outer loop
   vertex 88361.0312 32129.0547 65365.7344
   vertex 88455.6484 32113.2051 65235.7812
   vertex 88571.875 32024.9395 65281.3398
  endloop
 endfacet
facet normal -0.398688465 -0.679495513 -0.615900397
  outer loop
   vertex 88683.1094 32052.7051 65042.5195
   vertex 88802.875 32071.666 64944.0742
   vertex 88823.4062 31967.4375 65045.7773
  endloop
 endfacet
facet normal -0.280425876 -0.869930267 0.405687928
  outer loop
   vertex 88756.5234 31929.2734 65397.3555
   vertex 88811.1641 31958.8965 65498.6445
   vertex 88631.1875 31987.8809 65436.3906
  endloop
 endfacet
facet normal -0.394778639 -0.898789346 0.190597743
  outer loop
   vertex 88502.5625 32090.6523 65654.6094
   vertex 88342.0078 32134.002 65526.4844
   vertex 88631.1875 31987.8809 65436.3906
  endloop
 endfacet
facet normal -0.459667891 -0.887351036 -0.0362430774
  outer loop
   vertex 88571.875 32024.9395 65281.3398
   vertex 88631.1875 31987.8809 65436.3906
   vertex 88342.0078 32134.002 65526.4844
  endloop
 endfacet
facet normal -0.0924045593 -0.995661318 0.0109530585
  outer loop
   vertex 89367.6484 31850.9258 65205.8789
   vertex 89268.625 31861.4727 65329.1914
   vertex 89125.8516 31874.3398 65294.4492
  endloop
 endfacet
facet normal 0.0962286592 -0.866286635 0.490191311
  outer loop
   vertex 89282.1875 31892.1309 65399.7031
   vertex 89220.4062 31920.8691 65462.6172
   vertex 89190.75 31889.7109 65413.375
  endloop
 endfacet
facet normal 0.0817818567 -0.919645429 0.384140551
  outer loop
   vertex 89268.625 31861.4727 65329.1914
   vertex 89282.1875 31892.1309 65399.7031
   vertex 89190.75 31889.7109 65413.375
  endloop
 endfacet
facet normal -0.303827852 -0.90961051 0.283367872
  outer loop
   vertex 89125.8516 31874.3398 65294.4492
   vertex 89190.75 31889.7109 65413.375
   vertex 89042.2188 31987.791 65568.9531
  endloop
 endfacet
facet normal 0.00126760011 -0.845382273 0.534160316
  outer loop
   vertex 89042.2188 31987.791 65568.9531
   vertex 89190.75 31889.7109 65413.375
   vertex 89220.4062 31920.8691 65462.6172
  endloop
 endfacet
facet normal -0.660115302 -0.0930974036 -0.745372832
  outer loop
   vertex 88333.9375 32297.2988 65198.9492
   vertex 88304.7031 32431.7715 65208.043
   vertex 88413.0312 32298.3672 65128.7695
  endloop
 endfacet
facet normal -0.482161224 -0.70253855 -0.523411989
  outer loop
   vertex 89252.0547 31891.3359 64762.2422
   vertex 89100.6328 31884.5801 64910.8008
   vertex 89054.5 31980.5215 64824.5234
  endloop
 endfacet
facet normal -0.43208459 -0.814298987 -0.387582392
  outer loop
   vertex 89100.6328 31884.5801 64910.8008
   vertex 88970.3828 31884.3672 65056.4492
   vertex 88823.4062 31967.4375 65045.7773
  endloop
 endfacet
facet normal -0.158383787 -0.982997656 0.0928986743
  outer loop
   vertex 89128.8984 31850.918 65051.8086
   vertex 89125.8516 31874.3398 65294.4492
   vertex 88847.4375 31915.4414 65254.6875
  endloop
 endfacet
facet normal -0.433130175 -0.865623593 -0.251185328
  outer loop
   vertex 88571.875 32024.9395 65281.3398
   vertex 88604.6953 32051.9121 65131.793
   vertex 88823.4062 31967.4375 65045.7773
  endloop
 endfacet
facet normal -0.205672905 -0.978280783 0.0257936232
  outer loop
   vertex 88970.3828 31884.3672 65056.4492
   vertex 89128.8984 31850.918 65051.8086
   vertex 88847.4375 31915.4414 65254.6875
  endloop
 endfacet
facet normal -0.646584809 -0.504245579 -0.572419822
  outer loop
   vertex 88534.9062 32178.666 65098.9648
   vertex 88683.1094 32052.7051 65042.5195
   vertex 88604.6953 32051.9121 65131.793
  endloop
 endfacet
facet normal -0.624401093 -0.49934274 -0.600649774
  outer loop
   vertex 88455.6484 32113.2051 65235.7812
   vertex 88534.9062 32178.666 65098.9648
   vertex 88604.6953 32051.9121 65131.793
  endloop
 endfacet
facet normal -0.652181625 -0.463709176 -0.599694014
  outer loop
   vertex 88534.9062 32178.666 65098.9648
   vertex 88455.6484 32113.2051 65235.7812
   vertex 88259.8984 32259.1035 65335.8477
  endloop
 endfacet
facet normal -0.611043274 -0.612566531 -0.501386404
  outer loop
   vertex 88534.9062 32178.666 65098.9648
   vertex 88259.8984 32259.1035 65335.8477
   vertex 88333.9375 32297.2988 65198.9492
  endloop
 endfacet
facet normal -0.374627262 -0.923929393 -0.0775168315
  outer loop
   vertex 88847.4375 31915.4414 65254.6875
   vertex 88631.1875 31987.8809 65436.3906
   vertex 88571.875 32024.9395 65281.3398
  endloop
 endfacet
facet normal -0.467822909 -0.857271314 -0.215006024
  outer loop
   vertex 88847.4375 31915.4414 65254.6875
   vertex 88756.5234 31929.2734 65397.3555
   vertex 88631.1875 31987.8809 65436.3906
  endloop
 endfacet
facet normal -0.517056644 -0.815336645 -0.26053521
  outer loop
   vertex 88571.875 32024.9395 65281.3398
   vertex 88455.6484 32113.2051 65235.7812
   vertex 88604.6953 32051.9121 65131.793
  endloop
 endfacet
facet normal -0.567708433 -0.329985529 -0.754199386
  outer loop
   vertex 88802.875 32071.666 64944.0742
   vertex 88683.1094 32052.7051 65042.5195
   vertex 88534.9062 32178.666 65098.9648
  endloop
 endfacet
facet normal -0.160780072 0.296164751 -0.941507399
  outer loop
   vertex 87909.7266 32908.5039 65428.6836
   vertex 87965.6797 33019.4219 65454.0195
   vertex 88138.5547 32744.3359 65337.9648
  endloop
 endfacet
facet normal -0.474243641 0.0497948341 -0.878984332
  outer loop
   vertex 88817.9531 32237.502 64910.3945
   vertex 89107.3438 32097.5664 64746.3281
   vertex 88940.7969 32085.7363 64835.5195
  endloop
 endfacet
facet normal -0.47683537 -0.864262581 -0.160244226
  outer loop
   vertex 88970.3828 31884.3672 65056.4492
   vertex 88847.4375 31915.4414 65254.6875
   vertex 88823.4062 31967.4375 65045.7773
  endloop
 endfacet
facet normal -0.469648778 -0.704416811 -0.53219074
  outer loop
   vertex 88823.4062 31967.4375 65045.7773
   vertex 89054.5 31980.5215 64824.5234
   vertex 89100.6328 31884.5801 64910.8008
  endloop
 endfacet
facet normal -0.0364372768 -0.986240208 0.161253035
  outer loop
   vertex 89125.8516 31874.3398 65294.4492
   vertex 89347.6172 31824.3359 65038.7227
   vertex 89367.6484 31850.9258 65205.8789
  endloop
 endfacet
facet normal -0.208059222 -0.959985375 -0.187455133
  outer loop
   vertex 89100.6328 31884.5801 64910.8008
   vertex 89128.8984 31850.918 65051.8086
   vertex 88970.3828 31884.3672 65056.4492
  endloop
 endfacet
facet normal -0.465316564 -0.781477034 -0.415661037
  outer loop
   vertex 88604.6953 32051.9121 65131.793
   vertex 88683.1094 32052.7051 65042.5195
   vertex 88823.4062 31967.4375 65045.7773
  endloop
 endfacet
facet normal -0.378261536 -0.90755862 -0.182361156
  outer loop
   vertex 88847.4375 31915.4414 65254.6875
   vertex 88571.875 32024.9395 65281.3398
   vertex 88823.4062 31967.4375 65045.7773
  endloop
 endfacet
facet normal 0.497105002 -0.798230231 0.340169221
  outer loop
   vertex 89923.2969 31970.3242 64817.2578
   vertex 90032.1484 32057.4688 64862.6719
   vertex 89988.2734 32048.4414 64905.6094
  endloop
 endfacet
facet normal 0.112194076 -0.954054356 0.277835876
  outer loop
   vertex 89578.6406 31840.4004 65000.5977
   vertex 89347.6172 31824.3359 65038.7227
   vertex 89477.9766 31802.6055 64911.4609
  endloop
 endfacet
facet normal -0.124816954 -0.989216089 -0.0766305253
  outer loop
   vertex 89128.8984 31850.918 65051.8086
   vertex 89392.3594 31837.0156 64802.1367
   vertex 89347.6172 31824.3359 65038.7227
  endloop
 endfacet
facet normal -0.224383816 -0.957070887 -0.183486342
  outer loop
   vertex 89128.8984 31850.918 65051.8086
   vertex 89100.6328 31884.5801 64910.8008
   vertex 89392.3594 31837.0156 64802.1367
  endloop
 endfacet
facet normal 0.13476263 0.873914838 -0.467024535
  outer loop
   vertex 89347.625 32659.748 65143.7656
   vertex 89432.0781 32518.7402 64904.2773
   vertex 89161.1641 32623.7539 65022.6094
  endloop
 endfacet
facet normal 0.184249789 0.828026116 -0.529551506
  outer loop
   vertex 89347.625 32659.748 65143.7656
   vertex 89161.1641 32623.7539 65022.6094
   vertex 89150.2812 32726.9668 65180.2109
  endloop
 endfacet
facet normal -0.436178088 0.140123978 -0.888883531
  outer loop
   vertex 89107.3438 32097.5664 64746.3281
   vertex 88817.9531 32237.502 64910.3945
   vertex 89160.8906 32260.9512 64745.8125
  endloop
 endfacet
facet normal -0.258109272 -0.960892737 -0.100323074
  outer loop
   vertex 89347.6172 31824.3359 65038.7227
   vertex 89392.3594 31837.0156 64802.1367
   vertex 89477.9766 31802.6055 64911.4609
  endloop
 endfacet
facet normal -0.449268281 -0.460628122 -0.765493155
  outer loop
   vertex 89054.5 31980.5215 64824.5234
   vertex 89378.6016 31957.0566 64648.4219
   vertex 89252.0547 31891.3359 64762.2422
  endloop
 endfacet
facet normal 0.0888563395 -0.949125588 0.302101284
  outer loop
   vertex 89577.0625 31788.1055 64836.7656
   vertex 89578.6406 31840.4004 65000.5977
   vertex 89477.9766 31802.6055 64911.4609
  endloop
 endfacet
facet normal -0.0784747973 -0.949488461 0.303831071
  outer loop
   vertex 89651.6719 31788.9258 64858.5977
   vertex 89578.6406 31840.4004 65000.5977
   vertex 89577.0625 31788.1055 64836.7656
  endloop
 endfacet
facet normal -0.28146404 -0.922082424 -0.265597463
  outer loop
   vertex 89340.7812 31877.4824 64716.3086
   vertex 89392.3594 31837.0156 64802.1367
   vertex 89252.0547 31891.3359 64762.2422
  endloop
 endfacet
facet normal -0.264786482 -0.912643552 -0.311399817
  outer loop
   vertex 89392.3594 31837.0156 64802.1367
   vertex 89100.6328 31884.5801 64910.8008
   vertex 89252.0547 31891.3359 64762.2422
  endloop
 endfacet
facet normal -0.46657303 -0.435161948 -0.770028353
  outer loop
   vertex 89340.7812 31877.4824 64716.3086
   vertex 89252.0547 31891.3359 64762.2422
   vertex 89378.6016 31957.0566 64648.4219
  endloop
 endfacet
facet normal -0.504961789 -0.651695609 -0.565956235
  outer loop
   vertex 88823.4062 31967.4375 65045.7773
   vertex 88802.875 32071.666 64944.0742
   vertex 89054.5 31980.5215 64824.5234
  endloop
 endfacet
facet normal -0.512214601 -0.479024112 -0.712861955
  outer loop
   vertex 89054.5 31980.5215 64824.5234
   vertex 88802.875 32071.666 64944.0742
   vertex 88940.7969 32085.7363 64835.5195
  endloop
 endfacet
facet normal -0.468476474 -0.334688723 -0.817626595
  outer loop
   vertex 89378.6016 31957.0566 64648.4219
   vertex 89054.5 31980.5215 64824.5234
   vertex 89107.3438 32097.5664 64746.3281
  endloop
 endfacet
facet normal -0.428227127 -0.215136021 -0.877689004
  outer loop
   vertex 89305.9922 32113.9414 64645.3945
   vertex 89378.6016 31957.0566 64648.4219
   vertex 89107.3438 32097.5664 64746.3281
  endloop
 endfacet
facet normal -0.532685995 -0.121659592 -0.837522924
  outer loop
   vertex 88802.875 32071.666 64944.0742
   vertex 88534.9062 32178.666 65098.9648
   vertex 88817.9531 32237.502 64910.3945
  endloop
 endfacet
facet normal -0.60850358 -0.104434587 -0.786649108
  outer loop
   vertex 88940.7969 32085.7363 64835.5195
   vertex 88802.875 32071.666 64944.0742
   vertex 88817.9531 32237.502 64910.3945
  endloop
 endfacet
facet normal -0.427415907 -0.216632098 -0.877716482
  outer loop
   vertex 88520.9531 32322.9668 65070.1445
   vertex 88534.9062 32178.666 65098.9648
   vertex 88413.0312 32298.3672 65128.7695
  endloop
 endfacet
facet normal -0.0714844689 0.349243104 -0.934301436
  outer loop
   vertex 87965.6797 33019.4219 65454.0195
   vertex 88296.9375 32982.6914 65414.9453
   vertex 88138.5547 32744.3359 65337.9648
  endloop
 endfacet
facet normal -0.248082995 0.44307071 -0.861477315
  outer loop
   vertex 88296.9375 32982.6914 65414.9453
   vertex 88508.9609 32751.8438 65235.1602
   vertex 88138.5547 32744.3359 65337.9648
  endloop
 endfacet
facet normal -0.0800186098 0.766724706 -0.636969626
  outer loop
   vertex 89161.1641 32623.7539 65022.6094
   vertex 88850.25 32640.3184 65081.6055
   vertex 88991.4688 32747.8477 65193.3008
  endloop
 endfacet
facet normal -0.593873739 -0.436356843 -0.675948679
  outer loop
   vertex 88534.9062 32178.666 65098.9648
   vertex 88333.9375 32297.2988 65198.9492
   vertex 88413.0312 32298.3672 65128.7695
  endloop
 endfacet
facet normal -0.409869224 -0.198691234 -0.890240967
  outer loop
   vertex 87903.9297 32734.3711 65448.2148
   vertex 88138.5547 32744.3359 65337.9648
   vertex 88006.3438 32532.1211 65446.2031
  endloop
 endfacet
facet normal -0.419237435 -0.105357692 -0.901742578
  outer loop
   vertex 87903.9297 32734.3711 65448.2148
   vertex 87856.6953 32846.7344 65457.0469
   vertex 88138.5547 32744.3359 65337.9648
  endloop
 endfacet
facet normal -0.429791182 0.142174691 -0.891664684
  outer loop
   vertex 88304.7031 32431.7715 65208.043
   vertex 88138.5547 32744.3359 65337.9648
   vertex 88576.9219 32505.8242 65088.6406
  endloop
 endfacet
facet normal -0.24179329 0.446335196 -0.861580491
  outer loop
   vertex 88508.9609 32751.8438 65235.1602
   vertex 88850.25 32640.3184 65081.6055
   vertex 88576.9219 32505.8242 65088.6406
  endloop
 endfacet
facet normal -0.289005607 0.546224713 -0.78620249
  outer loop
   vertex 88850.25 32640.3184 65081.6055
   vertex 88938.5625 32429.9492 64902.9844
   vertex 88576.9219 32505.8242 65088.6406
  endloop
 endfacet
facet normal -0.247950405 0.44423762 -0.86091435
  outer loop
   vertex 88138.5547 32744.3359 65337.9648
   vertex 88508.9609 32751.8438 65235.1602
   vertex 88576.9219 32505.8242 65088.6406
  endloop
 endfacet
facet normal -0.408124477 0.221685544 -0.885601461
  outer loop
   vertex 88938.5625 32429.9492 64902.9844
   vertex 88817.9531 32237.502 64910.3945
   vertex 88576.9219 32505.8242 65088.6406
  endloop
 endfacet
facet normal -0.509961128 -0.215630189 -0.832732379
  outer loop
   vertex 88534.9062 32178.666 65098.9648
   vertex 88520.9531 32322.9668 65070.1445
   vertex 88817.9531 32237.502 64910.3945
  endloop
 endfacet
facet normal -0.413569093 0.216042757 -0.88446939
  outer loop
   vertex 88520.9531 32322.9668 65070.1445
   vertex 88576.9219 32505.8242 65088.6406
   vertex 88817.9531 32237.502 64910.3945
  endloop
 endfacet
facet normal -0.0710873976 0.76645869 -0.638347626
  outer loop
   vertex 89073.6562 32524.0801 64912.6758
   vertex 89161.1641 32623.7539 65022.6094
   vertex 89248.6562 32492.791 64855.6211
  endloop
 endfacet
facet normal -0.344266117 0.355333477 -0.869033337
  outer loop
   vertex 88938.5625 32429.9492 64902.9844
   vertex 89163.8516 32414.2637 64807.3242
   vertex 89160.8906 32260.9512 64745.8125
  endloop
 endfacet
facet normal -0.315588683 0.533692837 -0.78458631
  outer loop
   vertex 88938.5625 32429.9492 64902.9844
   vertex 88850.25 32640.3184 65081.6055
   vertex 89073.6562 32524.0801 64912.6758
  endloop
 endfacet
facet normal -0.303527653 0.517944753 -0.799752593
  outer loop
   vertex 89163.8516 32414.2637 64807.3242
   vertex 88938.5625 32429.9492 64902.9844
   vertex 89073.6562 32524.0801 64912.6758
  endloop
 endfacet
facet normal -0.0903316885 0.590691268 -0.801825404
  outer loop
   vertex 89163.8516 32414.2637 64807.3242
   vertex 89248.6562 32492.791 64855.6211
   vertex 89391.7266 32351.8359 64735.6641
  endloop
 endfacet
facet normal 0.0466211475 0.797732115 -0.601207078
  outer loop
   vertex 89248.6562 32492.791 64855.6211
   vertex 89161.1641 32623.7539 65022.6094
   vertex 89432.0781 32518.7402 64904.2773
  endloop
 endfacet
facet normal -0.138428837 0.35175842 -0.925798833
  outer loop
   vertex 89478.0078 32084.9824 64579.6484
   vertex 89403.8438 32196.0176 64632.9258
   vertex 89667.9922 32170.4336 64583.7109
  endloop
 endfacet
facet normal -0.241150856 0.521068215 -0.818739414
  outer loop
   vertex 89391.7266 32351.8359 64735.6641
   vertex 89403.8438 32196.0176 64632.9258
   vertex 89160.8906 32260.9512 64745.8125
  endloop
 endfacet
facet normal -0.185324803 0.369000882 -0.910765111
  outer loop
   vertex 89391.7266 32351.8359 64735.6641
   vertex 89160.8906 32260.9512 64745.8125
   vertex 89163.8516 32414.2637 64807.3242
  endloop
 endfacet
facet normal -0.344112188 0.273817003 -0.898115277
  outer loop
   vertex 89305.9922 32113.9414 64645.3945
   vertex 89160.8906 32260.9512 64745.8125
   vertex 89403.8438 32196.0176 64632.9258
  endloop
 endfacet
facet normal 0.0901220739 0.696940124 -0.711443961
  outer loop
   vertex 89432.0781 32518.7402 64904.2773
   vertex 89391.7266 32351.8359 64735.6641
   vertex 89248.6562 32492.791 64855.6211
  endloop
 endfacet
facet normal 0.00874263886 -0.977289617 -0.211727619
  outer loop
   vertex 89653.9453 31795.4004 64707.3789
   vertex 89724.375 31788.3906 64742.6406
   vertex 89677.1016 31778.1602 64787.918
  endloop
 endfacet
facet normal -0.378464758 -0.192638397 -0.905347943
  outer loop
   vertex 89305.9922 32113.9414 64645.3945
   vertex 89478.0078 32084.9824 64579.6484
   vertex 89378.6016 31957.0566 64648.4219
  endloop
 endfacet
facet normal -0.312733203 0.232953683 -0.920831442
  outer loop
   vertex 89403.8438 32196.0176 64632.9258
   vertex 89478.0078 32084.9824 64579.6484
   vertex 89305.9922 32113.9414 64645.3945
  endloop
 endfacet
facet normal -0.5776999 0.459907949 -0.674349666
  outer loop
   vertex 89667.9922 32170.4336 64583.7109
   vertex 89710.4922 32070.4648 64479.1211
   vertex 89618.2578 32006.7207 64514.668
  endloop
 endfacet
facet normal -0.17304115 0.426895916 -0.887590349
  outer loop
   vertex 89667.9922 32170.4336 64583.7109
   vertex 89618.2578 32006.7207 64514.668
   vertex 89478.0078 32084.9824 64579.6484
  endloop
 endfacet
facet normal -0.471591771 0.460680455 -0.751914024
  outer loop
   vertex 89728.1875 32084.1602 64476.4141
   vertex 89741.4141 32061.8027 64454.418
   vertex 89710.4922 32070.4648 64479.1211
  endloop
 endfacet
facet normal -0.503522873 0.513142347 -0.695089638
  outer loop
   vertex 89667.9922 32170.4336 64583.7109
   vertex 89728.1875 32084.1602 64476.4141
   vertex 89710.4922 32070.4648 64479.1211
  endloop
 endfacet
facet normal 0.631826162 0.768067181 -0.104252197
  outer loop
   vertex 89760.9141 32439.75 65101.8711
   vertex 89921.9375 32286.4277 64948.1406
   vertex 89786.7578 32387.3398 64872.3359
  endloop
 endfacet
facet normal 0.750327289 0.64564234 0.141968116
  outer loop
   vertex 89921.9375 32286.4277 64948.1406
   vertex 89760.9141 32439.75 65101.8711
   vertex 89854.2578 32330.7129 65104.418
  endloop
 endfacet
facet normal 0.891397893 -0.279645681 -0.356662452
  outer loop
   vertex 90004.9141 32083.5371 64694.832
   vertex 90062.2266 32127.6953 64803.4492
   vertex 90043.2812 32063.2051 64806.668
  endloop
 endfacet
facet normal 0.86240977 -0.418385804 -0.284960896
  outer loop
   vertex 90064.1719 32181.8867 64729.7773
   vertex 90062.2266 32127.6953 64803.4492
   vertex 90004.9141 32083.5371 64694.832
  endloop
 endfacet
facet normal 0.323271841 0.930874825 -0.170198113
  outer loop
   vertex 89578.3438 32582.959 65162.0156
   vertex 89548.9375 32565.7812 65012.1992
   vertex 89347.625 32659.748 65143.7656
  endloop
 endfacet
facet normal 0.0928931534 0.871978581 -0.480649799
  outer loop
   vertex 89432.0781 32518.7402 64904.2773
   vertex 89347.625 32659.748 65143.7656
   vertex 89548.9375 32565.7812 65012.1992
  endloop
 endfacet
facet normal 0.0281357635 0.666721582 -0.744775653
  outer loop
   vertex 89667.9922 32170.4336 64583.7109
   vertex 89391.7266 32351.8359 64735.6641
   vertex 89629.5859 32377.4629 64767.5898
  endloop
 endfacet
facet normal 0.0183894094 0.708375692 -0.70559597
  outer loop
   vertex 89391.7266 32351.8359 64735.6641
   vertex 89432.0781 32518.7402 64904.2773
   vertex 89629.5859 32377.4629 64767.5898
  endloop
 endfacet
facet normal 0.331748337 0.817861259 -0.470155299
  outer loop
   vertex 89786.7578 32387.3398 64872.3359
   vertex 89958.25 32240.7285 64738.3125
   vertex 89794.0156 32288.8965 64706.2109
  endloop
 endfacet
facet normal 0.129554927 0.84992224 -0.510732472
  outer loop
   vertex 89432.0781 32518.7402 64904.2773
   vertex 89548.9375 32565.7812 65012.1992
   vertex 89631.0547 32485.7227 64899.8047
  endloop
 endfacet
facet normal 0.113296062 0.768117964 -0.630205393
  outer loop
   vertex 89629.5859 32377.4629 64767.5898
   vertex 89432.0781 32518.7402 64904.2773
   vertex 89631.0547 32485.7227 64899.8047
  endloop
 endfacet
facet normal 0.358001173 0.864055336 -0.353897542
  outer loop
   vertex 89631.0547 32485.7227 64899.8047
   vertex 89548.9375 32565.7812 65012.1992
   vertex 89680.0547 32507.4277 65002.3711
  endloop
 endfacet
facet normal 0.0860718638 0.670485437 -0.736913145
  outer loop
   vertex 89629.5859 32377.4629 64767.5898
   vertex 89794.0156 32288.8965 64706.2109
   vertex 89667.9922 32170.4336 64583.7109
  endloop
 endfacet
facet normal 0.269031882 0.833686709 -0.482274145
  outer loop
   vertex 89629.5859 32377.4629 64767.5898
   vertex 89786.7578 32387.3398 64872.3359
   vertex 89794.0156 32288.8965 64706.2109
  endloop
 endfacet
facet normal 0.351446688 0.722446859 -0.595445812
  outer loop
   vertex 89629.5859 32377.4629 64767.5898
   vertex 89631.0547 32485.7227 64899.8047
   vertex 89786.7578 32387.3398 64872.3359
  endloop
 endfacet
facet normal 0.61951828 0.782435715 -0.0631775409
  outer loop
   vertex 89921.9375 32286.4277 64948.1406
   vertex 89958.25 32240.7285 64738.3125
   vertex 89786.7578 32387.3398 64872.3359
  endloop
 endfacet
facet normal 0.0650683045 0.683055937 -0.727461815
  outer loop
   vertex 89667.9922 32170.4336 64583.7109
   vertex 89794.0156 32288.8965 64706.2109
   vertex 89846.1016 32217.3574 64643.6992
  endloop
 endfacet
facet normal 0.0808525905 0.744871914 -0.662290514
  outer loop
   vertex 89895.8516 32135.9473 64612.8438
   vertex 89958.25 32240.7285 64738.3125
   vertex 90036.5703 32179.8711 64679.4258
  endloop
 endfacet
facet normal 0.469215244 0.548888445 -0.691779256
  outer loop
   vertex 89895.8516 32135.9473 64612.8438
   vertex 89846.1016 32217.3574 64643.6992
   vertex 89958.25 32240.7285 64738.3125
  endloop
 endfacet
facet normal 0.444024056 0.809790075 -0.38351354
  outer loop
   vertex 89786.7578 32387.3398 64872.3359
   vertex 89631.0547 32485.7227 64899.8047
   vertex 89680.0547 32507.4277 65002.3711
  endloop
 endfacet
facet normal 0.331652224 0.746052265 -0.577419102
  outer loop
   vertex 89846.1016 32217.3574 64643.6992
   vertex 89794.0156 32288.8965 64706.2109
   vertex 89958.25 32240.7285 64738.3125
  endloop
 endfacet
facet normal 0.698167026 0.711018622 -0.0837574899
  outer loop
   vertex 89760.9141 32439.75 65101.8711
   vertex 89786.7578 32387.3398 64872.3359
   vertex 89680.0547 32507.4277 65002.3711
  endloop
 endfacet
facet normal 0.38866353 0.903643727 -0.17991282
  outer loop
   vertex 89548.9375 32565.7812 65012.1992
   vertex 89578.3438 32582.959 65162.0156
   vertex 89680.0547 32507.4277 65002.3711
  endloop
 endfacet
facet normal 0.622330844 0.782310247 0.0263629407
  outer loop
   vertex 89578.3438 32582.959 65162.0156
   vertex 89760.9141 32439.75 65101.8711
   vertex 89680.0547 32507.4277 65002.3711
  endloop
 endfacet
facet normal 0.0104925651 -0.999234319 0.0376925766
  outer loop
   vertex 89653.3281 31862.6914 64565.5625
   vertex 89746.3594 31861.5664 64509.8555
   vertex 89790.6406 31863.0625 64537.1875
  endloop
 endfacet
facet normal 0.564040065 0.821731567 -0.0813387781
  outer loop
   vertex 89958.25 32240.7285 64738.3125
   vertex 89921.9375 32286.4277 64948.1406
   vertex 90029.6875 32200.2988 64825.2266
  endloop
 endfacet
facet normal 0.811691582 0.366911292 0.454458922
  outer loop
   vertex 89921.9375 32286.4277 64948.1406
   vertex 90008.9375 32135.5742 64914.5469
   vertex 90029.6875 32200.2988 64825.2266
  endloop
 endfacet
facet normal 0.919379771 0.190560266 0.344133168
  outer loop
   vertex 89885.4219 32218.6445 65083.2227
   vertex 89921.9375 32286.4277 64948.1406
   vertex 89854.2578 32330.7129 65104.418
  endloop
 endfacet
facet normal 0.824979424 0.38328898 0.415329427
  outer loop
   vertex 89921.9375 32286.4277 64948.1406
   vertex 89885.4219 32218.6445 65083.2227
   vertex 90008.9375 32135.5742 64914.5469
  endloop
 endfacet
facet normal 0.907155514 0.327157944 0.264644146
  outer loop
   vertex 90064.1719 32181.8867 64729.7773
   vertex 90029.6875 32200.2988 64825.2266
   vertex 90062.2266 32127.6953 64803.4492
  endloop
 endfacet
facet normal 0.273494989 -0.0821184218 -0.958361626
  outer loop
   vertex 90086.1406 32194.8906 64692.2852
   vertex 90074.1094 32167.7891 64691.1758
   vertex 90036.5703 32179.8711 64679.4258
  endloop
 endfacet
facet normal -0.0825054944 0.636117101 -0.767168701
  outer loop
   vertex 89958.25 32240.7285 64738.3125
   vertex 90062.5 32209.8535 64701.4961
   vertex 90036.5703 32179.8711 64679.4258
  endloop
 endfacet
facet normal 0.0404310301 0.569449663 -0.821031332
  outer loop
   vertex 90062.5 32209.8535 64701.4961
   vertex 90086.1406 32194.8906 64692.2852
   vertex 90036.5703 32179.8711 64679.4258
  endloop
 endfacet
facet normal 0.589111149 0.591672659 0.550337672
  outer loop
   vertex 90086.1406 32194.8906 64692.2852
   vertex 90062.5 32209.8535 64701.4961
   vertex 90064.1719 32181.8867 64729.7773
  endloop
 endfacet
facet normal 0.416389048 0.658636093 0.626752496
  outer loop
   vertex 90062.5 32209.8535 64701.4961
   vertex 89958.25 32240.7285 64738.3125
   vertex 90064.1719 32181.8867 64729.7773
  endloop
 endfacet
facet normal 0.486050248 0.873902619 0.00702723674
  outer loop
   vertex 90029.6875 32200.2988 64825.2266
   vertex 90064.1719 32181.8867 64729.7773
   vertex 89958.25 32240.7285 64738.3125
  endloop
 endfacet
facet normal -0.467206419 -0.108677678 -0.877443612
  outer loop
   vertex 89478.0078 32084.9824 64579.6484
   vertex 89618.2578 32006.7207 64514.668
   vertex 89378.6016 31957.0566 64648.4219
  endloop
 endfacet
facet normal 0.841278374 0.539239645 0.0383585133
  outer loop
   vertex 89728.1875 32084.1602 64476.4141
   vertex 89667.9922 32170.4336 64583.7109
   vertex 89761.5234 32030.8516 64494.6836
  endloop
 endfacet
facet normal 0.481826633 -0.290567517 -0.826688349
  outer loop
   vertex 90004.9141 32083.5371 64694.832
   vertex 89895.8516 32135.9473 64612.8438
   vertex 90036.5703 32179.8711 64679.4258
  endloop
 endfacet
facet normal 0.224202678 -0.225319102 -0.948137343
  outer loop
   vertex 90004.9141 32083.5371 64694.832
   vertex 90036.5703 32179.8711 64679.4258
   vertex 90074.1094 32167.7891 64691.1758
  endloop
 endfacet
facet normal 0.850960314 0.524790585 -0.0214789491
  outer loop
   vertex 89741.4141 32061.8027 64454.418
   vertex 89728.1875 32084.1602 64476.4141
   vertex 89761.5234 32030.8516 64494.6836
  endloop
 endfacet
facet normal 0.411137879 -0.793101013 0.449395597
  outer loop
   vertex 89780.7109 31922.1309 64959.9727
   vertex 89578.6406 31840.4004 65000.5977
   vertex 89742.6484 31829.3164 64830.9883
  endloop
 endfacet
facet normal 0.410789579 -0.785793424 0.462364167
  outer loop
   vertex 89694.1016 31979.8457 65135.0078
   vertex 89578.6406 31840.4004 65000.5977
   vertex 89780.7109 31922.1309 64959.9727
  endloop
 endfacet
facet normal 0.190940976 0.61559546 -0.764580786
  outer loop
   vertex 89895.8516 32135.9473 64612.8438
   vertex 89761.5234 32030.8516 64494.6836
   vertex 89667.9922 32170.4336 64583.7109
  endloop
 endfacet
facet normal 0.179335192 0.442573816 -0.878616691
  outer loop
   vertex 89895.8516 32135.9473 64612.8438
   vertex 89667.9922 32170.4336 64583.7109
   vertex 89846.1016 32217.3574 64643.6992
  endloop
 endfacet
facet normal 0.603026628 -0.309175432 0.735370278
  outer loop
   vertex 90065.5391 32093.6953 64850.5234
   vertex 90008.9375 32135.5742 64914.5469
   vertex 90032.1484 32057.4688 64862.6719
  endloop
 endfacet
facet normal 0.796083331 -0.604525208 -0.0282954816
  outer loop
   vertex 89923.2969 31970.3242 64817.2578
   vertex 89878.0312 31920.1309 64616.2695
   vertex 90004.9141 32083.5371 64694.832
  endloop
 endfacet
facet normal 0.559403181 -0.760307848 -0.330151558
  outer loop
   vertex 89923.2969 31970.3242 64817.2578
   vertex 90004.9141 32083.5371 64694.832
   vertex 90043.2812 32063.2051 64806.668
  endloop
 endfacet
facet normal 0.471527934 -0.782455325 0.406724751
  outer loop
   vertex 89694.1016 31979.8457 65135.0078
   vertex 89497.0859 31919.5195 65247.3555
   vertex 89578.6406 31840.4004 65000.5977
  endloop
 endfacet
facet normal 0.332446277 -0.860597849 0.385811836
  outer loop
   vertex 89497.0859 31919.5195 65247.3555
   vertex 89367.6484 31850.9258 65205.8789
   vertex 89578.6406 31840.4004 65000.5977
  endloop
 endfacet
facet normal 0.920192242 -0.283761054 -0.26967749
  outer loop
   vertex 90062.2266 32127.6953 64803.4492
   vertex 90065.5391 32093.6953 64850.5234
   vertex 90043.2812 32063.2051 64806.668
  endloop
 endfacet
facet normal 0.746261179 -0.660744607 0.080689691
  outer loop
   vertex 90043.2812 32063.2051 64806.668
   vertex 90065.5391 32093.6953 64850.5234
   vertex 90032.1484 32057.4688 64862.6719
  endloop
 endfacet
facet normal 0.59324801 -0.726159155 0.347490519
  outer loop
   vertex 89923.2969 31970.3242 64817.2578
   vertex 89780.7109 31922.1309 64959.9727
   vertex 89742.6484 31829.3164 64830.9883
  endloop
 endfacet
facet normal 0.846945345 -0.390577346 0.36073941
  outer loop
   vertex 90086.1406 32194.8906 64692.2852
   vertex 90064.1719 32181.8867 64729.7773
   vertex 90074.1094 32167.7891 64691.1758
  endloop
 endfacet
facet normal -0.173836738 -0.97199899 -0.158109903
  outer loop
   vertex 89653.9453 31795.4004 64707.3789
   vertex 89677.1016 31778.1602 64787.918
   vertex 89577.0625 31788.1055 64836.7656
  endloop
 endfacet
facet normal -0.219178379 -0.95812571 -0.18427141
  outer loop
   vertex 89653.9453 31795.4004 64707.3789
   vertex 89577.0625 31788.1055 64836.7656
   vertex 89392.3594 31837.0156 64802.1367
  endloop
 endfacet
facet normal 0.61414057 -0.769855082 0.173650354
  outer loop
   vertex 89923.2969 31970.3242 64817.2578
   vertex 89742.6484 31829.3164 64830.9883
   vertex 89788.6172 31831.5625 64678.3672
  endloop
 endfacet
facet normal 0.774706066 0.537226796 0.333493471
  outer loop
   vertex 90008.9375 32135.5742 64914.5469
   vertex 90065.5391 32093.6953 64850.5234
   vertex 90062.2266 32127.6953 64803.4492
  endloop
 endfacet
facet normal 0.875021398 0.272031575 0.400420219
  outer loop
   vertex 90008.9375 32135.5742 64914.5469
   vertex 90062.2266 32127.6953 64803.4492
   vertex 90029.6875 32200.2988 64825.2266
  endloop
 endfacet
facet normal 0.387083381 -0.813300252 0.434406668
  outer loop
   vertex 89988.2734 32048.4414 64905.6094
   vertex 89883.6016 32054.3145 65009.8711
   vertex 89923.2969 31970.3242 64817.2578
  endloop
 endfacet
facet normal 0.63540411 -0.651239812 0.414907545
  outer loop
   vertex 89780.7109 31922.1309 64959.9727
   vertex 89923.2969 31970.3242 64817.2578
   vertex 89883.6016 32054.3145 65009.8711
  endloop
 endfacet
facet normal 0.704043269 -0.235679224 0.669909239
  outer loop
   vertex 90008.9375 32135.5742 64914.5469
   vertex 89988.2734 32048.4414 64905.6094
   vertex 90032.1484 32057.4688 64862.6719
  endloop
 endfacet
facet normal 0.138989314 -0.88078016 -0.452667952
  outer loop
   vertex 89788.6172 31831.5625 64678.3672
   vertex 89724.375 31788.3906 64742.6406
   vertex 89653.9453 31795.4004 64707.3789
  endloop
 endfacet
facet normal 0.270596057 -0.960920095 0.0583979562
  outer loop
   vertex 89788.6172 31831.5625 64678.3672
   vertex 89653.9453 31795.4004 64707.3789
   vertex 89723.0078 31809.4121 64617.9141
  endloop
 endfacet
facet normal 0.672432244 -0.714817524 0.192017674
  outer loop
   vertex 89788.6172 31831.5625 64678.3672
   vertex 89742.6484 31829.3164 64830.9883
   vertex 89724.375 31788.3906 64742.6406
  endloop
 endfacet
facet normal 0.460884839 -0.837573171 0.293353617
  outer loop
   vertex 89742.6484 31829.3164 64830.9883
   vertex 89651.6719 31788.9258 64858.5977
   vertex 89677.1016 31778.1602 64787.918
  endloop
 endfacet
facet normal 0.461421013 -0.837566257 0.292529404
  outer loop
   vertex 89724.375 31788.3906 64742.6406
   vertex 89742.6484 31829.3164 64830.9883
   vertex 89677.1016 31778.1602 64787.918
  endloop
 endfacet
facet normal -0.232757345 -0.964922309 -0.121445149
  outer loop
   vertex 89577.0625 31788.1055 64836.7656
   vertex 89477.9766 31802.6055 64911.4609
   vertex 89392.3594 31837.0156 64802.1367
  endloop
 endfacet
facet normal -0.163443565 0.164856628 -0.972681105
  outer loop
   vertex 89618.2578 32006.7207 64514.668
   vertex 89761.5234 32030.8516 64494.6836
   vertex 89694.6641 31936.5371 64489.9336
  endloop
 endfacet
facet normal -0.20591104 0.11817462 -0.971408963
  outer loop
   vertex 89640.6328 31921.6094 64499.5703
   vertex 89618.2578 32006.7207 64514.668
   vertex 89694.6641 31936.5371 64489.9336
  endloop
 endfacet
facet normal 0.613870621 -0.78832531 0.0413049869
  outer loop
   vertex 90032.1484 32057.4688 64862.6719
   vertex 89923.2969 31970.3242 64817.2578
   vertex 90043.2812 32063.2051 64806.668
  endloop
 endfacet
facet normal 0.00674857944 -0.00992622413 -0.999927938
  outer loop
   vertex 89761.5234 32030.8516 64494.6836
   vertex 89824.7812 31957.5098 64495.8359
   vertex 89767.4609 31908.0938 64495.9414
  endloop
 endfacet
facet normal -0.41435647 -0.734920084 -0.536843777
  outer loop
   vertex 89392.3594 31837.0156 64802.1367
   vertex 89378.6016 31957.0566 64648.4219
   vertex 89653.3281 31862.6914 64565.5625
  endloop
 endfacet
facet normal 0.421227753 -0.696133971 -0.581347287
  outer loop
   vertex 89392.3594 31837.0156 64802.1367
   vertex 89340.7812 31877.4824 64716.3086
   vertex 89378.6016 31957.0566 64648.4219
  endloop
 endfacet
facet normal -0.286217332 -0.866140127 -0.409732699
  outer loop
   vertex 89392.3594 31837.0156 64802.1367
   vertex 89653.3281 31862.6914 64565.5625
   vertex 89653.9453 31795.4004 64707.3789
  endloop
 endfacet
facet normal -0.347183824 -0.847841501 -0.400784463
  outer loop
   vertex 89723.0078 31809.4121 64617.9141
   vertex 89653.9453 31795.4004 64707.3789
   vertex 89653.3281 31862.6914 64565.5625
  endloop
 endfacet
facet normal -0.0544334389 -0.425080478 -0.903517365
  outer loop
   vertex 89618.2578 32006.7207 64514.668
   vertex 89710.4922 32070.4648 64479.1211
   vertex 89761.5234 32030.8516 64494.6836
  endloop
 endfacet
facet normal 0.685350418 -0.676694632 -0.26903376
  outer loop
   vertex 89878.0312 31920.1309 64616.2695
   vertex 89790.6406 31863.0625 64537.1875
   vertex 89840.8047 31919.8633 64522.0977
  endloop
 endfacet
facet normal -0.49791196 0.0759902671 -0.86389184
  outer loop
   vertex 89378.6016 31957.0566 64648.4219
   vertex 89618.2578 32006.7207 64514.668
   vertex 89576.4688 31925.334 64531.5898
  endloop
 endfacet
facet normal -0.411581069 -0.769670129 -0.488066524
  outer loop
   vertex 89653.3281 31862.6914 64565.5625
   vertex 89378.6016 31957.0566 64648.4219
   vertex 89576.4688 31925.334 64531.5898
  endloop
 endfacet
facet normal -0.503658533 -0.787941337 -0.354226649
  outer loop
   vertex 89710.4922 32070.4648 64479.1211
   vertex 89741.4141 32061.8027 64454.418
   vertex 89761.5234 32030.8516 64494.6836
  endloop
 endfacet
facet normal -0.444194347 0.041952312 -0.894947708
  outer loop
   vertex 89618.2578 32006.7207 64514.668
   vertex 89640.6328 31921.6094 64499.5703
   vertex 89576.4688 31925.334 64531.5898
  endloop
 endfacet
facet normal -0.337080479 -0.733595192 -0.590097308
  outer loop
   vertex 89576.4688 31925.334 64531.5898
   vertex 89640.6328 31921.6094 64499.5703
   vertex 89653.3281 31862.6914 64565.5625
  endloop
 endfacet
facet normal 0.0797877163 -0.00635895552 -0.996791601
  outer loop
   vertex 89761.5234 32030.8516 64494.6836
   vertex 89767.4609 31908.0938 64495.9414
   vertex 89694.6641 31936.5371 64489.9336
  endloop
 endfacet
facet normal 0.339568287 -0.803174078 -0.489494383
  outer loop
   vertex 89763.6797 31824.4531 64581.832
   vertex 89790.6406 31863.0625 64537.1875
   vertex 89817.0859 31842.8477 64588.7031
  endloop
 endfacet
facet normal -0.14172706 -0.704791188 -0.69511354
  outer loop
   vertex 89763.6797 31824.4531 64581.832
   vertex 89653.3281 31862.6914 64565.5625
   vertex 89790.6406 31863.0625 64537.1875
  endloop
 endfacet
facet normal -0.197008759 -0.806036651 -0.558115125
  outer loop
   vertex 89763.6797 31824.4531 64581.832
   vertex 89723.0078 31809.4121 64617.9141
   vertex 89653.3281 31862.6914 64565.5625
  endloop
 endfacet
facet normal -0.513811707 -0.0234101657 -0.857583523
  outer loop
   vertex 89746.3594 31861.5664 64509.8555
   vertex 89653.3281 31862.6914 64565.5625
   vertex 89767.4609 31908.0938 64495.9414
  endloop
 endfacet
facet normal -0.192162797 -0.647605121 -0.737347305
  outer loop
   vertex 89694.6641 31936.5371 64489.9336
   vertex 89767.4609 31908.0938 64495.9414
   vertex 89653.3281 31862.6914 64565.5625
  endloop
 endfacet
facet normal 0.0832508802 -0.735374331 -0.672528028
  outer loop
   vertex 89694.6641 31936.5371 64489.9336
   vertex 89653.3281 31862.6914 64565.5625
   vertex 89640.6328 31921.6094 64499.5703
  endloop
 endfacet
facet normal 0.32730782 -0.944798827 -0.0149910459
  outer loop
   vertex 89817.0859 31842.8477 64588.7031
   vertex 89788.6172 31831.5625 64678.3672
   vertex 89763.6797 31824.4531 64581.832
  endloop
 endfacet
facet normal 0.333676606 -0.942537844 -0.0168029573
  outer loop
   vertex 89723.0078 31809.4121 64617.9141
   vertex 89763.6797 31824.4531 64581.832
   vertex 89788.6172 31831.5625 64678.3672
  endloop
 endfacet
facet normal 0.481423974 -0.444251686 -0.755560338
  outer loop
   vertex 89746.3594 31861.5664 64509.8555
   vertex 89767.4609 31908.0938 64495.9414
   vertex 89790.6406 31863.0625 64537.1875
  endloop
 endfacet
facet normal 0.653830826 0.235986054 -0.718899012
  outer loop
   vertex 89895.8516 32135.9473 64612.8438
   vertex 90004.9141 32083.5371 64694.832
   vertex 89881.9609 32003.3457 64556.6875
  endloop
 endfacet
facet normal 0.789319992 -0.381635398 -0.480966061
  outer loop
   vertex 89878.0312 31920.1309 64616.2695
   vertex 89881.9609 32003.3457 64556.6875
   vertex 90004.9141 32083.5371 64694.832
  endloop
 endfacet
facet normal 0.74471873 -0.395558745 -0.537519574
  outer loop
   vertex 89790.6406 31863.0625 64537.1875
   vertex 89878.0312 31920.1309 64616.2695
   vertex 89817.0859 31842.8477 64588.7031
  endloop
 endfacet
facet normal 0.747734368 -0.645366967 0.156188443
  outer loop
   vertex 89788.6172 31831.5625 64678.3672
   vertex 89817.0859 31842.8477 64588.7031
   vertex 89878.0312 31920.1309 64616.2695
  endloop
 endfacet
facet normal 0.709321201 -0.704697847 0.0162595138
  outer loop
   vertex 89788.6172 31831.5625 64678.3672
   vertex 89878.0312 31920.1309 64616.2695
   vertex 89923.2969 31970.3242 64817.2578
  endloop
 endfacet
facet normal 0.359557241 -0.522851527 -0.772880912
  outer loop
   vertex 89840.8047 31919.8633 64522.0977
   vertex 89790.6406 31863.0625 64537.1875
   vertex 89767.4609 31908.0938 64495.9414
  endloop
 endfacet
facet normal 0.363843858 -0.42379564 -0.829466641
  outer loop
   vertex 89824.7812 31957.5098 64495.8359
   vertex 89840.8047 31919.8633 64522.0977
   vertex 89767.4609 31908.0938 64495.9414
  endloop
 endfacet
facet normal 0.489741564 0.410323471 -0.769277513
  outer loop
   vertex 89824.7812 31957.5098 64495.8359
   vertex 89761.5234 32030.8516 64494.6836
   vertex 89881.9609 32003.3457 64556.6875
  endloop
 endfacet
facet normal 0.889387727 -0.29315266 -0.350786299
  outer loop
   vertex 89840.8047 31919.8633 64522.0977
   vertex 89881.9609 32003.3457 64556.6875
   vertex 89878.0312 31920.1309 64616.2695
  endloop
 endfacet
facet normal 0.765800714 -0.115449645 -0.632629991
  outer loop
   vertex 89840.8047 31919.8633 64522.0977
   vertex 89824.7812 31957.5098 64495.8359
   vertex 89881.9609 32003.3457 64556.6875
  endloop
 endfacet
facet normal 0.489777803 0.296010435 -0.820058227
  outer loop
   vertex 89761.5234 32030.8516 64494.6836
   vertex 89895.8516 32135.9473 64612.8438
   vertex 89881.9609 32003.3457 64556.6875
  endloop
 endfacet
endsolid MATLAB_1
